iso_code,year,iso_week,week_start,week_end,sCh,deaths,source,confidence_weight,disaggregation_method
GNQ,1980,1,1979-12-31,1980-01-06,0.0,0.0,AI,0.8,zero_fill
GNQ,1980,2,1980-01-07,1980-01-13,0.0,0.0,AI,0.8,zero_fill
GNQ,1980,3,1980-01-14,1980-01-20,0.0,0.0,AI,0.8,zero_fill
GNQ,1980,4,1980-01-21,1980-01-27,0.0,0.0,AI,0.8,zero_fill
GNQ,1980,5,1980-01-28,1980-02-03,0.0,0.0,AI,0.8,zero_fill
GNQ,1980,6,1980-02-04,1980-02-10,0.0,0.0,AI,0.8,zero_fill
GNQ,1980,7,1980-02-11,1980-02-17,0.0,0.0,AI,0.8,zero_fill
GNQ,1980,8,1980-02-18,1980-02-24,0.0,0.0,AI,0.8,zero_fill
GNQ,1980,9,1980-02-25,1980-03-02,0.0,0.0,AI,0.8,zero_fill
GNQ,1980,10,1980-03-03,1980-03-09,0.0,0.0,AI,0.8,zero_fill
GNQ,1980,11,1980-03-10,1980-03-16,0.0,0.0,AI,0.8,zero_fill
GNQ,1980,12,1980-03-17,1980-03-23,0.0,0.0,AI,0.8,zero_fill
GNQ,1980,13,1980-03-24,1980-03-30,0.0,0.0,AI,0.8,zero_fill
GNQ,1980,14,1980-03-31,1980-04-06,0.0,0.0,AI,0.8,zero_fill
GNQ,1980,15,1980-04-07,1980-04-13,0.0,0.0,AI,0.8,zero_fill
GNQ,1980,16,1980-04-14,1980-04-20,0.0,0.0,AI,0.8,zero_fill
GNQ,1980,17,1980-04-21,1980-04-27,0.0,0.0,AI,0.8,zero_fill
GNQ,1980,18,1980-04-28,1980-05-04,0.0,0.0,AI,0.8,zero_fill
GNQ,1980,19,1980-05-05,1980-05-11,0.0,0.0,AI,0.8,zero_fill
GNQ,1980,20,1980-05-12,1980-05-18,0.0,0.0,AI,0.8,zero_fill
GNQ,1980,21,1980-05-19,1980-05-25,0.0,0.0,AI,0.8,zero_fill
GNQ,1980,22,1980-05-26,1980-06-01,0.0,0.0,AI,0.8,zero_fill
GNQ,1980,23,1980-06-02,1980-06-08,0.0,0.0,AI,0.8,zero_fill
GNQ,1980,24,1980-06-09,1980-06-15,0.0,0.0,AI,0.8,zero_fill
GNQ,1980,25,1980-06-16,1980-06-22,0.0,0.0,AI,0.8,zero_fill
GNQ,1980,26,1980-06-23,1980-06-29,0.0,0.0,AI,0.8,zero_fill
GNQ,1980,27,1980-06-30,1980-07-06,0.0,0.0,AI,0.8,zero_fill
GNQ,1980,28,1980-07-07,1980-07-13,0.0,0.0,AI,0.8,zero_fill
GNQ,1980,29,1980-07-14,1980-07-20,0.0,0.0,AI,0.8,zero_fill
GNQ,1980,30,1980-07-21,1980-07-27,0.0,0.0,AI,0.8,zero_fill
GNQ,1980,31,1980-07-28,1980-08-03,0.0,0.0,AI,0.8,zero_fill
GNQ,1980,32,1980-08-04,1980-08-10,0.0,0.0,AI,0.8,zero_fill
GNQ,1980,33,1980-08-11,1980-08-17,0.0,0.0,AI,0.8,zero_fill
GNQ,1980,34,1980-08-18,1980-08-24,0.0,0.0,AI,0.8,zero_fill
GNQ,1980,35,1980-08-25,1980-08-31,0.0,0.0,AI,0.8,zero_fill
GNQ,1980,36,1980-09-01,1980-09-07,0.0,0.0,AI,0.8,zero_fill
GNQ,1980,37,1980-09-08,1980-09-14,0.0,0.0,AI,0.8,zero_fill
GNQ,1980,38,1980-09-15,1980-09-21,0.0,0.0,AI,0.8,zero_fill
GNQ,1980,39,1980-09-22,1980-09-28,0.0,0.0,AI,0.8,zero_fill
GNQ,1980,40,1980-09-29,1980-10-05,0.0,0.0,AI,0.8,zero_fill
GNQ,1980,41,1980-10-06,1980-10-12,0.0,0.0,AI,0.8,zero_fill
GNQ,1980,42,1980-10-13,1980-10-19,0.0,0.0,AI,0.8,zero_fill
GNQ,1980,43,1980-10-20,1980-10-26,0.0,0.0,AI,0.8,zero_fill
GNQ,1980,44,1980-10-27,1980-11-02,0.0,0.0,AI,0.8,zero_fill
GNQ,1980,45,1980-11-03,1980-11-09,0.0,0.0,AI,0.8,zero_fill
GNQ,1980,46,1980-11-10,1980-11-16,0.0,0.0,AI,0.8,zero_fill
GNQ,1980,47,1980-11-17,1980-11-23,0.0,0.0,AI,0.8,zero_fill
GNQ,1980,48,1980-11-24,1980-11-30,0.0,0.0,AI,0.8,zero_fill
GNQ,1980,49,1980-12-01,1980-12-07,0.0,0.0,AI,0.8,zero_fill
GNQ,1980,50,1980-12-08,1980-12-14,0.0,0.0,AI,0.8,zero_fill
GNQ,1980,51,1980-12-15,1980-12-21,0.0,0.0,AI,0.8,zero_fill
GNQ,1980,52,1980-12-22,1980-12-28,0.0,0.0,AI,0.8,zero_fill
GNQ,1981,1,1980-12-29,1981-01-04,0.0,0.0,AI,0.8,zero_fill
GNQ,1981,2,1981-01-05,1981-01-11,0.0,0.0,AI,0.8,zero_fill
GNQ,1981,3,1981-01-12,1981-01-18,0.0,0.0,AI,0.8,zero_fill
GNQ,1981,4,1981-01-19,1981-01-25,0.0,0.0,AI,0.8,zero_fill
GNQ,1981,5,1981-01-26,1981-02-01,0.0,0.0,AI,0.8,zero_fill
GNQ,1981,6,1981-02-02,1981-02-08,0.0,0.0,AI,0.8,zero_fill
GNQ,1981,7,1981-02-09,1981-02-15,0.0,0.0,AI,0.8,zero_fill
GNQ,1981,8,1981-02-16,1981-02-22,0.0,0.0,AI,0.8,zero_fill
GNQ,1981,9,1981-02-23,1981-03-01,0.0,0.0,AI,0.8,zero_fill
GNQ,1981,10,1981-03-02,1981-03-08,0.0,0.0,AI,0.8,zero_fill
GNQ,1981,11,1981-03-09,1981-03-15,0.0,0.0,AI,0.8,zero_fill
GNQ,1981,12,1981-03-16,1981-03-22,0.0,0.0,AI,0.8,zero_fill
GNQ,1981,13,1981-03-23,1981-03-29,0.0,0.0,AI,0.8,zero_fill
GNQ,1981,14,1981-03-30,1981-04-05,0.0,0.0,AI,0.8,zero_fill
GNQ,1981,15,1981-04-06,1981-04-12,0.0,0.0,AI,0.8,zero_fill
GNQ,1981,16,1981-04-13,1981-04-19,0.0,0.0,AI,0.8,zero_fill
GNQ,1981,17,1981-04-20,1981-04-26,0.0,0.0,AI,0.8,zero_fill
GNQ,1981,18,1981-04-27,1981-05-03,0.0,0.0,AI,0.8,zero_fill
GNQ,1981,19,1981-05-04,1981-05-10,0.0,0.0,AI,0.8,zero_fill
GNQ,1981,20,1981-05-11,1981-05-17,0.0,0.0,AI,0.8,zero_fill
GNQ,1981,21,1981-05-18,1981-05-24,0.0,0.0,AI,0.8,zero_fill
GNQ,1981,22,1981-05-25,1981-05-31,0.0,0.0,AI,0.8,zero_fill
GNQ,1981,23,1981-06-01,1981-06-07,0.0,0.0,AI,0.8,zero_fill
GNQ,1981,24,1981-06-08,1981-06-14,0.0,0.0,AI,0.8,zero_fill
GNQ,1981,25,1981-06-15,1981-06-21,0.0,0.0,AI,0.8,zero_fill
GNQ,1981,26,1981-06-22,1981-06-28,0.0,0.0,AI,0.8,zero_fill
GNQ,1981,27,1981-06-29,1981-07-05,0.0,0.0,AI,0.8,zero_fill
GNQ,1981,28,1981-07-06,1981-07-12,0.0,0.0,AI,0.8,zero_fill
GNQ,1981,29,1981-07-13,1981-07-19,0.0,0.0,AI,0.8,zero_fill
GNQ,1981,30,1981-07-20,1981-07-26,0.0,0.0,AI,0.8,zero_fill
GNQ,1981,31,1981-07-27,1981-08-02,0.0,0.0,AI,0.8,zero_fill
GNQ,1981,32,1981-08-03,1981-08-09,0.0,0.0,AI,0.8,zero_fill
GNQ,1981,33,1981-08-10,1981-08-16,0.0,0.0,AI,0.8,zero_fill
GNQ,1981,34,1981-08-17,1981-08-23,0.0,0.0,AI,0.8,zero_fill
GNQ,1981,35,1981-08-24,1981-08-30,0.0,0.0,AI,0.8,zero_fill
GNQ,1981,36,1981-08-31,1981-09-06,0.0,0.0,AI,0.8,zero_fill
GNQ,1981,37,1981-09-07,1981-09-13,0.0,0.0,AI,0.8,zero_fill
GNQ,1981,38,1981-09-14,1981-09-20,0.0,0.0,AI,0.8,zero_fill
GNQ,1981,39,1981-09-21,1981-09-27,0.0,0.0,AI,0.8,zero_fill
GNQ,1981,40,1981-09-28,1981-10-04,0.0,0.0,AI,0.8,zero_fill
GNQ,1981,41,1981-10-05,1981-10-11,0.0,0.0,AI,0.8,zero_fill
GNQ,1981,42,1981-10-12,1981-10-18,0.0,0.0,AI,0.8,zero_fill
GNQ,1981,43,1981-10-19,1981-10-25,0.0,0.0,AI,0.8,zero_fill
GNQ,1981,44,1981-10-26,1981-11-01,0.0,0.0,AI,0.8,zero_fill
GNQ,1981,45,1981-11-02,1981-11-08,0.0,0.0,AI,0.8,zero_fill
GNQ,1981,46,1981-11-09,1981-11-15,0.0,0.0,AI,0.8,zero_fill
GNQ,1981,47,1981-11-16,1981-11-22,0.0,0.0,AI,0.8,zero_fill
GNQ,1981,48,1981-11-23,1981-11-29,0.0,0.0,AI,0.8,zero_fill
GNQ,1981,49,1981-11-30,1981-12-06,0.0,0.0,AI,0.8,zero_fill
GNQ,1981,50,1981-12-07,1981-12-13,0.0,0.0,AI,0.8,zero_fill
GNQ,1981,51,1981-12-14,1981-12-20,0.0,0.0,AI,0.8,zero_fill
GNQ,1981,52,1981-12-21,1981-12-27,0.0,0.0,AI,0.8,zero_fill
GNQ,1981,53,1981-12-28,1982-01-03,0.0,0.0,AI,0.8,zero_fill
GNQ,1982,1,1982-01-04,1982-01-10,0.0,0.0,AI,0.8,zero_fill
GNQ,1982,2,1982-01-11,1982-01-17,0.0,0.0,AI,0.8,zero_fill
GNQ,1982,3,1982-01-18,1982-01-24,0.0,0.0,AI,0.8,zero_fill
GNQ,1982,4,1982-01-25,1982-01-31,0.0,0.0,AI,0.8,zero_fill
GNQ,1982,5,1982-02-01,1982-02-07,0.0,0.0,AI,0.8,zero_fill
GNQ,1982,6,1982-02-08,1982-02-14,0.0,0.0,AI,0.8,zero_fill
GNQ,1982,7,1982-02-15,1982-02-21,0.0,0.0,AI,0.8,zero_fill
GNQ,1982,8,1982-02-22,1982-02-28,0.0,0.0,AI,0.8,zero_fill
GNQ,1982,9,1982-03-01,1982-03-07,0.0,0.0,AI,0.8,zero_fill
GNQ,1982,10,1982-03-08,1982-03-14,0.0,0.0,AI,0.8,zero_fill
GNQ,1982,11,1982-03-15,1982-03-21,0.0,0.0,AI,0.8,zero_fill
GNQ,1982,12,1982-03-22,1982-03-28,0.0,0.0,AI,0.8,zero_fill
GNQ,1982,13,1982-03-29,1982-04-04,0.0,0.0,AI,0.8,zero_fill
GNQ,1982,14,1982-04-05,1982-04-11,0.0,0.0,AI,0.8,zero_fill
GNQ,1982,15,1982-04-12,1982-04-18,0.0,0.0,AI,0.8,zero_fill
GNQ,1982,16,1982-04-19,1982-04-25,0.0,0.0,AI,0.8,zero_fill
GNQ,1982,17,1982-04-26,1982-05-02,0.0,0.0,AI,0.8,zero_fill
GNQ,1982,18,1982-05-03,1982-05-09,0.0,0.0,AI,0.8,zero_fill
GNQ,1982,19,1982-05-10,1982-05-16,0.0,0.0,AI,0.8,zero_fill
GNQ,1982,20,1982-05-17,1982-05-23,0.0,0.0,AI,0.8,zero_fill
GNQ,1982,21,1982-05-24,1982-05-30,0.0,0.0,AI,0.8,zero_fill
GNQ,1982,22,1982-05-31,1982-06-06,0.0,0.0,AI,0.8,zero_fill
GNQ,1982,23,1982-06-07,1982-06-13,0.0,0.0,AI,0.8,zero_fill
GNQ,1982,24,1982-06-14,1982-06-20,0.0,0.0,AI,0.8,zero_fill
GNQ,1982,25,1982-06-21,1982-06-27,0.0,0.0,AI,0.8,zero_fill
GNQ,1982,26,1982-06-28,1982-07-04,0.0,0.0,AI,0.8,zero_fill
GNQ,1982,27,1982-07-05,1982-07-11,0.0,0.0,AI,0.8,zero_fill
GNQ,1982,28,1982-07-12,1982-07-18,0.0,0.0,AI,0.8,zero_fill
GNQ,1982,29,1982-07-19,1982-07-25,0.0,0.0,AI,0.8,zero_fill
GNQ,1982,30,1982-07-26,1982-08-01,0.0,0.0,AI,0.8,zero_fill
GNQ,1982,31,1982-08-02,1982-08-08,0.0,0.0,AI,0.8,zero_fill
GNQ,1982,32,1982-08-09,1982-08-15,0.0,0.0,AI,0.8,zero_fill
GNQ,1982,33,1982-08-16,1982-08-22,0.0,0.0,AI,0.8,zero_fill
GNQ,1982,34,1982-08-23,1982-08-29,0.0,0.0,AI,0.8,zero_fill
GNQ,1982,35,1982-08-30,1982-09-05,0.0,0.0,AI,0.8,zero_fill
GNQ,1982,36,1982-09-06,1982-09-12,0.0,0.0,AI,0.8,zero_fill
GNQ,1982,37,1982-09-13,1982-09-19,0.0,0.0,AI,0.8,zero_fill
GNQ,1982,38,1982-09-20,1982-09-26,0.0,0.0,AI,0.8,zero_fill
GNQ,1982,39,1982-09-27,1982-10-03,0.0,0.0,AI,0.8,zero_fill
GNQ,1982,40,1982-10-04,1982-10-10,0.0,0.0,AI,0.8,zero_fill
GNQ,1982,41,1982-10-11,1982-10-17,0.0,0.0,AI,0.8,zero_fill
GNQ,1982,42,1982-10-18,1982-10-24,0.0,0.0,AI,0.8,zero_fill
GNQ,1982,43,1982-10-25,1982-10-31,0.0,0.0,AI,0.8,zero_fill
GNQ,1982,44,1982-11-01,1982-11-07,0.0,0.0,AI,0.8,zero_fill
GNQ,1982,45,1982-11-08,1982-11-14,0.0,0.0,AI,0.8,zero_fill
GNQ,1982,46,1982-11-15,1982-11-21,0.0,0.0,AI,0.8,zero_fill
GNQ,1982,47,1982-11-22,1982-11-28,0.0,0.0,AI,0.8,zero_fill
GNQ,1982,48,1982-11-29,1982-12-05,0.0,0.0,AI,0.8,zero_fill
GNQ,1982,49,1982-12-06,1982-12-12,0.0,0.0,AI,0.8,zero_fill
GNQ,1982,50,1982-12-13,1982-12-19,0.0,0.0,AI,0.8,zero_fill
GNQ,1982,51,1982-12-20,1982-12-26,0.0,0.0,AI,0.8,zero_fill
GNQ,1982,52,1982-12-27,1983-01-02,0.0,0.0,AI,0.8,zero_fill
GNQ,1983,1,1983-01-03,1983-01-09,0.0,0.0,AI,0.8,zero_fill
GNQ,1983,2,1983-01-10,1983-01-16,0.0,0.0,AI,0.8,zero_fill
GNQ,1983,3,1983-01-17,1983-01-23,0.0,0.0,AI,0.8,zero_fill
GNQ,1983,4,1983-01-24,1983-01-30,0.0,0.0,AI,0.8,zero_fill
GNQ,1983,5,1983-01-31,1983-02-06,0.0,0.0,AI,0.8,zero_fill
GNQ,1983,6,1983-02-07,1983-02-13,0.0,0.0,AI,0.8,zero_fill
GNQ,1983,7,1983-02-14,1983-02-20,0.0,0.0,AI,0.8,zero_fill
GNQ,1983,8,1983-02-21,1983-02-27,0.0,0.0,AI,0.8,zero_fill
GNQ,1983,9,1983-02-28,1983-03-06,0.0,0.0,AI,0.8,zero_fill
GNQ,1983,10,1983-03-07,1983-03-13,0.0,0.0,AI,0.8,zero_fill
GNQ,1983,11,1983-03-14,1983-03-20,0.0,0.0,AI,0.8,zero_fill
GNQ,1983,12,1983-03-21,1983-03-27,0.0,0.0,AI,0.8,zero_fill
GNQ,1983,13,1983-03-28,1983-04-03,0.0,0.0,AI,0.8,zero_fill
GNQ,1983,14,1983-04-04,1983-04-10,0.0,0.0,AI,0.8,zero_fill
GNQ,1983,15,1983-04-11,1983-04-17,0.0,0.0,AI,0.8,zero_fill
GNQ,1983,16,1983-04-18,1983-04-24,0.0,0.0,AI,0.8,zero_fill
GNQ,1983,17,1983-04-25,1983-05-01,0.0,0.0,AI,0.8,zero_fill
GNQ,1983,18,1983-05-02,1983-05-08,0.0,0.0,AI,0.8,zero_fill
GNQ,1983,19,1983-05-09,1983-05-15,0.0,0.0,AI,0.8,zero_fill
GNQ,1983,20,1983-05-16,1983-05-22,0.0,0.0,AI,0.8,zero_fill
GNQ,1983,21,1983-05-23,1983-05-29,0.0,0.0,AI,0.8,zero_fill
GNQ,1983,22,1983-05-30,1983-06-05,0.0,0.0,AI,0.8,zero_fill
GNQ,1983,23,1983-06-06,1983-06-12,0.0,0.0,AI,0.8,zero_fill
GNQ,1983,24,1983-06-13,1983-06-19,0.0,0.0,AI,0.8,zero_fill
GNQ,1983,25,1983-06-20,1983-06-26,0.0,0.0,AI,0.8,zero_fill
GNQ,1983,26,1983-06-27,1983-07-03,0.0,0.0,AI,0.8,zero_fill
GNQ,1983,27,1983-07-04,1983-07-10,0.0,0.0,AI,0.8,zero_fill
GNQ,1983,28,1983-07-11,1983-07-17,0.0,0.0,AI,0.8,zero_fill
GNQ,1983,29,1983-07-18,1983-07-24,0.0,0.0,AI,0.8,zero_fill
GNQ,1983,30,1983-07-25,1983-07-31,0.0,0.0,AI,0.8,zero_fill
GNQ,1983,31,1983-08-01,1983-08-07,0.0,0.0,AI,0.8,zero_fill
GNQ,1983,32,1983-08-08,1983-08-14,0.0,0.0,AI,0.8,zero_fill
GNQ,1983,33,1983-08-15,1983-08-21,0.0,0.0,AI,0.8,zero_fill
GNQ,1983,34,1983-08-22,1983-08-28,0.0,0.0,AI,0.8,zero_fill
GNQ,1983,35,1983-08-29,1983-09-04,0.0,0.0,AI,0.8,zero_fill
GNQ,1983,36,1983-09-05,1983-09-11,0.0,0.0,AI,0.8,zero_fill
GNQ,1983,37,1983-09-12,1983-09-18,0.0,0.0,AI,0.8,zero_fill
GNQ,1983,38,1983-09-19,1983-09-25,0.0,0.0,AI,0.8,zero_fill
GNQ,1983,39,1983-09-26,1983-10-02,0.0,0.0,AI,0.8,zero_fill
GNQ,1983,40,1983-10-03,1983-10-09,0.0,0.0,AI,0.8,zero_fill
GNQ,1983,41,1983-10-10,1983-10-16,0.0,0.0,AI,0.8,zero_fill
GNQ,1983,42,1983-10-17,1983-10-23,0.0,0.0,AI,0.8,zero_fill
GNQ,1983,43,1983-10-24,1983-10-30,0.0,0.0,AI,0.8,zero_fill
GNQ,1983,44,1983-10-31,1983-11-06,0.0,0.0,AI,0.8,zero_fill
GNQ,1983,45,1983-11-07,1983-11-13,0.0,0.0,AI,0.8,zero_fill
GNQ,1983,46,1983-11-14,1983-11-20,0.0,0.0,AI,0.8,zero_fill
GNQ,1983,47,1983-11-21,1983-11-27,0.0,0.0,AI,0.8,zero_fill
GNQ,1983,48,1983-11-28,1983-12-04,0.0,0.0,AI,0.8,zero_fill
GNQ,1983,49,1983-12-05,1983-12-11,0.0,0.0,AI,0.8,zero_fill
GNQ,1983,50,1983-12-12,1983-12-18,0.0,0.0,AI,0.8,zero_fill
GNQ,1983,51,1983-12-19,1983-12-25,0.0,0.0,AI,0.8,zero_fill
GNQ,1983,52,1983-12-26,1984-01-01,7.1932,0.552,JHU,0.7,fourier_regional_Central Africa_k2
GNQ,1984,1,1984-01-02,1984-01-08,7.3997,0.5678,JHU,0.7,fourier_regional_Central Africa_k2
GNQ,1984,2,1984-01-09,1984-01-15,7.6313,0.5856,JHU,0.7,fourier_regional_Central Africa_k2
GNQ,1984,3,1984-01-16,1984-01-22,7.8751,0.6043,JHU,0.7,fourier_regional_Central Africa_k2
GNQ,1984,4,1984-01-23,1984-01-29,8.1175,0.6229,JHU,0.7,fourier_regional_Central Africa_k2
GNQ,1984,5,1984-01-30,1984-02-05,8.3445,0.6403,JHU,0.7,fourier_regional_Central Africa_k2
GNQ,1984,6,1984-02-06,1984-02-12,8.5427,0.6555,JHU,0.7,fourier_regional_Central Africa_k2
GNQ,1984,7,1984-02-13,1984-02-19,8.7001,0.6676,JHU,0.7,fourier_regional_Central Africa_k2
GNQ,1984,8,1984-02-20,1984-02-26,8.8068,0.6758,JHU,0.7,fourier_regional_Central Africa_k2
GNQ,1984,9,1984-02-27,1984-03-04,8.8556,0.6795,JHU,0.7,fourier_regional_Central Africa_k2
GNQ,1984,10,1984-03-05,1984-03-11,8.8422,0.6785,JHU,0.7,fourier_regional_Central Africa_k2
GNQ,1984,11,1984-03-12,1984-03-18,8.7658,0.6726,JHU,0.7,fourier_regional_Central Africa_k2
GNQ,1984,12,1984-03-19,1984-03-25,8.629,0.6621,JHU,0.7,fourier_regional_Central Africa_k2
GNQ,1984,13,1984-03-26,1984-04-01,8.4378,0.6475,JHU,0.7,fourier_regional_Central Africa_k2
GNQ,1984,14,1984-04-02,1984-04-08,8.2011,0.6293,JHU,0.7,fourier_regional_Central Africa_k2
GNQ,1984,15,1984-04-09,1984-04-15,7.9303,0.6085,JHU,0.7,fourier_regional_Central Africa_k2
GNQ,1984,16,1984-04-16,1984-04-22,7.6386,0.5861,JHU,0.7,fourier_regional_Central Africa_k2
GNQ,1984,17,1984-04-23,1984-04-29,7.3406,0.5633,JHU,0.7,fourier_regional_Central Africa_k2
GNQ,1984,18,1984-04-30,1984-05-06,7.051,0.541,JHU,0.7,fourier_regional_Central Africa_k2
GNQ,1984,19,1984-05-07,1984-05-13,6.784,0.5206,JHU,0.7,fourier_regional_Central Africa_k2
GNQ,1984,20,1984-05-14,1984-05-20,6.5527,0.5028,JHU,0.7,fourier_regional_Central Africa_k2
GNQ,1984,21,1984-05-21,1984-05-27,6.3681,0.4886,JHU,0.7,fourier_regional_Central Africa_k2
GNQ,1984,22,1984-05-28,1984-06-03,6.2387,0.4787,JHU,0.7,fourier_regional_Central Africa_k2
GNQ,1984,23,1984-06-04,1984-06-10,6.1696,0.4734,JHU,0.7,fourier_regional_Central Africa_k2
GNQ,1984,24,1984-06-11,1984-06-17,6.1631,0.4729,JHU,0.7,fourier_regional_Central Africa_k2
GNQ,1984,25,1984-06-18,1984-06-24,6.2176,0.4771,JHU,0.7,fourier_regional_Central Africa_k2
GNQ,1984,26,1984-06-25,1984-07-01,6.3285,0.4856,JHU,0.7,fourier_regional_Central Africa_k2
GNQ,1984,27,1984-07-02,1984-07-08,6.4879,0.4978,JHU,0.7,fourier_regional_Central Africa_k2
GNQ,1984,28,1984-07-09,1984-07-15,6.6857,0.513,JHU,0.7,fourier_regional_Central Africa_k2
GNQ,1984,29,1984-07-16,1984-07-22,6.9095,0.5302,JHU,0.7,fourier_regional_Central Africa_k2
GNQ,1984,30,1984-07-23,1984-07-29,7.146,0.5483,JHU,0.7,fourier_regional_Central Africa_k2
GNQ,1984,31,1984-07-30,1984-08-05,7.3812,0.5664,JHU,0.7,fourier_regional_Central Africa_k2
GNQ,1984,32,1984-08-06,1984-08-12,7.6018,0.5833,JHU,0.7,fourier_regional_Central Africa_k2
GNQ,1984,33,1984-08-13,1984-08-19,7.7952,0.5981,JHU,0.7,fourier_regional_Central Africa_k2
GNQ,1984,34,1984-08-20,1984-08-26,7.9512,0.6101,JHU,0.7,fourier_regional_Central Africa_k2
GNQ,1984,35,1984-08-27,1984-09-02,8.0616,0.6186,JHU,0.7,fourier_regional_Central Africa_k2
GNQ,1984,36,1984-09-03,1984-09-09,8.1214,0.6232,JHU,0.7,fourier_regional_Central Africa_k2
GNQ,1984,37,1984-09-10,1984-09-16,8.1288,0.6237,JHU,0.7,fourier_regional_Central Africa_k2
GNQ,1984,38,1984-09-17,1984-09-23,8.0851,0.6204,JHU,0.7,fourier_regional_Central Africa_k2
GNQ,1984,39,1984-09-24,1984-09-30,7.9949,0.6135,JHU,0.7,fourier_regional_Central Africa_k2
GNQ,1984,40,1984-10-01,1984-10-07,7.8657,0.6036,JHU,0.7,fourier_regional_Central Africa_k2
GNQ,1984,41,1984-10-08,1984-10-14,7.7072,0.5914,JHU,0.7,fourier_regional_Central Africa_k2
GNQ,1984,42,1984-10-15,1984-10-21,7.5312,0.5779,JHU,0.7,fourier_regional_Central Africa_k2
GNQ,1984,43,1984-10-22,1984-10-28,7.3503,0.564,JHU,0.7,fourier_regional_Central Africa_k2
GNQ,1984,44,1984-10-29,1984-11-04,7.1777,0.5508,JHU,0.7,fourier_regional_Central Africa_k2
GNQ,1984,45,1984-11-05,1984-11-11,7.0259,0.5391,JHU,0.7,fourier_regional_Central Africa_k2
GNQ,1984,46,1984-11-12,1984-11-18,6.9063,0.5299,JHU,0.7,fourier_regional_Central Africa_k2
GNQ,1984,47,1984-11-19,1984-11-25,6.8282,0.5239,JHU,0.7,fourier_regional_Central Africa_k2
GNQ,1984,48,1984-11-26,1984-12-02,6.7985,0.5217,JHU,0.7,fourier_regional_Central Africa_k2
GNQ,1984,49,1984-12-03,1984-12-09,6.8211,0.5234,JHU,0.7,fourier_regional_Central Africa_k2
GNQ,1984,50,1984-12-10,1984-12-16,6.8967,0.5292,JHU,0.7,fourier_regional_Central Africa_k2
GNQ,1984,51,1984-12-17,1984-12-23,7.0226,0.5389,JHU,0.7,fourier_regional_Central Africa_k2
GNQ,1984,52,1984-12-24,1984-12-30,7.1932,0.552,JHU,0.7,fourier_regional_Central Africa_k2
GNQ,1985,1,1984-12-31,1985-01-06,7.3997,0.5678,JHU,0.7,fourier_regional_Central Africa_k2
GNQ,1985,2,1985-01-07,1985-01-13,2.077,0.0192,JHU,0.7,fourier_regional_Central Africa_k2
GNQ,1985,3,1985-01-14,1985-01-20,2.1434,0.0198,JHU,0.7,fourier_regional_Central Africa_k2
GNQ,1985,4,1985-01-21,1985-01-27,2.2094,0.0205,JHU,0.7,fourier_regional_Central Africa_k2
GNQ,1985,5,1985-01-28,1985-02-03,2.2711,0.021,JHU,0.7,fourier_regional_Central Africa_k2
GNQ,1985,6,1985-02-04,1985-02-10,2.3251,0.0215,JHU,0.7,fourier_regional_Central Africa_k2
GNQ,1985,7,1985-02-11,1985-02-17,2.3679,0.0219,JHU,0.7,fourier_regional_Central Africa_k2
GNQ,1985,8,1985-02-18,1985-02-24,2.397,0.0222,JHU,0.7,fourier_regional_Central Africa_k2
GNQ,1985,9,1985-02-25,1985-03-03,2.4102,0.0223,JHU,0.7,fourier_regional_Central Africa_k2
GNQ,1985,10,1985-03-04,1985-03-10,2.4066,0.0223,JHU,0.7,fourier_regional_Central Africa_k2
GNQ,1985,11,1985-03-11,1985-03-17,2.3858,0.0221,JHU,0.7,fourier_regional_Central Africa_k2
GNQ,1985,12,1985-03-18,1985-03-24,2.3486,0.0217,JHU,0.7,fourier_regional_Central Africa_k2
GNQ,1985,13,1985-03-25,1985-03-31,2.2965,0.0213,JHU,0.7,fourier_regional_Central Africa_k2
GNQ,1985,14,1985-04-01,1985-04-07,2.2321,0.0207,JHU,0.7,fourier_regional_Central Africa_k2
GNQ,1985,15,1985-04-08,1985-04-14,2.1584,0.02,JHU,0.7,fourier_regional_Central Africa_k2
GNQ,1985,16,1985-04-15,1985-04-21,2.079,0.0193,JHU,0.7,fourier_regional_Central Africa_k2
GNQ,1985,17,1985-04-22,1985-04-28,1.9979,0.0185,JHU,0.7,fourier_regional_Central Africa_k2
GNQ,1985,18,1985-04-29,1985-05-05,1.9191,0.0178,JHU,0.7,fourier_regional_Central Africa_k2
GNQ,1985,19,1985-05-06,1985-05-12,1.8464,0.0171,JHU,0.7,fourier_regional_Central Africa_k2
GNQ,1985,20,1985-05-13,1985-05-19,1.7835,0.0165,JHU,0.7,fourier_regional_Central Africa_k2
GNQ,1985,21,1985-05-20,1985-05-26,1.7332,0.016,JHU,0.7,fourier_regional_Central Africa_k2
GNQ,1985,22,1985-05-27,1985-06-02,1.698,0.0157,JHU,0.7,fourier_regional_Central Africa_k2
GNQ,1985,23,1985-06-03,1985-06-09,1.6792,0.0155,JHU,0.7,fourier_regional_Central Africa_k2
GNQ,1985,24,1985-06-10,1985-06-16,1.6774,0.0155,JHU,0.7,fourier_regional_Central Africa_k2
GNQ,1985,25,1985-06-17,1985-06-23,1.6923,0.0157,JHU,0.7,fourier_regional_Central Africa_k2
GNQ,1985,26,1985-06-24,1985-06-30,1.7224,0.0159,JHU,0.7,fourier_regional_Central Africa_k2
GNQ,1985,27,1985-07-01,1985-07-07,1.7658,0.0164,JHU,0.7,fourier_regional_Central Africa_k2
GNQ,1985,28,1985-07-08,1985-07-14,1.8197,0.0168,JHU,0.7,fourier_regional_Central Africa_k2
GNQ,1985,29,1985-07-15,1985-07-21,1.8806,0.0174,JHU,0.7,fourier_regional_Central Africa_k2
GNQ,1985,30,1985-07-22,1985-07-28,1.9449,0.018,JHU,0.7,fourier_regional_Central Africa_k2
GNQ,1985,31,1985-07-29,1985-08-04,2.009,0.0186,JHU,0.7,fourier_regional_Central Africa_k2
GNQ,1985,32,1985-08-05,1985-08-11,2.069,0.0192,JHU,0.7,fourier_regional_Central Africa_k2
GNQ,1985,33,1985-08-12,1985-08-18,2.1216,0.0196,JHU,0.7,fourier_regional_Central Africa_k2
GNQ,1985,34,1985-08-19,1985-08-25,2.1641,0.02,JHU,0.7,fourier_regional_Central Africa_k2
GNQ,1985,35,1985-08-26,1985-09-01,2.1941,0.0203,JHU,0.7,fourier_regional_Central Africa_k2
GNQ,1985,36,1985-09-02,1985-09-08,2.2104,0.0205,JHU,0.7,fourier_regional_Central Africa_k2
GNQ,1985,37,1985-09-09,1985-09-15,2.2124,0.0205,JHU,0.7,fourier_regional_Central Africa_k2
GNQ,1985,38,1985-09-16,1985-09-22,2.2006,0.0204,JHU,0.7,fourier_regional_Central Africa_k2
GNQ,1985,39,1985-09-23,1985-09-29,2.176,0.0201,JHU,0.7,fourier_regional_Central Africa_k2
GNQ,1985,40,1985-09-30,1985-10-06,2.1408,0.0198,JHU,0.7,fourier_regional_Central Africa_k2
GNQ,1985,41,1985-10-07,1985-10-13,2.0977,0.0194,JHU,0.7,fourier_regional_Central Africa_k2
GNQ,1985,42,1985-10-14,1985-10-20,2.0498,0.019,JHU,0.7,fourier_regional_Central Africa_k2
GNQ,1985,43,1985-10-21,1985-10-27,2.0006,0.0185,JHU,0.7,fourier_regional_Central Africa_k2
GNQ,1985,44,1985-10-28,1985-11-03,1.9536,0.0181,JHU,0.7,fourier_regional_Central Africa_k2
GNQ,1985,45,1985-11-04,1985-11-10,1.9123,0.0177,JHU,0.7,fourier_regional_Central Africa_k2
GNQ,1985,46,1985-11-11,1985-11-17,1.8797,0.0174,JHU,0.7,fourier_regional_Central Africa_k2
GNQ,1985,47,1985-11-18,1985-11-24,1.8585,0.0172,JHU,0.7,fourier_regional_Central Africa_k2
GNQ,1985,48,1985-11-25,1985-12-01,1.8504,0.0171,JHU,0.7,fourier_regional_Central Africa_k2
GNQ,1985,49,1985-12-02,1985-12-08,1.8565,0.0172,JHU,0.7,fourier_regional_Central Africa_k2
GNQ,1985,50,1985-12-09,1985-12-15,1.8771,0.0174,JHU,0.7,fourier_regional_Central Africa_k2
GNQ,1985,51,1985-12-16,1985-12-22,1.9114,0.0177,JHU,0.7,fourier_regional_Central Africa_k2
GNQ,1985,52,1985-12-23,1985-12-29,1.9578,0.0181,JHU,0.7,fourier_regional_Central Africa_k2
GNQ,1986,1,1985-12-30,1986-01-05,2.014,0.0186,JHU,0.7,fourier_regional_Central Africa_k2
GNQ,1986,2,1986-01-06,1986-01-12,0.0,0.0,AI,0.8,zero_fill
GNQ,1986,3,1986-01-13,1986-01-19,0.0,0.0,AI,0.8,zero_fill
GNQ,1986,4,1986-01-20,1986-01-26,0.0,0.0,AI,0.8,zero_fill
GNQ,1986,5,1986-01-27,1986-02-02,0.0,0.0,AI,0.8,zero_fill
GNQ,1986,6,1986-02-03,1986-02-09,0.0,0.0,AI,0.8,zero_fill
GNQ,1986,7,1986-02-10,1986-02-16,0.0,0.0,AI,0.8,zero_fill
GNQ,1986,8,1986-02-17,1986-02-23,0.0,0.0,AI,0.8,zero_fill
GNQ,1986,9,1986-02-24,1986-03-02,0.0,0.0,AI,0.8,zero_fill
GNQ,1986,10,1986-03-03,1986-03-09,0.0,0.0,AI,0.8,zero_fill
GNQ,1986,11,1986-03-10,1986-03-16,0.0,0.0,AI,0.8,zero_fill
GNQ,1986,12,1986-03-17,1986-03-23,0.0,0.0,AI,0.8,zero_fill
GNQ,1986,13,1986-03-24,1986-03-30,0.0,0.0,AI,0.8,zero_fill
GNQ,1986,14,1986-03-31,1986-04-06,0.0,0.0,AI,0.8,zero_fill
GNQ,1986,15,1986-04-07,1986-04-13,0.0,0.0,AI,0.8,zero_fill
GNQ,1986,16,1986-04-14,1986-04-20,0.0,0.0,AI,0.8,zero_fill
GNQ,1986,17,1986-04-21,1986-04-27,0.0,0.0,AI,0.8,zero_fill
GNQ,1986,18,1986-04-28,1986-05-04,0.0,0.0,AI,0.8,zero_fill
GNQ,1986,19,1986-05-05,1986-05-11,0.0,0.0,AI,0.8,zero_fill
GNQ,1986,20,1986-05-12,1986-05-18,0.0,0.0,AI,0.8,zero_fill
GNQ,1986,21,1986-05-19,1986-05-25,0.0,0.0,AI,0.8,zero_fill
GNQ,1986,22,1986-05-26,1986-06-01,0.0,0.0,AI,0.8,zero_fill
GNQ,1986,23,1986-06-02,1986-06-08,0.0,0.0,AI,0.8,zero_fill
GNQ,1986,24,1986-06-09,1986-06-15,0.0,0.0,AI,0.8,zero_fill
GNQ,1986,25,1986-06-16,1986-06-22,0.0,0.0,AI,0.8,zero_fill
GNQ,1986,26,1986-06-23,1986-06-29,0.0,0.0,AI,0.8,zero_fill
GNQ,1986,27,1986-06-30,1986-07-06,0.0,0.0,AI,0.8,zero_fill
GNQ,1986,28,1986-07-07,1986-07-13,0.0,0.0,AI,0.8,zero_fill
GNQ,1986,29,1986-07-14,1986-07-20,0.0,0.0,AI,0.8,zero_fill
GNQ,1986,30,1986-07-21,1986-07-27,0.0,0.0,AI,0.8,zero_fill
GNQ,1986,31,1986-07-28,1986-08-03,0.0,0.0,AI,0.8,zero_fill
GNQ,1986,32,1986-08-04,1986-08-10,0.0,0.0,AI,0.8,zero_fill
GNQ,1986,33,1986-08-11,1986-08-17,0.0,0.0,AI,0.8,zero_fill
GNQ,1986,34,1986-08-18,1986-08-24,0.0,0.0,AI,0.8,zero_fill
GNQ,1986,35,1986-08-25,1986-08-31,0.0,0.0,AI,0.8,zero_fill
GNQ,1986,36,1986-09-01,1986-09-07,0.0,0.0,AI,0.8,zero_fill
GNQ,1986,37,1986-09-08,1986-09-14,0.0,0.0,AI,0.8,zero_fill
GNQ,1986,38,1986-09-15,1986-09-21,0.0,0.0,AI,0.8,zero_fill
GNQ,1986,39,1986-09-22,1986-09-28,0.0,0.0,AI,0.8,zero_fill
GNQ,1986,40,1986-09-29,1986-10-05,0.0,0.0,AI,0.8,zero_fill
GNQ,1986,41,1986-10-06,1986-10-12,0.0,0.0,AI,0.8,zero_fill
GNQ,1986,42,1986-10-13,1986-10-19,0.0,0.0,AI,0.8,zero_fill
GNQ,1986,43,1986-10-20,1986-10-26,0.0,0.0,AI,0.8,zero_fill
GNQ,1986,44,1986-10-27,1986-11-02,0.0,0.0,AI,0.8,zero_fill
GNQ,1986,45,1986-11-03,1986-11-09,0.0,0.0,AI,0.8,zero_fill
GNQ,1986,46,1986-11-10,1986-11-16,0.0,0.0,AI,0.8,zero_fill
GNQ,1986,47,1986-11-17,1986-11-23,0.0,0.0,AI,0.8,zero_fill
GNQ,1986,48,1986-11-24,1986-11-30,0.0,0.0,AI,0.8,zero_fill
GNQ,1986,49,1986-12-01,1986-12-07,0.0,0.0,AI,0.8,zero_fill
GNQ,1986,50,1986-12-08,1986-12-14,0.0,0.0,AI,0.8,zero_fill
GNQ,1986,51,1986-12-15,1986-12-21,0.0,0.0,AI,0.8,zero_fill
GNQ,1986,52,1986-12-22,1986-12-28,0.0,0.0,AI,0.8,zero_fill
GNQ,1987,1,1986-12-29,1987-01-04,0.0,0.0,AI,0.8,zero_fill
GNQ,1987,2,1987-01-05,1987-01-11,0.0,0.0,AI,0.8,zero_fill
GNQ,1987,3,1987-01-12,1987-01-18,0.0,0.0,AI,0.8,zero_fill
GNQ,1987,4,1987-01-19,1987-01-25,0.0,0.0,AI,0.8,zero_fill
GNQ,1987,5,1987-01-26,1987-02-01,0.0,0.0,AI,0.8,zero_fill
GNQ,1987,6,1987-02-02,1987-02-08,0.0,0.0,AI,0.8,zero_fill
GNQ,1987,7,1987-02-09,1987-02-15,0.0,0.0,AI,0.8,zero_fill
GNQ,1987,8,1987-02-16,1987-02-22,0.0,0.0,AI,0.8,zero_fill
GNQ,1987,9,1987-02-23,1987-03-01,0.0,0.0,AI,0.8,zero_fill
GNQ,1987,10,1987-03-02,1987-03-08,0.0,0.0,AI,0.8,zero_fill
GNQ,1987,11,1987-03-09,1987-03-15,0.0,0.0,AI,0.8,zero_fill
GNQ,1987,12,1987-03-16,1987-03-22,0.0,0.0,AI,0.8,zero_fill
GNQ,1987,13,1987-03-23,1987-03-29,0.0,0.0,AI,0.8,zero_fill
GNQ,1987,14,1987-03-30,1987-04-05,0.0,0.0,AI,0.8,zero_fill
GNQ,1987,15,1987-04-06,1987-04-12,0.0,0.0,AI,0.8,zero_fill
GNQ,1987,16,1987-04-13,1987-04-19,0.0,0.0,AI,0.8,zero_fill
GNQ,1987,17,1987-04-20,1987-04-26,0.0,0.0,AI,0.8,zero_fill
GNQ,1987,18,1987-04-27,1987-05-03,0.0,0.0,AI,0.8,zero_fill
GNQ,1987,19,1987-05-04,1987-05-10,0.0,0.0,AI,0.8,zero_fill
GNQ,1987,20,1987-05-11,1987-05-17,0.0,0.0,AI,0.8,zero_fill
GNQ,1987,21,1987-05-18,1987-05-24,0.0,0.0,AI,0.8,zero_fill
GNQ,1987,22,1987-05-25,1987-05-31,0.0,0.0,AI,0.8,zero_fill
GNQ,1987,23,1987-06-01,1987-06-07,0.0,0.0,AI,0.8,zero_fill
GNQ,1987,24,1987-06-08,1987-06-14,0.0,0.0,AI,0.8,zero_fill
GNQ,1987,25,1987-06-15,1987-06-21,0.0,0.0,AI,0.8,zero_fill
GNQ,1987,26,1987-06-22,1987-06-28,0.0,0.0,AI,0.8,zero_fill
GNQ,1987,27,1987-06-29,1987-07-05,0.0,0.0,AI,0.8,zero_fill
GNQ,1987,28,1987-07-06,1987-07-12,0.0,0.0,AI,0.8,zero_fill
GNQ,1987,29,1987-07-13,1987-07-19,0.0,0.0,AI,0.8,zero_fill
GNQ,1987,30,1987-07-20,1987-07-26,0.0,0.0,AI,0.8,zero_fill
GNQ,1987,31,1987-07-27,1987-08-02,0.0,0.0,AI,0.8,zero_fill
GNQ,1987,32,1987-08-03,1987-08-09,0.0,0.0,AI,0.8,zero_fill
GNQ,1987,33,1987-08-10,1987-08-16,0.0,0.0,AI,0.8,zero_fill
GNQ,1987,34,1987-08-17,1987-08-23,0.0,0.0,AI,0.8,zero_fill
GNQ,1987,35,1987-08-24,1987-08-30,0.0,0.0,AI,0.8,zero_fill
GNQ,1987,36,1987-08-31,1987-09-06,0.0,0.0,AI,0.8,zero_fill
GNQ,1987,37,1987-09-07,1987-09-13,0.0,0.0,AI,0.8,zero_fill
GNQ,1987,38,1987-09-14,1987-09-20,0.0,0.0,AI,0.8,zero_fill
GNQ,1987,39,1987-09-21,1987-09-27,0.0,0.0,AI,0.8,zero_fill
GNQ,1987,40,1987-09-28,1987-10-04,0.0,0.0,AI,0.8,zero_fill
GNQ,1987,41,1987-10-05,1987-10-11,0.0,0.0,AI,0.8,zero_fill
GNQ,1987,42,1987-10-12,1987-10-18,0.0,0.0,AI,0.8,zero_fill
GNQ,1987,43,1987-10-19,1987-10-25,0.0,0.0,AI,0.8,zero_fill
GNQ,1987,44,1987-10-26,1987-11-01,0.0,0.0,AI,0.8,zero_fill
GNQ,1987,45,1987-11-02,1987-11-08,0.0,0.0,AI,0.8,zero_fill
GNQ,1987,46,1987-11-09,1987-11-15,0.0,0.0,AI,0.8,zero_fill
GNQ,1987,47,1987-11-16,1987-11-22,0.0,0.0,AI,0.8,zero_fill
GNQ,1987,48,1987-11-23,1987-11-29,0.0,0.0,AI,0.8,zero_fill
GNQ,1987,49,1987-11-30,1987-12-06,0.0,0.0,AI,0.8,zero_fill
GNQ,1987,50,1987-12-07,1987-12-13,0.0,0.0,AI,0.8,zero_fill
GNQ,1987,51,1987-12-14,1987-12-20,0.0,0.0,AI,0.8,zero_fill
GNQ,1987,52,1987-12-21,1987-12-27,0.0,0.0,AI,0.8,zero_fill
GNQ,1987,53,1987-12-28,1988-01-03,0.0,0.0,AI,0.8,zero_fill
GNQ,1988,1,1988-01-04,1988-01-10,0.0,0.0,AI,0.8,zero_fill
GNQ,1988,2,1988-01-11,1988-01-17,0.0,0.0,AI,0.8,zero_fill
GNQ,1988,3,1988-01-18,1988-01-24,0.0,0.0,AI,0.8,zero_fill
GNQ,1988,4,1988-01-25,1988-01-31,0.0,0.0,AI,0.8,zero_fill
GNQ,1988,5,1988-02-01,1988-02-07,0.0,0.0,AI,0.8,zero_fill
GNQ,1988,6,1988-02-08,1988-02-14,0.0,0.0,AI,0.8,zero_fill
GNQ,1988,7,1988-02-15,1988-02-21,0.0,0.0,AI,0.8,zero_fill
GNQ,1988,8,1988-02-22,1988-02-28,0.0,0.0,AI,0.8,zero_fill
GNQ,1988,9,1988-02-29,1988-03-06,0.0,0.0,AI,0.8,zero_fill
GNQ,1988,10,1988-03-07,1988-03-13,0.0,0.0,AI,0.8,zero_fill
GNQ,1988,11,1988-03-14,1988-03-20,0.0,0.0,AI,0.8,zero_fill
GNQ,1988,12,1988-03-21,1988-03-27,0.0,0.0,AI,0.8,zero_fill
GNQ,1988,13,1988-03-28,1988-04-03,0.0,0.0,AI,0.8,zero_fill
GNQ,1988,14,1988-04-04,1988-04-10,0.0,0.0,AI,0.8,zero_fill
GNQ,1988,15,1988-04-11,1988-04-17,0.0,0.0,AI,0.8,zero_fill
GNQ,1988,16,1988-04-18,1988-04-24,0.0,0.0,AI,0.8,zero_fill
GNQ,1988,17,1988-04-25,1988-05-01,0.0,0.0,AI,0.8,zero_fill
GNQ,1988,18,1988-05-02,1988-05-08,0.0,0.0,AI,0.8,zero_fill
GNQ,1988,19,1988-05-09,1988-05-15,0.0,0.0,AI,0.8,zero_fill
GNQ,1988,20,1988-05-16,1988-05-22,0.0,0.0,AI,0.8,zero_fill
GNQ,1988,21,1988-05-23,1988-05-29,0.0,0.0,AI,0.8,zero_fill
GNQ,1988,22,1988-05-30,1988-06-05,0.0,0.0,AI,0.8,zero_fill
GNQ,1988,23,1988-06-06,1988-06-12,0.0,0.0,AI,0.8,zero_fill
GNQ,1988,24,1988-06-13,1988-06-19,0.0,0.0,AI,0.8,zero_fill
GNQ,1988,25,1988-06-20,1988-06-26,0.0,0.0,AI,0.8,zero_fill
GNQ,1988,26,1988-06-27,1988-07-03,0.0,0.0,AI,0.8,zero_fill
GNQ,1988,27,1988-07-04,1988-07-10,0.0,0.0,AI,0.8,zero_fill
GNQ,1988,28,1988-07-11,1988-07-17,0.0,0.0,AI,0.8,zero_fill
GNQ,1988,29,1988-07-18,1988-07-24,0.0,0.0,AI,0.8,zero_fill
GNQ,1988,30,1988-07-25,1988-07-31,0.0,0.0,AI,0.8,zero_fill
GNQ,1988,31,1988-08-01,1988-08-07,0.0,0.0,AI,0.8,zero_fill
GNQ,1988,32,1988-08-08,1988-08-14,0.0,0.0,AI,0.8,zero_fill
GNQ,1988,33,1988-08-15,1988-08-21,0.0,0.0,AI,0.8,zero_fill
GNQ,1988,34,1988-08-22,1988-08-28,0.0,0.0,AI,0.8,zero_fill
GNQ,1988,35,1988-08-29,1988-09-04,0.0,0.0,AI,0.8,zero_fill
GNQ,1988,36,1988-09-05,1988-09-11,0.0,0.0,AI,0.8,zero_fill
GNQ,1988,37,1988-09-12,1988-09-18,0.0,0.0,AI,0.8,zero_fill
GNQ,1988,38,1988-09-19,1988-09-25,0.0,0.0,AI,0.8,zero_fill
GNQ,1988,39,1988-09-26,1988-10-02,0.0,0.0,AI,0.8,zero_fill
GNQ,1988,40,1988-10-03,1988-10-09,0.0,0.0,AI,0.8,zero_fill
GNQ,1988,41,1988-10-10,1988-10-16,0.0,0.0,AI,0.8,zero_fill
GNQ,1988,42,1988-10-17,1988-10-23,0.0,0.0,AI,0.8,zero_fill
GNQ,1988,43,1988-10-24,1988-10-30,0.0,0.0,AI,0.8,zero_fill
GNQ,1988,44,1988-10-31,1988-11-06,0.0,0.0,AI,0.8,zero_fill
GNQ,1988,45,1988-11-07,1988-11-13,0.0,0.0,AI,0.8,zero_fill
GNQ,1988,46,1988-11-14,1988-11-20,0.0,0.0,AI,0.8,zero_fill
GNQ,1988,47,1988-11-21,1988-11-27,0.0,0.0,AI,0.8,zero_fill
GNQ,1988,48,1988-11-28,1988-12-04,0.0,0.0,AI,0.8,zero_fill
GNQ,1988,49,1988-12-05,1988-12-11,0.0,0.0,AI,0.8,zero_fill
GNQ,1988,50,1988-12-12,1988-12-18,0.0,0.0,AI,0.8,zero_fill
GNQ,1988,51,1988-12-19,1988-12-25,0.0,0.0,AI,0.8,zero_fill
GNQ,1988,52,1988-12-26,1989-01-01,0.0,0.0,AI,0.8,zero_fill
GNQ,1989,1,1989-01-02,1989-01-08,0.0,0.0,AI,0.8,zero_fill
GNQ,1989,2,1989-01-09,1989-01-15,0.0,0.0,AI,0.8,zero_fill
GNQ,1989,3,1989-01-16,1989-01-22,0.0,0.0,AI,0.8,zero_fill
GNQ,1989,4,1989-01-23,1989-01-29,0.0,0.0,AI,0.8,zero_fill
GNQ,1989,5,1989-01-30,1989-02-05,0.0,0.0,AI,0.8,zero_fill
GNQ,1989,6,1989-02-06,1989-02-12,0.0,0.0,AI,0.8,zero_fill
GNQ,1989,7,1989-02-13,1989-02-19,0.0,0.0,AI,0.8,zero_fill
GNQ,1989,8,1989-02-20,1989-02-26,0.0,0.0,AI,0.8,zero_fill
GNQ,1989,9,1989-02-27,1989-03-05,0.0,0.0,AI,0.8,zero_fill
GNQ,1989,10,1989-03-06,1989-03-12,0.0,0.0,AI,0.8,zero_fill
GNQ,1989,11,1989-03-13,1989-03-19,0.0,0.0,AI,0.8,zero_fill
GNQ,1989,12,1989-03-20,1989-03-26,0.0,0.0,AI,0.8,zero_fill
GNQ,1989,13,1989-03-27,1989-04-02,0.0,0.0,AI,0.8,zero_fill
GNQ,1989,14,1989-04-03,1989-04-09,0.0,0.0,AI,0.8,zero_fill
GNQ,1989,15,1989-04-10,1989-04-16,0.0,0.0,AI,0.8,zero_fill
GNQ,1989,16,1989-04-17,1989-04-23,0.0,0.0,AI,0.8,zero_fill
GNQ,1989,17,1989-04-24,1989-04-30,0.0,0.0,AI,0.8,zero_fill
GNQ,1989,18,1989-05-01,1989-05-07,0.0,0.0,AI,0.8,zero_fill
GNQ,1989,19,1989-05-08,1989-05-14,0.0,0.0,AI,0.8,zero_fill
GNQ,1989,20,1989-05-15,1989-05-21,0.0,0.0,AI,0.8,zero_fill
GNQ,1989,21,1989-05-22,1989-05-28,0.0,0.0,AI,0.8,zero_fill
GNQ,1989,22,1989-05-29,1989-06-04,0.0,0.0,AI,0.8,zero_fill
GNQ,1989,23,1989-06-05,1989-06-11,0.0,0.0,AI,0.8,zero_fill
GNQ,1989,24,1989-06-12,1989-06-18,0.0,0.0,AI,0.8,zero_fill
GNQ,1989,25,1989-06-19,1989-06-25,0.0,0.0,AI,0.8,zero_fill
GNQ,1989,26,1989-06-26,1989-07-02,0.0,0.0,AI,0.8,zero_fill
GNQ,1989,27,1989-07-03,1989-07-09,0.0,0.0,AI,0.8,zero_fill
GNQ,1989,28,1989-07-10,1989-07-16,0.0,0.0,AI,0.8,zero_fill
GNQ,1989,29,1989-07-17,1989-07-23,0.0,0.0,AI,0.8,zero_fill
GNQ,1989,30,1989-07-24,1989-07-30,0.0,0.0,AI,0.8,zero_fill
GNQ,1989,31,1989-07-31,1989-08-06,0.0,0.0,AI,0.8,zero_fill
GNQ,1989,32,1989-08-07,1989-08-13,0.0,0.0,AI,0.8,zero_fill
GNQ,1989,33,1989-08-14,1989-08-20,0.0,0.0,AI,0.8,zero_fill
GNQ,1989,34,1989-08-21,1989-08-27,0.0,0.0,AI,0.8,zero_fill
GNQ,1989,35,1989-08-28,1989-09-03,0.0,0.0,AI,0.8,zero_fill
GNQ,1989,36,1989-09-04,1989-09-10,0.0,0.0,AI,0.8,zero_fill
GNQ,1989,37,1989-09-11,1989-09-17,0.0,0.0,AI,0.8,zero_fill
GNQ,1989,38,1989-09-18,1989-09-24,0.0,0.0,AI,0.8,zero_fill
GNQ,1989,39,1989-09-25,1989-10-01,0.0,0.0,AI,0.8,zero_fill
GNQ,1989,40,1989-10-02,1989-10-08,0.0,0.0,AI,0.8,zero_fill
GNQ,1989,41,1989-10-09,1989-10-15,0.0,0.0,AI,0.8,zero_fill
GNQ,1989,42,1989-10-16,1989-10-22,0.0,0.0,AI,0.8,zero_fill
GNQ,1989,43,1989-10-23,1989-10-29,0.0,0.0,AI,0.8,zero_fill
GNQ,1989,44,1989-10-30,1989-11-05,0.0,0.0,AI,0.8,zero_fill
GNQ,1989,45,1989-11-06,1989-11-12,0.0,0.0,AI,0.8,zero_fill
GNQ,1989,46,1989-11-13,1989-11-19,0.0,0.0,AI,0.8,zero_fill
GNQ,1989,47,1989-11-20,1989-11-26,0.0,0.0,AI,0.8,zero_fill
GNQ,1989,48,1989-11-27,1989-12-03,0.0,0.0,AI,0.8,zero_fill
GNQ,1989,49,1989-12-04,1989-12-10,0.0,0.0,AI,0.8,zero_fill
GNQ,1989,50,1989-12-11,1989-12-17,0.0,0.0,AI,0.8,zero_fill
GNQ,1989,51,1989-12-18,1989-12-24,0.0,0.0,AI,0.8,zero_fill
GNQ,1989,52,1989-12-25,1989-12-31,0.0,0.0,AI,0.8,zero_fill
GNQ,1990,1,1990-01-01,1990-01-07,0.0,0.0,AI,0.8,zero_fill
GNQ,1990,2,1990-01-08,1990-01-14,0.0,0.0,AI,0.8,zero_fill
GNQ,1990,3,1990-01-15,1990-01-21,0.0,0.0,AI,0.8,zero_fill
GNQ,1990,4,1990-01-22,1990-01-28,0.0,0.0,AI,0.8,zero_fill
GNQ,1990,5,1990-01-29,1990-02-04,0.0,0.0,AI,0.8,zero_fill
GNQ,1990,6,1990-02-05,1990-02-11,0.0,0.0,AI,0.8,zero_fill
GNQ,1990,7,1990-02-12,1990-02-18,0.0,0.0,AI,0.8,zero_fill
GNQ,1990,8,1990-02-19,1990-02-25,0.0,0.0,AI,0.8,zero_fill
GNQ,1990,9,1990-02-26,1990-03-04,0.0,0.0,AI,0.8,zero_fill
GNQ,1990,10,1990-03-05,1990-03-11,0.0,0.0,AI,0.8,zero_fill
GNQ,1990,11,1990-03-12,1990-03-18,0.0,0.0,AI,0.8,zero_fill
GNQ,1990,12,1990-03-19,1990-03-25,0.0,0.0,AI,0.8,zero_fill
GNQ,1990,13,1990-03-26,1990-04-01,0.0,0.0,AI,0.8,zero_fill
GNQ,1990,14,1990-04-02,1990-04-08,0.0,0.0,AI,0.8,zero_fill
GNQ,1990,15,1990-04-09,1990-04-15,0.0,0.0,AI,0.8,zero_fill
GNQ,1990,16,1990-04-16,1990-04-22,0.0,0.0,AI,0.8,zero_fill
GNQ,1990,17,1990-04-23,1990-04-29,0.0,0.0,AI,0.8,zero_fill
GNQ,1990,18,1990-04-30,1990-05-06,0.0,0.0,AI,0.8,zero_fill
GNQ,1990,19,1990-05-07,1990-05-13,0.0,0.0,AI,0.8,zero_fill
GNQ,1990,20,1990-05-14,1990-05-20,0.0,0.0,AI,0.8,zero_fill
GNQ,1990,21,1990-05-21,1990-05-27,0.0,0.0,AI,0.8,zero_fill
GNQ,1990,22,1990-05-28,1990-06-03,0.0,0.0,AI,0.8,zero_fill
GNQ,1990,23,1990-06-04,1990-06-10,0.0,0.0,AI,0.8,zero_fill
GNQ,1990,24,1990-06-11,1990-06-17,0.0,0.0,AI,0.8,zero_fill
GNQ,1990,25,1990-06-18,1990-06-24,0.0,0.0,AI,0.8,zero_fill
GNQ,1990,26,1990-06-25,1990-07-01,0.0,0.0,AI,0.8,zero_fill
GNQ,1990,27,1990-07-02,1990-07-08,0.0,0.0,AI,0.8,zero_fill
GNQ,1990,28,1990-07-09,1990-07-15,0.0,0.0,AI,0.8,zero_fill
GNQ,1990,29,1990-07-16,1990-07-22,0.0,0.0,AI,0.8,zero_fill
GNQ,1990,30,1990-07-23,1990-07-29,0.0,0.0,AI,0.8,zero_fill
GNQ,1990,31,1990-07-30,1990-08-05,0.0,0.0,AI,0.8,zero_fill
GNQ,1990,32,1990-08-06,1990-08-12,0.0,0.0,AI,0.8,zero_fill
GNQ,1990,33,1990-08-13,1990-08-19,0.0,0.0,AI,0.8,zero_fill
GNQ,1990,34,1990-08-20,1990-08-26,0.0,0.0,AI,0.8,zero_fill
GNQ,1990,35,1990-08-27,1990-09-02,0.0,0.0,AI,0.8,zero_fill
GNQ,1990,36,1990-09-03,1990-09-09,0.0,0.0,AI,0.8,zero_fill
GNQ,1990,37,1990-09-10,1990-09-16,0.0,0.0,AI,0.8,zero_fill
GNQ,1990,38,1990-09-17,1990-09-23,0.0,0.0,AI,0.8,zero_fill
GNQ,1990,39,1990-09-24,1990-09-30,0.0,0.0,AI,0.8,zero_fill
GNQ,1990,40,1990-10-01,1990-10-07,0.0,0.0,AI,0.8,zero_fill
GNQ,1990,41,1990-10-08,1990-10-14,0.0,0.0,AI,0.8,zero_fill
GNQ,1990,42,1990-10-15,1990-10-21,0.0,0.0,AI,0.8,zero_fill
GNQ,1990,43,1990-10-22,1990-10-28,0.0,0.0,AI,0.8,zero_fill
GNQ,1990,44,1990-10-29,1990-11-04,0.0,0.0,AI,0.8,zero_fill
GNQ,1990,45,1990-11-05,1990-11-11,0.0,0.0,AI,0.8,zero_fill
GNQ,1990,46,1990-11-12,1990-11-18,0.0,0.0,AI,0.8,zero_fill
GNQ,1990,47,1990-11-19,1990-11-25,0.0,0.0,AI,0.8,zero_fill
GNQ,1990,48,1990-11-26,1990-12-02,0.0,0.0,AI,0.8,zero_fill
GNQ,1990,49,1990-12-03,1990-12-09,0.0,0.0,AI,0.8,zero_fill
GNQ,1990,50,1990-12-10,1990-12-16,0.0,0.0,AI,0.8,zero_fill
GNQ,1990,51,1990-12-17,1990-12-23,0.0,0.0,AI,0.8,zero_fill
GNQ,1990,52,1990-12-24,1990-12-30,0.0,0.0,AI,0.8,zero_fill
GNQ,1991,1,1990-12-31,1991-01-06,0.0,0.0,AI,0.8,zero_fill
GNQ,1991,2,1991-01-07,1991-01-13,0.0,0.0,AI,0.8,zero_fill
GNQ,1991,3,1991-01-14,1991-01-20,0.0,0.0,AI,0.8,zero_fill
GNQ,1991,4,1991-01-21,1991-01-27,0.0,0.0,AI,0.8,zero_fill
GNQ,1991,5,1991-01-28,1991-02-03,0.0,0.0,AI,0.8,zero_fill
GNQ,1991,6,1991-02-04,1991-02-10,0.0,0.0,AI,0.8,zero_fill
GNQ,1991,7,1991-02-11,1991-02-17,0.0,0.0,AI,0.8,zero_fill
GNQ,1991,8,1991-02-18,1991-02-24,0.0,0.0,AI,0.8,zero_fill
GNQ,1991,9,1991-02-25,1991-03-03,0.0,0.0,AI,0.8,zero_fill
GNQ,1991,10,1991-03-04,1991-03-10,0.0,0.0,AI,0.8,zero_fill
GNQ,1991,11,1991-03-11,1991-03-17,0.0,0.0,AI,0.8,zero_fill
GNQ,1991,12,1991-03-18,1991-03-24,0.0,0.0,AI,0.8,zero_fill
GNQ,1991,13,1991-03-25,1991-03-31,0.0,0.0,AI,0.8,zero_fill
GNQ,1991,14,1991-04-01,1991-04-07,0.0,0.0,AI,0.8,zero_fill
GNQ,1991,15,1991-04-08,1991-04-14,0.0,0.0,AI,0.8,zero_fill
GNQ,1991,16,1991-04-15,1991-04-21,0.0,0.0,AI,0.8,zero_fill
GNQ,1991,17,1991-04-22,1991-04-28,0.0,0.0,AI,0.8,zero_fill
GNQ,1991,18,1991-04-29,1991-05-05,0.0,0.0,AI,0.8,zero_fill
GNQ,1991,19,1991-05-06,1991-05-12,0.0,0.0,AI,0.8,zero_fill
GNQ,1991,20,1991-05-13,1991-05-19,0.0,0.0,AI,0.8,zero_fill
GNQ,1991,21,1991-05-20,1991-05-26,0.0,0.0,AI,0.8,zero_fill
GNQ,1991,22,1991-05-27,1991-06-02,0.0,0.0,AI,0.8,zero_fill
GNQ,1991,23,1991-06-03,1991-06-09,0.0,0.0,AI,0.8,zero_fill
GNQ,1991,24,1991-06-10,1991-06-16,0.0,0.0,AI,0.8,zero_fill
GNQ,1991,25,1991-06-17,1991-06-23,0.0,0.0,AI,0.8,zero_fill
GNQ,1991,26,1991-06-24,1991-06-30,0.0,0.0,AI,0.8,zero_fill
GNQ,1991,27,1991-07-01,1991-07-07,0.0,0.0,AI,0.8,zero_fill
GNQ,1991,28,1991-07-08,1991-07-14,0.0,0.0,AI,0.8,zero_fill
GNQ,1991,29,1991-07-15,1991-07-21,0.0,0.0,AI,0.8,zero_fill
GNQ,1991,30,1991-07-22,1991-07-28,0.0,0.0,AI,0.8,zero_fill
GNQ,1991,31,1991-07-29,1991-08-04,0.0,0.0,AI,0.8,zero_fill
GNQ,1991,32,1991-08-05,1991-08-11,0.0,0.0,AI,0.8,zero_fill
GNQ,1991,33,1991-08-12,1991-08-18,0.0,0.0,AI,0.8,zero_fill
GNQ,1991,34,1991-08-19,1991-08-25,0.0,0.0,AI,0.8,zero_fill
GNQ,1991,35,1991-08-26,1991-09-01,0.0,0.0,AI,0.8,zero_fill
GNQ,1991,36,1991-09-02,1991-09-08,0.0,0.0,AI,0.8,zero_fill
GNQ,1991,37,1991-09-09,1991-09-15,0.0,0.0,AI,0.8,zero_fill
GNQ,1991,38,1991-09-16,1991-09-22,0.0,0.0,AI,0.8,zero_fill
GNQ,1991,39,1991-09-23,1991-09-29,0.0,0.0,AI,0.8,zero_fill
GNQ,1991,40,1991-09-30,1991-10-06,0.0,0.0,AI,0.8,zero_fill
GNQ,1991,41,1991-10-07,1991-10-13,0.0,0.0,AI,0.8,zero_fill
GNQ,1991,42,1991-10-14,1991-10-20,0.0,0.0,AI,0.8,zero_fill
GNQ,1991,43,1991-10-21,1991-10-27,0.0,0.0,AI,0.8,zero_fill
GNQ,1991,44,1991-10-28,1991-11-03,0.0,0.0,AI,0.8,zero_fill
GNQ,1991,45,1991-11-04,1991-11-10,0.0,0.0,AI,0.8,zero_fill
GNQ,1991,46,1991-11-11,1991-11-17,0.0,0.0,AI,0.8,zero_fill
GNQ,1991,47,1991-11-18,1991-11-24,0.0,0.0,AI,0.8,zero_fill
GNQ,1991,48,1991-11-25,1991-12-01,0.0,0.0,AI,0.8,zero_fill
GNQ,1991,49,1991-12-02,1991-12-08,0.0,0.0,AI,0.8,zero_fill
GNQ,1991,50,1991-12-09,1991-12-15,0.0,0.0,AI,0.8,zero_fill
GNQ,1991,51,1991-12-16,1991-12-22,0.0,0.0,AI,0.8,zero_fill
GNQ,1991,52,1991-12-23,1991-12-29,0.0,0.0,AI,0.8,zero_fill
GNQ,1992,1,1991-12-30,1992-01-05,0.0,0.0,AI,0.8,zero_fill
GNQ,1992,2,1992-01-06,1992-01-12,0.0,0.0,AI,0.8,zero_fill
GNQ,1992,3,1992-01-13,1992-01-19,0.0,0.0,AI,0.8,zero_fill
GNQ,1992,4,1992-01-20,1992-01-26,0.0,0.0,AI,0.8,zero_fill
GNQ,1992,5,1992-01-27,1992-02-02,0.0,0.0,AI,0.8,zero_fill
GNQ,1992,6,1992-02-03,1992-02-09,0.0,0.0,AI,0.8,zero_fill
GNQ,1992,7,1992-02-10,1992-02-16,0.0,0.0,AI,0.8,zero_fill
GNQ,1992,8,1992-02-17,1992-02-23,0.0,0.0,AI,0.8,zero_fill
GNQ,1992,9,1992-02-24,1992-03-01,0.0,0.0,AI,0.8,zero_fill
GNQ,1992,10,1992-03-02,1992-03-08,0.0,0.0,AI,0.8,zero_fill
GNQ,1992,11,1992-03-09,1992-03-15,0.0,0.0,AI,0.8,zero_fill
GNQ,1992,12,1992-03-16,1992-03-22,0.0,0.0,AI,0.8,zero_fill
GNQ,1992,13,1992-03-23,1992-03-29,0.0,0.0,AI,0.8,zero_fill
GNQ,1992,14,1992-03-30,1992-04-05,0.0,0.0,AI,0.8,zero_fill
GNQ,1992,15,1992-04-06,1992-04-12,0.0,0.0,AI,0.8,zero_fill
GNQ,1992,16,1992-04-13,1992-04-19,0.0,0.0,AI,0.8,zero_fill
GNQ,1992,17,1992-04-20,1992-04-26,0.0,0.0,AI,0.8,zero_fill
GNQ,1992,18,1992-04-27,1992-05-03,0.0,0.0,AI,0.8,zero_fill
GNQ,1992,19,1992-05-04,1992-05-10,0.0,0.0,AI,0.8,zero_fill
GNQ,1992,20,1992-05-11,1992-05-17,0.0,0.0,AI,0.8,zero_fill
GNQ,1992,21,1992-05-18,1992-05-24,0.0,0.0,AI,0.8,zero_fill
GNQ,1992,22,1992-05-25,1992-05-31,0.0,0.0,AI,0.8,zero_fill
GNQ,1992,23,1992-06-01,1992-06-07,0.0,0.0,AI,0.8,zero_fill
GNQ,1992,24,1992-06-08,1992-06-14,0.0,0.0,AI,0.8,zero_fill
GNQ,1992,25,1992-06-15,1992-06-21,0.0,0.0,AI,0.8,zero_fill
GNQ,1992,26,1992-06-22,1992-06-28,0.0,0.0,AI,0.8,zero_fill
GNQ,1992,27,1992-06-29,1992-07-05,0.0,0.0,AI,0.8,zero_fill
GNQ,1992,28,1992-07-06,1992-07-12,0.0,0.0,AI,0.8,zero_fill
GNQ,1992,29,1992-07-13,1992-07-19,0.0,0.0,AI,0.8,zero_fill
GNQ,1992,30,1992-07-20,1992-07-26,0.0,0.0,AI,0.8,zero_fill
GNQ,1992,31,1992-07-27,1992-08-02,0.0,0.0,AI,0.8,zero_fill
GNQ,1992,32,1992-08-03,1992-08-09,0.0,0.0,AI,0.8,zero_fill
GNQ,1992,33,1992-08-10,1992-08-16,0.0,0.0,AI,0.8,zero_fill
GNQ,1992,34,1992-08-17,1992-08-23,0.0,0.0,AI,0.8,zero_fill
GNQ,1992,35,1992-08-24,1992-08-30,0.0,0.0,AI,0.8,zero_fill
GNQ,1992,36,1992-08-31,1992-09-06,0.0,0.0,AI,0.8,zero_fill
GNQ,1992,37,1992-09-07,1992-09-13,0.0,0.0,AI,0.8,zero_fill
GNQ,1992,38,1992-09-14,1992-09-20,0.0,0.0,AI,0.8,zero_fill
GNQ,1992,39,1992-09-21,1992-09-27,0.0,0.0,AI,0.8,zero_fill
GNQ,1992,40,1992-09-28,1992-10-04,0.0,0.0,AI,0.8,zero_fill
GNQ,1992,41,1992-10-05,1992-10-11,0.0,0.0,AI,0.8,zero_fill
GNQ,1992,42,1992-10-12,1992-10-18,0.0,0.0,AI,0.8,zero_fill
GNQ,1992,43,1992-10-19,1992-10-25,0.0,0.0,AI,0.8,zero_fill
GNQ,1992,44,1992-10-26,1992-11-01,0.0,0.0,AI,0.8,zero_fill
GNQ,1992,45,1992-11-02,1992-11-08,0.0,0.0,AI,0.8,zero_fill
GNQ,1992,46,1992-11-09,1992-11-15,0.0,0.0,AI,0.8,zero_fill
GNQ,1992,47,1992-11-16,1992-11-22,0.0,0.0,AI,0.8,zero_fill
GNQ,1992,48,1992-11-23,1992-11-29,0.0,0.0,AI,0.8,zero_fill
GNQ,1992,49,1992-11-30,1992-12-06,0.0,0.0,AI,0.8,zero_fill
GNQ,1992,50,1992-12-07,1992-12-13,0.0,0.0,AI,0.8,zero_fill
GNQ,1992,51,1992-12-14,1992-12-20,0.0,0.0,AI,0.8,zero_fill
GNQ,1992,52,1992-12-21,1992-12-27,0.0,0.0,AI,0.8,zero_fill
GNQ,1992,53,1992-12-28,1993-01-03,0.0,0.0,AI,0.8,zero_fill
GNQ,1993,1,1993-01-04,1993-01-10,0.0,0.0,AI,0.8,zero_fill
GNQ,1993,2,1993-01-11,1993-01-17,0.0,0.0,AI,0.8,zero_fill
GNQ,1993,3,1993-01-18,1993-01-24,0.0,0.0,AI,0.8,zero_fill
GNQ,1993,4,1993-01-25,1993-01-31,0.0,0.0,AI,0.8,zero_fill
GNQ,1993,5,1993-02-01,1993-02-07,0.0,0.0,AI,0.8,zero_fill
GNQ,1993,6,1993-02-08,1993-02-14,0.0,0.0,AI,0.8,zero_fill
GNQ,1993,7,1993-02-15,1993-02-21,0.0,0.0,AI,0.8,zero_fill
GNQ,1993,8,1993-02-22,1993-02-28,0.0,0.0,AI,0.8,zero_fill
GNQ,1993,9,1993-03-01,1993-03-07,0.0,0.0,AI,0.8,zero_fill
GNQ,1993,10,1993-03-08,1993-03-14,0.0,0.0,AI,0.8,zero_fill
GNQ,1993,11,1993-03-15,1993-03-21,0.0,0.0,AI,0.8,zero_fill
GNQ,1993,12,1993-03-22,1993-03-28,0.0,0.0,AI,0.8,zero_fill
GNQ,1993,13,1993-03-29,1993-04-04,0.0,0.0,AI,0.8,zero_fill
GNQ,1993,14,1993-04-05,1993-04-11,0.0,0.0,AI,0.8,zero_fill
GNQ,1993,15,1993-04-12,1993-04-18,0.0,0.0,AI,0.8,zero_fill
GNQ,1993,16,1993-04-19,1993-04-25,0.0,0.0,AI,0.8,zero_fill
GNQ,1993,17,1993-04-26,1993-05-02,0.0,0.0,AI,0.8,zero_fill
GNQ,1993,18,1993-05-03,1993-05-09,0.0,0.0,AI,0.8,zero_fill
GNQ,1993,19,1993-05-10,1993-05-16,0.0,0.0,AI,0.8,zero_fill
GNQ,1993,20,1993-05-17,1993-05-23,0.0,0.0,AI,0.8,zero_fill
GNQ,1993,21,1993-05-24,1993-05-30,0.0,0.0,AI,0.8,zero_fill
GNQ,1993,22,1993-05-31,1993-06-06,0.0,0.0,AI,0.8,zero_fill
GNQ,1993,23,1993-06-07,1993-06-13,0.0,0.0,AI,0.8,zero_fill
GNQ,1993,24,1993-06-14,1993-06-20,0.0,0.0,AI,0.8,zero_fill
GNQ,1993,25,1993-06-21,1993-06-27,0.0,0.0,AI,0.8,zero_fill
GNQ,1993,26,1993-06-28,1993-07-04,0.0,0.0,AI,0.8,zero_fill
GNQ,1993,27,1993-07-05,1993-07-11,0.0,0.0,AI,0.8,zero_fill
GNQ,1993,28,1993-07-12,1993-07-18,0.0,0.0,AI,0.8,zero_fill
GNQ,1993,29,1993-07-19,1993-07-25,0.0,0.0,AI,0.8,zero_fill
GNQ,1993,30,1993-07-26,1993-08-01,0.0,0.0,AI,0.8,zero_fill
GNQ,1993,31,1993-08-02,1993-08-08,0.0,0.0,AI,0.8,zero_fill
GNQ,1993,32,1993-08-09,1993-08-15,0.0,0.0,AI,0.8,zero_fill
GNQ,1993,33,1993-08-16,1993-08-22,0.0,0.0,AI,0.8,zero_fill
GNQ,1993,34,1993-08-23,1993-08-29,0.0,0.0,AI,0.8,zero_fill
GNQ,1993,35,1993-08-30,1993-09-05,0.0,0.0,AI,0.8,zero_fill
GNQ,1993,36,1993-09-06,1993-09-12,0.0,0.0,AI,0.8,zero_fill
GNQ,1993,37,1993-09-13,1993-09-19,0.0,0.0,AI,0.8,zero_fill
GNQ,1993,38,1993-09-20,1993-09-26,0.0,0.0,AI,0.8,zero_fill
GNQ,1993,39,1993-09-27,1993-10-03,0.0,0.0,AI,0.8,zero_fill
GNQ,1993,40,1993-10-04,1993-10-10,0.0,0.0,AI,0.8,zero_fill
GNQ,1993,41,1993-10-11,1993-10-17,0.0,0.0,AI,0.8,zero_fill
GNQ,1993,42,1993-10-18,1993-10-24,0.0,0.0,AI,0.8,zero_fill
GNQ,1993,43,1993-10-25,1993-10-31,0.0,0.0,AI,0.8,zero_fill
GNQ,1993,44,1993-11-01,1993-11-07,0.0,0.0,AI,0.8,zero_fill
GNQ,1993,45,1993-11-08,1993-11-14,0.0,0.0,AI,0.8,zero_fill
GNQ,1993,46,1993-11-15,1993-11-21,0.0,0.0,AI,0.8,zero_fill
GNQ,1993,47,1993-11-22,1993-11-28,0.0,0.0,AI,0.8,zero_fill
GNQ,1993,48,1993-11-29,1993-12-05,0.0,0.0,AI,0.8,zero_fill
GNQ,1993,49,1993-12-06,1993-12-12,0.0,0.0,AI,0.8,zero_fill
GNQ,1993,50,1993-12-13,1993-12-19,0.0,0.0,AI,0.8,zero_fill
GNQ,1993,51,1993-12-20,1993-12-26,0.0,0.0,AI,0.8,zero_fill
GNQ,1993,52,1993-12-27,1994-01-02,0.0,0.0,AI,0.8,zero_fill
GNQ,1994,1,1994-01-03,1994-01-09,0.0,0.0,AI,0.8,zero_fill
GNQ,1994,2,1994-01-10,1994-01-16,0.0,0.0,AI,0.8,zero_fill
GNQ,1994,3,1994-01-17,1994-01-23,0.0,0.0,AI,0.8,zero_fill
GNQ,1994,4,1994-01-24,1994-01-30,0.0,0.0,AI,0.8,zero_fill
GNQ,1994,5,1994-01-31,1994-02-06,0.0,0.0,AI,0.8,zero_fill
GNQ,1994,6,1994-02-07,1994-02-13,0.0,0.0,AI,0.8,zero_fill
GNQ,1994,7,1994-02-14,1994-02-20,0.0,0.0,AI,0.8,zero_fill
GNQ,1994,8,1994-02-21,1994-02-27,0.0,0.0,AI,0.8,zero_fill
GNQ,1994,9,1994-02-28,1994-03-06,0.0,0.0,AI,0.8,zero_fill
GNQ,1994,10,1994-03-07,1994-03-13,0.0,0.0,AI,0.8,zero_fill
GNQ,1994,11,1994-03-14,1994-03-20,0.0,0.0,AI,0.8,zero_fill
GNQ,1994,12,1994-03-21,1994-03-27,0.0,0.0,AI,0.8,zero_fill
GNQ,1994,13,1994-03-28,1994-04-03,0.0,0.0,AI,0.8,zero_fill
GNQ,1994,14,1994-04-04,1994-04-10,0.0,0.0,AI,0.8,zero_fill
GNQ,1994,15,1994-04-11,1994-04-17,0.0,0.0,AI,0.8,zero_fill
GNQ,1994,16,1994-04-18,1994-04-24,0.0,0.0,AI,0.8,zero_fill
GNQ,1994,17,1994-04-25,1994-05-01,0.0,0.0,AI,0.8,zero_fill
GNQ,1994,18,1994-05-02,1994-05-08,0.0,0.0,AI,0.8,zero_fill
GNQ,1994,19,1994-05-09,1994-05-15,0.0,0.0,AI,0.8,zero_fill
GNQ,1994,20,1994-05-16,1994-05-22,0.0,0.0,AI,0.8,zero_fill
GNQ,1994,21,1994-05-23,1994-05-29,0.0,0.0,AI,0.8,zero_fill
GNQ,1994,22,1994-05-30,1994-06-05,0.0,0.0,AI,0.8,zero_fill
GNQ,1994,23,1994-06-06,1994-06-12,0.0,0.0,AI,0.8,zero_fill
GNQ,1994,24,1994-06-13,1994-06-19,0.0,0.0,AI,0.8,zero_fill
GNQ,1994,25,1994-06-20,1994-06-26,0.0,0.0,AI,0.8,zero_fill
GNQ,1994,26,1994-06-27,1994-07-03,0.0,0.0,AI,0.8,zero_fill
GNQ,1994,27,1994-07-04,1994-07-10,0.0,0.0,AI,0.8,zero_fill
GNQ,1994,28,1994-07-11,1994-07-17,0.0,0.0,AI,0.8,zero_fill
GNQ,1994,29,1994-07-18,1994-07-24,0.0,0.0,AI,0.8,zero_fill
GNQ,1994,30,1994-07-25,1994-07-31,0.0,0.0,AI,0.8,zero_fill
GNQ,1994,31,1994-08-01,1994-08-07,0.0,0.0,AI,0.8,zero_fill
GNQ,1994,32,1994-08-08,1994-08-14,0.0,0.0,AI,0.8,zero_fill
GNQ,1994,33,1994-08-15,1994-08-21,0.0,0.0,AI,0.8,zero_fill
GNQ,1994,34,1994-08-22,1994-08-28,0.0,0.0,AI,0.8,zero_fill
GNQ,1994,35,1994-08-29,1994-09-04,0.0,0.0,AI,0.8,zero_fill
GNQ,1994,36,1994-09-05,1994-09-11,0.0,0.0,AI,0.8,zero_fill
GNQ,1994,37,1994-09-12,1994-09-18,0.0,0.0,AI,0.8,zero_fill
GNQ,1994,38,1994-09-19,1994-09-25,0.0,0.0,AI,0.8,zero_fill
GNQ,1994,39,1994-09-26,1994-10-02,0.0,0.0,AI,0.8,zero_fill
GNQ,1994,40,1994-10-03,1994-10-09,0.0,0.0,AI,0.8,zero_fill
GNQ,1994,41,1994-10-10,1994-10-16,0.0,0.0,AI,0.8,zero_fill
GNQ,1994,42,1994-10-17,1994-10-23,0.0,0.0,AI,0.8,zero_fill
GNQ,1994,43,1994-10-24,1994-10-30,0.0,0.0,AI,0.8,zero_fill
GNQ,1994,44,1994-10-31,1994-11-06,0.0,0.0,AI,0.8,zero_fill
GNQ,1994,45,1994-11-07,1994-11-13,0.0,0.0,AI,0.8,zero_fill
GNQ,1994,46,1994-11-14,1994-11-20,0.0,0.0,AI,0.8,zero_fill
GNQ,1994,47,1994-11-21,1994-11-27,0.0,0.0,AI,0.8,zero_fill
GNQ,1994,48,1994-11-28,1994-12-04,0.0,0.0,AI,0.8,zero_fill
GNQ,1994,49,1994-12-05,1994-12-11,0.0,0.0,AI,0.8,zero_fill
GNQ,1994,50,1994-12-12,1994-12-18,0.0,0.0,AI,0.8,zero_fill
GNQ,1994,51,1994-12-19,1994-12-25,0.0,0.0,AI,0.8,zero_fill
GNQ,1994,52,1994-12-26,1995-01-01,0.0,0.0,AI,0.8,zero_fill
GNQ,1995,1,1995-01-02,1995-01-08,0.0,0.0,AI,0.8,zero_fill
GNQ,1995,2,1995-01-09,1995-01-15,0.0,0.0,AI,0.8,zero_fill
GNQ,1995,3,1995-01-16,1995-01-22,0.0,0.0,AI,0.8,zero_fill
GNQ,1995,4,1995-01-23,1995-01-29,0.0,0.0,AI,0.8,zero_fill
GNQ,1995,5,1995-01-30,1995-02-05,0.0,0.0,AI,0.8,zero_fill
GNQ,1995,6,1995-02-06,1995-02-12,0.0,0.0,AI,0.8,zero_fill
GNQ,1995,7,1995-02-13,1995-02-19,0.0,0.0,AI,0.8,zero_fill
GNQ,1995,8,1995-02-20,1995-02-26,0.0,0.0,AI,0.8,zero_fill
GNQ,1995,9,1995-02-27,1995-03-05,0.0,0.0,AI,0.8,zero_fill
GNQ,1995,10,1995-03-06,1995-03-12,0.0,0.0,AI,0.8,zero_fill
GNQ,1995,11,1995-03-13,1995-03-19,0.0,0.0,AI,0.8,zero_fill
GNQ,1995,12,1995-03-20,1995-03-26,0.0,0.0,AI,0.8,zero_fill
GNQ,1995,13,1995-03-27,1995-04-02,0.0,0.0,AI,0.8,zero_fill
GNQ,1995,14,1995-04-03,1995-04-09,0.0,0.0,AI,0.8,zero_fill
GNQ,1995,15,1995-04-10,1995-04-16,0.0,0.0,AI,0.8,zero_fill
GNQ,1995,16,1995-04-17,1995-04-23,0.0,0.0,AI,0.8,zero_fill
GNQ,1995,17,1995-04-24,1995-04-30,0.0,0.0,AI,0.8,zero_fill
GNQ,1995,18,1995-05-01,1995-05-07,0.0,0.0,AI,0.8,zero_fill
GNQ,1995,19,1995-05-08,1995-05-14,0.0,0.0,AI,0.8,zero_fill
GNQ,1995,20,1995-05-15,1995-05-21,0.0,0.0,AI,0.8,zero_fill
GNQ,1995,21,1995-05-22,1995-05-28,0.0,0.0,AI,0.8,zero_fill
GNQ,1995,22,1995-05-29,1995-06-04,0.0,0.0,AI,0.8,zero_fill
GNQ,1995,23,1995-06-05,1995-06-11,0.0,0.0,AI,0.8,zero_fill
GNQ,1995,24,1995-06-12,1995-06-18,0.0,0.0,AI,0.8,zero_fill
GNQ,1995,25,1995-06-19,1995-06-25,0.0,0.0,AI,0.8,zero_fill
GNQ,1995,26,1995-06-26,1995-07-02,0.0,0.0,AI,0.8,zero_fill
GNQ,1995,27,1995-07-03,1995-07-09,0.0,0.0,AI,0.8,zero_fill
GNQ,1995,28,1995-07-10,1995-07-16,0.0,0.0,AI,0.8,zero_fill
GNQ,1995,29,1995-07-17,1995-07-23,0.0,0.0,AI,0.8,zero_fill
GNQ,1995,30,1995-07-24,1995-07-30,0.0,0.0,AI,0.8,zero_fill
GNQ,1995,31,1995-07-31,1995-08-06,0.0,0.0,AI,0.8,zero_fill
GNQ,1995,32,1995-08-07,1995-08-13,0.0,0.0,AI,0.8,zero_fill
GNQ,1995,33,1995-08-14,1995-08-20,0.0,0.0,AI,0.8,zero_fill
GNQ,1995,34,1995-08-21,1995-08-27,0.0,0.0,AI,0.8,zero_fill
GNQ,1995,35,1995-08-28,1995-09-03,0.0,0.0,AI,0.8,zero_fill
GNQ,1995,36,1995-09-04,1995-09-10,0.0,0.0,AI,0.8,zero_fill
GNQ,1995,37,1995-09-11,1995-09-17,0.0,0.0,AI,0.8,zero_fill
GNQ,1995,38,1995-09-18,1995-09-24,0.0,0.0,AI,0.8,zero_fill
GNQ,1995,39,1995-09-25,1995-10-01,0.0,0.0,AI,0.8,zero_fill
GNQ,1995,40,1995-10-02,1995-10-08,0.0,0.0,AI,0.8,zero_fill
GNQ,1995,41,1995-10-09,1995-10-15,0.0,0.0,AI,0.8,zero_fill
GNQ,1995,42,1995-10-16,1995-10-22,0.0,0.0,AI,0.8,zero_fill
GNQ,1995,43,1995-10-23,1995-10-29,0.0,0.0,AI,0.8,zero_fill
GNQ,1995,44,1995-10-30,1995-11-05,0.0,0.0,AI,0.8,zero_fill
GNQ,1995,45,1995-11-06,1995-11-12,0.0,0.0,AI,0.8,zero_fill
GNQ,1995,46,1995-11-13,1995-11-19,0.0,0.0,AI,0.8,zero_fill
GNQ,1995,47,1995-11-20,1995-11-26,0.0,0.0,AI,0.8,zero_fill
GNQ,1995,48,1995-11-27,1995-12-03,0.0,0.0,AI,0.8,zero_fill
GNQ,1995,49,1995-12-04,1995-12-10,0.0,0.0,AI,0.8,zero_fill
GNQ,1995,50,1995-12-11,1995-12-17,0.0,0.0,AI,0.8,zero_fill
GNQ,1995,51,1995-12-18,1995-12-24,0.0,0.0,AI,0.8,zero_fill
GNQ,1995,52,1995-12-25,1995-12-31,0.0,0.0,AI,0.8,zero_fill
GNQ,1996,1,1996-01-01,1996-01-07,0.0,0.0,AI,0.8,zero_fill
GNQ,1996,2,1996-01-08,1996-01-14,0.0,0.0,AI,0.8,zero_fill
GNQ,1996,3,1996-01-15,1996-01-21,0.0,0.0,AI,0.8,zero_fill
GNQ,1996,4,1996-01-22,1996-01-28,0.0,0.0,AI,0.8,zero_fill
GNQ,1996,5,1996-01-29,1996-02-04,0.0,0.0,AI,0.8,zero_fill
GNQ,1996,6,1996-02-05,1996-02-11,0.0,0.0,AI,0.8,zero_fill
GNQ,1996,7,1996-02-12,1996-02-18,0.0,0.0,AI,0.8,zero_fill
GNQ,1996,8,1996-02-19,1996-02-25,0.0,0.0,AI,0.8,zero_fill
GNQ,1996,9,1996-02-26,1996-03-03,0.0,0.0,AI,0.8,zero_fill
GNQ,1996,10,1996-03-04,1996-03-10,0.0,0.0,AI,0.8,zero_fill
GNQ,1996,11,1996-03-11,1996-03-17,0.0,0.0,AI,0.8,zero_fill
GNQ,1996,12,1996-03-18,1996-03-24,0.0,0.0,AI,0.8,zero_fill
GNQ,1996,13,1996-03-25,1996-03-31,0.0,0.0,AI,0.8,zero_fill
GNQ,1996,14,1996-04-01,1996-04-07,0.0,0.0,AI,0.8,zero_fill
GNQ,1996,15,1996-04-08,1996-04-14,0.0,0.0,AI,0.8,zero_fill
GNQ,1996,16,1996-04-15,1996-04-21,0.0,0.0,AI,0.8,zero_fill
GNQ,1996,17,1996-04-22,1996-04-28,0.0,0.0,AI,0.8,zero_fill
GNQ,1996,18,1996-04-29,1996-05-05,0.0,0.0,AI,0.8,zero_fill
GNQ,1996,19,1996-05-06,1996-05-12,0.0,0.0,AI,0.8,zero_fill
GNQ,1996,20,1996-05-13,1996-05-19,0.0,0.0,AI,0.8,zero_fill
GNQ,1996,21,1996-05-20,1996-05-26,0.0,0.0,AI,0.8,zero_fill
GNQ,1996,22,1996-05-27,1996-06-02,0.0,0.0,AI,0.8,zero_fill
GNQ,1996,23,1996-06-03,1996-06-09,0.0,0.0,AI,0.8,zero_fill
GNQ,1996,24,1996-06-10,1996-06-16,0.0,0.0,AI,0.8,zero_fill
GNQ,1996,25,1996-06-17,1996-06-23,0.0,0.0,AI,0.8,zero_fill
GNQ,1996,26,1996-06-24,1996-06-30,0.0,0.0,AI,0.8,zero_fill
GNQ,1996,27,1996-07-01,1996-07-07,0.0,0.0,AI,0.8,zero_fill
GNQ,1996,28,1996-07-08,1996-07-14,0.0,0.0,AI,0.8,zero_fill
GNQ,1996,29,1996-07-15,1996-07-21,0.0,0.0,AI,0.8,zero_fill
GNQ,1996,30,1996-07-22,1996-07-28,0.0,0.0,AI,0.8,zero_fill
GNQ,1996,31,1996-07-29,1996-08-04,0.0,0.0,AI,0.8,zero_fill
GNQ,1996,32,1996-08-05,1996-08-11,0.0,0.0,AI,0.8,zero_fill
GNQ,1996,33,1996-08-12,1996-08-18,0.0,0.0,AI,0.8,zero_fill
GNQ,1996,34,1996-08-19,1996-08-25,0.0,0.0,AI,0.8,zero_fill
GNQ,1996,35,1996-08-26,1996-09-01,0.0,0.0,AI,0.8,zero_fill
GNQ,1996,36,1996-09-02,1996-09-08,0.0,0.0,AI,0.8,zero_fill
GNQ,1996,37,1996-09-09,1996-09-15,0.0,0.0,AI,0.8,zero_fill
GNQ,1996,38,1996-09-16,1996-09-22,0.0,0.0,AI,0.8,zero_fill
GNQ,1996,39,1996-09-23,1996-09-29,0.0,0.0,AI,0.8,zero_fill
GNQ,1996,40,1996-09-30,1996-10-06,0.0,0.0,AI,0.8,zero_fill
GNQ,1996,41,1996-10-07,1996-10-13,0.0,0.0,AI,0.8,zero_fill
GNQ,1996,42,1996-10-14,1996-10-20,0.0,0.0,AI,0.8,zero_fill
GNQ,1996,43,1996-10-21,1996-10-27,0.0,0.0,AI,0.8,zero_fill
GNQ,1996,44,1996-10-28,1996-11-03,0.0,0.0,AI,0.8,zero_fill
GNQ,1996,45,1996-11-04,1996-11-10,0.0,0.0,AI,0.8,zero_fill
GNQ,1996,46,1996-11-11,1996-11-17,0.0,0.0,AI,0.8,zero_fill
GNQ,1996,47,1996-11-18,1996-11-24,0.0,0.0,AI,0.8,zero_fill
GNQ,1996,48,1996-11-25,1996-12-01,0.0,0.0,AI,0.8,zero_fill
GNQ,1996,49,1996-12-02,1996-12-08,0.0,0.0,AI,0.8,zero_fill
GNQ,1996,50,1996-12-09,1996-12-15,0.0,0.0,AI,0.8,zero_fill
GNQ,1996,51,1996-12-16,1996-12-22,0.0,0.0,AI,0.8,zero_fill
GNQ,1996,52,1996-12-23,1996-12-29,0.0,0.0,AI,0.8,zero_fill
GNQ,1997,1,1996-12-30,1997-01-05,0.0,0.0,AI,0.8,zero_fill
GNQ,1997,2,1997-01-06,1997-01-12,0.0,0.0,AI,0.8,zero_fill
GNQ,1997,3,1997-01-13,1997-01-19,0.0,0.0,AI,0.8,zero_fill
GNQ,1997,4,1997-01-20,1997-01-26,0.0,0.0,AI,0.8,zero_fill
GNQ,1997,5,1997-01-27,1997-02-02,0.0,0.0,AI,0.8,zero_fill
GNQ,1997,6,1997-02-03,1997-02-09,0.0,0.0,AI,0.8,zero_fill
GNQ,1997,7,1997-02-10,1997-02-16,0.0,0.0,AI,0.8,zero_fill
GNQ,1997,8,1997-02-17,1997-02-23,0.0,0.0,AI,0.8,zero_fill
GNQ,1997,9,1997-02-24,1997-03-02,0.0,0.0,AI,0.8,zero_fill
GNQ,1997,10,1997-03-03,1997-03-09,0.0,0.0,AI,0.8,zero_fill
GNQ,1997,11,1997-03-10,1997-03-16,0.0,0.0,AI,0.8,zero_fill
GNQ,1997,12,1997-03-17,1997-03-23,0.0,0.0,AI,0.8,zero_fill
GNQ,1997,13,1997-03-24,1997-03-30,0.0,0.0,AI,0.8,zero_fill
GNQ,1997,14,1997-03-31,1997-04-06,0.0,0.0,AI,0.8,zero_fill
GNQ,1997,15,1997-04-07,1997-04-13,0.0,0.0,AI,0.8,zero_fill
GNQ,1997,16,1997-04-14,1997-04-20,0.0,0.0,AI,0.8,zero_fill
GNQ,1997,17,1997-04-21,1997-04-27,0.0,0.0,AI,0.8,zero_fill
GNQ,1997,18,1997-04-28,1997-05-04,0.0,0.0,AI,0.8,zero_fill
GNQ,1997,19,1997-05-05,1997-05-11,0.0,0.0,AI,0.8,zero_fill
GNQ,1997,20,1997-05-12,1997-05-18,0.0,0.0,AI,0.8,zero_fill
GNQ,1997,21,1997-05-19,1997-05-25,0.0,0.0,AI,0.8,zero_fill
GNQ,1997,22,1997-05-26,1997-06-01,0.0,0.0,AI,0.8,zero_fill
GNQ,1997,23,1997-06-02,1997-06-08,0.0,0.0,AI,0.8,zero_fill
GNQ,1997,24,1997-06-09,1997-06-15,0.0,0.0,AI,0.8,zero_fill
GNQ,1997,25,1997-06-16,1997-06-22,0.0,0.0,AI,0.8,zero_fill
GNQ,1997,26,1997-06-23,1997-06-29,0.0,0.0,AI,0.8,zero_fill
GNQ,1997,27,1997-06-30,1997-07-06,0.0,0.0,AI,0.8,zero_fill
GNQ,1997,28,1997-07-07,1997-07-13,0.0,0.0,AI,0.8,zero_fill
GNQ,1997,29,1997-07-14,1997-07-20,0.0,0.0,AI,0.8,zero_fill
GNQ,1997,30,1997-07-21,1997-07-27,0.0,0.0,AI,0.8,zero_fill
GNQ,1997,31,1997-07-28,1997-08-03,0.0,0.0,AI,0.8,zero_fill
GNQ,1997,32,1997-08-04,1997-08-10,0.0,0.0,AI,0.8,zero_fill
GNQ,1997,33,1997-08-11,1997-08-17,0.0,0.0,AI,0.8,zero_fill
GNQ,1997,34,1997-08-18,1997-08-24,0.0,0.0,AI,0.8,zero_fill
GNQ,1997,35,1997-08-25,1997-08-31,0.0,0.0,AI,0.8,zero_fill
GNQ,1997,36,1997-09-01,1997-09-07,0.0,0.0,AI,0.8,zero_fill
GNQ,1997,37,1997-09-08,1997-09-14,0.0,0.0,AI,0.8,zero_fill
GNQ,1997,38,1997-09-15,1997-09-21,0.0,0.0,AI,0.8,zero_fill
GNQ,1997,39,1997-09-22,1997-09-28,0.0,0.0,AI,0.8,zero_fill
GNQ,1997,40,1997-09-29,1997-10-05,0.0,0.0,AI,0.8,zero_fill
GNQ,1997,41,1997-10-06,1997-10-12,0.0,0.0,AI,0.8,zero_fill
GNQ,1997,42,1997-10-13,1997-10-19,0.0,0.0,AI,0.8,zero_fill
GNQ,1997,43,1997-10-20,1997-10-26,0.0,0.0,AI,0.8,zero_fill
GNQ,1997,44,1997-10-27,1997-11-02,0.0,0.0,AI,0.8,zero_fill
GNQ,1997,45,1997-11-03,1997-11-09,0.0,0.0,AI,0.8,zero_fill
GNQ,1997,46,1997-11-10,1997-11-16,0.0,0.0,AI,0.8,zero_fill
GNQ,1997,47,1997-11-17,1997-11-23,0.0,0.0,AI,0.8,zero_fill
GNQ,1997,48,1997-11-24,1997-11-30,0.0,0.0,AI,0.8,zero_fill
GNQ,1997,49,1997-12-01,1997-12-07,0.0,0.0,AI,0.8,zero_fill
GNQ,1997,50,1997-12-08,1997-12-14,0.0,0.0,AI,0.8,zero_fill
GNQ,1997,51,1997-12-15,1997-12-21,0.0,0.0,AI,0.8,zero_fill
GNQ,1997,52,1997-12-22,1997-12-28,0.0,0.0,AI,0.8,zero_fill
GNQ,1998,1,1997-12-29,1998-01-04,0.0,0.0,AI,0.8,zero_fill
GNQ,1998,2,1998-01-05,1998-01-11,0.0,0.0,AI,0.8,zero_fill
GNQ,1998,3,1998-01-12,1998-01-18,0.0,0.0,AI,0.8,zero_fill
GNQ,1998,4,1998-01-19,1998-01-25,0.0,0.0,AI,0.8,zero_fill
GNQ,1998,5,1998-01-26,1998-02-01,0.0,0.0,AI,0.8,zero_fill
GNQ,1998,6,1998-02-02,1998-02-08,0.0,0.0,AI,0.8,zero_fill
GNQ,1998,7,1998-02-09,1998-02-15,0.0,0.0,AI,0.8,zero_fill
GNQ,1998,8,1998-02-16,1998-02-22,0.0,0.0,AI,0.8,zero_fill
GNQ,1998,9,1998-02-23,1998-03-01,0.0,0.0,AI,0.8,zero_fill
GNQ,1998,10,1998-03-02,1998-03-08,0.0,0.0,AI,0.8,zero_fill
GNQ,1998,11,1998-03-09,1998-03-15,0.0,0.0,AI,0.8,zero_fill
GNQ,1998,12,1998-03-16,1998-03-22,0.0,0.0,AI,0.8,zero_fill
GNQ,1998,13,1998-03-23,1998-03-29,0.0,0.0,AI,0.8,zero_fill
GNQ,1998,14,1998-03-30,1998-04-05,0.0,0.0,AI,0.8,zero_fill
GNQ,1998,15,1998-04-06,1998-04-12,0.0,0.0,AI,0.8,zero_fill
GNQ,1998,16,1998-04-13,1998-04-19,0.0,0.0,AI,0.8,zero_fill
GNQ,1998,17,1998-04-20,1998-04-26,0.0,0.0,AI,0.8,zero_fill
GNQ,1998,18,1998-04-27,1998-05-03,0.0,0.0,AI,0.8,zero_fill
GNQ,1998,19,1998-05-04,1998-05-10,0.0,0.0,AI,0.8,zero_fill
GNQ,1998,20,1998-05-11,1998-05-17,0.0,0.0,AI,0.8,zero_fill
GNQ,1998,21,1998-05-18,1998-05-24,0.0,0.0,AI,0.8,zero_fill
GNQ,1998,22,1998-05-25,1998-05-31,0.0,0.0,AI,0.8,zero_fill
GNQ,1998,23,1998-06-01,1998-06-07,0.0,0.0,AI,0.8,zero_fill
GNQ,1998,24,1998-06-08,1998-06-14,0.0,0.0,AI,0.8,zero_fill
GNQ,1998,25,1998-06-15,1998-06-21,0.0,0.0,AI,0.8,zero_fill
GNQ,1998,26,1998-06-22,1998-06-28,0.0,0.0,AI,0.8,zero_fill
GNQ,1998,27,1998-06-29,1998-07-05,0.0,0.0,AI,0.8,zero_fill
GNQ,1998,28,1998-07-06,1998-07-12,0.0,0.0,AI,0.8,zero_fill
GNQ,1998,29,1998-07-13,1998-07-19,0.0,0.0,AI,0.8,zero_fill
GNQ,1998,30,1998-07-20,1998-07-26,0.0,0.0,AI,0.8,zero_fill
GNQ,1998,31,1998-07-27,1998-08-02,0.0,0.0,AI,0.8,zero_fill
GNQ,1998,32,1998-08-03,1998-08-09,0.0,0.0,AI,0.8,zero_fill
GNQ,1998,33,1998-08-10,1998-08-16,0.0,0.0,AI,0.8,zero_fill
GNQ,1998,34,1998-08-17,1998-08-23,0.0,0.0,AI,0.8,zero_fill
GNQ,1998,35,1998-08-24,1998-08-30,0.0,0.0,AI,0.8,zero_fill
GNQ,1998,36,1998-08-31,1998-09-06,0.0,0.0,AI,0.8,zero_fill
GNQ,1998,37,1998-09-07,1998-09-13,0.0,0.0,AI,0.8,zero_fill
GNQ,1998,38,1998-09-14,1998-09-20,0.0,0.0,AI,0.8,zero_fill
GNQ,1998,39,1998-09-21,1998-09-27,0.0,0.0,AI,0.8,zero_fill
GNQ,1998,40,1998-09-28,1998-10-04,0.0,0.0,AI,0.8,zero_fill
GNQ,1998,41,1998-10-05,1998-10-11,0.0,0.0,AI,0.8,zero_fill
GNQ,1998,42,1998-10-12,1998-10-18,0.0,0.0,AI,0.8,zero_fill
GNQ,1998,43,1998-10-19,1998-10-25,0.0,0.0,AI,0.8,zero_fill
GNQ,1998,44,1998-10-26,1998-11-01,0.0,0.0,AI,0.8,zero_fill
GNQ,1998,45,1998-11-02,1998-11-08,0.0,0.0,AI,0.8,zero_fill
GNQ,1998,46,1998-11-09,1998-11-15,0.0,0.0,AI,0.8,zero_fill
GNQ,1998,47,1998-11-16,1998-11-22,0.0,0.0,AI,0.8,zero_fill
GNQ,1998,48,1998-11-23,1998-11-29,0.0,0.0,AI,0.8,zero_fill
GNQ,1998,49,1998-11-30,1998-12-06,0.0,0.0,AI,0.8,zero_fill
GNQ,1998,50,1998-12-07,1998-12-13,0.0,0.0,AI,0.8,zero_fill
GNQ,1998,51,1998-12-14,1998-12-20,0.0,0.0,AI,0.8,zero_fill
GNQ,1998,52,1998-12-21,1998-12-27,0.0,0.0,AI,0.8,zero_fill
GNQ,1998,53,1998-12-28,1999-01-03,0.0,0.0,AI,0.8,zero_fill
GNQ,1999,1,1999-01-04,1999-01-10,0.0,0.0,AI,0.8,zero_fill
GNQ,1999,2,1999-01-11,1999-01-17,0.0,0.0,AI,0.8,zero_fill
GNQ,1999,3,1999-01-18,1999-01-24,0.0,0.0,AI,0.8,zero_fill
GNQ,1999,4,1999-01-25,1999-01-31,0.0,0.0,AI,0.8,zero_fill
GNQ,1999,5,1999-02-01,1999-02-07,0.0,0.0,AI,0.8,zero_fill
GNQ,1999,6,1999-02-08,1999-02-14,0.0,0.0,AI,0.8,zero_fill
GNQ,1999,7,1999-02-15,1999-02-21,0.0,0.0,AI,0.8,zero_fill
GNQ,1999,8,1999-02-22,1999-02-28,0.0,0.0,AI,0.8,zero_fill
GNQ,1999,9,1999-03-01,1999-03-07,0.0,0.0,AI,0.8,zero_fill
GNQ,1999,10,1999-03-08,1999-03-14,0.0,0.0,AI,0.8,zero_fill
GNQ,1999,11,1999-03-15,1999-03-21,0.0,0.0,AI,0.8,zero_fill
GNQ,1999,12,1999-03-22,1999-03-28,0.0,0.0,AI,0.8,zero_fill
GNQ,1999,13,1999-03-29,1999-04-04,0.0,0.0,AI,0.8,zero_fill
GNQ,1999,14,1999-04-05,1999-04-11,0.0,0.0,AI,0.8,zero_fill
GNQ,1999,15,1999-04-12,1999-04-18,0.0,0.0,AI,0.8,zero_fill
GNQ,1999,16,1999-04-19,1999-04-25,0.0,0.0,AI,0.8,zero_fill
GNQ,1999,17,1999-04-26,1999-05-02,0.0,0.0,AI,0.8,zero_fill
GNQ,1999,18,1999-05-03,1999-05-09,0.0,0.0,AI,0.8,zero_fill
GNQ,1999,19,1999-05-10,1999-05-16,0.0,0.0,AI,0.8,zero_fill
GNQ,1999,20,1999-05-17,1999-05-23,0.0,0.0,AI,0.8,zero_fill
GNQ,1999,21,1999-05-24,1999-05-30,0.0,0.0,AI,0.8,zero_fill
GNQ,1999,22,1999-05-31,1999-06-06,0.0,0.0,AI,0.8,zero_fill
GNQ,1999,23,1999-06-07,1999-06-13,0.0,0.0,AI,0.8,zero_fill
GNQ,1999,24,1999-06-14,1999-06-20,0.0,0.0,AI,0.8,zero_fill
GNQ,1999,25,1999-06-21,1999-06-27,0.0,0.0,AI,0.8,zero_fill
GNQ,1999,26,1999-06-28,1999-07-04,0.0,0.0,AI,0.8,zero_fill
GNQ,1999,27,1999-07-05,1999-07-11,0.0,0.0,AI,0.8,zero_fill
GNQ,1999,28,1999-07-12,1999-07-18,0.0,0.0,AI,0.8,zero_fill
GNQ,1999,29,1999-07-19,1999-07-25,0.0,0.0,AI,0.8,zero_fill
GNQ,1999,30,1999-07-26,1999-08-01,0.0,0.0,AI,0.8,zero_fill
GNQ,1999,31,1999-08-02,1999-08-08,0.0,0.0,AI,0.8,zero_fill
GNQ,1999,32,1999-08-09,1999-08-15,0.0,0.0,AI,0.8,zero_fill
GNQ,1999,33,1999-08-16,1999-08-22,0.0,0.0,AI,0.8,zero_fill
GNQ,1999,34,1999-08-23,1999-08-29,0.0,0.0,AI,0.8,zero_fill
GNQ,1999,35,1999-08-30,1999-09-05,0.0,0.0,AI,0.8,zero_fill
GNQ,1999,36,1999-09-06,1999-09-12,0.0,0.0,AI,0.8,zero_fill
GNQ,1999,37,1999-09-13,1999-09-19,0.0,0.0,AI,0.8,zero_fill
GNQ,1999,38,1999-09-20,1999-09-26,0.0,0.0,AI,0.8,zero_fill
GNQ,1999,39,1999-09-27,1999-10-03,0.0,0.0,AI,0.8,zero_fill
GNQ,1999,40,1999-10-04,1999-10-10,0.0,0.0,AI,0.8,zero_fill
GNQ,1999,41,1999-10-11,1999-10-17,0.0,0.0,AI,0.8,zero_fill
GNQ,1999,42,1999-10-18,1999-10-24,0.0,0.0,AI,0.8,zero_fill
GNQ,1999,43,1999-10-25,1999-10-31,0.0,0.0,AI,0.8,zero_fill
GNQ,1999,44,1999-11-01,1999-11-07,0.0,0.0,AI,0.8,zero_fill
GNQ,1999,45,1999-11-08,1999-11-14,0.0,0.0,AI,0.8,zero_fill
GNQ,1999,46,1999-11-15,1999-11-21,0.0,0.0,AI,0.8,zero_fill
GNQ,1999,47,1999-11-22,1999-11-28,0.0,0.0,AI,0.8,zero_fill
GNQ,1999,48,1999-11-29,1999-12-05,0.0,0.0,AI,0.8,zero_fill
GNQ,1999,49,1999-12-06,1999-12-12,0.0,0.0,AI,0.8,zero_fill
GNQ,1999,50,1999-12-13,1999-12-19,0.0,0.0,AI,0.8,zero_fill
GNQ,1999,51,1999-12-20,1999-12-26,0.0,0.0,AI,0.8,zero_fill
GNQ,1999,52,1999-12-27,2000-01-02,0.0,0.0,AI,0.8,zero_fill
GNQ,2000,1,2000-01-03,2000-01-09,0.0,0.0,AI,0.8,zero_fill
GNQ,2000,2,2000-01-10,2000-01-16,0.0,0.0,AI,0.8,zero_fill
GNQ,2000,3,2000-01-17,2000-01-23,0.0,0.0,AI,0.8,zero_fill
GNQ,2000,4,2000-01-24,2000-01-30,0.0,0.0,AI,0.8,zero_fill
GNQ,2000,5,2000-01-31,2000-02-06,0.0,0.0,AI,0.8,zero_fill
GNQ,2000,6,2000-02-07,2000-02-13,0.0,0.0,AI,0.8,zero_fill
GNQ,2000,7,2000-02-14,2000-02-20,0.0,0.0,AI,0.8,zero_fill
GNQ,2000,8,2000-02-21,2000-02-27,0.0,0.0,AI,0.8,zero_fill
GNQ,2000,9,2000-02-28,2000-03-05,0.0,0.0,AI,0.8,zero_fill
GNQ,2000,10,2000-03-06,2000-03-12,0.0,0.0,AI,0.8,zero_fill
GNQ,2000,11,2000-03-13,2000-03-19,0.0,0.0,AI,0.8,zero_fill
GNQ,2000,12,2000-03-20,2000-03-26,0.0,0.0,AI,0.8,zero_fill
GNQ,2000,13,2000-03-27,2000-04-02,0.0,0.0,AI,0.8,zero_fill
GNQ,2000,14,2000-04-03,2000-04-09,0.0,0.0,AI,0.8,zero_fill
GNQ,2000,15,2000-04-10,2000-04-16,0.0,0.0,AI,0.8,zero_fill
GNQ,2000,16,2000-04-17,2000-04-23,0.0,0.0,AI,0.8,zero_fill
GNQ,2000,17,2000-04-24,2000-04-30,0.0,0.0,AI,0.8,zero_fill
GNQ,2000,18,2000-05-01,2000-05-07,0.0,0.0,AI,0.8,zero_fill
GNQ,2000,19,2000-05-08,2000-05-14,0.0,0.0,AI,0.8,zero_fill
GNQ,2000,20,2000-05-15,2000-05-21,0.0,0.0,AI,0.8,zero_fill
GNQ,2000,21,2000-05-22,2000-05-28,0.0,0.0,AI,0.8,zero_fill
GNQ,2000,22,2000-05-29,2000-06-04,0.0,0.0,AI,0.8,zero_fill
GNQ,2000,23,2000-06-05,2000-06-11,0.0,0.0,AI,0.8,zero_fill
GNQ,2000,24,2000-06-12,2000-06-18,0.0,0.0,AI,0.8,zero_fill
GNQ,2000,25,2000-06-19,2000-06-25,0.0,0.0,AI,0.8,zero_fill
GNQ,2000,26,2000-06-26,2000-07-02,0.0,0.0,AI,0.8,zero_fill
GNQ,2000,27,2000-07-03,2000-07-09,0.0,0.0,AI,0.8,zero_fill
GNQ,2000,28,2000-07-10,2000-07-16,0.0,0.0,AI,0.8,zero_fill
GNQ,2000,29,2000-07-17,2000-07-23,0.0,0.0,AI,0.8,zero_fill
GNQ,2000,30,2000-07-24,2000-07-30,0.0,0.0,AI,0.8,zero_fill
GNQ,2000,31,2000-07-31,2000-08-06,0.0,0.0,AI,0.8,zero_fill
GNQ,2000,32,2000-08-07,2000-08-13,0.0,0.0,AI,0.8,zero_fill
GNQ,2000,33,2000-08-14,2000-08-20,0.0,0.0,AI,0.8,zero_fill
GNQ,2000,34,2000-08-21,2000-08-27,0.0,0.0,AI,0.8,zero_fill
GNQ,2000,35,2000-08-28,2000-09-03,0.0,0.0,AI,0.8,zero_fill
GNQ,2000,36,2000-09-04,2000-09-10,0.0,0.0,AI,0.8,zero_fill
GNQ,2000,37,2000-09-11,2000-09-17,0.0,0.0,AI,0.8,zero_fill
GNQ,2000,38,2000-09-18,2000-09-24,0.0,0.0,AI,0.8,zero_fill
GNQ,2000,39,2000-09-25,2000-10-01,0.0,0.0,AI,0.8,zero_fill
GNQ,2000,40,2000-10-02,2000-10-08,0.0,0.0,AI,0.8,zero_fill
GNQ,2000,41,2000-10-09,2000-10-15,0.0,0.0,AI,0.8,zero_fill
GNQ,2000,42,2000-10-16,2000-10-22,0.0,0.0,AI,0.8,zero_fill
GNQ,2000,43,2000-10-23,2000-10-29,0.0,0.0,AI,0.8,zero_fill
GNQ,2000,44,2000-10-30,2000-11-05,0.0,0.0,AI,0.8,zero_fill
GNQ,2000,45,2000-11-06,2000-11-12,0.0,0.0,AI,0.8,zero_fill
GNQ,2000,46,2000-11-13,2000-11-19,0.0,0.0,AI,0.8,zero_fill
GNQ,2000,47,2000-11-20,2000-11-26,0.0,0.0,AI,0.8,zero_fill
GNQ,2000,48,2000-11-27,2000-12-03,0.0,0.0,AI,0.8,zero_fill
GNQ,2000,49,2000-12-04,2000-12-10,0.0,0.0,AI,0.8,zero_fill
GNQ,2000,50,2000-12-11,2000-12-17,0.0,0.0,AI,0.8,zero_fill
GNQ,2000,51,2000-12-18,2000-12-24,0.0,0.0,AI,0.8,zero_fill
GNQ,2000,52,2000-12-25,2000-12-31,0.0,0.0,AI,0.8,zero_fill
GNQ,2001,1,2001-01-01,2001-01-07,0.0,0.0,AI,0.8,zero_fill
GNQ,2001,2,2001-01-08,2001-01-14,0.0,0.0,AI,0.8,zero_fill
GNQ,2001,3,2001-01-15,2001-01-21,0.0,0.0,AI,0.8,zero_fill
GNQ,2001,4,2001-01-22,2001-01-28,0.0,0.0,AI,0.8,zero_fill
GNQ,2001,5,2001-01-29,2001-02-04,0.0,0.0,AI,0.8,zero_fill
GNQ,2001,6,2001-02-05,2001-02-11,0.0,0.0,AI,0.8,zero_fill
GNQ,2001,7,2001-02-12,2001-02-18,0.0,0.0,AI,0.8,zero_fill
GNQ,2001,8,2001-02-19,2001-02-25,0.0,0.0,AI,0.8,zero_fill
GNQ,2001,9,2001-02-26,2001-03-04,0.0,0.0,AI,0.8,zero_fill
GNQ,2001,10,2001-03-05,2001-03-11,0.0,0.0,AI,0.8,zero_fill
GNQ,2001,11,2001-03-12,2001-03-18,0.0,0.0,AI,0.8,zero_fill
GNQ,2001,12,2001-03-19,2001-03-25,0.0,0.0,AI,0.8,zero_fill
GNQ,2001,13,2001-03-26,2001-04-01,0.0,0.0,AI,0.8,zero_fill
GNQ,2001,14,2001-04-02,2001-04-08,0.0,0.0,AI,0.8,zero_fill
GNQ,2001,15,2001-04-09,2001-04-15,0.0,0.0,AI,0.8,zero_fill
GNQ,2001,16,2001-04-16,2001-04-22,0.0,0.0,AI,0.8,zero_fill
GNQ,2001,17,2001-04-23,2001-04-29,0.0,0.0,AI,0.8,zero_fill
GNQ,2001,18,2001-04-30,2001-05-06,0.0,0.0,AI,0.8,zero_fill
GNQ,2001,19,2001-05-07,2001-05-13,0.0,0.0,AI,0.8,zero_fill
GNQ,2001,20,2001-05-14,2001-05-20,0.0,0.0,AI,0.8,zero_fill
GNQ,2001,21,2001-05-21,2001-05-27,0.0,0.0,AI,0.8,zero_fill
GNQ,2001,22,2001-05-28,2001-06-03,0.0,0.0,AI,0.8,zero_fill
GNQ,2001,23,2001-06-04,2001-06-10,0.0,0.0,AI,0.8,zero_fill
GNQ,2001,24,2001-06-11,2001-06-17,0.0,0.0,AI,0.8,zero_fill
GNQ,2001,25,2001-06-18,2001-06-24,0.0,0.0,AI,0.8,zero_fill
GNQ,2001,26,2001-06-25,2001-07-01,0.0,0.0,AI,0.8,zero_fill
GNQ,2001,27,2001-07-02,2001-07-08,0.0,0.0,AI,0.8,zero_fill
GNQ,2001,28,2001-07-09,2001-07-15,0.0,0.0,AI,0.8,zero_fill
GNQ,2001,29,2001-07-16,2001-07-22,0.0,0.0,AI,0.8,zero_fill
GNQ,2001,30,2001-07-23,2001-07-29,0.0,0.0,AI,0.8,zero_fill
GNQ,2001,31,2001-07-30,2001-08-05,0.0,0.0,AI,0.8,zero_fill
GNQ,2001,32,2001-08-06,2001-08-12,0.0,0.0,AI,0.8,zero_fill
GNQ,2001,33,2001-08-13,2001-08-19,0.0,0.0,AI,0.8,zero_fill
GNQ,2001,34,2001-08-20,2001-08-26,0.0,0.0,AI,0.8,zero_fill
GNQ,2001,35,2001-08-27,2001-09-02,0.0,0.0,AI,0.8,zero_fill
GNQ,2001,36,2001-09-03,2001-09-09,0.0,0.0,AI,0.8,zero_fill
GNQ,2001,37,2001-09-10,2001-09-16,0.0,0.0,AI,0.8,zero_fill
GNQ,2001,38,2001-09-17,2001-09-23,0.0,0.0,AI,0.8,zero_fill
GNQ,2001,39,2001-09-24,2001-09-30,0.0,0.0,AI,0.8,zero_fill
GNQ,2001,40,2001-10-01,2001-10-07,0.0,0.0,AI,0.8,zero_fill
GNQ,2001,41,2001-10-08,2001-10-14,0.0,0.0,AI,0.8,zero_fill
GNQ,2001,42,2001-10-15,2001-10-21,0.0,0.0,AI,0.8,zero_fill
GNQ,2001,43,2001-10-22,2001-10-28,0.0,0.0,AI,0.8,zero_fill
GNQ,2001,44,2001-10-29,2001-11-04,0.0,0.0,AI,0.8,zero_fill
GNQ,2001,45,2001-11-05,2001-11-11,0.0,0.0,AI,0.8,zero_fill
GNQ,2001,46,2001-11-12,2001-11-18,0.0,0.0,AI,0.8,zero_fill
GNQ,2001,47,2001-11-19,2001-11-25,0.0,0.0,AI,0.8,zero_fill
GNQ,2001,48,2001-11-26,2001-12-02,0.0,0.0,AI,0.8,zero_fill
GNQ,2001,49,2001-12-03,2001-12-09,0.0,0.0,AI,0.8,zero_fill
GNQ,2001,50,2001-12-10,2001-12-16,0.0,0.0,AI,0.8,zero_fill
GNQ,2001,51,2001-12-17,2001-12-23,0.0,0.0,AI,0.8,zero_fill
GNQ,2001,52,2001-12-24,2001-12-30,0.0,0.0,AI,0.8,zero_fill
GNQ,2002,1,2001-12-31,2002-01-06,0.0,0.0,AI,0.8,zero_fill
GNQ,2002,2,2002-01-07,2002-01-13,0.0,0.0,AI,0.8,zero_fill
GNQ,2002,3,2002-01-14,2002-01-20,0.0,0.0,AI,0.8,zero_fill
GNQ,2002,4,2002-01-21,2002-01-27,0.0,0.0,AI,0.8,zero_fill
GNQ,2002,5,2002-01-28,2002-02-03,0.0,0.0,AI,0.8,zero_fill
GNQ,2002,6,2002-02-04,2002-02-10,0.0,0.0,AI,0.8,zero_fill
GNQ,2002,7,2002-02-11,2002-02-17,0.0,0.0,AI,0.8,zero_fill
GNQ,2002,8,2002-02-18,2002-02-24,0.0,0.0,AI,0.8,zero_fill
GNQ,2002,9,2002-02-25,2002-03-03,0.0,0.0,AI,0.8,zero_fill
GNQ,2002,10,2002-03-04,2002-03-10,0.0,0.0,AI,0.8,zero_fill
GNQ,2002,11,2002-03-11,2002-03-17,0.0,0.0,AI,0.8,zero_fill
GNQ,2002,12,2002-03-18,2002-03-24,0.0,0.0,AI,0.8,zero_fill
GNQ,2002,13,2002-03-25,2002-03-31,0.0,0.0,AI,0.8,zero_fill
GNQ,2002,14,2002-04-01,2002-04-07,0.0,0.0,AI,0.8,zero_fill
GNQ,2002,15,2002-04-08,2002-04-14,0.0,0.0,AI,0.8,zero_fill
GNQ,2002,16,2002-04-15,2002-04-21,0.0,0.0,AI,0.8,zero_fill
GNQ,2002,17,2002-04-22,2002-04-28,0.0,0.0,AI,0.8,zero_fill
GNQ,2002,18,2002-04-29,2002-05-05,0.0,0.0,AI,0.8,zero_fill
GNQ,2002,19,2002-05-06,2002-05-12,0.0,0.0,AI,0.8,zero_fill
GNQ,2002,20,2002-05-13,2002-05-19,0.0,0.0,AI,0.8,zero_fill
GNQ,2002,21,2002-05-20,2002-05-26,0.0,0.0,AI,0.8,zero_fill
GNQ,2002,22,2002-05-27,2002-06-02,0.0,0.0,AI,0.8,zero_fill
GNQ,2002,23,2002-06-03,2002-06-09,0.0,0.0,AI,0.8,zero_fill
GNQ,2002,24,2002-06-10,2002-06-16,0.0,0.0,AI,0.8,zero_fill
GNQ,2002,25,2002-06-17,2002-06-23,0.0,0.0,AI,0.8,zero_fill
GNQ,2002,26,2002-06-24,2002-06-30,0.0,0.0,AI,0.8,zero_fill
GNQ,2002,27,2002-07-01,2002-07-07,0.0,0.0,AI,0.8,zero_fill
GNQ,2002,28,2002-07-08,2002-07-14,0.0,0.0,AI,0.8,zero_fill
GNQ,2002,29,2002-07-15,2002-07-21,0.0,0.0,AI,0.8,zero_fill
GNQ,2002,30,2002-07-22,2002-07-28,0.0,0.0,AI,0.8,zero_fill
GNQ,2002,31,2002-07-29,2002-08-04,0.0,0.0,AI,0.8,zero_fill
GNQ,2002,32,2002-08-05,2002-08-11,0.0,0.0,AI,0.8,zero_fill
GNQ,2002,33,2002-08-12,2002-08-18,0.0,0.0,AI,0.8,zero_fill
GNQ,2002,34,2002-08-19,2002-08-25,0.0,0.0,AI,0.8,zero_fill
GNQ,2002,35,2002-08-26,2002-09-01,0.0,0.0,AI,0.8,zero_fill
GNQ,2002,36,2002-09-02,2002-09-08,0.0,0.0,AI,0.8,zero_fill
GNQ,2002,37,2002-09-09,2002-09-15,0.0,0.0,AI,0.8,zero_fill
GNQ,2002,38,2002-09-16,2002-09-22,0.0,0.0,AI,0.8,zero_fill
GNQ,2002,39,2002-09-23,2002-09-29,0.0,0.0,AI,0.8,zero_fill
GNQ,2002,40,2002-09-30,2002-10-06,0.0,0.0,AI,0.8,zero_fill
GNQ,2002,41,2002-10-07,2002-10-13,0.0,0.0,AI,0.8,zero_fill
GNQ,2002,42,2002-10-14,2002-10-20,0.0,0.0,AI,0.8,zero_fill
GNQ,2002,43,2002-10-21,2002-10-27,0.0,0.0,AI,0.8,zero_fill
GNQ,2002,44,2002-10-28,2002-11-03,0.0,0.0,AI,0.8,zero_fill
GNQ,2002,45,2002-11-04,2002-11-10,0.0,0.0,AI,0.8,zero_fill
GNQ,2002,46,2002-11-11,2002-11-17,0.0,0.0,AI,0.8,zero_fill
GNQ,2002,47,2002-11-18,2002-11-24,0.0,0.0,AI,0.8,zero_fill
GNQ,2002,48,2002-11-25,2002-12-01,0.0,0.0,AI,0.8,zero_fill
GNQ,2002,49,2002-12-02,2002-12-08,0.0,0.0,AI,0.8,zero_fill
GNQ,2002,50,2002-12-09,2002-12-15,0.0,0.0,AI,0.8,zero_fill
GNQ,2002,51,2002-12-16,2002-12-22,0.0,0.0,AI,0.8,zero_fill
GNQ,2002,52,2002-12-23,2002-12-29,0.0,0.0,AI,0.8,zero_fill
GNQ,2003,1,2002-12-30,2003-01-05,0.0,0.0,AI,0.8,zero_fill
GNQ,2003,2,2003-01-06,2003-01-12,0.0,0.0,AI,0.8,zero_fill
GNQ,2003,3,2003-01-13,2003-01-19,0.0,0.0,AI,0.8,zero_fill
GNQ,2003,4,2003-01-20,2003-01-26,0.0,0.0,AI,0.8,zero_fill
GNQ,2003,5,2003-01-27,2003-02-02,0.0,0.0,AI,0.8,zero_fill
GNQ,2003,6,2003-02-03,2003-02-09,0.0,0.0,AI,0.8,zero_fill
GNQ,2003,7,2003-02-10,2003-02-16,0.0,0.0,AI,0.8,zero_fill
GNQ,2003,8,2003-02-17,2003-02-23,0.0,0.0,AI,0.8,zero_fill
GNQ,2003,9,2003-02-24,2003-03-02,0.0,0.0,AI,0.8,zero_fill
GNQ,2003,10,2003-03-03,2003-03-09,0.0,0.0,AI,0.8,zero_fill
GNQ,2003,11,2003-03-10,2003-03-16,0.0,0.0,AI,0.8,zero_fill
GNQ,2003,12,2003-03-17,2003-03-23,0.0,0.0,AI,0.8,zero_fill
GNQ,2003,13,2003-03-24,2003-03-30,0.0,0.0,AI,0.8,zero_fill
GNQ,2003,14,2003-03-31,2003-04-06,0.0,0.0,AI,0.8,zero_fill
GNQ,2003,15,2003-04-07,2003-04-13,0.0,0.0,AI,0.8,zero_fill
GNQ,2003,16,2003-04-14,2003-04-20,0.0,0.0,AI,0.8,zero_fill
GNQ,2003,17,2003-04-21,2003-04-27,0.0,0.0,AI,0.8,zero_fill
GNQ,2003,18,2003-04-28,2003-05-04,0.0,0.0,AI,0.8,zero_fill
GNQ,2003,19,2003-05-05,2003-05-11,0.0,0.0,AI,0.8,zero_fill
GNQ,2003,20,2003-05-12,2003-05-18,0.0,0.0,AI,0.8,zero_fill
GNQ,2003,21,2003-05-19,2003-05-25,0.0,0.0,AI,0.8,zero_fill
GNQ,2003,22,2003-05-26,2003-06-01,0.0,0.0,AI,0.8,zero_fill
GNQ,2003,23,2003-06-02,2003-06-08,0.0,0.0,AI,0.8,zero_fill
GNQ,2003,24,2003-06-09,2003-06-15,0.0,0.0,AI,0.8,zero_fill
GNQ,2003,25,2003-06-16,2003-06-22,0.0,0.0,AI,0.8,zero_fill
GNQ,2003,26,2003-06-23,2003-06-29,0.0,0.0,AI,0.8,zero_fill
GNQ,2003,27,2003-06-30,2003-07-06,0.0,0.0,AI,0.8,zero_fill
GNQ,2003,28,2003-07-07,2003-07-13,0.0,0.0,AI,0.8,zero_fill
GNQ,2003,29,2003-07-14,2003-07-20,0.0,0.0,AI,0.8,zero_fill
GNQ,2003,30,2003-07-21,2003-07-27,0.0,0.0,AI,0.8,zero_fill
GNQ,2003,31,2003-07-28,2003-08-03,0.0,0.0,AI,0.8,zero_fill
GNQ,2003,32,2003-08-04,2003-08-10,0.0,0.0,AI,0.8,zero_fill
GNQ,2003,33,2003-08-11,2003-08-17,0.0,0.0,AI,0.8,zero_fill
GNQ,2003,34,2003-08-18,2003-08-24,0.0,0.0,AI,0.8,zero_fill
GNQ,2003,35,2003-08-25,2003-08-31,0.0,0.0,AI,0.8,zero_fill
GNQ,2003,36,2003-09-01,2003-09-07,0.0,0.0,AI,0.8,zero_fill
GNQ,2003,37,2003-09-08,2003-09-14,0.0,0.0,AI,0.8,zero_fill
GNQ,2003,38,2003-09-15,2003-09-21,0.0,0.0,AI,0.8,zero_fill
GNQ,2003,39,2003-09-22,2003-09-28,0.0,0.0,AI,0.8,zero_fill
GNQ,2003,40,2003-09-29,2003-10-05,0.0,0.0,AI,0.8,zero_fill
GNQ,2003,41,2003-10-06,2003-10-12,0.0,0.0,AI,0.8,zero_fill
GNQ,2003,42,2003-10-13,2003-10-19,0.0,0.0,AI,0.8,zero_fill
GNQ,2003,43,2003-10-20,2003-10-26,0.0,0.0,AI,0.8,zero_fill
GNQ,2003,44,2003-10-27,2003-11-02,0.0,0.0,AI,0.8,zero_fill
GNQ,2003,45,2003-11-03,2003-11-09,0.0,0.0,AI,0.8,zero_fill
GNQ,2003,46,2003-11-10,2003-11-16,0.0,0.0,AI,0.8,zero_fill
GNQ,2003,47,2003-11-17,2003-11-23,0.0,0.0,AI,0.8,zero_fill
GNQ,2003,48,2003-11-24,2003-11-30,0.0,0.0,AI,0.8,zero_fill
GNQ,2003,49,2003-12-01,2003-12-07,0.0,0.0,AI,0.8,zero_fill
GNQ,2003,50,2003-12-08,2003-12-14,0.0,0.0,AI,0.8,zero_fill
GNQ,2003,51,2003-12-15,2003-12-21,0.0,0.0,AI,0.8,zero_fill
GNQ,2003,52,2003-12-22,2003-12-28,0.0,0.0,AI,0.8,zero_fill
GNQ,2004,1,2003-12-29,2004-01-04,1.1008,0.0187,JHU,0.7,fourier_regional_Central Africa_k2
GNQ,2004,2,2004-01-05,2004-01-11,1.1353,0.0192,JHU,0.7,fourier_regional_Central Africa_k2
GNQ,2004,3,2004-01-12,2004-01-18,1.1715,0.0199,JHU,0.7,fourier_regional_Central Africa_k2
GNQ,2004,4,2004-01-19,2004-01-25,1.2076,0.0205,JHU,0.7,fourier_regional_Central Africa_k2
GNQ,2004,5,2004-01-26,2004-02-01,1.2414,0.021,JHU,0.7,fourier_regional_Central Africa_k2
GNQ,2004,6,2004-02-02,2004-02-08,1.2708,0.0215,JHU,0.7,fourier_regional_Central Africa_k2
GNQ,2004,7,2004-02-09,2004-02-15,1.2943,0.0219,JHU,0.7,fourier_regional_Central Africa_k2
GNQ,2004,8,2004-02-16,2004-02-22,1.3101,0.0222,JHU,0.7,fourier_regional_Central Africa_k2
GNQ,2004,9,2004-02-23,2004-02-29,1.3174,0.0223,JHU,0.7,fourier_regional_Central Africa_k2
GNQ,2004,10,2004-03-01,2004-03-07,1.3154,0.0223,JHU,0.7,fourier_regional_Central Africa_k2
GNQ,2004,11,2004-03-08,2004-03-14,1.304,0.0221,JHU,0.7,fourier_regional_Central Africa_k2
GNQ,2004,12,2004-03-15,2004-03-21,1.2837,0.0218,JHU,0.7,fourier_regional_Central Africa_k2
GNQ,2004,13,2004-03-22,2004-03-28,1.2552,0.0213,JHU,0.7,fourier_regional_Central Africa_k2
GNQ,2004,14,2004-03-29,2004-04-04,1.22,0.0207,JHU,0.7,fourier_regional_Central Africa_k2
GNQ,2004,15,2004-04-05,2004-04-11,1.1797,0.02,JHU,0.7,fourier_regional_Central Africa_k2
GNQ,2004,16,2004-04-12,2004-04-18,1.1364,0.0193,JHU,0.7,fourier_regional_Central Africa_k2
GNQ,2004,17,2004-04-19,2004-04-25,1.092,0.0185,JHU,0.7,fourier_regional_Central Africa_k2
GNQ,2004,18,2004-04-26,2004-05-02,1.0489,0.0178,JHU,0.7,fourier_regional_Central Africa_k2
GNQ,2004,19,2004-05-03,2004-05-09,1.0092,0.0171,JHU,0.7,fourier_regional_Central Africa_k2
GNQ,2004,20,2004-05-10,2004-05-16,0.9748,0.0165,JHU,0.7,fourier_regional_Central Africa_k2
GNQ,2004,21,2004-05-17,2004-05-23,0.9474,0.0161,JHU,0.7,fourier_regional_Central Africa_k2
GNQ,2004,22,2004-05-24,2004-05-30,0.9281,0.0157,JHU,0.7,fourier_regional_Central Africa_k2
GNQ,2004,23,2004-05-31,2004-06-06,0.9178,0.0156,JHU,0.7,fourier_regional_Central Africa_k2
GNQ,2004,24,2004-06-07,2004-06-13,0.9168,0.0155,JHU,0.7,fourier_regional_Central Africa_k2
GNQ,2004,25,2004-06-14,2004-06-20,0.925,0.0157,JHU,0.7,fourier_regional_Central Africa_k2
GNQ,2004,26,2004-06-21,2004-06-27,0.9414,0.016,JHU,0.7,fourier_regional_Central Africa_k2
GNQ,2004,27,2004-06-28,2004-07-04,0.9652,0.0164,JHU,0.7,fourier_regional_Central Africa_k2
GNQ,2004,28,2004-07-05,2004-07-11,0.9946,0.0169,JHU,0.7,fourier_regional_Central Africa_k2
GNQ,2004,29,2004-07-12,2004-07-18,1.0279,0.0174,JHU,0.7,fourier_regional_Central Africa_k2
GNQ,2004,30,2004-07-19,2004-07-25,1.0631,0.018,JHU,0.7,fourier_regional_Central Africa_k2
GNQ,2004,31,2004-07-26,2004-08-01,1.0981,0.0186,JHU,0.7,fourier_regional_Central Africa_k2
GNQ,2004,32,2004-08-02,2004-08-08,1.1309,0.0192,JHU,0.7,fourier_regional_Central Africa_k2
GNQ,2004,33,2004-08-09,2004-08-15,1.1597,0.0197,JHU,0.7,fourier_regional_Central Africa_k2
GNQ,2004,34,2004-08-16,2004-08-22,1.1828,0.02,JHU,0.7,fourier_regional_Central Africa_k2
GNQ,2004,35,2004-08-23,2004-08-29,1.1993,0.0203,JHU,0.7,fourier_regional_Central Africa_k2
GNQ,2004,36,2004-08-30,2004-09-05,1.2082,0.0205,JHU,0.7,fourier_regional_Central Africa_k2
GNQ,2004,37,2004-09-06,2004-09-12,1.2093,0.0205,JHU,0.7,fourier_regional_Central Africa_k2
GNQ,2004,38,2004-09-13,2004-09-19,1.2028,0.0204,JHU,0.7,fourier_regional_Central Africa_k2
GNQ,2004,39,2004-09-20,2004-09-26,1.1894,0.0202,JHU,0.7,fourier_regional_Central Africa_k2
GNQ,2004,40,2004-09-27,2004-10-03,1.1701,0.0198,JHU,0.7,fourier_regional_Central Africa_k2
GNQ,2004,41,2004-10-04,2004-10-10,1.1466,0.0194,JHU,0.7,fourier_regional_Central Africa_k2
GNQ,2004,42,2004-10-11,2004-10-17,1.1204,0.019,JHU,0.7,fourier_regional_Central Africa_k2
GNQ,2004,43,2004-10-18,2004-10-24,1.0935,0.0185,JHU,0.7,fourier_regional_Central Africa_k2
GNQ,2004,44,2004-10-25,2004-10-31,1.0678,0.0181,JHU,0.7,fourier_regional_Central Africa_k2
GNQ,2004,45,2004-11-01,2004-11-07,1.0452,0.0177,JHU,0.7,fourier_regional_Central Africa_k2
GNQ,2004,46,2004-11-08,2004-11-14,1.0274,0.0174,JHU,0.7,fourier_regional_Central Africa_k2
GNQ,2004,47,2004-11-15,2004-11-21,1.0158,0.0172,JHU,0.7,fourier_regional_Central Africa_k2
GNQ,2004,48,2004-11-22,2004-11-28,1.0114,0.0171,JHU,0.7,fourier_regional_Central Africa_k2
GNQ,2004,49,2004-11-29,2004-12-05,1.0147,0.0172,JHU,0.7,fourier_regional_Central Africa_k2
GNQ,2004,50,2004-12-06,2004-12-12,1.026,0.0174,JHU,0.7,fourier_regional_Central Africa_k2
GNQ,2004,51,2004-12-13,2004-12-19,1.0447,0.0177,JHU,0.7,fourier_regional_Central Africa_k2
GNQ,2004,52,2004-12-20,2004-12-26,1.0701,0.0181,JHU,0.7,fourier_regional_Central Africa_k2
GNQ,2004,53,2004-12-27,2005-01-02,1.0701,0.0181,JHU,0.7,fourier_regional_Central Africa_k2
GNQ,2005,1,2005-01-03,2005-01-09,119.2425,0.6157,JHU,0.7,fourier_regional_Central Africa_k2
GNQ,2005,2,2005-01-10,2005-01-16,122.9737,0.635,JHU,0.7,fourier_regional_Central Africa_k2
GNQ,2005,3,2005-01-17,2005-01-23,126.9029,0.6553,JHU,0.7,fourier_regional_Central Africa_k2
GNQ,2005,4,2005-01-24,2005-01-30,130.8089,0.6754,JHU,0.7,fourier_regional_Central Africa_k2
GNQ,2005,5,2005-01-31,2005-02-06,134.4667,0.6943,JHU,0.7,fourier_regional_Central Africa_k2
GNQ,2005,6,2005-02-07,2005-02-13,137.6608,0.7108,JHU,0.7,fourier_regional_Central Africa_k2
GNQ,2005,7,2005-02-14,2005-02-20,140.1978,0.7239,JHU,0.7,fourier_regional_Central Africa_k2
GNQ,2005,8,2005-02-21,2005-02-27,141.9176,0.7328,JHU,0.7,fourier_regional_Central Africa_k2
GNQ,2005,9,2005-02-28,2005-03-06,142.703,0.7368,JHU,0.7,fourier_regional_Central Africa_k2
GNQ,2005,10,2005-03-07,2005-03-13,142.4867,0.7357,JHU,0.7,fourier_regional_Central Africa_k2
GNQ,2005,11,2005-03-14,2005-03-20,141.2556,0.7294,JHU,0.7,fourier_regional_Central Africa_k2
GNQ,2005,12,2005-03-21,2005-03-27,139.0517,0.718,JHU,0.7,fourier_regional_Central Africa_k2
GNQ,2005,13,2005-03-28,2005-04-03,135.9707,0.7021,JHU,0.7,fourier_regional_Central Africa_k2
GNQ,2005,14,2005-04-04,2005-04-10,132.156,0.6824,JHU,0.7,fourier_regional_Central Africa_k2
GNQ,2005,15,2005-04-11,2005-04-17,127.7918,0.6599,JHU,0.7,fourier_regional_Central Africa_k2
GNQ,2005,16,2005-04-18,2005-04-24,123.0921,0.6356,JHU,0.7,fourier_regional_Central Africa_k2
GNQ,2005,17,2005-04-25,2005-05-01,118.2896,0.6108,JHU,0.7,fourier_regional_Central Africa_k2
GNQ,2005,18,2005-05-02,2005-05-08,113.6224,0.5867,JHU,0.7,fourier_regional_Central Africa_k2
GNQ,2005,19,2005-05-09,2005-05-15,109.3205,0.5645,JHU,0.7,fourier_regional_Central Africa_k2
GNQ,2005,20,2005-05-16,2005-05-22,105.5937,0.5452,JHU,0.7,fourier_regional_Central Africa_k2
GNQ,2005,21,2005-05-23,2005-05-29,102.6192,0.5299,JHU,0.7,fourier_regional_Central Africa_k2
GNQ,2005,22,2005-05-30,2005-06-05,100.5327,0.5191,JHU,0.7,fourier_regional_Central Africa_k2
GNQ,2005,23,2005-06-06,2005-06-12,99.4204,0.5134,JHU,0.7,fourier_regional_Central Africa_k2
GNQ,2005,24,2005-06-13,2005-06-19,99.3148,0.5128,JHU,0.7,fourier_regional_Central Africa_k2
GNQ,2005,25,2005-06-20,2005-06-26,100.1932,0.5173,JHU,0.7,fourier_regional_Central Africa_k2
GNQ,2005,26,2005-06-27,2005-07-03,101.9796,0.5266,JHU,0.7,fourier_regional_Central Africa_k2
GNQ,2005,27,2005-07-04,2005-07-10,104.5491,0.5398,JHU,0.7,fourier_regional_Central Africa_k2
GNQ,2005,28,2005-07-11,2005-07-17,107.7359,0.5563,JHU,0.7,fourier_regional_Central Africa_k2
GNQ,2005,29,2005-07-18,2005-07-24,111.3431,0.5749,JHU,0.7,fourier_regional_Central Africa_k2
GNQ,2005,30,2005-07-25,2005-07-31,115.1538,0.5946,JHU,0.7,fourier_regional_Central Africa_k2
GNQ,2005,31,2005-08-01,2005-08-07,118.9447,0.6142,JHU,0.7,fourier_regional_Central Africa_k2
GNQ,2005,32,2005-08-08,2005-08-14,122.4982,0.6325,JHU,0.7,fourier_regional_Central Africa_k2
GNQ,2005,33,2005-08-15,2005-08-21,125.6157,0.6486,JHU,0.7,fourier_regional_Central Africa_k2
GNQ,2005,34,2005-08-22,2005-08-28,128.1286,0.6616,JHU,0.7,fourier_regional_Central Africa_k2
GNQ,2005,35,2005-08-29,2005-09-04,129.9082,0.6708,JHU,0.7,fourier_regional_Central Africa_k2
GNQ,2005,36,2005-09-05,2005-09-11,130.8727,0.6758,JHU,0.7,fourier_regional_Central Africa_k2
GNQ,2005,37,2005-09-12,2005-09-18,130.9917,0.6764,JHU,0.7,fourier_regional_Central Africa_k2
GNQ,2005,38,2005-09-19,2005-09-25,130.2877,0.6727,JHU,0.7,fourier_regional_Central Africa_k2
GNQ,2005,39,2005-09-26,2005-10-02,128.8343,0.6652,JHU,0.7,fourier_regional_Central Africa_k2
GNQ,2005,40,2005-10-03,2005-10-09,126.7513,0.6545,JHU,0.7,fourier_regional_Central Africa_k2
GNQ,2005,41,2005-10-10,2005-10-16,124.1975,0.6413,JHU,0.7,fourier_regional_Central Africa_k2
GNQ,2005,42,2005-10-17,2005-10-23,121.3608,0.6266,JHU,0.7,fourier_regional_Central Africa_k2
GNQ,2005,43,2005-10-24,2005-10-30,118.4465,0.6116,JHU,0.7,fourier_regional_Central Africa_k2
GNQ,2005,44,2005-10-31,2005-11-06,115.6651,0.5972,JHU,0.7,fourier_regional_Central Africa_k2
GNQ,2005,45,2005-11-07,2005-11-13,113.2193,0.5846,JHU,0.7,fourier_regional_Central Africa_k2
GNQ,2005,46,2005-11-14,2005-11-20,111.2917,0.5747,JHU,0.7,fourier_regional_Central Africa_k2
GNQ,2005,47,2005-11-21,2005-11-27,110.0334,0.5682,JHU,0.7,fourier_regional_Central Africa_k2
GNQ,2005,48,2005-11-28,2005-12-04,109.5549,0.5657,JHU,0.7,fourier_regional_Central Africa_k2
GNQ,2005,49,2005-12-05,2005-12-11,109.9191,0.5676,JHU,0.7,fourier_regional_Central Africa_k2
GNQ,2005,50,2005-12-12,2005-12-18,111.1368,0.5739,JHU,0.7,fourier_regional_Central Africa_k2
GNQ,2005,51,2005-12-19,2005-12-25,113.1662,0.5843,JHU,0.7,fourier_regional_Central Africa_k2
GNQ,2005,52,2005-12-26,2006-01-01,115.9143,0.5985,JHU,0.7,fourier_regional_Central Africa_k2
GNQ,2006,1,2006-01-02,2006-01-08,0.0,0.0,JHU,1.0,zero_fill
GNQ,2006,2,2006-01-09,2006-01-15,0.0,0.0,JHU,1.0,zero_fill
GNQ,2006,3,2006-01-16,2006-01-22,0.0,0.0,JHU,1.0,zero_fill
GNQ,2006,4,2006-01-23,2006-01-29,0.0,0.0,JHU,1.0,zero_fill
GNQ,2006,5,2006-01-30,2006-02-05,0.0,0.0,JHU,1.0,zero_fill
GNQ,2006,6,2006-02-06,2006-02-12,0.0,0.0,JHU,1.0,zero_fill
GNQ,2006,7,2006-02-13,2006-02-19,0.0,0.0,JHU,1.0,zero_fill
GNQ,2006,8,2006-02-20,2006-02-26,0.0,0.0,JHU,1.0,zero_fill
GNQ,2006,9,2006-02-27,2006-03-05,0.0,0.0,JHU,1.0,zero_fill
GNQ,2006,10,2006-03-06,2006-03-12,0.0,0.0,JHU,1.0,zero_fill
GNQ,2006,11,2006-03-13,2006-03-19,0.0,0.0,JHU,1.0,zero_fill
GNQ,2006,12,2006-03-20,2006-03-26,0.0,0.0,JHU,1.0,zero_fill
GNQ,2006,13,2006-03-27,2006-04-02,0.0,0.0,JHU,1.0,zero_fill
GNQ,2006,14,2006-04-03,2006-04-09,0.0,0.0,JHU,1.0,zero_fill
GNQ,2006,15,2006-04-10,2006-04-16,0.0,0.0,JHU,1.0,zero_fill
GNQ,2006,16,2006-04-17,2006-04-23,0.0,0.0,JHU,1.0,zero_fill
GNQ,2006,17,2006-04-24,2006-04-30,0.0,0.0,JHU,1.0,zero_fill
GNQ,2006,18,2006-05-01,2006-05-07,0.0,0.0,JHU,1.0,zero_fill
GNQ,2006,19,2006-05-08,2006-05-14,0.0,0.0,JHU,1.0,zero_fill
GNQ,2006,20,2006-05-15,2006-05-21,0.0,0.0,JHU,1.0,zero_fill
GNQ,2006,21,2006-05-22,2006-05-28,0.0,0.0,JHU,1.0,zero_fill
GNQ,2006,22,2006-05-29,2006-06-04,0.0,0.0,JHU,1.0,zero_fill
GNQ,2006,23,2006-06-05,2006-06-11,0.0,0.0,JHU,1.0,zero_fill
GNQ,2006,24,2006-06-12,2006-06-18,0.0,0.0,JHU,1.0,zero_fill
GNQ,2006,25,2006-06-19,2006-06-25,0.0,0.0,JHU,1.0,zero_fill
GNQ,2006,26,2006-06-26,2006-07-02,0.0,0.0,JHU,1.0,zero_fill
GNQ,2006,27,2006-07-03,2006-07-09,0.0,0.0,JHU,1.0,zero_fill
GNQ,2006,28,2006-07-10,2006-07-16,0.0,0.0,JHU,1.0,zero_fill
GNQ,2006,29,2006-07-17,2006-07-23,0.0,0.0,JHU,1.0,zero_fill
GNQ,2006,30,2006-07-24,2006-07-30,0.0,0.0,JHU,1.0,zero_fill
GNQ,2006,31,2006-07-31,2006-08-06,0.0,0.0,JHU,1.0,zero_fill
GNQ,2006,32,2006-08-07,2006-08-13,0.0,0.0,JHU,1.0,zero_fill
GNQ,2006,33,2006-08-14,2006-08-20,0.0,0.0,JHU,1.0,zero_fill
GNQ,2006,34,2006-08-21,2006-08-27,0.0,0.0,JHU,1.0,zero_fill
GNQ,2006,35,2006-08-28,2006-09-03,0.0,0.0,JHU,1.0,zero_fill
GNQ,2006,36,2006-09-04,2006-09-10,0.0,0.0,JHU,1.0,zero_fill
GNQ,2006,37,2006-09-11,2006-09-17,0.0,0.0,JHU,1.0,zero_fill
GNQ,2006,38,2006-09-18,2006-09-24,0.0,0.0,JHU,1.0,zero_fill
GNQ,2006,39,2006-09-25,2006-10-01,0.0,0.0,JHU,1.0,zero_fill
GNQ,2006,40,2006-10-02,2006-10-08,0.0,0.0,JHU,1.0,zero_fill
GNQ,2006,41,2006-10-09,2006-10-15,0.0,0.0,JHU,1.0,zero_fill
GNQ,2006,42,2006-10-16,2006-10-22,0.0,0.0,JHU,1.0,zero_fill
GNQ,2006,43,2006-10-23,2006-10-29,0.0,0.0,JHU,1.0,zero_fill
GNQ,2006,44,2006-10-30,2006-11-05,0.0,0.0,JHU,1.0,zero_fill
GNQ,2006,45,2006-11-06,2006-11-12,0.0,0.0,JHU,1.0,zero_fill
GNQ,2006,46,2006-11-13,2006-11-19,0.0,0.0,JHU,1.0,zero_fill
GNQ,2006,47,2006-11-20,2006-11-26,0.0,0.0,JHU,1.0,zero_fill
GNQ,2006,48,2006-11-27,2006-12-03,0.0,0.0,JHU,1.0,zero_fill
GNQ,2006,49,2006-12-04,2006-12-10,0.0,0.0,JHU,1.0,zero_fill
GNQ,2006,50,2006-12-11,2006-12-17,0.0,0.0,JHU,1.0,zero_fill
GNQ,2006,51,2006-12-18,2006-12-24,0.0,0.0,JHU,1.0,zero_fill
GNQ,2006,52,2006-12-25,2006-12-31,0.0,0.0,JHU,1.0,zero_fill
GNQ,2007,1,2007-01-01,2007-01-07,0.0,0.0,AI,0.9,zero_fill
GNQ,2007,2,2007-01-08,2007-01-14,0.0,0.0,AI,0.9,zero_fill
GNQ,2007,3,2007-01-15,2007-01-21,0.0,0.0,AI,0.9,zero_fill
GNQ,2007,4,2007-01-22,2007-01-28,0.0,0.0,AI,0.9,zero_fill
GNQ,2007,5,2007-01-29,2007-02-04,0.0,0.0,AI,0.9,zero_fill
GNQ,2007,6,2007-02-05,2007-02-11,0.0,0.0,AI,0.9,zero_fill
GNQ,2007,7,2007-02-12,2007-02-18,0.0,0.0,AI,0.9,zero_fill
GNQ,2007,8,2007-02-19,2007-02-25,0.0,0.0,AI,0.9,zero_fill
GNQ,2007,9,2007-02-26,2007-03-04,0.0,0.0,AI,0.9,zero_fill
GNQ,2007,10,2007-03-05,2007-03-11,0.0,0.0,AI,0.9,zero_fill
GNQ,2007,11,2007-03-12,2007-03-18,0.0,0.0,AI,0.9,zero_fill
GNQ,2007,12,2007-03-19,2007-03-25,0.0,0.0,AI,0.9,zero_fill
GNQ,2007,13,2007-03-26,2007-04-01,0.0,0.0,AI,0.9,zero_fill
GNQ,2007,14,2007-04-02,2007-04-08,0.0,0.0,AI,0.9,zero_fill
GNQ,2007,15,2007-04-09,2007-04-15,0.0,0.0,AI,0.9,zero_fill
GNQ,2007,16,2007-04-16,2007-04-22,0.0,0.0,AI,0.9,zero_fill
GNQ,2007,17,2007-04-23,2007-04-29,0.0,0.0,AI,0.9,zero_fill
GNQ,2007,18,2007-04-30,2007-05-06,0.0,0.0,AI,0.9,zero_fill
GNQ,2007,19,2007-05-07,2007-05-13,0.0,0.0,AI,0.9,zero_fill
GNQ,2007,20,2007-05-14,2007-05-20,0.0,0.0,AI,0.9,zero_fill
GNQ,2007,21,2007-05-21,2007-05-27,0.0,0.0,AI,0.9,zero_fill
GNQ,2007,22,2007-05-28,2007-06-03,0.0,0.0,AI,0.9,zero_fill
GNQ,2007,23,2007-06-04,2007-06-10,0.0,0.0,AI,0.9,zero_fill
GNQ,2007,24,2007-06-11,2007-06-17,0.0,0.0,AI,0.9,zero_fill
GNQ,2007,25,2007-06-18,2007-06-24,0.0,0.0,AI,0.9,zero_fill
GNQ,2007,26,2007-06-25,2007-07-01,0.0,0.0,AI,0.9,zero_fill
GNQ,2007,27,2007-07-02,2007-07-08,0.0,0.0,AI,0.9,zero_fill
GNQ,2007,28,2007-07-09,2007-07-15,0.0,0.0,AI,0.9,zero_fill
GNQ,2007,29,2007-07-16,2007-07-22,0.0,0.0,AI,0.9,zero_fill
GNQ,2007,30,2007-07-23,2007-07-29,0.0,0.0,AI,0.9,zero_fill
GNQ,2007,31,2007-07-30,2007-08-05,0.0,0.0,AI,0.9,zero_fill
GNQ,2007,32,2007-08-06,2007-08-12,0.0,0.0,AI,0.9,zero_fill
GNQ,2007,33,2007-08-13,2007-08-19,0.0,0.0,AI,0.9,zero_fill
GNQ,2007,34,2007-08-20,2007-08-26,0.0,0.0,AI,0.9,zero_fill
GNQ,2007,35,2007-08-27,2007-09-02,0.0,0.0,AI,0.9,zero_fill
GNQ,2007,36,2007-09-03,2007-09-09,0.0,0.0,AI,0.9,zero_fill
GNQ,2007,37,2007-09-10,2007-09-16,0.0,0.0,AI,0.9,zero_fill
GNQ,2007,38,2007-09-17,2007-09-23,0.0,0.0,AI,0.9,zero_fill
GNQ,2007,39,2007-09-24,2007-09-30,0.0,0.0,AI,0.9,zero_fill
GNQ,2007,40,2007-10-01,2007-10-07,0.0,0.0,AI,0.9,zero_fill
GNQ,2007,41,2007-10-08,2007-10-14,0.0,0.0,AI,0.9,zero_fill
GNQ,2007,42,2007-10-15,2007-10-21,0.0,0.0,AI,0.9,zero_fill
GNQ,2007,43,2007-10-22,2007-10-28,0.0,0.0,AI,0.9,zero_fill
GNQ,2007,44,2007-10-29,2007-11-04,0.0,0.0,AI,0.9,zero_fill
GNQ,2007,45,2007-11-05,2007-11-11,0.0,0.0,AI,0.9,zero_fill
GNQ,2007,46,2007-11-12,2007-11-18,0.0,0.0,AI,0.9,zero_fill
GNQ,2007,47,2007-11-19,2007-11-25,0.0,0.0,AI,0.9,zero_fill
GNQ,2007,48,2007-11-26,2007-12-02,0.0,0.0,AI,0.9,zero_fill
GNQ,2007,49,2007-12-03,2007-12-09,0.0,0.0,AI,0.9,zero_fill
GNQ,2007,50,2007-12-10,2007-12-16,0.0,0.0,AI,0.9,zero_fill
GNQ,2007,51,2007-12-17,2007-12-23,0.0,0.0,AI,0.9,zero_fill
GNQ,2007,52,2007-12-24,2007-12-30,0.0,0.0,AI,0.9,zero_fill
GNQ,2008,1,2007-12-31,2008-01-06,0.0,0.0,AI,0.9,zero_fill
GNQ,2008,2,2008-01-07,2008-01-13,0.0,0.0,AI,0.9,zero_fill
GNQ,2008,3,2008-01-14,2008-01-20,0.0,0.0,AI,0.9,zero_fill
GNQ,2008,4,2008-01-21,2008-01-27,0.0,0.0,AI,0.9,zero_fill
GNQ,2008,5,2008-01-28,2008-02-03,0.0,0.0,AI,0.9,zero_fill
GNQ,2008,6,2008-02-04,2008-02-10,0.0,0.0,AI,0.9,zero_fill
GNQ,2008,7,2008-02-11,2008-02-17,0.0,0.0,AI,0.9,zero_fill
GNQ,2008,8,2008-02-18,2008-02-24,0.0,0.0,AI,0.9,zero_fill
GNQ,2008,9,2008-02-25,2008-03-02,0.0,0.0,AI,0.9,zero_fill
GNQ,2008,10,2008-03-03,2008-03-09,0.0,0.0,AI,0.9,zero_fill
GNQ,2008,11,2008-03-10,2008-03-16,0.0,0.0,AI,0.9,zero_fill
GNQ,2008,12,2008-03-17,2008-03-23,0.0,0.0,AI,0.9,zero_fill
GNQ,2008,13,2008-03-24,2008-03-30,0.0,0.0,AI,0.9,zero_fill
GNQ,2008,14,2008-03-31,2008-04-06,0.0,0.0,AI,0.9,zero_fill
GNQ,2008,15,2008-04-07,2008-04-13,0.0,0.0,AI,0.9,zero_fill
GNQ,2008,16,2008-04-14,2008-04-20,0.0,0.0,AI,0.9,zero_fill
GNQ,2008,17,2008-04-21,2008-04-27,0.0,0.0,AI,0.9,zero_fill
GNQ,2008,18,2008-04-28,2008-05-04,0.0,0.0,AI,0.9,zero_fill
GNQ,2008,19,2008-05-05,2008-05-11,0.0,0.0,AI,0.9,zero_fill
GNQ,2008,20,2008-05-12,2008-05-18,0.0,0.0,AI,0.9,zero_fill
GNQ,2008,21,2008-05-19,2008-05-25,0.0,0.0,AI,0.9,zero_fill
GNQ,2008,22,2008-05-26,2008-06-01,0.0,0.0,AI,0.9,zero_fill
GNQ,2008,23,2008-06-02,2008-06-08,0.0,0.0,AI,0.9,zero_fill
GNQ,2008,24,2008-06-09,2008-06-15,0.0,0.0,AI,0.9,zero_fill
GNQ,2008,25,2008-06-16,2008-06-22,0.0,0.0,AI,0.9,zero_fill
GNQ,2008,26,2008-06-23,2008-06-29,0.0,0.0,AI,0.9,zero_fill
GNQ,2008,27,2008-06-30,2008-07-06,0.0,0.0,AI,0.9,zero_fill
GNQ,2008,28,2008-07-07,2008-07-13,0.0,0.0,AI,0.9,zero_fill
GNQ,2008,29,2008-07-14,2008-07-20,0.0,0.0,AI,0.9,zero_fill
GNQ,2008,30,2008-07-21,2008-07-27,0.0,0.0,AI,0.9,zero_fill
GNQ,2008,31,2008-07-28,2008-08-03,0.0,0.0,AI,0.9,zero_fill
GNQ,2008,32,2008-08-04,2008-08-10,0.0,0.0,AI,0.9,zero_fill
GNQ,2008,33,2008-08-11,2008-08-17,0.0,0.0,AI,0.9,zero_fill
GNQ,2008,34,2008-08-18,2008-08-24,0.0,0.0,AI,0.9,zero_fill
GNQ,2008,35,2008-08-25,2008-08-31,0.0,0.0,AI,0.9,zero_fill
GNQ,2008,36,2008-09-01,2008-09-07,0.0,0.0,AI,0.9,zero_fill
GNQ,2008,37,2008-09-08,2008-09-14,0.0,0.0,AI,0.9,zero_fill
GNQ,2008,38,2008-09-15,2008-09-21,0.0,0.0,AI,0.9,zero_fill
GNQ,2008,39,2008-09-22,2008-09-28,0.0,0.0,AI,0.9,zero_fill
GNQ,2008,40,2008-09-29,2008-10-05,0.0,0.0,AI,0.9,zero_fill
GNQ,2008,41,2008-10-06,2008-10-12,0.0,0.0,AI,0.9,zero_fill
GNQ,2008,42,2008-10-13,2008-10-19,0.0,0.0,AI,0.9,zero_fill
GNQ,2008,43,2008-10-20,2008-10-26,0.0,0.0,AI,0.9,zero_fill
GNQ,2008,44,2008-10-27,2008-11-02,0.0,0.0,AI,0.9,zero_fill
GNQ,2008,45,2008-11-03,2008-11-09,0.0,0.0,AI,0.9,zero_fill
GNQ,2008,46,2008-11-10,2008-11-16,0.0,0.0,AI,0.9,zero_fill
GNQ,2008,47,2008-11-17,2008-11-23,0.0,0.0,AI,0.9,zero_fill
GNQ,2008,48,2008-11-24,2008-11-30,0.0,0.0,AI,0.9,zero_fill
GNQ,2008,49,2008-12-01,2008-12-07,0.0,0.0,AI,0.9,zero_fill
GNQ,2008,50,2008-12-08,2008-12-14,0.0,0.0,AI,0.9,zero_fill
GNQ,2008,51,2008-12-15,2008-12-21,0.0,0.0,AI,0.9,zero_fill
GNQ,2008,52,2008-12-22,2008-12-28,0.0,0.0,AI,0.9,zero_fill
GNQ,2009,1,2008-12-29,2009-01-04,0.0,0.0,AI,0.9,zero_fill
GNQ,2009,2,2009-01-05,2009-01-11,0.0,0.0,AI,0.9,zero_fill
GNQ,2009,3,2009-01-12,2009-01-18,0.0,0.0,AI,0.9,zero_fill
GNQ,2009,4,2009-01-19,2009-01-25,0.0,0.0,AI,0.9,zero_fill
GNQ,2009,5,2009-01-26,2009-02-01,0.0,0.0,AI,0.9,zero_fill
GNQ,2009,6,2009-02-02,2009-02-08,0.0,0.0,AI,0.9,zero_fill
GNQ,2009,7,2009-02-09,2009-02-15,0.0,0.0,AI,0.9,zero_fill
GNQ,2009,8,2009-02-16,2009-02-22,0.0,0.0,AI,0.9,zero_fill
GNQ,2009,9,2009-02-23,2009-03-01,0.0,0.0,AI,0.9,zero_fill
GNQ,2009,10,2009-03-02,2009-03-08,0.0,0.0,AI,0.9,zero_fill
GNQ,2009,11,2009-03-09,2009-03-15,0.0,0.0,AI,0.9,zero_fill
GNQ,2009,12,2009-03-16,2009-03-22,0.0,0.0,AI,0.9,zero_fill
GNQ,2009,13,2009-03-23,2009-03-29,0.0,0.0,AI,0.9,zero_fill
GNQ,2009,14,2009-03-30,2009-04-05,0.0,0.0,AI,0.9,zero_fill
GNQ,2009,15,2009-04-06,2009-04-12,0.0,0.0,AI,0.9,zero_fill
GNQ,2009,16,2009-04-13,2009-04-19,0.0,0.0,AI,0.9,zero_fill
GNQ,2009,17,2009-04-20,2009-04-26,0.0,0.0,AI,0.9,zero_fill
GNQ,2009,18,2009-04-27,2009-05-03,0.0,0.0,AI,0.9,zero_fill
GNQ,2009,19,2009-05-04,2009-05-10,0.0,0.0,AI,0.9,zero_fill
GNQ,2009,20,2009-05-11,2009-05-17,0.0,0.0,AI,0.9,zero_fill
GNQ,2009,21,2009-05-18,2009-05-24,0.0,0.0,AI,0.9,zero_fill
GNQ,2009,22,2009-05-25,2009-05-31,0.0,0.0,AI,0.9,zero_fill
GNQ,2009,23,2009-06-01,2009-06-07,0.0,0.0,AI,0.9,zero_fill
GNQ,2009,24,2009-06-08,2009-06-14,0.0,0.0,AI,0.9,zero_fill
GNQ,2009,25,2009-06-15,2009-06-21,0.0,0.0,AI,0.9,zero_fill
GNQ,2009,26,2009-06-22,2009-06-28,0.0,0.0,AI,0.9,zero_fill
GNQ,2009,27,2009-06-29,2009-07-05,0.0,0.0,AI,0.9,zero_fill
GNQ,2009,28,2009-07-06,2009-07-12,0.0,0.0,AI,0.9,zero_fill
GNQ,2009,29,2009-07-13,2009-07-19,0.0,0.0,AI,0.9,zero_fill
GNQ,2009,30,2009-07-20,2009-07-26,0.0,0.0,AI,0.9,zero_fill
GNQ,2009,31,2009-07-27,2009-08-02,0.0,0.0,AI,0.9,zero_fill
GNQ,2009,32,2009-08-03,2009-08-09,0.0,0.0,AI,0.9,zero_fill
GNQ,2009,33,2009-08-10,2009-08-16,0.0,0.0,AI,0.9,zero_fill
GNQ,2009,34,2009-08-17,2009-08-23,0.0,0.0,AI,0.9,zero_fill
GNQ,2009,35,2009-08-24,2009-08-30,0.0,0.0,AI,0.9,zero_fill
GNQ,2009,36,2009-08-31,2009-09-06,0.0,0.0,AI,0.9,zero_fill
GNQ,2009,37,2009-09-07,2009-09-13,0.0,0.0,AI,0.9,zero_fill
GNQ,2009,38,2009-09-14,2009-09-20,0.0,0.0,AI,0.9,zero_fill
GNQ,2009,39,2009-09-21,2009-09-27,0.0,0.0,AI,0.9,zero_fill
GNQ,2009,40,2009-09-28,2009-10-04,0.0,0.0,AI,0.9,zero_fill
GNQ,2009,41,2009-10-05,2009-10-11,0.0,0.0,AI,0.9,zero_fill
GNQ,2009,42,2009-10-12,2009-10-18,0.0,0.0,AI,0.9,zero_fill
GNQ,2009,43,2009-10-19,2009-10-25,0.0,0.0,AI,0.9,zero_fill
GNQ,2009,44,2009-10-26,2009-11-01,0.0,0.0,AI,0.9,zero_fill
GNQ,2009,45,2009-11-02,2009-11-08,0.0,0.0,AI,0.9,zero_fill
GNQ,2009,46,2009-11-09,2009-11-15,0.0,0.0,AI,0.9,zero_fill
GNQ,2009,47,2009-11-16,2009-11-22,0.0,0.0,AI,0.9,zero_fill
GNQ,2009,48,2009-11-23,2009-11-29,0.0,0.0,AI,0.9,zero_fill
GNQ,2009,49,2009-11-30,2009-12-06,0.0,0.0,AI,0.9,zero_fill
GNQ,2009,50,2009-12-07,2009-12-13,0.0,0.0,AI,0.9,zero_fill
GNQ,2009,51,2009-12-14,2009-12-20,0.0,0.0,AI,0.9,zero_fill
GNQ,2009,52,2009-12-21,2009-12-27,0.0,0.0,AI,0.9,zero_fill
GNQ,2009,53,2009-12-28,2010-01-03,0.0,0.0,AI,0.9,zero_fill
GNQ,2010,1,2010-01-04,2010-01-10,0.0,0.0,AI,0.9,zero_fill
GNQ,2010,2,2010-01-11,2010-01-17,0.0,0.0,AI,0.9,zero_fill
GNQ,2010,3,2010-01-18,2010-01-24,0.0,0.0,AI,0.9,zero_fill
GNQ,2010,4,2010-01-25,2010-01-31,0.0,0.0,AI,0.9,zero_fill
GNQ,2010,5,2010-02-01,2010-02-07,0.0,0.0,AI,0.9,zero_fill
GNQ,2010,6,2010-02-08,2010-02-14,0.0,0.0,AI,0.9,zero_fill
GNQ,2010,7,2010-02-15,2010-02-21,0.0,0.0,AI,0.9,zero_fill
GNQ,2010,8,2010-02-22,2010-02-28,0.0,0.0,AI,0.9,zero_fill
GNQ,2010,9,2010-03-01,2010-03-07,0.0,0.0,AI,0.9,zero_fill
GNQ,2010,10,2010-03-08,2010-03-14,0.0,0.0,AI,0.9,zero_fill
GNQ,2010,11,2010-03-15,2010-03-21,0.0,0.0,AI,0.9,zero_fill
GNQ,2010,12,2010-03-22,2010-03-28,0.0,0.0,AI,0.9,zero_fill
GNQ,2010,13,2010-03-29,2010-04-04,0.0,0.0,AI,0.9,zero_fill
GNQ,2010,14,2010-04-05,2010-04-11,0.0,0.0,AI,0.9,zero_fill
GNQ,2010,15,2010-04-12,2010-04-18,0.0,0.0,AI,0.9,zero_fill
GNQ,2010,16,2010-04-19,2010-04-25,0.0,0.0,AI,0.9,zero_fill
GNQ,2010,17,2010-04-26,2010-05-02,0.0,0.0,AI,0.9,zero_fill
GNQ,2010,18,2010-05-03,2010-05-09,0.0,0.0,AI,0.9,zero_fill
GNQ,2010,19,2010-05-10,2010-05-16,0.0,0.0,AI,0.9,zero_fill
GNQ,2010,20,2010-05-17,2010-05-23,0.0,0.0,AI,0.9,zero_fill
GNQ,2010,21,2010-05-24,2010-05-30,0.0,0.0,AI,0.9,zero_fill
GNQ,2010,22,2010-05-31,2010-06-06,0.0,0.0,AI,0.9,zero_fill
GNQ,2010,23,2010-06-07,2010-06-13,0.0,0.0,AI,0.9,zero_fill
GNQ,2010,24,2010-06-14,2010-06-20,0.0,0.0,AI,0.9,zero_fill
GNQ,2010,25,2010-06-21,2010-06-27,0.0,0.0,AI,0.9,zero_fill
GNQ,2010,26,2010-06-28,2010-07-04,0.0,0.0,AI,0.9,zero_fill
GNQ,2010,27,2010-07-05,2010-07-11,0.0,0.0,AI,0.9,zero_fill
GNQ,2010,28,2010-07-12,2010-07-18,0.0,0.0,AI,0.9,zero_fill
GNQ,2010,29,2010-07-19,2010-07-25,0.0,0.0,AI,0.9,zero_fill
GNQ,2010,30,2010-07-26,2010-08-01,0.0,0.0,AI,0.9,zero_fill
GNQ,2010,31,2010-08-02,2010-08-08,0.0,0.0,AI,0.9,zero_fill
GNQ,2010,32,2010-08-09,2010-08-15,0.0,0.0,AI,0.9,zero_fill
GNQ,2010,33,2010-08-16,2010-08-22,0.0,0.0,AI,0.9,zero_fill
GNQ,2010,34,2010-08-23,2010-08-29,0.0,0.0,AI,0.9,zero_fill
GNQ,2010,35,2010-08-30,2010-09-05,0.0,0.0,AI,0.9,zero_fill
GNQ,2010,36,2010-09-06,2010-09-12,0.0,0.0,AI,0.9,zero_fill
GNQ,2010,37,2010-09-13,2010-09-19,0.0,0.0,AI,0.9,zero_fill
GNQ,2010,38,2010-09-20,2010-09-26,0.0,0.0,AI,0.9,zero_fill
GNQ,2010,39,2010-09-27,2010-10-03,0.0,0.0,AI,0.9,zero_fill
GNQ,2010,40,2010-10-04,2010-10-10,0.0,0.0,AI,0.9,zero_fill
GNQ,2010,41,2010-10-11,2010-10-17,0.0,0.0,AI,0.9,zero_fill
GNQ,2010,42,2010-10-18,2010-10-24,0.0,0.0,AI,0.9,zero_fill
GNQ,2010,43,2010-10-25,2010-10-31,0.0,0.0,AI,0.9,zero_fill
GNQ,2010,44,2010-11-01,2010-11-07,0.0,0.0,AI,0.9,zero_fill
GNQ,2010,45,2010-11-08,2010-11-14,0.0,0.0,AI,0.9,zero_fill
GNQ,2010,46,2010-11-15,2010-11-21,0.0,0.0,AI,0.9,zero_fill
GNQ,2010,47,2010-11-22,2010-11-28,0.0,0.0,AI,0.9,zero_fill
GNQ,2010,48,2010-11-29,2010-12-05,0.0,0.0,AI,0.9,zero_fill
GNQ,2010,49,2010-12-06,2010-12-12,0.0,0.0,AI,0.9,zero_fill
GNQ,2010,50,2010-12-13,2010-12-19,0.0,0.0,AI,0.9,zero_fill
GNQ,2010,51,2010-12-20,2010-12-26,0.0,0.0,AI,0.9,zero_fill
GNQ,2010,52,2010-12-27,2011-01-02,0.0,0.0,JHU,0.7,zero_fill
GNQ,2011,1,2011-01-03,2011-01-09,0.0,0.0,JHU,0.7,zero_fill
GNQ,2011,2,2011-01-10,2011-01-16,0.0,0.0,JHU,0.7,zero_fill
GNQ,2011,3,2011-01-17,2011-01-23,0.0,0.0,JHU,0.7,zero_fill
GNQ,2011,4,2011-01-24,2011-01-30,0.0,0.0,JHU,0.7,zero_fill
GNQ,2011,5,2011-01-31,2011-02-06,0.0,0.0,JHU,0.7,zero_fill
GNQ,2011,6,2011-02-07,2011-02-13,0.0,0.0,JHU,0.7,zero_fill
GNQ,2011,7,2011-02-14,2011-02-20,0.0,0.0,JHU,0.7,zero_fill
GNQ,2011,8,2011-02-21,2011-02-27,0.0,0.0,JHU,0.7,zero_fill
GNQ,2011,9,2011-02-28,2011-03-06,0.0,0.0,JHU,0.7,zero_fill
GNQ,2011,10,2011-03-07,2011-03-13,0.0,0.0,JHU,0.7,zero_fill
GNQ,2011,11,2011-03-14,2011-03-20,0.0,0.0,JHU,0.7,zero_fill
GNQ,2011,12,2011-03-21,2011-03-27,0.0,0.0,JHU,0.7,zero_fill
GNQ,2011,13,2011-03-28,2011-04-03,0.0,0.0,JHU,0.7,zero_fill
GNQ,2011,14,2011-04-04,2011-04-10,0.0,0.0,JHU,0.7,zero_fill
GNQ,2011,15,2011-04-11,2011-04-17,0.0,0.0,JHU,0.7,zero_fill
GNQ,2011,16,2011-04-18,2011-04-24,0.0,0.0,JHU,0.7,zero_fill
GNQ,2011,17,2011-04-25,2011-05-01,0.0,0.0,JHU,0.7,zero_fill
GNQ,2011,18,2011-05-02,2011-05-08,0.0,0.0,JHU,0.7,zero_fill
GNQ,2011,19,2011-05-09,2011-05-15,0.0,0.0,JHU,0.7,zero_fill
GNQ,2011,20,2011-05-16,2011-05-22,0.0,0.0,JHU,0.7,zero_fill
GNQ,2011,21,2011-05-23,2011-05-29,0.0,0.0,JHU,0.7,zero_fill
GNQ,2011,22,2011-05-30,2011-06-05,0.0,0.0,JHU,0.7,zero_fill
GNQ,2011,23,2011-06-06,2011-06-12,0.0,0.0,JHU,0.7,zero_fill
GNQ,2011,24,2011-06-13,2011-06-19,0.0,0.0,JHU,0.7,zero_fill
GNQ,2011,25,2011-06-20,2011-06-26,0.0,0.0,JHU,0.7,zero_fill
GNQ,2011,26,2011-06-27,2011-07-03,0.0,0.0,JHU,0.7,zero_fill
GNQ,2011,27,2011-07-04,2011-07-10,0.0,0.0,JHU,0.7,zero_fill
GNQ,2011,28,2011-07-11,2011-07-17,0.0,0.0,JHU,0.7,zero_fill
GNQ,2011,29,2011-07-18,2011-07-24,0.0,0.0,JHU,0.7,zero_fill
GNQ,2011,30,2011-07-25,2011-07-31,0.0,0.0,JHU,0.7,zero_fill
GNQ,2011,31,2011-08-01,2011-08-07,0.0,0.0,JHU,0.7,zero_fill
GNQ,2011,32,2011-08-08,2011-08-14,0.0,0.0,JHU,0.7,zero_fill
GNQ,2011,33,2011-08-15,2011-08-21,0.0,0.0,JHU,0.7,zero_fill
GNQ,2011,34,2011-08-22,2011-08-28,0.0,0.0,JHU,0.7,zero_fill
GNQ,2011,35,2011-08-29,2011-09-04,0.0,0.0,JHU,0.7,zero_fill
GNQ,2011,36,2011-09-05,2011-09-11,0.0,0.0,JHU,0.7,zero_fill
GNQ,2011,37,2011-09-12,2011-09-18,0.0,0.0,JHU,0.7,zero_fill
GNQ,2011,38,2011-09-19,2011-09-25,0.0,0.0,JHU,0.7,zero_fill
GNQ,2011,39,2011-09-26,2011-10-02,0.0,0.0,JHU,0.7,zero_fill
GNQ,2011,40,2011-10-03,2011-10-09,0.0,0.0,JHU,0.7,zero_fill
GNQ,2011,41,2011-10-10,2011-10-16,0.0,0.0,JHU,0.7,zero_fill
GNQ,2011,42,2011-10-17,2011-10-23,0.0,0.0,JHU,0.7,zero_fill
GNQ,2011,43,2011-10-24,2011-10-30,0.0,0.0,JHU,0.7,zero_fill
GNQ,2011,44,2011-10-31,2011-11-06,0.0,0.0,JHU,0.7,zero_fill
GNQ,2011,45,2011-11-07,2011-11-13,0.0,0.0,JHU,0.7,zero_fill
GNQ,2011,46,2011-11-14,2011-11-20,0.0,0.0,JHU,0.7,zero_fill
GNQ,2011,47,2011-11-21,2011-11-27,0.0,0.0,JHU,0.7,zero_fill
GNQ,2011,48,2011-11-28,2011-12-04,0.0,0.0,JHU,0.7,zero_fill
GNQ,2011,49,2011-12-05,2011-12-11,0.0,0.0,JHU,0.7,zero_fill
GNQ,2011,50,2011-12-12,2011-12-18,0.0,0.0,JHU,0.7,zero_fill
GNQ,2011,51,2011-12-19,2011-12-25,0.0,0.0,JHU,0.7,zero_fill
GNQ,2011,52,2011-12-26,2012-01-01,0.0,0.0,JHU,0.7,zero_fill
GNQ,2012,1,2012-01-02,2012-01-08,0.0,0.0,JHU,0.7,zero_fill
GNQ,2012,2,2012-01-09,2012-01-15,0.0,0.0,JHU,0.7,zero_fill
GNQ,2012,3,2012-01-16,2012-01-22,0.0,0.0,JHU,0.7,zero_fill
GNQ,2012,4,2012-01-23,2012-01-29,0.0,0.0,JHU,0.7,zero_fill
GNQ,2012,5,2012-01-30,2012-02-05,0.0,0.0,JHU,0.7,zero_fill
GNQ,2012,6,2012-02-06,2012-02-12,0.0,0.0,JHU,0.7,zero_fill
GNQ,2012,7,2012-02-13,2012-02-19,0.0,0.0,JHU,0.7,zero_fill
GNQ,2012,8,2012-02-20,2012-02-26,0.0,0.0,JHU,0.7,zero_fill
GNQ,2012,9,2012-02-27,2012-03-04,0.0,0.0,JHU,0.7,zero_fill
GNQ,2012,10,2012-03-05,2012-03-11,0.0,0.0,JHU,0.7,zero_fill
GNQ,2012,11,2012-03-12,2012-03-18,0.0,0.0,JHU,0.7,zero_fill
GNQ,2012,12,2012-03-19,2012-03-25,0.0,0.0,JHU,0.7,zero_fill
GNQ,2012,13,2012-03-26,2012-04-01,0.0,0.0,JHU,0.7,zero_fill
GNQ,2012,14,2012-04-02,2012-04-08,0.0,0.0,JHU,0.7,zero_fill
GNQ,2012,15,2012-04-09,2012-04-15,0.0,0.0,JHU,0.7,zero_fill
GNQ,2012,16,2012-04-16,2012-04-22,0.0,0.0,JHU,0.7,zero_fill
GNQ,2012,17,2012-04-23,2012-04-29,0.0,0.0,JHU,0.7,zero_fill
GNQ,2012,18,2012-04-30,2012-05-06,0.0,0.0,JHU,0.7,zero_fill
GNQ,2012,19,2012-05-07,2012-05-13,0.0,0.0,JHU,0.7,zero_fill
GNQ,2012,20,2012-05-14,2012-05-20,0.0,0.0,JHU,0.7,zero_fill
GNQ,2012,21,2012-05-21,2012-05-27,0.0,0.0,JHU,0.7,zero_fill
GNQ,2012,22,2012-05-28,2012-06-03,0.0,0.0,JHU,0.7,zero_fill
GNQ,2012,23,2012-06-04,2012-06-10,0.0,0.0,JHU,0.7,zero_fill
GNQ,2012,24,2012-06-11,2012-06-17,0.0,0.0,JHU,0.7,zero_fill
GNQ,2012,25,2012-06-18,2012-06-24,0.0,0.0,JHU,0.7,zero_fill
GNQ,2012,26,2012-06-25,2012-07-01,0.0,0.0,JHU,0.7,zero_fill
GNQ,2012,27,2012-07-02,2012-07-08,0.0,0.0,JHU,0.7,zero_fill
GNQ,2012,28,2012-07-09,2012-07-15,0.0,0.0,JHU,0.7,zero_fill
GNQ,2012,29,2012-07-16,2012-07-22,0.0,0.0,JHU,0.7,zero_fill
GNQ,2012,30,2012-07-23,2012-07-29,0.0,0.0,JHU,0.7,zero_fill
GNQ,2012,31,2012-07-30,2012-08-05,0.0,0.0,JHU,0.7,zero_fill
GNQ,2012,32,2012-08-06,2012-08-12,0.0,0.0,JHU,0.7,zero_fill
GNQ,2012,33,2012-08-13,2012-08-19,0.0,0.0,JHU,0.7,zero_fill
GNQ,2012,34,2012-08-20,2012-08-26,0.0,0.0,JHU,0.7,zero_fill
GNQ,2012,35,2012-08-27,2012-09-02,0.0,0.0,JHU,0.7,zero_fill
GNQ,2012,36,2012-09-03,2012-09-09,0.0,0.0,JHU,0.7,zero_fill
GNQ,2012,37,2012-09-10,2012-09-16,0.0,0.0,JHU,0.7,zero_fill
GNQ,2012,38,2012-09-17,2012-09-23,0.0,0.0,JHU,0.7,zero_fill
GNQ,2012,39,2012-09-24,2012-09-30,0.0,0.0,JHU,0.7,zero_fill
GNQ,2012,40,2012-10-01,2012-10-07,0.0,0.0,JHU,0.7,zero_fill
GNQ,2012,41,2012-10-08,2012-10-14,0.0,0.0,JHU,0.7,zero_fill
GNQ,2012,42,2012-10-15,2012-10-21,0.0,0.0,JHU,0.7,zero_fill
GNQ,2012,43,2012-10-22,2012-10-28,0.0,0.0,JHU,0.7,zero_fill
GNQ,2012,44,2012-10-29,2012-11-04,0.0,0.0,JHU,0.7,zero_fill
GNQ,2012,45,2012-11-05,2012-11-11,0.0,0.0,JHU,0.7,zero_fill
GNQ,2012,46,2012-11-12,2012-11-18,0.0,0.0,JHU,0.7,zero_fill
GNQ,2012,47,2012-11-19,2012-11-25,0.0,0.0,JHU,0.7,zero_fill
GNQ,2012,48,2012-11-26,2012-12-02,0.0,0.0,JHU,0.7,zero_fill
GNQ,2012,49,2012-12-03,2012-12-09,0.0,0.0,JHU,0.7,zero_fill
GNQ,2012,50,2012-12-10,2012-12-16,0.0,0.0,JHU,0.7,zero_fill
GNQ,2012,51,2012-12-17,2012-12-23,0.0,0.0,JHU,0.7,zero_fill
GNQ,2012,52,2012-12-24,2012-12-30,0.0,0.0,JHU,0.7,zero_fill
GNQ,2013,1,2012-12-31,2013-01-06,0.0,0.0,JHU,0.7,zero_fill
GNQ,2013,2,2013-01-07,2013-01-13,0.0,0.0,JHU,0.7,zero_fill
GNQ,2013,3,2013-01-14,2013-01-20,0.0,0.0,JHU,0.7,zero_fill
GNQ,2013,4,2013-01-21,2013-01-27,0.0,0.0,JHU,0.7,zero_fill
GNQ,2013,5,2013-01-28,2013-02-03,0.0,0.0,JHU,0.7,zero_fill
GNQ,2013,6,2013-02-04,2013-02-10,0.0,0.0,JHU,0.7,zero_fill
GNQ,2013,7,2013-02-11,2013-02-17,0.0,0.0,JHU,0.7,zero_fill
GNQ,2013,8,2013-02-18,2013-02-24,0.0,0.0,JHU,0.7,zero_fill
GNQ,2013,9,2013-02-25,2013-03-03,0.0,0.0,JHU,0.7,zero_fill
GNQ,2013,10,2013-03-04,2013-03-10,0.0,0.0,JHU,0.7,zero_fill
GNQ,2013,11,2013-03-11,2013-03-17,0.0,0.0,JHU,0.7,zero_fill
GNQ,2013,12,2013-03-18,2013-03-24,0.0,0.0,JHU,0.7,zero_fill
GNQ,2013,13,2013-03-25,2013-03-31,0.0,0.0,JHU,0.7,zero_fill
GNQ,2013,14,2013-04-01,2013-04-07,0.0,0.0,JHU,0.7,zero_fill
GNQ,2013,15,2013-04-08,2013-04-14,0.0,0.0,JHU,0.7,zero_fill
GNQ,2013,16,2013-04-15,2013-04-21,0.0,0.0,JHU,0.7,zero_fill
GNQ,2013,17,2013-04-22,2013-04-28,0.0,0.0,JHU,0.7,zero_fill
GNQ,2013,18,2013-04-29,2013-05-05,0.0,0.0,JHU,0.7,zero_fill
GNQ,2013,19,2013-05-06,2013-05-12,0.0,0.0,JHU,0.7,zero_fill
GNQ,2013,20,2013-05-13,2013-05-19,0.0,0.0,JHU,0.7,zero_fill
GNQ,2013,21,2013-05-20,2013-05-26,0.0,0.0,JHU,0.7,zero_fill
GNQ,2013,22,2013-05-27,2013-06-02,0.0,0.0,JHU,0.7,zero_fill
GNQ,2013,23,2013-06-03,2013-06-09,0.0,0.0,JHU,0.7,zero_fill
GNQ,2013,24,2013-06-10,2013-06-16,0.0,0.0,JHU,0.7,zero_fill
GNQ,2013,25,2013-06-17,2013-06-23,0.0,0.0,JHU,0.7,zero_fill
GNQ,2013,26,2013-06-24,2013-06-30,0.0,0.0,JHU,0.7,zero_fill
GNQ,2013,27,2013-07-01,2013-07-07,0.0,0.0,JHU,0.7,zero_fill
GNQ,2013,28,2013-07-08,2013-07-14,0.0,0.0,JHU,0.7,zero_fill
GNQ,2013,29,2013-07-15,2013-07-21,0.0,0.0,JHU,0.7,zero_fill
GNQ,2013,30,2013-07-22,2013-07-28,0.0,0.0,JHU,0.7,zero_fill
GNQ,2013,31,2013-07-29,2013-08-04,0.0,0.0,JHU,0.7,zero_fill
GNQ,2013,32,2013-08-05,2013-08-11,0.0,0.0,JHU,0.7,zero_fill
GNQ,2013,33,2013-08-12,2013-08-18,0.0,0.0,JHU,0.7,zero_fill
GNQ,2013,34,2013-08-19,2013-08-25,0.0,0.0,JHU,0.7,zero_fill
GNQ,2013,35,2013-08-26,2013-09-01,0.0,0.0,JHU,0.7,zero_fill
GNQ,2013,36,2013-09-02,2013-09-08,0.0,0.0,JHU,0.7,zero_fill
GNQ,2013,37,2013-09-09,2013-09-15,0.0,0.0,JHU,0.7,zero_fill
GNQ,2013,38,2013-09-16,2013-09-22,0.0,0.0,JHU,0.7,zero_fill
GNQ,2013,39,2013-09-23,2013-09-29,0.0,0.0,JHU,0.7,zero_fill
GNQ,2013,40,2013-09-30,2013-10-06,0.0,0.0,JHU,0.7,zero_fill
GNQ,2013,41,2013-10-07,2013-10-13,0.0,0.0,JHU,0.7,zero_fill
GNQ,2013,42,2013-10-14,2013-10-20,0.0,0.0,JHU,0.7,zero_fill
GNQ,2013,43,2013-10-21,2013-10-27,0.0,0.0,JHU,0.7,zero_fill
GNQ,2013,44,2013-10-28,2013-11-03,0.0,0.0,JHU,0.7,zero_fill
GNQ,2013,45,2013-11-04,2013-11-10,0.0,0.0,JHU,0.7,zero_fill
GNQ,2013,46,2013-11-11,2013-11-17,0.0,0.0,JHU,0.7,zero_fill
GNQ,2013,47,2013-11-18,2013-11-24,0.0,0.0,JHU,0.7,zero_fill
GNQ,2013,48,2013-11-25,2013-12-01,0.0,0.0,JHU,0.7,zero_fill
GNQ,2013,49,2013-12-02,2013-12-08,0.0,0.0,JHU,0.7,zero_fill
GNQ,2013,50,2013-12-09,2013-12-15,0.0,0.0,JHU,0.7,zero_fill
GNQ,2013,51,2013-12-16,2013-12-22,0.0,0.0,JHU,0.7,zero_fill
GNQ,2013,52,2013-12-23,2013-12-29,0.0,0.0,JHU,0.7,zero_fill
GNQ,2014,1,2013-12-30,2014-01-05,0.0,0.0,JHU,0.7,zero_fill
GNQ,2014,2,2014-01-06,2014-01-12,0.0,0.0,JHU,0.7,zero_fill
GNQ,2014,3,2014-01-13,2014-01-19,0.0,0.0,JHU,0.7,zero_fill
GNQ,2014,4,2014-01-20,2014-01-26,0.0,0.0,JHU,0.7,zero_fill
GNQ,2014,5,2014-01-27,2014-02-02,0.0,0.0,JHU,0.7,zero_fill
GNQ,2014,6,2014-02-03,2014-02-09,0.0,0.0,JHU,0.7,zero_fill
GNQ,2014,7,2014-02-10,2014-02-16,0.0,0.0,JHU,0.7,zero_fill
GNQ,2014,8,2014-02-17,2014-02-23,0.0,0.0,JHU,0.7,zero_fill
GNQ,2014,9,2014-02-24,2014-03-02,0.0,0.0,JHU,0.7,zero_fill
GNQ,2014,10,2014-03-03,2014-03-09,0.0,0.0,JHU,0.7,zero_fill
GNQ,2014,11,2014-03-10,2014-03-16,0.0,0.0,JHU,0.7,zero_fill
GNQ,2014,12,2014-03-17,2014-03-23,0.0,0.0,JHU,0.7,zero_fill
GNQ,2014,13,2014-03-24,2014-03-30,0.0,0.0,JHU,0.7,zero_fill
GNQ,2014,14,2014-03-31,2014-04-06,0.0,0.0,JHU,0.7,zero_fill
GNQ,2014,15,2014-04-07,2014-04-13,0.0,0.0,JHU,0.7,zero_fill
GNQ,2014,16,2014-04-14,2014-04-20,0.0,0.0,JHU,0.7,zero_fill
GNQ,2014,17,2014-04-21,2014-04-27,0.0,0.0,JHU,0.7,zero_fill
GNQ,2014,18,2014-04-28,2014-05-04,0.0,0.0,JHU,0.7,zero_fill
GNQ,2014,19,2014-05-05,2014-05-11,0.0,0.0,JHU,0.7,zero_fill
GNQ,2014,20,2014-05-12,2014-05-18,0.0,0.0,JHU,0.7,zero_fill
GNQ,2014,21,2014-05-19,2014-05-25,0.0,0.0,JHU,0.7,zero_fill
GNQ,2014,22,2014-05-26,2014-06-01,0.0,0.0,JHU,0.7,zero_fill
GNQ,2014,23,2014-06-02,2014-06-08,0.0,0.0,JHU,0.7,zero_fill
GNQ,2014,24,2014-06-09,2014-06-15,0.0,0.0,JHU,0.7,zero_fill
GNQ,2014,25,2014-06-16,2014-06-22,0.0,0.0,JHU,0.7,zero_fill
GNQ,2014,26,2014-06-23,2014-06-29,0.0,0.0,JHU,0.7,zero_fill
GNQ,2014,27,2014-06-30,2014-07-06,0.0,0.0,JHU,0.7,zero_fill
GNQ,2014,28,2014-07-07,2014-07-13,0.0,0.0,JHU,0.7,zero_fill
GNQ,2014,29,2014-07-14,2014-07-20,0.0,0.0,JHU,0.7,zero_fill
GNQ,2014,30,2014-07-21,2014-07-27,0.0,0.0,JHU,0.7,zero_fill
GNQ,2014,31,2014-07-28,2014-08-03,0.0,0.0,JHU,0.7,zero_fill
GNQ,2014,32,2014-08-04,2014-08-10,0.0,0.0,JHU,0.7,zero_fill
GNQ,2014,33,2014-08-11,2014-08-17,0.0,0.0,JHU,0.7,zero_fill
GNQ,2014,34,2014-08-18,2014-08-24,0.0,0.0,JHU,0.7,zero_fill
GNQ,2014,35,2014-08-25,2014-08-31,0.0,0.0,JHU,0.7,zero_fill
GNQ,2014,36,2014-09-01,2014-09-07,0.0,0.0,JHU,0.7,zero_fill
GNQ,2014,37,2014-09-08,2014-09-14,0.0,0.0,JHU,0.7,zero_fill
GNQ,2014,38,2014-09-15,2014-09-21,0.0,0.0,JHU,0.7,zero_fill
GNQ,2014,39,2014-09-22,2014-09-28,0.0,0.0,JHU,0.7,zero_fill
GNQ,2014,40,2014-09-29,2014-10-05,0.0,0.0,JHU,0.7,zero_fill
GNQ,2014,41,2014-10-06,2014-10-12,0.0,0.0,JHU,0.7,zero_fill
GNQ,2014,42,2014-10-13,2014-10-19,0.0,0.0,JHU,0.7,zero_fill
GNQ,2014,43,2014-10-20,2014-10-26,0.0,0.0,JHU,0.7,zero_fill
GNQ,2014,44,2014-10-27,2014-11-02,0.0,0.0,JHU,0.7,zero_fill
GNQ,2014,45,2014-11-03,2014-11-09,0.0,0.0,JHU,0.7,zero_fill
GNQ,2014,46,2014-11-10,2014-11-16,0.0,0.0,JHU,0.7,zero_fill
GNQ,2014,47,2014-11-17,2014-11-23,0.0,0.0,JHU,0.7,zero_fill
GNQ,2014,48,2014-11-24,2014-11-30,0.0,0.0,JHU,0.7,zero_fill
GNQ,2014,49,2014-12-01,2014-12-07,0.0,0.0,JHU,0.7,zero_fill
GNQ,2014,50,2014-12-08,2014-12-14,0.0,0.0,JHU,0.7,zero_fill
GNQ,2014,51,2014-12-15,2014-12-21,0.0,0.0,JHU,0.7,zero_fill
GNQ,2014,52,2014-12-22,2014-12-28,0.0,0.0,JHU,0.7,zero_fill
GNQ,2015,1,2014-12-29,2015-01-04,0.0,0.0,JHU,0.7,zero_fill
GNQ,2015,2,2015-01-05,2015-01-11,0.0,0.0,JHU,0.7,zero_fill
GNQ,2015,3,2015-01-12,2015-01-18,0.0,0.0,JHU,0.7,zero_fill
GNQ,2015,4,2015-01-19,2015-01-25,0.0,0.0,JHU,0.7,zero_fill
GNQ,2015,5,2015-01-26,2015-02-01,0.0,0.0,JHU,0.7,zero_fill
GNQ,2015,6,2015-02-02,2015-02-08,0.0,0.0,JHU,0.7,zero_fill
GNQ,2015,7,2015-02-09,2015-02-15,0.0,0.0,JHU,0.7,zero_fill
GNQ,2015,8,2015-02-16,2015-02-22,0.0,0.0,JHU,0.7,zero_fill
GNQ,2015,9,2015-02-23,2015-03-01,0.0,0.0,JHU,0.7,zero_fill
GNQ,2015,10,2015-03-02,2015-03-08,0.0,0.0,JHU,0.7,zero_fill
GNQ,2015,11,2015-03-09,2015-03-15,0.0,0.0,JHU,0.7,zero_fill
GNQ,2015,12,2015-03-16,2015-03-22,0.0,0.0,JHU,0.7,zero_fill
GNQ,2015,13,2015-03-23,2015-03-29,0.0,0.0,JHU,0.7,zero_fill
GNQ,2015,14,2015-03-30,2015-04-05,0.0,0.0,JHU,0.7,zero_fill
GNQ,2015,15,2015-04-06,2015-04-12,0.0,0.0,JHU,0.7,zero_fill
GNQ,2015,16,2015-04-13,2015-04-19,0.0,0.0,JHU,0.7,zero_fill
GNQ,2015,17,2015-04-20,2015-04-26,0.0,0.0,JHU,0.7,zero_fill
GNQ,2015,18,2015-04-27,2015-05-03,0.0,0.0,JHU,0.7,zero_fill
GNQ,2015,19,2015-05-04,2015-05-10,0.0,0.0,JHU,0.7,zero_fill
GNQ,2015,20,2015-05-11,2015-05-17,0.0,0.0,JHU,0.7,zero_fill
GNQ,2015,21,2015-05-18,2015-05-24,0.0,0.0,JHU,0.7,zero_fill
GNQ,2015,22,2015-05-25,2015-05-31,0.0,0.0,JHU,0.7,zero_fill
GNQ,2015,23,2015-06-01,2015-06-07,0.0,0.0,JHU,0.7,zero_fill
GNQ,2015,24,2015-06-08,2015-06-14,0.0,0.0,JHU,0.7,zero_fill
GNQ,2015,25,2015-06-15,2015-06-21,0.0,0.0,JHU,0.7,zero_fill
GNQ,2015,26,2015-06-22,2015-06-28,0.0,0.0,JHU,0.7,zero_fill
GNQ,2015,27,2015-06-29,2015-07-05,0.0,0.0,JHU,0.7,zero_fill
GNQ,2015,28,2015-07-06,2015-07-12,0.0,0.0,JHU,0.7,zero_fill
GNQ,2015,29,2015-07-13,2015-07-19,0.0,0.0,JHU,0.7,zero_fill
GNQ,2015,30,2015-07-20,2015-07-26,0.0,0.0,JHU,0.7,zero_fill
GNQ,2015,31,2015-07-27,2015-08-02,0.0,0.0,JHU,0.7,zero_fill
GNQ,2015,32,2015-08-03,2015-08-09,0.0,0.0,JHU,0.7,zero_fill
GNQ,2015,33,2015-08-10,2015-08-16,0.0,0.0,JHU,0.7,zero_fill
GNQ,2015,34,2015-08-17,2015-08-23,0.0,0.0,JHU,0.7,zero_fill
GNQ,2015,35,2015-08-24,2015-08-30,0.0,0.0,JHU,0.7,zero_fill
GNQ,2015,36,2015-08-31,2015-09-06,0.0,0.0,JHU,0.7,zero_fill
GNQ,2015,37,2015-09-07,2015-09-13,0.0,0.0,JHU,0.7,zero_fill
GNQ,2015,38,2015-09-14,2015-09-20,0.0,0.0,JHU,0.7,zero_fill
GNQ,2015,39,2015-09-21,2015-09-27,0.0,0.0,JHU,0.7,zero_fill
GNQ,2015,40,2015-09-28,2015-10-04,0.0,0.0,JHU,0.7,zero_fill
GNQ,2015,41,2015-10-05,2015-10-11,0.0,0.0,JHU,0.7,zero_fill
GNQ,2015,42,2015-10-12,2015-10-18,0.0,0.0,JHU,0.7,zero_fill
GNQ,2015,43,2015-10-19,2015-10-25,0.0,0.0,JHU,0.7,zero_fill
GNQ,2015,44,2015-10-26,2015-11-01,0.0,0.0,JHU,0.7,zero_fill
GNQ,2015,45,2015-11-02,2015-11-08,0.0,0.0,JHU,0.7,zero_fill
GNQ,2015,46,2015-11-09,2015-11-15,0.0,0.0,JHU,0.7,zero_fill
GNQ,2015,47,2015-11-16,2015-11-22,0.0,0.0,JHU,0.7,zero_fill
GNQ,2015,48,2015-11-23,2015-11-29,0.0,0.0,JHU,0.7,zero_fill
GNQ,2015,49,2015-11-30,2015-12-06,0.0,0.0,JHU,0.7,zero_fill
GNQ,2015,50,2015-12-07,2015-12-13,0.0,0.0,JHU,0.7,zero_fill
GNQ,2015,51,2015-12-14,2015-12-20,0.0,0.0,JHU,0.7,zero_fill
GNQ,2015,52,2015-12-21,2015-12-27,0.0,0.0,JHU,0.7,zero_fill
GNQ,2015,53,2015-12-28,2016-01-03,0.0,0.0,JHU,0.7,zero_fill
GNQ,2016,1,2016-01-04,2016-01-10,0.0,0.0,JHU,0.7,zero_fill
GNQ,2016,2,2016-01-11,2016-01-17,0.0,0.0,JHU,0.7,zero_fill
GNQ,2016,3,2016-01-18,2016-01-24,0.0,0.0,JHU,0.7,zero_fill
GNQ,2016,4,2016-01-25,2016-01-31,0.0,0.0,JHU,0.7,zero_fill
GNQ,2016,5,2016-02-01,2016-02-07,0.0,0.0,JHU,0.7,zero_fill
GNQ,2016,6,2016-02-08,2016-02-14,0.0,0.0,JHU,0.7,zero_fill
GNQ,2016,7,2016-02-15,2016-02-21,0.0,0.0,JHU,0.7,zero_fill
GNQ,2016,8,2016-02-22,2016-02-28,0.0,0.0,JHU,0.7,zero_fill
GNQ,2016,9,2016-02-29,2016-03-06,0.0,0.0,JHU,0.7,zero_fill
GNQ,2016,10,2016-03-07,2016-03-13,0.0,0.0,JHU,0.7,zero_fill
GNQ,2016,11,2016-03-14,2016-03-20,0.0,0.0,JHU,0.7,zero_fill
GNQ,2016,12,2016-03-21,2016-03-27,0.0,0.0,JHU,0.7,zero_fill
GNQ,2016,13,2016-03-28,2016-04-03,0.0,0.0,JHU,0.7,zero_fill
GNQ,2016,14,2016-04-04,2016-04-10,0.0,0.0,JHU,0.7,zero_fill
GNQ,2016,15,2016-04-11,2016-04-17,0.0,0.0,JHU,0.7,zero_fill
GNQ,2016,16,2016-04-18,2016-04-24,0.0,0.0,JHU,0.7,zero_fill
GNQ,2016,17,2016-04-25,2016-05-01,0.0,0.0,JHU,0.7,zero_fill
GNQ,2016,18,2016-05-02,2016-05-08,0.0,0.0,JHU,0.7,zero_fill
GNQ,2016,19,2016-05-09,2016-05-15,0.0,0.0,JHU,0.7,zero_fill
GNQ,2016,20,2016-05-16,2016-05-22,0.0,0.0,JHU,0.7,zero_fill
GNQ,2016,21,2016-05-23,2016-05-29,0.0,0.0,JHU,0.7,zero_fill
GNQ,2016,22,2016-05-30,2016-06-05,0.0,0.0,JHU,0.7,zero_fill
GNQ,2016,23,2016-06-06,2016-06-12,0.0,0.0,JHU,0.7,zero_fill
GNQ,2016,24,2016-06-13,2016-06-19,0.0,0.0,JHU,0.7,zero_fill
GNQ,2016,25,2016-06-20,2016-06-26,0.0,0.0,JHU,0.7,zero_fill
GNQ,2016,26,2016-06-27,2016-07-03,0.0,0.0,JHU,0.7,zero_fill
GNQ,2016,27,2016-07-04,2016-07-10,0.0,0.0,JHU,0.7,zero_fill
GNQ,2016,28,2016-07-11,2016-07-17,0.0,0.0,JHU,0.7,zero_fill
GNQ,2016,29,2016-07-18,2016-07-24,0.0,0.0,JHU,0.7,zero_fill
GNQ,2016,30,2016-07-25,2016-07-31,0.0,0.0,JHU,0.7,zero_fill
GNQ,2016,31,2016-08-01,2016-08-07,0.0,0.0,JHU,0.7,zero_fill
GNQ,2016,32,2016-08-08,2016-08-14,0.0,0.0,JHU,0.7,zero_fill
GNQ,2016,33,2016-08-15,2016-08-21,0.0,0.0,JHU,0.7,zero_fill
GNQ,2016,34,2016-08-22,2016-08-28,0.0,0.0,JHU,0.7,zero_fill
GNQ,2016,35,2016-08-29,2016-09-04,0.0,0.0,JHU,0.7,zero_fill
GNQ,2016,36,2016-09-05,2016-09-11,0.0,0.0,JHU,0.7,zero_fill
GNQ,2016,37,2016-09-12,2016-09-18,0.0,0.0,JHU,0.7,zero_fill
GNQ,2016,38,2016-09-19,2016-09-25,0.0,0.0,JHU,0.7,zero_fill
GNQ,2016,39,2016-09-26,2016-10-02,0.0,0.0,JHU,0.7,zero_fill
GNQ,2016,40,2016-10-03,2016-10-09,0.0,0.0,JHU,0.7,zero_fill
GNQ,2016,41,2016-10-10,2016-10-16,0.0,0.0,JHU,0.7,zero_fill
GNQ,2016,42,2016-10-17,2016-10-23,0.0,0.0,JHU,0.7,zero_fill
GNQ,2016,43,2016-10-24,2016-10-30,0.0,0.0,JHU,0.7,zero_fill
GNQ,2016,44,2016-10-31,2016-11-06,0.0,0.0,JHU,0.7,zero_fill
GNQ,2016,45,2016-11-07,2016-11-13,0.0,0.0,JHU,0.7,zero_fill
GNQ,2016,46,2016-11-14,2016-11-20,0.0,0.0,JHU,0.7,zero_fill
GNQ,2016,47,2016-11-21,2016-11-27,0.0,0.0,JHU,0.7,zero_fill
GNQ,2016,48,2016-11-28,2016-12-04,0.0,0.0,JHU,0.7,zero_fill
GNQ,2016,49,2016-12-05,2016-12-11,0.0,0.0,JHU,0.7,zero_fill
GNQ,2016,50,2016-12-12,2016-12-18,0.0,0.0,JHU,0.7,zero_fill
GNQ,2016,51,2016-12-19,2016-12-25,0.0,0.0,JHU,0.7,zero_fill
GNQ,2016,52,2016-12-26,2017-01-01,0.0,0.0,JHU,0.7,zero_fill
GNQ,2017,1,2017-01-02,2017-01-08,0.0,0.0,JHU,0.7,zero_fill
GNQ,2017,2,2017-01-09,2017-01-15,0.0,0.0,JHU,0.7,zero_fill
GNQ,2017,3,2017-01-16,2017-01-22,0.0,0.0,JHU,0.7,zero_fill
GNQ,2017,4,2017-01-23,2017-01-29,0.0,0.0,JHU,0.7,zero_fill
GNQ,2017,5,2017-01-30,2017-02-05,0.0,0.0,JHU,0.7,zero_fill
GNQ,2017,6,2017-02-06,2017-02-12,0.0,0.0,JHU,0.7,zero_fill
GNQ,2017,7,2017-02-13,2017-02-19,0.0,0.0,JHU,0.7,zero_fill
GNQ,2017,8,2017-02-20,2017-02-26,0.0,0.0,JHU,0.7,zero_fill
GNQ,2017,9,2017-02-27,2017-03-05,0.0,0.0,JHU,0.7,zero_fill
GNQ,2017,10,2017-03-06,2017-03-12,0.0,0.0,JHU,0.7,zero_fill
GNQ,2017,11,2017-03-13,2017-03-19,0.0,0.0,JHU,0.7,zero_fill
GNQ,2017,12,2017-03-20,2017-03-26,0.0,0.0,JHU,0.7,zero_fill
GNQ,2017,13,2017-03-27,2017-04-02,0.0,0.0,JHU,0.7,zero_fill
GNQ,2017,14,2017-04-03,2017-04-09,0.0,0.0,JHU,0.7,zero_fill
GNQ,2017,15,2017-04-10,2017-04-16,0.0,0.0,JHU,0.7,zero_fill
GNQ,2017,16,2017-04-17,2017-04-23,0.0,0.0,JHU,0.7,zero_fill
GNQ,2017,17,2017-04-24,2017-04-30,0.0,0.0,JHU,0.7,zero_fill
GNQ,2017,18,2017-05-01,2017-05-07,0.0,0.0,JHU,0.7,zero_fill
GNQ,2017,19,2017-05-08,2017-05-14,0.0,0.0,JHU,0.7,zero_fill
GNQ,2017,20,2017-05-15,2017-05-21,0.0,0.0,JHU,0.7,zero_fill
GNQ,2017,21,2017-05-22,2017-05-28,0.0,0.0,JHU,0.7,zero_fill
GNQ,2017,22,2017-05-29,2017-06-04,0.0,0.0,JHU,0.7,zero_fill
GNQ,2017,23,2017-06-05,2017-06-11,0.0,0.0,JHU,0.7,zero_fill
GNQ,2017,24,2017-06-12,2017-06-18,0.0,0.0,JHU,0.7,zero_fill
GNQ,2017,25,2017-06-19,2017-06-25,0.0,0.0,JHU,0.7,zero_fill
GNQ,2017,26,2017-06-26,2017-07-02,0.0,0.0,JHU,0.7,zero_fill
GNQ,2017,27,2017-07-03,2017-07-09,0.0,0.0,JHU,0.7,zero_fill
GNQ,2017,28,2017-07-10,2017-07-16,0.0,0.0,JHU,0.7,zero_fill
GNQ,2017,29,2017-07-17,2017-07-23,0.0,0.0,JHU,0.7,zero_fill
GNQ,2017,30,2017-07-24,2017-07-30,0.0,0.0,JHU,0.7,zero_fill
GNQ,2017,31,2017-07-31,2017-08-06,0.0,0.0,JHU,0.7,zero_fill
GNQ,2017,32,2017-08-07,2017-08-13,0.0,0.0,JHU,0.7,zero_fill
GNQ,2017,33,2017-08-14,2017-08-20,0.0,0.0,JHU,0.7,zero_fill
GNQ,2017,34,2017-08-21,2017-08-27,0.0,0.0,JHU,0.7,zero_fill
GNQ,2017,35,2017-08-28,2017-09-03,0.0,0.0,JHU,0.7,zero_fill
GNQ,2017,36,2017-09-04,2017-09-10,0.0,0.0,JHU,0.7,zero_fill
GNQ,2017,37,2017-09-11,2017-09-17,0.0,0.0,JHU,0.7,zero_fill
GNQ,2017,38,2017-09-18,2017-09-24,0.0,0.0,JHU,0.7,zero_fill
GNQ,2017,39,2017-09-25,2017-10-01,0.0,0.0,JHU,0.7,zero_fill
GNQ,2017,40,2017-10-02,2017-10-08,0.0,0.0,JHU,0.7,zero_fill
GNQ,2017,41,2017-10-09,2017-10-15,0.0,0.0,JHU,0.7,zero_fill
GNQ,2017,42,2017-10-16,2017-10-22,0.0,0.0,JHU,0.7,zero_fill
GNQ,2017,43,2017-10-23,2017-10-29,0.0,0.0,JHU,0.7,zero_fill
GNQ,2017,44,2017-10-30,2017-11-05,0.0,0.0,JHU,0.7,zero_fill
GNQ,2017,45,2017-11-06,2017-11-12,0.0,0.0,JHU,0.7,zero_fill
GNQ,2017,46,2017-11-13,2017-11-19,0.0,0.0,JHU,0.7,zero_fill
GNQ,2017,47,2017-11-20,2017-11-26,0.0,0.0,JHU,0.7,zero_fill
GNQ,2017,48,2017-11-27,2017-12-03,0.0,0.0,JHU,0.7,zero_fill
GNQ,2017,49,2017-12-04,2017-12-10,0.0,0.0,JHU,0.7,zero_fill
GNQ,2017,50,2017-12-11,2017-12-17,0.0,0.0,JHU,0.7,zero_fill
GNQ,2017,51,2017-12-18,2017-12-24,0.0,0.0,JHU,0.7,zero_fill
GNQ,2017,52,2017-12-25,2017-12-31,0.0,0.0,JHU,0.7,zero_fill
GNQ,2018,1,2018-01-01,2018-01-07,0.0,0.0,JHU,0.7,zero_fill
GNQ,2018,2,2018-01-08,2018-01-14,0.0,0.0,JHU,0.7,zero_fill
GNQ,2018,3,2018-01-15,2018-01-21,0.0,0.0,JHU,0.7,zero_fill
GNQ,2018,4,2018-01-22,2018-01-28,0.0,0.0,JHU,0.7,zero_fill
GNQ,2018,5,2018-01-29,2018-02-04,0.0,0.0,JHU,0.7,zero_fill
GNQ,2018,6,2018-02-05,2018-02-11,0.0,0.0,JHU,0.7,zero_fill
GNQ,2018,7,2018-02-12,2018-02-18,0.0,0.0,JHU,0.7,zero_fill
GNQ,2018,8,2018-02-19,2018-02-25,0.0,0.0,JHU,0.7,zero_fill
GNQ,2018,9,2018-02-26,2018-03-04,0.0,0.0,JHU,0.7,zero_fill
GNQ,2018,10,2018-03-05,2018-03-11,0.0,0.0,JHU,0.7,zero_fill
GNQ,2018,11,2018-03-12,2018-03-18,0.0,0.0,JHU,0.7,zero_fill
GNQ,2018,12,2018-03-19,2018-03-25,0.0,0.0,JHU,0.7,zero_fill
GNQ,2018,13,2018-03-26,2018-04-01,0.0,0.0,JHU,0.7,zero_fill
GNQ,2018,14,2018-04-02,2018-04-08,0.0,0.0,JHU,0.7,zero_fill
GNQ,2018,15,2018-04-09,2018-04-15,0.0,0.0,JHU,0.7,zero_fill
GNQ,2018,16,2018-04-16,2018-04-22,0.0,0.0,JHU,0.7,zero_fill
GNQ,2018,17,2018-04-23,2018-04-29,0.0,0.0,JHU,0.7,zero_fill
GNQ,2018,18,2018-04-30,2018-05-06,0.0,0.0,JHU,0.7,zero_fill
GNQ,2018,19,2018-05-07,2018-05-13,0.0,0.0,JHU,0.7,zero_fill
GNQ,2018,20,2018-05-14,2018-05-20,0.0,0.0,JHU,0.7,zero_fill
GNQ,2018,21,2018-05-21,2018-05-27,0.0,0.0,JHU,0.7,zero_fill
GNQ,2018,22,2018-05-28,2018-06-03,0.0,0.0,JHU,0.7,zero_fill
GNQ,2018,23,2018-06-04,2018-06-10,0.0,0.0,JHU,0.7,zero_fill
GNQ,2018,24,2018-06-11,2018-06-17,0.0,0.0,JHU,0.7,zero_fill
GNQ,2018,25,2018-06-18,2018-06-24,0.0,0.0,JHU,0.7,zero_fill
GNQ,2018,26,2018-06-25,2018-07-01,0.0,0.0,JHU,0.7,zero_fill
GNQ,2018,27,2018-07-02,2018-07-08,0.0,0.0,JHU,0.7,zero_fill
GNQ,2018,28,2018-07-09,2018-07-15,0.0,0.0,JHU,0.7,zero_fill
GNQ,2018,29,2018-07-16,2018-07-22,0.0,0.0,JHU,0.7,zero_fill
GNQ,2018,30,2018-07-23,2018-07-29,0.0,0.0,JHU,0.7,zero_fill
GNQ,2018,31,2018-07-30,2018-08-05,0.0,0.0,JHU,0.7,zero_fill
GNQ,2018,32,2018-08-06,2018-08-12,0.0,0.0,JHU,0.7,zero_fill
GNQ,2018,33,2018-08-13,2018-08-19,0.0,0.0,JHU,0.7,zero_fill
GNQ,2018,34,2018-08-20,2018-08-26,0.0,0.0,JHU,0.7,zero_fill
GNQ,2018,35,2018-08-27,2018-09-02,0.0,0.0,JHU,0.7,zero_fill
GNQ,2018,36,2018-09-03,2018-09-09,0.0,0.0,JHU,0.7,zero_fill
GNQ,2018,37,2018-09-10,2018-09-16,0.0,0.0,JHU,0.7,zero_fill
GNQ,2018,38,2018-09-17,2018-09-23,0.0,0.0,JHU,0.7,zero_fill
GNQ,2018,39,2018-09-24,2018-09-30,0.0,0.0,JHU,0.7,zero_fill
GNQ,2018,40,2018-10-01,2018-10-07,0.0,0.0,JHU,0.7,zero_fill
GNQ,2018,41,2018-10-08,2018-10-14,0.0,0.0,JHU,0.7,zero_fill
GNQ,2018,42,2018-10-15,2018-10-21,0.0,0.0,JHU,0.7,zero_fill
GNQ,2018,43,2018-10-22,2018-10-28,0.0,0.0,JHU,0.7,zero_fill
GNQ,2018,44,2018-10-29,2018-11-04,0.0,0.0,JHU,0.7,zero_fill
GNQ,2018,45,2018-11-05,2018-11-11,0.0,0.0,JHU,0.7,zero_fill
GNQ,2018,46,2018-11-12,2018-11-18,0.0,0.0,JHU,0.7,zero_fill
GNQ,2018,47,2018-11-19,2018-11-25,0.0,0.0,JHU,0.7,zero_fill
GNQ,2018,48,2018-11-26,2018-12-02,0.0,0.0,JHU,0.7,zero_fill
GNQ,2018,49,2018-12-03,2018-12-09,0.0,0.0,JHU,0.7,zero_fill
GNQ,2018,50,2018-12-10,2018-12-16,0.0,0.0,JHU,0.7,zero_fill
GNQ,2018,51,2018-12-17,2018-12-23,0.0,0.0,JHU,0.7,zero_fill
GNQ,2018,52,2018-12-24,2018-12-30,0.0,0.0,JHU,0.7,zero_fill
GNQ,2019,1,2018-12-31,2019-01-06,0.0,0.0,JHU,0.7,zero_fill
GNQ,2019,2,2019-01-07,2019-01-13,0.0,0.0,JHU,0.7,zero_fill
GNQ,2019,3,2019-01-14,2019-01-20,0.0,0.0,JHU,0.7,zero_fill
GNQ,2019,4,2019-01-21,2019-01-27,0.0,0.0,JHU,0.7,zero_fill
GNQ,2019,5,2019-01-28,2019-02-03,0.0,0.0,JHU,0.7,zero_fill
GNQ,2019,6,2019-02-04,2019-02-10,0.0,0.0,JHU,0.7,zero_fill
GNQ,2019,7,2019-02-11,2019-02-17,0.0,0.0,JHU,0.7,zero_fill
GNQ,2019,8,2019-02-18,2019-02-24,0.0,0.0,JHU,0.7,zero_fill
GNQ,2019,9,2019-02-25,2019-03-03,0.0,0.0,JHU,0.7,zero_fill
GNQ,2019,10,2019-03-04,2019-03-10,0.0,0.0,JHU,0.7,zero_fill
GNQ,2019,11,2019-03-11,2019-03-17,0.0,0.0,JHU,0.7,zero_fill
GNQ,2019,12,2019-03-18,2019-03-24,0.0,0.0,JHU,0.7,zero_fill
GNQ,2019,13,2019-03-25,2019-03-31,0.0,0.0,JHU,0.7,zero_fill
GNQ,2019,14,2019-04-01,2019-04-07,0.0,0.0,JHU,0.7,zero_fill
GNQ,2019,15,2019-04-08,2019-04-14,0.0,0.0,JHU,0.7,zero_fill
GNQ,2019,16,2019-04-15,2019-04-21,0.0,0.0,JHU,0.7,zero_fill
GNQ,2019,17,2019-04-22,2019-04-28,0.0,0.0,JHU,0.7,zero_fill
GNQ,2019,18,2019-04-29,2019-05-05,0.0,0.0,JHU,0.7,zero_fill
GNQ,2019,19,2019-05-06,2019-05-12,0.0,0.0,JHU,0.7,zero_fill
GNQ,2019,20,2019-05-13,2019-05-19,0.0,0.0,JHU,0.7,zero_fill
GNQ,2019,21,2019-05-20,2019-05-26,0.0,0.0,JHU,0.7,zero_fill
GNQ,2019,22,2019-05-27,2019-06-02,0.0,0.0,JHU,0.7,zero_fill
GNQ,2019,23,2019-06-03,2019-06-09,0.0,0.0,JHU,0.7,zero_fill
GNQ,2019,24,2019-06-10,2019-06-16,0.0,0.0,JHU,0.7,zero_fill
GNQ,2019,25,2019-06-17,2019-06-23,0.0,0.0,JHU,0.7,zero_fill
GNQ,2019,26,2019-06-24,2019-06-30,0.0,0.0,JHU,0.7,zero_fill
GNQ,2019,27,2019-07-01,2019-07-07,0.0,0.0,JHU,0.7,zero_fill
GNQ,2019,28,2019-07-08,2019-07-14,0.0,0.0,JHU,0.7,zero_fill
GNQ,2019,29,2019-07-15,2019-07-21,0.0,0.0,JHU,0.7,zero_fill
GNQ,2019,30,2019-07-22,2019-07-28,0.0,0.0,JHU,0.7,zero_fill
GNQ,2019,31,2019-07-29,2019-08-04,0.0,0.0,JHU,0.7,zero_fill
GNQ,2019,32,2019-08-05,2019-08-11,0.0,0.0,JHU,0.7,zero_fill
GNQ,2019,33,2019-08-12,2019-08-18,0.0,0.0,JHU,0.7,zero_fill
GNQ,2019,34,2019-08-19,2019-08-25,0.0,0.0,JHU,0.7,zero_fill
GNQ,2019,35,2019-08-26,2019-09-01,0.0,0.0,JHU,0.7,zero_fill
GNQ,2019,36,2019-09-02,2019-09-08,0.0,0.0,JHU,0.7,zero_fill
GNQ,2019,37,2019-09-09,2019-09-15,0.0,0.0,JHU,0.7,zero_fill
GNQ,2019,38,2019-09-16,2019-09-22,0.0,0.0,JHU,0.7,zero_fill
GNQ,2019,39,2019-09-23,2019-09-29,0.0,0.0,JHU,0.7,zero_fill
GNQ,2019,40,2019-09-30,2019-10-06,0.0,0.0,JHU,0.7,zero_fill
GNQ,2019,41,2019-10-07,2019-10-13,0.0,0.0,JHU,0.7,zero_fill
GNQ,2019,42,2019-10-14,2019-10-20,0.0,0.0,JHU,0.7,zero_fill
GNQ,2019,43,2019-10-21,2019-10-27,0.0,0.0,JHU,0.7,zero_fill
GNQ,2019,44,2019-10-28,2019-11-03,0.0,0.0,JHU,0.7,zero_fill
GNQ,2019,45,2019-11-04,2019-11-10,0.0,0.0,JHU,0.7,zero_fill
GNQ,2019,46,2019-11-11,2019-11-17,0.0,0.0,JHU,0.7,zero_fill
GNQ,2019,47,2019-11-18,2019-11-24,0.0,0.0,JHU,0.7,zero_fill
GNQ,2019,48,2019-11-25,2019-12-01,0.0,0.0,JHU,0.7,zero_fill
GNQ,2019,49,2019-12-02,2019-12-08,0.0,0.0,JHU,0.7,zero_fill
GNQ,2019,50,2019-12-09,2019-12-15,0.0,0.0,JHU,0.7,zero_fill
GNQ,2019,51,2019-12-16,2019-12-22,0.0,0.0,JHU,0.7,zero_fill
GNQ,2019,52,2019-12-23,2019-12-29,0.0,0.0,JHU,0.7,zero_fill
GNQ,2020,1,2019-12-30,2020-01-05,0.0,0.0,JHU,0.7,zero_fill
GNQ,2020,2,2020-01-06,2020-01-12,0.0,0.0,JHU,0.7,zero_fill
GNQ,2020,3,2020-01-13,2020-01-19,0.0,0.0,JHU,0.7,zero_fill
GNQ,2020,4,2020-01-20,2020-01-26,0.0,0.0,JHU,0.7,zero_fill
GNQ,2020,5,2020-01-27,2020-02-02,0.0,0.0,JHU,0.7,zero_fill
GNQ,2020,6,2020-02-03,2020-02-09,0.0,0.0,JHU,0.7,zero_fill
GNQ,2020,7,2020-02-10,2020-02-16,0.0,0.0,JHU,0.7,zero_fill
GNQ,2020,8,2020-02-17,2020-02-23,0.0,0.0,JHU,0.7,zero_fill
GNQ,2020,9,2020-02-24,2020-03-01,0.0,0.0,JHU,0.7,zero_fill
GNQ,2020,10,2020-03-02,2020-03-08,0.0,0.0,JHU,0.7,zero_fill
GNQ,2020,11,2020-03-09,2020-03-15,0.0,0.0,JHU,0.7,zero_fill
GNQ,2020,12,2020-03-16,2020-03-22,0.0,0.0,JHU,0.7,zero_fill
GNQ,2020,13,2020-03-23,2020-03-29,0.0,0.0,JHU,0.7,zero_fill
GNQ,2020,14,2020-03-30,2020-04-05,0.0,0.0,JHU,0.7,zero_fill
GNQ,2020,15,2020-04-06,2020-04-12,0.0,0.0,JHU,0.7,zero_fill
GNQ,2020,16,2020-04-13,2020-04-19,0.0,0.0,JHU,0.7,zero_fill
GNQ,2020,17,2020-04-20,2020-04-26,0.0,0.0,JHU,0.7,zero_fill
GNQ,2020,18,2020-04-27,2020-05-03,0.0,0.0,JHU,0.7,zero_fill
GNQ,2020,19,2020-05-04,2020-05-10,0.0,0.0,JHU,0.7,zero_fill
GNQ,2020,20,2020-05-11,2020-05-17,0.0,0.0,JHU,0.7,zero_fill
GNQ,2020,21,2020-05-18,2020-05-24,0.0,0.0,JHU,0.7,zero_fill
GNQ,2020,22,2020-05-25,2020-05-31,0.0,0.0,JHU,0.7,zero_fill
GNQ,2020,23,2020-06-01,2020-06-07,0.0,0.0,JHU,0.7,zero_fill
GNQ,2020,24,2020-06-08,2020-06-14,0.0,0.0,JHU,0.7,zero_fill
GNQ,2020,25,2020-06-15,2020-06-21,0.0,0.0,JHU,0.7,zero_fill
GNQ,2020,26,2020-06-22,2020-06-28,0.0,0.0,JHU,0.7,zero_fill
GNQ,2020,27,2020-06-29,2020-07-05,0.0,0.0,JHU,0.7,zero_fill
GNQ,2020,28,2020-07-06,2020-07-12,0.0,0.0,JHU,0.7,zero_fill
GNQ,2020,29,2020-07-13,2020-07-19,0.0,0.0,JHU,0.7,zero_fill
GNQ,2020,30,2020-07-20,2020-07-26,0.0,0.0,JHU,0.7,zero_fill
GNQ,2020,31,2020-07-27,2020-08-02,0.0,0.0,JHU,0.7,zero_fill
GNQ,2020,32,2020-08-03,2020-08-09,0.0,0.0,JHU,0.7,zero_fill
GNQ,2020,33,2020-08-10,2020-08-16,0.0,0.0,JHU,0.7,zero_fill
GNQ,2020,34,2020-08-17,2020-08-23,0.0,0.0,JHU,0.7,zero_fill
GNQ,2020,35,2020-08-24,2020-08-30,0.0,0.0,JHU,0.7,zero_fill
GNQ,2020,36,2020-08-31,2020-09-06,0.0,0.0,JHU,0.7,zero_fill
GNQ,2020,37,2020-09-07,2020-09-13,0.0,0.0,JHU,0.7,zero_fill
GNQ,2020,38,2020-09-14,2020-09-20,0.0,0.0,JHU,0.7,zero_fill
GNQ,2020,39,2020-09-21,2020-09-27,0.0,0.0,JHU,0.7,zero_fill
GNQ,2020,40,2020-09-28,2020-10-04,0.0,0.0,JHU,0.7,zero_fill
GNQ,2020,41,2020-10-05,2020-10-11,0.0,0.0,JHU,0.7,zero_fill
GNQ,2020,42,2020-10-12,2020-10-18,0.0,0.0,JHU,0.7,zero_fill
GNQ,2020,43,2020-10-19,2020-10-25,0.0,0.0,JHU,0.7,zero_fill
GNQ,2020,44,2020-10-26,2020-11-01,0.0,0.0,JHU,0.7,zero_fill
GNQ,2020,45,2020-11-02,2020-11-08,0.0,0.0,JHU,0.7,zero_fill
GNQ,2020,46,2020-11-09,2020-11-15,0.0,0.0,JHU,0.7,zero_fill
GNQ,2020,47,2020-11-16,2020-11-22,0.0,0.0,JHU,0.7,zero_fill
GNQ,2020,48,2020-11-23,2020-11-29,0.0,0.0,JHU,0.7,zero_fill
GNQ,2020,49,2020-11-30,2020-12-06,0.0,0.0,JHU,0.7,zero_fill
GNQ,2020,50,2020-12-07,2020-12-13,0.0,0.0,JHU,0.7,zero_fill
GNQ,2020,51,2020-12-14,2020-12-20,0.0,0.0,JHU,0.7,zero_fill
GNQ,2020,52,2020-12-21,2020-12-27,0.0,0.0,JHU,0.7,zero_fill
GNQ,2020,53,2020-12-28,2021-01-03,0.0,0.0,JHU,0.7,zero_fill
GNQ,2021,1,2021-01-04,2021-01-10,0.0,0.0,JHU,0.7,zero_fill
GNQ,2021,2,2021-01-11,2021-01-17,0.0,0.0,JHU,0.7,zero_fill
GNQ,2021,3,2021-01-18,2021-01-24,0.0,0.0,JHU,0.7,zero_fill
GNQ,2021,4,2021-01-25,2021-01-31,0.0,0.0,JHU,0.7,zero_fill
GNQ,2021,5,2021-02-01,2021-02-07,0.0,0.0,JHU,0.7,zero_fill
GNQ,2021,6,2021-02-08,2021-02-14,0.0,0.0,JHU,0.7,zero_fill
GNQ,2021,7,2021-02-15,2021-02-21,0.0,0.0,JHU,0.7,zero_fill
GNQ,2021,8,2021-02-22,2021-02-28,0.0,0.0,JHU,0.7,zero_fill
GNQ,2021,9,2021-03-01,2021-03-07,0.0,0.0,JHU,0.7,zero_fill
GNQ,2021,10,2021-03-08,2021-03-14,0.0,0.0,JHU,0.7,zero_fill
GNQ,2021,11,2021-03-15,2021-03-21,0.0,0.0,JHU,0.7,zero_fill
GNQ,2021,12,2021-03-22,2021-03-28,0.0,0.0,JHU,0.7,zero_fill
GNQ,2021,13,2021-03-29,2021-04-04,0.0,0.0,JHU,0.7,zero_fill
GNQ,2021,14,2021-04-05,2021-04-11,0.0,0.0,JHU,0.7,zero_fill
GNQ,2021,15,2021-04-12,2021-04-18,0.0,0.0,JHU,0.7,zero_fill
GNQ,2021,16,2021-04-19,2021-04-25,0.0,0.0,JHU,0.7,zero_fill
GNQ,2021,17,2021-04-26,2021-05-02,0.0,0.0,JHU,0.7,zero_fill
GNQ,2021,18,2021-05-03,2021-05-09,0.0,0.0,JHU,0.7,zero_fill
GNQ,2021,19,2021-05-10,2021-05-16,0.0,0.0,JHU,0.7,zero_fill
GNQ,2021,20,2021-05-17,2021-05-23,0.0,0.0,JHU,0.7,zero_fill
GNQ,2021,21,2021-05-24,2021-05-30,0.0,0.0,JHU,0.7,zero_fill
GNQ,2021,22,2021-05-31,2021-06-06,0.0,0.0,JHU,0.7,zero_fill
GNQ,2021,23,2021-06-07,2021-06-13,0.0,0.0,JHU,0.7,zero_fill
GNQ,2021,24,2021-06-14,2021-06-20,0.0,0.0,JHU,0.7,zero_fill
GNQ,2021,25,2021-06-21,2021-06-27,0.0,0.0,JHU,0.7,zero_fill
GNQ,2021,26,2021-06-28,2021-07-04,0.0,0.0,JHU,0.7,zero_fill
GNQ,2021,27,2021-07-05,2021-07-11,0.0,0.0,JHU,0.7,zero_fill
GNQ,2021,28,2021-07-12,2021-07-18,0.0,0.0,JHU,0.7,zero_fill
GNQ,2021,29,2021-07-19,2021-07-25,0.0,0.0,JHU,0.7,zero_fill
GNQ,2021,30,2021-07-26,2021-08-01,0.0,0.0,JHU,0.7,zero_fill
GNQ,2021,31,2021-08-02,2021-08-08,0.0,0.0,JHU,0.7,zero_fill
GNQ,2021,32,2021-08-09,2021-08-15,0.0,0.0,JHU,0.7,zero_fill
GNQ,2021,33,2021-08-16,2021-08-22,0.0,0.0,JHU,0.7,zero_fill
GNQ,2021,34,2021-08-23,2021-08-29,0.0,0.0,JHU,0.7,zero_fill
GNQ,2021,35,2021-08-30,2021-09-05,0.0,0.0,JHU,0.7,zero_fill
GNQ,2021,36,2021-09-06,2021-09-12,0.0,0.0,JHU,0.7,zero_fill
GNQ,2021,37,2021-09-13,2021-09-19,0.0,0.0,JHU,0.7,zero_fill
GNQ,2021,38,2021-09-20,2021-09-26,0.0,0.0,JHU,0.7,zero_fill
GNQ,2021,39,2021-09-27,2021-10-03,0.0,0.0,JHU,0.7,zero_fill
GNQ,2021,40,2021-10-04,2021-10-10,0.0,0.0,JHU,0.7,zero_fill
GNQ,2021,41,2021-10-11,2021-10-17,0.0,0.0,JHU,0.7,zero_fill
GNQ,2021,42,2021-10-18,2021-10-24,0.0,0.0,JHU,0.7,zero_fill
GNQ,2021,43,2021-10-25,2021-10-31,0.0,0.0,JHU,0.7,zero_fill
GNQ,2021,44,2021-11-01,2021-11-07,0.0,0.0,JHU,0.7,zero_fill
GNQ,2021,45,2021-11-08,2021-11-14,0.0,0.0,JHU,0.7,zero_fill
GNQ,2021,46,2021-11-15,2021-11-21,0.0,0.0,JHU,0.7,zero_fill
GNQ,2021,47,2021-11-22,2021-11-28,0.0,0.0,JHU,0.7,zero_fill
GNQ,2021,48,2021-11-29,2021-12-05,0.0,0.0,JHU,0.7,zero_fill
GNQ,2021,49,2021-12-06,2021-12-12,0.0,0.0,JHU,0.7,zero_fill
GNQ,2021,50,2021-12-13,2021-12-19,0.0,0.0,JHU,0.7,zero_fill
GNQ,2021,51,2021-12-20,2021-12-26,0.0,0.0,JHU,0.7,zero_fill
GNQ,2021,52,2021-12-27,2022-01-02,0.0,0.0,JHU,0.7,zero_fill
GNQ,2022,1,2022-01-03,2022-01-09,0.0,0.0,AI,0.9,zero_fill
GNQ,2022,2,2022-01-10,2022-01-16,0.0,0.0,AI,0.9,zero_fill
GNQ,2022,3,2022-01-17,2022-01-23,0.0,0.0,AI,0.9,zero_fill
GNQ,2022,4,2022-01-24,2022-01-30,0.0,0.0,AI,0.9,zero_fill
GNQ,2022,5,2022-01-31,2022-02-06,0.0,0.0,AI,0.9,zero_fill
GNQ,2022,6,2022-02-07,2022-02-13,0.0,0.0,AI,0.9,zero_fill
GNQ,2022,7,2022-02-14,2022-02-20,0.0,0.0,AI,0.9,zero_fill
GNQ,2022,8,2022-02-21,2022-02-27,0.0,0.0,AI,0.9,zero_fill
GNQ,2022,9,2022-02-28,2022-03-06,0.0,0.0,AI,0.9,zero_fill
GNQ,2022,10,2022-03-07,2022-03-13,0.0,0.0,AI,0.9,zero_fill
GNQ,2022,11,2022-03-14,2022-03-20,0.0,0.0,AI,0.9,zero_fill
GNQ,2022,12,2022-03-21,2022-03-27,0.0,0.0,AI,0.9,zero_fill
GNQ,2022,13,2022-03-28,2022-04-03,0.0,0.0,AI,0.9,zero_fill
GNQ,2022,14,2022-04-04,2022-04-10,0.0,0.0,AI,0.9,zero_fill
GNQ,2022,15,2022-04-11,2022-04-17,0.0,0.0,AI,0.9,zero_fill
GNQ,2022,16,2022-04-18,2022-04-24,0.0,0.0,AI,0.9,zero_fill
GNQ,2022,17,2022-04-25,2022-05-01,0.0,0.0,AI,0.9,zero_fill
GNQ,2022,18,2022-05-02,2022-05-08,0.0,0.0,AI,0.9,zero_fill
GNQ,2022,19,2022-05-09,2022-05-15,0.0,0.0,AI,0.9,zero_fill
GNQ,2022,20,2022-05-16,2022-05-22,0.0,0.0,AI,0.9,zero_fill
GNQ,2022,21,2022-05-23,2022-05-29,0.0,0.0,AI,0.9,zero_fill
GNQ,2022,22,2022-05-30,2022-06-05,0.0,0.0,AI,0.9,zero_fill
GNQ,2022,23,2022-06-06,2022-06-12,0.0,0.0,AI,0.9,zero_fill
GNQ,2022,24,2022-06-13,2022-06-19,0.0,0.0,AI,0.9,zero_fill
GNQ,2022,25,2022-06-20,2022-06-26,0.0,0.0,AI,0.9,zero_fill
GNQ,2022,26,2022-06-27,2022-07-03,0.0,0.0,AI,0.9,zero_fill
GNQ,2022,27,2022-07-04,2022-07-10,0.0,0.0,AI,0.9,zero_fill
GNQ,2022,28,2022-07-11,2022-07-17,0.0,0.0,AI,0.9,zero_fill
GNQ,2022,29,2022-07-18,2022-07-24,0.0,0.0,AI,0.9,zero_fill
GNQ,2022,30,2022-07-25,2022-07-31,0.0,0.0,AI,0.9,zero_fill
GNQ,2022,31,2022-08-01,2022-08-07,0.0,0.0,AI,0.9,zero_fill
GNQ,2022,32,2022-08-08,2022-08-14,0.0,0.0,AI,0.9,zero_fill
GNQ,2022,33,2022-08-15,2022-08-21,0.0,0.0,AI,0.9,zero_fill
GNQ,2022,34,2022-08-22,2022-08-28,0.0,0.0,AI,0.9,zero_fill
GNQ,2022,35,2022-08-29,2022-09-04,0.0,0.0,AI,0.9,zero_fill
GNQ,2022,36,2022-09-05,2022-09-11,0.0,0.0,AI,0.9,zero_fill
GNQ,2022,37,2022-09-12,2022-09-18,0.0,0.0,AI,0.9,zero_fill
GNQ,2022,38,2022-09-19,2022-09-25,0.0,0.0,AI,0.9,zero_fill
GNQ,2022,39,2022-09-26,2022-10-02,0.0,0.0,AI,0.9,zero_fill
GNQ,2022,40,2022-10-03,2022-10-09,0.0,0.0,AI,0.9,zero_fill
GNQ,2022,41,2022-10-10,2022-10-16,0.0,0.0,AI,0.9,zero_fill
GNQ,2022,42,2022-10-17,2022-10-23,0.0,0.0,AI,0.9,zero_fill
GNQ,2022,43,2022-10-24,2022-10-30,0.0,0.0,AI,0.9,zero_fill
GNQ,2022,44,2022-10-31,2022-11-06,0.0,0.0,AI,0.9,zero_fill
GNQ,2022,45,2022-11-07,2022-11-13,0.0,0.0,AI,0.9,zero_fill
GNQ,2022,46,2022-11-14,2022-11-20,0.0,0.0,AI,0.9,zero_fill
GNQ,2022,47,2022-11-21,2022-11-27,0.0,0.0,AI,0.9,zero_fill
GNQ,2022,48,2022-11-28,2022-12-04,0.0,0.0,AI,0.9,zero_fill
GNQ,2022,49,2022-12-05,2022-12-11,0.0,0.0,AI,0.9,zero_fill
GNQ,2022,50,2022-12-12,2022-12-18,0.0,0.0,AI,0.9,zero_fill
GNQ,2022,51,2022-12-19,2022-12-25,0.0,0.0,AI,0.9,zero_fill
GNQ,2022,52,2022-12-26,2023-01-01,0.0,0.0,AI,0.9,zero_fill
GNQ,2023,1,2023-01-02,2023-01-08,0.0,0.0,AI,0.9,zero_fill
GNQ,2023,2,2023-01-09,2023-01-15,0.0,0.0,AI,0.9,zero_fill
GNQ,2023,3,2023-01-16,2023-01-22,0.0,0.0,AI,0.9,zero_fill
GNQ,2023,4,2023-01-23,2023-01-29,0.0,0.0,AI,0.9,zero_fill
GNQ,2023,5,2023-01-30,2023-02-05,0.0,0.0,AI,0.9,zero_fill
GNQ,2023,6,2023-02-06,2023-02-12,0.0,0.0,AI,0.9,zero_fill
GNQ,2023,7,2023-02-13,2023-02-19,0.0,0.0,AI,0.9,zero_fill
GNQ,2023,8,2023-02-20,2023-02-26,0.0,0.0,AI,0.9,zero_fill
GNQ,2023,9,2023-02-27,2023-03-05,0.0,0.0,AI,0.9,zero_fill
GNQ,2023,10,2023-03-06,2023-03-12,0.0,0.0,AI,0.9,zero_fill
GNQ,2023,11,2023-03-13,2023-03-19,0.0,0.0,AI,0.9,zero_fill
GNQ,2023,12,2023-03-20,2023-03-26,0.0,0.0,AI,0.9,zero_fill
GNQ,2023,13,2023-03-27,2023-04-02,0.0,0.0,AI,0.9,zero_fill
GNQ,2023,14,2023-04-03,2023-04-09,0.0,0.0,AI,0.9,zero_fill
GNQ,2023,15,2023-04-10,2023-04-16,0.0,0.0,AI,0.9,zero_fill
GNQ,2023,16,2023-04-17,2023-04-23,0.0,0.0,AI,0.9,zero_fill
GNQ,2023,17,2023-04-24,2023-04-30,0.0,0.0,AI,0.9,zero_fill
GNQ,2023,18,2023-05-01,2023-05-07,0.0,0.0,AI,0.9,zero_fill
GNQ,2023,19,2023-05-08,2023-05-14,0.0,0.0,AI,0.9,zero_fill
GNQ,2023,20,2023-05-15,2023-05-21,0.0,0.0,AI,0.9,zero_fill
GNQ,2023,21,2023-05-22,2023-05-28,0.0,0.0,AI,0.9,zero_fill
GNQ,2023,22,2023-05-29,2023-06-04,0.0,0.0,AI,0.9,zero_fill
GNQ,2023,23,2023-06-05,2023-06-11,0.0,0.0,AI,0.9,zero_fill
GNQ,2023,24,2023-06-12,2023-06-18,0.0,0.0,AI,0.9,zero_fill
GNQ,2023,25,2023-06-19,2023-06-25,0.0,0.0,AI,0.9,zero_fill
GNQ,2023,26,2023-06-26,2023-07-02,0.0,0.0,AI,0.9,zero_fill
GNQ,2023,27,2023-07-03,2023-07-09,0.0,0.0,AI,0.9,zero_fill
GNQ,2023,28,2023-07-10,2023-07-16,0.0,0.0,AI,0.9,zero_fill
GNQ,2023,29,2023-07-17,2023-07-23,0.0,0.0,AI,0.9,zero_fill
GNQ,2023,30,2023-07-24,2023-07-30,0.0,0.0,AI,0.9,zero_fill
GNQ,2023,31,2023-07-31,2023-08-06,0.0,0.0,AI,0.9,zero_fill
GNQ,2023,32,2023-08-07,2023-08-13,0.0,0.0,AI,0.9,zero_fill
GNQ,2023,33,2023-08-14,2023-08-20,0.0,0.0,AI,0.9,zero_fill
GNQ,2023,34,2023-08-21,2023-08-27,0.0,0.0,AI,0.9,zero_fill
GNQ,2023,35,2023-08-28,2023-09-03,0.0,0.0,AI,0.9,zero_fill
GNQ,2023,36,2023-09-04,2023-09-10,0.0,0.0,AI,0.9,zero_fill
GNQ,2023,37,2023-09-11,2023-09-17,0.0,0.0,AI,0.9,zero_fill
GNQ,2023,38,2023-09-18,2023-09-24,0.0,0.0,AI,0.9,zero_fill
GNQ,2023,39,2023-09-25,2023-10-01,0.0,0.0,AI,0.9,zero_fill
GNQ,2023,40,2023-10-02,2023-10-08,0.0,0.0,AI,0.9,zero_fill
GNQ,2023,41,2023-10-09,2023-10-15,0.0,0.0,AI,0.9,zero_fill
GNQ,2023,42,2023-10-16,2023-10-22,0.0,0.0,AI,0.9,zero_fill
GNQ,2023,43,2023-10-23,2023-10-29,0.0,0.0,AI,0.9,zero_fill
GNQ,2023,44,2023-10-30,2023-11-05,0.0,0.0,AI,0.9,zero_fill
GNQ,2023,45,2023-11-06,2023-11-12,0.0,0.0,AI,0.9,zero_fill
GNQ,2023,46,2023-11-13,2023-11-19,0.0,0.0,AI,0.9,zero_fill
GNQ,2023,47,2023-11-20,2023-11-26,0.0,0.0,AI,0.9,zero_fill
GNQ,2023,48,2023-11-27,2023-12-03,0.0,0.0,AI,0.9,zero_fill
GNQ,2023,49,2023-12-04,2023-12-10,0.0,0.0,AI,0.9,zero_fill
GNQ,2023,50,2023-12-11,2023-12-17,0.0,0.0,AI,0.9,zero_fill
GNQ,2023,51,2023-12-18,2023-12-24,0.0,0.0,AI,0.9,zero_fill
GNQ,2023,52,2023-12-25,2023-12-31,0.0,0.0,AI,0.9,zero_fill
GNQ,2024,1,2024-01-01,2024-01-07,0.0,0.0,JHU,1.0,zero_fill
GNQ,2024,2,2024-01-08,2024-01-14,0.0,0.0,JHU,1.0,zero_fill
GNQ,2024,3,2024-01-15,2024-01-21,0.0,0.0,JHU,1.0,zero_fill
GNQ,2024,4,2024-01-22,2024-01-28,0.0,0.0,JHU,1.0,zero_fill
GNQ,2024,5,2024-01-29,2024-02-04,0.0,0.0,JHU,1.0,zero_fill
GNQ,2024,6,2024-02-05,2024-02-11,0.0,0.0,JHU,1.0,zero_fill
GNQ,2024,7,2024-02-12,2024-02-18,0.0,0.0,JHU,1.0,zero_fill
GNQ,2024,8,2024-02-19,2024-02-25,0.0,0.0,JHU,1.0,zero_fill
GNQ,2024,9,2024-02-26,2024-03-03,0.0,0.0,JHU,1.0,zero_fill
GNQ,2024,10,2024-03-04,2024-03-10,0.0,0.0,JHU,1.0,zero_fill
GNQ,2024,11,2024-03-11,2024-03-17,0.0,0.0,JHU,1.0,zero_fill
GNQ,2024,12,2024-03-18,2024-03-24,0.0,0.0,JHU,1.0,zero_fill
GNQ,2024,13,2024-03-25,2024-03-31,0.0,0.0,JHU,1.0,zero_fill
GNQ,2024,14,2024-04-01,2024-04-07,0.0,0.0,JHU,1.0,zero_fill
GNQ,2024,15,2024-04-08,2024-04-14,0.0,0.0,JHU,1.0,zero_fill
GNQ,2024,16,2024-04-15,2024-04-21,0.0,0.0,JHU,1.0,zero_fill
GNQ,2024,17,2024-04-22,2024-04-28,0.0,0.0,JHU,1.0,zero_fill
GNQ,2024,18,2024-04-29,2024-05-05,0.0,0.0,JHU,1.0,zero_fill
GNQ,2024,19,2024-05-06,2024-05-12,0.0,0.0,JHU,1.0,zero_fill
GNQ,2024,20,2024-05-13,2024-05-19,0.0,0.0,JHU,1.0,zero_fill
GNQ,2024,21,2024-05-20,2024-05-26,0.0,0.0,JHU,1.0,zero_fill
GNQ,2024,22,2024-05-27,2024-06-02,0.0,0.0,JHU,1.0,zero_fill
GNQ,2024,23,2024-06-03,2024-06-09,0.0,0.0,JHU,1.0,zero_fill
GNQ,2024,24,2024-06-10,2024-06-16,0.0,0.0,JHU,1.0,zero_fill
GNQ,2024,25,2024-06-17,2024-06-23,0.0,0.0,JHU,1.0,zero_fill
GNQ,2024,26,2024-06-24,2024-06-30,0.0,0.0,JHU,1.0,zero_fill
GNQ,2024,27,2024-07-01,2024-07-07,0.0,0.0,JHU,1.0,zero_fill
GNQ,2024,28,2024-07-08,2024-07-14,0.0,0.0,JHU,1.0,zero_fill
GNQ,2024,29,2024-07-15,2024-07-21,0.0,0.0,JHU,1.0,zero_fill
GNQ,2024,30,2024-07-22,2024-07-28,0.0,0.0,JHU,1.0,zero_fill
GNQ,2024,31,2024-07-29,2024-08-04,0.0,0.0,JHU,1.0,zero_fill
GNQ,2024,32,2024-08-05,2024-08-11,0.0,0.0,JHU,1.0,zero_fill
GNQ,2024,33,2024-08-12,2024-08-18,0.0,0.0,JHU,1.0,zero_fill
GNQ,2024,34,2024-08-19,2024-08-25,0.0,0.0,JHU,1.0,zero_fill
GNQ,2024,35,2024-08-26,2024-09-01,0.0,0.0,JHU,1.0,zero_fill
GNQ,2024,36,2024-09-02,2024-09-08,0.0,0.0,JHU,1.0,zero_fill
GNQ,2024,37,2024-09-09,2024-09-15,0.0,0.0,JHU,1.0,zero_fill
GNQ,2024,38,2024-09-16,2024-09-22,0.0,0.0,JHU,1.0,zero_fill
GNQ,2024,39,2024-09-23,2024-09-29,0.0,0.0,JHU,1.0,zero_fill
GNQ,2024,40,2024-09-30,2024-10-06,0.0,0.0,JHU,1.0,zero_fill
GNQ,2024,41,2024-10-07,2024-10-13,0.0,0.0,JHU,1.0,zero_fill
GNQ,2024,42,2024-10-14,2024-10-20,0.0,0.0,JHU,1.0,zero_fill
GNQ,2024,43,2024-10-21,2024-10-27,0.0,0.0,JHU,1.0,zero_fill
GNQ,2024,44,2024-10-28,2024-11-03,0.0,0.0,JHU,1.0,zero_fill
GNQ,2024,45,2024-11-04,2024-11-10,0.0,0.0,JHU,1.0,zero_fill
GNQ,2024,46,2024-11-11,2024-11-17,0.0,0.0,JHU,1.0,zero_fill
GNQ,2024,47,2024-11-18,2024-11-24,0.0,0.0,JHU,1.0,zero_fill
GNQ,2024,48,2024-11-25,2024-12-01,0.0,0.0,JHU,1.0,zero_fill
GNQ,2024,49,2024-12-02,2024-12-08,0.0,0.0,JHU,1.0,zero_fill
GNQ,2024,50,2024-12-09,2024-12-15,0.0,0.0,JHU,1.0,zero_fill
GNQ,2024,51,2024-12-16,2024-12-22,0.0,0.0,JHU,1.0,zero_fill
GNQ,2024,52,2024-12-23,2024-12-29,0.0,0.0,JHU,1.0,zero_fill
GNQ,2025,1,2024-12-30,2025-01-05,0.0,0.0,JHU,1.0,zero_fill
GNQ,2025,2,2025-01-06,2025-01-12,0.0,0.0,AI,0.9,zero_fill
GNQ,2025,3,2025-01-13,2025-01-19,0.0,0.0,AI,0.9,zero_fill
GNQ,2025,4,2025-01-20,2025-01-26,0.0,0.0,AI,0.9,zero_fill
GNQ,2025,5,2025-01-27,2025-02-02,0.0,0.0,AI,0.9,zero_fill
GNQ,2025,6,2025-02-03,2025-02-09,0.0,0.0,AI,0.9,zero_fill
GNQ,2025,7,2025-02-10,2025-02-16,0.0,0.0,AI,0.9,zero_fill
GNQ,2025,8,2025-02-17,2025-02-23,0.0,0.0,AI,0.9,zero_fill
GNQ,2025,9,2025-02-24,2025-03-02,0.0,0.0,AI,0.9,zero_fill
GNQ,2025,10,2025-03-03,2025-03-09,0.0,0.0,AI,0.9,zero_fill
GNQ,2025,11,2025-03-10,2025-03-16,0.0,0.0,AI,0.9,zero_fill
GNQ,2025,12,2025-03-17,2025-03-23,0.0,0.0,AI,0.9,zero_fill
GNQ,2025,13,2025-03-24,2025-03-30,0.0,0.0,AI,0.9,zero_fill
GNQ,2025,14,2025-03-31,2025-04-06,0.0,0.0,AI,0.9,zero_fill
GNQ,2025,15,2025-04-07,2025-04-13,0.0,0.0,AI,0.9,zero_fill
GNQ,2025,16,2025-04-14,2025-04-20,0.0,0.0,AI,0.9,zero_fill
GNQ,2025,17,2025-04-21,2025-04-27,0.0,0.0,AI,0.9,zero_fill
GNQ,2025,18,2025-04-28,2025-05-04,0.0,0.0,AI,0.9,zero_fill
GNQ,2025,19,2025-05-05,2025-05-11,0.0,0.0,AI,0.9,zero_fill
GNQ,2025,20,2025-05-12,2025-05-18,0.0,0.0,AI,0.9,zero_fill
