iso_code,year,iso_week,week_start,week_end,sCh,deaths,source,confidence_weight,disaggregation_method
BEN,1970,1,1969-12-29,1970-01-04,5.1172,1.0819,JHU,0.7,fourier_country
BEN,1970,2,1970-01-05,1970-01-11,4.9546,1.0475,JHU,0.7,fourier_country
BEN,1970,3,1970-01-12,1970-01-18,4.7322,1.0005,JHU,0.7,fourier_country
BEN,1970,4,1970-01-19,1970-01-25,4.4619,0.9434,JHU,0.7,fourier_country
BEN,1970,5,1970-01-26,1970-02-01,4.1576,0.879,JHU,0.7,fourier_country
BEN,1970,6,1970-02-02,1970-02-08,3.8351,0.8109,JHU,0.7,fourier_country
BEN,1970,7,1970-02-09,1970-02-15,3.5105,0.7422,JHU,0.7,fourier_country
BEN,1970,8,1970-02-16,1970-02-22,3.1996,0.6765,JHU,0.7,fourier_country
BEN,1970,9,1970-02-23,1970-03-01,2.9169,0.6167,JHU,0.7,fourier_country
BEN,1970,10,1970-03-02,1970-03-08,2.6752,0.5656,JHU,0.7,fourier_country
BEN,1970,11,1970-03-09,1970-03-15,2.4843,0.5253,JHU,0.7,fourier_country
BEN,1970,12,1970-03-16,1970-03-22,2.351,0.4971,JHU,0.7,fourier_country
BEN,1970,13,1970-03-23,1970-03-29,2.2785,0.4817,JHU,0.7,fourier_country
BEN,1970,14,1970-03-30,1970-04-05,2.2664,0.4792,JHU,0.7,fourier_country
BEN,1970,15,1970-04-06,1970-04-12,2.3107,0.4885,JHU,0.7,fourier_country
BEN,1970,16,1970-04-13,1970-04-19,2.4041,0.5083,JHU,0.7,fourier_country
BEN,1970,17,1970-04-20,1970-04-26,2.5367,0.5363,JHU,0.7,fourier_country
BEN,1970,18,1970-04-27,1970-05-03,2.6962,0.5701,JHU,0.7,fourier_country
BEN,1970,19,1970-05-04,1970-05-10,2.8694,0.6067,JHU,0.7,fourier_country
BEN,1970,20,1970-05-11,1970-05-17,3.0421,0.6432,JHU,0.7,fourier_country
BEN,1970,21,1970-05-18,1970-05-24,3.2008,0.6767,JHU,0.7,fourier_country
BEN,1970,22,1970-05-25,1970-05-31,3.3331,0.7047,JHU,0.7,fourier_country
BEN,1970,23,1970-06-01,1970-06-07,3.4286,0.7249,JHU,0.7,fourier_country
BEN,1970,24,1970-06-08,1970-06-14,3.4795,0.7357,JHU,0.7,fourier_country
BEN,1970,25,1970-06-15,1970-06-21,3.481,0.736,JHU,0.7,fourier_country
BEN,1970,26,1970-06-22,1970-06-28,3.4319,0.7256,JHU,0.7,fourier_country
BEN,1970,27,1970-06-29,1970-07-05,3.3344,0.705,JHU,0.7,fourier_country
BEN,1970,28,1970-07-06,1970-07-12,3.1941,0.6753,JHU,0.7,fourier_country
BEN,1970,29,1970-07-13,1970-07-19,3.0195,0.6384,JHU,0.7,fourier_country
BEN,1970,30,1970-07-20,1970-07-26,2.822,0.5967,JHU,0.7,fourier_country
BEN,1970,31,1970-07-27,1970-08-02,2.6145,0.5528,JHU,0.7,fourier_country
BEN,1970,32,1970-08-03,1970-08-09,2.4113,0.5098,JHU,0.7,fourier_country
BEN,1970,33,1970-08-10,1970-08-16,2.2267,0.4708,JHU,0.7,fourier_country
BEN,1970,34,1970-08-17,1970-08-23,2.0745,0.4386,JHU,0.7,fourier_country
BEN,1970,35,1970-08-24,1970-08-30,1.967,0.4159,JHU,0.7,fourier_country
BEN,1970,36,1970-08-31,1970-09-06,1.9143,0.4047,JHU,0.7,fourier_country
BEN,1970,37,1970-09-07,1970-09-13,1.9235,0.4067,JHU,0.7,fourier_country
BEN,1970,38,1970-09-14,1970-09-20,1.9985,0.4225,JHU,0.7,fourier_country
BEN,1970,39,1970-09-21,1970-09-27,2.1394,0.4523,JHU,0.7,fourier_country
BEN,1970,40,1970-09-28,1970-10-04,2.3427,0.4953,JHU,0.7,fourier_country
BEN,1970,41,1970-10-05,1970-10-11,2.6013,0.55,JHU,0.7,fourier_country
BEN,1970,42,1970-10-12,1970-10-18,2.9048,0.6142,JHU,0.7,fourier_country
BEN,1970,43,1970-10-19,1970-10-25,3.2402,0.6851,JHU,0.7,fourier_country
BEN,1970,44,1970-10-26,1970-11-01,3.5923,0.7595,JHU,0.7,fourier_country
BEN,1970,45,1970-11-02,1970-11-08,3.9449,0.8341,JHU,0.7,fourier_country
BEN,1970,46,1970-11-09,1970-11-15,4.2814,0.9052,JHU,0.7,fourier_country
BEN,1970,47,1970-11-16,1970-11-22,4.5858,0.9696,JHU,0.7,fourier_country
BEN,1970,48,1970-11-23,1970-11-29,4.8437,1.0241,JHU,0.7,fourier_country
BEN,1970,49,1970-11-30,1970-12-06,5.0426,1.0662,JHU,0.7,fourier_country
BEN,1970,50,1970-12-07,1970-12-13,5.1734,1.0938,JHU,0.7,fourier_country
BEN,1970,51,1970-12-14,1970-12-20,5.2302,1.1058,JHU,0.7,fourier_country
BEN,1970,52,1970-12-21,1970-12-27,5.2109,1.1017,JHU,0.7,fourier_country
BEN,1970,53,1970-12-28,1971-01-03,5.2109,1.1017,JHU,0.7,fourier_country
BEN,1971,1,1971-01-04,1971-01-10,62.3708,8.012,JHU,0.7,fourier_country
BEN,1971,2,1971-01-11,1971-01-17,60.3898,7.7575,JHU,0.7,fourier_country
BEN,1971,3,1971-01-18,1971-01-24,57.6791,7.4093,JHU,0.7,fourier_country
BEN,1971,4,1971-01-25,1971-01-31,54.3837,6.986,JHU,0.7,fourier_country
BEN,1971,5,1971-02-01,1971-02-07,50.6757,6.5097,JHU,0.7,fourier_country
BEN,1971,6,1971-02-08,1971-02-14,46.7448,6.0047,JHU,0.7,fourier_country
BEN,1971,7,1971-02-15,1971-02-21,42.788,5.4964,JHU,0.7,fourier_country
BEN,1971,8,1971-02-22,1971-02-28,38.998,5.0096,JHU,0.7,fourier_country
BEN,1971,9,1971-03-01,1971-03-07,35.553,4.5671,JHU,0.7,fourier_country
BEN,1971,10,1971-03-08,1971-03-14,32.6067,4.1886,JHU,0.7,fourier_country
BEN,1971,11,1971-03-15,1971-03-21,30.2802,3.8897,JHU,0.7,fourier_country
BEN,1971,12,1971-03-22,1971-03-28,28.6557,3.681,JHU,0.7,fourier_country
BEN,1971,13,1971-03-29,1971-04-04,27.7722,3.5675,JHU,0.7,fourier_country
BEN,1971,14,1971-04-05,1971-04-11,27.6245,3.5486,JHU,0.7,fourier_country
BEN,1971,15,1971-04-12,1971-04-18,28.164,3.6179,JHU,0.7,fourier_country
BEN,1971,16,1971-04-19,1971-04-25,29.3025,3.7641,JHU,0.7,fourier_country
BEN,1971,17,1971-04-26,1971-05-02,30.9182,3.9717,JHU,0.7,fourier_country
BEN,1971,18,1971-05-03,1971-05-09,32.8632,4.2215,JHU,0.7,fourier_country
BEN,1971,19,1971-05-10,1971-05-16,34.9735,4.4926,JHU,0.7,fourier_country
BEN,1971,20,1971-05-17,1971-05-23,37.0789,4.7631,JHU,0.7,fourier_country
BEN,1971,21,1971-05-24,1971-05-30,39.0134,5.0116,JHU,0.7,fourier_country
BEN,1971,22,1971-05-31,1971-06-06,40.6261,5.2187,JHU,0.7,fourier_country
BEN,1971,23,1971-06-07,1971-06-13,41.7899,5.3682,JHU,0.7,fourier_country
BEN,1971,24,1971-06-14,1971-06-20,42.4097,5.4479,JHU,0.7,fourier_country
BEN,1971,25,1971-06-21,1971-06-27,42.4283,5.4502,JHU,0.7,fourier_country
BEN,1971,26,1971-06-28,1971-07-04,41.83,5.3734,JHU,0.7,fourier_country
BEN,1971,27,1971-07-05,1971-07-11,40.6415,5.2207,JHU,0.7,fourier_country
BEN,1971,28,1971-07-12,1971-07-18,38.9311,5.001,JHU,0.7,fourier_country
BEN,1971,29,1971-07-19,1971-07-25,36.8039,4.7277,JHU,0.7,fourier_country
BEN,1971,30,1971-07-26,1971-08-01,34.3963,4.4185,JHU,0.7,fourier_country
BEN,1971,31,1971-08-02,1971-08-08,31.8676,4.0936,JHU,0.7,fourier_country
BEN,1971,32,1971-08-09,1971-08-15,29.3904,3.7754,JHU,0.7,fourier_country
BEN,1971,33,1971-08-16,1971-08-22,27.1402,3.4864,JHU,0.7,fourier_country
BEN,1971,34,1971-08-23,1971-08-29,25.2851,3.2481,JHU,0.7,fourier_country
BEN,1971,35,1971-08-30,1971-09-05,23.9749,3.0798,JHU,0.7,fourier_country
BEN,1971,36,1971-09-06,1971-09-12,23.3322,2.9972,JHU,0.7,fourier_country
BEN,1971,37,1971-09-13,1971-09-19,23.4446,3.0116,JHU,0.7,fourier_country
BEN,1971,38,1971-09-20,1971-09-26,24.3586,3.129,JHU,0.7,fourier_country
BEN,1971,39,1971-09-27,1971-10-03,26.0763,3.3497,JHU,0.7,fourier_country
BEN,1971,40,1971-10-04,1971-10-10,28.5546,3.668,JHU,0.7,fourier_country
BEN,1971,41,1971-10-11,1971-10-17,31.7065,4.0729,JHU,0.7,fourier_country
BEN,1971,42,1971-10-18,1971-10-24,35.4057,4.5481,JHU,0.7,fourier_country
BEN,1971,43,1971-10-25,1971-10-31,39.4931,5.0732,JHU,0.7,fourier_country
BEN,1971,44,1971-11-01,1971-11-07,43.7848,5.6245,JHU,0.7,fourier_country
BEN,1971,45,1971-11-08,1971-11-14,48.0826,6.1766,JHU,0.7,fourier_country
BEN,1971,46,1971-11-15,1971-11-21,52.1842,6.7035,JHU,0.7,fourier_country
BEN,1971,47,1971-11-22,1971-11-28,55.8947,7.1801,JHU,0.7,fourier_country
BEN,1971,48,1971-11-29,1971-12-05,59.0373,7.5838,JHU,0.7,fourier_country
BEN,1971,49,1971-12-06,1971-12-12,61.4624,7.8953,JHU,0.7,fourier_country
BEN,1971,50,1971-12-13,1971-12-19,63.0567,8.1001,JHU,0.7,fourier_country
BEN,1971,51,1971-12-20,1971-12-26,63.7487,8.189,JHU,0.7,fourier_country
BEN,1971,52,1971-12-27,1972-01-02,63.5129,8.1587,JHU,0.7,fourier_country
BEN,1972,1,1972-01-03,1972-01-09,7.3102,0.848,JHU,0.7,fourier_country
BEN,1972,2,1972-01-10,1972-01-16,7.078,0.8211,JHU,0.7,fourier_country
BEN,1972,3,1972-01-17,1972-01-23,6.7603,0.7842,JHU,0.7,fourier_country
BEN,1972,4,1972-01-24,1972-01-30,6.3741,0.7394,JHU,0.7,fourier_country
BEN,1972,5,1972-01-31,1972-02-06,5.9395,0.689,JHU,0.7,fourier_country
BEN,1972,6,1972-02-07,1972-02-13,5.4788,0.6355,JHU,0.7,fourier_country
BEN,1972,7,1972-02-14,1972-02-20,5.015,0.5817,JHU,0.7,fourier_country
BEN,1972,8,1972-02-21,1972-02-27,4.5708,0.5302,JHU,0.7,fourier_country
BEN,1972,9,1972-02-28,1972-03-05,4.167,0.4834,JHU,0.7,fourier_country
BEN,1972,10,1972-03-06,1972-03-12,3.8217,0.4433,JHU,0.7,fourier_country
BEN,1972,11,1972-03-13,1972-03-19,3.549,0.4117,JHU,0.7,fourier_country
BEN,1972,12,1972-03-20,1972-03-26,3.3586,0.3896,JHU,0.7,fourier_country
BEN,1972,13,1972-03-27,1972-04-02,3.2551,0.3776,JHU,0.7,fourier_country
BEN,1972,14,1972-04-03,1972-04-09,3.2377,0.3756,JHU,0.7,fourier_country
BEN,1972,15,1972-04-10,1972-04-16,3.301,0.3829,JHU,0.7,fourier_country
BEN,1972,16,1972-04-17,1972-04-23,3.4344,0.3984,JHU,0.7,fourier_country
BEN,1972,17,1972-04-24,1972-04-30,3.6238,0.4204,JHU,0.7,fourier_country
BEN,1972,18,1972-05-01,1972-05-07,3.8518,0.4468,JHU,0.7,fourier_country
BEN,1972,19,1972-05-08,1972-05-14,4.0991,0.4755,JHU,0.7,fourier_country
BEN,1972,20,1972-05-15,1972-05-21,4.3459,0.5041,JHU,0.7,fourier_country
BEN,1972,21,1972-05-22,1972-05-28,4.5726,0.5304,JHU,0.7,fourier_country
BEN,1972,22,1972-05-29,1972-06-04,4.7616,0.5523,JHU,0.7,fourier_country
BEN,1972,23,1972-06-05,1972-06-11,4.898,0.5682,JHU,0.7,fourier_country
BEN,1972,24,1972-06-12,1972-06-18,4.9707,0.5766,JHU,0.7,fourier_country
BEN,1972,25,1972-06-19,1972-06-25,4.9728,0.5769,JHU,0.7,fourier_country
BEN,1972,26,1972-06-26,1972-07-02,4.9027,0.5687,JHU,0.7,fourier_country
BEN,1972,27,1972-07-03,1972-07-09,4.7634,0.5526,JHU,0.7,fourier_country
BEN,1972,28,1972-07-10,1972-07-16,4.5629,0.5293,JHU,0.7,fourier_country
BEN,1972,29,1972-07-17,1972-07-23,4.3136,0.5004,JHU,0.7,fourier_country
BEN,1972,30,1972-07-24,1972-07-30,4.0315,0.4676,JHU,0.7,fourier_country
BEN,1972,31,1972-07-31,1972-08-06,3.7351,0.4333,JHU,0.7,fourier_country
BEN,1972,32,1972-08-07,1972-08-13,3.4447,0.3996,JHU,0.7,fourier_country
BEN,1972,33,1972-08-14,1972-08-20,3.181,0.369,JHU,0.7,fourier_country
BEN,1972,34,1972-08-21,1972-08-27,2.9636,0.3438,JHU,0.7,fourier_country
BEN,1972,35,1972-08-28,1972-09-03,2.81,0.326,JHU,0.7,fourier_country
BEN,1972,36,1972-09-04,1972-09-10,2.7347,0.3172,JHU,0.7,fourier_country
BEN,1972,37,1972-09-11,1972-09-17,2.7478,0.3187,JHU,0.7,fourier_country
BEN,1972,38,1972-09-18,1972-09-24,2.855,0.3312,JHU,0.7,fourier_country
BEN,1972,39,1972-09-25,1972-10-01,3.0563,0.3545,JHU,0.7,fourier_country
BEN,1972,40,1972-10-02,1972-10-08,3.3468,0.3882,JHU,0.7,fourier_country
BEN,1972,41,1972-10-09,1972-10-15,3.7162,0.4311,JHU,0.7,fourier_country
BEN,1972,42,1972-10-16,1972-10-22,4.1498,0.4814,JHU,0.7,fourier_country
BEN,1972,43,1972-10-23,1972-10-29,4.6288,0.5369,JHU,0.7,fourier_country
BEN,1972,44,1972-10-30,1972-11-05,5.1318,0.5953,JHU,0.7,fourier_country
BEN,1972,45,1972-11-06,1972-11-12,5.6356,0.6537,JHU,0.7,fourier_country
BEN,1972,46,1972-11-13,1972-11-19,6.1163,0.7095,JHU,0.7,fourier_country
BEN,1972,47,1972-11-20,1972-11-26,6.5512,0.7599,JHU,0.7,fourier_country
BEN,1972,48,1972-11-27,1972-12-03,6.9195,0.8027,JHU,0.7,fourier_country
BEN,1972,49,1972-12-04,1972-12-10,7.2038,0.8356,JHU,0.7,fourier_country
BEN,1972,50,1972-12-11,1972-12-17,7.3906,0.8573,JHU,0.7,fourier_country
BEN,1972,51,1972-12-18,1972-12-24,7.4717,0.8667,JHU,0.7,fourier_country
BEN,1972,52,1972-12-25,1972-12-31,7.4441,0.8635,JHU,0.7,fourier_country
BEN,1973,1,1973-01-01,1973-01-07,0.0878,0.0585,JHU,0.7,fourier_country
BEN,1973,2,1973-01-08,1973-01-14,0.085,0.0567,JHU,0.7,fourier_country
BEN,1973,3,1973-01-15,1973-01-21,0.0812,0.0541,JHU,0.7,fourier_country
BEN,1973,4,1973-01-22,1973-01-28,0.0765,0.051,JHU,0.7,fourier_country
BEN,1973,5,1973-01-29,1973-02-04,0.0713,0.0475,JHU,0.7,fourier_country
BEN,1973,6,1973-02-05,1973-02-11,0.0658,0.0439,JHU,0.7,fourier_country
BEN,1973,7,1973-02-12,1973-02-18,0.0602,0.0401,JHU,0.7,fourier_country
BEN,1973,8,1973-02-19,1973-02-25,0.0549,0.0366,JHU,0.7,fourier_country
BEN,1973,9,1973-02-26,1973-03-04,0.05,0.0334,JHU,0.7,fourier_country
BEN,1973,10,1973-03-05,1973-03-11,0.0459,0.0306,JHU,0.7,fourier_country
BEN,1973,11,1973-03-12,1973-03-18,0.0426,0.0284,JHU,0.7,fourier_country
BEN,1973,12,1973-03-19,1973-03-25,0.0403,0.0269,JHU,0.7,fourier_country
BEN,1973,13,1973-03-26,1973-04-01,0.0391,0.0261,JHU,0.7,fourier_country
BEN,1973,14,1973-04-02,1973-04-08,0.0389,0.0259,JHU,0.7,fourier_country
BEN,1973,15,1973-04-09,1973-04-15,0.0396,0.0264,JHU,0.7,fourier_country
BEN,1973,16,1973-04-16,1973-04-22,0.0412,0.0275,JHU,0.7,fourier_country
BEN,1973,17,1973-04-23,1973-04-29,0.0435,0.029,JHU,0.7,fourier_country
BEN,1973,18,1973-04-30,1973-05-06,0.0462,0.0308,JHU,0.7,fourier_country
BEN,1973,19,1973-05-07,1973-05-13,0.0492,0.0328,JHU,0.7,fourier_country
BEN,1973,20,1973-05-14,1973-05-20,0.0522,0.0348,JHU,0.7,fourier_country
BEN,1973,21,1973-05-21,1973-05-27,0.0549,0.0366,JHU,0.7,fourier_country
BEN,1973,22,1973-05-28,1973-06-03,0.0572,0.0381,JHU,0.7,fourier_country
BEN,1973,23,1973-06-04,1973-06-10,0.0588,0.0392,JHU,0.7,fourier_country
BEN,1973,24,1973-06-11,1973-06-17,0.0597,0.0398,JHU,0.7,fourier_country
BEN,1973,25,1973-06-18,1973-06-24,0.0597,0.0398,JHU,0.7,fourier_country
BEN,1973,26,1973-06-25,1973-07-01,0.0589,0.0392,JHU,0.7,fourier_country
BEN,1973,27,1973-07-02,1973-07-08,0.0572,0.0381,JHU,0.7,fourier_country
BEN,1973,28,1973-07-09,1973-07-15,0.0548,0.0365,JHU,0.7,fourier_country
BEN,1973,29,1973-07-16,1973-07-22,0.0518,0.0345,JHU,0.7,fourier_country
BEN,1973,30,1973-07-23,1973-07-29,0.0484,0.0323,JHU,0.7,fourier_country
BEN,1973,31,1973-07-30,1973-08-05,0.0448,0.0299,JHU,0.7,fourier_country
BEN,1973,32,1973-08-06,1973-08-12,0.0414,0.0276,JHU,0.7,fourier_country
BEN,1973,33,1973-08-13,1973-08-19,0.0382,0.0255,JHU,0.7,fourier_country
BEN,1973,34,1973-08-20,1973-08-26,0.0356,0.0237,JHU,0.7,fourier_country
BEN,1973,35,1973-08-27,1973-09-02,0.0337,0.0225,JHU,0.7,fourier_country
BEN,1973,36,1973-09-03,1973-09-09,0.0328,0.0219,JHU,0.7,fourier_country
BEN,1973,37,1973-09-10,1973-09-16,0.033,0.022,JHU,0.7,fourier_country
BEN,1973,38,1973-09-17,1973-09-23,0.0343,0.0229,JHU,0.7,fourier_country
BEN,1973,39,1973-09-24,1973-09-30,0.0367,0.0245,JHU,0.7,fourier_country
BEN,1973,40,1973-10-01,1973-10-07,0.0402,0.0268,JHU,0.7,fourier_country
BEN,1973,41,1973-10-08,1973-10-14,0.0446,0.0297,JHU,0.7,fourier_country
BEN,1973,42,1973-10-15,1973-10-21,0.0498,0.0332,JHU,0.7,fourier_country
BEN,1973,43,1973-10-22,1973-10-28,0.0556,0.0371,JHU,0.7,fourier_country
BEN,1973,44,1973-10-29,1973-11-04,0.0616,0.0411,JHU,0.7,fourier_country
BEN,1973,45,1973-11-05,1973-11-11,0.0677,0.0451,JHU,0.7,fourier_country
BEN,1973,46,1973-11-12,1973-11-18,0.0734,0.049,JHU,0.7,fourier_country
BEN,1973,47,1973-11-19,1973-11-25,0.0787,0.0524,JHU,0.7,fourier_country
BEN,1973,48,1973-11-26,1973-12-02,0.0831,0.0554,JHU,0.7,fourier_country
BEN,1973,49,1973-12-03,1973-12-09,0.0865,0.0577,JHU,0.7,fourier_country
BEN,1973,50,1973-12-10,1973-12-16,0.0887,0.0592,JHU,0.7,fourier_country
BEN,1973,51,1973-12-17,1973-12-23,0.0897,0.0598,JHU,0.7,fourier_country
BEN,1973,52,1973-12-24,1973-12-30,0.0894,0.0596,JHU,0.7,fourier_country
BEN,1974,1,1973-12-31,1974-01-06,0.0878,0.0585,JHU,0.7,fourier_country
BEN,1974,2,1974-01-07,1974-01-13,2.0679,0.1133,JHU,0.7,fourier_country
BEN,1974,3,1974-01-14,1974-01-20,1.9751,0.1082,JHU,0.7,fourier_country
BEN,1974,4,1974-01-21,1974-01-27,1.8622,0.102,JHU,0.7,fourier_country
BEN,1974,5,1974-01-28,1974-02-03,1.7353,0.0951,JHU,0.7,fourier_country
BEN,1974,6,1974-02-04,1974-02-10,1.6007,0.0877,JHU,0.7,fourier_country
BEN,1974,7,1974-02-11,1974-02-17,1.4652,0.0803,JHU,0.7,fourier_country
BEN,1974,8,1974-02-18,1974-02-24,1.3354,0.0732,JHU,0.7,fourier_country
BEN,1974,9,1974-02-25,1974-03-03,1.2174,0.0667,JHU,0.7,fourier_country
BEN,1974,10,1974-03-04,1974-03-10,1.1165,0.0612,JHU,0.7,fourier_country
BEN,1974,11,1974-03-11,1974-03-17,1.0369,0.0568,JHU,0.7,fourier_country
BEN,1974,12,1974-03-18,1974-03-24,0.9812,0.0538,JHU,0.7,fourier_country
BEN,1974,13,1974-03-25,1974-03-31,0.951,0.0521,JHU,0.7,fourier_country
BEN,1974,14,1974-04-01,1974-04-07,0.9459,0.0518,JHU,0.7,fourier_country
BEN,1974,15,1974-04-08,1974-04-14,0.9644,0.0528,JHU,0.7,fourier_country
BEN,1974,16,1974-04-15,1974-04-21,1.0034,0.055,JHU,0.7,fourier_country
BEN,1974,17,1974-04-22,1974-04-28,1.0587,0.058,JHU,0.7,fourier_country
BEN,1974,18,1974-04-29,1974-05-05,1.1253,0.0617,JHU,0.7,fourier_country
BEN,1974,19,1974-05-06,1974-05-12,1.1976,0.0656,JHU,0.7,fourier_country
BEN,1974,20,1974-05-13,1974-05-19,1.2697,0.0696,JHU,0.7,fourier_country
BEN,1974,21,1974-05-20,1974-05-26,1.3359,0.0732,JHU,0.7,fourier_country
BEN,1974,22,1974-05-27,1974-06-02,1.3911,0.0762,JHU,0.7,fourier_country
BEN,1974,23,1974-06-03,1974-06-09,1.431,0.0784,JHU,0.7,fourier_country
BEN,1974,24,1974-06-10,1974-06-16,1.4522,0.0796,JHU,0.7,fourier_country
BEN,1974,25,1974-06-17,1974-06-23,1.4528,0.0796,JHU,0.7,fourier_country
BEN,1974,26,1974-06-24,1974-06-30,1.4324,0.0785,JHU,0.7,fourier_country
BEN,1974,27,1974-07-01,1974-07-07,1.3917,0.0763,JHU,0.7,fourier_country
BEN,1974,28,1974-07-08,1974-07-14,1.3331,0.073,JHU,0.7,fourier_country
BEN,1974,29,1974-07-15,1974-07-21,1.2603,0.0691,JHU,0.7,fourier_country
BEN,1974,30,1974-07-22,1974-07-28,1.1778,0.0645,JHU,0.7,fourier_country
BEN,1974,31,1974-07-29,1974-08-04,1.0912,0.0598,JHU,0.7,fourier_country
BEN,1974,32,1974-08-05,1974-08-11,1.0064,0.0551,JHU,0.7,fourier_country
BEN,1974,33,1974-08-12,1974-08-18,0.9293,0.0509,JHU,0.7,fourier_country
BEN,1974,34,1974-08-19,1974-08-25,0.8658,0.0474,JHU,0.7,fourier_country
BEN,1974,35,1974-08-26,1974-09-01,0.821,0.045,JHU,0.7,fourier_country
BEN,1974,36,1974-09-02,1974-09-08,0.799,0.0438,JHU,0.7,fourier_country
BEN,1974,37,1974-09-09,1974-09-15,0.8028,0.044,JHU,0.7,fourier_country
BEN,1974,38,1974-09-16,1974-09-22,0.8341,0.0457,JHU,0.7,fourier_country
BEN,1974,39,1974-09-23,1974-09-29,0.8929,0.0489,JHU,0.7,fourier_country
BEN,1974,40,1974-09-30,1974-10-06,0.9778,0.0536,JHU,0.7,fourier_country
BEN,1974,41,1974-10-07,1974-10-13,1.0857,0.0595,JHU,0.7,fourier_country
BEN,1974,42,1974-10-14,1974-10-20,1.2124,0.0664,JHU,0.7,fourier_country
BEN,1974,43,1974-10-21,1974-10-27,1.3523,0.0741,JHU,0.7,fourier_country
BEN,1974,44,1974-10-28,1974-11-03,1.4993,0.0822,JHU,0.7,fourier_country
BEN,1974,45,1974-11-04,1974-11-10,1.6465,0.0902,JHU,0.7,fourier_country
BEN,1974,46,1974-11-11,1974-11-17,1.7869,0.0979,JHU,0.7,fourier_country
BEN,1974,47,1974-11-18,1974-11-24,1.914,0.1049,JHU,0.7,fourier_country
BEN,1974,48,1974-11-25,1974-12-01,2.0216,0.1108,JHU,0.7,fourier_country
BEN,1974,49,1974-12-02,1974-12-08,2.1046,0.1153,JHU,0.7,fourier_country
BEN,1974,50,1974-12-09,1974-12-15,2.1592,0.1183,JHU,0.7,fourier_country
BEN,1974,51,1974-12-16,1974-12-22,2.1829,0.1196,JHU,0.7,fourier_country
BEN,1974,52,1974-12-23,1974-12-29,2.1748,0.1192,JHU,0.7,fourier_country
BEN,1975,1,1974-12-30,1975-01-05,2.1357,0.117,JHU,0.7,fourier_country
BEN,1975,2,1975-01-06,1975-01-12,1.2747,0.0283,JHU,0.7,fourier_country
BEN,1975,3,1975-01-13,1975-01-19,1.2175,0.0271,JHU,0.7,fourier_country
BEN,1975,4,1975-01-20,1975-01-26,1.148,0.0255,JHU,0.7,fourier_country
BEN,1975,5,1975-01-27,1975-02-02,1.0697,0.0238,JHU,0.7,fourier_country
BEN,1975,6,1975-02-03,1975-02-09,0.9867,0.0219,JHU,0.7,fourier_country
BEN,1975,7,1975-02-10,1975-02-16,0.9032,0.0201,JHU,0.7,fourier_country
BEN,1975,8,1975-02-17,1975-02-23,0.8232,0.0183,JHU,0.7,fourier_country
BEN,1975,9,1975-02-24,1975-03-02,0.7505,0.0167,JHU,0.7,fourier_country
BEN,1975,10,1975-03-03,1975-03-09,0.6883,0.0153,JHU,0.7,fourier_country
BEN,1975,11,1975-03-10,1975-03-16,0.6392,0.0142,JHU,0.7,fourier_country
BEN,1975,12,1975-03-17,1975-03-23,0.6049,0.0134,JHU,0.7,fourier_country
BEN,1975,13,1975-03-24,1975-03-30,0.5862,0.013,JHU,0.7,fourier_country
BEN,1975,14,1975-03-31,1975-04-06,0.5831,0.013,JHU,0.7,fourier_country
BEN,1975,15,1975-04-07,1975-04-13,0.5945,0.0132,JHU,0.7,fourier_country
BEN,1975,16,1975-04-14,1975-04-20,0.6185,0.0137,JHU,0.7,fourier_country
BEN,1975,17,1975-04-21,1975-04-27,0.6526,0.0145,JHU,0.7,fourier_country
BEN,1975,18,1975-04-28,1975-05-04,0.6937,0.0154,JHU,0.7,fourier_country
BEN,1975,19,1975-05-05,1975-05-11,0.7382,0.0164,JHU,0.7,fourier_country
BEN,1975,20,1975-05-12,1975-05-18,0.7827,0.0174,JHU,0.7,fourier_country
BEN,1975,21,1975-05-19,1975-05-25,0.8235,0.0183,JHU,0.7,fourier_country
BEN,1975,22,1975-05-26,1975-06-01,0.8576,0.0191,JHU,0.7,fourier_country
BEN,1975,23,1975-06-02,1975-06-08,0.8821,0.0196,JHU,0.7,fourier_country
BEN,1975,24,1975-06-09,1975-06-15,0.8952,0.0199,JHU,0.7,fourier_country
BEN,1975,25,1975-06-16,1975-06-22,0.8956,0.0199,JHU,0.7,fourier_country
BEN,1975,26,1975-06-23,1975-06-29,0.883,0.0196,JHU,0.7,fourier_country
BEN,1975,27,1975-06-30,1975-07-06,0.8579,0.0191,JHU,0.7,fourier_country
BEN,1975,28,1975-07-07,1975-07-13,0.8218,0.0183,JHU,0.7,fourier_country
BEN,1975,29,1975-07-14,1975-07-20,0.7769,0.0173,JHU,0.7,fourier_country
BEN,1975,30,1975-07-21,1975-07-27,0.7261,0.0161,JHU,0.7,fourier_country
BEN,1975,31,1975-07-28,1975-08-03,0.6727,0.0149,JHU,0.7,fourier_country
BEN,1975,32,1975-08-04,1975-08-10,0.6204,0.0138,JHU,0.7,fourier_country
BEN,1975,33,1975-08-11,1975-08-17,0.5729,0.0127,JHU,0.7,fourier_country
BEN,1975,34,1975-08-18,1975-08-24,0.5337,0.0119,JHU,0.7,fourier_country
BEN,1975,35,1975-08-25,1975-08-31,0.5061,0.0112,JHU,0.7,fourier_country
BEN,1975,36,1975-09-01,1975-09-07,0.4925,0.0109,JHU,0.7,fourier_country
BEN,1975,37,1975-09-08,1975-09-14,0.4949,0.011,JHU,0.7,fourier_country
BEN,1975,38,1975-09-15,1975-09-21,0.5142,0.0114,JHU,0.7,fourier_country
BEN,1975,39,1975-09-22,1975-09-28,0.5504,0.0122,JHU,0.7,fourier_country
BEN,1975,40,1975-09-29,1975-10-05,0.6027,0.0134,JHU,0.7,fourier_country
BEN,1975,41,1975-10-06,1975-10-12,0.6693,0.0149,JHU,0.7,fourier_country
BEN,1975,42,1975-10-13,1975-10-19,0.7474,0.0166,JHU,0.7,fourier_country
BEN,1975,43,1975-10-20,1975-10-26,0.8336,0.0185,JHU,0.7,fourier_country
BEN,1975,44,1975-10-27,1975-11-02,0.9242,0.0205,JHU,0.7,fourier_country
BEN,1975,45,1975-11-03,1975-11-09,1.0149,0.0226,JHU,0.7,fourier_country
BEN,1975,46,1975-11-10,1975-11-16,1.1015,0.0245,JHU,0.7,fourier_country
BEN,1975,47,1975-11-17,1975-11-23,1.1798,0.0262,JHU,0.7,fourier_country
BEN,1975,48,1975-11-24,1975-11-30,1.2462,0.0277,JHU,0.7,fourier_country
BEN,1975,49,1975-12-01,1975-12-07,1.2974,0.0288,JHU,0.7,fourier_country
BEN,1975,50,1975-12-08,1975-12-14,1.331,0.0296,JHU,0.7,fourier_country
BEN,1975,51,1975-12-15,1975-12-21,1.3456,0.0299,JHU,0.7,fourier_country
BEN,1975,52,1975-12-22,1975-12-28,1.3407,0.0298,JHU,0.7,fourier_country
BEN,1976,1,1975-12-29,1976-01-04,1.3165,0.0293,JHU,0.7,fourier_country
BEN,1976,2,1976-01-05,1976-01-11,4.1336,0.3964,JHU,0.7,fourier_country
BEN,1976,3,1976-01-12,1976-01-18,3.948,0.3786,JHU,0.7,fourier_country
BEN,1976,4,1976-01-19,1976-01-25,3.7225,0.3569,JHU,0.7,fourier_country
BEN,1976,5,1976-01-26,1976-02-01,3.4687,0.3326,JHU,0.7,fourier_country
BEN,1976,6,1976-02-02,1976-02-08,3.1996,0.3068,JHU,0.7,fourier_country
BEN,1976,7,1976-02-09,1976-02-15,2.9288,0.2808,JHU,0.7,fourier_country
BEN,1976,8,1976-02-16,1976-02-22,2.6693,0.256,JHU,0.7,fourier_country
BEN,1976,9,1976-02-23,1976-02-29,2.4335,0.2334,JHU,0.7,fourier_country
BEN,1976,10,1976-03-01,1976-03-07,2.2319,0.214,JHU,0.7,fourier_country
BEN,1976,11,1976-03-08,1976-03-14,2.0726,0.1987,JHU,0.7,fourier_country
BEN,1976,12,1976-03-15,1976-03-21,1.9614,0.1881,JHU,0.7,fourier_country
BEN,1976,13,1976-03-22,1976-03-28,1.901,0.1823,JHU,0.7,fourier_country
BEN,1976,14,1976-03-29,1976-04-04,1.8908,0.1813,JHU,0.7,fourier_country
BEN,1976,15,1976-04-05,1976-04-11,1.9278,0.1849,JHU,0.7,fourier_country
BEN,1976,16,1976-04-12,1976-04-18,2.0057,0.1923,JHU,0.7,fourier_country
BEN,1976,17,1976-04-19,1976-04-25,2.1163,0.2029,JHU,0.7,fourier_country
BEN,1976,18,1976-04-26,1976-05-02,2.2494,0.2157,JHU,0.7,fourier_country
BEN,1976,19,1976-05-03,1976-05-09,2.3939,0.2295,JHU,0.7,fourier_country
BEN,1976,20,1976-05-10,1976-05-16,2.538,0.2434,JHU,0.7,fourier_country
BEN,1976,21,1976-05-17,1976-05-23,2.6704,0.2561,JHU,0.7,fourier_country
BEN,1976,22,1976-05-24,1976-05-30,2.7808,0.2667,JHU,0.7,fourier_country
BEN,1976,23,1976-05-31,1976-06-06,2.8604,0.2743,JHU,0.7,fourier_country
BEN,1976,24,1976-06-07,1976-06-13,2.9029,0.2784,JHU,0.7,fourier_country
BEN,1976,25,1976-06-14,1976-06-20,2.9041,0.2785,JHU,0.7,fourier_country
BEN,1976,26,1976-06-21,1976-06-27,2.8632,0.2746,JHU,0.7,fourier_country
BEN,1976,27,1976-06-28,1976-07-04,2.7818,0.2668,JHU,0.7,fourier_country
BEN,1976,28,1976-07-05,1976-07-11,2.6648,0.2555,JHU,0.7,fourier_country
BEN,1976,29,1976-07-12,1976-07-18,2.5192,0.2416,JHU,0.7,fourier_country
BEN,1976,30,1976-07-19,1976-07-25,2.3544,0.2258,JHU,0.7,fourier_country
BEN,1976,31,1976-07-26,1976-08-01,2.1813,0.2092,JHU,0.7,fourier_country
BEN,1976,32,1976-08-02,1976-08-08,2.0117,0.1929,JHU,0.7,fourier_country
BEN,1976,33,1976-08-09,1976-08-15,1.8577,0.1781,JHU,0.7,fourier_country
BEN,1976,34,1976-08-16,1976-08-22,1.7307,0.166,JHU,0.7,fourier_country
BEN,1976,35,1976-08-23,1976-08-29,1.641,0.1574,JHU,0.7,fourier_country
BEN,1976,36,1976-08-30,1976-09-05,1.597,0.1531,JHU,0.7,fourier_country
BEN,1976,37,1976-09-06,1976-09-12,1.6047,0.1539,JHU,0.7,fourier_country
BEN,1976,38,1976-09-13,1976-09-19,1.6673,0.1599,JHU,0.7,fourier_country
BEN,1976,39,1976-09-20,1976-09-26,1.7849,0.1712,JHU,0.7,fourier_country
BEN,1976,40,1976-09-27,1976-10-03,1.9545,0.1874,JHU,0.7,fourier_country
BEN,1976,41,1976-10-04,1976-10-10,2.1703,0.2081,JHU,0.7,fourier_country
BEN,1976,42,1976-10-11,1976-10-17,2.4235,0.2324,JHU,0.7,fourier_country
BEN,1976,43,1976-10-18,1976-10-24,2.7032,0.2592,JHU,0.7,fourier_country
BEN,1976,44,1976-10-25,1976-10-31,2.997,0.2874,JHU,0.7,fourier_country
BEN,1976,45,1976-11-01,1976-11-07,3.2912,0.3156,JHU,0.7,fourier_country
BEN,1976,46,1976-11-08,1976-11-14,3.5719,0.3425,JHU,0.7,fourier_country
BEN,1976,47,1976-11-15,1976-11-21,3.8259,0.3669,JHU,0.7,fourier_country
BEN,1976,48,1976-11-22,1976-11-28,4.041,0.3875,JHU,0.7,fourier_country
BEN,1976,49,1976-11-29,1976-12-05,4.207,0.4034,JHU,0.7,fourier_country
BEN,1976,50,1976-12-06,1976-12-12,4.3161,0.4139,JHU,0.7,fourier_country
BEN,1976,51,1976-12-13,1976-12-19,4.3635,0.4184,JHU,0.7,fourier_country
BEN,1976,52,1976-12-20,1976-12-26,4.3473,0.4169,JHU,0.7,fourier_country
BEN,1976,53,1976-12-27,1977-01-02,4.3473,0.4169,JHU,0.7,fourier_country
BEN,1977,1,1977-01-03,1977-01-09,0.0585,0.0,JHU,0.7,fourier_country
BEN,1977,2,1977-01-10,1977-01-16,0.0566,0.0,JHU,0.7,fourier_country
BEN,1977,3,1977-01-17,1977-01-23,0.0541,0.0,JHU,0.7,fourier_country
BEN,1977,4,1977-01-24,1977-01-30,0.051,0.0,JHU,0.7,fourier_country
BEN,1977,5,1977-01-31,1977-02-06,0.0475,0.0,JHU,0.7,fourier_country
BEN,1977,6,1977-02-07,1977-02-13,0.0438,0.0,JHU,0.7,fourier_country
BEN,1977,7,1977-02-14,1977-02-20,0.0401,0.0,JHU,0.7,fourier_country
BEN,1977,8,1977-02-21,1977-02-27,0.0366,0.0,JHU,0.7,fourier_country
BEN,1977,9,1977-02-28,1977-03-06,0.0333,0.0,JHU,0.7,fourier_country
BEN,1977,10,1977-03-07,1977-03-13,0.0306,0.0,JHU,0.7,fourier_country
BEN,1977,11,1977-03-14,1977-03-20,0.0284,0.0,JHU,0.7,fourier_country
BEN,1977,12,1977-03-21,1977-03-27,0.0269,0.0,JHU,0.7,fourier_country
BEN,1977,13,1977-03-28,1977-04-03,0.026,0.0,JHU,0.7,fourier_country
BEN,1977,14,1977-04-04,1977-04-10,0.0259,0.0,JHU,0.7,fourier_country
BEN,1977,15,1977-04-11,1977-04-17,0.0264,0.0,JHU,0.7,fourier_country
BEN,1977,16,1977-04-18,1977-04-24,0.0275,0.0,JHU,0.7,fourier_country
BEN,1977,17,1977-04-25,1977-05-01,0.029,0.0,JHU,0.7,fourier_country
BEN,1977,18,1977-05-02,1977-05-08,0.0308,0.0,JHU,0.7,fourier_country
BEN,1977,19,1977-05-09,1977-05-15,0.0328,0.0,JHU,0.7,fourier_country
BEN,1977,20,1977-05-16,1977-05-22,0.0348,0.0,JHU,0.7,fourier_country
BEN,1977,21,1977-05-23,1977-05-29,0.0366,0.0,JHU,0.7,fourier_country
BEN,1977,22,1977-05-30,1977-06-05,0.0381,0.0,JHU,0.7,fourier_country
BEN,1977,23,1977-06-06,1977-06-12,0.0392,0.0,JHU,0.7,fourier_country
BEN,1977,24,1977-06-13,1977-06-19,0.0398,0.0,JHU,0.7,fourier_country
BEN,1977,25,1977-06-20,1977-06-26,0.0398,0.0,JHU,0.7,fourier_country
BEN,1977,26,1977-06-27,1977-07-03,0.0392,0.0,JHU,0.7,fourier_country
BEN,1977,27,1977-07-04,1977-07-10,0.0381,0.0,JHU,0.7,fourier_country
BEN,1977,28,1977-07-11,1977-07-17,0.0365,0.0,JHU,0.7,fourier_country
BEN,1977,29,1977-07-18,1977-07-24,0.0345,0.0,JHU,0.7,fourier_country
BEN,1977,30,1977-07-25,1977-07-31,0.0323,0.0,JHU,0.7,fourier_country
BEN,1977,31,1977-08-01,1977-08-07,0.0299,0.0,JHU,0.7,fourier_country
BEN,1977,32,1977-08-08,1977-08-14,0.0276,0.0,JHU,0.7,fourier_country
BEN,1977,33,1977-08-15,1977-08-21,0.0254,0.0,JHU,0.7,fourier_country
BEN,1977,34,1977-08-22,1977-08-28,0.0237,0.0,JHU,0.7,fourier_country
BEN,1977,35,1977-08-29,1977-09-04,0.0225,0.0,JHU,0.7,fourier_country
BEN,1977,36,1977-09-05,1977-09-11,0.0219,0.0,JHU,0.7,fourier_country
BEN,1977,37,1977-09-12,1977-09-18,0.022,0.0,JHU,0.7,fourier_country
BEN,1977,38,1977-09-19,1977-09-25,0.0228,0.0,JHU,0.7,fourier_country
BEN,1977,39,1977-09-26,1977-10-02,0.0245,0.0,JHU,0.7,fourier_country
BEN,1977,40,1977-10-03,1977-10-09,0.0268,0.0,JHU,0.7,fourier_country
BEN,1977,41,1977-10-10,1977-10-16,0.0297,0.0,JHU,0.7,fourier_country
BEN,1977,42,1977-10-17,1977-10-23,0.0332,0.0,JHU,0.7,fourier_country
BEN,1977,43,1977-10-24,1977-10-30,0.037,0.0,JHU,0.7,fourier_country
BEN,1977,44,1977-10-31,1977-11-06,0.0411,0.0,JHU,0.7,fourier_country
BEN,1977,45,1977-11-07,1977-11-13,0.0451,0.0,JHU,0.7,fourier_country
BEN,1977,46,1977-11-14,1977-11-20,0.0489,0.0,JHU,0.7,fourier_country
BEN,1977,47,1977-11-21,1977-11-27,0.0524,0.0,JHU,0.7,fourier_country
BEN,1977,48,1977-11-28,1977-12-04,0.0554,0.0,JHU,0.7,fourier_country
BEN,1977,49,1977-12-05,1977-12-11,0.0576,0.0,JHU,0.7,fourier_country
BEN,1977,50,1977-12-12,1977-12-18,0.0591,0.0,JHU,0.7,fourier_country
BEN,1977,51,1977-12-19,1977-12-25,0.0598,0.0,JHU,0.7,fourier_country
BEN,1977,52,1977-12-26,1978-01-01,0.0596,0.0,JHU,0.7,fourier_country
BEN,1978,1,1978-01-02,1978-01-08,0.7895,0.0,JHU,0.7,fourier_country
BEN,1978,2,1978-01-09,1978-01-15,0.7644,0.0,JHU,0.7,fourier_country
BEN,1978,3,1978-01-16,1978-01-22,0.7301,0.0,JHU,0.7,fourier_country
BEN,1978,4,1978-01-23,1978-01-29,0.6884,0.0,JHU,0.7,fourier_country
BEN,1978,5,1978-01-30,1978-02-05,0.6415,0.0,JHU,0.7,fourier_country
BEN,1978,6,1978-02-06,1978-02-12,0.5917,0.0,JHU,0.7,fourier_country
BEN,1978,7,1978-02-13,1978-02-19,0.5416,0.0,JHU,0.7,fourier_country
BEN,1978,8,1978-02-20,1978-02-26,0.4936,0.0,JHU,0.7,fourier_country
BEN,1978,9,1978-02-27,1978-03-05,0.45,0.0,JHU,0.7,fourier_country
BEN,1978,10,1978-03-06,1978-03-12,0.4127,0.0,JHU,0.7,fourier_country
BEN,1978,11,1978-03-13,1978-03-19,0.3833,0.0,JHU,0.7,fourier_country
BEN,1978,12,1978-03-20,1978-03-26,0.3627,0.0,JHU,0.7,fourier_country
BEN,1978,13,1978-03-27,1978-04-02,0.3515,0.0,JHU,0.7,fourier_country
BEN,1978,14,1978-04-03,1978-04-09,0.3497,0.0,JHU,0.7,fourier_country
BEN,1978,15,1978-04-10,1978-04-16,0.3565,0.0,JHU,0.7,fourier_country
BEN,1978,16,1978-04-17,1978-04-23,0.3709,0.0,JHU,0.7,fourier_country
BEN,1978,17,1978-04-24,1978-04-30,0.3914,0.0,JHU,0.7,fourier_country
BEN,1978,18,1978-05-01,1978-05-07,0.416,0.0,JHU,0.7,fourier_country
BEN,1978,19,1978-05-08,1978-05-14,0.4427,0.0,JHU,0.7,fourier_country
BEN,1978,20,1978-05-15,1978-05-21,0.4694,0.0,JHU,0.7,fourier_country
BEN,1978,21,1978-05-22,1978-05-28,0.4938,0.0,JHU,0.7,fourier_country
BEN,1978,22,1978-05-29,1978-06-04,0.5143,0.0,JHU,0.7,fourier_country
BEN,1978,23,1978-06-05,1978-06-11,0.529,0.0,JHU,0.7,fourier_country
BEN,1978,24,1978-06-12,1978-06-18,0.5368,0.0,JHU,0.7,fourier_country
BEN,1978,25,1978-06-19,1978-06-25,0.5371,0.0,JHU,0.7,fourier_country
BEN,1978,26,1978-06-26,1978-07-02,0.5295,0.0,JHU,0.7,fourier_country
BEN,1978,27,1978-07-03,1978-07-09,0.5144,0.0,JHU,0.7,fourier_country
BEN,1978,28,1978-07-10,1978-07-16,0.4928,0.0,JHU,0.7,fourier_country
BEN,1978,29,1978-07-17,1978-07-23,0.4659,0.0,JHU,0.7,fourier_country
BEN,1978,30,1978-07-24,1978-07-30,0.4354,0.0,JHU,0.7,fourier_country
BEN,1978,31,1978-07-31,1978-08-06,0.4034,0.0,JHU,0.7,fourier_country
BEN,1978,32,1978-08-07,1978-08-13,0.372,0.0,JHU,0.7,fourier_country
BEN,1978,33,1978-08-14,1978-08-20,0.3435,0.0,JHU,0.7,fourier_country
BEN,1978,34,1978-08-21,1978-08-27,0.3201,0.0,JHU,0.7,fourier_country
BEN,1978,35,1978-08-28,1978-09-03,0.3035,0.0,JHU,0.7,fourier_country
BEN,1978,36,1978-09-04,1978-09-10,0.2953,0.0,JHU,0.7,fourier_country
BEN,1978,37,1978-09-11,1978-09-17,0.2968,0.0,JHU,0.7,fourier_country
BEN,1978,38,1978-09-18,1978-09-24,0.3083,0.0,JHU,0.7,fourier_country
BEN,1978,39,1978-09-25,1978-10-01,0.3301,0.0,JHU,0.7,fourier_country
BEN,1978,40,1978-10-02,1978-10-08,0.3615,0.0,JHU,0.7,fourier_country
BEN,1978,41,1978-10-09,1978-10-15,0.4013,0.0,JHU,0.7,fourier_country
BEN,1978,42,1978-10-16,1978-10-22,0.4482,0.0,JHU,0.7,fourier_country
BEN,1978,43,1978-10-23,1978-10-29,0.4999,0.0,JHU,0.7,fourier_country
BEN,1978,44,1978-10-30,1978-11-05,0.5542,0.0,JHU,0.7,fourier_country
BEN,1978,45,1978-11-06,1978-11-12,0.6086,0.0,JHU,0.7,fourier_country
BEN,1978,46,1978-11-13,1978-11-19,0.6606,0.0,JHU,0.7,fourier_country
BEN,1978,47,1978-11-20,1978-11-26,0.7075,0.0,JHU,0.7,fourier_country
BEN,1978,48,1978-11-27,1978-12-03,0.7473,0.0,JHU,0.7,fourier_country
BEN,1978,49,1978-12-04,1978-12-10,0.778,0.0,JHU,0.7,fourier_country
BEN,1978,50,1978-12-11,1978-12-17,0.7982,0.0,JHU,0.7,fourier_country
BEN,1978,51,1978-12-18,1978-12-24,0.8069,0.0,JHU,0.7,fourier_country
BEN,1978,52,1978-12-25,1978-12-31,0.804,0.0,JHU,0.7,fourier_country
BEN,1980,1,1979-12-31,1980-01-06,0.0878,0.0,JHU,0.7,fourier_country
BEN,1980,2,1980-01-07,1980-01-13,0.085,0.0,JHU,0.7,fourier_country
BEN,1980,3,1980-01-14,1980-01-20,0.0812,0.0,JHU,0.7,fourier_country
BEN,1980,4,1980-01-21,1980-01-27,0.0765,0.0,JHU,0.7,fourier_country
BEN,1980,5,1980-01-28,1980-02-03,0.0713,0.0,JHU,0.7,fourier_country
BEN,1980,6,1980-02-04,1980-02-10,0.0658,0.0,JHU,0.7,fourier_country
BEN,1980,7,1980-02-11,1980-02-17,0.0602,0.0,JHU,0.7,fourier_country
BEN,1980,8,1980-02-18,1980-02-24,0.0549,0.0,JHU,0.7,fourier_country
BEN,1980,9,1980-02-25,1980-03-02,0.05,0.0,JHU,0.7,fourier_country
BEN,1980,10,1980-03-03,1980-03-09,0.0459,0.0,JHU,0.7,fourier_country
BEN,1980,11,1980-03-10,1980-03-16,0.0426,0.0,JHU,0.7,fourier_country
BEN,1980,12,1980-03-17,1980-03-23,0.0403,0.0,JHU,0.7,fourier_country
BEN,1980,13,1980-03-24,1980-03-30,0.0391,0.0,JHU,0.7,fourier_country
BEN,1980,14,1980-03-31,1980-04-06,0.0389,0.0,JHU,0.7,fourier_country
BEN,1980,15,1980-04-07,1980-04-13,0.0396,0.0,JHU,0.7,fourier_country
BEN,1980,16,1980-04-14,1980-04-20,0.0412,0.0,JHU,0.7,fourier_country
BEN,1980,17,1980-04-21,1980-04-27,0.0435,0.0,JHU,0.7,fourier_country
BEN,1980,18,1980-04-28,1980-05-04,0.0462,0.0,JHU,0.7,fourier_country
BEN,1980,19,1980-05-05,1980-05-11,0.0492,0.0,JHU,0.7,fourier_country
BEN,1980,20,1980-05-12,1980-05-18,0.0522,0.0,JHU,0.7,fourier_country
BEN,1980,21,1980-05-19,1980-05-25,0.0549,0.0,JHU,0.7,fourier_country
BEN,1980,22,1980-05-26,1980-06-01,0.0572,0.0,JHU,0.7,fourier_country
BEN,1980,23,1980-06-02,1980-06-08,0.0588,0.0,JHU,0.7,fourier_country
BEN,1980,24,1980-06-09,1980-06-15,0.0597,0.0,JHU,0.7,fourier_country
BEN,1980,25,1980-06-16,1980-06-22,0.0597,0.0,JHU,0.7,fourier_country
BEN,1980,26,1980-06-23,1980-06-29,0.0589,0.0,JHU,0.7,fourier_country
BEN,1980,27,1980-06-30,1980-07-06,0.0572,0.0,JHU,0.7,fourier_country
BEN,1980,28,1980-07-07,1980-07-13,0.0548,0.0,JHU,0.7,fourier_country
BEN,1980,29,1980-07-14,1980-07-20,0.0518,0.0,JHU,0.7,fourier_country
BEN,1980,30,1980-07-21,1980-07-27,0.0484,0.0,JHU,0.7,fourier_country
BEN,1980,31,1980-07-28,1980-08-03,0.0448,0.0,JHU,0.7,fourier_country
BEN,1980,32,1980-08-04,1980-08-10,0.0414,0.0,JHU,0.7,fourier_country
BEN,1980,33,1980-08-11,1980-08-17,0.0382,0.0,JHU,0.7,fourier_country
BEN,1980,34,1980-08-18,1980-08-24,0.0356,0.0,JHU,0.7,fourier_country
BEN,1980,35,1980-08-25,1980-08-31,0.0337,0.0,JHU,0.7,fourier_country
BEN,1980,36,1980-09-01,1980-09-07,0.0328,0.0,JHU,0.7,fourier_country
BEN,1980,37,1980-09-08,1980-09-14,0.033,0.0,JHU,0.7,fourier_country
BEN,1980,38,1980-09-15,1980-09-21,0.0343,0.0,JHU,0.7,fourier_country
BEN,1980,39,1980-09-22,1980-09-28,0.0367,0.0,JHU,0.7,fourier_country
BEN,1980,40,1980-09-29,1980-10-05,0.0402,0.0,JHU,0.7,fourier_country
BEN,1980,41,1980-10-06,1980-10-12,0.0446,0.0,JHU,0.7,fourier_country
BEN,1980,42,1980-10-13,1980-10-19,0.0498,0.0,JHU,0.7,fourier_country
BEN,1980,43,1980-10-20,1980-10-26,0.0556,0.0,JHU,0.7,fourier_country
BEN,1980,44,1980-10-27,1980-11-02,0.0616,0.0,JHU,0.7,fourier_country
BEN,1980,45,1980-11-03,1980-11-09,0.0677,0.0,JHU,0.7,fourier_country
BEN,1980,46,1980-11-10,1980-11-16,0.0734,0.0,JHU,0.7,fourier_country
BEN,1980,47,1980-11-17,1980-11-23,0.0787,0.0,JHU,0.7,fourier_country
BEN,1980,48,1980-11-24,1980-11-30,0.0831,0.0,JHU,0.7,fourier_country
BEN,1980,49,1980-12-01,1980-12-07,0.0865,0.0,JHU,0.7,fourier_country
BEN,1980,50,1980-12-08,1980-12-14,0.0887,0.0,JHU,0.7,fourier_country
BEN,1980,51,1980-12-15,1980-12-21,0.0897,0.0,JHU,0.7,fourier_country
BEN,1980,52,1980-12-22,1980-12-28,0.0894,0.0,JHU,0.7,fourier_country
BEN,1981,1,1980-12-29,1981-01-04,0.0878,0.0,JHU,0.7,fourier_country
BEN,1981,2,1981-01-05,1981-01-11,0.0566,0.0,JHU,0.7,fourier_country
BEN,1981,3,1981-01-12,1981-01-18,0.0541,0.0,JHU,0.7,fourier_country
BEN,1981,4,1981-01-19,1981-01-25,0.051,0.0,JHU,0.7,fourier_country
BEN,1981,5,1981-01-26,1981-02-01,0.0475,0.0,JHU,0.7,fourier_country
BEN,1981,6,1981-02-02,1981-02-08,0.0438,0.0,JHU,0.7,fourier_country
BEN,1981,7,1981-02-09,1981-02-15,0.0401,0.0,JHU,0.7,fourier_country
BEN,1981,8,1981-02-16,1981-02-22,0.0366,0.0,JHU,0.7,fourier_country
BEN,1981,9,1981-02-23,1981-03-01,0.0333,0.0,JHU,0.7,fourier_country
BEN,1981,10,1981-03-02,1981-03-08,0.0306,0.0,JHU,0.7,fourier_country
BEN,1981,11,1981-03-09,1981-03-15,0.0284,0.0,JHU,0.7,fourier_country
BEN,1981,12,1981-03-16,1981-03-22,0.0269,0.0,JHU,0.7,fourier_country
BEN,1981,13,1981-03-23,1981-03-29,0.026,0.0,JHU,0.7,fourier_country
BEN,1981,14,1981-03-30,1981-04-05,0.0259,0.0,JHU,0.7,fourier_country
BEN,1981,15,1981-04-06,1981-04-12,0.0264,0.0,JHU,0.7,fourier_country
BEN,1981,16,1981-04-13,1981-04-19,0.0275,0.0,JHU,0.7,fourier_country
BEN,1981,17,1981-04-20,1981-04-26,0.029,0.0,JHU,0.7,fourier_country
BEN,1981,18,1981-04-27,1981-05-03,0.0308,0.0,JHU,0.7,fourier_country
BEN,1981,19,1981-05-04,1981-05-10,0.0328,0.0,JHU,0.7,fourier_country
BEN,1981,20,1981-05-11,1981-05-17,0.0348,0.0,JHU,0.7,fourier_country
BEN,1981,21,1981-05-18,1981-05-24,0.0366,0.0,JHU,0.7,fourier_country
BEN,1981,22,1981-05-25,1981-05-31,0.0381,0.0,JHU,0.7,fourier_country
BEN,1981,23,1981-06-01,1981-06-07,0.0392,0.0,JHU,0.7,fourier_country
BEN,1981,24,1981-06-08,1981-06-14,0.0398,0.0,JHU,0.7,fourier_country
BEN,1981,25,1981-06-15,1981-06-21,0.0398,0.0,JHU,0.7,fourier_country
BEN,1981,26,1981-06-22,1981-06-28,0.0392,0.0,JHU,0.7,fourier_country
BEN,1981,27,1981-06-29,1981-07-05,0.0381,0.0,JHU,0.7,fourier_country
BEN,1981,28,1981-07-06,1981-07-12,0.0365,0.0,JHU,0.7,fourier_country
BEN,1981,29,1981-07-13,1981-07-19,0.0345,0.0,JHU,0.7,fourier_country
BEN,1981,30,1981-07-20,1981-07-26,0.0323,0.0,JHU,0.7,fourier_country
BEN,1981,31,1981-07-27,1981-08-02,0.0299,0.0,JHU,0.7,fourier_country
BEN,1981,32,1981-08-03,1981-08-09,0.0276,0.0,JHU,0.7,fourier_country
BEN,1981,33,1981-08-10,1981-08-16,0.0254,0.0,JHU,0.7,fourier_country
BEN,1981,34,1981-08-17,1981-08-23,0.0237,0.0,JHU,0.7,fourier_country
BEN,1981,35,1981-08-24,1981-08-30,0.0225,0.0,JHU,0.7,fourier_country
BEN,1981,36,1981-08-31,1981-09-06,0.0219,0.0,JHU,0.7,fourier_country
BEN,1981,37,1981-09-07,1981-09-13,0.022,0.0,JHU,0.7,fourier_country
BEN,1981,38,1981-09-14,1981-09-20,0.0228,0.0,JHU,0.7,fourier_country
BEN,1981,39,1981-09-21,1981-09-27,0.0245,0.0,JHU,0.7,fourier_country
BEN,1981,40,1981-09-28,1981-10-04,0.0268,0.0,JHU,0.7,fourier_country
BEN,1981,41,1981-10-05,1981-10-11,0.0297,0.0,JHU,0.7,fourier_country
BEN,1981,42,1981-10-12,1981-10-18,0.0332,0.0,JHU,0.7,fourier_country
BEN,1981,43,1981-10-19,1981-10-25,0.037,0.0,JHU,0.7,fourier_country
BEN,1981,44,1981-10-26,1981-11-01,0.0411,0.0,JHU,0.7,fourier_country
BEN,1981,45,1981-11-02,1981-11-08,0.0451,0.0,JHU,0.7,fourier_country
BEN,1981,46,1981-11-09,1981-11-15,0.0489,0.0,JHU,0.7,fourier_country
BEN,1981,47,1981-11-16,1981-11-22,0.0524,0.0,JHU,0.7,fourier_country
BEN,1981,48,1981-11-23,1981-11-29,0.0554,0.0,JHU,0.7,fourier_country
BEN,1981,49,1981-11-30,1981-12-06,0.0576,0.0,JHU,0.7,fourier_country
BEN,1981,50,1981-12-07,1981-12-13,0.0591,0.0,JHU,0.7,fourier_country
BEN,1981,51,1981-12-14,1981-12-20,0.0598,0.0,JHU,0.7,fourier_country
BEN,1981,52,1981-12-21,1981-12-27,0.0596,0.0,JHU,0.7,fourier_country
BEN,1981,53,1981-12-28,1982-01-03,0.0596,0.0,JHU,0.7,fourier_country
BEN,1982,1,1982-01-04,1982-01-10,0.0877,0.0,JHU,0.7,fourier_country
BEN,1982,2,1982-01-11,1982-01-17,0.0849,0.0,JHU,0.7,fourier_country
BEN,1982,3,1982-01-18,1982-01-24,0.0811,0.0,JHU,0.7,fourier_country
BEN,1982,4,1982-01-25,1982-01-31,0.0765,0.0,JHU,0.7,fourier_country
BEN,1982,5,1982-02-01,1982-02-07,0.0713,0.0,JHU,0.7,fourier_country
BEN,1982,6,1982-02-08,1982-02-14,0.0657,0.0,JHU,0.7,fourier_country
BEN,1982,7,1982-02-15,1982-02-21,0.0602,0.0,JHU,0.7,fourier_country
BEN,1982,8,1982-02-22,1982-02-28,0.0548,0.0,JHU,0.7,fourier_country
BEN,1982,9,1982-03-01,1982-03-07,0.05,0.0,JHU,0.7,fourier_country
BEN,1982,10,1982-03-08,1982-03-14,0.0459,0.0,JHU,0.7,fourier_country
BEN,1982,11,1982-03-15,1982-03-21,0.0426,0.0,JHU,0.7,fourier_country
BEN,1982,12,1982-03-22,1982-03-28,0.0403,0.0,JHU,0.7,fourier_country
BEN,1982,13,1982-03-29,1982-04-04,0.0391,0.0,JHU,0.7,fourier_country
BEN,1982,14,1982-04-05,1982-04-11,0.0389,0.0,JHU,0.7,fourier_country
BEN,1982,15,1982-04-12,1982-04-18,0.0396,0.0,JHU,0.7,fourier_country
BEN,1982,16,1982-04-19,1982-04-25,0.0412,0.0,JHU,0.7,fourier_country
BEN,1982,17,1982-04-26,1982-05-02,0.0435,0.0,JHU,0.7,fourier_country
BEN,1982,18,1982-05-03,1982-05-09,0.0462,0.0,JHU,0.7,fourier_country
BEN,1982,19,1982-05-10,1982-05-16,0.0492,0.0,JHU,0.7,fourier_country
BEN,1982,20,1982-05-17,1982-05-23,0.0522,0.0,JHU,0.7,fourier_country
BEN,1982,21,1982-05-24,1982-05-30,0.0549,0.0,JHU,0.7,fourier_country
BEN,1982,22,1982-05-31,1982-06-06,0.0571,0.0,JHU,0.7,fourier_country
BEN,1982,23,1982-06-07,1982-06-13,0.0588,0.0,JHU,0.7,fourier_country
BEN,1982,24,1982-06-14,1982-06-20,0.0596,0.0,JHU,0.7,fourier_country
BEN,1982,25,1982-06-21,1982-06-27,0.0597,0.0,JHU,0.7,fourier_country
BEN,1982,26,1982-06-28,1982-07-04,0.0588,0.0,JHU,0.7,fourier_country
BEN,1982,27,1982-07-05,1982-07-11,0.0572,0.0,JHU,0.7,fourier_country
BEN,1982,28,1982-07-12,1982-07-18,0.0548,0.0,JHU,0.7,fourier_country
BEN,1982,29,1982-07-19,1982-07-25,0.0518,0.0,JHU,0.7,fourier_country
BEN,1982,30,1982-07-26,1982-08-01,0.0484,0.0,JHU,0.7,fourier_country
BEN,1982,31,1982-08-02,1982-08-08,0.0448,0.0,JHU,0.7,fourier_country
BEN,1982,32,1982-08-09,1982-08-15,0.0413,0.0,JHU,0.7,fourier_country
BEN,1982,33,1982-08-16,1982-08-22,0.0382,0.0,JHU,0.7,fourier_country
BEN,1982,34,1982-08-23,1982-08-29,0.0356,0.0,JHU,0.7,fourier_country
BEN,1982,35,1982-08-30,1982-09-05,0.0337,0.0,JHU,0.7,fourier_country
BEN,1982,36,1982-09-06,1982-09-12,0.0328,0.0,JHU,0.7,fourier_country
BEN,1982,37,1982-09-13,1982-09-19,0.033,0.0,JHU,0.7,fourier_country
BEN,1982,38,1982-09-20,1982-09-26,0.0343,0.0,JHU,0.7,fourier_country
BEN,1982,39,1982-09-27,1982-10-03,0.0367,0.0,JHU,0.7,fourier_country
BEN,1982,40,1982-10-04,1982-10-10,0.0402,0.0,JHU,0.7,fourier_country
BEN,1982,41,1982-10-11,1982-10-17,0.0446,0.0,JHU,0.7,fourier_country
BEN,1982,42,1982-10-18,1982-10-24,0.0498,0.0,JHU,0.7,fourier_country
BEN,1982,43,1982-10-25,1982-10-31,0.0555,0.0,JHU,0.7,fourier_country
BEN,1982,44,1982-11-01,1982-11-07,0.0616,0.0,JHU,0.7,fourier_country
BEN,1982,45,1982-11-08,1982-11-14,0.0676,0.0,JHU,0.7,fourier_country
BEN,1982,46,1982-11-15,1982-11-21,0.0734,0.0,JHU,0.7,fourier_country
BEN,1982,47,1982-11-22,1982-11-28,0.0786,0.0,JHU,0.7,fourier_country
BEN,1982,48,1982-11-29,1982-12-05,0.083,0.0,JHU,0.7,fourier_country
BEN,1982,49,1982-12-06,1982-12-12,0.0864,0.0,JHU,0.7,fourier_country
BEN,1982,50,1982-12-13,1982-12-19,0.0887,0.0,JHU,0.7,fourier_country
BEN,1982,51,1982-12-20,1982-12-26,0.0897,0.0,JHU,0.7,fourier_country
BEN,1982,52,1982-12-27,1983-01-02,0.0893,0.0,JHU,0.7,fourier_country
BEN,1983,1,1983-01-03,1983-01-09,0.0292,0.0,JHU,0.7,fourier_country
BEN,1983,2,1983-01-10,1983-01-16,0.0283,0.0,JHU,0.7,fourier_country
BEN,1983,3,1983-01-17,1983-01-23,0.027,0.0,JHU,0.7,fourier_country
BEN,1983,4,1983-01-24,1983-01-30,0.0255,0.0,JHU,0.7,fourier_country
BEN,1983,5,1983-01-31,1983-02-06,0.0238,0.0,JHU,0.7,fourier_country
BEN,1983,6,1983-02-07,1983-02-13,0.0219,0.0,JHU,0.7,fourier_country
BEN,1983,7,1983-02-14,1983-02-20,0.0201,0.0,JHU,0.7,fourier_country
BEN,1983,8,1983-02-21,1983-02-27,0.0183,0.0,JHU,0.7,fourier_country
BEN,1983,9,1983-02-28,1983-03-06,0.0167,0.0,JHU,0.7,fourier_country
BEN,1983,10,1983-03-07,1983-03-13,0.0153,0.0,JHU,0.7,fourier_country
BEN,1983,11,1983-03-14,1983-03-20,0.0142,0.0,JHU,0.7,fourier_country
BEN,1983,12,1983-03-21,1983-03-27,0.0134,0.0,JHU,0.7,fourier_country
BEN,1983,13,1983-03-28,1983-04-03,0.013,0.0,JHU,0.7,fourier_country
BEN,1983,14,1983-04-04,1983-04-10,0.013,0.0,JHU,0.7,fourier_country
BEN,1983,15,1983-04-11,1983-04-17,0.0132,0.0,JHU,0.7,fourier_country
BEN,1983,16,1983-04-18,1983-04-24,0.0137,0.0,JHU,0.7,fourier_country
BEN,1983,17,1983-04-25,1983-05-01,0.0145,0.0,JHU,0.7,fourier_country
BEN,1983,18,1983-05-02,1983-05-08,0.0154,0.0,JHU,0.7,fourier_country
BEN,1983,19,1983-05-09,1983-05-15,0.0164,0.0,JHU,0.7,fourier_country
BEN,1983,20,1983-05-16,1983-05-22,0.0174,0.0,JHU,0.7,fourier_country
BEN,1983,21,1983-05-23,1983-05-29,0.0183,0.0,JHU,0.7,fourier_country
BEN,1983,22,1983-05-30,1983-06-05,0.019,0.0,JHU,0.7,fourier_country
BEN,1983,23,1983-06-06,1983-06-12,0.0196,0.0,JHU,0.7,fourier_country
BEN,1983,24,1983-06-13,1983-06-19,0.0199,0.0,JHU,0.7,fourier_country
BEN,1983,25,1983-06-20,1983-06-26,0.0199,0.0,JHU,0.7,fourier_country
BEN,1983,26,1983-06-27,1983-07-03,0.0196,0.0,JHU,0.7,fourier_country
BEN,1983,27,1983-07-04,1983-07-10,0.0191,0.0,JHU,0.7,fourier_country
BEN,1983,28,1983-07-11,1983-07-17,0.0183,0.0,JHU,0.7,fourier_country
BEN,1983,29,1983-07-18,1983-07-24,0.0173,0.0,JHU,0.7,fourier_country
BEN,1983,30,1983-07-25,1983-07-31,0.0161,0.0,JHU,0.7,fourier_country
BEN,1983,31,1983-08-01,1983-08-07,0.0149,0.0,JHU,0.7,fourier_country
BEN,1983,32,1983-08-08,1983-08-14,0.0138,0.0,JHU,0.7,fourier_country
BEN,1983,33,1983-08-15,1983-08-21,0.0127,0.0,JHU,0.7,fourier_country
BEN,1983,34,1983-08-22,1983-08-28,0.0119,0.0,JHU,0.7,fourier_country
BEN,1983,35,1983-08-29,1983-09-04,0.0112,0.0,JHU,0.7,fourier_country
BEN,1983,36,1983-09-05,1983-09-11,0.0109,0.0,JHU,0.7,fourier_country
BEN,1983,37,1983-09-12,1983-09-18,0.011,0.0,JHU,0.7,fourier_country
BEN,1983,38,1983-09-19,1983-09-25,0.0114,0.0,JHU,0.7,fourier_country
BEN,1983,39,1983-09-26,1983-10-02,0.0122,0.0,JHU,0.7,fourier_country
BEN,1983,40,1983-10-03,1983-10-09,0.0134,0.0,JHU,0.7,fourier_country
BEN,1983,41,1983-10-10,1983-10-16,0.0149,0.0,JHU,0.7,fourier_country
BEN,1983,42,1983-10-17,1983-10-23,0.0166,0.0,JHU,0.7,fourier_country
BEN,1983,43,1983-10-24,1983-10-30,0.0185,0.0,JHU,0.7,fourier_country
BEN,1983,44,1983-10-31,1983-11-06,0.0205,0.0,JHU,0.7,fourier_country
BEN,1983,45,1983-11-07,1983-11-13,0.0225,0.0,JHU,0.7,fourier_country
BEN,1983,46,1983-11-14,1983-11-20,0.0245,0.0,JHU,0.7,fourier_country
BEN,1983,47,1983-11-21,1983-11-27,0.0262,0.0,JHU,0.7,fourier_country
BEN,1983,48,1983-11-28,1983-12-04,0.0277,0.0,JHU,0.7,fourier_country
BEN,1983,49,1983-12-05,1983-12-11,0.0288,0.0,JHU,0.7,fourier_country
BEN,1983,50,1983-12-12,1983-12-18,0.0296,0.0,JHU,0.7,fourier_country
BEN,1983,51,1983-12-19,1983-12-25,0.0299,0.0,JHU,0.7,fourier_country
BEN,1983,52,1983-12-26,1984-01-01,0.0298,0.0,JHU,0.7,fourier_country
BEN,1984,1,1984-01-02,1984-01-08,0.0284,0.0,JHU,0.7,fourier_country
BEN,1984,2,1984-01-09,1984-01-15,0.0275,0.0,JHU,0.7,fourier_country
BEN,1984,3,1984-01-16,1984-01-22,0.0263,0.0,JHU,0.7,fourier_country
BEN,1984,4,1984-01-23,1984-01-29,0.0248,0.0,JHU,0.7,fourier_country
BEN,1984,5,1984-01-30,1984-02-05,0.0231,0.0,JHU,0.7,fourier_country
BEN,1984,6,1984-02-06,1984-02-12,0.0213,0.0,JHU,0.7,fourier_country
BEN,1984,7,1984-02-13,1984-02-19,0.0195,0.0,JHU,0.7,fourier_country
BEN,1984,8,1984-02-20,1984-02-26,0.0178,0.0,JHU,0.7,fourier_country
BEN,1984,9,1984-02-27,1984-03-04,0.0162,0.0,JHU,0.7,fourier_country
BEN,1984,10,1984-03-05,1984-03-11,0.0149,0.0,JHU,0.7,fourier_country
BEN,1984,11,1984-03-12,1984-03-18,0.0138,0.0,JHU,0.7,fourier_country
BEN,1984,12,1984-03-19,1984-03-25,0.0131,0.0,JHU,0.7,fourier_country
BEN,1984,13,1984-03-26,1984-04-01,0.0127,0.0,JHU,0.7,fourier_country
BEN,1984,14,1984-04-02,1984-04-08,0.0126,0.0,JHU,0.7,fourier_country
BEN,1984,15,1984-04-09,1984-04-15,0.0128,0.0,JHU,0.7,fourier_country
BEN,1984,16,1984-04-16,1984-04-22,0.0133,0.0,JHU,0.7,fourier_country
BEN,1984,17,1984-04-23,1984-04-29,0.0141,0.0,JHU,0.7,fourier_country
BEN,1984,18,1984-04-30,1984-05-06,0.015,0.0,JHU,0.7,fourier_country
BEN,1984,19,1984-05-07,1984-05-13,0.0159,0.0,JHU,0.7,fourier_country
BEN,1984,20,1984-05-14,1984-05-20,0.0169,0.0,JHU,0.7,fourier_country
BEN,1984,21,1984-05-21,1984-05-27,0.0178,0.0,JHU,0.7,fourier_country
BEN,1984,22,1984-05-28,1984-06-03,0.0185,0.0,JHU,0.7,fourier_country
BEN,1984,23,1984-06-04,1984-06-10,0.019,0.0,JHU,0.7,fourier_country
BEN,1984,24,1984-06-11,1984-06-17,0.0193,0.0,JHU,0.7,fourier_country
BEN,1984,25,1984-06-18,1984-06-24,0.0193,0.0,JHU,0.7,fourier_country
BEN,1984,26,1984-06-25,1984-07-01,0.0191,0.0,JHU,0.7,fourier_country
BEN,1984,27,1984-07-02,1984-07-08,0.0185,0.0,JHU,0.7,fourier_country
BEN,1984,28,1984-07-09,1984-07-15,0.0177,0.0,JHU,0.7,fourier_country
BEN,1984,29,1984-07-16,1984-07-22,0.0168,0.0,JHU,0.7,fourier_country
BEN,1984,30,1984-07-23,1984-07-29,0.0157,0.0,JHU,0.7,fourier_country
BEN,1984,31,1984-07-30,1984-08-05,0.0145,0.0,JHU,0.7,fourier_country
BEN,1984,32,1984-08-06,1984-08-12,0.0134,0.0,JHU,0.7,fourier_country
BEN,1984,33,1984-08-13,1984-08-19,0.0124,0.0,JHU,0.7,fourier_country
BEN,1984,34,1984-08-20,1984-08-26,0.0115,0.0,JHU,0.7,fourier_country
BEN,1984,35,1984-08-27,1984-09-02,0.0109,0.0,JHU,0.7,fourier_country
BEN,1984,36,1984-09-03,1984-09-09,0.0106,0.0,JHU,0.7,fourier_country
BEN,1984,37,1984-09-10,1984-09-16,0.0107,0.0,JHU,0.7,fourier_country
BEN,1984,38,1984-09-17,1984-09-23,0.0111,0.0,JHU,0.7,fourier_country
BEN,1984,39,1984-09-24,1984-09-30,0.0119,0.0,JHU,0.7,fourier_country
BEN,1984,40,1984-10-01,1984-10-07,0.013,0.0,JHU,0.7,fourier_country
BEN,1984,41,1984-10-08,1984-10-14,0.0144,0.0,JHU,0.7,fourier_country
BEN,1984,42,1984-10-15,1984-10-21,0.0161,0.0,JHU,0.7,fourier_country
BEN,1984,43,1984-10-22,1984-10-28,0.018,0.0,JHU,0.7,fourier_country
BEN,1984,44,1984-10-29,1984-11-04,0.0199,0.0,JHU,0.7,fourier_country
BEN,1984,45,1984-11-05,1984-11-11,0.0219,0.0,JHU,0.7,fourier_country
BEN,1984,46,1984-11-12,1984-11-18,0.0238,0.0,JHU,0.7,fourier_country
BEN,1984,47,1984-11-19,1984-11-25,0.0255,0.0,JHU,0.7,fourier_country
BEN,1984,48,1984-11-26,1984-12-02,0.0269,0.0,JHU,0.7,fourier_country
BEN,1984,49,1984-12-03,1984-12-09,0.028,0.0,JHU,0.7,fourier_country
BEN,1984,50,1984-12-10,1984-12-16,0.0287,0.0,JHU,0.7,fourier_country
BEN,1984,51,1984-12-17,1984-12-23,0.029,0.0,JHU,0.7,fourier_country
BEN,1984,52,1984-12-24,1984-12-30,0.0289,0.0,JHU,0.7,fourier_country
BEN,1985,1,1984-12-31,1985-01-06,0.0284,0.0,JHU,0.7,fourier_country
BEN,1986,1,1985-12-30,1986-01-05,7.1093,0.3803,JHU,0.7,fourier_country
BEN,1986,2,1986-01-06,1986-01-12,6.8835,0.3683,JHU,0.7,fourier_country
BEN,1986,3,1986-01-13,1986-01-19,6.5746,0.3517,JHU,0.7,fourier_country
BEN,1986,4,1986-01-20,1986-01-26,6.1989,0.3316,JHU,0.7,fourier_country
BEN,1986,5,1986-01-27,1986-02-02,5.7763,0.309,JHU,0.7,fourier_country
BEN,1986,6,1986-02-03,1986-02-09,5.3282,0.285,JHU,0.7,fourier_country
BEN,1986,7,1986-02-10,1986-02-16,4.8772,0.2609,JHU,0.7,fourier_country
BEN,1986,8,1986-02-17,1986-02-23,4.4452,0.2378,JHU,0.7,fourier_country
BEN,1986,9,1986-02-24,1986-03-02,4.0525,0.2168,JHU,0.7,fourier_country
BEN,1986,10,1986-03-03,1986-03-09,3.7167,0.1988,JHU,0.7,fourier_country
BEN,1986,11,1986-03-10,1986-03-16,3.4515,0.1846,JHU,0.7,fourier_country
BEN,1986,12,1986-03-17,1986-03-23,3.2663,0.1747,JHU,0.7,fourier_country
BEN,1986,13,1986-03-24,1986-03-30,3.1656,0.1694,JHU,0.7,fourier_country
BEN,1986,14,1986-03-31,1986-04-06,3.1488,0.1685,JHU,0.7,fourier_country
BEN,1986,15,1986-04-07,1986-04-13,3.2103,0.1717,JHU,0.7,fourier_country
BEN,1986,16,1986-04-14,1986-04-20,3.3401,0.1787,JHU,0.7,fourier_country
BEN,1986,17,1986-04-21,1986-04-27,3.5242,0.1885,JHU,0.7,fourier_country
BEN,1986,18,1986-04-28,1986-05-04,3.7459,0.2004,JHU,0.7,fourier_country
BEN,1986,19,1986-05-05,1986-05-11,3.9865,0.2133,JHU,0.7,fourier_country
BEN,1986,20,1986-05-12,1986-05-18,4.2264,0.2261,JHU,0.7,fourier_country
BEN,1986,21,1986-05-19,1986-05-25,4.447,0.2379,JHU,0.7,fourier_country
BEN,1986,22,1986-05-26,1986-06-01,4.6308,0.2477,JHU,0.7,fourier_country
BEN,1986,23,1986-06-02,1986-06-08,4.7634,0.2548,JHU,0.7,fourier_country
BEN,1986,24,1986-06-09,1986-06-15,4.8341,0.2586,JHU,0.7,fourier_country
BEN,1986,25,1986-06-16,1986-06-22,4.8362,0.2587,JHU,0.7,fourier_country
BEN,1986,26,1986-06-23,1986-06-29,4.768,0.2551,JHU,0.7,fourier_country
BEN,1986,27,1986-06-30,1986-07-06,4.6325,0.2478,JHU,0.7,fourier_country
BEN,1986,28,1986-07-07,1986-07-13,4.4376,0.2374,JHU,0.7,fourier_country
BEN,1986,29,1986-07-14,1986-07-20,4.1951,0.2244,JHU,0.7,fourier_country
BEN,1986,30,1986-07-21,1986-07-27,3.9207,0.2097,JHU,0.7,fourier_country
BEN,1986,31,1986-07-28,1986-08-03,3.6324,0.1943,JHU,0.7,fourier_country
BEN,1986,32,1986-08-04,1986-08-10,3.3501,0.1792,JHU,0.7,fourier_country
BEN,1986,33,1986-08-11,1986-08-17,3.0936,0.1655,JHU,0.7,fourier_country
BEN,1986,34,1986-08-18,1986-08-24,2.8821,0.1542,JHU,0.7,fourier_country
BEN,1986,35,1986-08-25,1986-08-31,2.7328,0.1462,JHU,0.7,fourier_country
BEN,1986,36,1986-09-01,1986-09-07,2.6595,0.1423,JHU,0.7,fourier_country
BEN,1986,37,1986-09-08,1986-09-14,2.6723,0.143,JHU,0.7,fourier_country
BEN,1986,38,1986-09-15,1986-09-21,2.7765,0.1485,JHU,0.7,fourier_country
BEN,1986,39,1986-09-22,1986-09-28,2.9723,0.159,JHU,0.7,fourier_country
BEN,1986,40,1986-09-29,1986-10-05,3.2548,0.1741,JHU,0.7,fourier_country
BEN,1986,41,1986-10-06,1986-10-12,3.6141,0.1933,JHU,0.7,fourier_country
BEN,1986,42,1986-10-13,1986-10-19,4.0357,0.2159,JHU,0.7,fourier_country
BEN,1986,43,1986-10-20,1986-10-26,4.5016,0.2408,JHU,0.7,fourier_country
BEN,1986,44,1986-10-27,1986-11-02,4.9908,0.267,JHU,0.7,fourier_country
BEN,1986,45,1986-11-03,1986-11-09,5.4807,0.2932,JHU,0.7,fourier_country
BEN,1986,46,1986-11-10,1986-11-16,5.9482,0.3182,JHU,0.7,fourier_country
BEN,1986,47,1986-11-17,1986-11-23,6.3712,0.3408,JHU,0.7,fourier_country
BEN,1986,48,1986-11-24,1986-11-30,6.7294,0.36,JHU,0.7,fourier_country
BEN,1986,49,1986-12-01,1986-12-07,7.0058,0.3748,JHU,0.7,fourier_country
BEN,1986,50,1986-12-08,1986-12-14,7.1875,0.3845,JHU,0.7,fourier_country
BEN,1986,51,1986-12-15,1986-12-21,7.2664,0.3887,JHU,0.7,fourier_country
BEN,1986,52,1986-12-22,1986-12-28,7.2395,0.3873,JHU,0.7,fourier_country
BEN,1987,1,1986-12-29,1987-01-04,7.1093,0.3803,JHU,0.7,fourier_country
BEN,1991,1,1990-12-31,1991-01-06,218.6633,7.5774,JHU,0.7,fourier_country
BEN,1991,2,1991-01-07,1991-01-13,211.7182,7.3368,JHU,0.7,fourier_country
BEN,1991,3,1991-01-14,1991-01-20,202.2151,7.0075,JHU,0.7,fourier_country
BEN,1991,4,1991-01-21,1991-01-27,190.6618,6.6071,JHU,0.7,fourier_country
BEN,1991,5,1991-01-28,1991-02-03,177.6619,6.1566,JHU,0.7,fourier_country
BEN,1991,6,1991-02-04,1991-02-10,163.8809,5.679,JHU,0.7,fourier_country
BEN,1991,7,1991-02-11,1991-02-17,150.0089,5.1983,JHU,0.7,fourier_country
BEN,1991,8,1991-02-18,1991-02-24,136.7218,4.7379,JHU,0.7,fourier_country
BEN,1991,9,1991-02-25,1991-03-03,124.644,4.3193,JHU,0.7,fourier_country
BEN,1991,10,1991-03-04,1991-03-10,114.3147,3.9614,JHU,0.7,fourier_country
BEN,1991,11,1991-03-11,1991-03-17,106.1584,3.6788,JHU,0.7,fourier_country
BEN,1991,12,1991-03-18,1991-03-24,100.4628,3.4814,JHU,0.7,fourier_country
BEN,1991,13,1991-03-25,1991-03-31,97.3654,3.374,JHU,0.7,fourier_country
BEN,1991,14,1991-04-01,1991-04-07,96.8476,3.3561,JHU,0.7,fourier_country
BEN,1991,15,1991-04-08,1991-04-14,98.7391,3.4217,JHU,0.7,fourier_country
BEN,1991,16,1991-04-15,1991-04-21,102.7307,3.56,JHU,0.7,fourier_country
BEN,1991,17,1991-04-22,1991-04-28,108.3948,3.7563,JHU,0.7,fourier_country
BEN,1991,18,1991-04-29,1991-05-05,115.2139,3.9926,JHU,0.7,fourier_country
BEN,1991,19,1991-05-06,1991-05-12,122.6124,4.2489,JHU,0.7,fourier_country
BEN,1991,20,1991-05-13,1991-05-19,129.9934,4.5047,JHU,0.7,fourier_country
BEN,1991,21,1991-05-20,1991-05-26,136.7757,4.7398,JHU,0.7,fourier_country
BEN,1991,22,1991-05-27,1991-06-02,142.4296,4.9357,JHU,0.7,fourier_country
BEN,1991,23,1991-06-03,1991-06-09,146.5097,5.0771,JHU,0.7,fourier_country
BEN,1991,24,1991-06-10,1991-06-16,148.6827,5.1524,JHU,0.7,fourier_country
BEN,1991,25,1991-06-17,1991-06-23,148.7479,5.1546,JHU,0.7,fourier_country
BEN,1991,26,1991-06-24,1991-06-30,146.6501,5.0819,JHU,0.7,fourier_country
BEN,1991,27,1991-07-01,1991-07-07,142.4836,4.9376,JHU,0.7,fourier_country
BEN,1991,28,1991-07-08,1991-07-14,136.487,4.7297,JHU,0.7,fourier_country
BEN,1991,29,1991-07-15,1991-07-21,129.0295,4.4713,JHU,0.7,fourier_country
BEN,1991,30,1991-07-22,1991-07-28,120.5889,4.1788,JHU,0.7,fourier_country
BEN,1991,31,1991-07-29,1991-08-04,111.7235,3.8716,JHU,0.7,fourier_country
BEN,1991,32,1991-08-05,1991-08-11,103.0386,3.5706,JHU,0.7,fourier_country
BEN,1991,33,1991-08-12,1991-08-18,95.1499,3.2973,JHU,0.7,fourier_country
BEN,1991,34,1991-08-19,1991-08-25,88.646,3.0719,JHU,0.7,fourier_country
BEN,1991,35,1991-08-26,1991-09-01,84.0526,2.9127,JHU,0.7,fourier_country
BEN,1991,36,1991-09-02,1991-09-08,81.7995,2.8346,JHU,0.7,fourier_country
BEN,1991,37,1991-09-09,1991-09-15,82.1935,2.8483,JHU,0.7,fourier_country
BEN,1991,38,1991-09-16,1991-09-22,85.3978,2.9593,JHU,0.7,fourier_country
BEN,1991,39,1991-09-23,1991-09-29,91.4199,3.168,JHU,0.7,fourier_country
BEN,1991,40,1991-09-30,1991-10-06,100.1083,3.4691,JHU,0.7,fourier_country
BEN,1991,41,1991-10-07,1991-10-13,111.1585,3.852,JHU,0.7,fourier_country
BEN,1991,42,1991-10-14,1991-10-20,124.1276,4.3015,JHU,0.7,fourier_country
BEN,1991,43,1991-10-21,1991-10-27,138.4574,4.798,JHU,0.7,fourier_country
BEN,1991,44,1991-10-28,1991-11-03,153.5036,5.3194,JHU,0.7,fourier_country
BEN,1991,45,1991-11-04,1991-11-10,168.5709,5.8416,JHU,0.7,fourier_country
BEN,1991,46,1991-11-11,1991-11-17,182.9506,6.3399,JHU,0.7,fourier_country
BEN,1991,47,1991-11-18,1991-11-24,195.9593,6.7907,JHU,0.7,fourier_country
BEN,1991,48,1991-11-25,1991-12-01,206.9765,7.1725,JHU,0.7,fourier_country
BEN,1991,49,1991-12-02,1991-12-08,215.4788,7.4671,JHU,0.7,fourier_country
BEN,1991,50,1991-12-09,1991-12-15,221.0682,7.6608,JHU,0.7,fourier_country
BEN,1991,51,1991-12-16,1991-12-22,223.4942,7.7449,JHU,0.7,fourier_country
BEN,1991,52,1991-12-23,1991-12-29,222.6674,7.7162,JHU,0.7,fourier_country
BEN,1992,1,1991-12-30,1992-01-05,218.6633,7.5774,JHU,0.7,fourier_country
BEN,1992,2,1992-01-06,1992-01-12,11.6929,0.4813,JHU,0.7,fourier_country
BEN,1992,3,1992-01-13,1992-01-19,11.1681,0.4597,JHU,0.7,fourier_country
BEN,1992,4,1992-01-20,1992-01-26,10.53,0.4334,JHU,0.7,fourier_country
BEN,1992,5,1992-01-27,1992-02-02,9.812,0.4039,JHU,0.7,fourier_country
BEN,1992,6,1992-02-03,1992-02-09,9.0509,0.3726,JHU,0.7,fourier_country
BEN,1992,7,1992-02-10,1992-02-16,8.2848,0.341,JHU,0.7,fourier_country
BEN,1992,8,1992-02-17,1992-02-23,7.551,0.3108,JHU,0.7,fourier_country
BEN,1992,9,1992-02-24,1992-03-01,6.8839,0.2834,JHU,0.7,fourier_country
BEN,1992,10,1992-03-02,1992-03-08,6.3134,0.2599,JHU,0.7,fourier_country
BEN,1992,11,1992-03-09,1992-03-15,5.863,0.2413,JHU,0.7,fourier_country
BEN,1992,12,1992-03-16,1992-03-22,5.5484,0.2284,JHU,0.7,fourier_country
BEN,1992,13,1992-03-23,1992-03-29,5.3774,0.2213,JHU,0.7,fourier_country
BEN,1992,14,1992-03-30,1992-04-05,5.3488,0.2202,JHU,0.7,fourier_country
BEN,1992,15,1992-04-06,1992-04-12,5.4532,0.2245,JHU,0.7,fourier_country
BEN,1992,16,1992-04-13,1992-04-19,5.6737,0.2335,JHU,0.7,fourier_country
BEN,1992,17,1992-04-20,1992-04-26,5.9865,0.2464,JHU,0.7,fourier_country
BEN,1992,18,1992-04-27,1992-05-03,6.3631,0.2619,JHU,0.7,fourier_country
BEN,1992,19,1992-05-04,1992-05-10,6.7717,0.2787,JHU,0.7,fourier_country
BEN,1992,20,1992-05-11,1992-05-17,7.1794,0.2955,JHU,0.7,fourier_country
BEN,1992,21,1992-05-18,1992-05-24,7.5539,0.3109,JHU,0.7,fourier_country
BEN,1992,22,1992-05-25,1992-05-31,7.8662,0.3238,JHU,0.7,fourier_country
BEN,1992,23,1992-06-01,1992-06-07,8.0915,0.3331,JHU,0.7,fourier_country
BEN,1992,24,1992-06-08,1992-06-14,8.2115,0.338,JHU,0.7,fourier_country
BEN,1992,25,1992-06-15,1992-06-21,8.2151,0.3382,JHU,0.7,fourier_country
BEN,1992,26,1992-06-22,1992-06-28,8.0993,0.3334,JHU,0.7,fourier_country
BEN,1992,27,1992-06-29,1992-07-05,7.8692,0.3239,JHU,0.7,fourier_country
BEN,1992,28,1992-07-06,1992-07-12,7.538,0.3103,JHU,0.7,fourier_country
BEN,1992,29,1992-07-13,1992-07-19,7.1261,0.2933,JHU,0.7,fourier_country
BEN,1992,30,1992-07-20,1992-07-26,6.66,0.2741,JHU,0.7,fourier_country
BEN,1992,31,1992-07-27,1992-08-02,6.1703,0.254,JHU,0.7,fourier_country
BEN,1992,32,1992-08-03,1992-08-09,5.6907,0.2342,JHU,0.7,fourier_country
BEN,1992,33,1992-08-10,1992-08-16,5.255,0.2163,JHU,0.7,fourier_country
BEN,1992,34,1992-08-17,1992-08-23,4.8958,0.2015,JHU,0.7,fourier_country
BEN,1992,35,1992-08-24,1992-08-30,4.6421,0.1911,JHU,0.7,fourier_country
BEN,1992,36,1992-08-31,1992-09-06,4.5177,0.186,JHU,0.7,fourier_country
BEN,1992,37,1992-09-07,1992-09-13,4.5394,0.1869,JHU,0.7,fourier_country
BEN,1992,38,1992-09-14,1992-09-20,4.7164,0.1941,JHU,0.7,fourier_country
BEN,1992,39,1992-09-21,1992-09-27,5.049,0.2078,JHU,0.7,fourier_country
BEN,1992,40,1992-09-28,1992-10-04,5.5288,0.2276,JHU,0.7,fourier_country
BEN,1992,41,1992-10-05,1992-10-11,6.1391,0.2527,JHU,0.7,fourier_country
BEN,1992,42,1992-10-12,1992-10-18,6.8554,0.2822,JHU,0.7,fourier_country
BEN,1992,43,1992-10-19,1992-10-25,7.6468,0.3148,JHU,0.7,fourier_country
BEN,1992,44,1992-10-26,1992-11-01,8.4778,0.349,JHU,0.7,fourier_country
BEN,1992,45,1992-11-02,1992-11-08,9.3099,0.3832,JHU,0.7,fourier_country
BEN,1992,46,1992-11-09,1992-11-15,10.1041,0.4159,JHU,0.7,fourier_country
BEN,1992,47,1992-11-16,1992-11-22,10.8226,0.4455,JHU,0.7,fourier_country
BEN,1992,48,1992-11-23,1992-11-29,11.431,0.4705,JHU,0.7,fourier_country
BEN,1992,49,1992-11-30,1992-12-06,11.9006,0.4899,JHU,0.7,fourier_country
BEN,1992,50,1992-12-07,1992-12-13,12.2093,0.5026,JHU,0.7,fourier_country
BEN,1992,51,1992-12-14,1992-12-20,12.3433,0.5081,JHU,0.7,fourier_country
BEN,1992,52,1992-12-21,1992-12-27,12.2976,0.5062,JHU,0.7,fourier_country
BEN,1992,53,1992-12-28,1993-01-03,12.2976,0.5062,JHU,0.7,fourier_country
BEN,1993,1,1993-01-04,1993-01-10,0.2924,0.0585,JHU,0.7,fourier_country
BEN,1993,2,1993-01-11,1993-01-17,0.2831,0.0566,JHU,0.7,fourier_country
BEN,1993,3,1993-01-18,1993-01-24,0.2704,0.0541,JHU,0.7,fourier_country
BEN,1993,4,1993-01-25,1993-01-31,0.255,0.051,JHU,0.7,fourier_country
BEN,1993,5,1993-02-01,1993-02-07,0.2376,0.0475,JHU,0.7,fourier_country
BEN,1993,6,1993-02-08,1993-02-14,0.2192,0.0438,JHU,0.7,fourier_country
BEN,1993,7,1993-02-15,1993-02-21,0.2006,0.0401,JHU,0.7,fourier_country
BEN,1993,8,1993-02-22,1993-02-28,0.1828,0.0366,JHU,0.7,fourier_country
BEN,1993,9,1993-03-01,1993-03-07,0.1667,0.0333,JHU,0.7,fourier_country
BEN,1993,10,1993-03-08,1993-03-14,0.1529,0.0306,JHU,0.7,fourier_country
BEN,1993,11,1993-03-15,1993-03-21,0.142,0.0284,JHU,0.7,fourier_country
BEN,1993,12,1993-03-22,1993-03-28,0.1343,0.0269,JHU,0.7,fourier_country
BEN,1993,13,1993-03-29,1993-04-04,0.1302,0.026,JHU,0.7,fourier_country
BEN,1993,14,1993-04-05,1993-04-11,0.1295,0.0259,JHU,0.7,fourier_country
BEN,1993,15,1993-04-12,1993-04-18,0.132,0.0264,JHU,0.7,fourier_country
BEN,1993,16,1993-04-19,1993-04-25,0.1374,0.0275,JHU,0.7,fourier_country
BEN,1993,17,1993-04-26,1993-05-02,0.145,0.029,JHU,0.7,fourier_country
BEN,1993,18,1993-05-03,1993-05-09,0.1541,0.0308,JHU,0.7,fourier_country
BEN,1993,19,1993-05-10,1993-05-16,0.164,0.0328,JHU,0.7,fourier_country
BEN,1993,20,1993-05-17,1993-05-23,0.1738,0.0348,JHU,0.7,fourier_country
BEN,1993,21,1993-05-24,1993-05-30,0.1829,0.0366,JHU,0.7,fourier_country
BEN,1993,22,1993-05-31,1993-06-06,0.1905,0.0381,JHU,0.7,fourier_country
BEN,1993,23,1993-06-07,1993-06-13,0.1959,0.0392,JHU,0.7,fourier_country
BEN,1993,24,1993-06-14,1993-06-20,0.1988,0.0398,JHU,0.7,fourier_country
BEN,1993,25,1993-06-21,1993-06-27,0.1989,0.0398,JHU,0.7,fourier_country
BEN,1993,26,1993-06-28,1993-07-04,0.1961,0.0392,JHU,0.7,fourier_country
BEN,1993,27,1993-07-05,1993-07-11,0.1905,0.0381,JHU,0.7,fourier_country
BEN,1993,28,1993-07-12,1993-07-18,0.1825,0.0365,JHU,0.7,fourier_country
BEN,1993,29,1993-07-19,1993-07-25,0.1725,0.0345,JHU,0.7,fourier_country
BEN,1993,30,1993-07-26,1993-08-01,0.1613,0.0323,JHU,0.7,fourier_country
BEN,1993,31,1993-08-02,1993-08-08,0.1494,0.0299,JHU,0.7,fourier_country
BEN,1993,32,1993-08-09,1993-08-15,0.1378,0.0276,JHU,0.7,fourier_country
BEN,1993,33,1993-08-16,1993-08-22,0.1272,0.0254,JHU,0.7,fourier_country
BEN,1993,34,1993-08-23,1993-08-29,0.1185,0.0237,JHU,0.7,fourier_country
BEN,1993,35,1993-08-30,1993-09-05,0.1124,0.0225,JHU,0.7,fourier_country
BEN,1993,36,1993-09-06,1993-09-12,0.1094,0.0219,JHU,0.7,fourier_country
BEN,1993,37,1993-09-13,1993-09-19,0.1099,0.022,JHU,0.7,fourier_country
BEN,1993,38,1993-09-20,1993-09-26,0.1142,0.0228,JHU,0.7,fourier_country
BEN,1993,39,1993-09-27,1993-10-03,0.1223,0.0245,JHU,0.7,fourier_country
BEN,1993,40,1993-10-04,1993-10-10,0.1339,0.0268,JHU,0.7,fourier_country
BEN,1993,41,1993-10-11,1993-10-17,0.1486,0.0297,JHU,0.7,fourier_country
BEN,1993,42,1993-10-18,1993-10-24,0.166,0.0332,JHU,0.7,fourier_country
BEN,1993,43,1993-10-25,1993-10-31,0.1852,0.037,JHU,0.7,fourier_country
BEN,1993,44,1993-11-01,1993-11-07,0.2053,0.0411,JHU,0.7,fourier_country
BEN,1993,45,1993-11-08,1993-11-14,0.2254,0.0451,JHU,0.7,fourier_country
BEN,1993,46,1993-11-15,1993-11-21,0.2447,0.0489,JHU,0.7,fourier_country
BEN,1993,47,1993-11-22,1993-11-28,0.262,0.0524,JHU,0.7,fourier_country
BEN,1993,48,1993-11-29,1993-12-05,0.2768,0.0554,JHU,0.7,fourier_country
BEN,1993,49,1993-12-06,1993-12-12,0.2882,0.0576,JHU,0.7,fourier_country
BEN,1993,50,1993-12-13,1993-12-19,0.2956,0.0591,JHU,0.7,fourier_country
BEN,1993,51,1993-12-20,1993-12-26,0.2989,0.0598,JHU,0.7,fourier_country
BEN,1993,52,1993-12-27,1994-01-02,0.2978,0.0596,JHU,0.7,fourier_country
BEN,1994,1,1994-01-03,1994-01-09,5.468,0.5848,JHU,0.7,fourier_country
BEN,1994,2,1994-01-10,1994-01-16,5.2944,0.5662,JHU,0.7,fourier_country
BEN,1994,3,1994-01-17,1994-01-23,5.0567,0.5408,JHU,0.7,fourier_country
BEN,1994,4,1994-01-24,1994-01-30,4.7678,0.5099,JHU,0.7,fourier_country
BEN,1994,5,1994-01-31,1994-02-06,4.4427,0.4752,JHU,0.7,fourier_country
BEN,1994,6,1994-02-07,1994-02-13,4.0981,0.4383,JHU,0.7,fourier_country
BEN,1994,7,1994-02-14,1994-02-20,3.7512,0.4012,JHU,0.7,fourier_country
BEN,1994,8,1994-02-21,1994-02-27,3.419,0.3657,JHU,0.7,fourier_country
BEN,1994,9,1994-02-28,1994-03-06,3.1169,0.3334,JHU,0.7,fourier_country
BEN,1994,10,1994-03-07,1994-03-13,2.8586,0.3057,JHU,0.7,fourier_country
BEN,1994,11,1994-03-14,1994-03-20,2.6547,0.2839,JHU,0.7,fourier_country
BEN,1994,12,1994-03-21,1994-03-27,2.5122,0.2687,JHU,0.7,fourier_country
BEN,1994,13,1994-03-28,1994-04-03,2.4348,0.2604,JHU,0.7,fourier_country
BEN,1994,14,1994-04-04,1994-04-10,2.4218,0.259,JHU,0.7,fourier_country
BEN,1994,15,1994-04-11,1994-04-17,2.4691,0.2641,JHU,0.7,fourier_country
BEN,1994,16,1994-04-18,1994-04-24,2.569,0.2748,JHU,0.7,fourier_country
BEN,1994,17,1994-04-25,1994-05-01,2.7106,0.2899,JHU,0.7,fourier_country
BEN,1994,18,1994-05-02,1994-05-08,2.8811,0.3081,JHU,0.7,fourier_country
BEN,1994,19,1994-05-09,1994-05-15,3.0661,0.3279,JHU,0.7,fourier_country
BEN,1994,20,1994-05-16,1994-05-22,3.2507,0.3477,JHU,0.7,fourier_country
BEN,1994,21,1994-05-23,1994-05-29,3.4203,0.3658,JHU,0.7,fourier_country
BEN,1994,22,1994-05-30,1994-06-05,3.5617,0.3809,JHU,0.7,fourier_country
BEN,1994,23,1994-06-06,1994-06-12,3.6637,0.3918,JHU,0.7,fourier_country
BEN,1994,24,1994-06-13,1994-06-19,3.7181,0.3977,JHU,0.7,fourier_country
BEN,1994,25,1994-06-20,1994-06-26,3.7197,0.3978,JHU,0.7,fourier_country
BEN,1994,26,1994-06-27,1994-07-03,3.6672,0.3922,JHU,0.7,fourier_country
BEN,1994,27,1994-07-04,1994-07-10,3.563,0.3811,JHU,0.7,fourier_country
BEN,1994,28,1994-07-11,1994-07-17,3.4131,0.365,JHU,0.7,fourier_country
BEN,1994,29,1994-07-18,1994-07-24,3.2266,0.3451,JHU,0.7,fourier_country
BEN,1994,30,1994-07-25,1994-07-31,3.0155,0.3225,JHU,0.7,fourier_country
BEN,1994,31,1994-08-01,1994-08-07,2.7938,0.2988,JHU,0.7,fourier_country
BEN,1994,32,1994-08-08,1994-08-14,2.5767,0.2756,JHU,0.7,fourier_country
BEN,1994,33,1994-08-15,1994-08-21,2.3794,0.2545,JHU,0.7,fourier_country
BEN,1994,34,1994-08-22,1994-08-28,2.2167,0.2371,JHU,0.7,fourier_country
BEN,1994,35,1994-08-29,1994-09-04,2.1019,0.2248,JHU,0.7,fourier_country
BEN,1994,36,1994-09-05,1994-09-11,2.0455,0.2188,JHU,0.7,fourier_country
BEN,1994,37,1994-09-12,1994-09-18,2.0554,0.2198,JHU,0.7,fourier_country
BEN,1994,38,1994-09-19,1994-09-25,2.1355,0.2284,JHU,0.7,fourier_country
BEN,1994,39,1994-09-26,1994-10-02,2.2861,0.2445,JHU,0.7,fourier_country
BEN,1994,40,1994-10-03,1994-10-09,2.5034,0.2677,JHU,0.7,fourier_country
BEN,1994,41,1994-10-10,1994-10-16,2.7797,0.2973,JHU,0.7,fourier_country
BEN,1994,42,1994-10-17,1994-10-23,3.104,0.332,JHU,0.7,fourier_country
BEN,1994,43,1994-10-24,1994-10-30,3.4624,0.3703,JHU,0.7,fourier_country
BEN,1994,44,1994-10-31,1994-11-06,3.8386,0.4105,JHU,0.7,fourier_country
BEN,1994,45,1994-11-07,1994-11-13,4.2154,0.4508,JHU,0.7,fourier_country
BEN,1994,46,1994-11-14,1994-11-20,4.575,0.4893,JHU,0.7,fourier_country
BEN,1994,47,1994-11-21,1994-11-27,4.9003,0.5241,JHU,0.7,fourier_country
BEN,1994,48,1994-11-28,1994-12-04,5.1758,0.5536,JHU,0.7,fourier_country
BEN,1994,49,1994-12-05,1994-12-11,5.3884,0.5763,JHU,0.7,fourier_country
BEN,1994,50,1994-12-12,1994-12-18,5.5282,0.5912,JHU,0.7,fourier_country
BEN,1994,51,1994-12-19,1994-12-25,5.5888,0.5977,JHU,0.7,fourier_country
BEN,1994,52,1994-12-26,1995-01-01,5.5682,0.5955,JHU,0.7,fourier_country
BEN,1995,1,1995-01-02,1995-01-08,5.9359,0.3509,JHU,0.7,fourier_country
BEN,1995,2,1995-01-09,1995-01-15,5.7474,0.3397,JHU,0.7,fourier_country
BEN,1995,3,1995-01-16,1995-01-22,5.4894,0.3245,JHU,0.7,fourier_country
BEN,1995,4,1995-01-23,1995-01-29,5.1758,0.306,JHU,0.7,fourier_country
BEN,1995,5,1995-01-30,1995-02-05,4.8229,0.2851,JHU,0.7,fourier_country
BEN,1995,6,1995-02-06,1995-02-12,4.4488,0.263,JHU,0.7,fourier_country
BEN,1995,7,1995-02-13,1995-02-19,4.0722,0.2407,JHU,0.7,fourier_country
BEN,1995,8,1995-02-20,1995-02-26,3.7115,0.2194,JHU,0.7,fourier_country
BEN,1995,9,1995-02-27,1995-03-05,3.3836,0.2,JHU,0.7,fourier_country
BEN,1995,10,1995-03-06,1995-03-12,3.1032,0.1834,JHU,0.7,fourier_country
BEN,1995,11,1995-03-13,1995-03-19,2.8818,0.1704,JHU,0.7,fourier_country
BEN,1995,12,1995-03-20,1995-03-26,2.7272,0.1612,JHU,0.7,fourier_country
BEN,1995,13,1995-03-27,1995-04-02,2.6431,0.1562,JHU,0.7,fourier_country
BEN,1995,14,1995-04-03,1995-04-09,2.6291,0.1554,JHU,0.7,fourier_country
BEN,1995,15,1995-04-10,1995-04-16,2.6804,0.1584,JHU,0.7,fourier_country
BEN,1995,16,1995-04-17,1995-04-23,2.7888,0.1649,JHU,0.7,fourier_country
BEN,1995,17,1995-04-24,1995-04-30,2.9425,0.1739,JHU,0.7,fourier_country
BEN,1995,18,1995-05-01,1995-05-07,3.1276,0.1849,JHU,0.7,fourier_country
BEN,1995,19,1995-05-08,1995-05-14,3.3285,0.1968,JHU,0.7,fourier_country
BEN,1995,20,1995-05-15,1995-05-21,3.5288,0.2086,JHU,0.7,fourier_country
BEN,1995,21,1995-05-22,1995-05-28,3.713,0.2195,JHU,0.7,fourier_country
BEN,1995,22,1995-05-29,1995-06-04,3.8664,0.2286,JHU,0.7,fourier_country
BEN,1995,23,1995-06-05,1995-06-11,3.9772,0.2351,JHU,0.7,fourier_country
BEN,1995,24,1995-06-12,1995-06-18,4.0362,0.2386,JHU,0.7,fourier_country
BEN,1995,25,1995-06-19,1995-06-25,4.038,0.2387,JHU,0.7,fourier_country
BEN,1995,26,1995-06-26,1995-07-02,3.981,0.2353,JHU,0.7,fourier_country
BEN,1995,27,1995-07-03,1995-07-09,3.8679,0.2286,JHU,0.7,fourier_country
BEN,1995,28,1995-07-10,1995-07-16,3.7051,0.219,JHU,0.7,fourier_country
BEN,1995,29,1995-07-17,1995-07-23,3.5027,0.2071,JHU,0.7,fourier_country
BEN,1995,30,1995-07-24,1995-07-30,3.2735,0.1935,JHU,0.7,fourier_country
BEN,1995,31,1995-07-31,1995-08-06,3.0329,0.1793,JHU,0.7,fourier_country
BEN,1995,32,1995-08-07,1995-08-13,2.7971,0.1653,JHU,0.7,fourier_country
BEN,1995,33,1995-08-14,1995-08-20,2.583,0.1527,JHU,0.7,fourier_country
BEN,1995,34,1995-08-21,1995-08-27,2.4064,0.1423,JHU,0.7,fourier_country
BEN,1995,35,1995-08-28,1995-09-03,2.2817,0.1349,JHU,0.7,fourier_country
BEN,1995,36,1995-09-04,1995-09-10,2.2206,0.1313,JHU,0.7,fourier_country
BEN,1995,37,1995-09-11,1995-09-17,2.2312,0.1319,JHU,0.7,fourier_country
BEN,1995,38,1995-09-18,1995-09-24,2.3182,0.137,JHU,0.7,fourier_country
BEN,1995,39,1995-09-25,1995-10-01,2.4817,0.1467,JHU,0.7,fourier_country
BEN,1995,40,1995-10-02,1995-10-08,2.7176,0.1606,JHU,0.7,fourier_country
BEN,1995,41,1995-10-09,1995-10-15,3.0175,0.1784,JHU,0.7,fourier_country
BEN,1995,42,1995-10-16,1995-10-22,3.3696,0.1992,JHU,0.7,fourier_country
BEN,1995,43,1995-10-23,1995-10-29,3.7586,0.2222,JHU,0.7,fourier_country
BEN,1995,44,1995-10-30,1995-11-05,4.1671,0.2463,JHU,0.7,fourier_country
BEN,1995,45,1995-11-06,1995-11-12,4.5761,0.2705,JHU,0.7,fourier_country
BEN,1995,46,1995-11-13,1995-11-19,4.9664,0.2936,JHU,0.7,fourier_country
BEN,1995,47,1995-11-20,1995-11-26,5.3196,0.3145,JHU,0.7,fourier_country
BEN,1995,48,1995-11-27,1995-12-03,5.6186,0.3321,JHU,0.7,fourier_country
BEN,1995,49,1995-12-04,1995-12-10,5.8494,0.3458,JHU,0.7,fourier_country
BEN,1995,50,1995-12-11,1995-12-17,6.0012,0.3547,JHU,0.7,fourier_country
BEN,1995,51,1995-12-18,1995-12-24,6.067,0.3586,JHU,0.7,fourier_country
BEN,1995,52,1995-12-25,1995-12-31,6.0446,0.3573,JHU,0.7,fourier_country
BEN,1996,1,1996-01-01,1996-01-07,181.0979,5.9391,JHU,0.7,fourier_country
BEN,1996,2,1996-01-08,1996-01-14,175.3459,5.7504,JHU,0.7,fourier_country
BEN,1996,3,1996-01-15,1996-01-21,167.4754,5.4923,JHU,0.7,fourier_country
BEN,1996,4,1996-01-22,1996-01-28,157.9069,5.1785,JHU,0.7,fourier_country
BEN,1996,5,1996-01-29,1996-02-04,147.1404,4.8254,JHU,0.7,fourier_country
BEN,1996,6,1996-02-05,1996-02-11,135.7269,4.4511,JHU,0.7,fourier_country
BEN,1996,7,1996-02-12,1996-02-18,124.2381,4.0744,JHU,0.7,fourier_country
BEN,1996,8,1996-02-19,1996-02-25,113.2336,3.7135,JHU,0.7,fourier_country
BEN,1996,9,1996-02-26,1996-03-03,103.2308,3.3854,JHU,0.7,fourier_country
BEN,1996,10,1996-03-04,1996-03-10,94.676,3.1049,JHU,0.7,fourier_country
BEN,1996,11,1996-03-11,1996-03-17,87.9208,2.8833,JHU,0.7,fourier_country
BEN,1996,12,1996-03-18,1996-03-24,83.2038,2.7287,JHU,0.7,fourier_country
BEN,1996,13,1996-03-25,1996-03-31,80.6385,2.6445,JHU,0.7,fourier_country
BEN,1996,14,1996-04-01,1996-04-07,80.2096,2.6305,JHU,0.7,fourier_country
BEN,1996,15,1996-04-08,1996-04-14,81.7762,2.6818,JHU,0.7,fourier_country
BEN,1996,16,1996-04-15,1996-04-21,85.082,2.7902,JHU,0.7,fourier_country
BEN,1996,17,1996-04-22,1996-04-28,89.7731,2.9441,JHU,0.7,fourier_country
BEN,1996,18,1996-04-29,1996-05-05,95.4206,3.1293,JHU,0.7,fourier_country
BEN,1996,19,1996-05-06,1996-05-12,101.5481,3.3303,JHU,0.7,fourier_country
BEN,1996,20,1996-05-13,1996-05-19,107.6611,3.5307,JHU,0.7,fourier_country
BEN,1996,21,1996-05-20,1996-05-26,113.2783,3.7149,JHU,0.7,fourier_country
BEN,1996,22,1996-05-27,1996-06-02,117.9608,3.8685,JHU,0.7,fourier_country
BEN,1996,23,1996-06-03,1996-06-09,121.34,3.9793,JHU,0.7,fourier_country
BEN,1996,24,1996-06-10,1996-06-16,123.1397,4.0383,JHU,0.7,fourier_country
BEN,1996,25,1996-06-17,1996-06-23,123.1937,4.0401,JHU,0.7,fourier_country
BEN,1996,26,1996-06-24,1996-06-30,121.4563,3.9831,JHU,0.7,fourier_country
BEN,1996,27,1996-07-01,1996-07-07,118.0056,3.87,JHU,0.7,fourier_country
BEN,1996,28,1996-07-08,1996-07-14,113.0392,3.7071,JHU,0.7,fourier_country
BEN,1996,29,1996-07-15,1996-07-21,106.8628,3.5045,JHU,0.7,fourier_country
BEN,1996,30,1996-07-22,1996-07-28,99.8722,3.2753,JHU,0.7,fourier_country
BEN,1996,31,1996-07-29,1996-08-04,92.5299,3.0345,JHU,0.7,fourier_country
BEN,1996,32,1996-08-05,1996-08-11,85.3371,2.7986,JHU,0.7,fourier_country
BEN,1996,33,1996-08-12,1996-08-18,78.8036,2.5844,JHU,0.7,fourier_country
BEN,1996,34,1996-08-19,1996-08-25,73.417,2.4077,JHU,0.7,fourier_country
BEN,1996,35,1996-08-26,1996-09-01,69.6127,2.2829,JHU,0.7,fourier_country
BEN,1996,36,1996-09-02,1996-09-08,67.7467,2.2217,JHU,0.7,fourier_country
BEN,1996,37,1996-09-09,1996-09-15,68.0731,2.2324,JHU,0.7,fourier_country
BEN,1996,38,1996-09-16,1996-09-22,70.7269,2.3195,JHU,0.7,fourier_country
BEN,1996,39,1996-09-23,1996-09-29,75.7144,2.483,JHU,0.7,fourier_country
BEN,1996,40,1996-09-30,1996-10-06,82.9102,2.719,JHU,0.7,fourier_country
BEN,1996,41,1996-10-07,1996-10-13,92.062,3.0192,JHU,0.7,fourier_country
BEN,1996,42,1996-10-14,1996-10-20,102.803,3.3714,JHU,0.7,fourier_country
BEN,1996,43,1996-10-21,1996-10-27,114.671,3.7606,JHU,0.7,fourier_country
BEN,1996,44,1996-10-28,1996-11-03,127.1323,4.1693,JHU,0.7,fourier_country
BEN,1996,45,1996-11-04,1996-11-10,139.6111,4.5785,JHU,0.7,fourier_country
BEN,1996,46,1996-11-11,1996-11-17,151.5205,4.9691,JHU,0.7,fourier_country
BEN,1996,47,1996-11-18,1996-11-24,162.2943,5.3224,JHU,0.7,fourier_country
BEN,1996,48,1996-11-25,1996-12-01,171.4189,5.6217,JHU,0.7,fourier_country
BEN,1996,49,1996-12-02,1996-12-08,178.4605,5.8526,JHU,0.7,fourier_country
BEN,1996,50,1996-12-09,1996-12-15,183.0897,6.0044,JHU,0.7,fourier_country
BEN,1996,51,1996-12-16,1996-12-22,185.0989,6.0703,JHU,0.7,fourier_country
BEN,1996,52,1996-12-23,1996-12-29,184.4141,6.0478,JHU,0.7,fourier_country
BEN,1997,1,1996-12-30,1997-01-05,181.0979,5.9391,JHU,0.7,fourier_country
BEN,1997,2,1997-01-06,1997-01-12,22.5485,0.4532,JHU,0.7,fourier_country
BEN,1997,3,1997-01-13,1997-01-19,21.5364,0.4329,JHU,0.7,fourier_country
BEN,1997,4,1997-01-20,1997-01-26,20.306,0.4082,JHU,0.7,fourier_country
BEN,1997,5,1997-01-27,1997-02-02,18.9214,0.3803,JHU,0.7,fourier_country
BEN,1997,6,1997-02-03,1997-02-09,17.4537,0.3508,JHU,0.7,fourier_country
BEN,1997,7,1997-02-10,1997-02-16,15.9763,0.3211,JHU,0.7,fourier_country
BEN,1997,8,1997-02-17,1997-02-23,14.5612,0.2927,JHU,0.7,fourier_country
BEN,1997,9,1997-02-24,1997-03-02,13.2749,0.2668,JHU,0.7,fourier_country
BEN,1997,10,1997-03-03,1997-03-09,12.1748,0.2447,JHU,0.7,fourier_country
BEN,1997,11,1997-03-10,1997-03-16,11.3061,0.2273,JHU,0.7,fourier_country
BEN,1997,12,1997-03-17,1997-03-23,10.6995,0.2151,JHU,0.7,fourier_country
BEN,1997,13,1997-03-24,1997-03-30,10.3697,0.2084,JHU,0.7,fourier_country
BEN,1997,14,1997-03-31,1997-04-06,10.3145,0.2073,JHU,0.7,fourier_country
BEN,1997,15,1997-04-07,1997-04-13,10.516,0.2114,JHU,0.7,fourier_country
BEN,1997,16,1997-04-14,1997-04-20,10.9411,0.2199,JHU,0.7,fourier_country
BEN,1997,17,1997-04-21,1997-04-27,11.5443,0.232,JHU,0.7,fourier_country
BEN,1997,18,1997-04-28,1997-05-04,12.2706,0.2466,JHU,0.7,fourier_country
BEN,1997,19,1997-05-05,1997-05-11,13.0585,0.2625,JHU,0.7,fourier_country
BEN,1997,20,1997-05-12,1997-05-18,13.8446,0.2783,JHU,0.7,fourier_country
BEN,1997,21,1997-05-19,1997-05-25,14.567,0.2928,JHU,0.7,fourier_country
BEN,1997,22,1997-05-26,1997-06-01,15.1691,0.3049,JHU,0.7,fourier_country
BEN,1997,23,1997-06-02,1997-06-08,15.6037,0.3136,JHU,0.7,fourier_country
BEN,1997,24,1997-06-09,1997-06-15,15.8351,0.3183,JHU,0.7,fourier_country
BEN,1997,25,1997-06-16,1997-06-22,15.842,0.3184,JHU,0.7,fourier_country
BEN,1997,26,1997-06-23,1997-06-29,15.6186,0.3139,JHU,0.7,fourier_country
BEN,1997,27,1997-06-30,1997-07-06,15.1749,0.305,JHU,0.7,fourier_country
BEN,1997,28,1997-07-07,1997-07-13,14.5362,0.2922,JHU,0.7,fourier_country
BEN,1997,29,1997-07-14,1997-07-20,13.742,0.2762,JHU,0.7,fourier_country
BEN,1997,30,1997-07-21,1997-07-27,12.843,0.2582,JHU,0.7,fourier_country
BEN,1997,31,1997-07-28,1997-08-03,11.8988,0.2392,JHU,0.7,fourier_country
BEN,1997,32,1997-08-04,1997-08-10,10.9739,0.2206,JHU,0.7,fourier_country
BEN,1997,33,1997-08-11,1997-08-17,10.1337,0.2037,JHU,0.7,fourier_country
BEN,1997,34,1997-08-18,1997-08-24,9.441,0.1898,JHU,0.7,fourier_country
BEN,1997,35,1997-08-25,1997-08-31,8.9518,0.1799,JHU,0.7,fourier_country
BEN,1997,36,1997-09-01,1997-09-07,8.7119,0.1751,JHU,0.7,fourier_country
BEN,1997,37,1997-09-08,1997-09-14,8.7538,0.176,JHU,0.7,fourier_country
BEN,1997,38,1997-09-15,1997-09-21,9.0951,0.1828,JHU,0.7,fourier_country
BEN,1997,39,1997-09-22,1997-09-28,9.7365,0.1957,JHU,0.7,fourier_country
BEN,1997,40,1997-09-29,1997-10-05,10.6618,0.2143,JHU,0.7,fourier_country
BEN,1997,41,1997-10-06,1997-10-12,11.8387,0.238,JHU,0.7,fourier_country
BEN,1997,42,1997-10-13,1997-10-19,13.2199,0.2657,JHU,0.7,fourier_country
BEN,1997,43,1997-10-20,1997-10-26,14.7461,0.2964,JHU,0.7,fourier_country
BEN,1997,44,1997-10-27,1997-11-02,16.3485,0.3286,JHU,0.7,fourier_country
BEN,1997,45,1997-11-03,1997-11-09,17.9532,0.3609,JHU,0.7,fourier_country
BEN,1997,46,1997-11-10,1997-11-16,19.4847,0.3917,JHU,0.7,fourier_country
BEN,1997,47,1997-11-17,1997-11-23,20.8702,0.4195,JHU,0.7,fourier_country
BEN,1997,48,1997-11-24,1997-11-30,22.0435,0.4431,JHU,0.7,fourier_country
BEN,1997,49,1997-12-01,1997-12-07,22.949,0.4613,JHU,0.7,fourier_country
BEN,1997,50,1997-12-08,1997-12-14,23.5443,0.4733,JHU,0.7,fourier_country
BEN,1997,51,1997-12-15,1997-12-21,23.8027,0.4784,JHU,0.7,fourier_country
BEN,1997,52,1997-12-22,1997-12-28,23.7146,0.4767,JHU,0.7,fourier_country
BEN,1998,1,1997-12-29,1998-01-04,23.2882,0.4681,JHU,0.7,fourier_country
BEN,1998,2,1998-01-05,1998-01-11,5.8323,0.0283,JHU,0.7,fourier_country
BEN,1998,3,1998-01-12,1998-01-18,5.5705,0.027,JHU,0.7,fourier_country
BEN,1998,4,1998-01-19,1998-01-25,5.2522,0.0255,JHU,0.7,fourier_country
BEN,1998,5,1998-01-26,1998-02-01,4.8941,0.0238,JHU,0.7,fourier_country
BEN,1998,6,1998-02-02,1998-02-08,4.5145,0.0219,JHU,0.7,fourier_country
BEN,1998,7,1998-02-09,1998-02-15,4.1324,0.0201,JHU,0.7,fourier_country
BEN,1998,8,1998-02-16,1998-02-22,3.7663,0.0183,JHU,0.7,fourier_country
BEN,1998,9,1998-02-23,1998-03-01,3.4336,0.0167,JHU,0.7,fourier_country
BEN,1998,10,1998-03-02,1998-03-08,3.1491,0.0153,JHU,0.7,fourier_country
BEN,1998,11,1998-03-09,1998-03-15,2.9244,0.0142,JHU,0.7,fourier_country
BEN,1998,12,1998-03-16,1998-03-22,2.7675,0.0134,JHU,0.7,fourier_country
BEN,1998,13,1998-03-23,1998-03-29,2.6822,0.013,JHU,0.7,fourier_country
BEN,1998,14,1998-03-30,1998-04-05,2.6679,0.013,JHU,0.7,fourier_country
BEN,1998,15,1998-04-06,1998-04-12,2.72,0.0132,JHU,0.7,fourier_country
BEN,1998,16,1998-04-13,1998-04-19,2.83,0.0137,JHU,0.7,fourier_country
BEN,1998,17,1998-04-20,1998-04-26,2.986,0.0145,JHU,0.7,fourier_country
BEN,1998,18,1998-04-27,1998-05-03,3.1738,0.0154,JHU,0.7,fourier_country
BEN,1998,19,1998-05-04,1998-05-10,3.3777,0.0164,JHU,0.7,fourier_country
BEN,1998,20,1998-05-11,1998-05-17,3.581,0.0174,JHU,0.7,fourier_country
BEN,1998,21,1998-05-18,1998-05-24,3.7678,0.0183,JHU,0.7,fourier_country
BEN,1998,22,1998-05-25,1998-05-31,3.9236,0.019,JHU,0.7,fourier_country
BEN,1998,23,1998-06-01,1998-06-07,4.036,0.0196,JHU,0.7,fourier_country
BEN,1998,24,1998-06-08,1998-06-14,4.0958,0.0199,JHU,0.7,fourier_country
BEN,1998,25,1998-06-15,1998-06-21,4.0976,0.0199,JHU,0.7,fourier_country
BEN,1998,26,1998-06-22,1998-06-28,4.0398,0.0196,JHU,0.7,fourier_country
BEN,1998,27,1998-06-29,1998-07-05,3.9251,0.0191,JHU,0.7,fourier_country
BEN,1998,28,1998-07-06,1998-07-12,3.7599,0.0183,JHU,0.7,fourier_country
BEN,1998,29,1998-07-13,1998-07-19,3.5544,0.0173,JHU,0.7,fourier_country
BEN,1998,30,1998-07-20,1998-07-26,3.3219,0.0161,JHU,0.7,fourier_country
BEN,1998,31,1998-07-27,1998-08-02,3.0777,0.0149,JHU,0.7,fourier_country
BEN,1998,32,1998-08-03,1998-08-09,2.8385,0.0138,JHU,0.7,fourier_country
BEN,1998,33,1998-08-10,1998-08-16,2.6211,0.0127,JHU,0.7,fourier_country
BEN,1998,34,1998-08-17,1998-08-23,2.442,0.0119,JHU,0.7,fourier_country
BEN,1998,35,1998-08-24,1998-08-30,2.3154,0.0112,JHU,0.7,fourier_country
BEN,1998,36,1998-08-31,1998-09-06,2.2534,0.0109,JHU,0.7,fourier_country
BEN,1998,37,1998-09-07,1998-09-13,2.2642,0.011,JHU,0.7,fourier_country
BEN,1998,38,1998-09-14,1998-09-20,2.3525,0.0114,JHU,0.7,fourier_country
BEN,1998,39,1998-09-21,1998-09-27,2.5184,0.0122,JHU,0.7,fourier_country
BEN,1998,40,1998-09-28,1998-10-04,2.7577,0.0134,JHU,0.7,fourier_country
BEN,1998,41,1998-10-05,1998-10-11,3.0621,0.0149,JHU,0.7,fourier_country
BEN,1998,42,1998-10-12,1998-10-18,3.4194,0.0166,JHU,0.7,fourier_country
BEN,1998,43,1998-10-19,1998-10-25,3.8141,0.0185,JHU,0.7,fourier_country
BEN,1998,44,1998-10-26,1998-11-01,4.2286,0.0205,JHU,0.7,fourier_country
BEN,1998,45,1998-11-02,1998-11-08,4.6437,0.0225,JHU,0.7,fourier_country
BEN,1998,46,1998-11-09,1998-11-15,5.0398,0.0245,JHU,0.7,fourier_country
BEN,1998,47,1998-11-16,1998-11-22,5.3982,0.0262,JHU,0.7,fourier_country
BEN,1998,48,1998-11-23,1998-11-29,5.7017,0.0277,JHU,0.7,fourier_country
BEN,1998,49,1998-11-30,1998-12-06,5.9359,0.0288,JHU,0.7,fourier_country
BEN,1998,50,1998-12-07,1998-12-13,6.0899,0.0296,JHU,0.7,fourier_country
BEN,1998,51,1998-12-14,1998-12-20,6.1567,0.0299,JHU,0.7,fourier_country
BEN,1998,52,1998-12-21,1998-12-27,6.1339,0.0298,JHU,0.7,fourier_country
BEN,1998,53,1998-12-28,1999-01-03,6.1339,0.0298,JHU,0.7,fourier_country
BEN,1999,1,1999-01-04,1999-01-10,25.0009,0.731,JHU,0.7,fourier_country
BEN,1999,2,1999-01-11,1999-01-17,24.2069,0.7078,JHU,0.7,fourier_country
BEN,1999,3,1999-01-18,1999-01-24,23.1203,0.676,JHU,0.7,fourier_country
BEN,1999,4,1999-01-25,1999-01-31,21.7994,0.6374,JHU,0.7,fourier_country
BEN,1999,5,1999-02-01,1999-02-07,20.313,0.5939,JHU,0.7,fourier_country
BEN,1999,6,1999-02-08,1999-02-14,18.7374,0.5479,JHU,0.7,fourier_country
BEN,1999,7,1999-02-15,1999-02-21,17.1513,0.5015,JHU,0.7,fourier_country
BEN,1999,8,1999-02-22,1999-02-28,15.6321,0.4571,JHU,0.7,fourier_country
BEN,1999,9,1999-03-01,1999-03-07,14.2512,0.4167,JHU,0.7,fourier_country
BEN,1999,10,1999-03-08,1999-03-14,13.0702,0.3822,JHU,0.7,fourier_country
BEN,1999,11,1999-03-15,1999-03-21,12.1377,0.3549,JHU,0.7,fourier_country
BEN,1999,12,1999-03-22,1999-03-28,11.4865,0.3359,JHU,0.7,fourier_country
BEN,1999,13,1999-03-29,1999-04-04,11.1323,0.3255,JHU,0.7,fourier_country
BEN,1999,14,1999-04-05,1999-04-11,11.0731,0.3238,JHU,0.7,fourier_country
BEN,1999,15,1999-04-12,1999-04-18,11.2894,0.3301,JHU,0.7,fourier_country
BEN,1999,16,1999-04-19,1999-04-25,11.7457,0.3434,JHU,0.7,fourier_country
BEN,1999,17,1999-04-26,1999-05-02,12.3934,0.3624,JHU,0.7,fourier_country
BEN,1999,18,1999-05-03,1999-05-09,13.173,0.3852,JHU,0.7,fourier_country
BEN,1999,19,1999-05-10,1999-05-16,14.0189,0.4099,JHU,0.7,fourier_country
BEN,1999,20,1999-05-17,1999-05-23,14.8628,0.4346,JHU,0.7,fourier_country
BEN,1999,21,1999-05-24,1999-05-30,15.6383,0.4573,JHU,0.7,fourier_country
BEN,1999,22,1999-05-31,1999-06-06,16.2847,0.4762,JHU,0.7,fourier_country
BEN,1999,23,1999-06-07,1999-06-13,16.7512,0.4898,JHU,0.7,fourier_country
BEN,1999,24,1999-06-14,1999-06-20,16.9997,0.4971,JHU,0.7,fourier_country
BEN,1999,25,1999-06-21,1999-06-27,17.0071,0.4973,JHU,0.7,fourier_country
BEN,1999,26,1999-06-28,1999-07-04,16.7673,0.4903,JHU,0.7,fourier_country
BEN,1999,27,1999-07-05,1999-07-11,16.2909,0.4763,JHU,0.7,fourier_country
BEN,1999,28,1999-07-12,1999-07-18,15.6053,0.4563,JHU,0.7,fourier_country
BEN,1999,29,1999-07-19,1999-07-25,14.7526,0.4314,JHU,0.7,fourier_country
BEN,1999,30,1999-07-26,1999-08-01,13.7876,0.4031,JHU,0.7,fourier_country
BEN,1999,31,1999-08-02,1999-08-08,12.7739,0.3735,JHU,0.7,fourier_country
BEN,1999,32,1999-08-09,1999-08-15,11.781,0.3445,JHU,0.7,fourier_country
BEN,1999,33,1999-08-16,1999-08-22,10.879,0.3181,JHU,0.7,fourier_country
BEN,1999,34,1999-08-23,1999-08-29,10.1354,0.2964,JHU,0.7,fourier_country
BEN,1999,35,1999-08-30,1999-09-05,9.6102,0.281,JHU,0.7,fourier_country
BEN,1999,36,1999-09-06,1999-09-12,9.3526,0.2735,JHU,0.7,fourier_country
BEN,1999,37,1999-09-13,1999-09-19,9.3976,0.2748,JHU,0.7,fourier_country
BEN,1999,38,1999-09-20,1999-09-26,9.764,0.2855,JHU,0.7,fourier_country
BEN,1999,39,1999-09-27,1999-10-03,10.4525,0.3056,JHU,0.7,fourier_country
BEN,1999,40,1999-10-04,1999-10-10,11.4459,0.3347,JHU,0.7,fourier_country
BEN,1999,41,1999-10-11,1999-10-17,12.7093,0.3716,JHU,0.7,fourier_country
BEN,1999,42,1999-10-18,1999-10-24,14.1922,0.415,JHU,0.7,fourier_country
BEN,1999,43,1999-10-25,1999-10-31,15.8306,0.4629,JHU,0.7,fourier_country
BEN,1999,44,1999-11-01,1999-11-07,17.5509,0.5132,JHU,0.7,fourier_country
BEN,1999,45,1999-11-08,1999-11-14,19.2736,0.5636,JHU,0.7,fourier_country
BEN,1999,46,1999-11-15,1999-11-21,20.9177,0.6116,JHU,0.7,fourier_country
BEN,1999,47,1999-11-22,1999-11-28,22.4051,0.6551,JHU,0.7,fourier_country
BEN,1999,48,1999-11-29,1999-12-05,23.6647,0.692,JHU,0.7,fourier_country
BEN,1999,49,1999-12-06,1999-12-12,24.6368,0.7204,JHU,0.7,fourier_country
BEN,1999,50,1999-12-13,1999-12-19,25.2759,0.7391,JHU,0.7,fourier_country
BEN,1999,51,1999-12-20,1999-12-26,25.5533,0.7472,JHU,0.7,fourier_country
BEN,1999,52,1999-12-27,2000-01-02,25.4587,0.7444,JHU,0.7,fourier_country
BEN,2000,1,2000-01-03,2000-01-09,13.6847,0.3216,JHU,0.7,fourier_country
BEN,2000,2,2000-01-10,2000-01-16,13.2501,0.3114,JHU,0.7,fourier_country
BEN,2000,3,2000-01-17,2000-01-23,12.6553,0.2975,JHU,0.7,fourier_country
BEN,2000,4,2000-01-24,2000-01-30,11.9323,0.2805,JHU,0.7,fourier_country
BEN,2000,5,2000-01-31,2000-02-06,11.1187,0.2613,JHU,0.7,fourier_country
BEN,2000,6,2000-02-07,2000-02-13,10.2563,0.2411,JHU,0.7,fourier_country
BEN,2000,7,2000-02-14,2000-02-20,9.3881,0.2207,JHU,0.7,fourier_country
BEN,2000,8,2000-02-21,2000-02-27,8.5565,0.2011,JHU,0.7,fourier_country
BEN,2000,9,2000-02-28,2000-03-05,7.8007,0.1833,JHU,0.7,fourier_country
BEN,2000,10,2000-03-06,2000-03-12,7.1542,0.1682,JHU,0.7,fourier_country
BEN,2000,11,2000-03-13,2000-03-19,6.6438,0.1562,JHU,0.7,fourier_country
BEN,2000,12,2000-03-20,2000-03-26,6.2873,0.1478,JHU,0.7,fourier_country
BEN,2000,13,2000-03-27,2000-04-02,6.0935,0.1432,JHU,0.7,fourier_country
BEN,2000,14,2000-04-03,2000-04-09,6.0611,0.1425,JHU,0.7,fourier_country
BEN,2000,15,2000-04-10,2000-04-16,6.1794,0.1452,JHU,0.7,fourier_country
BEN,2000,16,2000-04-17,2000-04-23,6.4292,0.1511,JHU,0.7,fourier_country
BEN,2000,17,2000-04-24,2000-04-30,6.7837,0.1594,JHU,0.7,fourier_country
BEN,2000,18,2000-05-01,2000-05-07,7.2105,0.1695,JHU,0.7,fourier_country
BEN,2000,19,2000-05-08,2000-05-14,7.6735,0.1804,JHU,0.7,fourier_country
BEN,2000,20,2000-05-15,2000-05-21,8.1354,0.1912,JHU,0.7,fourier_country
BEN,2000,21,2000-05-22,2000-05-28,8.5599,0.2012,JHU,0.7,fourier_country
BEN,2000,22,2000-05-29,2000-06-04,8.9138,0.2095,JHU,0.7,fourier_country
BEN,2000,23,2000-06-05,2000-06-11,9.1691,0.2155,JHU,0.7,fourier_country
BEN,2000,24,2000-06-12,2000-06-18,9.3051,0.2187,JHU,0.7,fourier_country
BEN,2000,25,2000-06-19,2000-06-25,9.3092,0.2188,JHU,0.7,fourier_country
BEN,2000,26,2000-06-26,2000-07-02,9.1779,0.2157,JHU,0.7,fourier_country
BEN,2000,27,2000-07-03,2000-07-09,8.9171,0.2096,JHU,0.7,fourier_country
BEN,2000,28,2000-07-10,2000-07-16,8.5418,0.2008,JHU,0.7,fourier_country
BEN,2000,29,2000-07-17,2000-07-23,8.0751,0.1898,JHU,0.7,fourier_country
BEN,2000,30,2000-07-24,2000-07-30,7.5469,0.1774,JHU,0.7,fourier_country
BEN,2000,31,2000-07-31,2000-08-06,6.9921,0.1643,JHU,0.7,fourier_country
BEN,2000,32,2000-08-07,2000-08-13,6.4485,0.1516,JHU,0.7,fourier_country
BEN,2000,33,2000-08-14,2000-08-20,5.9548,0.14,JHU,0.7,fourier_country
BEN,2000,34,2000-08-21,2000-08-27,5.5478,0.1304,JHU,0.7,fourier_country
BEN,2000,35,2000-08-28,2000-09-03,5.2603,0.1236,JHU,0.7,fourier_country
BEN,2000,36,2000-09-04,2000-09-10,5.1193,0.1203,JHU,0.7,fourier_country
BEN,2000,37,2000-09-11,2000-09-17,5.144,0.1209,JHU,0.7,fourier_country
BEN,2000,38,2000-09-18,2000-09-24,5.3445,0.1256,JHU,0.7,fourier_country
BEN,2000,39,2000-09-25,2000-10-01,5.7214,0.1345,JHU,0.7,fourier_country
BEN,2000,40,2000-10-02,2000-10-08,6.2651,0.1473,JHU,0.7,fourier_country
BEN,2000,41,2000-10-09,2000-10-15,6.9567,0.1635,JHU,0.7,fourier_country
BEN,2000,42,2000-10-16,2000-10-22,7.7683,0.1826,JHU,0.7,fourier_country
BEN,2000,43,2000-10-23,2000-10-29,8.6652,0.2037,JHU,0.7,fourier_country
BEN,2000,44,2000-10-30,2000-11-05,9.6068,0.2258,JHU,0.7,fourier_country
BEN,2000,45,2000-11-06,2000-11-12,10.5498,0.248,JHU,0.7,fourier_country
BEN,2000,46,2000-11-13,2000-11-19,11.4497,0.2691,JHU,0.7,fourier_country
BEN,2000,47,2000-11-20,2000-11-26,12.2638,0.2883,JHU,0.7,fourier_country
BEN,2000,48,2000-11-27,2000-12-03,12.9533,0.3045,JHU,0.7,fourier_country
BEN,2000,49,2000-12-04,2000-12-10,13.4854,0.317,JHU,0.7,fourier_country
BEN,2000,50,2000-12-11,2000-12-17,13.8352,0.3252,JHU,0.7,fourier_country
BEN,2000,51,2000-12-18,2000-12-24,13.9871,0.3288,JHU,0.7,fourier_country
BEN,2000,52,2000-12-25,2000-12-31,13.9353,0.3275,JHU,0.7,fourier_country
BEN,2001,1,2001-01-01,2001-01-07,115.3585,2.0772,JHU,0.7,fourier_country
BEN,2001,2,2001-01-08,2001-01-14,111.6945,2.0112,JHU,0.7,fourier_country
BEN,2001,3,2001-01-15,2001-01-21,106.681,1.921,JHU,0.7,fourier_country
BEN,2001,4,2001-01-22,2001-01-28,100.5859,1.8112,JHU,0.7,fourier_country
BEN,2001,5,2001-01-29,2001-02-04,93.7277,1.6877,JHU,0.7,fourier_country
BEN,2001,6,2001-02-05,2001-02-11,86.4574,1.5568,JHU,0.7,fourier_country
BEN,2001,7,2001-02-12,2001-02-18,79.139,1.425,JHU,0.7,fourier_country
BEN,2001,8,2001-02-19,2001-02-25,72.1292,1.2988,JHU,0.7,fourier_country
BEN,2001,9,2001-02-26,2001-03-04,65.7575,1.1841,JHU,0.7,fourier_country
BEN,2001,10,2001-03-05,2001-03-11,60.3081,1.0859,JHU,0.7,fourier_country
BEN,2001,11,2001-03-12,2001-03-18,56.0051,1.0085,JHU,0.7,fourier_country
BEN,2001,12,2001-03-19,2001-03-25,53.0004,0.9544,JHU,0.7,fourier_country
BEN,2001,13,2001-03-26,2001-04-01,51.3663,0.9249,JHU,0.7,fourier_country
BEN,2001,14,2001-04-02,2001-04-08,51.0931,0.92,JHU,0.7,fourier_country
BEN,2001,15,2001-04-09,2001-04-15,52.091,0.938,JHU,0.7,fourier_country
BEN,2001,16,2001-04-16,2001-04-22,54.1968,0.9759,JHU,0.7,fourier_country
BEN,2001,17,2001-04-23,2001-04-29,57.185,1.0297,JHU,0.7,fourier_country
BEN,2001,18,2001-04-30,2001-05-06,60.7825,1.0945,JHU,0.7,fourier_country
BEN,2001,19,2001-05-07,2001-05-13,64.6857,1.1648,JHU,0.7,fourier_country
BEN,2001,20,2001-05-14,2001-05-20,68.5796,1.2349,JHU,0.7,fourier_country
BEN,2001,21,2001-05-21,2001-05-27,72.1577,1.2993,JHU,0.7,fourier_country
BEN,2001,22,2001-05-28,2001-06-03,75.1405,1.353,JHU,0.7,fourier_country
BEN,2001,23,2001-06-04,2001-06-10,77.293,1.3918,JHU,0.7,fourier_country
BEN,2001,24,2001-06-11,2001-06-17,78.4394,1.4124,JHU,0.7,fourier_country
BEN,2001,25,2001-06-18,2001-06-24,78.4738,1.413,JHU,0.7,fourier_country
BEN,2001,26,2001-06-25,2001-07-01,77.3671,1.3931,JHU,0.7,fourier_country
BEN,2001,27,2001-07-02,2001-07-08,75.169,1.3535,JHU,0.7,fourier_country
BEN,2001,28,2001-07-09,2001-07-15,72.0054,1.2966,JHU,0.7,fourier_country
BEN,2001,29,2001-07-16,2001-07-22,68.0711,1.2257,JHU,0.7,fourier_country
BEN,2001,30,2001-07-23,2001-07-29,63.6181,1.1455,JHU,0.7,fourier_country
BEN,2001,31,2001-07-30,2001-08-05,58.9411,1.0613,JHU,0.7,fourier_country
BEN,2001,32,2001-08-06,2001-08-12,54.3593,0.9788,JHU,0.7,fourier_country
BEN,2001,33,2001-08-13,2001-08-19,50.1975,0.9039,JHU,0.7,fourier_country
BEN,2001,34,2001-08-20,2001-08-26,46.7663,0.8421,JHU,0.7,fourier_country
BEN,2001,35,2001-08-27,2001-09-02,44.343,0.7985,JHU,0.7,fourier_country
BEN,2001,36,2001-09-03,2001-09-09,43.1543,0.7771,JHU,0.7,fourier_country
BEN,2001,37,2001-09-10,2001-09-16,43.3622,0.7808,JHU,0.7,fourier_country
BEN,2001,38,2001-09-17,2001-09-23,45.0527,0.8112,JHU,0.7,fourier_country
BEN,2001,39,2001-09-24,2001-09-30,48.2297,0.8685,JHU,0.7,fourier_country
BEN,2001,40,2001-10-01,2001-10-07,52.8134,0.951,JHU,0.7,fourier_country
BEN,2001,41,2001-10-08,2001-10-14,58.643,1.056,JHU,0.7,fourier_country
BEN,2001,42,2001-10-15,2001-10-21,65.485,1.1792,JHU,0.7,fourier_country
BEN,2001,43,2001-10-22,2001-10-28,73.0449,1.3153,JHU,0.7,fourier_country
BEN,2001,44,2001-10-29,2001-11-04,80.9827,1.4582,JHU,0.7,fourier_country
BEN,2001,45,2001-11-05,2001-11-11,88.9316,1.6014,JHU,0.7,fourier_country
BEN,2001,46,2001-11-12,2001-11-18,96.5178,1.738,JHU,0.7,fourier_country
BEN,2001,47,2001-11-19,2001-11-25,103.3807,1.8615,JHU,0.7,fourier_country
BEN,2001,48,2001-11-26,2001-12-02,109.193,1.9662,JHU,0.7,fourier_country
BEN,2001,49,2001-12-03,2001-12-09,113.6785,2.047,JHU,0.7,fourier_country
BEN,2001,50,2001-12-10,2001-12-16,116.6272,2.1001,JHU,0.7,fourier_country
BEN,2001,51,2001-12-17,2001-12-23,117.9071,2.1231,JHU,0.7,fourier_country
BEN,2001,52,2001-12-24,2001-12-30,117.4709,2.1153,JHU,0.7,fourier_country
BEN,2002,1,2001-12-31,2002-01-06,115.3585,2.0772,JHU,0.7,fourier_country
BEN,2002,2,2002-01-07,2002-01-13,7.6484,0.3683,JHU,0.7,fourier_country
BEN,2002,3,2002-01-14,2002-01-20,7.3051,0.3517,JHU,0.7,fourier_country
BEN,2002,4,2002-01-21,2002-01-27,6.8877,0.3316,JHU,0.7,fourier_country
BEN,2002,5,2002-01-28,2002-02-03,6.4181,0.309,JHU,0.7,fourier_country
BEN,2002,6,2002-02-04,2002-02-10,5.9202,0.285,JHU,0.7,fourier_country
BEN,2002,7,2002-02-11,2002-02-17,5.4191,0.2609,JHU,0.7,fourier_country
BEN,2002,8,2002-02-18,2002-02-24,4.9391,0.2378,JHU,0.7,fourier_country
BEN,2002,9,2002-02-25,2002-03-03,4.5028,0.2168,JHU,0.7,fourier_country
BEN,2002,10,2002-03-04,2002-03-10,4.1296,0.1988,JHU,0.7,fourier_country
BEN,2002,11,2002-03-11,2002-03-17,3.835,0.1846,JHU,0.7,fourier_country
BEN,2002,12,2002-03-18,2002-03-24,3.6292,0.1747,JHU,0.7,fourier_country
BEN,2002,13,2002-03-25,2002-03-31,3.5173,0.1694,JHU,0.7,fourier_country
BEN,2002,14,2002-04-01,2002-04-07,3.4986,0.1685,JHU,0.7,fourier_country
BEN,2002,15,2002-04-08,2002-04-14,3.567,0.1717,JHU,0.7,fourier_country
BEN,2002,16,2002-04-15,2002-04-21,3.7112,0.1787,JHU,0.7,fourier_country
BEN,2002,17,2002-04-22,2002-04-28,3.9158,0.1885,JHU,0.7,fourier_country
BEN,2002,18,2002-04-29,2002-05-05,4.1621,0.2004,JHU,0.7,fourier_country
BEN,2002,19,2002-05-06,2002-05-12,4.4294,0.2133,JHU,0.7,fourier_country
BEN,2002,20,2002-05-13,2002-05-19,4.696,0.2261,JHU,0.7,fourier_country
BEN,2002,21,2002-05-20,2002-05-26,4.9411,0.2379,JHU,0.7,fourier_country
BEN,2002,22,2002-05-27,2002-06-02,5.1453,0.2477,JHU,0.7,fourier_country
BEN,2002,23,2002-06-03,2002-06-09,5.2927,0.2548,JHU,0.7,fourier_country
BEN,2002,24,2002-06-10,2002-06-16,5.3712,0.2586,JHU,0.7,fourier_country
BEN,2002,25,2002-06-17,2002-06-23,5.3736,0.2587,JHU,0.7,fourier_country
BEN,2002,26,2002-06-24,2002-06-30,5.2978,0.2551,JHU,0.7,fourier_country
BEN,2002,27,2002-07-01,2002-07-07,5.1473,0.2478,JHU,0.7,fourier_country
BEN,2002,28,2002-07-08,2002-07-14,4.9306,0.2374,JHU,0.7,fourier_country
BEN,2002,29,2002-07-15,2002-07-21,4.6612,0.2244,JHU,0.7,fourier_country
BEN,2002,30,2002-07-22,2002-07-28,4.3563,0.2097,JHU,0.7,fourier_country
BEN,2002,31,2002-07-29,2002-08-04,4.036,0.1943,JHU,0.7,fourier_country
BEN,2002,32,2002-08-05,2002-08-11,3.7223,0.1792,JHU,0.7,fourier_country
BEN,2002,33,2002-08-12,2002-08-18,3.4373,0.1655,JHU,0.7,fourier_country
BEN,2002,34,2002-08-19,2002-08-25,3.2024,0.1542,JHU,0.7,fourier_country
BEN,2002,35,2002-08-26,2002-09-01,3.0364,0.1462,JHU,0.7,fourier_country
BEN,2002,36,2002-09-02,2002-09-08,2.955,0.1423,JHU,0.7,fourier_country
BEN,2002,37,2002-09-09,2002-09-15,2.9693,0.143,JHU,0.7,fourier_country
BEN,2002,38,2002-09-16,2002-09-22,3.085,0.1485,JHU,0.7,fourier_country
BEN,2002,39,2002-09-23,2002-09-29,3.3026,0.159,JHU,0.7,fourier_country
BEN,2002,40,2002-09-30,2002-10-06,3.6164,0.1741,JHU,0.7,fourier_country
BEN,2002,41,2002-10-07,2002-10-13,4.0156,0.1933,JHU,0.7,fourier_country
BEN,2002,42,2002-10-14,2002-10-20,4.4841,0.2159,JHU,0.7,fourier_country
BEN,2002,43,2002-10-21,2002-10-27,5.0018,0.2408,JHU,0.7,fourier_country
BEN,2002,44,2002-10-28,2002-11-03,5.5454,0.267,JHU,0.7,fourier_country
BEN,2002,45,2002-11-04,2002-11-10,6.0897,0.2932,JHU,0.7,fourier_country
BEN,2002,46,2002-11-11,2002-11-17,6.6091,0.3182,JHU,0.7,fourier_country
BEN,2002,47,2002-11-18,2002-11-24,7.0791,0.3408,JHU,0.7,fourier_country
BEN,2002,48,2002-11-25,2002-12-01,7.4771,0.36,JHU,0.7,fourier_country
BEN,2002,49,2002-12-02,2002-12-08,7.7842,0.3748,JHU,0.7,fourier_country
BEN,2002,50,2002-12-09,2002-12-15,7.9861,0.3845,JHU,0.7,fourier_country
BEN,2002,51,2002-12-16,2002-12-22,8.0738,0.3887,JHU,0.7,fourier_country
BEN,2002,52,2002-12-23,2002-12-29,8.0439,0.3873,JHU,0.7,fourier_country
BEN,2003,1,2002-12-30,2003-01-05,7.8993,0.3803,JHU,0.7,fourier_country
BEN,2003,2,2003-01-06,2003-01-12,12.294,0.3116,JHU,0.7,fourier_country
BEN,2003,3,2003-01-13,2003-01-19,11.7422,0.2976,JHU,0.7,fourier_country
BEN,2003,4,2003-01-20,2003-01-26,11.0713,0.2806,JHU,0.7,fourier_country
BEN,2003,5,2003-01-27,2003-02-02,10.3165,0.2615,JHU,0.7,fourier_country
BEN,2003,6,2003-02-03,2003-02-09,9.5162,0.2412,JHU,0.7,fourier_country
BEN,2003,7,2003-02-10,2003-02-16,8.7107,0.2208,JHU,0.7,fourier_country
BEN,2003,8,2003-02-17,2003-02-23,7.9392,0.2012,JHU,0.7,fourier_country
BEN,2003,9,2003-02-24,2003-03-02,7.2378,0.1834,JHU,0.7,fourier_country
BEN,2003,10,2003-03-03,2003-03-09,6.638,0.1682,JHU,0.7,fourier_country
BEN,2003,11,2003-03-10,2003-03-16,6.1644,0.1562,JHU,0.7,fourier_country
BEN,2003,12,2003-03-17,2003-03-23,5.8337,0.1479,JHU,0.7,fourier_country
BEN,2003,13,2003-03-24,2003-03-30,5.6538,0.1433,JHU,0.7,fourier_country
BEN,2003,14,2003-03-31,2003-04-06,5.6237,0.1425,JHU,0.7,fourier_country
BEN,2003,15,2003-04-07,2003-04-13,5.7336,0.1453,JHU,0.7,fourier_country
BEN,2003,16,2003-04-14,2003-04-20,5.9654,0.1512,JHU,0.7,fourier_country
BEN,2003,17,2003-04-21,2003-04-27,6.2943,0.1595,JHU,0.7,fourier_country
BEN,2003,18,2003-04-28,2003-05-04,6.6902,0.1696,JHU,0.7,fourier_country
BEN,2003,19,2003-05-05,2003-05-11,7.1199,0.1805,JHU,0.7,fourier_country
BEN,2003,20,2003-05-12,2003-05-18,7.5485,0.1913,JHU,0.7,fourier_country
BEN,2003,21,2003-05-19,2003-05-25,7.9423,0.2013,JHU,0.7,fourier_country
BEN,2003,22,2003-05-26,2003-06-01,8.2706,0.2096,JHU,0.7,fourier_country
BEN,2003,23,2003-06-02,2003-06-08,8.5075,0.2156,JHU,0.7,fourier_country
BEN,2003,24,2003-06-09,2003-06-15,8.6337,0.2188,JHU,0.7,fourier_country
BEN,2003,25,2003-06-16,2003-06-22,8.6375,0.2189,JHU,0.7,fourier_country
BEN,2003,26,2003-06-23,2003-06-29,8.5157,0.2158,JHU,0.7,fourier_country
BEN,2003,27,2003-06-30,2003-07-06,8.2737,0.2097,JHU,0.7,fourier_country
BEN,2003,28,2003-07-07,2003-07-13,7.9255,0.2009,JHU,0.7,fourier_country
BEN,2003,29,2003-07-14,2003-07-20,7.4925,0.1899,JHU,0.7,fourier_country
BEN,2003,30,2003-07-21,2003-07-27,7.0023,0.1775,JHU,0.7,fourier_country
BEN,2003,31,2003-07-28,2003-08-03,6.4876,0.1644,JHU,0.7,fourier_country
BEN,2003,32,2003-08-04,2003-08-10,5.9832,0.1516,JHU,0.7,fourier_country
BEN,2003,33,2003-08-11,2003-08-17,5.5252,0.14,JHU,0.7,fourier_country
BEN,2003,34,2003-08-18,2003-08-24,5.1475,0.1305,JHU,0.7,fourier_country
BEN,2003,35,2003-08-25,2003-08-31,4.8808,0.1237,JHU,0.7,fourier_country
BEN,2003,36,2003-09-01,2003-09-07,4.7499,0.1204,JHU,0.7,fourier_country
BEN,2003,37,2003-09-08,2003-09-14,4.7728,0.121,JHU,0.7,fourier_country
BEN,2003,38,2003-09-15,2003-09-21,4.9589,0.1257,JHU,0.7,fourier_country
BEN,2003,39,2003-09-22,2003-09-28,5.3086,0.1345,JHU,0.7,fourier_country
BEN,2003,40,2003-09-29,2003-10-05,5.8131,0.1473,JHU,0.7,fourier_country
BEN,2003,41,2003-10-06,2003-10-12,6.4547,0.1636,JHU,0.7,fourier_country
BEN,2003,42,2003-10-13,2003-10-19,7.2078,0.1827,JHU,0.7,fourier_country
BEN,2003,43,2003-10-20,2003-10-26,8.0399,0.2038,JHU,0.7,fourier_country
BEN,2003,44,2003-10-27,2003-11-02,8.9136,0.2259,JHU,0.7,fourier_country
BEN,2003,45,2003-11-03,2003-11-09,9.7886,0.2481,JHU,0.7,fourier_country
BEN,2003,46,2003-11-10,2003-11-16,10.6236,0.2693,JHU,0.7,fourier_country
BEN,2003,47,2003-11-17,2003-11-23,11.379,0.2884,JHU,0.7,fourier_country
BEN,2003,48,2003-11-24,2003-11-30,12.0187,0.3046,JHU,0.7,fourier_country
BEN,2003,49,2003-12-01,2003-12-07,12.5124,0.3171,JHU,0.7,fourier_country
BEN,2003,50,2003-12-08,2003-12-14,12.837,0.3254,JHU,0.7,fourier_country
BEN,2003,51,2003-12-15,2003-12-21,12.9779,0.3289,JHU,0.7,fourier_country
BEN,2003,52,2003-12-22,2003-12-28,12.9298,0.3277,JHU,0.7,fourier_country
BEN,2004,1,2003-12-29,2004-01-04,12.6973,0.3218,JHU,0.7,fourier_country
BEN,2004,2,2004-01-05,2004-01-11,18.1764,0.2548,JHU,0.7,fourier_country
BEN,2004,3,2004-01-12,2004-01-18,17.3605,0.2434,JHU,0.7,fourier_country
BEN,2004,4,2004-01-19,2004-01-25,16.3687,0.2295,JHU,0.7,fourier_country
BEN,2004,5,2004-01-26,2004-02-01,15.2526,0.2138,JHU,0.7,fourier_country
BEN,2004,6,2004-02-02,2004-02-08,14.0695,0.1972,JHU,0.7,fourier_country
BEN,2004,7,2004-02-09,2004-02-15,12.8785,0.1805,JHU,0.7,fourier_country
BEN,2004,8,2004-02-16,2004-02-22,11.7378,0.1645,JHU,0.7,fourier_country
BEN,2004,9,2004-02-23,2004-02-29,10.7009,0.15,JHU,0.7,fourier_country
BEN,2004,10,2004-03-01,2004-03-07,9.8141,0.1376,JHU,0.7,fourier_country
BEN,2004,11,2004-03-08,2004-03-14,9.1139,0.1278,JHU,0.7,fourier_country
BEN,2004,12,2004-03-15,2004-03-21,8.6249,0.1209,JHU,0.7,fourier_country
BEN,2004,13,2004-03-22,2004-03-28,8.359,0.1172,JHU,0.7,fourier_country
BEN,2004,14,2004-03-29,2004-04-04,8.3145,0.1166,JHU,0.7,fourier_country
BEN,2004,15,2004-04-05,2004-04-11,8.4769,0.1188,JHU,0.7,fourier_country
BEN,2004,16,2004-04-12,2004-04-18,8.8196,0.1236,JHU,0.7,fourier_country
BEN,2004,17,2004-04-19,2004-04-25,9.3059,0.1305,JHU,0.7,fourier_country
BEN,2004,18,2004-04-26,2004-05-02,9.8913,0.1387,JHU,0.7,fourier_country
BEN,2004,19,2004-05-03,2004-05-09,10.5265,0.1476,JHU,0.7,fourier_country
BEN,2004,20,2004-05-10,2004-05-16,11.1602,0.1565,JHU,0.7,fourier_country
BEN,2004,21,2004-05-17,2004-05-23,11.7424,0.1646,JHU,0.7,fourier_country
BEN,2004,22,2004-05-24,2004-05-30,12.2278,0.1714,JHU,0.7,fourier_country
BEN,2004,23,2004-05-31,2004-06-06,12.5781,0.1763,JHU,0.7,fourier_country
BEN,2004,24,2004-06-07,2004-06-13,12.7647,0.1789,JHU,0.7,fourier_country
BEN,2004,25,2004-06-14,2004-06-20,12.7703,0.179,JHU,0.7,fourier_country
BEN,2004,26,2004-06-21,2004-06-27,12.5902,0.1765,JHU,0.7,fourier_country
BEN,2004,27,2004-06-28,2004-07-04,12.2325,0.1715,JHU,0.7,fourier_country
BEN,2004,28,2004-07-05,2004-07-11,11.7177,0.1643,JHU,0.7,fourier_country
BEN,2004,29,2004-07-12,2004-07-18,11.0774,0.1553,JHU,0.7,fourier_country
BEN,2004,30,2004-07-19,2004-07-25,10.3528,0.1451,JHU,0.7,fourier_country
BEN,2004,31,2004-07-26,2004-08-01,9.5917,0.1345,JHU,0.7,fourier_country
BEN,2004,32,2004-08-02,2004-08-08,8.8461,0.124,JHU,0.7,fourier_country
BEN,2004,33,2004-08-09,2004-08-15,8.1688,0.1145,JHU,0.7,fourier_country
BEN,2004,34,2004-08-16,2004-08-22,7.6104,0.1067,JHU,0.7,fourier_country
BEN,2004,35,2004-08-23,2004-08-29,7.2161,0.1012,JHU,0.7,fourier_country
BEN,2004,36,2004-08-30,2004-09-05,7.0226,0.0984,JHU,0.7,fourier_country
BEN,2004,37,2004-09-06,2004-09-12,7.0565,0.0989,JHU,0.7,fourier_country
BEN,2004,38,2004-09-13,2004-09-19,7.3316,0.1028,JHU,0.7,fourier_country
BEN,2004,39,2004-09-20,2004-09-26,7.8486,0.11,JHU,0.7,fourier_country
BEN,2004,40,2004-09-27,2004-10-03,8.5945,0.1205,JHU,0.7,fourier_country
BEN,2004,41,2004-10-04,2004-10-10,9.5432,0.1338,JHU,0.7,fourier_country
BEN,2004,42,2004-10-11,2004-10-17,10.6566,0.1494,JHU,0.7,fourier_country
BEN,2004,43,2004-10-18,2004-10-24,11.8868,0.1666,JHU,0.7,fourier_country
BEN,2004,44,2004-10-25,2004-10-31,13.1786,0.1847,JHU,0.7,fourier_country
BEN,2004,45,2004-11-01,2004-11-07,14.4721,0.2029,JHU,0.7,fourier_country
BEN,2004,46,2004-11-08,2004-11-14,15.7066,0.2202,JHU,0.7,fourier_country
BEN,2004,47,2004-11-15,2004-11-21,16.8235,0.2358,JHU,0.7,fourier_country
BEN,2004,48,2004-11-22,2004-11-28,17.7693,0.2491,JHU,0.7,fourier_country
BEN,2004,49,2004-11-29,2004-12-05,18.4992,0.2593,JHU,0.7,fourier_country
BEN,2004,50,2004-12-06,2004-12-12,18.9791,0.2661,JHU,0.7,fourier_country
BEN,2004,51,2004-12-13,2004-12-19,19.1874,0.269,JHU,0.7,fourier_country
BEN,2004,52,2004-12-20,2004-12-26,19.1164,0.268,JHU,0.7,fourier_country
BEN,2004,53,2004-12-27,2005-01-02,19.1164,0.268,JHU,0.7,fourier_country
BEN,2005,1,2005-01-03,2005-01-09,21.9014,0.3216,JHU,0.7,fourier_country
BEN,2005,2,2005-01-10,2005-01-16,21.2058,0.3114,JHU,0.7,fourier_country
BEN,2005,3,2005-01-17,2005-01-23,20.2539,0.2975,JHU,0.7,fourier_country
BEN,2005,4,2005-01-24,2005-01-30,19.0968,0.2805,JHU,0.7,fourier_country
BEN,2005,5,2005-01-31,2005-02-06,17.7947,0.2613,JHU,0.7,fourier_country
BEN,2005,6,2005-02-07,2005-02-13,16.4144,0.2411,JHU,0.7,fourier_country
BEN,2005,7,2005-02-14,2005-02-20,15.025,0.2207,JHU,0.7,fourier_country
BEN,2005,8,2005-02-21,2005-02-27,13.6941,0.2011,JHU,0.7,fourier_country
BEN,2005,9,2005-02-28,2005-03-06,12.4844,0.1833,JHU,0.7,fourier_country
BEN,2005,10,2005-03-07,2005-03-13,11.4498,0.1682,JHU,0.7,fourier_country
BEN,2005,11,2005-03-14,2005-03-20,10.6329,0.1562,JHU,0.7,fourier_country
BEN,2005,12,2005-03-21,2005-03-27,10.0624,0.1478,JHU,0.7,fourier_country
BEN,2005,13,2005-03-28,2005-04-03,9.7522,0.1432,JHU,0.7,fourier_country
BEN,2005,14,2005-04-04,2005-04-10,9.7003,0.1425,JHU,0.7,fourier_country
BEN,2005,15,2005-04-11,2005-04-17,9.8897,0.1452,JHU,0.7,fourier_country
BEN,2005,16,2005-04-18,2005-04-24,10.2895,0.1511,JHU,0.7,fourier_country
BEN,2005,17,2005-04-25,2005-05-01,10.8569,0.1594,JHU,0.7,fourier_country
BEN,2005,18,2005-05-02,2005-05-08,11.5399,0.1695,JHU,0.7,fourier_country
BEN,2005,19,2005-05-09,2005-05-15,12.2809,0.1804,JHU,0.7,fourier_country
BEN,2005,20,2005-05-16,2005-05-22,13.0202,0.1912,JHU,0.7,fourier_country
BEN,2005,21,2005-05-23,2005-05-29,13.6995,0.2012,JHU,0.7,fourier_country
BEN,2005,22,2005-05-30,2005-06-05,14.2658,0.2095,JHU,0.7,fourier_country
BEN,2005,23,2005-06-06,2005-06-12,14.6745,0.2155,JHU,0.7,fourier_country
BEN,2005,24,2005-06-13,2005-06-19,14.8921,0.2187,JHU,0.7,fourier_country
BEN,2005,25,2005-06-20,2005-06-26,14.8987,0.2188,JHU,0.7,fourier_country
BEN,2005,26,2005-06-27,2005-07-03,14.6885,0.2157,JHU,0.7,fourier_country
BEN,2005,27,2005-07-04,2005-07-10,14.2712,0.2096,JHU,0.7,fourier_country
BEN,2005,28,2005-07-11,2005-07-17,13.6706,0.2008,JHU,0.7,fourier_country
BEN,2005,29,2005-07-18,2005-07-24,12.9236,0.1898,JHU,0.7,fourier_country
BEN,2005,30,2005-07-25,2005-07-31,12.0782,0.1774,JHU,0.7,fourier_country
BEN,2005,31,2005-08-01,2005-08-07,11.1903,0.1643,JHU,0.7,fourier_country
BEN,2005,32,2005-08-08,2005-08-14,10.3204,0.1516,JHU,0.7,fourier_country
BEN,2005,33,2005-08-15,2005-08-21,9.5303,0.14,JHU,0.7,fourier_country
BEN,2005,34,2005-08-22,2005-08-28,8.8788,0.1304,JHU,0.7,fourier_country
BEN,2005,35,2005-08-29,2005-09-04,8.4187,0.1236,JHU,0.7,fourier_country
BEN,2005,36,2005-09-05,2005-09-11,8.1931,0.1203,JHU,0.7,fourier_country
BEN,2005,37,2005-09-12,2005-09-18,8.2325,0.1209,JHU,0.7,fourier_country
BEN,2005,38,2005-09-19,2005-09-25,34.5383,0.3084,JHU,0.665,fourier_country
BEN,2005,39,2005-09-26,2005-10-02,36.9739,0.3301,JHU,0.665,fourier_country
BEN,2005,40,2005-10-03,2005-10-09,40.4878,0.3615,JHU,0.665,fourier_country
BEN,2005,41,2005-10-10,2005-10-16,11.1337,0.1635,JHU,0.7,fourier_country
BEN,2005,42,2005-10-17,2005-10-23,12.4327,0.1826,JHU,0.7,fourier_country
BEN,2005,43,2005-10-24,2005-10-30,13.8679,0.2037,JHU,0.7,fourier_country
BEN,2005,44,2005-10-31,2005-11-06,15.375,0.2258,JHU,0.7,fourier_country
BEN,2005,45,2005-11-07,2005-11-13,16.8841,0.248,JHU,0.7,fourier_country
BEN,2005,46,2005-11-14,2005-11-20,18.3244,0.2691,JHU,0.7,fourier_country
BEN,2005,47,2005-11-21,2005-11-27,19.6274,0.2883,JHU,0.7,fourier_country
BEN,2005,48,2005-11-28,2005-12-04,20.7309,0.3045,JHU,0.7,fourier_country
BEN,2005,49,2005-12-05,2005-12-11,21.5824,0.317,JHU,0.7,fourier_country
BEN,2005,50,2005-12-12,2005-12-18,22.1423,0.3252,JHU,0.7,fourier_country
BEN,2005,51,2005-12-19,2005-12-25,22.3853,0.3288,JHU,0.7,fourier_country
BEN,2005,52,2005-12-26,2006-01-01,22.3025,0.3275,JHU,0.7,fourier_country
BEN,2006,1,2006-01-02,2006-01-08,2.6609,0.0292,JHU,0.7,fourier_country
BEN,2006,2,2006-01-09,2006-01-15,2.5764,0.0283,JHU,0.7,fourier_country
BEN,2006,3,2006-01-16,2006-01-22,2.4608,0.027,JHU,0.7,fourier_country
BEN,2006,4,2006-01-23,2006-01-29,2.3202,0.0255,JHU,0.7,fourier_country
BEN,2006,5,2006-01-30,2006-02-05,2.162,0.0238,JHU,0.7,fourier_country
BEN,2006,6,2006-02-06,2006-02-12,1.9943,0.0219,JHU,0.7,fourier_country
BEN,2006,7,2006-02-13,2006-02-19,1.8255,0.0201,JHU,0.7,fourier_country
BEN,2006,8,2006-02-20,2006-02-26,1.6638,0.0183,JHU,0.7,fourier_country
BEN,2006,9,2006-02-27,2006-03-05,1.5168,0.0167,JHU,0.7,fourier_country
BEN,2006,10,2006-03-06,2006-03-12,1.3911,0.0153,JHU,0.7,fourier_country
BEN,2006,11,2006-03-13,2006-03-19,1.2918,0.0142,JHU,0.7,fourier_country
BEN,2006,12,2006-03-20,2006-03-26,1.2225,0.0134,JHU,0.7,fourier_country
BEN,2006,13,2006-03-27,2006-04-02,1.1848,0.013,JHU,0.7,fourier_country
BEN,2006,14,2006-04-03,2006-04-09,1.1785,0.013,JHU,0.7,fourier_country
BEN,2006,15,2006-04-10,2006-04-16,1.2016,0.0132,JHU,0.7,fourier_country
BEN,2006,16,2006-04-17,2006-04-23,1.2501,0.0137,JHU,0.7,fourier_country
BEN,2006,17,2006-04-24,2006-04-30,1.3191,0.0145,JHU,0.7,fourier_country
BEN,2006,18,2006-05-01,2006-05-07,1.402,0.0154,JHU,0.7,fourier_country
BEN,2006,19,2006-05-08,2006-05-14,1.4921,0.0164,JHU,0.7,fourier_country
BEN,2006,20,2006-05-15,2006-05-21,1.5819,0.0174,JHU,0.7,fourier_country
BEN,2006,21,2006-05-22,2006-05-28,1.6644,0.0183,JHU,0.7,fourier_country
BEN,2006,22,2006-05-29,2006-06-04,1.7332,0.019,JHU,0.7,fourier_country
BEN,2006,23,2006-06-05,2006-06-11,1.7829,0.0196,JHU,0.7,fourier_country
BEN,2006,24,2006-06-12,2006-06-18,1.8093,0.0199,JHU,0.7,fourier_country
BEN,2006,25,2006-06-19,2006-06-25,1.8101,0.0199,JHU,0.7,fourier_country
BEN,2006,26,2006-06-26,2006-07-02,1.7846,0.0196,JHU,0.7,fourier_country
BEN,2006,27,2006-07-03,2006-07-09,1.7339,0.0191,JHU,0.7,fourier_country
BEN,2006,28,2006-07-10,2006-07-16,1.6609,0.0183,JHU,0.7,fourier_country
BEN,2006,29,2006-07-17,2006-07-23,1.5702,0.0173,JHU,0.7,fourier_country
BEN,2006,30,2006-07-24,2006-07-30,1.4674,0.0161,JHU,0.7,fourier_country
BEN,2006,31,2006-07-31,2006-08-06,1.3596,0.0149,JHU,0.7,fourier_country
BEN,2006,32,2006-08-07,2006-08-13,1.2539,0.0138,JHU,0.7,fourier_country
BEN,2006,33,2006-08-14,2006-08-20,1.1579,0.0127,JHU,0.7,fourier_country
BEN,2006,34,2006-08-21,2006-08-27,1.0787,0.0119,JHU,0.7,fourier_country
BEN,2006,35,2006-08-28,2006-09-03,1.0228,0.0112,JHU,0.7,fourier_country
BEN,2006,36,2006-09-04,2006-09-10,0.9954,0.0109,JHU,0.7,fourier_country
BEN,2006,37,2006-09-11,2006-09-17,1.0002,0.011,JHU,0.7,fourier_country
BEN,2006,38,2006-09-18,2006-09-24,1.0392,0.0114,JHU,0.7,fourier_country
BEN,2006,39,2006-09-25,2006-10-01,1.1125,0.0122,JHU,0.7,fourier_country
BEN,2006,40,2006-10-02,2006-10-08,1.2182,0.0134,JHU,0.7,fourier_country
BEN,2006,41,2006-10-09,2006-10-15,1.3527,0.0149,JHU,0.7,fourier_country
BEN,2006,42,2006-10-16,2006-10-22,1.5105,0.0166,JHU,0.7,fourier_country
BEN,2006,43,2006-10-23,2006-10-29,1.6849,0.0185,JHU,0.7,fourier_country
BEN,2006,44,2006-10-30,2006-11-05,1.868,0.0205,JHU,0.7,fourier_country
BEN,2006,45,2006-11-06,2006-11-12,2.0513,0.0225,JHU,0.7,fourier_country
BEN,2006,46,2006-11-13,2006-11-19,2.2263,0.0245,JHU,0.7,fourier_country
BEN,2006,47,2006-11-20,2006-11-26,2.3846,0.0262,JHU,0.7,fourier_country
BEN,2006,48,2006-11-27,2006-12-03,2.5187,0.0277,JHU,0.7,fourier_country
BEN,2006,49,2006-12-04,2006-12-10,2.6222,0.0288,JHU,0.7,fourier_country
BEN,2006,50,2006-12-11,2006-12-17,2.6902,0.0296,JHU,0.7,fourier_country
BEN,2006,51,2006-12-18,2006-12-24,2.7197,0.0299,JHU,0.7,fourier_country
BEN,2006,52,2006-12-25,2006-12-31,2.7096,0.0298,JHU,0.7,fourier_country
BEN,2008,1,2007-12-31,2008-01-06,28.8177,0.1463,JHU,0.7,fourier_country
BEN,2008,2,2008-01-07,2008-01-13,27.9024,0.1416,JHU,0.7,fourier_country
BEN,2008,3,2008-01-14,2008-01-20,26.65,0.1353,JHU,0.7,fourier_country
BEN,2008,4,2008-01-21,2008-01-27,25.1274,0.1276,JHU,0.7,fourier_country
BEN,2008,5,2008-01-28,2008-02-03,23.4141,0.1189,JHU,0.7,fourier_country
BEN,2008,6,2008-02-04,2008-02-10,21.5979,0.1096,JHU,0.7,fourier_country
BEN,2008,7,2008-02-11,2008-02-17,19.7697,0.1004,JHU,0.7,fourier_country
BEN,2008,8,2008-02-18,2008-02-24,18.0186,0.0915,JHU,0.7,fourier_country
BEN,2008,9,2008-02-25,2008-03-02,16.4269,0.0834,JHU,0.7,fourier_country
BEN,2008,10,2008-03-03,2008-03-09,15.0656,0.0765,JHU,0.7,fourier_country
BEN,2008,11,2008-03-10,2008-03-16,13.9906,0.071,JHU,0.7,fourier_country
BEN,2008,12,2008-03-17,2008-03-23,13.24,0.0672,JHU,0.7,fourier_country
BEN,2008,13,2008-03-24,2008-03-30,12.8318,0.0651,JHU,0.7,fourier_country
BEN,2008,14,2008-03-31,2008-04-06,12.7636,0.0648,JHU,0.7,fourier_country
BEN,2008,15,2008-04-07,2008-04-13,13.0128,0.0661,JHU,0.7,fourier_country
BEN,2008,16,2008-04-14,2008-04-20,13.5389,0.0687,JHU,0.7,fourier_country
BEN,2008,17,2008-04-21,2008-04-27,14.2854,0.0725,JHU,0.7,fourier_country
BEN,2008,18,2008-04-28,2008-05-04,15.1841,0.0771,JHU,0.7,fourier_country
BEN,2008,19,2008-05-05,2008-05-11,16.1591,0.082,JHU,0.7,fourier_country
BEN,2008,20,2008-05-12,2008-05-18,17.1319,0.087,JHU,0.7,fourier_country
BEN,2008,21,2008-05-19,2008-05-25,18.0257,0.0915,JHU,0.7,fourier_country
BEN,2008,22,2008-05-26,2008-06-01,18.7708,0.0953,JHU,0.7,fourier_country
BEN,2008,23,2008-06-02,2008-06-08,19.3085,0.098,JHU,0.7,fourier_country
BEN,2008,24,2008-06-09,2008-06-15,19.5949,0.0995,JHU,0.7,fourier_country
BEN,2008,25,2008-06-16,2008-06-22,19.6035,0.0995,JHU,0.7,fourier_country
BEN,2008,26,2008-06-23,2008-06-29,19.3271,0.0981,JHU,0.7,fourier_country
BEN,2008,27,2008-06-30,2008-07-06,15.2934,,JHU,0.665,fourier_country
BEN,2008,28,2008-07-07,2008-07-13,14.6498,,JHU,0.665,fourier_country
BEN,2008,29,2008-07-14,2008-07-20,13.8493,,JHU,0.665,fourier_country
BEN,2008,30,2008-07-21,2008-07-27,12.9433,,JHU,0.665,fourier_country
BEN,2008,31,2008-07-28,2008-08-03,11.9918,,JHU,0.665,fourier_country
BEN,2008,32,2008-08-04,2008-08-10,11.0596,,JHU,0.665,fourier_country
BEN,2008,33,2008-08-11,2008-08-17,10.2129,,JHU,0.665,fourier_country
BEN,2008,34,2008-08-18,2008-08-24,11.6827,0.0593,JHU,0.7,fourier_country
BEN,2008,35,2008-08-25,2008-08-31,11.0773,0.0562,JHU,0.7,fourier_country
BEN,2008,36,2008-09-01,2008-09-07,10.7804,0.0547,JHU,0.7,fourier_country
BEN,2008,37,2008-09-08,2008-09-14,10.8323,0.055,JHU,0.7,fourier_country
BEN,2008,38,2008-09-15,2008-09-21,11.2546,0.0571,JHU,0.7,fourier_country
BEN,2008,39,2008-09-22,2008-09-28,12.0483,0.0612,JHU,0.7,fourier_country
BEN,2008,40,2008-09-29,2008-10-05,13.1933,0.067,JHU,0.7,fourier_country
BEN,2008,41,2008-10-06,2008-10-12,14.6496,0.0744,JHU,0.7,fourier_country
BEN,2008,42,2008-10-13,2008-10-19,16.3588,0.083,JHU,0.7,fourier_country
BEN,2008,43,2008-10-20,2008-10-26,18.2473,0.0926,JHU,0.7,fourier_country
BEN,2008,44,2008-10-27,2008-11-02,20.2303,0.1027,JHU,0.7,fourier_country
BEN,2008,45,2008-11-03,2008-11-09,22.216,0.1128,JHU,0.7,fourier_country
BEN,2008,46,2008-11-10,2008-11-16,24.1111,0.1224,JHU,0.7,fourier_country
BEN,2008,47,2008-11-17,2008-11-23,25.8255,0.1311,JHU,0.7,fourier_country
BEN,2008,48,2008-11-24,2008-11-30,27.2775,0.1385,JHU,0.7,fourier_country
BEN,2008,49,2008-12-01,2008-12-07,28.398,0.1442,JHU,0.7,fourier_country
BEN,2008,50,2008-12-08,2008-12-14,29.1346,0.1479,JHU,0.7,fourier_country
BEN,2008,51,2008-12-15,2008-12-21,29.4544,0.1495,JHU,0.7,fourier_country
BEN,2008,52,2008-12-22,2008-12-28,29.3454,0.149,JHU,0.7,fourier_country
BEN,2009,1,2008-12-29,2009-01-04,28.8177,0.1463,JHU,0.7,fourier_country
BEN,2009,2,2009-01-05,2009-01-11,2.0951,0.0283,JHU,0.7,fourier_country
BEN,2009,3,2009-01-12,2009-01-18,2.0011,0.027,JHU,0.7,fourier_country
BEN,2009,4,2009-01-19,2009-01-25,1.8867,0.0255,JHU,0.7,fourier_country
BEN,2009,5,2009-01-26,2009-02-01,1.7581,0.0238,JHU,0.7,fourier_country
BEN,2009,6,2009-02-02,2009-02-08,1.6217,0.0219,JHU,0.7,fourier_country
BEN,2009,7,2009-02-09,2009-02-15,1.4844,0.0201,JHU,0.7,fourier_country
BEN,2009,8,2009-02-16,2009-02-22,1.353,0.0183,JHU,0.7,fourier_country
BEN,2009,9,2009-02-23,2009-03-01,1.2334,0.0167,JHU,0.7,fourier_country
BEN,2009,10,2009-03-02,2009-03-08,1.1312,0.0153,JHU,0.7,fourier_country
BEN,2009,11,2009-03-09,2009-03-15,1.0505,0.0142,JHU,0.7,fourier_country
BEN,2009,12,2009-03-16,2009-03-22,0.9941,0.0134,JHU,0.7,fourier_country
BEN,2009,13,2009-03-23,2009-03-29,0.9635,0.013,JHU,0.7,fourier_country
BEN,2009,14,2009-03-30,2009-04-05,0.9584,0.013,JHU,0.7,fourier_country
BEN,2009,15,2009-04-06,2009-04-12,0.9771,0.0132,JHU,0.7,fourier_country
BEN,2009,16,2009-04-13,2009-04-19,1.0166,0.0137,JHU,0.7,fourier_country
BEN,2009,17,2009-04-20,2009-04-26,1.0726,0.0145,JHU,0.7,fourier_country
BEN,2009,18,2009-04-27,2009-05-03,1.1401,0.0154,JHU,0.7,fourier_country
BEN,2009,19,2009-05-04,2009-05-10,1.2133,0.0164,JHU,0.7,fourier_country
BEN,2009,20,2009-05-11,2009-05-17,1.2864,0.0174,JHU,0.7,fourier_country
BEN,2009,21,2009-05-18,2009-05-24,1.3535,0.0183,JHU,0.7,fourier_country
BEN,2009,22,2009-05-25,2009-05-31,1.4094,0.019,JHU,0.7,fourier_country
BEN,2009,23,2009-06-01,2009-06-07,1.4498,0.0196,JHU,0.7,fourier_country
BEN,2009,24,2009-06-08,2009-06-14,1.4713,0.0199,JHU,0.7,fourier_country
BEN,2009,25,2009-06-15,2009-06-21,1.472,0.0199,JHU,0.7,fourier_country
BEN,2009,26,2009-06-22,2009-06-28,1.4512,0.0196,JHU,0.7,fourier_country
BEN,2009,27,2009-06-29,2009-07-05,1.41,0.0191,JHU,0.7,fourier_country
BEN,2009,28,2009-07-06,2009-07-12,1.3506,0.0183,JHU,0.7,fourier_country
BEN,2009,29,2009-07-13,2009-07-19,1.2768,0.0173,JHU,0.7,fourier_country
BEN,2009,30,2009-07-20,2009-07-26,1.1933,0.0161,JHU,0.7,fourier_country
BEN,2009,31,2009-07-27,2009-08-02,1.1056,0.0149,JHU,0.7,fourier_country
BEN,2009,32,2009-08-03,2009-08-09,1.0196,0.0138,JHU,0.7,fourier_country
BEN,2009,33,2009-08-10,2009-08-16,0.9416,0.0127,JHU,0.7,fourier_country
BEN,2009,34,2009-08-17,2009-08-23,0.8772,0.0119,JHU,0.7,fourier_country
BEN,2009,35,2009-08-24,2009-08-30,0.8318,0.0112,JHU,0.7,fourier_country
BEN,2009,36,2009-08-31,2009-09-06,0.8095,0.0109,JHU,0.7,fourier_country
BEN,2009,37,2009-09-07,2009-09-13,0.8134,0.011,JHU,0.7,fourier_country
BEN,2009,38,2009-09-14,2009-09-20,0.8451,0.0114,JHU,0.7,fourier_country
BEN,2009,39,2009-09-21,2009-09-27,0.9047,0.0122,JHU,0.7,fourier_country
BEN,2009,40,2009-09-28,2009-10-04,0.9906,0.0134,JHU,0.7,fourier_country
BEN,2009,41,2009-10-05,2009-10-11,1.1,0.0149,JHU,0.7,fourier_country
BEN,2009,42,2009-10-12,2009-10-18,1.2283,0.0166,JHU,0.7,fourier_country
BEN,2009,43,2009-10-19,2009-10-25,1.3701,0.0185,JHU,0.7,fourier_country
BEN,2009,44,2009-10-26,2009-11-01,1.519,0.0205,JHU,0.7,fourier_country
BEN,2009,45,2009-11-02,2009-11-08,1.6681,0.0225,JHU,0.7,fourier_country
BEN,2009,46,2009-11-09,2009-11-15,1.8104,0.0245,JHU,0.7,fourier_country
BEN,2009,47,2009-11-16,2009-11-22,1.9392,0.0262,JHU,0.7,fourier_country
BEN,2009,48,2009-11-23,2009-11-29,2.0482,0.0277,JHU,0.7,fourier_country
BEN,2009,49,2009-11-30,2009-12-06,2.1323,0.0288,JHU,0.7,fourier_country
BEN,2009,50,2009-12-07,2009-12-13,2.1876,0.0296,JHU,0.7,fourier_country
BEN,2009,51,2009-12-14,2009-12-20,2.2116,0.0299,JHU,0.7,fourier_country
BEN,2009,52,2009-12-21,2009-12-27,2.2034,0.0298,JHU,0.7,fourier_country
BEN,2009,53,2009-12-28,2010-01-03,2.2034,0.0298,JHU,0.7,fourier_country
BEN,2010,1,2010-01-04,2010-01-10,28.7438,0.2339,JHU,0.7,fourier_country
BEN,2010,2,2010-01-11,2010-01-17,27.8308,0.2265,JHU,0.7,fourier_country
BEN,2010,3,2010-01-18,2010-01-24,26.5816,0.2163,JHU,0.7,fourier_country
BEN,2010,4,2010-01-25,2010-01-31,25.0629,0.204,JHU,0.7,fourier_country
BEN,2010,5,2010-02-01,2010-02-07,23.354,0.1901,JHU,0.7,fourier_country
BEN,2010,6,2010-02-08,2010-02-14,21.5425,0.1753,JHU,0.7,fourier_country
BEN,2010,7,2010-02-15,2010-02-21,19.719,0.1605,JHU,0.7,fourier_country
BEN,2010,8,2010-02-22,2010-02-28,17.9724,0.1463,JHU,0.7,fourier_country
BEN,2010,9,2010-03-01,2010-03-07,16.3847,0.1333,JHU,0.7,fourier_country
BEN,2010,10,2010-03-08,2010-03-14,15.0269,0.1223,JHU,0.7,fourier_country
BEN,2010,11,2010-03-15,2010-03-21,13.9548,0.1136,JHU,0.7,fourier_country
BEN,2010,12,2010-03-22,2010-03-28,13.2061,0.1075,JHU,0.7,fourier_country
BEN,2010,13,2010-03-29,2010-04-04,12.7989,0.1042,JHU,0.7,fourier_country
BEN,2010,14,2010-04-05,2010-04-11,12.7308,0.1036,JHU,0.7,fourier_country
BEN,2010,15,2010-04-12,2010-04-18,12.9795,0.1056,JHU,0.7,fourier_country
BEN,2010,16,2010-04-19,2010-04-25,13.5042,0.1099,JHU,0.7,fourier_country
BEN,2010,17,2010-04-26,2010-05-02,14.2487,0.116,JHU,0.7,fourier_country
BEN,2010,18,2010-05-03,2010-05-09,15.1451,0.1233,JHU,0.7,fourier_country
BEN,2010,19,2010-05-10,2010-05-16,16.1177,0.1312,JHU,0.7,fourier_country
BEN,2010,20,2010-05-17,2010-05-23,17.0879,0.1391,JHU,0.7,fourier_country
BEN,2010,21,2010-05-24,2010-05-30,17.9795,0.1463,JHU,0.7,fourier_country
BEN,2010,22,2010-05-31,2010-06-06,18.7227,0.1524,JHU,0.7,fourier_country
BEN,2010,23,2010-06-07,2010-06-13,19.259,0.1567,JHU,0.7,fourier_country
BEN,2010,24,2010-06-14,2010-06-20,19.5447,0.1591,JHU,0.7,fourier_country
BEN,2010,25,2010-06-21,2010-06-27,19.5532,0.1591,JHU,0.7,fourier_country
BEN,2010,26,2010-06-28,2010-07-04,19.2775,0.1569,JHU,0.7,fourier_country
BEN,2010,27,2010-07-05,2010-07-11,18.7298,0.1524,JHU,0.7,fourier_country
BEN,2010,28,2010-07-12,2010-07-18,17.9415,0.146,JHU,0.7,fourier_country
BEN,2010,29,2010-07-19,2010-07-25,16.9612,0.138,JHU,0.7,fourier_country
BEN,2010,30,2010-07-26,2010-08-01,15.8517,0.129,JHU,0.7,fourier_country
BEN,2010,31,2010-08-02,2010-08-08,14.6863,0.1195,JHU,0.7,fourier_country
BEN,2010,32,2010-08-09,2010-08-15,13.5447,0.1102,JHU,0.7,fourier_country
BEN,2010,33,2010-08-16,2010-08-22,12.5077,0.1018,JHU,0.7,fourier_country
BEN,2010,34,2010-08-23,2010-08-29,11.6527,0.0948,JHU,0.7,fourier_country
BEN,2010,35,2010-08-30,2010-09-05,11.0489,0.0899,JHU,0.7,fourier_country
BEN,2010,36,2010-09-06,2010-09-12,10.7527,0.0875,JHU,0.7,fourier_country
BEN,2010,37,2010-09-13,2010-09-19,10.8045,0.0879,JHU,0.7,fourier_country
BEN,2010,38,2010-09-20,2010-09-26,11.2257,0.0914,JHU,0.7,fourier_country
BEN,2010,39,2010-09-27,2010-10-03,12.0173,0.0978,JHU,0.7,fourier_country
BEN,2010,40,2010-10-04,2010-10-10,13.1595,0.1071,JHU,0.7,fourier_country
BEN,2010,41,2010-10-11,2010-10-17,14.612,0.1189,JHU,0.7,fourier_country
BEN,2010,42,2010-10-18,2010-10-24,16.3168,0.1328,JHU,0.7,fourier_country
BEN,2010,43,2010-10-25,2010-10-31,18.2005,0.1481,JHU,0.7,fourier_country
BEN,2010,44,2010-11-01,2010-11-07,20.1784,0.1642,JHU,0.7,fourier_country
BEN,2010,45,2010-11-08,2010-11-14,22.159,0.1803,JHU,0.7,fourier_country
BEN,2010,46,2010-11-15,2010-11-21,24.0493,0.1957,JHU,0.7,fourier_country
BEN,2010,47,2010-11-22,2010-11-28,25.7593,0.2096,JHU,0.7,fourier_country
BEN,2010,48,2010-11-29,2010-12-05,27.2075,0.2214,JHU,0.7,fourier_country
BEN,2010,49,2010-12-06,2010-12-12,28.3252,0.2305,JHU,0.7,fourier_country
BEN,2010,50,2010-12-13,2010-12-19,29.0599,0.2365,JHU,0.7,fourier_country
BEN,2010,51,2010-12-20,2010-12-26,29.3788,0.2391,JHU,0.7,fourier_country
BEN,2010,52,2010-12-27,2011-01-02,29.2701,0.2382,JHU,0.7,fourier_country
BEN,2011,1,2011-01-03,2011-01-09,22.0768,0.117,JHU,0.7,fourier_country
BEN,2011,2,2011-01-10,2011-01-16,21.3757,0.1132,JHU,0.7,fourier_country
BEN,2011,3,2011-01-17,2011-01-23,20.4162,0.1082,JHU,0.7,fourier_country
BEN,2011,4,2011-01-24,2011-01-30,19.2497,0.102,JHU,0.7,fourier_country
BEN,2011,5,2011-01-31,2011-02-06,17.9372,0.095,JHU,0.7,fourier_country
BEN,2011,6,2011-02-07,2011-02-13,16.5459,0.0877,JHU,0.7,fourier_country
BEN,2011,7,2011-02-14,2011-02-20,15.1453,0.0802,JHU,0.7,fourier_country
BEN,2011,8,2011-02-21,2011-02-27,13.8038,0.0731,JHU,0.7,fourier_country
BEN,2011,9,2011-02-28,2011-03-06,12.5844,0.0667,JHU,0.7,fourier_country
BEN,2011,10,2011-03-07,2011-03-13,11.5415,0.0611,JHU,0.7,fourier_country
BEN,2011,11,2011-03-14,2011-03-20,10.718,0.0568,JHU,0.7,fourier_country
BEN,2011,12,2011-03-21,2011-03-27,10.143,0.0537,JHU,0.7,fourier_country
BEN,2011,13,2011-03-28,2011-04-03,9.8303,0.0521,JHU,0.7,fourier_country
BEN,2011,14,2011-04-04,2011-04-10,9.778,0.0518,JHU,0.7,fourier_country
BEN,2011,15,2011-04-11,2011-04-17,9.969,0.0528,JHU,0.7,fourier_country
BEN,2011,16,2011-04-18,2011-04-24,10.372,0.055,JHU,0.7,fourier_country
BEN,2011,17,2011-04-25,2011-05-01,10.9438,0.058,JHU,0.7,fourier_country
BEN,2011,18,2011-05-02,2011-05-08,11.6323,0.0616,JHU,0.7,fourier_country
BEN,2011,19,2011-05-09,2011-05-15,12.3793,0.0656,JHU,0.7,fourier_country
BEN,2011,20,2011-05-16,2011-05-22,13.1245,0.0695,JHU,0.7,fourier_country
BEN,2011,21,2011-05-23,2011-05-29,13.8093,0.0732,JHU,0.7,fourier_country
BEN,2011,22,2011-05-30,2011-06-05,14.3801,0.0762,JHU,0.7,fourier_country
BEN,2011,23,2011-06-06,2011-06-12,14.792,0.0784,JHU,0.7,fourier_country
BEN,2011,24,2011-06-13,2011-06-19,15.0114,0.0795,JHU,0.7,fourier_country
BEN,2011,25,2011-06-20,2011-06-26,15.018,0.0796,JHU,0.7,fourier_country
BEN,2011,26,2011-06-27,2011-07-03,14.8062,0.0784,JHU,0.7,fourier_country
BEN,2011,27,2011-07-04,2011-07-10,14.3855,0.0762,JHU,0.7,fourier_country
BEN,2011,28,2011-07-11,2011-07-17,13.7801,0.073,JHU,0.7,fourier_country
BEN,2011,29,2011-07-18,2011-07-24,13.0272,0.069,JHU,0.7,fourier_country
BEN,2011,30,2011-07-25,2011-07-31,12.175,0.0645,JHU,0.7,fourier_country
BEN,2011,31,2011-08-01,2011-08-07,11.2799,0.0598,JHU,0.7,fourier_country
BEN,2011,32,2011-08-08,2011-08-14,10.4031,0.0551,JHU,0.7,fourier_country
BEN,2011,33,2011-08-15,2011-08-21,9.6066,0.0509,JHU,0.7,fourier_country
BEN,2011,34,2011-08-22,2011-08-28,8.9499,0.0474,JHU,0.7,fourier_country
BEN,2011,35,2011-08-29,2011-09-04,8.4862,0.045,JHU,0.7,fourier_country
BEN,2011,36,2011-09-05,2011-09-11,8.2587,0.0438,JHU,0.7,fourier_country
BEN,2011,37,2011-09-12,2011-09-18,8.2985,0.044,JHU,0.7,fourier_country
BEN,2011,38,2011-09-19,2011-09-25,8.622,0.0457,JHU,0.7,fourier_country
BEN,2011,39,2011-09-26,2011-10-02,9.23,0.0489,JHU,0.7,fourier_country
BEN,2011,40,2011-10-03,2011-10-09,10.1072,0.0535,JHU,0.7,fourier_country
BEN,2011,41,2011-10-10,2011-10-16,11.2229,0.0595,JHU,0.7,fourier_country
BEN,2011,42,2011-10-17,2011-10-23,12.5323,0.0664,JHU,0.7,fourier_country
BEN,2011,43,2011-10-24,2011-10-30,13.979,0.0741,JHU,0.7,fourier_country
BEN,2011,44,2011-10-31,2011-11-06,15.4981,0.0821,JHU,0.7,fourier_country
BEN,2011,45,2011-11-07,2011-11-13,17.0194,0.0902,JHU,0.7,fourier_country
BEN,2011,46,2011-11-14,2011-11-20,18.4712,0.0979,JHU,0.7,fourier_country
BEN,2011,47,2011-11-21,2011-11-27,19.7846,0.1048,JHU,0.7,fourier_country
BEN,2011,48,2011-11-28,2011-12-04,20.8969,0.1107,JHU,0.7,fourier_country
BEN,2011,49,2011-12-05,2011-12-11,21.7553,0.1153,JHU,0.7,fourier_country
BEN,2011,50,2011-12-12,2011-12-18,22.3197,0.1182,JHU,0.7,fourier_country
BEN,2011,51,2011-12-19,2011-12-25,22.5646,0.1195,JHU,0.7,fourier_country
BEN,2011,52,2011-12-26,2012-01-01,22.4811,0.1191,JHU,0.7,fourier_country
BEN,2012,1,2012-01-02,2012-01-08,17.7563,0.0852,JHU,0.7,fourier_country
BEN,2012,2,2012-01-09,2012-01-15,17.1924,0.0825,JHU,0.7,fourier_country
BEN,2012,3,2012-01-16,2012-01-22,16.4207,0.0788,JHU,0.7,fourier_country
BEN,2012,4,2012-01-23,2012-01-29,15.4825,0.0743,JHU,0.7,fourier_country
BEN,2012,5,2012-01-30,2012-02-05,14.4269,0.0692,JHU,0.7,fourier_country
BEN,2012,6,2012-02-06,2012-02-12,13.3078,0.0639,JHU,0.7,fourier_country
BEN,2012,7,2012-02-13,2012-02-19,12.1813,0.0585,JHU,0.7,fourier_country
BEN,2012,8,2012-02-20,2012-02-26,11.1024,0.0533,JHU,0.7,fourier_country
BEN,2012,9,2012-02-27,2012-03-04,10.1216,0.0486,JHU,0.7,fourier_country
BEN,2012,10,2012-03-05,2012-03-11,9.2828,0.0446,JHU,0.7,fourier_country
BEN,2012,11,2012-03-12,2012-03-18,8.6205,0.0414,JHU,0.7,fourier_country
BEN,2012,12,2012-03-19,2012-03-25,8.158,0.0392,JHU,0.7,fourier_country
BEN,2012,13,2012-03-26,2012-04-01,7.9065,0.038,JHU,0.7,fourier_country
BEN,2012,14,2012-04-02,2012-04-08,7.8644,0.0377,JHU,0.7,fourier_country
BEN,2012,15,2012-04-09,2012-04-15,8.018,0.0385,JHU,0.7,fourier_country
BEN,2012,16,2012-04-16,2012-04-22,8.3421,0.04,JHU,0.7,fourier_country
BEN,2012,17,2012-04-23,2012-04-29,8.8021,0.0423,JHU,0.7,fourier_country
BEN,2012,18,2012-04-30,2012-05-06,9.3558,0.0449,JHU,0.7,fourier_country
BEN,2012,19,2012-05-07,2012-05-13,9.9566,0.0478,JHU,0.7,fourier_country
BEN,2012,20,2012-05-14,2012-05-20,10.556,0.0507,JHU,0.7,fourier_country
BEN,2012,21,2012-05-21,2012-05-27,11.1067,0.0533,JHU,0.7,fourier_country
BEN,2012,22,2012-05-28,2012-06-03,11.5659,0.0555,JHU,0.7,fourier_country
BEN,2012,23,2012-06-04,2012-06-10,11.8972,0.0571,JHU,0.7,fourier_country
BEN,2012,24,2012-06-11,2012-06-17,12.0736,0.058,JHU,0.7,fourier_country
BEN,2012,25,2012-06-18,2012-06-24,12.0789,0.058,JHU,0.7,fourier_country
BEN,2012,26,2012-06-25,2012-07-01,11.9086,0.0572,JHU,0.7,fourier_country
BEN,2012,27,2012-07-02,2012-07-08,11.5702,0.0555,JHU,0.7,fourier_country
BEN,2012,28,2012-07-09,2012-07-15,11.0833,0.0532,JHU,0.7,fourier_country
BEN,2012,29,2012-07-16,2012-07-22,10.4777,0.0503,JHU,0.7,fourier_country
BEN,2012,30,2012-07-23,2012-07-29,9.7923,0.047,JHU,0.7,fourier_country
BEN,2012,31,2012-07-30,2012-08-05,9.0724,0.0435,JHU,0.7,fourier_country
BEN,2012,32,2012-08-06,2012-08-12,8.3671,0.0402,JHU,0.7,fourier_country
BEN,2012,33,2012-08-13,2012-08-19,7.7266,0.0371,JHU,0.7,fourier_country
BEN,2012,34,2012-08-20,2012-08-26,7.1984,0.0346,JHU,0.7,fourier_country
BEN,2012,35,2012-08-27,2012-09-02,6.8254,0.0328,JHU,0.7,fourier_country
BEN,2012,36,2012-09-03,2012-09-09,6.6424,0.0319,JHU,0.7,fourier_country
BEN,2012,37,2012-09-10,2012-09-16,6.6744,0.032,JHU,0.7,fourier_country
BEN,2012,38,2012-09-17,2012-09-23,6.9346,0.0333,JHU,0.7,fourier_country
BEN,2012,39,2012-09-24,2012-09-30,7.4237,0.0356,JHU,0.7,fourier_country
BEN,2012,40,2012-10-01,2012-10-07,8.1292,0.039,JHU,0.7,fourier_country
BEN,2012,41,2012-10-08,2012-10-14,9.0265,0.0433,JHU,0.7,fourier_country
BEN,2012,42,2012-10-15,2012-10-21,10.0797,0.0484,JHU,0.7,fourier_country
BEN,2012,43,2012-10-22,2012-10-28,11.2433,0.054,JHU,0.7,fourier_country
BEN,2012,44,2012-10-29,2012-11-04,12.4651,0.0598,JHU,0.7,fourier_country
BEN,2012,45,2012-11-05,2012-11-11,13.6886,0.0657,JHU,0.7,fourier_country
BEN,2012,46,2012-11-12,2012-11-18,14.8563,0.0713,JHU,0.7,fourier_country
BEN,2012,47,2012-11-19,2012-11-25,15.9127,0.0764,JHU,0.7,fourier_country
BEN,2012,48,2012-11-26,2012-12-02,16.8073,0.0807,JHU,0.7,fourier_country
BEN,2012,49,2012-12-03,2012-12-09,17.4977,0.084,JHU,0.7,fourier_country
BEN,2012,50,2012-12-10,2012-12-16,17.9516,0.0862,JHU,0.7,fourier_country
BEN,2012,51,2012-12-17,2012-12-23,18.1486,0.0871,JHU,0.7,fourier_country
BEN,2012,52,2012-12-24,2012-12-30,18.0815,0.0868,JHU,0.7,fourier_country
BEN,2013,1,2012-12-31,2013-01-06,25.2859,,JHU,0.63,fourier_country
BEN,2013,2,2013-01-07,2013-01-13,24.4828,,JHU,0.63,fourier_country
BEN,2013,3,2013-01-14,2013-01-20,23.3839,,JHU,0.63,fourier_country
BEN,2013,4,2013-01-21,2013-01-27,22.0478,,JHU,0.63,fourier_country
BEN,2013,5,2013-01-28,2013-02-03,20.5446,,JHU,0.63,fourier_country
BEN,2013,6,2013-02-04,2013-02-10,18.951,,JHU,0.63,fourier_country
BEN,2013,7,2013-02-11,2013-02-17,17.3468,,JHU,0.63,fourier_country
BEN,2013,8,2013-02-18,2013-02-24,15.8103,,JHU,0.63,fourier_country
BEN,2013,9,2013-02-25,2013-03-03,14.4137,,JHU,0.63,fourier_country
BEN,2013,10,2013-03-04,2013-03-10,13.2192,,JHU,0.63,fourier_country
BEN,2013,11,2013-03-11,2013-03-17,12.276,,JHU,0.63,fourier_country
BEN,2013,12,2013-03-18,2013-03-24,11.6174,,JHU,0.63,fourier_country
BEN,2013,13,2013-03-25,2013-03-31,11.2592,,JHU,0.63,fourier_country
BEN,2013,14,2013-04-01,2013-04-07,11.1993,,JHU,0.63,fourier_country
BEN,2013,15,2013-04-08,2013-04-14,11.418,,JHU,0.63,fourier_country
BEN,2013,16,2013-04-15,2013-04-21,11.8796,,JHU,0.63,fourier_country
BEN,2013,17,2013-04-22,2013-04-28,12.5346,,JHU,0.63,fourier_country
BEN,2013,18,2013-04-29,2013-05-05,13.3232,,JHU,0.63,fourier_country
BEN,2013,19,2013-05-06,2013-05-12,14.1787,,JHU,0.63,fourier_country
BEN,2013,20,2013-05-13,2013-05-19,15.0322,,JHU,0.63,fourier_country
BEN,2013,21,2013-05-20,2013-05-26,15.8165,,JHU,0.63,fourier_country
BEN,2013,22,2013-05-27,2013-06-02,16.4704,,JHU,0.63,fourier_country
BEN,2013,23,2013-06-03,2013-06-09,16.9422,,JHU,0.63,fourier_country
BEN,2013,24,2013-06-10,2013-06-16,17.1935,,JHU,0.63,fourier_country
BEN,2013,25,2013-06-17,2013-06-23,17.201,,JHU,0.63,fourier_country
BEN,2013,26,2013-06-24,2013-06-30,16.9584,,JHU,0.63,fourier_country
BEN,2013,27,2013-07-01,2013-07-07,16.4766,,JHU,0.63,fourier_country
BEN,2013,28,2013-07-08,2013-07-14,15.7832,,JHU,0.63,fourier_country
BEN,2013,29,2013-07-15,2013-07-21,14.9208,,JHU,0.63,fourier_country
BEN,2013,30,2013-07-22,2013-07-28,13.9447,,JHU,0.63,fourier_country
BEN,2013,31,2013-07-29,2013-08-04,45.4119,0.4603,JHU,0.665,fourier_country
BEN,2013,32,2013-08-05,2013-08-11,41.8818,0.4245,JHU,0.665,fourier_country
BEN,2013,33,2013-08-12,2013-08-18,38.6753,0.392,JHU,0.665,fourier_country
BEN,2013,34,2013-08-19,2013-08-25,36.0317,0.3652,JHU,0.665,fourier_country
BEN,2013,35,2013-08-26,2013-09-01,8.0,,JHU,0.95,observed
BEN,2013,36,2013-09-02,2013-09-08,40.0,,JHU,0.95,observed
BEN,2013,37,2013-09-09,2013-09-15,52.0,2.0,JHU,0.95,observed
BEN,2013,38,2013-09-16,2013-09-22,61.0,,JHU,0.95,observed
BEN,2013,39,2013-09-23,2013-09-29,57.0,,JHU,0.95,observed
BEN,2013,40,2013-09-30,2013-10-06,54.0,,JHU,0.95,observed
BEN,2013,41,2013-10-07,2013-10-13,46.0,,JHU,0.95,observed
BEN,2013,42,2013-10-14,2013-10-20,53.0,1.0,JHU,0.95,observed
BEN,2013,43,2013-10-21,2013-10-27,37.0,1.0,JHU,0.95,observed
BEN,2013,44,2013-10-28,2013-11-03,33.0,,JHU,0.95,observed
BEN,2013,45,2013-11-04,2013-11-10,19.0,2.0,JHU,0.95,observed
BEN,2013,46,2013-11-11,2013-11-17,18.0,,JHU,0.95,observed
BEN,2013,47,2013-11-18,2013-11-24,24.0,,JHU,0.95,observed
BEN,2013,48,2013-11-25,2013-12-01,20.0,,JHU,0.95,observed
BEN,2013,49,2013-12-02,2013-12-08,4.0,,JHU,0.95,observed
BEN,2013,50,2013-12-09,2013-12-15,0.0,,JHU,0.95,observed
BEN,2013,51,2013-12-16,2013-12-22,0.0,,JHU,0.95,observed
BEN,2013,52,2013-12-23,2013-12-29,0.0,,JHU,0.95,observed
BEN,2014,1,2013-12-30,2014-01-05,0.0,,JHU,0.95,observed
BEN,2014,2,2014-01-06,2014-01-12,3.0,,JHU,0.95,observed
BEN,2014,3,2014-01-13,2014-01-19,20.0,,JHU,0.95,observed
BEN,2014,4,2014-01-20,2014-01-26,77.4978,0.7855,JHU,0.665,fourier_country
BEN,2014,5,2014-01-27,2014-02-02,72.2137,0.7319,JHU,0.665,fourier_country
BEN,2014,6,2014-02-03,2014-02-09,66.6122,0.6751,JHU,0.665,fourier_country
BEN,2014,7,2014-02-10,2014-02-16,60.9737,0.618,JHU,0.665,fourier_country
BEN,2014,8,2014-02-17,2014-02-23,55.5729,0.5632,JHU,0.665,fourier_country
BEN,2014,9,2014-02-24,2014-03-02,50.6637,0.5135,JHU,0.665,fourier_country
BEN,2014,10,2014-03-03,2014-03-09,46.4652,0.4709,JHU,0.665,fourier_country
BEN,2014,11,2014-03-10,2014-03-16,8.0,,JHU,0.9,observed
BEN,2014,12,2014-03-17,2014-03-23,6.0,,JHU,0.9,observed
BEN,2014,13,2014-03-24,2014-03-30,2.0,,JHU,0.9,observed
BEN,2014,14,2014-03-31,2014-04-06,1.0,,JHU,0.9,observed
BEN,2014,15,2014-04-07,2014-04-13,0.0,,JHU,0.9,observed
BEN,2014,16,2014-04-14,2014-04-20,0.0,,JHU,0.9,observed
BEN,2014,17,2014-04-21,2014-04-27,0.0,,JHU,0.9,observed
BEN,2014,18,2014-04-28,2014-05-04,0.0,,JHU,0.9,observed
BEN,2014,19,2014-05-05,2014-05-11,0.0,,JHU,0.9,observed
BEN,2014,20,2014-05-12,2014-05-18,0.0,,JHU,0.9,observed
BEN,2014,21,2014-05-19,2014-05-25,0.0,,JHU,0.9,observed
BEN,2014,22,2014-05-26,2014-06-01,0.0,,JHU,0.9,observed
BEN,2014,23,2014-06-02,2014-06-08,0.0,,JHU,0.9,observed
BEN,2014,24,2014-06-09,2014-06-15,0.0,,JHU,0.9,observed
BEN,2014,25,2014-06-16,2014-06-22,1.0,,JHU,0.9,observed
BEN,2014,26,2014-06-23,2014-06-29,1.0,,JHU,0.9,observed
BEN,2014,27,2014-06-30,2014-07-06,81.0,,JHU,0.9,observed
BEN,2014,28,2014-07-07,2014-07-13,85.0,,JHU,0.9,observed
BEN,2014,29,2014-07-14,2014-07-20,35.0,,JHU,0.9,observed
BEN,2014,30,2014-07-21,2014-07-27,2.0,,JHU,0.9,observed
BEN,2014,31,2014-07-28,2014-08-03,0.0,,JHU,0.9,observed
BEN,2014,32,2014-08-04,2014-08-10,3.0,,JHU,0.9,observed
BEN,2014,33,2014-08-11,2014-08-17,0.0,,JHU,0.9,observed
BEN,2014,34,2014-08-18,2014-08-24,3.0,,JHU,0.9,observed
BEN,2014,35,2014-08-25,2014-08-31,12.0,,JHU,0.9,observed
BEN,2014,36,2014-09-01,2014-09-07,5.0,,JHU,0.9,observed
BEN,2014,37,2014-09-08,2014-09-14,7.0,,JHU,0.9,observed
BEN,2014,38,2014-09-15,2014-09-21,0.0,,JHU,0.9,observed
BEN,2014,39,2014-09-22,2014-09-28,18.0,,JHU,0.9,observed
BEN,2014,40,2014-09-29,2014-10-05,66.0,,JHU,0.9,observed
BEN,2014,41,2014-10-06,2014-10-12,76.0,,JHU,0.9,observed
BEN,2014,42,2014-10-13,2014-10-19,27.0,,JHU,0.9,observed
BEN,2014,43,2014-10-20,2014-10-26,13.0,,JHU,0.9,observed
BEN,2014,44,2014-10-27,2014-11-02,115.0,,JHU,0.9,observed
BEN,2014,45,2014-11-03,2014-11-09,108.0,,JHU,0.9,observed
BEN,2014,46,2014-11-10,2014-11-16,53.0,,JHU,0.9,observed
BEN,2014,47,2014-11-17,2014-11-23,36.0,,JHU,0.9,observed
BEN,2014,48,2014-11-24,2014-11-30,11.0,,JHU,0.9,observed
BEN,2014,49,2014-12-01,2014-12-07,1.0,,JHU,0.9,observed
BEN,2014,50,2014-12-08,2014-12-14,111.9998,1.794,JHU,0.63,fourier_country
BEN,2014,51,2014-12-15,2014-12-21,113.229,1.8137,JHU,0.63,fourier_country
BEN,2014,52,2014-12-22,2014-12-28,112.81,1.807,JHU,0.63,fourier_country
BEN,2015,1,2014-12-29,2015-01-04,0.0,,JHU,0.9,observed
BEN,2015,2,2015-01-05,2015-01-11,0.0,,JHU,0.9,observed
BEN,2015,3,2015-01-12,2015-01-18,0.0,,JHU,0.9,observed
BEN,2015,4,2015-01-19,2015-01-25,0.0,,JHU,0.9,observed
BEN,2015,5,2015-01-26,2015-02-01,0.0,,JHU,0.9,observed
BEN,2015,6,2015-02-02,2015-02-08,0.0,,JHU,0.9,observed
BEN,2015,7,2015-02-09,2015-02-15,0.0,,JHU,0.9,observed
BEN,2015,8,2015-02-16,2015-02-22,0.0,,JHU,0.9,observed
BEN,2015,9,2015-02-23,2015-03-01,0.0,,JHU,0.9,observed
BEN,2015,10,2015-03-02,2015-03-08,0.0,,JHU,0.9,observed
BEN,2015,11,2015-03-09,2015-03-15,0.0,,JHU,0.9,observed
BEN,2015,12,2015-03-16,2015-03-22,0.0,,JHU,0.9,observed
BEN,2015,13,2015-03-23,2015-03-29,0.0,,JHU,0.9,observed
BEN,2015,14,2015-03-30,2015-04-05,0.0,,JHU,0.9,observed
BEN,2015,15,2015-04-06,2015-04-12,0.0,,JHU,0.9,observed
BEN,2015,16,2015-04-13,2015-04-19,0.0,,JHU,0.9,observed
BEN,2015,17,2015-04-20,2015-04-26,0.0,,JHU,0.9,observed
BEN,2015,18,2015-04-27,2015-05-03,0.0,,JHU,0.9,observed
BEN,2015,19,2015-05-04,2015-05-10,0.0,,JHU,0.9,observed
BEN,2015,20,2015-05-11,2015-05-17,0.0,,JHU,0.9,observed
BEN,2015,21,2015-05-18,2015-05-24,0.0,,JHU,0.9,observed
BEN,2015,22,2015-05-25,2015-05-31,0.0,,JHU,0.9,observed
BEN,2015,23,2015-06-01,2015-06-07,0.0,,JHU,0.9,observed
BEN,2015,24,2015-06-08,2015-06-14,0.0,,JHU,0.9,observed
BEN,2015,25,2015-06-15,2015-06-21,0.0,,JHU,0.9,observed
BEN,2015,26,2015-06-22,2015-06-28,0.0,,JHU,0.9,observed
BEN,2015,27,2015-06-29,2015-07-05,0.0,,JHU,0.9,observed
BEN,2015,28,2015-07-06,2015-07-12,0.0,,JHU,0.9,observed
BEN,2015,29,2015-07-13,2015-07-19,0.0,,JHU,0.9,observed
BEN,2015,30,2015-07-20,2015-07-26,0.0,,JHU,0.9,observed
BEN,2015,31,2015-07-27,2015-08-02,0.0,0.0,JHU,0.95,observed
BEN,2015,32,2015-08-03,2015-08-09,0.0,0.0,JHU,0.95,observed
BEN,2015,33,2015-08-10,2015-08-16,0.0,0.0,JHU,0.95,observed
BEN,2015,34,2015-08-17,2015-08-23,0.0,0.0,JHU,0.95,observed
BEN,2015,35,2015-08-24,2015-08-30,0.0,0.0,JHU,0.95,observed
BEN,2015,36,2015-08-31,2015-09-06,0.0,0.0,JHU,0.95,observed
BEN,2015,37,2015-09-07,2015-09-13,0.0,0.0,JHU,0.95,observed
BEN,2015,38,2015-09-14,2015-09-20,0.0,0.0,JHU,0.95,observed
BEN,2015,39,2015-09-21,2015-09-27,0.0,0.0,JHU,0.95,observed
BEN,2015,40,2015-09-28,2015-10-04,0.0,0.0,JHU,0.95,observed
BEN,2015,41,2015-10-05,2015-10-11,0.0,0.0,JHU,0.95,observed
BEN,2015,42,2015-10-12,2015-10-18,0.0,0.0,JHU,0.95,observed
BEN,2015,43,2015-10-19,2015-10-25,0.0,0.0,JHU,0.95,observed
BEN,2015,44,2015-10-26,2015-11-01,0.0,0.0,JHU,0.95,observed
BEN,2015,45,2015-11-02,2015-11-08,0.0,0.0,JHU,0.95,observed
BEN,2015,46,2015-11-09,2015-11-15,0.0,0.0,JHU,0.95,observed
BEN,2015,47,2015-11-16,2015-11-22,0.0,0.0,JHU,0.95,observed
BEN,2015,48,2015-11-23,2015-11-29,0.0,0.0,JHU,0.95,observed
BEN,2015,49,2015-11-30,2015-12-06,0.0,0.0,JHU,0.95,observed
BEN,2015,50,2015-12-07,2015-12-13,0.0,0.0,JHU,0.95,observed
BEN,2015,51,2015-12-14,2015-12-20,0.0,0.0,JHU,0.95,observed
BEN,2015,52,2015-12-21,2015-12-27,0.0,0.0,JHU,0.95,observed
BEN,2015,53,2015-12-28,2016-01-03,36.3176,0.6204,JHU,0.7,fourier_country
BEN,2016,1,2016-01-04,2016-01-10,11.4504,,JHU,0.63,fourier_country
BEN,2016,2,2016-01-11,2016-01-17,11.0867,,JHU,0.63,fourier_country
BEN,2016,3,2016-01-18,2016-01-24,10.5891,,JHU,0.63,fourier_country
BEN,2016,4,2016-01-25,2016-01-31,9.9841,,JHU,0.63,fourier_country
BEN,2016,5,2016-02-01,2016-02-07,9.3033,,JHU,0.63,fourier_country
BEN,2016,6,2016-02-08,2016-02-14,8.5817,,JHU,0.63,fourier_country
BEN,2016,7,2016-02-15,2016-02-21,7.8553,,JHU,0.63,fourier_country
BEN,2016,8,2016-02-22,2016-02-28,7.1595,,JHU,0.63,fourier_country
BEN,2016,9,2016-02-29,2016-03-06,6.527,,JHU,0.63,fourier_country
BEN,2016,10,2016-03-07,2016-03-13,5.9861,,JHU,0.63,fourier_country
BEN,2016,11,2016-03-14,2016-03-20,5.559,,JHU,0.63,fourier_country
BEN,2016,12,2016-03-21,2016-03-27,5.2608,,JHU,0.63,fourier_country
BEN,2016,13,2016-03-28,2016-04-03,5.0986,,JHU,0.63,fourier_country
BEN,2016,14,2016-04-04,2016-04-10,5.0715,,JHU,0.63,fourier_country
BEN,2016,15,2016-04-11,2016-04-17,5.1705,,JHU,0.63,fourier_country
BEN,2016,16,2016-04-18,2016-04-24,5.3795,,JHU,0.63,fourier_country
BEN,2016,17,2016-04-25,2016-05-01,5.6761,,JHU,0.63,fourier_country
BEN,2016,18,2016-05-02,2016-05-08,6.0332,,JHU,0.63,fourier_country
BEN,2016,19,2016-05-09,2016-05-15,6.4206,,JHU,0.63,fourier_country
BEN,2016,20,2016-05-16,2016-05-22,6.8071,,JHU,0.63,fourier_country
BEN,2016,21,2016-05-23,2016-05-29,4.9883,,JHU,0.63,fourier_country
BEN,2016,22,2016-05-30,2016-06-05,5.1945,,JHU,0.63,fourier_country
BEN,2016,23,2016-06-06,2016-06-12,5.3433,,JHU,0.63,fourier_country
BEN,2016,24,2016-06-13,2016-06-19,5.4226,,JHU,0.63,fourier_country
BEN,2016,25,2016-06-20,2016-06-26,5.4249,,JHU,0.63,fourier_country
BEN,2016,26,2016-06-27,2016-07-03,5.3484,,JHU,0.63,fourier_country
BEN,2016,27,2016-07-04,2016-07-10,5.1965,,JHU,0.63,fourier_country
BEN,2016,28,2016-07-11,2016-07-17,4.9778,,JHU,0.63,fourier_country
BEN,2016,29,2016-07-18,2016-07-24,4.7058,,JHU,0.63,fourier_country
BEN,2016,30,2016-07-25,2016-07-31,4.398,,JHU,0.63,fourier_country
BEN,2016,31,2016-08-01,2016-08-07,123.0,,JHU,0.63,fourier_country
BEN,2016,32,2016-08-08,2016-08-14,1.0,0.0,JHU,0.95,observed
BEN,2016,33,2016-08-15,2016-08-21,2.0,0.0,JHU,0.95,observed
BEN,2016,34,2016-08-22,2016-08-28,5.0,0.0,JHU,0.95,observed
BEN,2016,35,2016-08-29,2016-09-04,17.0,0.0,JHU,0.95,observed
BEN,2016,36,2016-09-05,2016-09-11,174.5796,,JHU,0.63,fourier_country
BEN,2016,37,2016-09-12,2016-09-18,175.4204,,JHU,0.63,fourier_country
BEN,2016,38,2016-09-19,2016-09-25,63.0,,JHU,0.9,observed
BEN,2016,39,2016-09-26,2016-10-02,63.0,,JHU,0.9,observed
BEN,2016,40,2016-10-03,2016-10-09,35.0,,JHU,0.9,observed
BEN,2016,41,2016-10-10,2016-10-16,24.0,,JHU,0.9,observed
BEN,2016,42,2016-10-17,2016-10-23,4.0,,JHU,0.9,observed
BEN,2016,43,2016-10-24,2016-10-30,2.0,,JHU,0.9,observed
BEN,2016,44,2016-10-31,2016-11-06,7.0,,JHU,0.9,observed
BEN,2016,45,2016-11-07,2016-11-13,6.0,,JHU,0.9,observed
BEN,2016,46,2016-11-14,2016-11-20,1.0,,JHU,0.9,observed
BEN,2016,47,2016-11-21,2016-11-27,0.0,,JHU,0.9,observed
BEN,2016,48,2016-11-28,2016-12-04,0.0,,JHU,0.9,observed
BEN,2016,49,2016-12-05,2016-12-11,0.0,,JHU,0.9,observed
BEN,2016,50,2016-12-12,2016-12-18,0.0,,JHU,0.9,observed
BEN,2016,51,2016-12-19,2016-12-25,0.0,,JHU,0.9,observed
BEN,2016,52,2016-12-26,2017-01-01,0.0,,JHU,0.9,observed
BEN,2017,1,2017-01-02,2017-01-08,0.3315,0.0,JHU,0.7,fourier_country
BEN,2017,2,2017-01-09,2017-01-15,0.321,0.0,JHU,0.7,fourier_country
BEN,2017,3,2017-01-16,2017-01-22,0.3066,0.0,JHU,0.7,fourier_country
BEN,2017,4,2017-01-23,2017-01-29,0.2891,0.0,JHU,0.7,fourier_country
BEN,2017,5,2017-01-30,2017-02-05,0.2694,0.0,JHU,0.7,fourier_country
BEN,2017,6,2017-02-06,2017-02-12,0.2485,0.0,JHU,0.7,fourier_country
BEN,2017,7,2017-02-13,2017-02-19,0.2274,0.0,JHU,0.7,fourier_country
BEN,2017,8,2017-02-20,2017-02-26,0.2073,0.0,JHU,0.7,fourier_country
BEN,2017,9,2017-02-27,2017-03-05,0.189,0.0,JHU,0.7,fourier_country
BEN,2017,10,2017-03-06,2017-03-12,0.1733,0.0,JHU,0.7,fourier_country
BEN,2017,11,2017-03-13,2017-03-19,0.1609,0.0,JHU,0.7,fourier_country
BEN,2017,12,2017-03-20,2017-03-26,0.1523,0.0,JHU,0.7,fourier_country
BEN,2017,13,2017-03-27,2017-04-02,0.1476,0.0,JHU,0.7,fourier_country
BEN,2017,14,2017-04-03,2017-04-09,0.1468,0.0,JHU,0.7,fourier_country
BEN,2017,15,2017-04-10,2017-04-16,0.1497,0.0,JHU,0.7,fourier_country
BEN,2017,16,2017-04-17,2017-04-23,0.1558,0.0,JHU,0.7,fourier_country
BEN,2017,17,2017-04-24,2017-04-30,0.1643,0.0,JHU,0.7,fourier_country
BEN,2017,18,2017-05-01,2017-05-07,0.1747,0.0,JHU,0.7,fourier_country
BEN,2017,19,2017-05-08,2017-05-14,0.1859,0.0,JHU,0.7,fourier_country
BEN,2017,20,2017-05-15,2017-05-21,0.1971,0.0,JHU,0.7,fourier_country
BEN,2017,21,2017-05-22,2017-05-28,0.2074,0.0,JHU,0.7,fourier_country
BEN,2017,22,2017-05-29,2017-06-04,0.2159,0.0,JHU,0.7,fourier_country
BEN,2017,23,2017-06-05,2017-06-11,0.2221,0.0,JHU,0.7,fourier_country
BEN,2017,24,2017-06-12,2017-06-18,0.2254,0.0,JHU,0.7,fourier_country
BEN,2017,25,2017-06-19,2017-06-25,0.2255,0.0,JHU,0.7,fourier_country
BEN,2017,26,2017-06-26,2017-07-02,0.2223,0.0,JHU,0.7,fourier_country
BEN,2017,27,2017-07-03,2017-07-09,0.216,0.0,JHU,0.7,fourier_country
BEN,2017,28,2017-07-10,2017-07-16,0.2069,0.0,JHU,0.7,fourier_country
BEN,2017,29,2017-07-17,2017-07-23,0.1956,0.0,JHU,0.7,fourier_country
BEN,2017,30,2017-07-24,2017-07-30,0.1828,0.0,JHU,0.7,fourier_country
BEN,2017,31,2017-07-31,2017-08-06,0.1694,0.0,JHU,0.7,fourier_country
BEN,2017,32,2017-08-07,2017-08-13,0.1562,0.0,JHU,0.7,fourier_country
BEN,2017,33,2017-08-14,2017-08-20,0.1443,0.0,JHU,0.7,fourier_country
BEN,2017,34,2017-08-21,2017-08-27,0.1344,0.0,JHU,0.7,fourier_country
BEN,2017,35,2017-08-28,2017-09-03,0.1274,0.0,JHU,0.7,fourier_country
BEN,2017,36,2017-09-04,2017-09-10,0.124,0.0,JHU,0.7,fourier_country
BEN,2017,37,2017-09-11,2017-09-17,0.1246,0.0,JHU,0.7,fourier_country
BEN,2017,38,2017-09-18,2017-09-24,0.1295,0.0,JHU,0.7,fourier_country
BEN,2017,39,2017-09-25,2017-10-01,0.1386,0.0,JHU,0.7,fourier_country
BEN,2017,40,2017-10-02,2017-10-08,0.1518,0.0,JHU,0.7,fourier_country
BEN,2017,41,2017-10-09,2017-10-15,0.1685,0.0,JHU,0.7,fourier_country
BEN,2017,42,2017-10-16,2017-10-22,0.1882,0.0,JHU,0.7,fourier_country
BEN,2017,43,2017-10-23,2017-10-29,0.2099,0.0,JHU,0.7,fourier_country
BEN,2017,44,2017-10-30,2017-11-05,0.2327,0.0,JHU,0.7,fourier_country
BEN,2017,45,2017-11-06,2017-11-12,0.2556,0.0,JHU,0.7,fourier_country
BEN,2017,46,2017-11-13,2017-11-19,0.2774,0.0,JHU,0.7,fourier_country
BEN,2017,47,2017-11-20,2017-11-26,0.2971,0.0,JHU,0.7,fourier_country
BEN,2017,48,2017-11-27,2017-12-03,0.3138,0.0,JHU,0.7,fourier_country
BEN,2017,49,2017-12-04,2017-12-10,0.3267,0.0,JHU,0.7,fourier_country
BEN,2017,50,2017-12-11,2017-12-17,0.3352,0.0,JHU,0.7,fourier_country
BEN,2017,51,2017-12-18,2017-12-24,0.3388,0.0,JHU,0.7,fourier_country
BEN,2017,52,2017-12-25,2017-12-31,0.3376,0.0,JHU,0.7,fourier_country
BEN,2018,1,2018-01-01,2018-01-07,0.0,,JHU,0.9,observed
BEN,2018,2,2018-01-08,2018-01-14,0.0,,JHU,0.9,observed
BEN,2018,3,2018-01-15,2018-01-21,0.0,,JHU,0.9,observed
BEN,2018,4,2018-01-22,2018-01-28,0.0,,JHU,0.9,observed
BEN,2018,5,2018-01-29,2018-02-04,0.0,,JHU,0.9,observed
BEN,2018,6,2018-02-05,2018-02-11,0.0,,JHU,0.9,observed
BEN,2018,7,2018-02-12,2018-02-18,0.0,,JHU,0.9,observed
BEN,2018,8,2018-02-19,2018-02-25,0.0,,JHU,0.9,observed
BEN,2018,9,2018-02-26,2018-03-04,0.0,,JHU,0.9,observed
BEN,2018,10,2018-03-05,2018-03-11,0.0,,JHU,0.9,observed
BEN,2018,11,2018-03-12,2018-03-18,0.0,,JHU,0.9,observed
BEN,2018,12,2018-03-19,2018-03-25,0.0,,JHU,0.9,observed
BEN,2018,13,2018-03-26,2018-04-01,0.0,,JHU,0.9,observed
BEN,2018,14,2018-04-02,2018-04-08,0.0,,JHU,0.9,observed
BEN,2018,15,2018-04-09,2018-04-15,0.0,,JHU,0.9,observed
BEN,2018,16,2018-04-16,2018-04-22,0.0,,JHU,0.9,observed
BEN,2018,17,2018-04-23,2018-04-29,0.0,,JHU,0.9,observed
BEN,2018,18,2018-04-30,2018-05-06,0.0,,JHU,0.9,observed
BEN,2018,19,2018-05-07,2018-05-13,0.0,,JHU,0.9,observed
BEN,2018,20,2018-05-14,2018-05-20,0.0,,JHU,0.9,observed
BEN,2018,21,2018-05-21,2018-05-27,0.0,,JHU,0.9,observed
BEN,2018,22,2018-05-28,2018-06-03,0.0,,JHU,0.9,observed
BEN,2018,23,2018-06-04,2018-06-10,0.0,,JHU,0.9,observed
BEN,2018,24,2018-06-11,2018-06-17,0.0,,JHU,0.9,observed
BEN,2018,25,2018-06-18,2018-06-24,0.0,,JHU,0.9,observed
BEN,2018,26,2018-06-25,2018-07-01,0.0,,JHU,0.9,observed
BEN,2018,27,2018-07-02,2018-07-08,0.0,,JHU,0.9,observed
BEN,2018,28,2018-07-09,2018-07-15,0.0,,JHU,0.9,observed
BEN,2018,29,2018-07-16,2018-07-22,0.0,,JHU,0.9,observed
BEN,2018,30,2018-07-23,2018-07-29,0.0,,JHU,0.9,observed
BEN,2018,31,2018-07-30,2018-08-05,0.0,,JHU,0.9,observed
BEN,2018,32,2018-08-06,2018-08-12,0.0,,JHU,0.9,observed
BEN,2018,33,2018-08-13,2018-08-19,0.0,,JHU,0.9,observed
BEN,2018,34,2018-08-20,2018-08-26,0.0,0.0,JHU,1.0,zero_fill
BEN,2018,35,2018-08-27,2018-09-02,0.0,,JHU,0.9,observed
BEN,2018,36,2018-09-03,2018-09-09,0.0,,JHU,0.9,observed
BEN,2018,37,2018-09-10,2018-09-16,0.0,,JHU,0.9,observed
BEN,2018,38,2018-09-17,2018-09-23,0.0,,JHU,0.9,observed
BEN,2018,39,2018-09-24,2018-09-30,0.0,,JHU,0.9,observed
BEN,2018,40,2018-10-01,2018-10-07,0.0,,JHU,0.9,observed
BEN,2018,41,2018-10-08,2018-10-14,0.0,,JHU,0.9,observed
BEN,2018,42,2018-10-15,2018-10-21,0.0,,JHU,0.9,observed
BEN,2018,43,2018-10-22,2018-10-28,0.0,,JHU,0.9,observed
BEN,2018,44,2018-10-29,2018-11-04,0.0,,JHU,0.9,observed
BEN,2018,45,2018-11-05,2018-11-11,0.0,,JHU,0.9,observed
BEN,2018,46,2018-11-12,2018-11-18,0.0,,JHU,0.9,observed
BEN,2018,47,2018-11-19,2018-11-25,0.0,,JHU,0.9,observed
BEN,2018,48,2018-11-26,2018-12-02,0.0,,JHU,0.9,observed
BEN,2018,49,2018-12-03,2018-12-09,0.0,,JHU,0.9,observed
BEN,2018,50,2018-12-10,2018-12-16,0.0,,JHU,0.9,observed
BEN,2018,51,2018-12-17,2018-12-23,0.0,,JHU,0.9,observed
BEN,2018,52,2018-12-24,2018-12-30,0.0,,JHU,0.9,observed
BEN,2019,1,2018-12-31,2019-01-06,0.0,0.0,JHU,0.9,observed
BEN,2019,2,2019-01-07,2019-01-13,0.0,0.0,JHU,0.9,observed
BEN,2019,3,2019-01-14,2019-01-20,0.0,0.0,JHU,0.9,observed
BEN,2019,4,2019-01-21,2019-01-27,0.0,0.0,JHU,0.9,observed
BEN,2019,5,2019-01-28,2019-02-03,0.0,0.0,JHU,0.9,observed
BEN,2019,6,2019-02-04,2019-02-10,0.0,0.0,JHU,0.9,observed
BEN,2019,7,2019-02-11,2019-02-17,0.0,0.0,JHU,0.9,observed
BEN,2019,8,2019-02-18,2019-02-24,0.0,0.0,JHU,0.9,observed
BEN,2019,9,2019-02-25,2019-03-03,0.0,0.0,JHU,0.9,observed
BEN,2019,10,2019-03-04,2019-03-10,0.0,0.0,JHU,0.9,observed
BEN,2019,11,2019-03-11,2019-03-17,0.0,0.0,JHU,0.9,observed
BEN,2019,12,2019-03-18,2019-03-24,0.0,0.0,JHU,0.9,observed
BEN,2019,13,2019-03-25,2019-03-31,0.0,0.0,JHU,0.9,observed
BEN,2019,14,2019-04-01,2019-04-07,0.0,0.0,JHU,0.9,observed
BEN,2019,15,2019-04-08,2019-04-14,0.0,0.0,JHU,0.9,observed
BEN,2019,16,2019-04-15,2019-04-21,0.0,0.0,JHU,0.9,observed
BEN,2019,17,2019-04-22,2019-04-28,0.0,0.0,JHU,0.9,observed
BEN,2019,18,2019-04-29,2019-05-05,0.0,0.0,JHU,0.9,observed
BEN,2019,19,2019-05-06,2019-05-12,0.0,0.0,JHU,0.9,observed
BEN,2019,20,2019-05-13,2019-05-19,0.0,0.0,JHU,0.9,observed
BEN,2019,21,2019-05-20,2019-05-26,0.0,0.0,JHU,0.9,observed
BEN,2019,22,2019-05-27,2019-06-02,0.0,0.0,JHU,0.9,observed
BEN,2019,23,2019-06-03,2019-06-09,0.0,0.0,JHU,0.9,observed
BEN,2019,24,2019-06-10,2019-06-16,0.0,0.0,JHU,0.9,observed
BEN,2019,25,2019-06-17,2019-06-23,0.0,0.0,JHU,0.9,observed
BEN,2019,26,2019-06-24,2019-06-30,0.0,0.0,JHU,0.9,observed
BEN,2019,27,2019-07-01,2019-07-07,8.0,0.0,JHU,0.9,observed
BEN,2019,28,2019-07-08,2019-07-14,1.0,0.0,JHU,0.9,observed
BEN,2019,29,2019-07-15,2019-07-21,3.0,0.0,JHU,0.9,observed
BEN,2019,30,2019-07-22,2019-07-28,7.0,0.0,JHU,0.9,observed
BEN,2019,31,2019-07-29,2019-08-04,7.0,0.0,JHU,0.9,observed
BEN,2019,32,2019-08-05,2019-08-11,8.0,0.0,JHU,0.9,observed
BEN,2019,33,2019-08-12,2019-08-18,6.0,0.0,JHU,0.9,observed
BEN,2019,34,2019-08-19,2019-08-25,2.0,0.0,JHU,0.9,observed
BEN,2019,35,2019-08-26,2019-09-01,1.0,0.0,JHU,0.9,observed
BEN,2019,36,2019-09-02,2019-09-08,1.0,0.0,JHU,0.9,observed
BEN,2019,37,2019-09-09,2019-09-15,1.0,0.0,JHU,0.9,observed
BEN,2019,38,2019-09-16,2019-09-22,0.0,0.0,JHU,0.9,observed
BEN,2019,39,2019-09-23,2019-09-29,0.0,0.0,JHU,0.9,observed
BEN,2019,40,2019-09-30,2019-10-06,0.0,0.0,JHU,0.9,observed
BEN,2019,41,2019-10-07,2019-10-13,0.0,0.0,JHU,0.9,observed
BEN,2019,42,2019-10-14,2019-10-20,0.0,0.0,JHU,0.9,observed
BEN,2019,43,2019-10-21,2019-10-27,0.0,0.0,JHU,0.9,observed
BEN,2019,44,2019-10-28,2019-11-03,0.0,0.0,JHU,0.9,observed
BEN,2019,45,2019-11-04,2019-11-10,0.0,0.0,JHU,0.9,observed
BEN,2019,46,2019-11-11,2019-11-17,0.0,0.0,JHU,0.9,observed
BEN,2019,47,2019-11-18,2019-11-24,0.0,0.0,JHU,0.9,observed
BEN,2019,48,2019-11-25,2019-12-01,0.0,0.0,JHU,0.9,observed
BEN,2019,49,2019-12-02,2019-12-08,0.0,0.0,JHU,0.9,observed
BEN,2019,50,2019-12-09,2019-12-15,0.0,0.0,JHU,0.9,observed
BEN,2019,51,2019-12-16,2019-12-22,0.0,0.0,JHU,0.9,observed
BEN,2019,52,2019-12-23,2019-12-29,0.0,0.0,JHU,0.9,observed
BEN,2020,1,2019-12-30,2020-01-05,0.0,0.0,JHU,0.66,observed
BEN,2020,2,2020-01-06,2020-01-12,0.0,0.0,JHU,0.66,observed
BEN,2020,3,2020-01-13,2020-01-19,0.0,0.0,JHU,0.66,observed
BEN,2020,4,2020-01-20,2020-01-26,0.0,0.0,JHU,0.66,observed
BEN,2020,5,2020-01-27,2020-02-02,0.0,0.0,JHU,0.66,observed
BEN,2020,6,2020-02-03,2020-02-09,0.0,0.0,JHU,0.66,observed
BEN,2020,7,2020-02-10,2020-02-16,0.0,0.0,JHU,0.66,observed
BEN,2020,8,2020-02-17,2020-02-23,0.0,0.0,JHU,0.66,observed
BEN,2020,9,2020-02-24,2020-03-01,0.0,0.0,JHU,0.66,observed
BEN,2020,10,2020-03-02,2020-03-08,0.0,0.0,JHU,0.66,observed
BEN,2020,11,2020-03-09,2020-03-15,0.0,0.0,JHU,0.66,observed
BEN,2020,12,2020-03-16,2020-03-22,0.0,0.0,JHU,0.66,observed
BEN,2020,13,2020-03-23,2020-03-29,0.0,0.0,JHU,0.66,observed
BEN,2020,14,2020-03-30,2020-04-05,0.0,0.0,JHU,0.66,observed
BEN,2020,15,2020-04-06,2020-04-12,0.0,0.0,JHU,0.66,observed
BEN,2020,16,2020-04-13,2020-04-19,0.0,0.0,JHU,0.66,observed
BEN,2020,17,2020-04-20,2020-04-26,0.0,0.0,JHU,0.66,observed
BEN,2020,18,2020-04-27,2020-05-03,0.0,0.0,JHU,0.66,observed
BEN,2020,19,2020-05-04,2020-05-10,0.0,0.0,JHU,0.66,observed
BEN,2020,20,2020-05-11,2020-05-17,0.0,0.0,JHU,0.66,observed
BEN,2020,21,2020-05-18,2020-05-24,0.0,0.0,JHU,0.66,observed
BEN,2020,22,2020-05-25,2020-05-31,0.0,0.0,JHU,0.66,observed
BEN,2020,23,2020-06-01,2020-06-07,0.0,0.0,JHU,0.66,observed
BEN,2020,24,2020-06-08,2020-06-14,0.0,0.0,JHU,0.66,observed
BEN,2020,25,2020-06-15,2020-06-21,0.0,0.0,JHU,0.66,observed
BEN,2020,26,2020-06-22,2020-06-28,0.0,0.0,JHU,0.66,observed
BEN,2020,27,2020-06-29,2020-07-05,0.0,0.0,JHU,0.66,observed
BEN,2020,28,2020-07-06,2020-07-12,0.0,0.0,JHU,0.66,observed
BEN,2020,29,2020-07-13,2020-07-19,0.0,0.0,JHU,0.66,observed
BEN,2020,30,2020-07-20,2020-07-26,0.0,0.0,JHU,0.66,observed
BEN,2020,31,2020-07-27,2020-08-02,0.0,0.0,JHU,0.66,observed
BEN,2020,32,2020-08-03,2020-08-09,0.0,0.0,JHU,0.66,observed
BEN,2020,33,2020-08-10,2020-08-16,0.0,0.0,JHU,0.66,observed
BEN,2020,34,2020-08-17,2020-08-23,0.0,0.0,JHU,0.66,observed
BEN,2020,35,2020-08-24,2020-08-30,0.0,0.0,JHU,0.66,observed
BEN,2020,36,2020-08-31,2020-09-06,0.0,0.0,JHU,0.66,observed
BEN,2020,37,2020-09-07,2020-09-13,0.0,0.0,JHU,0.66,observed
BEN,2020,38,2020-09-14,2020-09-20,0.0,0.0,JHU,0.66,observed
BEN,2020,39,2020-09-21,2020-09-27,0.0,0.0,JHU,0.66,observed
BEN,2020,40,2020-09-28,2020-10-04,0.0,0.0,JHU,0.66,observed
BEN,2020,41,2020-10-05,2020-10-11,0.0,0.0,JHU,0.66,observed
BEN,2020,42,2020-10-12,2020-10-18,0.0,0.0,JHU,0.66,observed
BEN,2020,43,2020-10-19,2020-10-25,0.0,0.0,JHU,0.66,observed
BEN,2020,44,2020-10-26,2020-11-01,0.0,0.0,JHU,0.66,observed
BEN,2020,45,2020-11-02,2020-11-08,0.0,0.0,JHU,0.66,observed
BEN,2020,46,2020-11-09,2020-11-15,0.0,0.0,JHU,0.95,observed
BEN,2020,47,2020-11-16,2020-11-22,0.0,0.0,JHU,0.95,observed
BEN,2020,48,2020-11-23,2020-11-29,0.0,0.0,JHU,0.95,observed
BEN,2020,49,2020-11-30,2020-12-06,0.0,0.0,JHU,0.95,observed
BEN,2020,50,2020-12-07,2020-12-13,0.0,0.0,JHU,0.95,observed
BEN,2020,51,2020-12-14,2020-12-20,0.0,0.0,JHU,0.95,observed
BEN,2020,52,2020-12-21,2020-12-27,0.0,0.0,JHU,0.95,observed
BEN,2020,53,2020-12-28,2021-01-03,0.0,0.0,JHU,0.95,observed
BEN,2021,1,2021-01-04,2021-01-10,62.0,0.0,JHU,0.95,observed
BEN,2021,2,2021-01-11,2021-01-17,38.5124,0.6018,JHU,0.665,fourier_country
BEN,2021,3,2021-01-18,2021-01-24,36.7838,0.5747,JHU,0.665,fourier_country
BEN,2021,4,2021-01-25,2021-01-31,34.6822,0.5419,JHU,0.665,fourier_country
BEN,2021,5,2021-02-01,2021-02-07,32.3174,0.505,JHU,0.665,fourier_country
BEN,2021,6,2021-02-08,2021-02-14,29.8106,0.4658,JHU,0.665,fourier_country
BEN,2021,7,2021-02-15,2021-02-21,27.2872,0.4264,JHU,0.665,fourier_country
BEN,2021,8,2021-02-22,2021-02-28,24.8703,0.3886,JHU,0.665,fourier_country
BEN,2021,9,2021-03-01,2021-03-07,22.6733,0.3543,JHU,0.665,fourier_country
BEN,2021,10,2021-03-08,2021-03-14,20.7943,0.3249,JHU,0.665,fourier_country
BEN,2021,11,2021-03-15,2021-03-21,19.3106,0.3017,JHU,0.665,fourier_country
BEN,2021,12,2021-03-22,2021-03-28,18.2746,0.2855,JHU,0.665,fourier_country
BEN,2021,13,2021-03-29,2021-04-04,17.7112,0.2767,JHU,0.665,fourier_country
BEN,2021,14,2021-04-05,2021-04-11,17.617,0.2753,JHU,0.665,fourier_country
BEN,2021,15,2021-04-12,2021-04-18,17.9611,0.2806,JHU,0.665,fourier_country
BEN,2021,16,2021-04-19,2021-04-25,18.6871,0.292,JHU,0.665,fourier_country
BEN,2021,17,2021-04-26,2021-05-02,19.7175,0.3081,JHU,0.665,fourier_country
BEN,2021,18,2021-05-03,2021-05-09,20.9579,0.3275,JHU,0.665,fourier_country
BEN,2021,19,2021-05-10,2021-05-16,22.3037,0.3485,JHU,0.665,fourier_country
BEN,2021,20,2021-05-17,2021-05-23,23.6463,0.3695,JHU,0.665,fourier_country
BEN,2021,21,2021-05-24,2021-05-30,24.8801,0.3888,JHU,0.665,fourier_country
BEN,2021,22,2021-05-31,2021-06-06,25.9085,0.4048,JHU,0.665,fourier_country
BEN,2021,23,2021-06-07,2021-06-13,26.6507,0.4164,JHU,0.665,fourier_country
BEN,2021,24,2021-06-14,2021-06-20,27.046,0.4226,JHU,0.665,fourier_country
BEN,2021,25,2021-06-21,2021-06-27,27.0579,0.4228,JHU,0.665,fourier_country
BEN,2021,26,2021-06-28,2021-07-04,26.6763,0.4168,JHU,0.665,fourier_country
BEN,2021,27,2021-07-05,2021-07-11,25.9184,0.405,JHU,0.665,fourier_country
BEN,2021,28,2021-07-12,2021-07-18,24.8276,0.3879,JHU,0.665,fourier_country
BEN,2021,29,2021-07-19,2021-07-25,23.471,0.3667,JHU,0.665,fourier_country
BEN,2021,30,2021-07-26,2021-08-01,21.9356,0.3427,JHU,0.665,fourier_country
BEN,2021,31,2021-08-02,2021-08-08,20.323,0.3175,JHU,0.665,fourier_country
BEN,2021,32,2021-08-09,2021-08-15,18.7432,0.2929,JHU,0.665,fourier_country
BEN,2021,33,2021-08-16,2021-08-22,17.3082,0.2704,JHU,0.665,fourier_country
BEN,2021,34,2021-08-23,2021-08-29,16.1251,0.252,JHU,0.665,fourier_country
BEN,2021,35,2021-08-30,2021-09-05,15.2895,0.2389,JHU,0.665,fourier_country
BEN,2021,36,2021-09-06,2021-09-12,14.8797,0.2325,JHU,0.665,fourier_country
BEN,2021,37,2021-09-13,2021-09-19,14.9513,0.2336,JHU,0.665,fourier_country
BEN,2021,38,2021-09-20,2021-09-26,15.5342,0.2427,JHU,0.665,fourier_country
BEN,2021,39,2021-09-27,2021-10-03,16.6297,0.2598,JHU,0.665,fourier_country
BEN,2021,40,2021-10-04,2021-10-10,18.2101,0.2845,JHU,0.665,fourier_country
BEN,2021,41,2021-10-11,2021-10-17,20.2202,0.3159,JHU,0.665,fourier_country
BEN,2021,42,2021-10-18,2021-10-24,22.5793,0.3528,JHU,0.665,fourier_country
BEN,2021,43,2021-10-25,2021-10-31,25.186,0.3935,JHU,0.665,fourier_country
BEN,2021,44,2021-11-01,2021-11-07,27.9229,0.4363,JHU,0.665,fourier_country
BEN,2021,45,2021-11-08,2021-11-14,30.6637,0.4791,JHU,0.665,fourier_country
BEN,2021,46,2021-11-15,2021-11-21,33.2795,0.52,JHU,0.665,fourier_country
BEN,2021,47,2021-11-22,2021-11-28,35.6458,0.557,JHU,0.665,fourier_country
BEN,2021,48,2021-11-29,2021-12-05,37.6499,0.5883,JHU,0.665,fourier_country
BEN,2021,49,2021-12-06,2021-12-12,39.1965,0.6124,JHU,0.665,fourier_country
BEN,2021,50,2021-12-13,2021-12-19,40.2132,0.6283,JHU,0.665,fourier_country
BEN,2021,51,2021-12-20,2021-12-26,40.6545,0.6352,JHU,0.665,fourier_country
BEN,2021,52,2021-12-27,2022-01-02,40.5041,0.6329,JHU,0.665,fourier_country
BEN,2022,1,2022-01-03,2022-01-09,19.4391,0.0,JHU,0.665,fourier_country
BEN,2022,2,2022-01-10,2022-01-16,18.8217,0.0,JHU,0.665,fourier_country
BEN,2022,3,2022-01-17,2022-01-23,17.9769,0.0,JHU,0.665,fourier_country
BEN,2022,4,2022-01-24,2022-01-30,16.9498,0.0,JHU,0.665,fourier_country
BEN,2022,5,2022-01-31,2022-02-06,15.7941,0.0,JHU,0.665,fourier_country
BEN,2022,6,2022-02-07,2022-02-13,14.569,0.0,JHU,0.665,fourier_country
BEN,2022,7,2022-02-14,2022-02-20,13.3358,0.0,JHU,0.665,fourier_country
BEN,2022,8,2022-02-21,2022-02-27,12.1545,0.0,JHU,0.665,fourier_country
BEN,2022,9,2022-02-28,2022-03-06,11.0808,0.0,JHU,0.665,fourier_country
BEN,2022,10,2022-03-07,2022-03-13,10.1626,0.0,JHU,0.665,fourier_country
BEN,2022,11,2022-03-14,2022-03-20,9.4375,0.0,JHU,0.665,fourier_country
BEN,2022,12,2022-03-21,2022-03-27,8.9311,0.0,JHU,0.665,fourier_country
BEN,2022,13,2022-03-28,2022-04-03,8.6558,0.0,JHU,0.665,fourier_country
BEN,2022,14,2022-04-04,2022-04-10,8.6097,0.0,JHU,0.665,fourier_country
BEN,2022,15,2022-04-11,2022-04-17,8.7779,0.0,JHU,0.665,fourier_country
BEN,2022,16,2022-04-18,2022-04-24,7.0,,JHU,0.9,observed
BEN,2022,17,2022-04-25,2022-05-01,0.0,,JHU,0.9,observed
BEN,2022,18,2022-05-02,2022-05-08,0.0,,JHU,0.9,observed
BEN,2022,19,2022-05-09,2022-05-15,1.0,,JHU,0.9,observed
BEN,2022,20,2022-05-16,2022-05-22,0.0,,JHU,0.9,observed
BEN,2022,21,2022-05-23,2022-05-29,1.0,,JHU,0.9,observed
BEN,2022,22,2022-05-30,2022-06-05,0.0,,JHU,0.9,observed
BEN,2022,23,2022-06-06,2022-06-12,1.0,,JHU,0.9,observed
BEN,2022,24,2022-06-13,2022-06-19,1.0,,JHU,0.9,observed
BEN,2022,25,2022-06-20,2022-06-26,0.0,,JHU,0.9,observed
BEN,2022,26,2022-06-27,2022-07-03,1.0,,JHU,0.9,observed
BEN,2022,27,2022-07-04,2022-07-10,12.6668,0.0,JHU,0.665,fourier_country
BEN,2022,28,2022-07-11,2022-07-17,12.1337,0.0,JHU,0.665,fourier_country
BEN,2022,29,2022-07-18,2022-07-24,11.4707,0.0,JHU,0.665,fourier_country
BEN,2022,30,2022-07-25,2022-07-31,10.7203,0.0,JHU,0.665,fourier_country
BEN,2022,31,2022-08-01,2022-08-07,9.9322,0.0,JHU,0.665,fourier_country
BEN,2022,32,2022-08-08,2022-08-14,9.1601,0.0,JHU,0.665,fourier_country
BEN,2022,33,2022-08-15,2022-08-21,8.4588,0.0,JHU,0.665,fourier_country
BEN,2022,34,2022-08-22,2022-08-28,7.8806,0.0,JHU,0.665,fourier_country
BEN,2022,35,2022-08-29,2022-09-04,7.4723,0.0,JHU,0.665,fourier_country
BEN,2022,36,2022-09-05,2022-09-11,7.272,0.0,JHU,0.665,fourier_country
BEN,2022,37,2022-09-12,2022-09-18,7.307,0.0,JHU,0.665,fourier_country
BEN,2022,38,2022-09-19,2022-09-25,7.5918,0.0,JHU,0.665,fourier_country
BEN,2022,39,2022-09-26,2022-10-02,8.1272,0.0,JHU,0.665,fourier_country
BEN,2022,40,2022-10-03,2022-10-09,8.8996,0.0,JHU,0.665,fourier_country
BEN,2022,41,2022-10-10,2022-10-16,9.882,0.0,JHU,0.665,fourier_country
BEN,2022,42,2022-10-17,2022-10-23,11.0349,0.0,JHU,0.665,fourier_country
BEN,2022,43,2022-10-24,2022-10-30,12.3088,0.0,JHU,0.665,fourier_country
BEN,2022,44,2022-10-31,2022-11-06,13.6464,0.0,JHU,0.665,fourier_country
BEN,2022,45,2022-11-07,2022-11-13,14.9859,0.0,JHU,0.665,fourier_country
BEN,2022,46,2022-11-14,2022-11-20,16.2643,0.0,JHU,0.665,fourier_country
BEN,2022,47,2022-11-21,2022-11-27,17.4207,0.0,JHU,0.665,fourier_country
BEN,2022,48,2022-11-28,2022-12-04,18.4002,0.0,JHU,0.665,fourier_country
BEN,2022,49,2022-12-05,2022-12-11,19.156,0.0,JHU,0.665,fourier_country
BEN,2022,50,2022-12-12,2022-12-18,19.6529,0.0,JHU,0.665,fourier_country
BEN,2022,51,2022-12-19,2022-12-25,19.8686,0.0,JHU,0.665,fourier_country
BEN,2022,52,2022-12-26,2023-01-01,19.7951,0.0,JHU,0.665,fourier_country
BEN,2023,1,2023-01-02,2023-01-08,0.0,0.0,JHU,0.9,observed
BEN,2023,2,2023-01-09,2023-01-15,0.0,0.0,JHU,0.9,observed
BEN,2023,3,2023-01-16,2023-01-22,0.0,0.0,JHU,0.9,observed
BEN,2023,4,2023-01-23,2023-01-29,1.0,0.0,JHU,0.9,observed
BEN,2023,5,2023-01-30,2023-02-05,0.0,0.0,JHU,0.9,observed
BEN,2023,6,2023-02-06,2023-02-12,0.0,0.0,JHU,0.9,observed
BEN,2023,7,2023-02-13,2023-02-19,1.0,0.0,JHU,0.9,observed
BEN,2023,8,2023-02-20,2023-02-26,0.0,0.0,JHU,0.9,observed
BEN,2023,9,2023-02-27,2023-03-05,0.0,0.0,JHU,0.9,observed
BEN,2023,10,2023-03-06,2023-03-12,0.0,0.0,JHU,0.9,observed
BEN,2023,11,2023-03-13,2023-03-19,0.0,0.0,JHU,0.9,observed
BEN,2023,12,2023-03-20,2023-03-26,0.0,0.0,JHU,0.9,observed
BEN,2023,13,2023-03-27,2023-04-02,0.0,0.0,JHU,0.9,observed
BEN,2023,14,2023-04-03,2023-04-09,0.0,0.0,JHU,0.9,observed
BEN,2023,15,2023-04-10,2023-04-16,0.0,0.0,JHU,0.9,observed
BEN,2023,16,2023-04-17,2023-04-23,0.0,0.0,JHU,0.9,observed
BEN,2023,17,2023-04-24,2023-04-30,0.0,0.0,JHU,0.9,observed
BEN,2023,18,2023-05-01,2023-05-07,0.0,0.0,JHU,0.9,observed
BEN,2023,19,2023-05-08,2023-05-14,0.0,0.0,JHU,0.9,observed
BEN,2023,20,2023-05-15,2023-05-21,0.0,0.0,JHU,0.9,observed
BEN,2023,21,2023-05-22,2023-05-28,0.0,0.0,JHU,0.9,observed
BEN,2023,22,2023-05-29,2023-06-04,0.0,0.0,JHU,0.9,observed
BEN,2023,23,2023-06-05,2023-06-11,0.0,0.0,JHU,0.9,observed
BEN,2023,24,2023-06-12,2023-06-18,0.0,0.0,JHU,0.9,observed
BEN,2023,25,2023-06-19,2023-06-25,0.0,0.0,JHU,0.9,observed
BEN,2023,26,2023-06-26,2023-07-02,0.0,0.0,JHU,0.9,observed
BEN,2023,27,2023-07-03,2023-07-09,0.0,0.0,JHU,0.9,observed
BEN,2023,28,2023-07-10,2023-07-16,0.0,0.0,JHU,0.9,observed
BEN,2023,29,2023-07-17,2023-07-23,0.0,0.0,JHU,0.9,observed
BEN,2023,30,2023-07-24,2023-07-30,0.0,0.0,JHU,0.9,observed
BEN,2023,31,2023-07-31,2023-08-06,0.0,0.0,JHU,0.9,observed
BEN,2023,32,2023-08-07,2023-08-13,0.0,0.0,JHU,0.9,observed
BEN,2023,33,2023-08-14,2023-08-20,0.0,0.0,JHU,0.9,observed
BEN,2023,34,2023-08-21,2023-08-27,2.0,0.0,JHU,0.9,observed
BEN,2023,35,2023-08-28,2023-09-03,0.0,0.0,JHU,0.9,observed
BEN,2023,36,2023-09-04,2023-09-10,0.0,0.0,JHU,0.9,observed
BEN,2023,37,2023-09-11,2023-09-17,0.0,0.0,JHU,0.9,observed
BEN,2023,38,2023-09-18,2023-09-24,0.0,0.0,JHU,0.9,observed
BEN,2023,39,2023-09-25,2023-10-01,0.0,0.0,JHU,0.9,observed
BEN,2023,40,2023-10-02,2023-10-08,0.0,0.0,JHU,0.9,observed
BEN,2023,41,2023-10-09,2023-10-15,0.0,0.0,JHU,0.9,observed
BEN,2023,42,2023-10-16,2023-10-22,0.0,0.0,JHU,0.9,observed
BEN,2023,43,2023-10-23,2023-10-29,0.0,0.0,JHU,0.9,observed
BEN,2023,44,2023-10-30,2023-11-05,0.0,0.0,JHU,0.9,observed
BEN,2023,45,2023-11-06,2023-11-12,0.0,0.0,JHU,0.9,observed
BEN,2023,46,2023-11-13,2023-11-19,0.0,0.0,JHU,0.9,observed
BEN,2023,47,2023-11-20,2023-11-26,0.0,0.0,JHU,0.9,observed
BEN,2023,48,2023-11-27,2023-12-03,0.0,0.0,JHU,0.9,observed
BEN,2023,49,2023-12-04,2023-12-10,0.0,0.0,JHU,0.9,observed
BEN,2023,50,2023-12-11,2023-12-17,0.0,0.0,JHU,0.9,observed
BEN,2023,51,2023-12-18,2023-12-24,7.0,0.0,JHU,0.9,observed
BEN,2023,52,2023-12-25,2023-12-31,1.5,,JHU,0.7,fourier_country
BEN,2024,1,2024-01-01,2024-01-07,9.0,0.0,JHU,0.9,observed
BEN,2024,2,2024-01-08,2024-01-14,26.0,0.0,JHU,0.9,observed
BEN,2024,3,2024-01-15,2024-01-21,10.0,0.0,JHU,0.9,observed
BEN,2024,4,2024-01-22,2024-01-28,2.0,0.0,JHU,0.9,observed
BEN,2024,5,2024-01-29,2024-02-04,6.0,0.0,JHU,0.9,observed
BEN,2024,6,2024-02-05,2024-02-11,8.0,0.0,JHU,0.9,observed
BEN,2024,7,2024-02-12,2024-02-18,16.0,0.0,JHU,0.9,observed
BEN,2024,8,2024-02-19,2024-02-25,11.0,0.0,JHU,0.9,observed
BEN,2024,9,2024-02-26,2024-03-03,33.0,0.0,JHU,0.9,observed
BEN,2024,10,2024-03-04,2024-03-10,9.0,0.0,JHU,0.9,observed
BEN,2024,11,2024-03-11,2024-03-17,44.0,0.0,JHU,0.9,observed
BEN,2024,12,2024-03-18,2024-03-24,15.0,0.0,JHU,0.9,observed
BEN,2024,13,2024-03-25,2024-03-31,3.0,0.0,JHU,0.9,observed
BEN,2024,14,2024-04-01,2024-04-07,0.0,,JHU,0.9,observed
BEN,2024,15,2024-04-08,2024-04-14,0.0,,JHU,0.9,observed
BEN,2024,16,2024-04-15,2024-04-21,0.0,,JHU,0.9,observed
BEN,2024,17,2024-04-22,2024-04-28,0.0,,JHU,0.9,observed
BEN,2024,18,2024-04-29,2024-05-05,1.0,,JHU,0.9,observed
BEN,2024,19,2024-05-06,2024-05-12,0.0,,JHU,0.9,observed
BEN,2024,20,2024-05-13,2024-05-19,0.0,,JHU,0.9,observed
BEN,2024,21,2024-05-20,2024-05-26,6.0,,JHU,0.9,observed
BEN,2024,22,2024-05-27,2024-06-02,12.0,,JHU,0.9,observed
BEN,2024,23,2024-06-03,2024-06-09,3.0,,JHU,0.9,observed
BEN,2024,24,2024-06-10,2024-06-16,17.0,,JHU,0.9,observed
BEN,2024,25,2024-06-17,2024-06-23,20.0,,JHU,0.9,observed
BEN,2024,26,2024-06-24,2024-06-30,64.0,,JHU,0.9,observed
BEN,2024,27,2024-07-01,2024-07-07,80.0,,JHU,0.9,observed
BEN,2024,28,2024-07-08,2024-07-14,0.0,,JHU,0.9,observed
BEN,2024,29,2024-07-15,2024-07-21,0.0,,JHU,0.9,observed
BEN,2024,30,2024-07-22,2024-07-28,0.0,,JHU,0.9,observed
BEN,2024,31,2024-07-29,2024-08-04,0.0,,JHU,0.9,observed
BEN,2024,32,2024-08-05,2024-08-11,0.0,,JHU,0.9,observed
BEN,2024,33,2024-08-12,2024-08-18,0.0,,JHU,0.9,observed
BEN,2024,34,2024-08-19,2024-08-25,0.0,,JHU,0.9,observed
BEN,2024,35,2024-08-26,2024-09-01,0.0,,JHU,0.9,observed
BEN,2024,36,2024-09-02,2024-09-08,0.0,,JHU,0.9,observed
BEN,2024,37,2024-09-09,2024-09-15,0.0,,JHU,0.9,observed
BEN,2024,38,2024-09-16,2024-09-22,0.0,,JHU,0.9,observed
BEN,2024,39,2024-09-23,2024-09-29,0.0,,JHU,0.9,observed
BEN,2024,40,2024-09-30,2024-10-06,0.0,0.0,JHU,1.0,zero_fill
BEN,2024,41,2024-10-07,2024-10-13,0.0,0.0,JHU,1.0,zero_fill
BEN,2024,42,2024-10-14,2024-10-20,0.0,0.0,JHU,1.0,zero_fill
BEN,2024,43,2024-10-21,2024-10-27,0.0,0.0,JHU,1.0,zero_fill
BEN,2024,44,2024-10-28,2024-11-03,0.0,0.0,JHU,1.0,zero_fill
BEN,2024,45,2024-11-04,2024-11-10,0.0,0.0,JHU,1.0,zero_fill
BEN,2024,46,2024-11-11,2024-11-17,0.0,0.0,JHU,1.0,zero_fill
BEN,2024,47,2024-11-18,2024-11-24,0.0,0.0,JHU,1.0,zero_fill
BEN,2024,48,2024-11-25,2024-12-01,0.0,0.0,JHU,1.0,zero_fill
BEN,2024,49,2024-12-02,2024-12-08,0.0,0.0,JHU,1.0,zero_fill
BEN,2024,50,2024-12-09,2024-12-15,0.0,0.0,JHU,1.0,zero_fill
BEN,2024,51,2024-12-16,2024-12-22,0.0,0.0,JHU,1.0,zero_fill
BEN,2024,52,2024-12-23,2024-12-29,0.0,0.0,JHU,1.0,zero_fill
BEN,2025,1,2024-12-30,2025-01-05,0.0,0.0,JHU,1.0,zero_fill
