iso_code,year,iso_week,week_start,week_end,sCh,deaths,source,confidence_weight,disaggregation_method
COD,1970,2,1970-01-05,1970-01-11,0.0,0.0,AI,0.6,inferred_zero
COD,1970,3,1970-01-12,1970-01-18,0.0,0.0,AI,0.6,inferred_zero
COD,1970,4,1970-01-19,1970-01-25,0.0,0.0,AI,0.6,inferred_zero
COD,1970,5,1970-01-26,1970-02-01,0.0,0.0,AI,0.6,inferred_zero
COD,1970,6,1970-02-02,1970-02-08,0.0,0.0,AI,0.6,inferred_zero
COD,1970,7,1970-02-09,1970-02-15,0.0,0.0,AI,0.6,inferred_zero
COD,1970,8,1970-02-16,1970-02-22,0.0,0.0,AI,0.6,inferred_zero
COD,1970,9,1970-02-23,1970-03-01,0.0,0.0,AI,0.6,inferred_zero
COD,1970,10,1970-03-02,1970-03-08,0.0,0.0,AI,0.6,inferred_zero
COD,1970,11,1970-03-09,1970-03-15,0.0,0.0,AI,0.6,inferred_zero
COD,1970,12,1970-03-16,1970-03-22,0.0,0.0,AI,0.6,inferred_zero
COD,1970,13,1970-03-23,1970-03-29,0.0,0.0,AI,0.6,inferred_zero
COD,1970,14,1970-03-30,1970-04-05,0.0,0.0,AI,0.6,inferred_zero
COD,1970,15,1970-04-06,1970-04-12,0.0,0.0,AI,0.6,inferred_zero
COD,1970,16,1970-04-13,1970-04-19,0.0,0.0,AI,0.6,inferred_zero
COD,1970,17,1970-04-20,1970-04-26,0.0,0.0,AI,0.6,inferred_zero
COD,1970,18,1970-04-27,1970-05-03,0.0,0.0,AI,0.6,inferred_zero
COD,1970,19,1970-05-04,1970-05-10,0.0,0.0,AI,0.6,inferred_zero
COD,1970,20,1970-05-11,1970-05-17,0.0,0.0,AI,0.6,inferred_zero
COD,1970,21,1970-05-18,1970-05-24,0.0,0.0,AI,0.6,inferred_zero
COD,1970,22,1970-05-25,1970-05-31,0.0,0.0,AI,0.6,inferred_zero
COD,1970,23,1970-06-01,1970-06-07,0.0,0.0,AI,0.6,inferred_zero
COD,1970,24,1970-06-08,1970-06-14,0.0,0.0,AI,0.6,inferred_zero
COD,1970,25,1970-06-15,1970-06-21,0.0,0.0,AI,0.6,inferred_zero
COD,1970,26,1970-06-22,1970-06-28,0.0,0.0,AI,0.6,inferred_zero
COD,1970,27,1970-06-29,1970-07-05,0.0,0.0,AI,0.6,inferred_zero
COD,1970,28,1970-07-06,1970-07-12,0.0,0.0,AI,0.6,inferred_zero
COD,1970,29,1970-07-13,1970-07-19,0.0,0.0,AI,0.6,inferred_zero
COD,1970,30,1970-07-20,1970-07-26,0.0,0.0,AI,0.6,inferred_zero
COD,1970,31,1970-07-27,1970-08-02,0.0,0.0,AI,0.6,inferred_zero
COD,1970,32,1970-08-03,1970-08-09,0.0,0.0,AI,0.6,inferred_zero
COD,1970,33,1970-08-10,1970-08-16,0.0,0.0,AI,0.6,inferred_zero
COD,1970,34,1970-08-17,1970-08-23,0.0,0.0,AI,0.6,inferred_zero
COD,1970,35,1970-08-24,1970-08-30,0.0,0.0,AI,0.6,inferred_zero
COD,1970,36,1970-08-31,1970-09-06,0.0,0.0,AI,0.6,inferred_zero
COD,1970,37,1970-09-07,1970-09-13,0.0,0.0,AI,0.6,inferred_zero
COD,1970,38,1970-09-14,1970-09-20,0.0,0.0,AI,0.6,inferred_zero
COD,1970,39,1970-09-21,1970-09-27,0.0,0.0,AI,0.6,inferred_zero
COD,1970,40,1970-09-28,1970-10-04,0.0,0.0,AI,0.6,inferred_zero
COD,1970,41,1970-10-05,1970-10-11,0.0,0.0,AI,0.6,inferred_zero
COD,1970,42,1970-10-12,1970-10-18,0.0,0.0,AI,0.6,inferred_zero
COD,1970,43,1970-10-19,1970-10-25,0.0,0.0,AI,0.6,inferred_zero
COD,1970,44,1970-10-26,1970-11-01,0.0,0.0,AI,0.6,inferred_zero
COD,1970,45,1970-11-02,1970-11-08,0.0,0.0,AI,0.6,inferred_zero
COD,1970,46,1970-11-09,1970-11-15,0.0,0.0,AI,0.6,inferred_zero
COD,1970,47,1970-11-16,1970-11-22,0.0,0.0,AI,0.6,inferred_zero
COD,1970,48,1970-11-23,1970-11-29,0.0,0.0,AI,0.6,inferred_zero
COD,1970,49,1970-11-30,1970-12-06,0.0,0.0,AI,0.6,inferred_zero
COD,1970,50,1970-12-07,1970-12-13,0.0,0.0,AI,0.6,inferred_zero
COD,1970,51,1970-12-14,1970-12-20,0.0,0.0,AI,0.6,inferred_zero
COD,1970,52,1970-12-21,1970-12-27,0.0,0.0,AI,0.6,inferred_zero
COD,1970,53,1970-12-28,1971-01-03,0.0,0.0,AI,0.6,inferred_zero
COD,1971,1,1971-01-04,1971-01-10,0.0,0.0,AI,0.6,inferred_zero
COD,1971,2,1971-01-11,1971-01-17,0.0,0.0,AI,0.6,inferred_zero
COD,1971,3,1971-01-18,1971-01-24,0.0,0.0,AI,0.6,inferred_zero
COD,1971,4,1971-01-25,1971-01-31,0.0,0.0,AI,0.6,inferred_zero
COD,1971,5,1971-02-01,1971-02-07,0.0,0.0,AI,0.6,inferred_zero
COD,1971,6,1971-02-08,1971-02-14,0.0,0.0,AI,0.6,inferred_zero
COD,1971,7,1971-02-15,1971-02-21,0.0,0.0,AI,0.6,inferred_zero
COD,1971,8,1971-02-22,1971-02-28,0.0,0.0,AI,0.6,inferred_zero
COD,1971,9,1971-03-01,1971-03-07,0.0,0.0,AI,0.6,inferred_zero
COD,1971,10,1971-03-08,1971-03-14,0.0,0.0,AI,0.6,inferred_zero
COD,1971,11,1971-03-15,1971-03-21,0.0,0.0,AI,0.6,inferred_zero
COD,1971,12,1971-03-22,1971-03-28,0.0,0.0,AI,0.6,inferred_zero
COD,1971,13,1971-03-29,1971-04-04,0.0,0.0,AI,0.6,inferred_zero
COD,1971,14,1971-04-05,1971-04-11,0.0,0.0,AI,0.6,inferred_zero
COD,1971,15,1971-04-12,1971-04-18,0.0,0.0,AI,0.6,inferred_zero
COD,1971,16,1971-04-19,1971-04-25,0.0,0.0,AI,0.6,inferred_zero
COD,1971,17,1971-04-26,1971-05-02,0.0,0.0,AI,0.6,inferred_zero
COD,1971,18,1971-05-03,1971-05-09,0.0,0.0,AI,0.6,inferred_zero
COD,1971,19,1971-05-10,1971-05-16,0.0,0.0,AI,0.6,inferred_zero
COD,1971,20,1971-05-17,1971-05-23,0.0,0.0,AI,0.6,inferred_zero
COD,1971,21,1971-05-24,1971-05-30,0.0,0.0,AI,0.6,inferred_zero
COD,1971,22,1971-05-31,1971-06-06,0.0,0.0,AI,0.6,inferred_zero
COD,1971,23,1971-06-07,1971-06-13,0.0,0.0,AI,0.6,inferred_zero
COD,1971,24,1971-06-14,1971-06-20,0.0,0.0,AI,0.6,inferred_zero
COD,1971,25,1971-06-21,1971-06-27,0.0,0.0,AI,0.6,inferred_zero
COD,1971,26,1971-06-28,1971-07-04,0.0,0.0,AI,0.6,inferred_zero
COD,1971,27,1971-07-05,1971-07-11,0.0,0.0,AI,0.6,inferred_zero
COD,1971,28,1971-07-12,1971-07-18,0.0,0.0,AI,0.6,inferred_zero
COD,1971,29,1971-07-19,1971-07-25,0.0,0.0,AI,0.6,inferred_zero
COD,1971,30,1971-07-26,1971-08-01,0.0,0.0,AI,0.6,inferred_zero
COD,1971,31,1971-08-02,1971-08-08,0.0,0.0,AI,0.6,inferred_zero
COD,1971,32,1971-08-09,1971-08-15,0.0,0.0,AI,0.6,inferred_zero
COD,1971,33,1971-08-16,1971-08-22,0.0,0.0,AI,0.6,inferred_zero
COD,1971,34,1971-08-23,1971-08-29,0.0,0.0,AI,0.6,inferred_zero
COD,1971,35,1971-08-30,1971-09-05,0.0,0.0,AI,0.6,inferred_zero
COD,1971,36,1971-09-06,1971-09-12,0.0,0.0,AI,0.6,inferred_zero
COD,1971,37,1971-09-13,1971-09-19,0.0,0.0,AI,0.6,inferred_zero
COD,1971,38,1971-09-20,1971-09-26,0.0,0.0,AI,0.6,inferred_zero
COD,1971,39,1971-09-27,1971-10-03,0.0,0.0,AI,0.6,inferred_zero
COD,1971,40,1971-10-04,1971-10-10,0.0,0.0,AI,0.6,inferred_zero
COD,1971,41,1971-10-11,1971-10-17,0.0,0.0,AI,0.6,inferred_zero
COD,1971,42,1971-10-18,1971-10-24,0.0,0.0,AI,0.6,inferred_zero
COD,1971,43,1971-10-25,1971-10-31,0.0,0.0,AI,0.6,inferred_zero
COD,1971,44,1971-11-01,1971-11-07,0.0,0.0,AI,0.6,inferred_zero
COD,1971,45,1971-11-08,1971-11-14,0.0,0.0,AI,0.6,inferred_zero
COD,1971,46,1971-11-15,1971-11-21,0.0,0.0,AI,0.6,inferred_zero
COD,1971,47,1971-11-22,1971-11-28,0.0,0.0,AI,0.6,inferred_zero
COD,1971,48,1971-11-29,1971-12-05,0.0,0.0,AI,0.6,inferred_zero
COD,1971,49,1971-12-06,1971-12-12,0.0,0.0,AI,0.6,inferred_zero
COD,1971,50,1971-12-13,1971-12-19,0.0,0.0,AI,0.6,inferred_zero
COD,1971,51,1971-12-20,1971-12-26,0.0,0.0,AI,0.6,inferred_zero
COD,1971,52,1971-12-27,1972-01-02,0.0,0.0,AI,0.6,inferred_zero
COD,1972,1,1972-01-03,1972-01-09,0.0,0.0,AI,0.5,inferred_zero
COD,1972,2,1972-01-10,1972-01-16,0.0,0.0,AI,0.5,inferred_zero
COD,1972,3,1972-01-17,1972-01-23,0.0,0.0,AI,0.5,inferred_zero
COD,1972,4,1972-01-24,1972-01-30,0.0,0.0,AI,0.5,inferred_zero
COD,1972,5,1972-01-31,1972-02-06,0.0,0.0,AI,0.5,inferred_zero
COD,1972,6,1972-02-07,1972-02-13,0.0,0.0,AI,0.5,inferred_zero
COD,1972,7,1972-02-14,1972-02-20,0.0,0.0,AI,0.5,inferred_zero
COD,1972,8,1972-02-21,1972-02-27,0.0,0.0,AI,0.5,inferred_zero
COD,1972,9,1972-02-28,1972-03-05,0.0,0.0,AI,0.5,inferred_zero
COD,1972,10,1972-03-06,1972-03-12,0.0,0.0,AI,0.5,inferred_zero
COD,1972,11,1972-03-13,1972-03-19,0.0,0.0,AI,0.5,inferred_zero
COD,1972,12,1972-03-20,1972-03-26,0.0,0.0,AI,0.5,inferred_zero
COD,1972,13,1972-03-27,1972-04-02,0.0,0.0,AI,0.5,inferred_zero
COD,1972,14,1972-04-03,1972-04-09,0.0,0.0,AI,0.5,inferred_zero
COD,1972,15,1972-04-10,1972-04-16,0.0,0.0,AI,0.5,inferred_zero
COD,1972,16,1972-04-17,1972-04-23,0.0,0.0,AI,0.5,inferred_zero
COD,1972,17,1972-04-24,1972-04-30,0.0,0.0,AI,0.5,inferred_zero
COD,1972,18,1972-05-01,1972-05-07,0.0,0.0,AI,0.5,inferred_zero
COD,1972,19,1972-05-08,1972-05-14,0.0,0.0,AI,0.5,inferred_zero
COD,1972,20,1972-05-15,1972-05-21,0.0,0.0,AI,0.5,inferred_zero
COD,1972,21,1972-05-22,1972-05-28,0.0,0.0,AI,0.5,inferred_zero
COD,1972,22,1972-05-29,1972-06-04,0.0,0.0,AI,0.5,inferred_zero
COD,1972,23,1972-06-05,1972-06-11,0.0,0.0,AI,0.5,inferred_zero
COD,1972,24,1972-06-12,1972-06-18,0.0,0.0,AI,0.5,inferred_zero
COD,1972,25,1972-06-19,1972-06-25,0.0,0.0,AI,0.5,inferred_zero
COD,1972,26,1972-06-26,1972-07-02,0.0,0.0,AI,0.5,inferred_zero
COD,1972,27,1972-07-03,1972-07-09,0.0,0.0,AI,0.5,inferred_zero
COD,1972,28,1972-07-10,1972-07-16,0.0,0.0,AI,0.5,inferred_zero
COD,1972,29,1972-07-17,1972-07-23,0.0,0.0,AI,0.5,inferred_zero
COD,1972,30,1972-07-24,1972-07-30,0.0,0.0,AI,0.5,inferred_zero
COD,1972,31,1972-07-31,1972-08-06,0.0,0.0,AI,0.5,inferred_zero
COD,1972,32,1972-08-07,1972-08-13,0.0,0.0,AI,0.5,inferred_zero
COD,1972,33,1972-08-14,1972-08-20,0.0,0.0,AI,0.5,inferred_zero
COD,1972,34,1972-08-21,1972-08-27,0.0,0.0,AI,0.5,inferred_zero
COD,1972,35,1972-08-28,1972-09-03,0.0,0.0,AI,0.5,inferred_zero
COD,1972,36,1972-09-04,1972-09-10,0.0,0.0,AI,0.5,inferred_zero
COD,1972,37,1972-09-11,1972-09-17,0.0,0.0,AI,0.5,inferred_zero
COD,1972,38,1972-09-18,1972-09-24,0.0,0.0,AI,0.5,inferred_zero
COD,1972,39,1972-09-25,1972-10-01,0.0,0.0,AI,0.5,inferred_zero
COD,1972,40,1972-10-02,1972-10-08,0.0,0.0,AI,0.5,inferred_zero
COD,1972,41,1972-10-09,1972-10-15,0.0,0.0,AI,0.5,inferred_zero
COD,1972,42,1972-10-16,1972-10-22,0.0,0.0,AI,0.5,inferred_zero
COD,1972,43,1972-10-23,1972-10-29,0.0,0.0,AI,0.5,inferred_zero
COD,1972,44,1972-10-30,1972-11-05,0.0,0.0,AI,0.5,inferred_zero
COD,1972,45,1972-11-06,1972-11-12,0.0,0.0,AI,0.5,inferred_zero
COD,1972,46,1972-11-13,1972-11-19,0.0,0.0,AI,0.5,inferred_zero
COD,1972,47,1972-11-20,1972-11-26,0.0,0.0,AI,0.5,inferred_zero
COD,1972,48,1972-11-27,1972-12-03,0.0,0.0,AI,0.5,inferred_zero
COD,1972,49,1972-12-04,1972-12-10,0.0,0.0,AI,0.5,inferred_zero
COD,1972,50,1972-12-11,1972-12-17,0.0,0.0,AI,0.5,inferred_zero
COD,1972,51,1972-12-18,1972-12-24,0.0,0.0,AI,0.5,inferred_zero
COD,1972,52,1972-12-25,1972-12-31,0.0,0.0,AI,0.5,inferred_zero
COD,1973,1,1973-01-01,1973-01-07,0.0,0.0,none,0.5,assumed_zero
COD,1973,2,1973-01-08,1973-01-14,0.0,0.0,none,0.5,assumed_zero
COD,1973,3,1973-01-15,1973-01-21,0.0,0.0,none,0.5,assumed_zero
COD,1973,4,1973-01-22,1973-01-28,0.0,0.0,none,0.5,assumed_zero
COD,1973,5,1973-01-29,1973-02-04,0.0,0.0,none,0.5,assumed_zero
COD,1973,6,1973-02-05,1973-02-11,0.0,0.0,none,0.5,assumed_zero
COD,1973,7,1973-02-12,1973-02-18,0.0,0.0,none,0.5,assumed_zero
COD,1973,8,1973-02-19,1973-02-25,0.0,0.0,none,0.5,assumed_zero
COD,1973,9,1973-02-26,1973-03-04,0.0,0.0,none,0.5,assumed_zero
COD,1973,10,1973-03-05,1973-03-11,0.0,0.0,none,0.5,assumed_zero
COD,1973,11,1973-03-12,1973-03-18,0.0,0.0,none,0.5,assumed_zero
COD,1973,12,1973-03-19,1973-03-25,0.0,0.0,none,0.5,assumed_zero
COD,1973,13,1973-03-26,1973-04-01,0.0,0.0,none,0.5,assumed_zero
COD,1973,14,1973-04-02,1973-04-08,0.0,0.0,none,0.5,assumed_zero
COD,1973,15,1973-04-09,1973-04-15,0.0,0.0,none,0.5,assumed_zero
COD,1973,16,1973-04-16,1973-04-22,0.0,0.0,none,0.5,assumed_zero
COD,1973,17,1973-04-23,1973-04-29,0.0,0.0,none,0.5,assumed_zero
COD,1973,18,1973-04-30,1973-05-06,0.0,0.0,none,0.5,assumed_zero
COD,1973,19,1973-05-07,1973-05-13,0.0,0.0,none,0.5,assumed_zero
COD,1973,20,1973-05-14,1973-05-20,0.0,0.0,none,0.5,assumed_zero
COD,1973,21,1973-05-21,1973-05-27,0.0,0.0,none,0.5,assumed_zero
COD,1973,22,1973-05-28,1973-06-03,0.0,0.0,none,0.5,assumed_zero
COD,1973,23,1973-06-04,1973-06-10,0.0,0.0,none,0.5,assumed_zero
COD,1973,24,1973-06-11,1973-06-17,0.0,0.0,none,0.5,assumed_zero
COD,1973,25,1973-06-18,1973-06-24,0.0,0.0,none,0.5,assumed_zero
COD,1973,26,1973-06-25,1973-07-01,0.0,0.0,none,0.5,assumed_zero
COD,1973,27,1973-07-02,1973-07-08,0.0,0.0,none,0.5,assumed_zero
COD,1973,28,1973-07-09,1973-07-15,0.0,0.0,none,0.5,assumed_zero
COD,1973,29,1973-07-16,1973-07-22,0.0,0.0,none,0.5,assumed_zero
COD,1973,30,1973-07-23,1973-07-29,0.0,0.0,none,0.5,assumed_zero
COD,1973,31,1973-07-30,1973-08-05,0.0,0.0,none,0.5,assumed_zero
COD,1973,32,1973-08-06,1973-08-12,0.0,0.0,none,0.5,assumed_zero
COD,1973,33,1973-08-13,1973-08-19,0.0,0.0,none,0.5,assumed_zero
COD,1973,34,1973-08-20,1973-08-26,0.0,0.0,none,0.5,assumed_zero
COD,1973,35,1973-08-27,1973-09-02,0.0,0.0,none,0.5,assumed_zero
COD,1973,36,1973-09-03,1973-09-09,0.0,0.0,none,0.5,assumed_zero
COD,1973,37,1973-09-10,1973-09-16,0.0,0.0,none,0.5,assumed_zero
COD,1973,38,1973-09-17,1973-09-23,0.0,0.0,none,0.5,assumed_zero
COD,1973,39,1973-09-24,1973-09-30,0.0,0.0,none,0.5,assumed_zero
COD,1973,40,1973-10-01,1973-10-07,0.0,0.0,none,0.5,assumed_zero
COD,1973,41,1973-10-08,1973-10-14,0.0,0.0,none,0.5,assumed_zero
COD,1973,42,1973-10-15,1973-10-21,0.0,0.0,none,0.5,assumed_zero
COD,1973,43,1973-10-22,1973-10-28,0.0,0.0,none,0.5,assumed_zero
COD,1973,44,1973-10-29,1973-11-04,0.0,0.0,none,0.5,assumed_zero
COD,1973,45,1973-11-05,1973-11-11,0.0,0.0,none,0.5,assumed_zero
COD,1973,46,1973-11-12,1973-11-18,0.0,0.0,none,0.5,assumed_zero
COD,1973,47,1973-11-19,1973-11-25,0.0,0.0,none,0.5,assumed_zero
COD,1973,48,1973-11-26,1973-12-02,0.0,0.0,none,0.5,assumed_zero
COD,1973,49,1973-12-03,1973-12-09,0.0,0.0,none,0.5,assumed_zero
COD,1973,50,1973-12-10,1973-12-16,0.0,0.0,none,0.5,assumed_zero
COD,1973,51,1973-12-17,1973-12-23,0.0,0.0,none,0.5,assumed_zero
COD,1973,52,1973-12-24,1973-12-30,0.0,0.0,none,0.5,assumed_zero
COD,1974,1,1973-12-31,1974-01-06,0.0,0.0,none,0.5,assumed_zero
COD,1974,2,1974-01-07,1974-01-13,0.0,0.0,none,0.5,assumed_zero
COD,1974,3,1974-01-14,1974-01-20,0.0,0.0,none,0.5,assumed_zero
COD,1974,4,1974-01-21,1974-01-27,0.0,0.0,none,0.5,assumed_zero
COD,1974,5,1974-01-28,1974-02-03,0.0,0.0,none,0.5,assumed_zero
COD,1974,6,1974-02-04,1974-02-10,0.0,0.0,none,0.5,assumed_zero
COD,1974,7,1974-02-11,1974-02-17,0.0,0.0,none,0.5,assumed_zero
COD,1974,8,1974-02-18,1974-02-24,0.0,0.0,none,0.5,assumed_zero
COD,1974,9,1974-02-25,1974-03-03,0.0,0.0,none,0.5,assumed_zero
COD,1974,10,1974-03-04,1974-03-10,0.0,0.0,none,0.5,assumed_zero
COD,1974,11,1974-03-11,1974-03-17,0.0,0.0,none,0.5,assumed_zero
COD,1974,12,1974-03-18,1974-03-24,0.0,0.0,none,0.5,assumed_zero
COD,1974,13,1974-03-25,1974-03-31,0.0,0.0,none,0.5,assumed_zero
COD,1974,14,1974-04-01,1974-04-07,0.0,0.0,none,0.5,assumed_zero
COD,1974,15,1974-04-08,1974-04-14,0.0,0.0,none,0.5,assumed_zero
COD,1974,16,1974-04-15,1974-04-21,0.0,0.0,none,0.5,assumed_zero
COD,1974,17,1974-04-22,1974-04-28,0.0,0.0,none,0.5,assumed_zero
COD,1974,18,1974-04-29,1974-05-05,0.0,0.0,none,0.5,assumed_zero
COD,1974,19,1974-05-06,1974-05-12,0.0,0.0,none,0.5,assumed_zero
COD,1974,20,1974-05-13,1974-05-19,0.0,0.0,none,0.5,assumed_zero
COD,1974,21,1974-05-20,1974-05-26,0.0,0.0,none,0.5,assumed_zero
COD,1974,22,1974-05-27,1974-06-02,0.0,0.0,none,0.5,assumed_zero
COD,1974,23,1974-06-03,1974-06-09,0.0,0.0,none,0.5,assumed_zero
COD,1974,24,1974-06-10,1974-06-16,0.0,0.0,none,0.5,assumed_zero
COD,1974,25,1974-06-17,1974-06-23,0.0,0.0,none,0.5,assumed_zero
COD,1974,26,1974-06-24,1974-06-30,0.0,0.0,none,0.5,assumed_zero
COD,1974,27,1974-07-01,1974-07-07,0.0,0.0,none,0.5,assumed_zero
COD,1974,28,1974-07-08,1974-07-14,0.0,0.0,none,0.5,assumed_zero
COD,1974,29,1974-07-15,1974-07-21,0.0,0.0,none,0.5,assumed_zero
COD,1974,30,1974-07-22,1974-07-28,0.0,0.0,none,0.5,assumed_zero
COD,1974,31,1974-07-29,1974-08-04,0.0,0.0,none,0.5,assumed_zero
COD,1974,32,1974-08-05,1974-08-11,0.0,0.0,none,0.5,assumed_zero
COD,1974,33,1974-08-12,1974-08-18,0.0,0.0,none,0.5,assumed_zero
COD,1974,34,1974-08-19,1974-08-25,0.0,0.0,none,0.5,assumed_zero
COD,1974,35,1974-08-26,1974-09-01,0.0,0.0,none,0.5,assumed_zero
COD,1974,36,1974-09-02,1974-09-08,0.0,0.0,none,0.5,assumed_zero
COD,1974,37,1974-09-09,1974-09-15,0.0,0.0,none,0.5,assumed_zero
COD,1974,38,1974-09-16,1974-09-22,0.0,0.0,none,0.5,assumed_zero
COD,1974,39,1974-09-23,1974-09-29,0.0,0.0,none,0.5,assumed_zero
COD,1974,40,1974-09-30,1974-10-06,0.0,0.0,none,0.5,assumed_zero
COD,1974,41,1974-10-07,1974-10-13,0.0,0.0,none,0.5,assumed_zero
COD,1974,42,1974-10-14,1974-10-20,0.0,0.0,none,0.5,assumed_zero
COD,1974,43,1974-10-21,1974-10-27,0.0,0.0,none,0.5,assumed_zero
COD,1974,44,1974-10-28,1974-11-03,0.0,0.0,none,0.5,assumed_zero
COD,1974,45,1974-11-04,1974-11-10,0.0,0.0,none,0.5,assumed_zero
COD,1974,46,1974-11-11,1974-11-17,0.0,0.0,none,0.5,assumed_zero
COD,1974,47,1974-11-18,1974-11-24,0.0,0.0,none,0.5,assumed_zero
COD,1974,48,1974-11-25,1974-12-01,0.0,0.0,none,0.5,assumed_zero
COD,1974,49,1974-12-02,1974-12-08,0.0,0.0,none,0.5,assumed_zero
COD,1974,50,1974-12-09,1974-12-15,0.0,0.0,none,0.5,assumed_zero
COD,1974,51,1974-12-16,1974-12-22,0.0,0.0,none,0.5,assumed_zero
COD,1974,52,1974-12-23,1974-12-29,0.0,0.0,none,0.5,assumed_zero
COD,1975,1,1974-12-30,1975-01-05,0.0,0.0,none,0.5,assumed_zero
COD,1975,2,1975-01-06,1975-01-12,0.0,0.0,none,0.5,assumed_zero
COD,1975,3,1975-01-13,1975-01-19,0.0,0.0,none,0.5,assumed_zero
COD,1975,4,1975-01-20,1975-01-26,0.0,0.0,none,0.5,assumed_zero
COD,1975,5,1975-01-27,1975-02-02,0.0,0.0,none,0.5,assumed_zero
COD,1975,6,1975-02-03,1975-02-09,0.0,0.0,none,0.5,assumed_zero
COD,1975,7,1975-02-10,1975-02-16,0.0,0.0,none,0.5,assumed_zero
COD,1975,8,1975-02-17,1975-02-23,0.0,0.0,none,0.5,assumed_zero
COD,1975,9,1975-02-24,1975-03-02,0.0,0.0,none,0.5,assumed_zero
COD,1975,10,1975-03-03,1975-03-09,0.0,0.0,none,0.5,assumed_zero
COD,1975,11,1975-03-10,1975-03-16,0.0,0.0,none,0.5,assumed_zero
COD,1975,12,1975-03-17,1975-03-23,0.0,0.0,none,0.5,assumed_zero
COD,1975,13,1975-03-24,1975-03-30,0.0,0.0,none,0.5,assumed_zero
COD,1975,14,1975-03-31,1975-04-06,0.0,0.0,none,0.5,assumed_zero
COD,1975,15,1975-04-07,1975-04-13,0.0,0.0,none,0.5,assumed_zero
COD,1975,16,1975-04-14,1975-04-20,0.0,0.0,none,0.5,assumed_zero
COD,1975,17,1975-04-21,1975-04-27,0.0,0.0,none,0.5,assumed_zero
COD,1975,18,1975-04-28,1975-05-04,0.0,0.0,none,0.5,assumed_zero
COD,1975,19,1975-05-05,1975-05-11,0.0,0.0,none,0.5,assumed_zero
COD,1975,20,1975-05-12,1975-05-18,0.0,0.0,none,0.5,assumed_zero
COD,1975,21,1975-05-19,1975-05-25,0.0,0.0,none,0.5,assumed_zero
COD,1975,22,1975-05-26,1975-06-01,0.0,0.0,none,0.5,assumed_zero
COD,1975,23,1975-06-02,1975-06-08,0.0,0.0,none,0.5,assumed_zero
COD,1975,24,1975-06-09,1975-06-15,0.0,0.0,none,0.5,assumed_zero
COD,1975,25,1975-06-16,1975-06-22,0.0,0.0,none,0.5,assumed_zero
COD,1975,26,1975-06-23,1975-06-29,0.0,0.0,none,0.5,assumed_zero
COD,1975,27,1975-06-30,1975-07-06,0.0,0.0,none,0.5,assumed_zero
COD,1975,28,1975-07-07,1975-07-13,0.0,0.0,none,0.5,assumed_zero
COD,1975,29,1975-07-14,1975-07-20,0.0,0.0,none,0.5,assumed_zero
COD,1975,30,1975-07-21,1975-07-27,0.0,0.0,none,0.5,assumed_zero
COD,1975,31,1975-07-28,1975-08-03,0.0,0.0,none,0.5,assumed_zero
COD,1975,32,1975-08-04,1975-08-10,0.0,0.0,none,0.5,assumed_zero
COD,1975,33,1975-08-11,1975-08-17,0.0,0.0,none,0.5,assumed_zero
COD,1975,34,1975-08-18,1975-08-24,0.0,0.0,none,0.5,assumed_zero
COD,1975,35,1975-08-25,1975-08-31,0.0,0.0,none,0.5,assumed_zero
COD,1975,36,1975-09-01,1975-09-07,0.0,0.0,none,0.5,assumed_zero
COD,1975,37,1975-09-08,1975-09-14,0.0,0.0,none,0.5,assumed_zero
COD,1975,38,1975-09-15,1975-09-21,0.0,0.0,none,0.5,assumed_zero
COD,1975,39,1975-09-22,1975-09-28,0.0,0.0,none,0.5,assumed_zero
COD,1975,40,1975-09-29,1975-10-05,0.0,0.0,none,0.5,assumed_zero
COD,1975,41,1975-10-06,1975-10-12,0.0,0.0,none,0.5,assumed_zero
COD,1975,42,1975-10-13,1975-10-19,0.0,0.0,none,0.5,assumed_zero
COD,1975,43,1975-10-20,1975-10-26,0.0,0.0,none,0.5,assumed_zero
COD,1975,44,1975-10-27,1975-11-02,0.0,0.0,none,0.5,assumed_zero
COD,1975,45,1975-11-03,1975-11-09,0.0,0.0,none,0.5,assumed_zero
COD,1975,46,1975-11-10,1975-11-16,0.0,0.0,none,0.5,assumed_zero
COD,1975,47,1975-11-17,1975-11-23,0.0,0.0,none,0.5,assumed_zero
COD,1975,48,1975-11-24,1975-11-30,0.0,0.0,none,0.5,assumed_zero
COD,1975,49,1975-12-01,1975-12-07,0.0,0.0,none,0.5,assumed_zero
COD,1975,50,1975-12-08,1975-12-14,0.0,0.0,none,0.5,assumed_zero
COD,1975,51,1975-12-15,1975-12-21,0.0,0.0,none,0.5,assumed_zero
COD,1975,52,1975-12-22,1975-12-28,0.0,0.0,none,0.5,assumed_zero
COD,1976,1,1975-12-29,1976-01-04,0.0,0.0,none,0.5,assumed_zero
COD,1976,2,1976-01-05,1976-01-11,0.0,0.0,none,0.5,assumed_zero
COD,1976,3,1976-01-12,1976-01-18,0.0,0.0,none,0.5,assumed_zero
COD,1976,4,1976-01-19,1976-01-25,0.0,0.0,none,0.5,assumed_zero
COD,1976,5,1976-01-26,1976-02-01,0.0,0.0,none,0.5,assumed_zero
COD,1976,6,1976-02-02,1976-02-08,0.0,0.0,none,0.5,assumed_zero
COD,1976,7,1976-02-09,1976-02-15,0.0,0.0,none,0.5,assumed_zero
COD,1976,8,1976-02-16,1976-02-22,0.0,0.0,none,0.5,assumed_zero
COD,1976,9,1976-02-23,1976-02-29,0.0,0.0,none,0.5,assumed_zero
COD,1976,10,1976-03-01,1976-03-07,0.0,0.0,none,0.5,assumed_zero
COD,1976,11,1976-03-08,1976-03-14,0.0,0.0,none,0.5,assumed_zero
COD,1976,12,1976-03-15,1976-03-21,0.0,0.0,none,0.5,assumed_zero
COD,1976,13,1976-03-22,1976-03-28,0.0,0.0,none,0.5,assumed_zero
COD,1976,14,1976-03-29,1976-04-04,0.0,0.0,none,0.5,assumed_zero
COD,1976,15,1976-04-05,1976-04-11,0.0,0.0,none,0.5,assumed_zero
COD,1976,16,1976-04-12,1976-04-18,0.0,0.0,none,0.5,assumed_zero
COD,1976,17,1976-04-19,1976-04-25,0.0,0.0,none,0.5,assumed_zero
COD,1976,18,1976-04-26,1976-05-02,0.0,0.0,none,0.5,assumed_zero
COD,1976,19,1976-05-03,1976-05-09,0.0,0.0,none,0.5,assumed_zero
COD,1976,20,1976-05-10,1976-05-16,0.0,0.0,none,0.5,assumed_zero
COD,1976,21,1976-05-17,1976-05-23,0.0,0.0,none,0.5,assumed_zero
COD,1976,22,1976-05-24,1976-05-30,0.0,0.0,none,0.5,assumed_zero
COD,1976,23,1976-05-31,1976-06-06,0.0,0.0,none,0.5,assumed_zero
COD,1976,24,1976-06-07,1976-06-13,0.0,0.0,none,0.5,assumed_zero
COD,1976,25,1976-06-14,1976-06-20,0.0,0.0,none,0.5,assumed_zero
COD,1976,26,1976-06-21,1976-06-27,0.0,0.0,none,0.5,assumed_zero
COD,1976,27,1976-06-28,1976-07-04,0.0,0.0,none,0.5,assumed_zero
COD,1976,28,1976-07-05,1976-07-11,0.0,0.0,none,0.5,assumed_zero
COD,1976,29,1976-07-12,1976-07-18,0.0,0.0,none,0.5,assumed_zero
COD,1976,30,1976-07-19,1976-07-25,0.0,0.0,none,0.5,assumed_zero
COD,1976,31,1976-07-26,1976-08-01,0.0,0.0,none,0.5,assumed_zero
COD,1976,32,1976-08-02,1976-08-08,0.0,0.0,none,0.5,assumed_zero
COD,1976,33,1976-08-09,1976-08-15,0.0,0.0,none,0.5,assumed_zero
COD,1976,34,1976-08-16,1976-08-22,0.0,0.0,none,0.5,assumed_zero
COD,1976,35,1976-08-23,1976-08-29,0.0,0.0,none,0.5,assumed_zero
COD,1976,36,1976-08-30,1976-09-05,0.0,0.0,none,0.5,assumed_zero
COD,1976,37,1976-09-06,1976-09-12,0.0,0.0,none,0.5,assumed_zero
COD,1976,38,1976-09-13,1976-09-19,0.0,0.0,none,0.5,assumed_zero
COD,1976,39,1976-09-20,1976-09-26,0.0,0.0,none,0.5,assumed_zero
COD,1976,40,1976-09-27,1976-10-03,0.0,0.0,none,0.5,assumed_zero
COD,1976,41,1976-10-04,1976-10-10,0.0,0.0,none,0.5,assumed_zero
COD,1976,42,1976-10-11,1976-10-17,0.0,0.0,none,0.5,assumed_zero
COD,1976,43,1976-10-18,1976-10-24,0.0,0.0,none,0.5,assumed_zero
COD,1976,44,1976-10-25,1976-10-31,0.0,0.0,none,0.5,assumed_zero
COD,1976,45,1976-11-01,1976-11-07,0.0,0.0,none,0.5,assumed_zero
COD,1976,46,1976-11-08,1976-11-14,0.0,0.0,none,0.5,assumed_zero
COD,1976,47,1976-11-15,1976-11-21,0.0,0.0,none,0.5,assumed_zero
COD,1976,48,1976-11-22,1976-11-28,0.0,0.0,none,0.5,assumed_zero
COD,1976,49,1976-11-29,1976-12-05,0.0,0.0,none,0.5,assumed_zero
COD,1976,50,1976-12-06,1976-12-12,0.0,0.0,none,0.5,assumed_zero
COD,1976,51,1976-12-13,1976-12-19,0.0,0.0,none,0.5,assumed_zero
COD,1976,52,1976-12-20,1976-12-26,0.0,0.0,none,0.5,assumed_zero
COD,1976,53,1976-12-27,1977-01-02,0.0,0.0,none,0.5,assumed_zero
COD,1977,1,1977-01-03,1977-01-09,0.0,0.0,none,0.5,assumed_zero
COD,1977,2,1977-01-10,1977-01-16,0.0,0.0,none,0.5,assumed_zero
COD,1977,3,1977-01-17,1977-01-23,0.0,0.0,none,0.5,assumed_zero
COD,1977,4,1977-01-24,1977-01-30,0.0,0.0,none,0.5,assumed_zero
COD,1977,5,1977-01-31,1977-02-06,0.0,0.0,none,0.5,assumed_zero
COD,1977,6,1977-02-07,1977-02-13,0.0,0.0,none,0.5,assumed_zero
COD,1977,7,1977-02-14,1977-02-20,0.0,0.0,none,0.5,assumed_zero
COD,1977,8,1977-02-21,1977-02-27,0.0,0.0,none,0.5,assumed_zero
COD,1977,9,1977-02-28,1977-03-06,0.0,0.0,none,0.5,assumed_zero
COD,1977,10,1977-03-07,1977-03-13,0.0,0.0,none,0.5,assumed_zero
COD,1977,11,1977-03-14,1977-03-20,0.0,0.0,none,0.5,assumed_zero
COD,1977,12,1977-03-21,1977-03-27,0.0,0.0,none,0.5,assumed_zero
COD,1977,13,1977-03-28,1977-04-03,0.0,0.0,none,0.5,assumed_zero
COD,1977,14,1977-04-04,1977-04-10,0.0,0.0,none,0.5,assumed_zero
COD,1977,15,1977-04-11,1977-04-17,0.0,0.0,none,0.5,assumed_zero
COD,1977,16,1977-04-18,1977-04-24,0.0,0.0,none,0.5,assumed_zero
COD,1977,17,1977-04-25,1977-05-01,0.0,0.0,none,0.5,assumed_zero
COD,1977,18,1977-05-02,1977-05-08,0.0,0.0,none,0.5,assumed_zero
COD,1977,19,1977-05-09,1977-05-15,0.0,0.0,none,0.5,assumed_zero
COD,1977,20,1977-05-16,1977-05-22,0.0,0.0,none,0.5,assumed_zero
COD,1977,21,1977-05-23,1977-05-29,0.0,0.0,none,0.5,assumed_zero
COD,1977,22,1977-05-30,1977-06-05,0.0,0.0,none,0.5,assumed_zero
COD,1977,23,1977-06-06,1977-06-12,0.0,0.0,none,0.5,assumed_zero
COD,1977,24,1977-06-13,1977-06-19,0.0,0.0,none,0.5,assumed_zero
COD,1977,25,1977-06-20,1977-06-26,0.0,0.0,none,0.5,assumed_zero
COD,1977,26,1977-06-27,1977-07-03,0.0,0.0,none,0.5,assumed_zero
COD,1977,27,1977-07-04,1977-07-10,0.0,0.0,none,0.5,assumed_zero
COD,1977,28,1977-07-11,1977-07-17,0.0,0.0,none,0.5,assumed_zero
COD,1977,29,1977-07-18,1977-07-24,0.0,0.0,none,0.5,assumed_zero
COD,1977,30,1977-07-25,1977-07-31,0.0,0.0,none,0.5,assumed_zero
COD,1977,31,1977-08-01,1977-08-07,0.0,0.0,none,0.5,assumed_zero
COD,1977,32,1977-08-08,1977-08-14,0.0,0.0,none,0.5,assumed_zero
COD,1977,33,1977-08-15,1977-08-21,0.0,0.0,none,0.5,assumed_zero
COD,1977,34,1977-08-22,1977-08-28,0.0,0.0,none,0.5,assumed_zero
COD,1977,35,1977-08-29,1977-09-04,0.0,0.0,none,0.5,assumed_zero
COD,1977,36,1977-09-05,1977-09-11,0.0,0.0,none,0.5,assumed_zero
COD,1977,37,1977-09-12,1977-09-18,0.0,0.0,none,0.5,assumed_zero
COD,1977,38,1977-09-19,1977-09-25,0.0,0.0,none,0.5,assumed_zero
COD,1977,39,1977-09-26,1977-10-02,0.0,0.0,none,0.5,assumed_zero
COD,1977,40,1977-10-03,1977-10-09,0.0,0.0,none,0.5,assumed_zero
COD,1977,41,1977-10-10,1977-10-16,0.0,0.0,none,0.5,assumed_zero
COD,1977,42,1977-10-17,1977-10-23,0.0,0.0,none,0.5,assumed_zero
COD,1977,43,1977-10-24,1977-10-30,0.0,0.0,none,0.5,assumed_zero
COD,1977,44,1977-10-31,1977-11-06,0.0,0.0,none,0.5,assumed_zero
COD,1977,45,1977-11-07,1977-11-13,0.0,0.0,none,0.5,assumed_zero
COD,1977,46,1977-11-14,1977-11-20,0.0,0.0,none,0.5,assumed_zero
COD,1977,47,1977-11-21,1977-11-27,0.0,0.0,none,0.5,assumed_zero
COD,1977,48,1977-11-28,1977-12-04,0.0,0.0,none,0.5,assumed_zero
COD,1977,49,1977-12-05,1977-12-11,0.0,0.0,none,0.5,assumed_zero
COD,1977,50,1977-12-12,1977-12-18,0.0,0.0,none,0.5,assumed_zero
COD,1977,51,1977-12-19,1977-12-25,0.0,0.0,none,0.5,assumed_zero
COD,1977,52,1977-12-26,1978-01-01,0.0,0.0,none,0.5,assumed_zero
COD,1978,1,1978-01-02,1978-01-08,9.9444,0.629,JHU,0.5,fourier_country_k2
COD,1978,2,1978-01-09,1978-01-15,9.9351,0.6284,JHU,0.5,fourier_country_k2
COD,1978,3,1978-01-16,1978-01-22,9.9427,0.6289,JHU,0.5,fourier_country_k2
COD,1978,4,1978-01-23,1978-01-29,9.9524,0.6295,JHU,0.5,fourier_country_k2
COD,1978,5,1978-01-30,1978-02-05,9.9489,0.6293,JHU,0.5,fourier_country_k2
COD,1978,6,1978-02-06,1978-02-12,9.9179,0.6273,JHU,0.5,fourier_country_k2
COD,1978,7,1978-02-13,1978-02-19,9.8464,0.6228,JHU,0.5,fourier_country_k2
COD,1978,8,1978-02-20,1978-02-26,9.7243,0.6151,JHU,0.5,fourier_country_k2
COD,1978,9,1978-02-27,1978-03-05,9.5449,0.6037,JHU,0.5,fourier_country_k2
COD,1978,10,1978-03-06,1978-03-12,9.3054,0.5886,JHU,0.5,fourier_country_k2
COD,1978,11,1978-03-13,1978-03-19,9.0077,0.5698,JHU,0.5,fourier_country_k2
COD,1978,12,1978-03-20,1978-03-26,8.6579,0.5476,JHU,0.5,fourier_country_k2
COD,1978,13,1978-03-27,1978-04-02,8.2665,0.5229,JHU,0.5,fourier_country_k2
COD,1978,14,1978-04-03,1978-04-09,7.8478,0.4964,JHU,0.5,fourier_country_k2
COD,1978,15,1978-04-10,1978-04-16,7.4193,0.4693,JHU,0.5,fourier_country_k2
COD,1978,16,1978-04-17,1978-04-23,7.0005,0.4428,JHU,0.5,fourier_country_k2
COD,1978,17,1978-04-24,1978-04-30,6.6121,0.4182,JHU,0.5,fourier_country_k2
COD,1978,18,1978-05-01,1978-05-07,6.2749,0.3969,JHU,0.5,fourier_country_k2
COD,1978,19,1978-05-08,1978-05-14,6.0083,0.38,JHU,0.5,fourier_country_k2
COD,1978,20,1978-05-15,1978-05-21,5.8295,0.3687,JHU,0.5,fourier_country_k2
COD,1978,21,1978-05-22,1978-05-28,5.7524,0.3639,JHU,0.5,fourier_country_k2
COD,1978,22,1978-05-29,1978-06-04,124.3223,9.9018,AI,0.72,fourier_country_k2
COD,1978,23,1978-06-05,1978-06-11,127.5497,10.1588,AI,0.72,fourier_country_k2
COD,1978,24,1978-06-12,1978-06-18,133.2613,10.6137,AI,0.72,fourier_country_k2
COD,1978,25,1978-06-19,1978-06-25,141.3336,11.2567,AI,0.72,fourier_country_k2
COD,1978,26,1978-06-26,1978-07-02,151.5332,12.069,AI,0.72,fourier_country_k2
COD,1978,27,1978-07-03,1978-07-09,7.6113,0.4814,JHU,0.5,fourier_country_k2
COD,1978,28,1978-07-10,1978-07-16,49.0,3.0,AI,0.6,observed
COD,1978,29,1978-07-17,1978-07-23,8.8976,0.5628,JHU,0.5,fourier_country_k2
COD,1978,30,1978-07-24,1978-07-30,9.5788,0.6059,JHU,0.5,fourier_country_k2
COD,1978,31,1978-07-31,1978-08-06,10.2525,0.6485,JHU,0.5,fourier_country_k2
COD,1978,32,1978-08-07,1978-08-13,10.8942,0.6891,JHU,0.5,fourier_country_k2
COD,1978,33,1978-08-14,1978-08-20,11.4811,0.7262,JHU,0.5,fourier_country_k2
COD,1978,34,1978-08-21,1978-08-27,11.9936,0.7586,JHU,0.5,fourier_country_k2
COD,1978,35,1978-08-28,1978-09-03,12.4156,0.7853,JHU,0.5,fourier_country_k2
COD,1978,36,1978-09-04,1978-09-10,12.7358,0.8056,JHU,0.5,fourier_country_k2
COD,1978,37,1978-09-11,1978-09-17,12.9477,0.819,JHU,0.5,fourier_country_k2
COD,1978,38,1978-09-18,1978-09-24,13.05,0.8255,JHU,0.5,fourier_country_k2
COD,1978,39,1978-09-25,1978-10-01,13.0467,0.8252,JHU,0.5,fourier_country_k2
COD,1978,40,1978-10-02,1978-10-08,208.6733,14.2277,AI,0.81,fourier_country_k2
COD,1978,41,1978-10-09,1978-10-15,205.6997,14.025,AI,0.81,fourier_country_k2
COD,1978,42,1978-10-16,1978-10-22,201.627,13.7473,AI,0.81,fourier_country_k2
COD,1978,43,1978-10-23,1978-10-29,333.0,16.0,AI,0.9,observed
COD,1978,44,1978-10-30,1978-11-05,120.0,5.0,AI,0.9,observed
COD,1978,45,1978-11-06,1978-11-12,64.0,1.0,AI,0.9,observed
COD,1978,46,1978-11-13,1978-11-19,590.0,9.0,AI,0.9,observed
COD,1978,47,1978-11-20,1978-11-26,292.0,13.0,AI,0.9,observed
COD,1978,48,1978-11-27,1978-12-03,40.0,1.0,AI,0.9,observed
COD,1978,49,1978-12-04,1978-12-10,10.3721,0.6561,JHU,0.5,fourier_country_k2
COD,1978,50,1978-12-11,1978-12-17,343.0,17.0,AI,0.9,observed
COD,1978,51,1978-12-18,1978-12-24,24.0,1.0,AI,0.9,observed
COD,1978,52,1978-12-25,1978-12-31,9.9837,0.6315,JHU,0.5,fourier_country_k2
COD,1979,1,1979-01-01,1979-01-07,11.9997,0.0,AI,0.72,fourier_country_k2
COD,1979,2,1979-01-08,1979-01-14,11.9885,0.0,AI,0.72,fourier_country_k2
COD,1979,3,1979-01-15,1979-01-21,11.9976,0.0,AI,0.72,fourier_country_k2
COD,1979,4,1979-01-22,1979-01-28,12.0092,0.0,AI,0.72,fourier_country_k2
COD,1979,5,1979-01-29,1979-02-04,12.0051,0.0,AI,0.72,fourier_country_k2
COD,1979,6,1979-02-05,1979-02-11,0.0,0.0,none,0.5,assumed_zero
COD,1979,7,1979-02-12,1979-02-18,711.0,34.0,AI,0.9,observed
COD,1979,8,1979-02-19,1979-02-25,159.0,1.0,AI,0.9,observed
COD,1979,9,1979-02-26,1979-03-04,6.0,1.0,AI,0.9,observed
COD,1979,10,1979-03-05,1979-03-11,7.0,0.0,AI,0.9,observed
COD,1979,11,1979-03-12,1979-03-18,221.0,16.0,AI,0.9,observed
COD,1979,12,1979-03-19,1979-03-25,1021.0,104.0,AI,0.85,observed
COD,1979,13,1979-03-26,1979-04-01,0.0,0.0,none,0.5,assumed_zero
COD,1979,14,1979-04-02,1979-04-08,16.0,1.0,AI,0.9,observed
COD,1979,15,1979-04-09,1979-04-15,175.0,20.0,AI,0.9,observed
COD,1979,16,1979-04-16,1979-04-22,29.0,1.0,AI,0.9,observed
COD,1979,17,1979-04-23,1979-04-29,0.0,0.0,none,0.5,assumed_zero
COD,1979,18,1979-04-30,1979-05-06,24.0,2.0,AI,0.9,observed
COD,1979,19,1979-05-07,1979-05-13,0.0,0.0,none,0.5,assumed_zero
COD,1979,20,1979-05-14,1979-05-20,42.0,0.0,AI,0.9,observed
COD,1979,21,1979-05-21,1979-05-27,0.0,0.0,none,0.5,assumed_zero
COD,1979,22,1979-05-28,1979-06-03,190.0,10.0,AI,0.9,observed
COD,1979,23,1979-06-04,1979-06-10,2.0,0.0,AI,0.9,observed
COD,1979,24,1979-06-11,1979-06-17,97.0,2.0,AI,0.9,observed
COD,1979,25,1979-06-18,1979-06-24,249.0,6.0,AI,0.9,observed
COD,1979,26,1979-06-25,1979-07-01,0.0,0.0,none,0.5,assumed_zero
COD,1979,27,1979-07-02,1979-07-08,0.0,0.0,none,0.5,assumed_zero
COD,1979,28,1979-07-09,1979-07-15,4.0,0.0,AI,0.9,observed
COD,1979,29,1979-07-16,1979-07-22,319.0,55.0,AI,0.7,observed
COD,1979,30,1979-07-23,1979-07-29,0.0,0.0,none,0.5,assumed_zero
COD,1979,31,1979-07-30,1979-08-05,0.0,0.0,none,0.5,assumed_zero
COD,1979,32,1979-08-06,1979-08-12,0.0,0.0,none,0.5,assumed_zero
COD,1979,33,1979-08-13,1979-08-19,176.0,10.0,AI,0.9,observed
COD,1979,34,1979-08-20,1979-08-26,81.0,33.0,AI,0.6,observed
COD,1979,35,1979-08-27,1979-09-02,35.0,6.0,AI,0.7,observed
COD,1979,36,1979-09-03,1979-09-09,58.0,2.0,AI,0.9,observed
COD,1979,37,1979-09-10,1979-09-16,44.0,0.0,AI,0.9,observed
COD,1979,38,1979-09-17,1979-09-23,135.0,24.0,AI,0.7,observed
COD,1979,39,1979-09-24,1979-09-30,8.0,0.0,AI,0.9,observed
COD,1979,40,1979-10-01,1979-10-07,93.0,6.0,AI,0.9,observed
COD,1979,41,1979-10-08,1979-10-14,162.0,4.0,AI,0.9,observed
COD,1979,42,1979-10-15,1979-10-21,62.0,10.0,AI,0.7,observed
COD,1979,43,1979-10-22,1979-10-28,31.0,19.0,AI,0.5,observed
COD,1979,44,1979-10-29,1979-11-04,0.0,0.0,none,0.5,assumed_zero
COD,1979,45,1979-11-05,1979-11-11,75.0,7.0,AI,0.9,observed
COD,1979,46,1979-11-12,1979-11-18,9.0,0.0,AI,0.9,observed
COD,1979,47,1979-11-19,1979-11-25,50.0,25.0,AI,0.5,observed
COD,1979,48,1979-11-26,1979-12-02,71.0,6.0,AI,0.9,observed
COD,1979,49,1979-12-03,1979-12-09,228.0,20.0,AI,0.9,observed
COD,1979,50,1979-12-10,1979-12-16,247.0,9.0,AI,0.9,observed
COD,1979,51,1979-12-17,1979-12-23,43.0,1.0,AI,0.9,observed
COD,1979,52,1979-12-24,1979-12-30,25.0,1.0,AI,0.9,observed
COD,1980,1,1979-12-31,1980-01-06,2.0,0.0,AI,0.9,observed
COD,1980,2,1980-01-07,1980-01-13,38.0,4.0,AI,0.9,observed
COD,1980,3,1980-01-14,1980-01-20,37.0,5.0,AI,0.9,observed
COD,1980,4,1980-01-21,1980-01-27,0.0,0.0,none,0.5,assumed_zero
COD,1980,5,1980-01-28,1980-02-03,0.0,0.0,none,0.5,assumed_zero
COD,1980,6,1980-02-04,1980-02-10,0.0,0.0,none,0.5,assumed_zero
COD,1980,7,1980-02-11,1980-02-17,0.0,0.0,none,0.5,assumed_zero
COD,1980,8,1980-02-18,1980-02-24,0.0,0.0,none,0.5,assumed_zero
COD,1980,9,1980-02-25,1980-03-02,2.0,0.0,AI,0.9,observed
COD,1980,10,1980-03-03,1980-03-09,0.0,0.0,none,0.5,assumed_zero
COD,1980,11,1980-03-10,1980-03-16,0.0,0.0,none,0.5,assumed_zero
COD,1980,12,1980-03-17,1980-03-23,73.0,4.0,AI,0.7,observed
COD,1980,13,1980-03-24,1980-03-30,1.0,0.0,AI,0.9,observed
COD,1980,14,1980-03-31,1980-04-06,23.0,3.0,AI,0.9,observed
COD,1980,15,1980-04-07,1980-04-13,27.0,0.0,AI,0.9,observed
COD,1980,16,1980-04-14,1980-04-20,50.0,10.0,AI,0.7,observed
COD,1980,17,1980-04-21,1980-04-27,0.0,0.0,none,0.5,assumed_zero
COD,1980,18,1980-04-28,1980-05-04,27.0,0.0,AI,0.9,observed
COD,1980,19,1980-05-05,1980-05-11,73.0,4.0,AI,0.7,observed
COD,1980,20,1980-05-12,1980-05-18,9.0,2.0,AI,0.7,observed
COD,1980,21,1980-05-19,1980-05-25,0.0,0.0,none,0.5,assumed_zero
COD,1980,22,1980-05-26,1980-06-01,38.0,2.0,AI,0.9,observed
COD,1980,23,1980-06-02,1980-06-08,1.0,0.0,AI,0.9,observed
COD,1980,24,1980-06-09,1980-06-15,88.0,7.0,AI,0.9,observed
COD,1980,25,1980-06-16,1980-06-22,0.0,0.0,none,0.5,assumed_zero
COD,1980,26,1980-06-23,1980-06-29,84.0,4.0,AI,0.9,observed
COD,1980,27,1980-06-30,1980-07-06,0.0,0.0,none,0.5,assumed_zero
COD,1980,28,1980-07-07,1980-07-13,0.0,0.0,none,0.5,assumed_zero
COD,1980,29,1980-07-14,1980-07-20,0.0,0.0,none,0.5,assumed_zero
COD,1980,30,1980-07-21,1980-07-27,1.0,0.0,AI,0.9,observed
COD,1980,31,1980-07-28,1980-08-03,1.0,0.0,AI,0.9,observed
COD,1980,32,1980-08-04,1980-08-10,0.0,0.0,none,0.5,assumed_zero
COD,1980,33,1980-08-11,1980-08-17,7.0,2.0,AI,0.7,observed
COD,1980,34,1980-08-18,1980-08-24,19.0,0.0,AI,0.9,observed
COD,1980,35,1980-08-25,1980-08-31,0.0,0.0,none,0.5,assumed_zero
COD,1980,36,1980-09-01,1980-09-07,3.0,0.0,AI,0.9,observed
COD,1980,37,1980-09-08,1980-09-14,0.0,0.0,none,0.5,assumed_zero
COD,1980,38,1980-09-15,1980-09-21,0.0,0.0,none,0.5,assumed_zero
COD,1980,39,1980-09-22,1980-09-28,0.0,0.0,none,0.5,assumed_zero
COD,1980,40,1980-09-29,1980-10-05,0.0,0.0,none,0.5,assumed_zero
COD,1980,41,1980-10-06,1980-10-12,0.0,0.0,none,0.5,assumed_zero
COD,1980,42,1980-10-13,1980-10-19,2.0,1.0,AI,0.7,observed
COD,1980,43,1980-10-20,1980-10-26,1.0,0.0,AI,0.9,observed
COD,1980,44,1980-10-27,1980-11-02,1.0,0.0,AI,0.9,observed
COD,1980,45,1980-11-03,1980-11-09,0.0,0.0,none,0.5,assumed_zero
COD,1980,46,1980-11-10,1980-11-16,0.0,0.0,none,0.5,assumed_zero
COD,1980,47,1980-11-17,1980-11-23,1.0,0.0,AI,0.9,observed
COD,1980,48,1980-11-24,1980-11-30,0.0,0.0,none,0.5,assumed_zero
COD,1980,49,1980-12-01,1980-12-07,4.0,0.0,AI,0.9,observed
COD,1980,50,1980-12-08,1980-12-14,7.0,0.0,AI,0.9,observed
COD,1980,51,1980-12-15,1980-12-21,7.0,1.0,AI,0.9,observed
COD,1980,52,1980-12-22,1980-12-28,0.0,0.0,none,0.5,assumed_zero
COD,1981,1,1980-12-29,1981-01-04,1.0,0.0,AI,0.9,observed
COD,1981,2,1981-01-05,1981-01-11,1.0,0.0,AI,0.9,observed
COD,1981,3,1981-01-12,1981-01-18,0.5187,0.0,JHU,0.7,fourier_country_k2
COD,1981,4,1981-01-19,1981-01-25,0.5192,0.0,JHU,0.7,fourier_country_k2
COD,1981,5,1981-01-26,1981-02-01,2.0,0.0,AI,0.9,observed
COD,1981,6,1981-02-02,1981-02-08,0.5174,0.0,JHU,0.7,fourier_country_k2
COD,1981,7,1981-02-09,1981-02-15,0.5136,0.0,JHU,0.7,fourier_country_k2
COD,1981,8,1981-02-16,1981-02-22,166.0,9.0,AI,0.9,observed
COD,1981,9,1981-02-23,1981-03-01,85.0,8.0,AI,0.9,observed
COD,1981,10,1981-03-02,1981-03-08,1.0,0.0,AI,0.9,observed
COD,1981,11,1981-03-09,1981-03-15,71.0,3.0,AI,0.9,observed
COD,1981,12,1981-03-16,1981-03-22,0.4516,0.0,JHU,0.7,fourier_country_k2
COD,1981,13,1981-03-23,1981-03-29,0.4312,0.0,JHU,0.7,fourier_country_k2
COD,1981,14,1981-03-30,1981-04-05,12.0,0.0,AI,0.9,observed
COD,1981,15,1981-04-06,1981-04-12,0.387,0.0,JHU,0.7,fourier_country_k2
COD,1981,16,1981-04-13,1981-04-19,0.3652,0.0,JHU,0.7,fourier_country_k2
COD,1981,17,1981-04-20,1981-04-26,0.3449,0.0,JHU,0.7,fourier_country_k2
COD,1981,18,1981-04-27,1981-05-03,0.3273,0.0,JHU,0.7,fourier_country_k2
COD,1981,19,1981-05-04,1981-05-10,12.0,1.0,AI,0.9,observed
COD,1981,20,1981-05-11,1981-05-17,0.3041,0.0,JHU,0.7,fourier_country_k2
COD,1981,21,1981-05-18,1981-05-24,0.3001,0.0,JHU,0.7,fourier_country_k2
COD,1981,22,1981-05-25,1981-05-31,18.0,0.0,AI,0.9,observed
COD,1981,23,1981-06-01,1981-06-07,0.3097,0.0,JHU,0.7,fourier_country_k2
COD,1981,24,1981-06-08,1981-06-14,0.3236,0.0,JHU,0.7,fourier_country_k2
COD,1981,25,1981-06-15,1981-06-21,21.0,4.0,AI,0.7,observed
COD,1981,26,1981-06-22,1981-06-28,0.3679,0.0,JHU,0.7,fourier_country_k2
COD,1981,27,1981-06-29,1981-07-05,0.397,0.0,JHU,0.7,fourier_country_k2
COD,1981,28,1981-07-06,1981-07-12,0.4295,0.0,JHU,0.7,fourier_country_k2
COD,1981,29,1981-07-13,1981-07-19,0.4641,0.0,JHU,0.7,fourier_country_k2
COD,1981,30,1981-07-20,1981-07-26,0.4997,0.0,JHU,0.7,fourier_country_k2
COD,1981,31,1981-07-27,1981-08-02,0.5348,0.0,JHU,0.7,fourier_country_k2
COD,1981,32,1981-08-03,1981-08-09,41.0,3.0,AI,0.9,observed
COD,1981,33,1981-08-10,1981-08-16,0.5989,0.0,JHU,0.7,fourier_country_k2
COD,1981,34,1981-08-17,1981-08-23,54.0,4.0,AI,0.85,observed
COD,1981,35,1981-08-24,1981-08-30,101.0,7.0,AI,0.9,observed
COD,1981,36,1981-08-31,1981-09-06,33.0,1.0,AI,0.9,observed
COD,1981,37,1981-09-07,1981-09-13,0.6754,0.0,JHU,0.7,fourier_country_k2
COD,1981,38,1981-09-14,1981-09-20,0.6807,0.0,JHU,0.7,fourier_country_k2
COD,1981,39,1981-09-21,1981-09-27,37.0,1.0,AI,0.9,observed
COD,1981,40,1981-09-28,1981-10-04,2.0,0.0,AI,0.9,observed
COD,1981,41,1981-10-05,1981-10-11,7.0,2.0,AI,0.7,observed
COD,1981,42,1981-10-12,1981-10-18,45.0,9.0,AI,0.7,observed
COD,1981,43,1981-10-19,1981-10-25,33.0,6.0,AI,0.7,observed
COD,1981,44,1981-10-26,1981-11-01,18.0,2.0,AI,0.9,observed
COD,1981,45,1981-11-02,1981-11-08,0.6014,0.0,JHU,0.7,fourier_country_k2
COD,1981,46,1981-11-09,1981-11-15,0.5839,0.0,JHU,0.7,fourier_country_k2
COD,1981,47,1981-11-16,1981-11-22,11.0,4.0,AI,0.7,observed
COD,1981,48,1981-11-23,1981-11-29,0.5531,0.0,JHU,0.7,fourier_country_k2
COD,1981,49,1981-11-30,1981-12-06,326.9753,150.8801,AI,0.48,fourier_country_k2
COD,1981,50,1981-12-07,1981-12-13,321.3015,148.262,AI,0.48,fourier_country_k2
COD,1981,51,1981-12-14,1981-12-20,317.2576,146.396,AI,0.48,fourier_country_k2
COD,1981,52,1981-12-21,1981-12-27,314.7328,145.2309,AI,0.48,fourier_country_k2
COD,1981,53,1981-12-28,1982-01-03,314.7328,145.2309,AI,0.48,fourier_country_k2
COD,1982,1,1982-01-04,1982-01-10,105.2727,5.363,JHU,0.7,fourier_country_k2
COD,1982,2,1982-01-11,1982-01-17,105.1745,5.358,JHU,0.7,fourier_country_k2
COD,1982,3,1982-01-18,1982-01-24,105.2544,5.3621,JHU,0.7,fourier_country_k2
COD,1982,4,1982-01-25,1982-01-31,105.3567,5.3673,JHU,0.7,fourier_country_k2
COD,1982,5,1982-02-01,1982-02-07,105.3206,5.3655,JHU,0.7,fourier_country_k2
COD,1982,6,1982-02-08,1982-02-14,676.0,21.0,AI,0.9,observed
COD,1982,7,1982-02-15,1982-02-21,9.0,0.0,AI,0.9,observed
COD,1982,8,1982-02-22,1982-02-28,58.0,2.0,AI,0.9,observed
COD,1982,9,1982-03-01,1982-03-07,101.0432,5.1476,JHU,0.7,fourier_country_k2
COD,1982,10,1982-03-08,1982-03-14,98.5082,5.0184,JHU,0.7,fourier_country_k2
COD,1982,11,1982-03-15,1982-03-21,179.4574,19.5563,AI,0.64,fourier_country_k2
COD,1982,12,1982-03-22,1982-03-28,172.4885,18.7968,AI,0.64,fourier_country_k2
COD,1982,13,1982-03-29,1982-04-04,164.6912,17.9471,AI,0.64,fourier_country_k2
COD,1982,14,1982-04-05,1982-04-11,156.3504,17.0382,AI,0.64,fourier_country_k2
COD,1982,15,1982-04-12,1982-04-18,147.8128,16.1078,AI,0.64,fourier_country_k2
COD,1982,16,1982-04-19,1982-04-25,139.4687,15.1985,AI,0.64,fourier_country_k2
COD,1982,17,1982-04-26,1982-05-02,131.731,14.3553,AI,0.64,fourier_country_k2
COD,1982,18,1982-05-03,1982-05-09,98.0,2.0,AI,0.9,observed
COD,1982,19,1982-05-10,1982-05-16,834.0,159.0,AI,0.7,observed
COD,1982,20,1982-05-17,1982-05-23,688.0,17.0,AI,0.9,observed
COD,1982,21,1982-05-24,1982-05-30,13.0,1.0,AI,0.9,observed
COD,1982,22,1982-05-31,1982-06-06,105.0,6.0,AI,0.9,observed
COD,1982,23,1982-06-07,1982-06-13,62.8472,3.2017,JHU,0.7,fourier_country_k2
COD,1982,24,1982-06-14,1982-06-20,1133.0,96.0,AI,0.8,observed
COD,1982,25,1982-06-21,1982-06-27,373.0,12.0,AI,0.85,observed
COD,1982,26,1982-06-28,1982-07-04,256.0,13.0,AI,0.85,observed
COD,1982,27,1982-07-05,1982-07-11,450.0,24.0,AI,0.9,observed
COD,1982,28,1982-07-12,1982-07-18,122.0,6.0,AI,0.9,observed
COD,1982,29,1982-07-19,1982-07-25,299.0,3.0,AI,0.9,observed
COD,1982,30,1982-07-26,1982-08-01,101.4028,5.1659,JHU,0.7,fourier_country_k2
COD,1982,31,1982-08-02,1982-08-08,108.5343,5.5292,JHU,0.7,fourier_country_k2
COD,1982,32,1982-08-09,1982-08-15,26.0,2.0,AI,0.9,observed
COD,1982,33,1982-08-16,1982-08-22,121.5402,6.1918,JHU,0.7,fourier_country_k2
COD,1982,34,1982-08-23,1982-08-29,126.9653,6.4681,JHU,0.7,fourier_country_k2
COD,1982,35,1982-08-30,1982-09-05,289.0,20.0,AI,0.9,observed
COD,1982,36,1982-09-06,1982-09-12,134.8225,6.8684,JHU,0.7,fourier_country_k2
COD,1982,37,1982-09-13,1982-09-19,247.0,30.0,AI,0.85,observed
COD,1982,38,1982-09-20,1982-09-26,22.0,0.0,AI,0.9,observed
COD,1982,39,1982-09-27,1982-10-03,91.0,5.0,AI,0.9,observed
COD,1982,40,1982-10-04,1982-10-10,137.053,6.982,JHU,0.7,fourier_country_k2
COD,1982,41,1982-10-11,1982-10-17,135.1,6.8825,JHU,0.7,fourier_country_k2
COD,1982,42,1982-10-18,1982-10-24,640.0,12.0,AI,0.9,observed
COD,1982,43,1982-10-25,1982-10-31,129.222,6.5831,JHU,0.7,fourier_country_k2
COD,1982,44,1982-11-01,1982-11-07,125.6967,6.4035,JHU,0.7,fourier_country_k2
COD,1982,45,1982-11-08,1982-11-14,122.055,6.218,JHU,0.7,fourier_country_k2
COD,1982,46,1982-11-15,1982-11-21,118.4906,6.0364,JHU,0.7,fourier_country_k2
COD,1982,47,1982-11-22,1982-11-28,115.1745,5.8675,JHU,0.7,fourier_country_k2
COD,1982,48,1982-11-29,1982-12-05,112.2447,5.7182,JHU,0.7,fourier_country_k2
COD,1982,49,1982-12-06,1982-12-12,109.8001,5.5937,JHU,0.7,fourier_country_k2
COD,1982,50,1982-12-13,1982-12-19,107.8948,5.4966,JHU,0.7,fourier_country_k2
COD,1982,51,1982-12-20,1982-12-26,106.5369,5.4274,JHU,0.7,fourier_country_k2
COD,1982,52,1982-12-27,1983-01-02,105.689,5.3842,JHU,0.7,fourier_country_k2
COD,1983,1,1983-01-03,1983-01-09,26.0121,8.504,AI,0.63,fourier_country_k2
COD,1983,2,1983-01-10,1983-01-16,25.9879,8.496,AI,0.63,fourier_country_k2
COD,1983,3,1983-01-17,1983-01-23,48.0,0.0,AI,0.9,observed
COD,1983,4,1983-01-24,1983-01-30,21.0,2.0,AI,0.9,observed
COD,1983,5,1983-01-31,1983-02-06,31.0,4.0,AI,0.9,observed
COD,1983,6,1983-02-07,1983-02-13,82.5822,6.8684,JHU,0.7,fourier_country_k2
COD,1983,7,1983-02-14,1983-02-20,19.0,1.0,AI,0.9,observed
COD,1983,8,1983-02-21,1983-02-27,25.0,3.0,AI,0.9,observed
COD,1983,9,1983-02-28,1983-03-06,27.0,3.0,AI,0.9,observed
COD,1983,10,1983-03-07,1983-03-13,77.4822,6.4442,JHU,0.7,fourier_country_k2
COD,1983,11,1983-03-14,1983-03-20,75.0031,6.238,JHU,0.7,fourier_country_k2
COD,1983,12,1983-03-21,1983-03-27,71.2543,4.9339,AI,0.68,fourier_country_k2
COD,1983,13,1983-03-28,1983-04-03,68.0333,4.7108,AI,0.68,fourier_country_k2
COD,1983,14,1983-04-04,1983-04-10,64.5878,4.4723,AI,0.68,fourier_country_k2
COD,1983,15,1983-04-11,1983-04-17,61.0609,4.2281,AI,0.68,fourier_country_k2
COD,1983,16,1983-04-18,1983-04-24,57.614,3.9894,AI,0.68,fourier_country_k2
COD,1983,17,1983-04-25,1983-05-01,54.4176,3.768,AI,0.68,fourier_country_k2
COD,1983,18,1983-05-02,1983-05-08,51.6421,3.5759,AI,0.68,fourier_country_k2
COD,1983,19,1983-05-09,1983-05-15,49.448,3.4239,AI,0.68,fourier_country_k2
COD,1983,20,1983-05-16,1983-05-22,47.9767,3.3221,AI,0.68,fourier_country_k2
COD,1983,21,1983-05-23,1983-05-29,47.3421,3.2781,AI,0.68,fourier_country_k2
COD,1983,22,1983-05-30,1983-06-05,47.6232,3.2976,AI,0.68,fourier_country_k2
COD,1983,23,1983-06-06,1983-06-12,49.4329,4.1113,JHU,0.7,fourier_country_k2
COD,1983,24,1983-06-13,1983-06-19,4.1744,0.0,AI,0.68,fourier_country_k2
COD,1983,25,1983-06-20,1983-06-26,4.4272,0.0,AI,0.68,fourier_country_k2
COD,1983,26,1983-06-27,1983-07-03,4.7467,0.0,AI,0.68,fourier_country_k2
COD,1983,27,1983-07-04,1983-07-10,5.1224,0.0,AI,0.68,fourier_country_k2
COD,1983,28,1983-07-11,1983-07-17,5.5412,0.0,AI,0.68,fourier_country_k2
COD,1983,29,1983-07-18,1983-07-24,5.9881,0.0,AI,0.68,fourier_country_k2
COD,1983,30,1983-07-25,1983-07-31,10.4271,0.3535,AI,0.68,fourier_country_k2
COD,1983,31,1983-08-01,1983-08-07,11.1605,0.3783,AI,0.68,fourier_country_k2
COD,1983,32,1983-08-08,1983-08-14,11.8589,0.402,AI,0.68,fourier_country_k2
COD,1983,33,1983-08-15,1983-08-21,12.4978,0.4237,AI,0.68,fourier_country_k2
COD,1983,34,1983-08-22,1983-08-28,13.0557,0.4426,AI,0.68,fourier_country_k2
COD,1983,35,1983-08-29,1983-09-04,103.3795,8.5981,JHU,0.7,fourier_country_k2
COD,1983,36,1983-09-05,1983-09-11,106.0454,8.8198,JHU,0.7,fourier_country_k2
COD,1983,37,1983-09-12,1983-09-18,107.8096,8.9666,JHU,0.7,fourier_country_k2
COD,1983,38,1983-09-19,1983-09-25,108.6619,9.0374,JHU,0.7,fourier_country_k2
COD,1983,39,1983-09-26,1983-10-02,108.6346,9.0352,JHU,0.7,fourier_country_k2
COD,1983,40,1983-10-03,1983-10-09,107.7998,8.9657,JHU,0.7,fourier_country_k2
COD,1983,41,1983-10-10,1983-10-16,106.2637,8.838,JHU,0.7,fourier_country_k2
COD,1983,42,1983-10-17,1983-10-23,104.1598,8.663,JHU,0.7,fourier_country_k2
COD,1983,43,1983-10-24,1983-10-30,101.6404,8.4535,JHU,0.7,fourier_country_k2
COD,1983,44,1983-10-31,1983-11-06,98.8675,8.2228,JHU,0.7,fourier_country_k2
COD,1983,45,1983-11-07,1983-11-13,96.0031,7.9846,JHU,0.7,fourier_country_k2
COD,1983,46,1983-11-14,1983-11-20,93.1995,7.7514,JHU,0.7,fourier_country_k2
COD,1983,47,1983-11-21,1983-11-27,90.5912,7.5345,JHU,0.7,fourier_country_k2
COD,1983,48,1983-11-28,1983-12-04,88.2868,7.3428,JHU,0.7,fourier_country_k2
COD,1983,49,1983-12-05,1983-12-11,86.3639,7.1829,JHU,0.7,fourier_country_k2
COD,1983,50,1983-12-12,1983-12-18,84.8653,7.0583,JHU,0.7,fourier_country_k2
COD,1983,51,1983-12-19,1983-12-25,83.7972,6.9694,JHU,0.7,fourier_country_k2
COD,1983,52,1983-12-26,1984-01-01,83.1304,6.914,JHU,0.7,fourier_country_k2
COD,1984,1,1984-01-02,1984-01-08,9.3022,0.4293,AI,0.72,fourier_country_k2
COD,1984,2,1984-01-09,1984-01-15,9.2935,0.4289,AI,0.72,fourier_country_k2
COD,1984,3,1984-01-16,1984-01-22,9.3005,0.4293,AI,0.72,fourier_country_k2
COD,1984,4,1984-01-23,1984-01-29,9.3096,0.4297,AI,0.72,fourier_country_k2
COD,1984,5,1984-01-30,1984-02-05,9.3064,0.4295,AI,0.72,fourier_country_k2
COD,1984,6,1984-02-06,1984-02-12,9.2774,0.4282,AI,0.72,fourier_country_k2
COD,1984,7,1984-02-13,1984-02-19,9.2105,0.4251,AI,0.72,fourier_country_k2
COD,1984,8,1984-02-20,1984-02-26,1.5468,0.0,JHU,0.5,fourier_country_k2
COD,1984,9,1984-02-27,1984-03-04,16.0,0.0,AI,0.9,observed
COD,1984,10,1984-03-05,1984-03-11,1.4802,0.0,JHU,0.5,fourier_country_k2
COD,1984,11,1984-03-12,1984-03-18,1.4328,0.0,JHU,0.5,fourier_country_k2
COD,1984,12,1984-03-19,1984-03-25,1.3772,0.0,JHU,0.5,fourier_country_k2
COD,1984,13,1984-03-26,1984-04-01,11.0,0.0,AI,0.9,observed
COD,1984,14,1984-04-02,1984-04-08,1.2483,0.0,JHU,0.5,fourier_country_k2
COD,1984,15,1984-04-09,1984-04-15,1.1802,0.0,JHU,0.5,fourier_country_k2
COD,1984,16,1984-04-16,1984-04-22,1.1135,0.0,JHU,0.5,fourier_country_k2
COD,1984,17,1984-04-23,1984-04-29,1.0518,0.0,JHU,0.5,fourier_country_k2
COD,1984,18,1984-04-30,1984-05-06,4.0,0.0,AI,0.9,observed
COD,1984,19,1984-05-07,1984-05-13,0.9557,0.0,JHU,0.5,fourier_country_k2
COD,1984,20,1984-05-14,1984-05-20,0.9273,0.0,JHU,0.5,fourier_country_k2
COD,1984,21,1984-05-21,1984-05-27,0.915,0.0,JHU,0.5,fourier_country_k2
COD,1984,22,1984-05-28,1984-06-03,0.9204,0.0,JHU,0.5,fourier_country_k2
COD,1984,23,1984-06-04,1984-06-10,0.9443,0.0,JHU,0.5,fourier_country_k2
COD,1984,24,1984-06-11,1984-06-17,0.9866,0.0,JHU,0.5,fourier_country_k2
COD,1984,25,1984-06-18,1984-06-24,1.0464,0.0,JHU,0.5,fourier_country_k2
COD,1984,26,1984-06-25,1984-07-01,1.1219,0.0,JHU,0.5,fourier_country_k2
COD,1984,27,1984-07-02,1984-07-08,1.2107,0.0,JHU,0.5,fourier_country_k2
COD,1984,28,1984-07-09,1984-07-15,1.3097,0.0,JHU,0.5,fourier_country_k2
COD,1984,29,1984-07-16,1984-07-22,1.4153,0.0,JHU,0.5,fourier_country_k2
COD,1984,30,1984-07-23,1984-07-29,1.5237,0.0,JHU,0.5,fourier_country_k2
COD,1984,31,1984-07-30,1984-08-05,1.6308,0.0,JHU,0.5,fourier_country_k2
COD,1984,32,1984-08-06,1984-08-12,1.7329,0.0,JHU,0.5,fourier_country_k2
COD,1984,33,1984-08-13,1984-08-19,1.8263,0.0,JHU,0.5,fourier_country_k2
COD,1984,34,1984-08-20,1984-08-26,1.9078,0.0,JHU,0.5,fourier_country_k2
COD,1984,35,1984-08-27,1984-09-02,1.9749,0.0,JHU,0.5,fourier_country_k2
COD,1984,36,1984-09-03,1984-09-09,2.0258,0.0,JHU,0.5,fourier_country_k2
COD,1984,37,1984-09-10,1984-09-16,2.0595,0.0,JHU,0.5,fourier_country_k2
COD,1984,38,1984-09-17,1984-09-23,2.0758,0.0,JHU,0.5,fourier_country_k2
COD,1984,39,1984-09-24,1984-09-30,2.0753,0.0,JHU,0.5,fourier_country_k2
COD,1984,40,1984-10-01,1984-10-07,2.0594,0.0,JHU,0.5,fourier_country_k2
COD,1984,41,1984-10-08,1984-10-14,2.03,0.0,JHU,0.5,fourier_country_k2
COD,1984,42,1984-10-15,1984-10-21,1.9898,0.0,JHU,0.5,fourier_country_k2
COD,1984,43,1984-10-22,1984-10-28,1.9417,0.0,JHU,0.5,fourier_country_k2
COD,1984,44,1984-10-29,1984-11-04,1.8887,0.0,JHU,0.5,fourier_country_k2
COD,1984,45,1984-11-05,1984-11-11,1.834,0.0,JHU,0.5,fourier_country_k2
COD,1984,46,1984-11-12,1984-11-18,1.7804,0.0,JHU,0.5,fourier_country_k2
COD,1984,47,1984-11-19,1984-11-25,1.7306,0.0,JHU,0.5,fourier_country_k2
COD,1984,48,1984-11-26,1984-12-02,1.6866,0.0,JHU,0.5,fourier_country_k2
COD,1984,49,1984-12-03,1984-12-09,1.6499,0.0,JHU,0.5,fourier_country_k2
COD,1984,50,1984-12-10,1984-12-16,1.6212,0.0,JHU,0.5,fourier_country_k2
COD,1984,51,1984-12-17,1984-12-23,1.6008,0.0,JHU,0.5,fourier_country_k2
COD,1984,52,1984-12-24,1984-12-30,1.5881,0.0,JHU,0.5,fourier_country_k2
COD,1985,1,1984-12-31,1985-01-06,1.5818,0.0,JHU,0.5,fourier_country_k2
COD,1985,2,1985-01-07,1985-01-13,14.7467,0.5978,JHU,0.5,fourier_country_k2
COD,1985,3,1985-01-14,1985-01-20,14.758,0.5983,JHU,0.5,fourier_country_k2
COD,1985,4,1985-01-21,1985-01-27,14.7723,0.5989,JHU,0.5,fourier_country_k2
COD,1985,5,1985-01-28,1985-02-03,14.7672,0.5987,JHU,0.5,fourier_country_k2
COD,1985,6,1985-02-04,1985-02-10,14.7212,0.5968,JHU,0.5,fourier_country_k2
COD,1985,7,1985-02-11,1985-02-17,14.6151,0.5925,JHU,0.5,fourier_country_k2
COD,1985,8,1985-02-18,1985-02-24,14.4338,0.5852,JHU,0.5,fourier_country_k2
COD,1985,9,1985-02-25,1985-03-03,14.1675,0.5744,JHU,0.5,fourier_country_k2
COD,1985,10,1985-03-04,1985-03-10,13.8121,0.5599,JHU,0.5,fourier_country_k2
COD,1985,11,1985-03-11,1985-03-17,13.3701,0.542,JHU,0.5,fourier_country_k2
COD,1985,12,1985-03-18,1985-03-24,12.8509,0.521,JHU,0.5,fourier_country_k2
COD,1985,13,1985-03-25,1985-03-31,12.27,0.4974,JHU,0.5,fourier_country_k2
COD,1985,14,1985-04-01,1985-04-07,11.6486,0.4722,JHU,0.5,fourier_country_k2
COD,1985,15,1985-04-08,1985-04-14,11.0125,0.4465,JHU,0.5,fourier_country_k2
COD,1985,16,1985-04-15,1985-04-21,10.3908,0.4213,JHU,0.5,fourier_country_k2
COD,1985,17,1985-04-22,1985-04-28,9.8144,0.3979,JHU,0.5,fourier_country_k2
COD,1985,18,1985-04-29,1985-05-05,9.3138,0.3776,JHU,0.5,fourier_country_k2
COD,1985,19,1985-05-06,1985-05-12,8.9181,0.3615,JHU,0.5,fourier_country_k2
COD,1985,20,1985-05-13,1985-05-19,8.6527,0.3508,JHU,0.5,fourier_country_k2
COD,1985,21,1985-05-20,1985-05-26,8.5383,0.3461,JHU,0.5,fourier_country_k2
COD,1985,22,1985-05-27,1985-06-02,8.589,0.3482,JHU,0.5,fourier_country_k2
COD,1985,23,1985-06-03,1985-06-09,8.8119,0.3572,JHU,0.5,fourier_country_k2
COD,1985,24,1985-06-10,1985-06-16,9.2065,0.3732,JHU,0.5,fourier_country_k2
COD,1985,25,1985-06-17,1985-06-23,9.7642,0.3958,JHU,0.5,fourier_country_k2
COD,1985,26,1985-06-24,1985-06-30,10.4689,0.4244,JHU,0.5,fourier_country_k2
COD,1985,27,1985-07-01,1985-07-07,11.2975,0.458,JHU,0.5,fourier_country_k2
COD,1985,28,1985-07-08,1985-07-14,12.2212,0.4955,JHU,0.5,fourier_country_k2
COD,1985,29,1985-07-15,1985-07-21,13.2067,0.5354,JHU,0.5,fourier_country_k2
COD,1985,30,1985-07-22,1985-07-28,14.2179,0.5764,JHU,0.5,fourier_country_k2
COD,1985,31,1985-07-29,1985-08-04,15.2178,0.6169,JHU,0.5,fourier_country_k2
COD,1985,32,1985-08-05,1985-08-11,16.1702,0.6555,JHU,0.5,fourier_country_k2
COD,1985,33,1985-08-12,1985-08-18,17.0414,0.6909,JHU,0.5,fourier_country_k2
COD,1985,34,1985-08-19,1985-08-25,17.8021,0.7217,JHU,0.5,fourier_country_k2
COD,1985,35,1985-08-26,1985-09-01,18.4285,0.7471,JHU,0.5,fourier_country_k2
COD,1985,36,1985-09-02,1985-09-08,18.9038,0.7664,JHU,0.5,fourier_country_k2
COD,1985,37,1985-09-09,1985-09-15,19.2182,0.7791,JHU,0.5,fourier_country_k2
COD,1985,38,1985-09-16,1985-09-22,19.3702,0.7853,JHU,0.5,fourier_country_k2
COD,1985,39,1985-09-23,1985-09-29,19.3653,0.7851,JHU,0.5,fourier_country_k2
COD,1985,40,1985-09-30,1985-10-06,19.2165,0.779,JHU,0.5,fourier_country_k2
COD,1985,41,1985-10-07,1985-10-13,18.9427,0.7679,JHU,0.5,fourier_country_k2
COD,1985,42,1985-10-14,1985-10-20,18.5676,0.7527,JHU,0.5,fourier_country_k2
COD,1985,43,1985-10-21,1985-10-27,18.1185,0.7345,JHU,0.5,fourier_country_k2
COD,1985,44,1985-10-28,1985-11-03,17.6242,0.7145,JHU,0.5,fourier_country_k2
COD,1985,45,1985-11-04,1985-11-10,17.1136,0.6938,JHU,0.5,fourier_country_k2
COD,1985,46,1985-11-11,1985-11-17,16.6138,0.6735,JHU,0.5,fourier_country_k2
COD,1985,47,1985-11-18,1985-11-24,16.1489,0.6547,JHU,0.5,fourier_country_k2
COD,1985,48,1985-11-25,1985-12-01,15.7381,0.638,JHU,0.5,fourier_country_k2
COD,1985,49,1985-12-02,1985-12-08,15.3953,0.6241,JHU,0.5,fourier_country_k2
COD,1985,50,1985-12-09,1985-12-15,15.1282,0.6133,JHU,0.5,fourier_country_k2
COD,1985,51,1985-12-16,1985-12-22,14.9378,0.6056,JHU,0.5,fourier_country_k2
COD,1985,52,1985-12-23,1985-12-29,14.8189,0.6008,JHU,0.5,fourier_country_k2
COD,1986,1,1985-12-30,1986-01-05,14.7605,0.5984,JHU,0.5,fourier_country_k2
COD,1986,2,1986-01-06,1986-01-12,91.2131,12.064,AI,0.68,fourier_country_k2
COD,1986,3,1986-01-13,1986-01-19,91.2825,12.0732,AI,0.68,fourier_country_k2
COD,1986,4,1986-01-20,1986-01-26,91.3711,12.0849,AI,0.68,fourier_country_k2
COD,1986,5,1986-01-27,1986-02-02,91.3398,12.0808,AI,0.68,fourier_country_k2
COD,1986,6,1986-02-03,1986-02-09,91.055,12.0431,AI,0.68,fourier_country_k2
COD,1986,7,1986-02-10,1986-02-16,90.3988,11.9563,AI,0.68,fourier_country_k2
COD,1986,8,1986-02-17,1986-02-23,89.2777,11.8081,AI,0.68,fourier_country_k2
COD,1986,9,1986-02-24,1986-03-02,87.6302,11.5902,AI,0.68,fourier_country_k2
COD,1986,10,1986-03-03,1986-03-09,85.4317,11.2994,AI,0.68,fourier_country_k2
COD,1986,11,1986-03-10,1986-03-16,5.4867,0.395,JHU,0.5,fourier_country_k2
COD,1986,12,1986-03-17,1986-03-23,5.2736,0.3797,JHU,0.5,fourier_country_k2
COD,1986,13,1986-03-24,1986-03-30,5.0352,0.3625,JHU,0.5,fourier_country_k2
COD,1986,14,1986-03-31,1986-04-06,4.7802,0.3442,JHU,0.5,fourier_country_k2
COD,1986,15,1986-04-07,1986-04-13,4.5192,0.3254,JHU,0.5,fourier_country_k2
COD,1986,16,1986-04-14,1986-04-20,4.2641,0.307,JHU,0.5,fourier_country_k2
COD,1986,17,1986-04-21,1986-04-27,4.0275,0.29,JHU,0.5,fourier_country_k2
COD,1986,18,1986-04-28,1986-05-04,3.8221,0.2752,JHU,0.5,fourier_country_k2
COD,1986,19,1986-05-05,1986-05-11,3.6597,0.2635,JHU,0.5,fourier_country_k2
COD,1986,20,1986-05-12,1986-05-18,3.5508,0.2557,JHU,0.5,fourier_country_k2
COD,1986,21,1986-05-19,1986-05-25,3.5039,0.2523,JHU,0.5,fourier_country_k2
COD,1986,22,1986-05-26,1986-06-01,3.5247,0.2538,JHU,0.5,fourier_country_k2
COD,1986,23,1986-06-02,1986-06-08,3.6162,0.2604,JHU,0.5,fourier_country_k2
COD,1986,24,1986-06-09,1986-06-15,3.7781,0.272,JHU,0.5,fourier_country_k2
COD,1986,25,1986-06-16,1986-06-22,4.0069,0.2885,JHU,0.5,fourier_country_k2
COD,1986,26,1986-06-23,1986-06-29,4.2961,0.3093,JHU,0.5,fourier_country_k2
COD,1986,27,1986-06-30,1986-07-06,4.6361,0.3338,JHU,0.5,fourier_country_k2
COD,1986,28,1986-07-07,1986-07-13,5.0152,0.3611,JHU,0.5,fourier_country_k2
COD,1986,29,1986-07-14,1986-07-20,5.4196,0.3902,JHU,0.5,fourier_country_k2
COD,1986,30,1986-07-21,1986-07-27,5.8346,0.4201,JHU,0.5,fourier_country_k2
COD,1986,31,1986-07-28,1986-08-03,6.2449,0.4496,JHU,0.5,fourier_country_k2
COD,1986,32,1986-08-04,1986-08-10,6.6358,0.4778,JHU,0.5,fourier_country_k2
COD,1986,33,1986-08-11,1986-08-17,6.9933,0.5035,JHU,0.5,fourier_country_k2
COD,1986,34,1986-08-18,1986-08-24,7.3054,0.526,JHU,0.5,fourier_country_k2
COD,1986,35,1986-08-25,1986-08-31,7.5625,0.5445,JHU,0.5,fourier_country_k2
COD,1986,36,1986-09-01,1986-09-07,7.7575,0.5585,JHU,0.5,fourier_country_k2
COD,1986,37,1986-09-08,1986-09-14,7.8866,0.5678,JHU,0.5,fourier_country_k2
COD,1986,38,1986-09-15,1986-09-21,7.9489,0.5723,JHU,0.5,fourier_country_k2
COD,1986,39,1986-09-22,1986-09-28,7.9469,0.5722,JHU,0.5,fourier_country_k2
COD,1986,40,1986-09-29,1986-10-05,7.8859,0.5678,JHU,0.5,fourier_country_k2
COD,1986,41,1986-10-06,1986-10-12,7.7735,0.5597,JHU,0.5,fourier_country_k2
COD,1986,42,1986-10-13,1986-10-19,7.6196,0.5486,JHU,0.5,fourier_country_k2
COD,1986,43,1986-10-20,1986-10-26,7.4353,0.5353,JHU,0.5,fourier_country_k2
COD,1986,44,1986-10-27,1986-11-02,7.2325,0.5207,JHU,0.5,fourier_country_k2
COD,1986,45,1986-11-03,1986-11-09,7.0229,0.5056,JHU,0.5,fourier_country_k2
COD,1986,46,1986-11-10,1986-11-16,6.8178,0.4909,JHU,0.5,fourier_country_k2
COD,1986,47,1986-11-17,1986-11-23,6.627,0.4771,JHU,0.5,fourier_country_k2
COD,1986,48,1986-11-24,1986-11-30,6.4584,0.465,JHU,0.5,fourier_country_k2
COD,1986,49,1986-12-01,1986-12-07,6.3178,0.4549,JHU,0.5,fourier_country_k2
COD,1986,50,1986-12-08,1986-12-14,6.2082,0.447,JHU,0.5,fourier_country_k2
COD,1986,51,1986-12-15,1986-12-21,6.13,0.4414,JHU,0.5,fourier_country_k2
COD,1986,52,1986-12-22,1986-12-28,6.0812,0.4378,JHU,0.5,fourier_country_k2
COD,1987,1,1986-12-29,1987-01-04,6.0573,0.4361,JHU,0.5,fourier_country_k2
COD,1987,2,1987-01-05,1987-01-11,14.4859,4.7454,AI,0.63,fourier_country_k2
COD,1987,3,1987-01-12,1987-01-18,14.497,4.749,AI,0.63,fourier_country_k2
COD,1987,4,1987-01-19,1987-01-25,14.511,4.7536,AI,0.63,fourier_country_k2
COD,1987,5,1987-01-26,1987-02-01,14.5061,4.752,AI,0.63,fourier_country_k2
COD,1987,6,1987-02-02,1987-02-08,12.1983,2.2947,AI,0.56,fourier_country_k2
COD,1987,7,1987-02-09,1987-02-15,12.1104,2.2782,AI,0.56,fourier_country_k2
COD,1987,8,1987-02-16,1987-02-22,11.9602,2.2499,AI,0.56,fourier_country_k2
COD,1987,9,1987-02-23,1987-03-01,11.7395,2.2084,AI,0.56,fourier_country_k2
COD,1987,10,1987-03-02,1987-03-08,11.445,2.153,AI,0.56,fourier_country_k2
COD,1987,11,1987-03-09,1987-03-15,11.0788,2.0841,AI,0.56,fourier_country_k2
COD,1987,12,1987-03-16,1987-03-22,10.6485,2.0032,AI,0.56,fourier_country_k2
COD,1987,13,1987-03-23,1987-03-29,10.1672,1.9126,AI,0.56,fourier_country_k2
COD,1987,14,1987-03-30,1987-04-05,9.6523,1.8158,AI,0.56,fourier_country_k2
COD,1987,15,1987-04-06,1987-04-12,67.6539,7.8794,AI,0.81,fourier_country_k2
COD,1987,16,1987-04-13,1987-04-19,63.8348,7.4346,AI,0.81,fourier_country_k2
COD,1987,17,1987-04-20,1987-04-26,60.2933,7.0221,AI,0.81,fourier_country_k2
COD,1987,18,1987-04-27,1987-05-03,57.2181,6.664,AI,0.81,fourier_country_k2
COD,1987,19,1987-05-04,1987-05-10,87.6437,19.5335,AI,0.63,fourier_country_k2
COD,1987,20,1987-05-11,1987-05-17,85.0359,18.9523,AI,0.63,fourier_country_k2
COD,1987,21,1987-05-18,1987-05-24,83.911,18.7016,AI,0.63,fourier_country_k2
COD,1987,22,1987-05-25,1987-05-31,84.4094,18.8126,AI,0.63,fourier_country_k2
COD,1987,23,1987-06-01,1987-06-07,17.9621,1.7784,AI,0.72,fourier_country_k2
COD,1987,24,1987-06-08,1987-06-14,18.7665,1.8581,AI,0.72,fourier_country_k2
COD,1987,25,1987-06-15,1987-06-21,19.9032,1.9706,AI,0.72,fourier_country_k2
COD,1987,26,1987-06-22,1987-06-28,21.3396,2.1128,AI,0.72,fourier_country_k2
COD,1987,27,1987-06-29,1987-07-05,23.0286,2.2801,AI,0.72,fourier_country_k2
COD,1987,28,1987-07-06,1987-07-12,66.8266,14.4791,AI,0.63,fourier_country_k2
COD,1987,29,1987-07-13,1987-07-19,72.2155,15.6467,AI,0.63,fourier_country_k2
COD,1987,30,1987-07-20,1987-07-26,77.7451,16.8448,AI,0.63,fourier_country_k2
COD,1987,31,1987-07-27,1987-08-02,83.2128,18.0294,AI,0.63,fourier_country_k2
COD,1987,32,1987-08-03,1987-08-09,0.0,0.0,JHU,0.6,inferred_zero
COD,1987,33,1987-08-10,1987-08-16,0.0,0.0,JHU,0.6,inferred_zero
COD,1987,34,1987-08-17,1987-08-23,0.0,0.0,JHU,0.6,inferred_zero
COD,1987,35,1987-08-24,1987-08-30,0.0,0.0,JHU,0.6,inferred_zero
COD,1987,36,1987-08-31,1987-09-06,0.0,0.0,JHU,0.6,inferred_zero
COD,1987,37,1987-09-07,1987-09-13,0.0,0.0,JHU,0.6,inferred_zero
COD,1987,38,1987-09-14,1987-09-20,0.0,0.0,JHU,0.6,inferred_zero
COD,1987,39,1987-09-21,1987-09-27,0.0,0.0,JHU,0.6,inferred_zero
COD,1987,40,1987-09-28,1987-10-04,0.0,0.0,JHU,0.6,inferred_zero
COD,1987,41,1987-10-05,1987-10-11,0.0,0.0,JHU,0.6,inferred_zero
COD,1987,42,1987-10-12,1987-10-18,0.0,0.0,JHU,0.6,inferred_zero
COD,1987,43,1987-10-19,1987-10-25,0.0,0.0,JHU,0.6,inferred_zero
COD,1987,44,1987-10-26,1987-11-01,0.0,0.0,JHU,0.6,inferred_zero
COD,1987,45,1987-11-02,1987-11-08,0.0,0.0,JHU,0.6,inferred_zero
COD,1987,46,1987-11-09,1987-11-15,0.0,0.0,JHU,0.6,inferred_zero
COD,1987,47,1987-11-16,1987-11-22,0.0,0.0,JHU,0.6,inferred_zero
COD,1987,48,1987-11-23,1987-11-29,0.0,0.0,JHU,0.6,inferred_zero
COD,1987,49,1987-11-30,1987-12-06,0.0,0.0,JHU,0.6,inferred_zero
COD,1987,50,1987-12-07,1987-12-13,0.0,0.0,JHU,0.6,inferred_zero
COD,1987,51,1987-12-14,1987-12-20,0.0,0.0,JHU,0.6,inferred_zero
COD,1987,52,1987-12-21,1987-12-27,0.0,0.0,JHU,0.6,inferred_zero
COD,1987,53,1987-12-28,1988-01-03,0.0,0.0,JHU,0.6,inferred_zero
COD,1988,1,1988-01-04,1988-01-10,73.7557,8.0006,AI,0.675,fourier_country_k2
COD,1988,2,1988-01-11,1988-01-17,73.6869,7.9932,AI,0.675,fourier_country_k2
COD,1988,3,1988-01-18,1988-01-24,73.7429,7.9992,AI,0.675,fourier_country_k2
COD,1988,4,1988-01-25,1988-01-31,73.8145,8.007,AI,0.675,fourier_country_k2
COD,1988,5,1988-02-01,1988-02-07,0.0,0.0,JHU,0.6,inferred_zero
COD,1988,6,1988-02-08,1988-02-14,0.0,0.0,JHU,0.6,inferred_zero
COD,1988,7,1988-02-15,1988-02-21,0.0,0.0,JHU,0.6,inferred_zero
COD,1988,8,1988-02-22,1988-02-28,0.0,0.0,JHU,0.6,inferred_zero
COD,1988,9,1988-02-29,1988-03-06,0.0,0.0,JHU,0.6,inferred_zero
COD,1988,10,1988-03-07,1988-03-13,0.0,0.0,JHU,0.6,inferred_zero
COD,1988,11,1988-03-14,1988-03-20,0.0,0.0,JHU,0.6,inferred_zero
COD,1988,12,1988-03-21,1988-03-27,0.0,0.0,JHU,0.6,inferred_zero
COD,1988,13,1988-03-28,1988-04-03,0.0,0.0,JHU,0.6,inferred_zero
COD,1988,14,1988-04-04,1988-04-10,0.0,0.0,JHU,0.6,inferred_zero
COD,1988,15,1988-04-11,1988-04-17,0.0,0.0,JHU,0.6,inferred_zero
COD,1988,16,1988-04-18,1988-04-24,0.0,0.0,JHU,0.6,inferred_zero
COD,1988,17,1988-04-25,1988-05-01,0.0,0.0,JHU,0.6,inferred_zero
COD,1988,18,1988-05-02,1988-05-08,0.0,0.0,JHU,0.6,inferred_zero
COD,1988,19,1988-05-09,1988-05-15,0.0,0.0,JHU,0.6,inferred_zero
COD,1988,20,1988-05-16,1988-05-22,0.0,0.0,JHU,0.6,inferred_zero
COD,1988,21,1988-05-23,1988-05-29,0.0,0.0,JHU,0.6,inferred_zero
COD,1988,22,1988-05-30,1988-06-05,0.0,0.0,JHU,0.6,inferred_zero
COD,1988,23,1988-06-06,1988-06-12,0.0,0.0,JHU,0.6,inferred_zero
COD,1988,24,1988-06-13,1988-06-19,0.0,0.0,JHU,0.6,inferred_zero
COD,1988,25,1988-06-20,1988-06-26,0.0,0.0,JHU,0.6,inferred_zero
COD,1988,26,1988-06-27,1988-07-03,0.0,0.0,JHU,0.6,inferred_zero
COD,1988,27,1988-07-04,1988-07-10,0.0,0.0,JHU,0.6,inferred_zero
COD,1988,28,1988-07-11,1988-07-17,0.0,0.0,JHU,0.6,inferred_zero
COD,1988,29,1988-07-18,1988-07-24,0.0,0.0,JHU,0.6,inferred_zero
COD,1988,30,1988-07-25,1988-07-31,0.0,0.0,JHU,0.6,inferred_zero
COD,1988,31,1988-08-01,1988-08-07,0.0,0.0,JHU,0.6,inferred_zero
COD,1988,32,1988-08-08,1988-08-14,0.0,0.0,JHU,0.6,inferred_zero
COD,1988,33,1988-08-15,1988-08-21,0.0,0.0,JHU,0.6,inferred_zero
COD,1988,34,1988-08-22,1988-08-28,0.0,0.0,JHU,0.6,inferred_zero
COD,1988,35,1988-08-29,1988-09-04,0.0,0.0,JHU,0.6,inferred_zero
COD,1988,36,1988-09-05,1988-09-11,0.0,0.0,JHU,0.6,inferred_zero
COD,1988,37,1988-09-12,1988-09-18,0.0,0.0,JHU,0.6,inferred_zero
COD,1988,38,1988-09-19,1988-09-25,0.0,0.0,JHU,0.6,inferred_zero
COD,1988,39,1988-09-26,1988-10-02,0.0,0.0,JHU,0.6,inferred_zero
COD,1988,40,1988-10-03,1988-10-09,0.0,0.0,JHU,0.6,inferred_zero
COD,1988,41,1988-10-10,1988-10-16,0.0,0.0,JHU,0.6,inferred_zero
COD,1988,42,1988-10-17,1988-10-23,0.0,0.0,JHU,0.6,inferred_zero
COD,1988,43,1988-10-24,1988-10-30,0.0,0.0,JHU,0.6,inferred_zero
COD,1988,44,1988-10-31,1988-11-06,0.0,0.0,JHU,0.6,inferred_zero
COD,1988,45,1988-11-07,1988-11-13,0.0,0.0,JHU,0.6,inferred_zero
COD,1988,46,1988-11-14,1988-11-20,0.0,0.0,JHU,0.6,inferred_zero
COD,1988,47,1988-11-21,1988-11-27,0.0,0.0,JHU,0.6,inferred_zero
COD,1988,48,1988-11-28,1988-12-04,0.0,0.0,JHU,0.6,inferred_zero
COD,1988,49,1988-12-05,1988-12-11,0.0,0.0,JHU,0.6,inferred_zero
COD,1988,50,1988-12-12,1988-12-18,0.0,0.0,JHU,0.6,inferred_zero
COD,1988,51,1988-12-19,1988-12-25,0.0,0.0,JHU,0.6,inferred_zero
COD,1988,52,1988-12-26,1989-01-01,0.0,0.0,JHU,0.6,inferred_zero
COD,1989,1,1989-01-02,1989-01-08,19.7994,1.2,AI,0.6,fourier_country_k2
COD,1989,2,1989-01-09,1989-01-15,19.7809,1.1988,AI,0.6,fourier_country_k2
COD,1989,3,1989-01-16,1989-01-22,19.796,1.1998,AI,0.6,fourier_country_k2
COD,1989,4,1989-01-23,1989-01-29,19.8152,1.2009,AI,0.6,fourier_country_k2
COD,1989,5,1989-01-30,1989-02-05,19.8084,1.2005,AI,0.6,fourier_country_k2
COD,1989,6,1989-02-06,1989-02-12,0.0,0.0,JHU,0.6,inferred_zero
COD,1989,7,1989-02-13,1989-02-19,0.0,0.0,JHU,0.6,inferred_zero
COD,1989,8,1989-02-20,1989-02-26,0.0,0.0,JHU,0.6,inferred_zero
COD,1989,9,1989-02-27,1989-03-05,0.0,0.0,JHU,0.6,inferred_zero
COD,1989,10,1989-03-06,1989-03-12,0.0,0.0,JHU,0.6,inferred_zero
COD,1989,11,1989-03-13,1989-03-19,0.0,0.0,JHU,0.6,inferred_zero
COD,1989,12,1989-03-20,1989-03-26,0.0,0.0,JHU,0.6,inferred_zero
COD,1989,13,1989-03-27,1989-04-02,0.0,0.0,JHU,0.6,inferred_zero
COD,1989,14,1989-04-03,1989-04-09,0.0,0.0,JHU,0.6,inferred_zero
COD,1989,15,1989-04-10,1989-04-16,0.0,0.0,JHU,0.6,inferred_zero
COD,1989,16,1989-04-17,1989-04-23,0.0,0.0,JHU,0.6,inferred_zero
COD,1989,17,1989-04-24,1989-04-30,0.0,0.0,JHU,0.6,inferred_zero
COD,1989,18,1989-05-01,1989-05-07,0.0,0.0,JHU,0.6,inferred_zero
COD,1989,19,1989-05-08,1989-05-14,0.0,0.0,JHU,0.6,inferred_zero
COD,1989,20,1989-05-15,1989-05-21,0.0,0.0,JHU,0.6,inferred_zero
COD,1989,21,1989-05-22,1989-05-28,0.0,0.0,JHU,0.6,inferred_zero
COD,1989,22,1989-05-29,1989-06-04,0.0,0.0,JHU,0.6,inferred_zero
COD,1989,23,1989-06-05,1989-06-11,0.0,0.0,JHU,0.6,inferred_zero
COD,1989,24,1989-06-12,1989-06-18,0.0,0.0,JHU,0.6,inferred_zero
COD,1989,25,1989-06-19,1989-06-25,0.0,0.0,JHU,0.6,inferred_zero
COD,1989,26,1989-06-26,1989-07-02,0.0,0.0,JHU,0.6,inferred_zero
COD,1989,27,1989-07-03,1989-07-09,0.0,0.0,JHU,0.6,inferred_zero
COD,1989,28,1989-07-10,1989-07-16,0.0,0.0,JHU,0.6,inferred_zero
COD,1989,29,1989-07-17,1989-07-23,0.0,0.0,JHU,0.6,inferred_zero
COD,1989,30,1989-07-24,1989-07-30,0.0,0.0,JHU,0.6,inferred_zero
COD,1989,31,1989-07-31,1989-08-06,0.0,0.0,JHU,0.6,inferred_zero
COD,1989,32,1989-08-07,1989-08-13,0.0,0.0,JHU,0.6,inferred_zero
COD,1989,33,1989-08-14,1989-08-20,0.0,0.0,JHU,0.6,inferred_zero
COD,1989,34,1989-08-21,1989-08-27,0.0,0.0,JHU,0.6,inferred_zero
COD,1989,35,1989-08-28,1989-09-03,0.0,0.0,JHU,0.6,inferred_zero
COD,1989,36,1989-09-04,1989-09-10,0.0,0.0,JHU,0.6,inferred_zero
COD,1989,37,1989-09-11,1989-09-17,0.0,0.0,JHU,0.6,inferred_zero
COD,1989,38,1989-09-18,1989-09-24,0.0,0.0,JHU,0.6,inferred_zero
COD,1989,39,1989-09-25,1989-10-01,0.0,0.0,JHU,0.6,inferred_zero
COD,1989,40,1989-10-02,1989-10-08,0.0,0.0,JHU,0.6,inferred_zero
COD,1989,41,1989-10-09,1989-10-15,0.0,0.0,JHU,0.6,inferred_zero
COD,1989,42,1989-10-16,1989-10-22,0.0,0.0,JHU,0.6,inferred_zero
COD,1989,43,1989-10-23,1989-10-29,0.0,0.0,JHU,0.6,inferred_zero
COD,1989,44,1989-10-30,1989-11-05,0.0,0.0,JHU,0.6,inferred_zero
COD,1989,45,1989-11-06,1989-11-12,0.0,0.0,JHU,0.6,inferred_zero
COD,1989,46,1989-11-13,1989-11-19,0.0,0.0,JHU,0.6,inferred_zero
COD,1989,47,1989-11-20,1989-11-26,0.0,0.0,JHU,0.6,inferred_zero
COD,1989,48,1989-11-27,1989-12-03,0.0,0.0,JHU,0.6,inferred_zero
COD,1989,49,1989-12-04,1989-12-10,0.0,0.0,JHU,0.6,inferred_zero
COD,1989,50,1989-12-11,1989-12-17,0.0,0.0,JHU,0.6,inferred_zero
COD,1989,51,1989-12-18,1989-12-24,0.0,0.0,JHU,0.6,inferred_zero
COD,1989,52,1989-12-25,1989-12-31,0.0,0.0,JHU,0.6,inferred_zero
COD,1990,1,1990-01-01,1990-01-07,9.1525,1.193,JHU,0.5,fourier_country_k2
COD,1990,2,1990-01-08,1990-01-14,9.1439,1.1918,JHU,0.5,fourier_country_k2
COD,1990,3,1990-01-15,1990-01-21,9.1509,1.1927,JHU,0.5,fourier_country_k2
COD,1990,4,1990-01-22,1990-01-28,9.1598,1.1939,JHU,0.5,fourier_country_k2
COD,1990,5,1990-01-29,1990-02-04,9.1566,1.1935,JHU,0.5,fourier_country_k2
COD,1990,6,1990-02-05,1990-02-11,9.1281,1.1898,JHU,0.5,fourier_country_k2
COD,1990,7,1990-02-12,1990-02-18,9.0623,1.1812,JHU,0.5,fourier_country_k2
COD,1990,8,1990-02-19,1990-02-25,8.9499,1.1665,JHU,0.5,fourier_country_k2
COD,1990,9,1990-02-26,1990-03-04,8.7848,1.145,JHU,0.5,fourier_country_k2
COD,1990,10,1990-03-05,1990-03-11,8.5644,1.1163,JHU,0.5,fourier_country_k2
COD,1990,11,1990-03-12,1990-03-18,8.2903,1.0806,JHU,0.5,fourier_country_k2
COD,1990,12,1990-03-19,1990-03-25,7.9684,1.0386,JHU,0.5,fourier_country_k2
COD,1990,13,1990-03-26,1990-04-01,7.6082,0.9917,JHU,0.5,fourier_country_k2
COD,1990,14,1990-04-02,1990-04-08,7.2229,0.9414,JHU,0.5,fourier_country_k2
COD,1990,15,1990-04-09,1990-04-15,6.8285,0.89,JHU,0.5,fourier_country_k2
COD,1990,16,1990-04-16,1990-04-22,6.443,0.8398,JHU,0.5,fourier_country_k2
COD,1990,17,1990-04-23,1990-04-29,6.0855,0.7932,JHU,0.5,fourier_country_k2
COD,1990,18,1990-04-30,1990-05-06,5.7751,0.7527,JHU,0.5,fourier_country_k2
COD,1990,19,1990-05-07,1990-05-13,5.5298,0.7208,JHU,0.5,fourier_country_k2
COD,1990,20,1990-05-14,1990-05-20,5.3652,0.6993,JHU,0.5,fourier_country_k2
COD,1990,21,1990-05-21,1990-05-27,5.2943,0.6901,JHU,0.5,fourier_country_k2
COD,1990,22,1990-05-28,1990-06-03,5.3257,0.6942,JHU,0.5,fourier_country_k2
COD,1990,23,1990-06-04,1990-06-10,5.464,0.7122,JHU,0.5,fourier_country_k2
COD,1990,24,1990-06-11,1990-06-17,5.7086,0.7441,JHU,0.5,fourier_country_k2
COD,1990,25,1990-06-18,1990-06-24,6.0544,0.7891,JHU,0.5,fourier_country_k2
COD,1990,26,1990-06-25,1990-07-01,6.4914,0.8461,JHU,0.5,fourier_country_k2
COD,1990,27,1990-07-02,1990-07-08,7.0052,0.9131,JHU,0.5,fourier_country_k2
COD,1990,28,1990-07-09,1990-07-15,7.5779,0.9877,JHU,0.5,fourier_country_k2
COD,1990,29,1990-07-16,1990-07-22,8.189,1.0674,JHU,0.5,fourier_country_k2
COD,1990,30,1990-07-23,1990-07-29,8.816,1.1491,JHU,0.5,fourier_country_k2
COD,1990,31,1990-07-30,1990-08-05,9.436,1.2299,JHU,0.5,fourier_country_k2
COD,1990,32,1990-08-06,1990-08-12,10.0266,1.3069,JHU,0.5,fourier_country_k2
COD,1990,33,1990-08-13,1990-08-19,10.5668,1.3773,JHU,0.5,fourier_country_k2
COD,1990,34,1990-08-20,1990-08-26,11.0384,1.4388,JHU,0.5,fourier_country_k2
COD,1990,35,1990-08-27,1990-09-02,11.4269,1.4894,JHU,0.5,fourier_country_k2
COD,1990,36,1990-09-03,1990-09-09,11.7215,1.5278,JHU,0.5,fourier_country_k2
COD,1990,37,1990-09-10,1990-09-16,11.9165,1.5532,JHU,0.5,fourier_country_k2
COD,1990,38,1990-09-17,1990-09-23,12.0107,1.5655,JHU,0.5,fourier_country_k2
COD,1990,39,1990-09-24,1990-09-30,12.0077,1.5651,JHU,0.5,fourier_country_k2
COD,1990,40,1990-10-01,1990-10-07,11.9155,1.5531,JHU,0.5,fourier_country_k2
COD,1990,41,1990-10-08,1990-10-14,11.7457,1.531,JHU,0.5,fourier_country_k2
COD,1990,42,1990-10-15,1990-10-21,11.5131,1.5006,JHU,0.5,fourier_country_k2
COD,1990,43,1990-10-22,1990-10-28,11.2346,1.4643,JHU,0.5,fourier_country_k2
COD,1990,44,1990-10-29,1990-11-04,10.9281,1.4244,JHU,0.5,fourier_country_k2
COD,1990,45,1990-11-05,1990-11-11,10.6115,1.3831,JHU,0.5,fourier_country_k2
COD,1990,46,1990-11-12,1990-11-18,10.3016,1.3427,JHU,0.5,fourier_country_k2
COD,1990,47,1990-11-19,1990-11-25,10.0133,1.3052,JHU,0.5,fourier_country_k2
COD,1990,48,1990-11-26,1990-12-02,9.7586,1.272,JHU,0.5,fourier_country_k2
COD,1990,49,1990-12-03,1990-12-09,9.5461,1.2443,JHU,0.5,fourier_country_k2
COD,1990,50,1990-12-10,1990-12-16,9.3804,1.2227,JHU,0.5,fourier_country_k2
COD,1990,51,1990-12-17,1990-12-23,9.2624,1.2073,JHU,0.5,fourier_country_k2
COD,1990,52,1990-12-24,1990-12-30,9.1887,1.1977,JHU,0.5,fourier_country_k2
COD,1991,1,1990-12-31,1991-01-06,9.1525,1.193,JHU,0.5,fourier_country_k2
COD,1991,2,1991-01-07,1991-01-13,81.0274,5.8588,JHU,0.5,fourier_country_k2
COD,1991,3,1991-01-14,1991-01-20,81.089,5.8633,JHU,0.5,fourier_country_k2
COD,1991,4,1991-01-21,1991-01-27,81.1678,5.869,JHU,0.5,fourier_country_k2
COD,1991,5,1991-01-28,1991-02-03,81.14,5.867,JHU,0.5,fourier_country_k2
COD,1991,6,1991-02-04,1991-02-10,80.8869,5.8487,JHU,0.5,fourier_country_k2
COD,1991,7,1991-02-11,1991-02-17,80.304,5.8065,JHU,0.5,fourier_country_k2
COD,1991,8,1991-02-18,1991-02-24,79.3081,5.7345,JHU,0.5,fourier_country_k2
COD,1991,9,1991-02-25,1991-03-03,77.8446,5.6287,JHU,0.5,fourier_country_k2
COD,1991,10,1991-03-04,1991-03-10,75.8916,5.4875,JHU,0.5,fourier_country_k2
COD,1991,11,1991-03-11,1991-03-17,73.4634,5.3119,JHU,0.5,fourier_country_k2
COD,1991,12,1991-03-18,1991-03-24,70.6106,5.1056,JHU,0.5,fourier_country_k2
COD,1991,13,1991-03-25,1991-03-31,67.4186,4.8748,JHU,0.5,fourier_country_k2
COD,1991,14,1991-04-01,1991-04-07,64.0042,4.6279,JHU,0.5,fourier_country_k2
COD,1991,15,1991-04-08,1991-04-14,60.5092,4.3752,JHU,0.5,fourier_country_k2
COD,1991,16,1991-04-15,1991-04-21,57.0935,4.1283,JHU,0.5,fourier_country_k2
COD,1991,17,1991-04-22,1991-04-28,53.9259,3.8992,JHU,0.5,fourier_country_k2
COD,1991,18,1991-04-29,1991-05-05,51.1755,3.7003,JHU,0.5,fourier_country_k2
COD,1991,19,1991-05-06,1991-05-12,49.0012,3.5431,JHU,0.5,fourier_country_k2
COD,1991,20,1991-05-13,1991-05-19,47.5433,3.4377,JHU,0.5,fourier_country_k2
COD,1991,21,1991-05-20,1991-05-26,46.9143,3.3922,JHU,0.5,fourier_country_k2
COD,1991,22,1991-05-27,1991-06-02,47.1929,3.4124,JHU,0.5,fourier_country_k2
COD,1991,23,1991-06-03,1991-06-09,48.4181,3.501,JHU,0.5,fourier_country_k2
COD,1991,24,1991-06-10,1991-06-16,50.5862,3.6577,JHU,0.5,fourier_country_k2
COD,1991,25,1991-06-17,1991-06-23,53.6505,3.8793,JHU,0.5,fourier_country_k2
COD,1991,26,1991-06-24,1991-06-30,57.5222,4.1593,JHU,0.5,fourier_country_k2
COD,1991,27,1991-07-01,1991-07-07,62.075,4.4885,JHU,0.5,fourier_country_k2
COD,1991,28,1991-07-08,1991-07-14,67.1503,4.8554,JHU,0.5,fourier_country_k2
COD,1991,29,1991-07-15,1991-07-21,72.5652,5.247,JHU,0.5,fourier_country_k2
COD,1991,30,1991-07-22,1991-07-28,78.1216,5.6487,JHU,0.5,fourier_country_k2
COD,1991,31,1991-07-29,1991-08-04,83.6159,6.046,JHU,0.5,fourier_country_k2
COD,1991,32,1991-08-05,1991-08-11,88.8488,6.4244,JHU,0.5,fourier_country_k2
COD,1991,33,1991-08-12,1991-08-18,93.6357,6.7705,JHU,0.5,fourier_country_k2
COD,1991,34,1991-08-19,1991-08-25,97.8153,7.0727,JHU,0.5,fourier_country_k2
COD,1991,35,1991-08-26,1991-09-01,101.2573,7.3216,JHU,0.5,fourier_country_k2
COD,1991,36,1991-09-02,1991-09-08,103.8685,7.5104,JHU,0.5,fourier_country_k2
COD,1991,37,1991-09-09,1991-09-15,105.5964,7.6354,JHU,0.5,fourier_country_k2
COD,1991,38,1991-09-16,1991-09-22,106.4312,7.6957,JHU,0.5,fourier_country_k2
COD,1991,39,1991-09-23,1991-09-29,106.4045,7.6938,JHU,0.5,fourier_country_k2
COD,1991,40,1991-09-30,1991-10-06,105.5869,7.6347,JHU,0.5,fourier_country_k2
COD,1991,41,1991-10-07,1991-10-13,104.0823,7.5259,JHU,0.5,fourier_country_k2
COD,1991,42,1991-10-14,1991-10-20,102.0215,7.3769,JHU,0.5,fourier_country_k2
COD,1991,43,1991-10-21,1991-10-27,99.5539,7.1984,JHU,0.5,fourier_country_k2
COD,1991,44,1991-10-28,1991-11-03,96.8379,7.0021,JHU,0.5,fourier_country_k2
COD,1991,45,1991-11-04,1991-11-10,94.0323,6.7992,JHU,0.5,fourier_country_k2
COD,1991,46,1991-11-11,1991-11-17,91.2863,6.6006,JHU,0.5,fourier_country_k2
COD,1991,47,1991-11-18,1991-11-24,88.7315,6.4159,JHU,0.5,fourier_country_k2
COD,1991,48,1991-11-25,1991-12-01,86.4744,6.2527,JHU,0.5,fourier_country_k2
COD,1991,49,1991-12-02,1991-12-08,84.591,6.1165,JHU,0.5,fourier_country_k2
COD,1991,50,1991-12-09,1991-12-15,83.1232,6.0104,JHU,0.5,fourier_country_k2
COD,1991,51,1991-12-16,1991-12-22,82.077,5.9347,JHU,0.5,fourier_country_k2
COD,1991,52,1991-12-23,1991-12-29,81.4238,5.8875,JHU,0.5,fourier_country_k2
COD,1992,1,1991-12-30,1992-01-05,81.1031,5.8643,JHU,0.5,fourier_country_k2
COD,1992,2,1992-01-06,1992-01-12,120.2389,3.6399,AI,0.595,fourier_country_k2
COD,1992,3,1992-01-13,1992-01-19,120.3303,3.6426,AI,0.595,fourier_country_k2
COD,1992,4,1992-01-20,1992-01-26,120.4473,3.6462,AI,0.595,fourier_country_k2
COD,1992,5,1992-01-27,1992-02-02,120.406,3.6449,AI,0.595,fourier_country_k2
COD,1992,6,1992-02-03,1992-02-09,120.0305,3.6336,AI,0.595,fourier_country_k2
COD,1992,7,1992-02-10,1992-02-16,119.1655,3.6074,AI,0.595,fourier_country_k2
COD,1992,8,1992-02-17,1992-02-23,117.6877,3.5626,AI,0.595,fourier_country_k2
COD,1992,9,1992-02-24,1992-03-01,115.5159,3.4969,AI,0.595,fourier_country_k2
COD,1992,10,1992-03-02,1992-03-08,112.6178,3.4092,AI,0.595,fourier_country_k2
COD,1992,11,1992-03-09,1992-03-15,109.0145,3.3001,AI,0.595,fourier_country_k2
COD,1992,12,1992-03-16,1992-03-22,104.7811,3.1719,AI,0.595,fourier_country_k2
COD,1992,13,1992-03-23,1992-03-29,100.0445,3.0285,AI,0.595,fourier_country_k2
COD,1992,14,1992-03-30,1992-04-05,94.9777,2.8752,AI,0.595,fourier_country_k2
COD,1992,15,1992-04-06,1992-04-12,89.7914,2.7182,AI,0.595,fourier_country_k2
COD,1992,16,1992-04-13,1992-04-19,84.7227,2.5647,AI,0.595,fourier_country_k2
COD,1992,17,1992-04-20,1992-04-26,80.0223,2.4224,AI,0.595,fourier_country_k2
COD,1992,18,1992-04-27,1992-05-03,75.9408,2.2989,AI,0.595,fourier_country_k2
COD,1992,19,1992-05-04,1992-05-10,72.7144,2.2012,AI,0.595,fourier_country_k2
COD,1992,20,1992-05-11,1992-05-17,70.5508,2.1357,AI,0.595,fourier_country_k2
COD,1992,21,1992-05-18,1992-05-24,0.0,0.0,JHU,0.6,inferred_zero
COD,1992,22,1992-05-25,1992-05-31,0.0,0.0,JHU,0.6,inferred_zero
COD,1992,23,1992-06-01,1992-06-07,0.0,0.0,JHU,0.6,inferred_zero
COD,1992,24,1992-06-08,1992-06-14,0.0,0.0,JHU,0.6,inferred_zero
COD,1992,25,1992-06-15,1992-06-21,0.0,0.0,JHU,0.6,inferred_zero
COD,1992,26,1992-06-22,1992-06-28,0.0,0.0,JHU,0.6,inferred_zero
COD,1992,27,1992-06-29,1992-07-05,0.0,0.0,JHU,0.6,inferred_zero
COD,1992,28,1992-07-06,1992-07-12,0.0,0.0,JHU,0.6,inferred_zero
COD,1992,29,1992-07-13,1992-07-19,0.0,0.0,JHU,0.6,inferred_zero
COD,1992,30,1992-07-20,1992-07-26,0.0,0.0,JHU,0.6,inferred_zero
COD,1992,31,1992-07-27,1992-08-02,0.0,0.0,JHU,0.6,inferred_zero
COD,1992,32,1992-08-03,1992-08-09,0.0,0.0,JHU,0.6,inferred_zero
COD,1992,33,1992-08-10,1992-08-16,0.0,0.0,JHU,0.6,inferred_zero
COD,1992,34,1992-08-17,1992-08-23,0.0,0.0,JHU,0.6,inferred_zero
COD,1992,35,1992-08-24,1992-08-30,0.0,0.0,JHU,0.6,inferred_zero
COD,1992,36,1992-08-31,1992-09-06,0.0,0.0,JHU,0.6,inferred_zero
COD,1992,37,1992-09-07,1992-09-13,0.0,0.0,JHU,0.6,inferred_zero
COD,1992,38,1992-09-14,1992-09-20,0.0,0.0,JHU,0.6,inferred_zero
COD,1992,39,1992-09-21,1992-09-27,0.0,0.0,JHU,0.6,inferred_zero
COD,1992,40,1992-09-28,1992-10-04,0.0,0.0,JHU,0.6,inferred_zero
COD,1992,41,1992-10-05,1992-10-11,0.0,0.0,JHU,0.6,inferred_zero
COD,1992,42,1992-10-12,1992-10-18,0.0,0.0,JHU,0.6,inferred_zero
COD,1992,43,1992-10-19,1992-10-25,0.0,0.0,JHU,0.6,inferred_zero
COD,1992,44,1992-10-26,1992-11-01,0.0,0.0,JHU,0.6,inferred_zero
COD,1992,45,1992-11-02,1992-11-08,0.0,0.0,JHU,0.6,inferred_zero
COD,1992,46,1992-11-09,1992-11-15,0.0,0.0,JHU,0.6,inferred_zero
COD,1992,47,1992-11-16,1992-11-22,0.0,0.0,JHU,0.6,inferred_zero
COD,1992,48,1992-11-23,1992-11-29,0.0,0.0,JHU,0.6,inferred_zero
COD,1992,49,1992-11-30,1992-12-06,0.0,0.0,JHU,0.6,inferred_zero
COD,1992,50,1992-12-07,1992-12-13,0.0,0.0,JHU,0.6,inferred_zero
COD,1992,51,1992-12-14,1992-12-20,0.0,0.0,JHU,0.6,inferred_zero
COD,1992,52,1992-12-21,1992-12-27,0.0,0.0,JHU,0.6,inferred_zero
COD,1992,53,1992-12-28,1993-01-03,0.0,0.0,JHU,0.6,inferred_zero
COD,1993,1,1993-01-04,1993-01-10,19.6674,3.4907,JHU,0.5,fourier_country_k2
COD,1993,2,1993-01-11,1993-01-17,19.649,3.4874,JHU,0.5,fourier_country_k2
COD,1993,3,1993-01-18,1993-01-24,19.664,3.4901,JHU,0.5,fourier_country_k2
COD,1993,4,1993-01-25,1993-01-31,19.6831,3.4934,JHU,0.5,fourier_country_k2
COD,1993,5,1993-02-01,1993-02-07,19.6763,3.4923,JHU,0.5,fourier_country_k2
COD,1993,6,1993-02-08,1993-02-14,19.615,3.4814,JHU,0.5,fourier_country_k2
COD,1993,7,1993-02-15,1993-02-21,19.4736,3.4563,JHU,0.5,fourier_country_k2
COD,1993,8,1993-02-22,1993-02-28,19.2321,3.4134,JHU,0.5,fourier_country_k2
COD,1993,9,1993-03-01,1993-03-07,18.8772,3.3504,JHU,0.5,fourier_country_k2
COD,1993,10,1993-03-08,1993-03-14,18.4036,3.2664,JHU,0.5,fourier_country_k2
COD,1993,11,1993-03-15,1993-03-21,17.8148,3.1619,JHU,0.5,fourier_country_k2
COD,1993,12,1993-03-22,1993-03-28,17.123,3.0391,JHU,0.5,fourier_country_k2
COD,1993,13,1993-03-29,1993-04-04,16.3489,2.9017,JHU,0.5,fourier_country_k2
COD,1993,14,1993-04-05,1993-04-11,15.5209,2.7547,JHU,0.5,fourier_country_k2
COD,1993,15,1993-04-12,1993-04-18,14.6734,2.6043,JHU,0.5,fourier_country_k2
COD,1993,16,1993-04-19,1993-04-25,13.8451,2.4573,JHU,0.5,fourier_country_k2
COD,1993,17,1993-04-26,1993-05-02,13.077,2.321,JHU,0.5,fourier_country_k2
COD,1993,18,1993-05-03,1993-05-09,12.41,2.2026,JHU,0.5,fourier_country_k2
COD,1993,19,1993-05-10,1993-05-16,11.8827,2.109,JHU,0.5,fourier_country_k2
COD,1993,20,1993-05-17,1993-05-23,11.5292,2.0463,JHU,0.5,fourier_country_k2
COD,1993,21,1993-05-24,1993-05-30,11.3767,2.0192,JHU,0.5,fourier_country_k2
COD,1993,22,1993-05-31,1993-06-06,11.4442,2.0312,JHU,0.5,fourier_country_k2
COD,1993,23,1993-06-07,1993-06-13,11.7413,2.0839,JHU,0.5,fourier_country_k2
COD,1993,24,1993-06-14,1993-06-20,12.2671,2.1772,JHU,0.5,fourier_country_k2
COD,1993,25,1993-06-21,1993-06-27,13.0102,2.3091,JHU,0.5,fourier_country_k2
COD,1993,26,1993-06-28,1993-07-04,13.9491,2.4757,JHU,0.5,fourier_country_k2
COD,1993,27,1993-07-05,1993-07-11,15.0531,2.6717,JHU,0.5,fourier_country_k2
COD,1993,28,1993-07-12,1993-07-18,16.2839,2.8901,JHU,0.5,fourier_country_k2
COD,1993,29,1993-07-19,1993-07-25,17.597,3.1232,JHU,0.5,fourier_country_k2
COD,1993,30,1993-07-26,1993-08-01,18.9444,3.3623,JHU,0.5,fourier_country_k2
COD,1993,31,1993-08-02,1993-08-08,20.2767,3.5988,JHU,0.5,fourier_country_k2
COD,1993,32,1993-08-09,1993-08-15,21.5457,3.824,JHU,0.5,fourier_country_k2
COD,1993,33,1993-08-16,1993-08-22,22.7065,4.0301,JHU,0.5,fourier_country_k2
COD,1993,34,1993-08-23,1993-08-29,23.7201,4.21,JHU,0.5,fourier_country_k2
COD,1993,35,1993-08-30,1993-09-05,24.5548,4.3581,JHU,0.5,fourier_country_k2
COD,1993,36,1993-09-06,1993-09-12,25.188,4.4705,JHU,0.5,fourier_country_k2
COD,1993,37,1993-09-13,1993-09-19,25.607,4.5449,JHU,0.5,fourier_country_k2
COD,1993,38,1993-09-20,1993-09-26,25.8094,4.5808,JHU,0.5,fourier_country_k2
COD,1993,39,1993-09-27,1993-10-03,25.803,4.5796,JHU,0.5,fourier_country_k2
COD,1993,40,1993-10-04,1993-10-10,25.6047,4.5444,JHU,0.5,fourier_country_k2
COD,1993,41,1993-10-11,1993-10-17,25.2398,4.4797,JHU,0.5,fourier_country_k2
COD,1993,42,1993-10-18,1993-10-24,24.7401,4.391,JHU,0.5,fourier_country_k2
COD,1993,43,1993-10-25,1993-10-31,24.1417,4.2848,JHU,0.5,fourier_country_k2
COD,1993,44,1993-11-01,1993-11-07,23.4831,4.1679,JHU,0.5,fourier_country_k2
COD,1993,45,1993-11-08,1993-11-14,22.8027,4.0471,JHU,0.5,fourier_country_k2
COD,1993,46,1993-11-15,1993-11-21,22.1368,3.9289,JHU,0.5,fourier_country_k2
COD,1993,47,1993-11-22,1993-11-28,21.5173,3.819,JHU,0.5,fourier_country_k2
COD,1993,48,1993-11-29,1993-12-05,20.9699,3.7218,JHU,0.5,fourier_country_k2
COD,1993,49,1993-12-06,1993-12-12,20.5132,3.6408,JHU,0.5,fourier_country_k2
COD,1993,50,1993-12-13,1993-12-19,20.1573,3.5776,JHU,0.5,fourier_country_k2
COD,1993,51,1993-12-20,1993-12-26,19.9036,3.5326,JHU,0.5,fourier_country_k2
COD,1993,52,1993-12-27,1994-01-02,19.7452,3.5045,JHU,0.5,fourier_country_k2
COD,1994,1,1994-01-03,1994-01-09,0.2123,0.0,JHU,0.5,fourier_country_k2
COD,1994,2,1994-01-10,1994-01-16,0.2121,0.0,JHU,0.5,fourier_country_k2
COD,1994,3,1994-01-17,1994-01-23,0.2122,0.0,JHU,0.5,fourier_country_k2
COD,1994,4,1994-01-24,1994-01-30,0.2124,0.0,JHU,0.5,fourier_country_k2
COD,1994,5,1994-01-31,1994-02-06,0.2124,0.0,JHU,0.5,fourier_country_k2
COD,1994,6,1994-02-07,1994-02-13,0.2117,0.0,JHU,0.5,fourier_country_k2
COD,1994,7,1994-02-14,1994-02-20,0.2102,0.0,JHU,0.5,fourier_country_k2
COD,1994,8,1994-02-21,1994-02-27,0.2076,0.0,JHU,0.5,fourier_country_k2
COD,1994,9,1994-02-28,1994-03-06,0.2037,0.0,JHU,0.5,fourier_country_k2
COD,1994,10,1994-03-07,1994-03-13,0.1986,0.0,JHU,0.5,fourier_country_k2
COD,1994,11,1994-03-14,1994-03-20,0.1923,0.0,JHU,0.5,fourier_country_k2
COD,1994,12,1994-03-21,1994-03-27,0.1848,0.0,JHU,0.5,fourier_country_k2
COD,1994,13,1994-03-28,1994-04-03,0.1764,0.0,JHU,0.5,fourier_country_k2
COD,1994,14,1994-04-04,1994-04-10,0.1675,0.0,JHU,0.5,fourier_country_k2
COD,1994,15,1994-04-11,1994-04-17,0.1584,0.0,JHU,0.5,fourier_country_k2
COD,1994,16,1994-04-18,1994-04-24,0.1494,0.0,JHU,0.5,fourier_country_k2
COD,1994,17,1994-04-25,1994-05-01,0.1411,0.0,JHU,0.5,fourier_country_k2
COD,1994,18,1994-05-02,1994-05-08,0.1339,0.0,JHU,0.5,fourier_country_k2
COD,1994,19,1994-05-09,1994-05-15,0.1282,0.0,JHU,0.5,fourier_country_k2
COD,1994,20,1994-05-16,1994-05-22,0.1244,0.0,JHU,0.5,fourier_country_k2
COD,1994,21,1994-05-23,1994-05-29,0.1228,0.0,JHU,0.5,fourier_country_k2
COD,1994,22,1994-05-30,1994-06-05,0.1235,0.0,JHU,0.5,fourier_country_k2
COD,1994,23,1994-06-06,1994-06-12,0.1267,0.0,JHU,0.5,fourier_country_k2
COD,1994,24,1994-06-13,1994-06-19,0.1324,0.0,JHU,0.5,fourier_country_k2
COD,1994,25,1994-06-20,1994-06-26,0.1404,0.0,JHU,0.5,fourier_country_k2
COD,1994,26,1994-06-27,1994-07-03,0.1505,0.0,JHU,0.5,fourier_country_k2
COD,1994,27,1994-07-04,1994-07-10,0.1625,0.0,JHU,0.5,fourier_country_k2
COD,1994,28,1994-07-11,1994-07-17,0.1757,0.0,JHU,0.5,fourier_country_k2
COD,1994,29,1994-07-18,1994-07-24,12608.0,1933.0,AI,0.7,observed
COD,1994,30,1994-07-25,1994-07-31,0.2045,0.0,JHU,0.5,fourier_country_k2
COD,1994,31,1994-08-01,1994-08-07,36653.0,1703.0,AI,0.765,fourier_country_k2
COD,1994,32,1994-08-08,1994-08-14,8786.0,545.0,AI,0.54,fourier_country_k2
COD,1994,33,1994-08-15,1994-08-21,0.2451,0.0,JHU,0.5,fourier_country_k2
COD,1994,34,1994-08-22,1994-08-28,0.256,0.0,JHU,0.5,fourier_country_k2
COD,1994,35,1994-08-29,1994-09-04,0.265,0.0,JHU,0.5,fourier_country_k2
COD,1994,36,1994-09-05,1994-09-11,0.2718,0.0,JHU,0.5,fourier_country_k2
COD,1994,37,1994-09-12,1994-09-18,0.2764,0.0,JHU,0.5,fourier_country_k2
COD,1994,38,1994-09-19,1994-09-25,0.2785,0.0,JHU,0.5,fourier_country_k2
COD,1994,39,1994-09-26,1994-10-02,0.2785,0.0,JHU,0.5,fourier_country_k2
COD,1994,40,1994-10-03,1994-10-09,0.2763,0.0,JHU,0.5,fourier_country_k2
COD,1994,41,1994-10-10,1994-10-16,0.2724,0.0,JHU,0.5,fourier_country_k2
COD,1994,42,1994-10-17,1994-10-23,0.267,0.0,JHU,0.5,fourier_country_k2
COD,1994,43,1994-10-24,1994-10-30,0.2605,0.0,JHU,0.5,fourier_country_k2
COD,1994,44,1994-10-31,1994-11-06,0.2534,0.0,JHU,0.5,fourier_country_k2
COD,1994,45,1994-11-07,1994-11-13,0.2461,0.0,JHU,0.5,fourier_country_k2
COD,1994,46,1994-11-14,1994-11-20,0.2389,0.0,JHU,0.5,fourier_country_k2
COD,1994,47,1994-11-21,1994-11-27,0.2322,0.0,JHU,0.5,fourier_country_k2
COD,1994,48,1994-11-28,1994-12-04,0.2263,0.0,JHU,0.5,fourier_country_k2
COD,1994,49,1994-12-05,1994-12-11,0.2214,0.0,JHU,0.5,fourier_country_k2
COD,1994,50,1994-12-12,1994-12-18,0.2175,0.0,JHU,0.5,fourier_country_k2
COD,1994,51,1994-12-19,1994-12-25,0.2148,0.0,JHU,0.5,fourier_country_k2
COD,1994,52,1994-12-26,1995-01-01,0.2131,0.0,JHU,0.5,fourier_country_k2
COD,1995,1,1995-01-02,1995-01-08,0.0,0.0,JHU,0.6,inferred_zero
COD,1995,2,1995-01-09,1995-01-15,0.0,0.0,JHU,0.6,inferred_zero
COD,1995,3,1995-01-16,1995-01-22,0.0,0.0,JHU,0.6,inferred_zero
COD,1995,4,1995-01-23,1995-01-29,28.0,2.0,AI,0.85,observed
COD,1995,5,1995-01-30,1995-02-05,0.0,0.0,JHU,0.6,inferred_zero
COD,1995,6,1995-02-06,1995-02-12,5.9418,0.0,AI,0.595,fourier_country_k2
COD,1995,7,1995-02-13,1995-02-19,5.8989,0.0,AI,0.595,fourier_country_k2
COD,1995,8,1995-02-20,1995-02-26,5.8258,0.0,AI,0.595,fourier_country_k2
COD,1995,9,1995-02-27,1995-03-05,5.7183,0.0,AI,0.595,fourier_country_k2
COD,1995,10,1995-03-06,1995-03-12,5.5748,0.0,AI,0.595,fourier_country_k2
COD,1995,11,1995-03-13,1995-03-19,5.3964,0.0,AI,0.595,fourier_country_k2
COD,1995,12,1995-03-20,1995-03-26,5.1869,0.0,AI,0.595,fourier_country_k2
COD,1995,13,1995-03-27,1995-04-02,4.9524,0.0,AI,0.595,fourier_country_k2
COD,1995,14,1995-04-03,1995-04-09,4.7016,0.0,AI,0.595,fourier_country_k2
COD,1995,15,1995-04-10,1995-04-16,4.4449,0.0,AI,0.595,fourier_country_k2
COD,1995,16,1995-04-17,1995-04-23,4.1939,0.0,AI,0.595,fourier_country_k2
COD,1995,17,1995-04-24,1995-04-30,3.9613,0.0,AI,0.595,fourier_country_k2
COD,1995,18,1995-05-01,1995-05-07,3.7592,0.0,AI,0.595,fourier_country_k2
COD,1995,19,1995-05-08,1995-05-14,3.5995,0.0,AI,0.595,fourier_country_k2
COD,1995,20,1995-05-15,1995-05-21,3.4924,0.0,AI,0.595,fourier_country_k2
COD,1995,21,1995-05-22,1995-05-28,3.4462,0.0,AI,0.595,fourier_country_k2
COD,1995,22,1995-05-29,1995-06-04,3.4667,0.0,AI,0.595,fourier_country_k2
COD,1995,23,1995-06-05,1995-06-11,3.5567,0.0,AI,0.595,fourier_country_k2
COD,1995,24,1995-06-12,1995-06-18,3.7159,0.0,AI,0.595,fourier_country_k2
COD,1995,25,1995-06-19,1995-06-25,3.941,0.0,AI,0.595,fourier_country_k2
COD,1995,26,1995-06-26,1995-07-02,4.2254,0.0,AI,0.595,fourier_country_k2
COD,1995,27,1995-07-03,1995-07-09,83.6729,6.1524,AI,0.765,fourier_country_k2
COD,1995,28,1995-07-10,1995-07-16,90.5141,6.6554,AI,0.765,fourier_country_k2
COD,1995,29,1995-07-17,1995-07-23,97.813,7.1921,AI,0.765,fourier_country_k2
COD,1995,30,1995-07-24,1995-07-30,76.3164,0.0,AI,0.765,fourier_country_k2
COD,1995,31,1995-07-31,1995-08-06,81.6836,0.0,AI,0.765,fourier_country_k2
COD,1995,32,1995-08-07,1995-08-13,0.0,0.0,JHU,0.6,inferred_zero
COD,1995,33,1995-08-14,1995-08-20,0.0,0.0,JHU,0.6,inferred_zero
COD,1995,34,1995-08-21,1995-08-27,0.0,0.0,JHU,0.6,inferred_zero
COD,1995,35,1995-08-28,1995-09-03,0.0,0.0,JHU,0.6,inferred_zero
COD,1995,36,1995-09-04,1995-09-10,0.0,0.0,JHU,0.6,inferred_zero
COD,1995,37,1995-09-11,1995-09-17,0.0,0.0,JHU,0.6,inferred_zero
COD,1995,38,1995-09-18,1995-09-24,0.0,0.0,JHU,0.6,inferred_zero
COD,1995,39,1995-09-25,1995-10-01,0.0,0.0,JHU,0.6,inferred_zero
COD,1995,40,1995-10-02,1995-10-08,0.0,0.0,JHU,0.6,inferred_zero
COD,1995,41,1995-10-09,1995-10-15,0.0,0.0,JHU,0.6,inferred_zero
COD,1995,42,1995-10-16,1995-10-22,0.0,0.0,JHU,0.6,inferred_zero
COD,1995,43,1995-10-23,1995-10-29,0.0,0.0,JHU,0.6,inferred_zero
COD,1995,44,1995-10-30,1995-11-05,0.0,0.0,JHU,0.6,inferred_zero
COD,1995,45,1995-11-06,1995-11-12,0.0,0.0,JHU,0.6,inferred_zero
COD,1995,46,1995-11-13,1995-11-19,0.0,0.0,JHU,0.6,inferred_zero
COD,1995,47,1995-11-20,1995-11-26,0.0,0.0,JHU,0.6,inferred_zero
COD,1995,48,1995-11-27,1995-12-03,0.0,0.0,JHU,0.6,inferred_zero
COD,1995,49,1995-12-04,1995-12-10,0.0,0.0,JHU,0.6,inferred_zero
COD,1995,50,1995-12-11,1995-12-17,0.0,0.0,JHU,0.6,inferred_zero
COD,1995,51,1995-12-18,1995-12-24,0.0,0.0,JHU,0.6,inferred_zero
COD,1995,52,1995-12-25,1995-12-31,0.0,0.0,JHU,0.6,inferred_zero
COD,1996,1,1996-01-01,1996-01-07,18.2532,1.6594,AI,0.42,fourier_country_k2
COD,1996,2,1996-01-08,1996-01-14,18.2362,1.6578,AI,0.42,fourier_country_k2
COD,1996,3,1996-01-15,1996-01-21,18.2501,1.6591,AI,0.42,fourier_country_k2
COD,1996,4,1996-01-22,1996-01-28,18.2678,1.6607,AI,0.42,fourier_country_k2
COD,1996,5,1996-01-29,1996-02-04,18.2615,1.6601,AI,0.42,fourier_country_k2
COD,1996,6,1996-02-05,1996-02-11,18.2046,1.655,AI,0.42,fourier_country_k2
COD,1996,7,1996-02-12,1996-02-18,18.0734,1.643,AI,0.42,fourier_country_k2
COD,1996,8,1996-02-19,1996-02-25,17.8492,1.6227,AI,0.42,fourier_country_k2
COD,1996,9,1996-02-26,1996-03-03,17.5199,1.5927,AI,0.42,fourier_country_k2
COD,1996,10,1996-03-04,1996-03-10,17.0803,1.5528,AI,0.42,fourier_country_k2
COD,1996,11,1996-03-11,1996-03-17,16.5338,1.5031,AI,0.42,fourier_country_k2
COD,1996,12,1996-03-18,1996-03-24,15.8918,1.4447,AI,0.42,fourier_country_k2
COD,1996,13,1996-03-25,1996-03-31,15.1734,1.3794,AI,0.42,fourier_country_k2
COD,1996,14,1996-04-01,1996-04-07,14.4049,1.3095,AI,0.42,fourier_country_k2
COD,1996,15,1996-04-08,1996-04-14,136.0,3.0,AI,0.81,fourier_country_k2
COD,1996,16,1996-04-15,1996-04-21,110.0529,0.0,AI,0.81,fourier_country_k2
COD,1996,17,1996-04-22,1996-04-28,108.0,7.0,AI,0.9,observed
COD,1996,18,1996-04-29,1996-05-05,209.0426,32.01,JHU,0.8,fourier_country_k2
COD,1996,19,1996-05-06,1996-05-12,214.1644,19.8111,AI,0.81,fourier_country_k2
COD,1996,20,1996-05-13,1996-05-19,207.7922,19.2216,AI,0.81,fourier_country_k2
COD,1996,21,1996-05-20,1996-05-26,205.0434,18.9673,AI,0.81,fourier_country_k2
COD,1996,22,1996-05-27,1996-06-02,105.4573,2.9922,AI,0.4,fourier_country_k2
COD,1996,23,1996-06-03,1996-06-09,108.195,3.0698,AI,0.4,fourier_country_k2
COD,1996,24,1996-06-10,1996-06-16,113.0399,3.2073,AI,0.4,fourier_country_k2
COD,1996,25,1996-06-17,1996-06-23,119.8873,3.4016,AI,0.4,fourier_country_k2
COD,1996,26,1996-06-24,1996-06-30,128.5392,3.6471,AI,0.4,fourier_country_k2
COD,1996,27,1996-07-01,1996-07-07,138.7128,3.9357,AI,0.4,fourier_country_k2
COD,1996,28,1996-07-08,1996-07-14,150.054,4.2575,AI,0.4,fourier_country_k2
COD,1996,29,1996-07-15,1996-07-21,162.1542,4.6008,AI,0.4,fourier_country_k2
COD,1996,30,1996-07-22,1996-07-28,174.5706,4.9531,AI,0.4,fourier_country_k2
COD,1996,31,1996-07-29,1996-08-04,186.848,5.3015,AI,0.4,fourier_country_k2
COD,1996,32,1996-08-05,1996-08-11,198.5415,5.6333,AI,0.4,fourier_country_k2
COD,1996,33,1996-08-12,1996-08-18,382.4848,58.5686,JHU,0.8,fourier_country_k2
COD,1996,34,1996-08-19,1996-08-25,399.5576,61.1829,JHU,0.8,fourier_country_k2
COD,1996,35,1996-08-26,1996-09-01,413.6176,63.3359,JHU,0.8,fourier_country_k2
COD,1996,36,1996-09-02,1996-09-08,159.9576,2.4138,AI,0.68,fourier_country_k2
COD,1996,37,1996-09-09,1996-09-15,162.6187,2.454,AI,0.68,fourier_country_k2
COD,1996,38,1996-09-16,1996-09-22,163.9042,2.4734,AI,0.68,fourier_country_k2
COD,1996,39,1996-09-23,1996-09-29,163.8632,2.4728,AI,0.68,fourier_country_k2
COD,1996,40,1996-09-30,1996-10-06,162.604,2.4538,AI,0.68,fourier_country_k2
COD,1996,41,1996-10-07,1996-10-13,160.2869,2.4188,AI,0.68,fourier_country_k2
COD,1996,42,1996-10-14,1996-10-20,157.1134,2.3709,AI,0.68,fourier_country_k2
COD,1996,43,1996-10-21,1996-10-27,153.3131,2.3136,AI,0.68,fourier_country_k2
COD,1996,44,1996-10-28,1996-11-03,149.1306,2.2505,AI,0.68,fourier_country_k2
COD,1996,45,1996-11-04,1996-11-10,144.8099,2.1853,AI,0.68,fourier_country_k2
COD,1996,46,1996-11-11,1996-11-17,140.581,2.1214,AI,0.68,fourier_country_k2
COD,1996,47,1996-11-18,1996-11-24,136.6466,2.0621,AI,0.68,fourier_country_k2
COD,1996,48,1996-11-25,1996-12-01,133.1707,2.0096,AI,0.68,fourier_country_k2
COD,1996,49,1996-12-02,1996-12-08,345.539,52.9112,JHU,0.8,fourier_country_k2
COD,1996,50,1996-12-09,1996-12-15,339.5431,51.9931,JHU,0.8,fourier_country_k2
COD,1996,51,1996-12-16,1996-12-22,335.2696,51.3387,JHU,0.8,fourier_country_k2
COD,1996,52,1996-12-23,1996-12-29,332.6015,50.9301,JHU,0.8,fourier_country_k2
COD,1997,1,1996-12-30,1997-01-05,331.2914,50.7295,JHU,0.8,fourier_country_k2
COD,1997,2,1997-01-06,1997-01-12,27.9894,0.9996,AI,0.72,fourier_country_k2
COD,1997,3,1997-01-13,1997-01-19,28.0106,1.0004,AI,0.72,fourier_country_k2
COD,1997,4,1997-01-20,1997-01-26,88.9947,4.8972,AI,0.68,fourier_country_k2
COD,1997,5,1997-01-27,1997-02-02,88.9642,4.8956,AI,0.68,fourier_country_k2
COD,1997,6,1997-02-03,1997-02-09,88.6868,4.8803,AI,0.68,fourier_country_k2
COD,1997,7,1997-02-10,1997-02-16,88.0476,4.8451,AI,0.68,fourier_country_k2
COD,1997,8,1997-02-17,1997-02-23,86.9557,4.785,AI,0.68,fourier_country_k2
COD,1997,9,1997-02-24,1997-03-02,85.3511,4.6967,AI,0.68,fourier_country_k2
COD,1997,10,1997-03-03,1997-03-09,0.0,0.0,AI,0.6,inferred_zero
COD,1997,11,1997-03-10,1997-03-16,0.0,0.0,AI,0.6,inferred_zero
COD,1997,12,1997-03-17,1997-03-23,0.0,0.0,AI,0.6,inferred_zero
COD,1997,13,1997-03-24,1997-03-30,0.0,0.0,AI,0.6,inferred_zero
COD,1997,14,1997-03-31,1997-04-06,0.0,0.0,AI,0.6,inferred_zero
COD,1997,15,1997-04-07,1997-04-13,0.0,0.0,AI,0.6,inferred_zero
COD,1997,16,1997-04-14,1997-04-20,0.0,0.0,AI,0.6,inferred_zero
COD,1997,17,1997-04-21,1997-04-27,0.0,0.0,AI,0.6,inferred_zero
COD,1997,18,1997-04-28,1997-05-04,32.5475,5.2706,JHU,0.5,fourier_country_k2
COD,1997,19,1997-05-05,1997-05-11,31.1647,5.0467,JHU,0.5,fourier_country_k2
COD,1997,20,1997-05-12,1997-05-18,30.2374,4.8966,JHU,0.5,fourier_country_k2
COD,1997,21,1997-05-19,1997-05-25,29.8374,4.8318,JHU,0.5,fourier_country_k2
COD,1997,22,1997-05-26,1997-06-01,30.0146,4.8605,JHU,0.5,fourier_country_k2
COD,1997,23,1997-06-02,1997-06-08,30.7938,4.9867,JHU,0.5,fourier_country_k2
COD,1997,24,1997-06-09,1997-06-15,32.1727,5.21,JHU,0.5,fourier_country_k2
COD,1997,25,1997-06-16,1997-06-22,34.1216,5.5255,JHU,0.5,fourier_country_k2
COD,1997,26,1997-06-23,1997-06-29,36.584,5.9243,JHU,0.5,fourier_country_k2
COD,1997,27,1997-06-30,1997-07-06,39.4796,6.3932,JHU,0.5,fourier_country_k2
COD,1997,28,1997-07-07,1997-07-13,42.7074,6.9159,JHU,0.5,fourier_country_k2
COD,1997,29,1997-07-14,1997-07-20,46.1513,7.4736,JHU,0.5,fourier_country_k2
COD,1997,30,1997-07-21,1997-07-27,49.6852,8.0459,JHU,0.5,fourier_country_k2
COD,1997,31,1997-07-28,1997-08-03,53.1795,8.6117,JHU,0.5,fourier_country_k2
COD,1997,32,1997-08-04,1997-08-10,56.5076,9.1507,JHU,0.5,fourier_country_k2
COD,1997,33,1997-08-11,1997-08-17,59.5521,9.6437,JHU,0.5,fourier_country_k2
COD,1997,34,1997-08-18,1997-08-24,62.2103,10.0741,JHU,0.5,fourier_country_k2
COD,1997,35,1997-08-25,1997-08-31,64.3994,10.4286,JHU,0.5,fourier_country_k2
COD,1997,36,1997-09-01,1997-09-07,66.0601,10.6976,JHU,0.5,fourier_country_k2
COD,1997,37,1997-09-08,1997-09-14,67.1591,10.8755,JHU,0.5,fourier_country_k2
COD,1997,38,1997-09-15,1997-09-21,67.69,10.9615,JHU,0.5,fourier_country_k2
COD,1997,39,1997-09-22,1997-09-28,67.6731,10.9588,JHU,0.5,fourier_country_k2
COD,1997,40,1997-09-29,1997-10-05,67.153,10.8746,JHU,0.5,fourier_country_k2
COD,1997,41,1997-10-06,1997-10-12,66.1961,10.7196,JHU,0.5,fourier_country_k2
COD,1997,42,1997-10-13,1997-10-19,64.8855,10.5074,JHU,0.5,fourier_country_k2
COD,1997,43,1997-10-20,1997-10-26,63.316,10.2532,JHU,0.5,fourier_country_k2
COD,1997,44,1997-10-27,1997-11-02,61.5887,9.9735,JHU,0.5,fourier_country_k2
COD,1997,45,1997-11-03,1997-11-09,59.8043,9.6845,JHU,0.5,fourier_country_k2
COD,1997,46,1997-11-10,1997-11-16,58.0579,9.4017,JHU,0.5,fourier_country_k2
COD,1997,47,1997-11-17,1997-11-23,56.433,9.1386,JHU,0.5,fourier_country_k2
COD,1997,48,1997-11-24,1997-11-30,54.9975,8.9061,JHU,0.5,fourier_country_k2
COD,1997,49,1997-12-01,1997-12-07,53.7997,8.7122,JHU,0.5,fourier_country_k2
COD,1997,50,1997-12-08,1997-12-14,52.8662,8.561,JHU,0.5,fourier_country_k2
COD,1997,51,1997-12-15,1997-12-21,52.2008,8.4532,JHU,0.5,fourier_country_k2
COD,1997,52,1997-12-22,1997-12-28,411.5794,69.4744,AI,0.63,fourier_country_k2
COD,1998,1,1997-12-29,1998-01-04,409.9582,69.2007,AI,0.63,fourier_country_k2
COD,1998,2,1998-01-05,1998-01-11,409.5755,69.1362,AI,0.63,fourier_country_k2
COD,1998,3,1998-01-12,1998-01-18,409.8869,69.1887,AI,0.63,fourier_country_k2
COD,1998,4,1998-01-19,1998-01-25,0.0,0.0,AI,0.6,inferred_zero
COD,1998,5,1998-01-26,1998-02-01,0.0,0.0,AI,0.6,inferred_zero
COD,1998,6,1998-02-02,1998-02-08,524.3896,7.0253,AI,0.765,fourier_country_k2
COD,1998,7,1998-02-09,1998-02-15,520.6104,6.9747,AI,0.765,fourier_country_k2
COD,1998,8,1998-02-16,1998-02-22,0.0,0.0,AI,0.6,inferred_zero
COD,1998,9,1998-02-23,1998-03-01,0.0,0.0,AI,0.6,inferred_zero
COD,1998,10,1998-03-02,1998-03-08,591.7003,16.6901,AI,0.64,fourier_country_k2
COD,1998,11,1998-03-09,1998-03-15,572.7683,16.1561,AI,0.64,fourier_country_k2
COD,1998,12,1998-03-16,1998-03-22,550.5256,15.5287,AI,0.64,fourier_country_k2
COD,1998,13,1998-03-23,1998-03-29,525.6393,14.8267,AI,0.64,fourier_country_k2
COD,1998,14,1998-03-30,1998-04-05,499.0183,14.0758,AI,0.64,fourier_country_k2
COD,1998,15,1998-04-06,1998-04-12,471.7691,13.3072,AI,0.64,fourier_country_k2
COD,1998,16,1998-04-13,1998-04-19,445.1376,12.556,AI,0.64,fourier_country_k2
COD,1998,17,1998-04-20,1998-04-26,420.4415,11.8594,AI,0.64,fourier_country_k2
COD,1998,18,1998-04-27,1998-05-03,1959.1179,16.3473,AI,0.81,fourier_country_k2
COD,1998,19,1998-05-04,1998-05-10,1875.8821,15.6527,AI,0.81,fourier_country_k2
COD,1998,20,1998-05-11,1998-05-17,362.4248,,AI,0.64,fourier_country_k2
COD,1998,21,1998-05-18,1998-05-24,357.6305,,AI,0.64,fourier_country_k2
COD,1998,22,1998-05-25,1998-05-31,359.7543,,AI,0.64,fourier_country_k2
COD,1998,23,1998-06-01,1998-06-07,369.0936,,AI,0.64,fourier_country_k2
COD,1998,24,1998-06-08,1998-06-14,385.6213,,AI,0.64,fourier_country_k2
COD,1998,25,1998-06-15,1998-06-21,408.9803,,AI,0.64,fourier_country_k2
COD,1998,26,1998-06-22,1998-06-28,438.4951,,AI,0.64,fourier_country_k2
COD,1998,27,1998-06-29,1998-07-05,593.795,75.7607,AI,0.64,fourier_country_k2
COD,1998,28,1998-07-06,1998-07-12,642.3439,81.9549,AI,0.64,fourier_country_k2
COD,1998,29,1998-07-13,1998-07-19,694.1418,88.5637,AI,0.64,fourier_country_k2
COD,1998,30,1998-07-20,1998-07-26,747.2932,95.3452,AI,0.64,fourier_country_k2
COD,1998,31,1998-07-27,1998-08-02,799.8496,102.0507,AI,0.64,fourier_country_k2
COD,1998,32,1998-08-03,1998-08-09,849.9065,108.4373,AI,0.64,fourier_country_k2
COD,1998,33,1998-08-10,1998-08-16,895.6969,114.2796,AI,0.64,fourier_country_k2
COD,1998,34,1998-08-17,1998-08-23,935.6778,119.3806,AI,0.64,fourier_country_k2
COD,1998,35,1998-08-24,1998-08-30,968.6033,123.5815,AI,0.64,fourier_country_k2
COD,1998,36,1998-08-31,1998-09-06,993.5813,126.7684,AI,0.64,fourier_country_k2
COD,1998,37,1998-09-07,1998-09-13,1010.1106,128.8773,AI,0.64,fourier_country_k2
COD,1998,38,1998-09-14,1998-09-20,880.4509,89.7246,AI,0.64,fourier_country_k2
COD,1998,39,1998-09-21,1998-09-27,880.2303,89.7021,AI,0.64,fourier_country_k2
COD,1998,40,1998-09-28,1998-10-04,873.4663,89.0128,AI,0.64,fourier_country_k2
COD,1998,41,1998-10-05,1998-10-11,861.0196,87.7444,AI,0.64,fourier_country_k2
COD,1998,42,1998-10-12,1998-10-18,843.972,86.0071,AI,0.64,fourier_country_k2
COD,1998,43,1998-10-19,1998-10-25,823.5581,83.9268,AI,0.64,fourier_country_k2
COD,1998,44,1998-10-26,1998-11-01,801.0905,81.6371,AI,0.64,fourier_country_k2
COD,1998,45,1998-11-02,1998-11-08,777.8809,79.2719,AI,0.64,fourier_country_k2
COD,1998,46,1998-11-09,1998-11-15,755.1647,76.957,AI,0.64,fourier_country_k2
COD,1998,47,1998-11-16,1998-11-22,734.03,74.8032,AI,0.64,fourier_country_k2
COD,1998,48,1998-11-23,1998-11-29,715.3584,72.9004,AI,0.64,fourier_country_k2
COD,1998,49,1998-11-30,1998-12-06,699.7783,71.3127,AI,0.64,fourier_country_k2
COD,1998,50,1998-12-07,1998-12-13,783.3836,126.7814,JHU,0.9,fourier_country_k2
COD,1998,51,1998-12-14,1998-12-20,773.524,125.1857,JHU,0.9,fourier_country_k2
COD,1998,52,1998-12-21,1998-12-27,767.3681,124.1895,JHU,0.9,fourier_country_k2
COD,1998,53,1998-12-28,1999-01-03,767.3681,124.1895,JHU,0.9,fourier_country_k2
COD,1999,1,1999-01-04,1999-01-10,144.1925,11.4642,AI,0.42,fourier_country_k2
COD,1999,2,1999-01-11,1999-01-17,144.0579,11.4535,AI,0.42,fourier_country_k2
COD,1999,3,1999-01-18,1999-01-24,144.1674,11.4623,AI,0.42,fourier_country_k2
COD,1999,4,1999-01-25,1999-01-31,144.3075,11.4734,AI,0.42,fourier_country_k2
COD,1999,5,1999-02-01,1999-02-07,144.2581,11.4695,AI,0.42,fourier_country_k2
COD,1999,6,1999-02-08,1999-02-14,143.8082,11.4337,AI,0.42,fourier_country_k2
COD,1999,7,1999-02-15,1999-02-21,142.7718,11.3513,AI,0.42,fourier_country_k2
COD,1999,8,1999-02-22,1999-02-28,141.0013,11.2105,AI,0.42,fourier_country_k2
COD,1999,9,1999-03-01,1999-03-07,138.3993,11.0036,AI,0.42,fourier_country_k2
COD,1999,10,1999-03-08,1999-03-14,134.9271,10.7276,AI,0.42,fourier_country_k2
COD,1999,11,1999-03-15,1999-03-21,130.61,10.3843,AI,0.42,fourier_country_k2
COD,1999,12,1999-03-22,1999-03-28,125.5379,9.9811,AI,0.42,fourier_country_k2
COD,1999,13,1999-03-29,1999-04-04,119.863,9.5299,AI,0.42,fourier_country_k2
COD,1999,14,1999-04-05,1999-04-11,113.7926,9.0472,AI,0.42,fourier_country_k2
COD,1999,15,1999-04-12,1999-04-18,107.5788,8.5532,AI,0.42,fourier_country_k2
COD,1999,16,1999-04-19,1999-04-25,101.506,8.0704,AI,0.42,fourier_country_k2
COD,1999,17,1999-04-26,1999-05-02,95.8745,7.6226,AI,0.42,fourier_country_k2
COD,1999,18,1999-05-03,1999-05-09,90.9845,7.2339,AI,0.42,fourier_country_k2
COD,1999,19,1999-05-10,1999-05-16,87.1189,6.9265,AI,0.42,fourier_country_k2
COD,1999,20,1999-05-17,1999-05-23,84.5267,6.7204,AI,0.42,fourier_country_k2
COD,1999,21,1999-05-24,1999-05-30,83.4086,6.6315,AI,0.42,fourier_country_k2
COD,1999,22,1999-05-31,1999-06-06,83.9039,6.6709,AI,0.42,fourier_country_k2
COD,1999,23,1999-06-07,1999-06-13,86.0821,6.8441,AI,0.42,fourier_country_k2
COD,1999,24,1999-06-14,1999-06-20,89.9368,7.1506,AI,0.42,fourier_country_k2
COD,1999,25,1999-06-21,1999-06-27,95.3847,7.5837,AI,0.42,fourier_country_k2
COD,1999,26,1999-06-28,1999-07-04,185.1148,9.6997,AI,0.68,fourier_country_k2
COD,1999,27,1999-07-05,1999-07-11,199.7663,10.4675,AI,0.68,fourier_country_k2
COD,1999,28,1999-07-12,1999-07-18,216.0992,11.3233,AI,0.68,fourier_country_k2
COD,1999,29,1999-07-19,1999-07-25,233.5253,12.2364,AI,0.68,fourier_country_k2
COD,1999,30,1999-07-26,1999-08-01,251.4066,13.1733,AI,0.68,fourier_country_k2
COD,1999,31,1999-08-02,1999-08-08,269.0878,14.0998,AI,0.68,fourier_country_k2
COD,1999,32,1999-08-09,1999-08-15,150.7696,7.1681,AI,0.68,fourier_country_k2
COD,1999,33,1999-08-16,1999-08-22,158.8926,7.5543,AI,0.68,fourier_country_k2
COD,1999,34,1999-08-23,1999-08-29,165.985,7.8915,AI,0.68,fourier_country_k2
COD,1999,35,1999-08-30,1999-09-05,171.8258,8.1692,AI,0.68,fourier_country_k2
COD,1999,36,1999-09-06,1999-09-12,176.2568,8.3799,AI,0.68,fourier_country_k2
COD,1999,37,1999-09-13,1999-09-19,179.189,8.5193,AI,0.68,fourier_country_k2
COD,1999,38,1999-09-20,1999-09-26,180.6056,8.5866,AI,0.68,fourier_country_k2
COD,1999,39,1999-09-27,1999-10-03,180.5603,8.5845,AI,0.68,fourier_country_k2
COD,1999,40,1999-10-04,1999-10-10,179.1728,8.5185,AI,0.68,fourier_country_k2
COD,1999,41,1999-10-11,1999-10-17,176.6197,8.3971,AI,0.68,fourier_country_k2
COD,1999,42,1999-10-18,1999-10-24,173.1227,8.2309,AI,0.68,fourier_country_k2
COD,1999,43,1999-10-25,1999-10-31,733.6528,43.7165,JHU,0.8,fourier_country_k2
COD,1999,44,1999-11-01,1999-11-07,713.6379,42.5239,JHU,0.8,fourier_country_k2
COD,1999,45,1999-11-08,1999-11-14,692.9621,41.2919,JHU,0.8,fourier_country_k2
COD,1999,46,1999-11-15,1999-11-21,672.7257,40.086,JHU,0.8,fourier_country_k2
COD,1999,47,1999-11-22,1999-11-28,653.8983,38.9641,JHU,0.8,fourier_country_k2
COD,1999,48,1999-11-29,1999-12-05,637.265,37.973,JHU,0.8,fourier_country_k2
COD,1999,49,1999-12-06,1999-12-12,623.3857,37.146,JHU,0.8,fourier_country_k2
COD,1999,50,1999-12-13,1999-12-19,612.5685,36.5014,JHU,0.8,fourier_country_k2
COD,1999,51,1999-12-20,1999-12-26,604.8588,36.042,JHU,0.8,fourier_country_k2
COD,1999,52,1999-12-27,2000-01-02,600.0452,35.7552,JHU,0.8,fourier_country_k2
COD,2000,1,2000-01-03,2000-01-09,314.9377,,JHU,0.475,fourier_country_k2
COD,2000,2,2000-01-10,2000-01-16,314.6438,,JHU,0.475,fourier_country_k2
COD,2000,3,2000-01-17,2000-01-23,314.883,,JHU,0.475,fourier_country_k2
COD,2000,4,2000-01-24,2000-01-30,315.1889,,JHU,0.475,fourier_country_k2
COD,2000,5,2000-01-31,2000-02-06,315.0809,,JHU,0.475,fourier_country_k2
COD,2000,6,2000-02-07,2000-02-13,314.0983,,JHU,0.475,fourier_country_k2
COD,2000,7,2000-02-14,2000-02-20,311.8347,,JHU,0.475,fourier_country_k2
COD,2000,8,2000-02-21,2000-02-27,307.9676,,JHU,0.475,fourier_country_k2
COD,2000,9,2000-02-28,2000-03-05,302.2844,,JHU,0.475,fourier_country_k2
COD,2000,10,2000-03-06,2000-03-12,294.7007,,JHU,0.475,fourier_country_k2
COD,2000,11,2000-03-13,2000-03-19,285.2714,,JHU,0.475,fourier_country_k2
COD,2000,12,2000-03-20,2000-03-26,274.1933,,JHU,0.475,fourier_country_k2
COD,2000,13,2000-03-27,2000-04-02,261.7985,,JHU,0.475,fourier_country_k2
COD,2000,14,2000-04-03,2000-04-09,248.5397,,JHU,0.475,fourier_country_k2
COD,2000,15,2000-04-10,2000-04-16,234.9681,,JHU,0.475,fourier_country_k2
COD,2000,16,2000-04-17,2000-04-23,221.7041,,JHU,0.475,fourier_country_k2
COD,2000,17,2000-04-24,2000-04-30,209.404,,JHU,0.475,fourier_country_k2
COD,2000,18,2000-05-01,2000-05-07,198.7235,,JHU,0.475,fourier_country_k2
COD,2000,19,2000-05-08,2000-05-14,190.2805,,JHU,0.475,fourier_country_k2
COD,2000,20,2000-05-15,2000-05-21,184.6189,,JHU,0.475,fourier_country_k2
COD,2000,21,2000-05-22,2000-05-28,182.1767,,JHU,0.475,fourier_country_k2
COD,2000,22,2000-05-29,2000-06-04,183.2586,,JHU,0.475,fourier_country_k2
COD,2000,23,2000-06-05,2000-06-11,188.016,,JHU,0.475,fourier_country_k2
COD,2000,24,2000-06-12,2000-06-18,196.4352,,JHU,0.475,fourier_country_k2
COD,2000,25,2000-06-19,2000-06-25,208.3343,,JHU,0.475,fourier_country_k2
COD,2000,26,2000-06-26,2000-07-02,223.3691,,JHU,0.475,fourier_country_k2
COD,2000,27,2000-07-03,2000-07-09,241.0483,,JHU,0.475,fourier_country_k2
COD,2000,28,2000-07-10,2000-07-16,260.7565,,JHU,0.475,fourier_country_k2
COD,2000,29,2000-07-17,2000-07-23,281.7837,,JHU,0.475,fourier_country_k2
COD,2000,30,2000-07-24,2000-07-30,303.3602,,JHU,0.475,fourier_country_k2
COD,2000,31,2000-07-31,2000-08-06,324.6953,,JHU,0.475,fourier_country_k2
COD,2000,32,2000-08-07,2000-08-13,345.0156,,JHU,0.475,fourier_country_k2
COD,2000,33,2000-08-14,2000-08-20,363.604,,JHU,0.475,fourier_country_k2
COD,2000,34,2000-08-21,2000-08-27,379.8341,,JHU,0.475,fourier_country_k2
COD,2000,35,2000-08-28,2000-09-03,393.2001,,JHU,0.475,fourier_country_k2
COD,2000,36,2000-09-04,2000-09-10,403.3398,,JHU,0.475,fourier_country_k2
COD,2000,37,2000-09-11,2000-09-17,410.0497,,JHU,0.475,fourier_country_k2
COD,2000,38,2000-09-18,2000-09-24,413.2913,,JHU,0.475,fourier_country_k2
COD,2000,39,2000-09-25,2000-10-01,413.1877,,JHU,0.475,fourier_country_k2
COD,2000,40,2000-10-02,2000-10-08,410.0127,,JHU,0.475,fourier_country_k2
COD,2000,41,2000-10-09,2000-10-15,404.1701,,JHU,0.475,fourier_country_k2
COD,2000,42,2000-10-16,2000-10-22,396.1678,,JHU,0.475,fourier_country_k2
COD,2000,43,2000-10-23,2000-10-29,386.5853,,JHU,0.475,fourier_country_k2
COD,2000,44,2000-10-30,2000-11-05,376.0388,,JHU,0.475,fourier_country_k2
COD,2000,45,2000-11-06,2000-11-12,365.1441,,JHU,0.475,fourier_country_k2
COD,2000,46,2000-11-13,2000-11-19,354.4809,,JHU,0.475,fourier_country_k2
COD,2000,47,2000-11-20,2000-11-26,344.5601,,JHU,0.475,fourier_country_k2
COD,2000,48,2000-11-27,2000-12-03,335.7954,,JHU,0.475,fourier_country_k2
COD,2000,49,2000-12-04,2000-12-10,328.482,,JHU,0.475,fourier_country_k2
COD,2000,50,2000-12-11,2000-12-17,322.7821,,JHU,0.475,fourier_country_k2
COD,2000,51,2000-12-18,2000-12-24,318.7196,,JHU,0.475,fourier_country_k2
COD,2000,52,2000-12-25,2000-12-31,316.1832,,JHU,0.475,fourier_country_k2
COD,2001,1,2001-01-01,2001-01-07,182.4628,,JHU,0.475,fourier_country_k2
COD,2001,2,2001-01-08,2001-01-14,182.2925,,JHU,0.475,fourier_country_k2
COD,2001,3,2001-01-15,2001-01-21,182.431,,JHU,0.475,fourier_country_k2
COD,2001,4,2001-01-22,2001-01-28,182.6083,,JHU,0.475,fourier_country_k2
COD,2001,5,2001-01-29,2001-02-04,182.5457,,JHU,0.475,fourier_country_k2
COD,2001,6,2001-02-05,2001-02-11,181.9764,,JHU,0.475,fourier_country_k2
COD,2001,7,2001-02-12,2001-02-18,180.665,,JHU,0.475,fourier_country_k2
COD,2001,8,2001-02-19,2001-02-25,178.4245,,JHU,0.475,fourier_country_k2
COD,2001,9,2001-02-26,2001-03-04,175.1319,,JHU,0.475,fourier_country_k2
COD,2001,10,2001-03-05,2001-03-11,170.7382,,JHU,0.475,fourier_country_k2
COD,2001,11,2001-03-12,2001-03-18,165.2753,,JHU,0.475,fourier_country_k2
COD,2001,12,2001-03-19,2001-03-25,158.857,,JHU,0.475,fourier_country_k2
COD,2001,13,2001-03-26,2001-04-01,151.6759,,JHU,0.475,fourier_country_k2
COD,2001,14,2001-04-02,2001-04-08,143.9943,,JHU,0.475,fourier_country_k2
COD,2001,15,2001-04-09,2001-04-15,136.1314,,JHU,0.475,fourier_country_k2
COD,2001,16,2001-04-16,2001-04-22,128.4468,,JHU,0.475,fourier_country_k2
COD,2001,17,2001-04-23,2001-04-29,121.3206,,JHU,0.475,fourier_country_k2
COD,2001,18,2001-04-30,2001-05-06,115.1327,,JHU,0.475,fourier_country_k2
COD,2001,19,2001-05-07,2001-05-13,110.2412,,JHU,0.475,fourier_country_k2
COD,2001,20,2001-05-14,2001-05-20,106.9611,,JHU,0.475,fourier_country_k2
COD,2001,21,2001-05-21,2001-05-27,105.5461,,JHU,0.475,fourier_country_k2
COD,2001,22,2001-05-28,2001-06-03,106.1729,,JHU,0.475,fourier_country_k2
COD,2001,23,2001-06-04,2001-06-10,108.9292,,JHU,0.475,fourier_country_k2
COD,2001,24,2001-06-11,2001-06-17,113.807,,JHU,0.475,fourier_country_k2
COD,2001,25,2001-06-18,2001-06-24,120.7008,,JHU,0.475,fourier_country_k2
COD,2001,26,2001-06-25,2001-07-01,129.4114,,JHU,0.475,fourier_country_k2
COD,2001,27,2001-07-02,2001-07-08,139.6541,,JHU,0.475,fourier_country_k2
COD,2001,28,2001-07-09,2001-07-15,151.0723,,JHU,0.475,fourier_country_k2
COD,2001,29,2001-07-16,2001-07-22,163.2546,,JHU,0.475,fourier_country_k2
COD,2001,30,2001-07-23,2001-07-29,175.7552,,JHU,0.475,fourier_country_k2
COD,2001,31,2001-07-30,2001-08-05,188.1159,,JHU,0.475,fourier_country_k2
COD,2001,32,2001-08-06,2001-08-12,199.8887,,JHU,0.475,fourier_country_k2
COD,2001,33,2001-08-13,2001-08-19,210.6581,,JHU,0.475,fourier_country_k2
COD,2001,34,2001-08-20,2001-08-26,220.0612,,JHU,0.475,fourier_country_k2
COD,2001,35,2001-08-27,2001-09-02,227.8049,,JHU,0.475,fourier_country_k2
COD,2001,36,2001-09-03,2001-09-09,233.6795,,JHU,0.475,fourier_country_k2
COD,2001,37,2001-09-10,2001-09-16,237.567,,JHU,0.475,fourier_country_k2
COD,2001,38,2001-09-17,2001-09-23,239.445,,JHU,0.475,fourier_country_k2
COD,2001,39,2001-09-24,2001-09-30,239.385,,JHU,0.475,fourier_country_k2
COD,2001,40,2001-10-01,2001-10-07,237.5455,,JHU,0.475,fourier_country_k2
COD,2001,41,2001-10-08,2001-10-14,234.1605,,JHU,0.475,fourier_country_k2
COD,2001,42,2001-10-15,2001-10-21,229.5243,,JHU,0.475,fourier_country_k2
COD,2001,43,2001-10-22,2001-10-28,223.9726,,JHU,0.475,fourier_country_k2
COD,2001,44,2001-10-29,2001-11-04,217.8624,,JHU,0.475,fourier_country_k2
COD,2001,45,2001-11-05,2001-11-11,211.5504,,JHU,0.475,fourier_country_k2
COD,2001,46,2001-11-12,2001-11-18,205.3725,,JHU,0.475,fourier_country_k2
COD,2001,47,2001-11-19,2001-11-25,199.6248,,JHU,0.475,fourier_country_k2
COD,2001,48,2001-11-26,2001-12-02,194.5469,,JHU,0.475,fourier_country_k2
COD,2001,49,2001-12-03,2001-12-09,190.3098,,JHU,0.475,fourier_country_k2
COD,2001,50,2001-12-10,2001-12-16,187.0075,,JHU,0.475,fourier_country_k2
COD,2001,51,2001-12-17,2001-12-23,184.6538,,JHU,0.475,fourier_country_k2
COD,2001,52,2001-12-24,2001-12-30,183.1843,,JHU,0.475,fourier_country_k2
COD,2002,1,2001-12-31,2002-01-06,182.4628,,JHU,0.475,fourier_country_k2
COD,2002,2,2002-01-07,2002-01-13,746.584,,JHU,0.475,fourier_country_k2
COD,2002,3,2002-01-14,2002-01-20,747.1516,,JHU,0.475,fourier_country_k2
COD,2002,4,2002-01-21,2002-01-27,747.8775,,JHU,0.475,fourier_country_k2
COD,2002,5,2002-01-28,2002-02-03,747.6211,,JHU,0.475,fourier_country_k2
COD,2002,6,2002-02-04,2002-02-10,745.2897,,JHU,0.475,fourier_country_k2
COD,2002,7,2002-02-11,2002-02-17,739.9186,,JHU,0.475,fourier_country_k2
COD,2002,8,2002-02-18,2002-02-24,730.7428,,JHU,0.475,fourier_country_k2
COD,2002,9,2002-02-25,2002-03-03,717.2578,,JHU,0.475,fourier_country_k2
COD,2002,10,2002-03-04,2002-03-10,699.2632,,JHU,0.475,fourier_country_k2
COD,2002,11,2002-03-11,2002-03-17,676.8896,,JHU,0.475,fourier_country_k2
COD,2002,12,2002-03-18,2002-03-24,650.6035,,JHU,0.475,fourier_country_k2
COD,2002,13,2002-03-25,2002-03-31,621.1932,,JHU,0.475,fourier_country_k2
COD,2002,14,2002-04-01,2002-04-07,589.7329,,JHU,0.475,fourier_country_k2
COD,2002,15,2002-04-08,2002-04-14,557.5302,,JHU,0.475,fourier_country_k2
COD,2002,16,2002-04-15,2002-04-21,526.0574,,JHU,0.475,fourier_country_k2
COD,2002,17,2002-04-22,2002-04-28,496.8719,,JHU,0.475,fourier_country_k2
COD,2002,18,2002-04-29,2002-05-05,471.5294,,JHU,0.475,fourier_country_k2
COD,2002,19,2002-05-06,2002-05-12,451.4958,,JHU,0.475,fourier_country_k2
COD,2002,20,2002-05-13,2002-05-19,438.0621,,JHU,0.475,fourier_country_k2
COD,2002,21,2002-05-20,2002-05-26,432.2672,,JHU,0.475,fourier_country_k2
COD,2002,22,2002-05-27,2002-06-02,434.8343,,JHU,0.475,fourier_country_k2
COD,2002,23,2002-06-03,2002-06-09,446.1227,,JHU,0.475,fourier_country_k2
COD,2002,24,2002-06-10,2002-06-16,466.0997,,JHU,0.475,fourier_country_k2
COD,2002,25,2002-06-17,2002-06-23,494.3337,,JHU,0.475,fourier_country_k2
COD,2002,26,2002-06-24,2002-06-30,530.0082,,JHU,0.475,fourier_country_k2
COD,2002,27,2002-07-01,2002-07-07,571.9573,,JHU,0.475,fourier_country_k2
COD,2002,28,2002-07-08,2002-07-14,618.7208,,JHU,0.475,fourier_country_k2
COD,2002,29,2002-07-15,2002-07-21,668.6138,,JHU,0.475,fourier_country_k2
COD,2002,30,2002-07-22,2002-07-28,719.8105,,JHU,0.475,fourier_country_k2
COD,2002,31,2002-07-29,2002-08-04,770.4341,,JHU,0.475,fourier_country_k2
COD,2002,32,2002-08-05,2002-08-11,818.65,,JHU,0.475,fourier_country_k2
COD,2002,33,2002-08-12,2002-08-18,862.7564,,JHU,0.475,fourier_country_k2
COD,2002,34,2002-08-19,2002-08-25,901.267,,JHU,0.475,fourier_country_k2
COD,2002,35,2002-08-26,2002-09-01,932.9816,,JHU,0.475,fourier_country_k2
COD,2002,36,2002-09-02,2002-09-08,957.041,,JHU,0.475,fourier_country_k2
COD,2002,37,2002-09-09,2002-09-15,972.9624,,JHU,0.475,fourier_country_k2
COD,2002,38,2002-09-16,2002-09-22,980.6539,,JHU,0.475,fourier_country_k2
COD,2002,39,2002-09-23,2002-09-29,980.4082,,JHU,0.475,fourier_country_k2
COD,2002,40,2002-09-30,2002-10-06,972.8744,,JHU,0.475,fourier_country_k2
COD,2002,41,2002-10-07,2002-10-13,959.0112,,JHU,0.475,fourier_country_k2
COD,2002,42,2002-10-14,2002-10-20,940.0234,,JHU,0.475,fourier_country_k2
COD,2002,43,2002-10-21,2002-10-27,917.2863,,JHU,0.475,fourier_country_k2
COD,2002,44,2002-10-28,2002-11-03,892.2616,,JHU,0.475,fourier_country_k2
COD,2002,45,2002-11-04,2002-11-10,866.4106,,JHU,0.475,fourier_country_k2
COD,2002,46,2002-11-11,2002-11-17,841.1091,,JHU,0.475,fourier_country_k2
COD,2002,47,2002-11-18,2002-11-24,817.5691,,JHU,0.475,fourier_country_k2
COD,2002,48,2002-11-25,2002-12-01,796.7725,,JHU,0.475,fourier_country_k2
COD,2002,49,2002-12-02,2002-12-08,779.4192,,JHU,0.475,fourier_country_k2
COD,2002,50,2002-12-09,2002-12-15,765.8945,,JHU,0.475,fourier_country_k2
COD,2002,51,2002-12-16,2002-12-22,756.255,,JHU,0.475,fourier_country_k2
COD,2002,52,2002-12-23,2002-12-29,750.2366,,JHU,0.475,fourier_country_k2
COD,2003,1,2002-12-30,2003-01-05,747.2815,,JHU,0.475,fourier_country_k2
COD,2003,2,2003-01-06,2003-01-12,748.6489,21.1483,AI,0.63,fourier_country_k2
COD,2003,3,2003-01-13,2003-01-19,749.2181,21.1644,AI,0.63,fourier_country_k2
COD,2003,4,2003-01-20,2003-01-26,749.946,21.1849,AI,0.63,fourier_country_k2
COD,2003,5,2003-01-27,2003-02-02,749.6889,21.1777,AI,0.63,fourier_country_k2
COD,2003,6,2003-02-03,2003-02-09,747.3511,21.1116,AI,0.63,fourier_country_k2
COD,2003,7,2003-02-10,2003-02-16,741.9651,20.9595,AI,0.63,fourier_country_k2
COD,2003,8,2003-02-17,2003-02-23,732.764,20.6995,AI,0.63,fourier_country_k2
COD,2003,9,2003-02-24,2003-03-02,719.2416,20.3176,AI,0.63,fourier_country_k2
COD,2003,10,2003-03-03,2003-03-09,701.1973,19.8078,AI,0.63,fourier_country_k2
COD,2003,11,2003-03-10,2003-03-16,678.7617,19.1741,AI,0.63,fourier_country_k2
COD,2003,12,2003-03-17,2003-03-23,652.403,18.4295,AI,0.63,fourier_country_k2
COD,2003,13,2003-03-24,2003-03-30,622.9113,17.5964,AI,0.63,fourier_country_k2
COD,2003,14,2003-03-31,2003-04-06,591.364,16.7052,AI,0.63,fourier_country_k2
COD,2003,15,2003-04-07,2003-04-13,559.0722,15.793,AI,0.63,fourier_country_k2
COD,2003,16,2003-04-14,2003-04-20,527.5124,14.9015,AI,0.63,fourier_country_k2
COD,2003,17,2003-04-21,2003-04-27,498.2462,14.0748,AI,0.63,fourier_country_k2
COD,2003,18,2003-04-28,2003-05-04,472.8336,13.3569,AI,0.63,fourier_country_k2
COD,2003,19,2003-05-05,2003-05-11,452.7446,12.7894,AI,0.63,fourier_country_k2
COD,2003,20,2003-05-12,2003-05-18,439.2737,12.4089,AI,0.63,fourier_country_k2
COD,2003,21,2003-05-19,2003-05-25,433.4628,12.2447,AI,0.63,fourier_country_k2
COD,2003,22,2003-05-26,2003-06-01,436.037,12.3174,AI,0.63,fourier_country_k2
COD,2003,23,2003-06-02,2003-06-08,447.3566,12.6372,AI,0.63,fourier_country_k2
COD,2003,24,2003-06-09,2003-06-15,267.8477,11.8031,JHU,0.5,fourier_country_k2
COD,2003,25,2003-06-16,2003-06-22,284.0726,12.5181,JHU,0.5,fourier_country_k2
COD,2003,26,2003-06-23,2003-06-29,304.5732,13.4215,JHU,0.5,fourier_country_k2
COD,2003,27,2003-06-30,2003-07-06,328.6796,14.4838,JHU,0.5,fourier_country_k2
COD,2003,28,2003-07-07,2003-07-13,355.5526,15.668,JHU,0.5,fourier_country_k2
COD,2003,29,2003-07-14,2003-07-20,384.224,16.9314,JHU,0.5,fourier_country_k2
COD,2003,30,2003-07-21,2003-07-27,413.6446,18.2279,JHU,0.5,fourier_country_k2
COD,2003,31,2003-07-28,2003-08-03,442.7358,19.5098,JHU,0.5,fourier_country_k2
COD,2003,32,2003-08-04,2003-08-10,470.4434,20.7308,JHU,0.5,fourier_country_k2
COD,2003,33,2003-08-11,2003-08-17,495.7895,21.8477,JHU,0.5,fourier_country_k2
COD,2003,34,2003-08-18,2003-08-24,517.9199,22.823,JHU,0.5,fourier_country_k2
COD,2003,35,2003-08-25,2003-08-31,536.145,23.6261,JHU,0.5,fourier_country_k2
COD,2003,36,2003-09-01,2003-09-07,549.9709,24.2353,JHU,0.5,fourier_country_k2
COD,2003,37,2003-09-08,2003-09-14,559.1202,24.6385,JHU,0.5,fourier_country_k2
COD,2003,38,2003-09-15,2003-09-21,563.5402,24.8333,JHU,0.5,fourier_country_k2
COD,2003,39,2003-09-22,2003-09-28,563.399,24.8271,JHU,0.5,fourier_country_k2
COD,2003,40,2003-09-29,2003-10-05,559.0697,24.6363,JHU,0.5,fourier_country_k2
COD,2003,41,2003-10-06,2003-10-12,551.1031,24.2852,JHU,0.5,fourier_country_k2
COD,2003,42,2003-10-13,2003-10-19,540.1916,23.8044,JHU,0.5,fourier_country_k2
COD,2003,43,2003-10-20,2003-10-26,527.1255,23.2286,JHU,0.5,fourier_country_k2
COD,2003,44,2003-10-27,2003-11-02,512.7449,22.5949,JHU,0.5,fourier_country_k2
COD,2003,45,2003-11-03,2003-11-09,497.8894,21.9403,JHU,0.5,fourier_country_k2
COD,2003,46,2003-11-10,2003-11-16,483.3497,21.2996,JHU,0.5,fourier_country_k2
COD,2003,47,2003-11-17,2003-11-23,469.8223,20.7035,JHU,0.5,fourier_country_k2
COD,2003,48,2003-11-24,2003-11-30,457.8713,20.1768,JHU,0.5,fourier_country_k2
COD,2003,49,2003-12-01,2003-12-07,447.8992,19.7374,JHU,0.5,fourier_country_k2
COD,2003,50,2003-12-08,2003-12-14,440.1271,19.3949,JHU,0.5,fourier_country_k2
COD,2003,51,2003-12-15,2003-12-21,434.5877,19.1508,JHU,0.5,fourier_country_k2
COD,2003,52,2003-12-22,2003-12-28,431.1292,18.9984,JHU,0.5,fourier_country_k2
COD,2004,1,2003-12-29,2004-01-04,429.431,18.9236,JHU,0.5,fourier_country_k2
COD,2004,2,2004-01-05,2004-01-11,214.5283,,JHU,0.475,fourier_country_k2
COD,2004,3,2004-01-12,2004-01-18,214.6914,,JHU,0.475,fourier_country_k2
COD,2004,4,2004-01-19,2004-01-25,214.9,,JHU,0.475,fourier_country_k2
COD,2004,5,2004-01-26,2004-02-01,214.8263,,JHU,0.475,fourier_country_k2
COD,2004,6,2004-02-02,2004-02-08,214.1564,,JHU,0.475,fourier_country_k2
COD,2004,7,2004-02-09,2004-02-15,212.613,,JHU,0.475,fourier_country_k2
COD,2004,8,2004-02-16,2004-02-22,209.9764,,JHU,0.475,fourier_country_k2
COD,2004,9,2004-02-23,2004-02-29,206.1015,,JHU,0.475,fourier_country_k2
COD,2004,10,2004-03-01,2004-03-07,200.9309,,JHU,0.475,fourier_country_k2
COD,2004,11,2004-03-08,2004-03-14,194.5019,,JHU,0.475,fourier_country_k2
COD,2004,12,2004-03-15,2004-03-21,186.9487,,JHU,0.475,fourier_country_k2
COD,2004,13,2004-03-22,2004-03-28,178.4977,,JHU,0.475,fourier_country_k2
COD,2004,14,2004-03-29,2004-04-04,169.4577,,JHU,0.475,fourier_country_k2
COD,2004,15,2004-04-05,2004-04-11,160.2044,,JHU,0.475,fourier_country_k2
COD,2004,16,2004-04-12,2004-04-18,151.1608,,JHU,0.475,fourier_country_k2
COD,2004,17,2004-04-19,2004-04-25,142.7744,,JHU,0.475,fourier_country_k2
COD,2004,18,2004-04-26,2004-05-02,135.4923,,JHU,0.475,fourier_country_k2
COD,2004,19,2004-05-03,2004-05-09,129.7358,,JHU,0.475,fourier_country_k2
COD,2004,20,2004-05-10,2004-05-16,125.8756,,JHU,0.475,fourier_country_k2
COD,2004,21,2004-05-17,2004-05-23,124.2105,,JHU,0.475,fourier_country_k2
COD,2004,22,2004-05-24,2004-05-30,124.9481,,JHU,0.475,fourier_country_k2
COD,2004,23,2004-05-31,2004-06-06,128.1918,,JHU,0.475,fourier_country_k2
COD,2004,24,2004-06-07,2004-06-13,133.9321,,JHU,0.475,fourier_country_k2
COD,2004,25,2004-06-14,2004-06-20,142.0451,,JHU,0.475,fourier_country_k2
COD,2004,26,2004-06-21,2004-06-27,152.296,,JHU,0.475,fourier_country_k2
COD,2004,27,2004-06-28,2004-07-04,164.35,,JHU,0.475,fourier_country_k2
COD,2004,28,2004-07-05,2004-07-11,177.7873,,JHU,0.475,fourier_country_k2
COD,2004,29,2004-07-12,2004-07-18,192.1239,,JHU,0.475,fourier_country_k2
COD,2004,30,2004-07-19,2004-07-25,206.8351,,JHU,0.475,fourier_country_k2
COD,2004,31,2004-07-26,2004-08-01,221.3816,,JHU,0.475,fourier_country_k2
COD,2004,32,2004-08-02,2004-08-08,235.2362,,JHU,0.475,fourier_country_k2
COD,2004,33,2004-08-09,2004-08-15,247.9101,,JHU,0.475,fourier_country_k2
COD,2004,34,2004-08-16,2004-08-22,258.976,,JHU,0.475,fourier_country_k2
COD,2004,35,2004-08-23,2004-08-29,268.089,,JHU,0.475,fourier_country_k2
COD,2004,36,2004-08-30,2004-09-05,275.0024,,JHU,0.475,fourier_country_k2
COD,2004,37,2004-09-06,2004-09-12,279.5774,,JHU,0.475,fourier_country_k2
COD,2004,38,2004-09-13,2004-09-19,281.7875,,JHU,0.475,fourier_country_k2
COD,2004,39,2004-09-20,2004-09-26,281.7169,,JHU,0.475,fourier_country_k2
COD,2004,40,2004-09-27,2004-10-03,279.5521,,JHU,0.475,fourier_country_k2
COD,2004,41,2004-10-04,2004-10-10,275.5686,,JHU,0.475,fourier_country_k2
COD,2004,42,2004-10-11,2004-10-17,270.1125,,JHU,0.475,fourier_country_k2
COD,2004,43,2004-10-18,2004-10-24,263.579,,JHU,0.475,fourier_country_k2
COD,2004,44,2004-10-25,2004-10-31,256.3883,,JHU,0.475,fourier_country_k2
COD,2004,45,2004-11-01,2004-11-07,248.9601,,JHU,0.475,fourier_country_k2
COD,2004,46,2004-11-08,2004-11-14,241.6898,,JHU,0.475,fourier_country_k2
COD,2004,47,2004-11-15,2004-11-21,234.9256,,JHU,0.475,fourier_country_k2
COD,2004,48,2004-11-22,2004-11-28,228.9498,,JHU,0.475,fourier_country_k2
COD,2004,49,2004-11-29,2004-12-05,223.9634,,JHU,0.475,fourier_country_k2
COD,2004,50,2004-12-06,2004-12-12,220.0771,,JHU,0.475,fourier_country_k2
COD,2004,51,2004-12-13,2004-12-19,217.3073,,JHU,0.475,fourier_country_k2
COD,2004,52,2004-12-20,2004-12-26,215.5779,,JHU,0.475,fourier_country_k2
COD,2004,53,2004-12-27,2005-01-02,215.5779,,JHU,0.475,fourier_country_k2
COD,2005,1,2005-01-03,2005-01-09,267.8836,4.867,JHU,0.5,fourier_country_k2
COD,2005,2,2005-01-10,2005-01-16,267.6335,4.8624,JHU,0.5,fourier_country_k2
COD,2005,3,2005-01-17,2005-01-23,267.837,4.8661,JHU,0.5,fourier_country_k2
COD,2005,4,2005-01-24,2005-01-30,268.0972,4.8709,JHU,0.5,fourier_country_k2
COD,2005,5,2005-01-31,2005-02-06,268.0053,4.8692,JHU,0.5,fourier_country_k2
COD,2005,6,2005-02-07,2005-02-13,267.1696,4.854,JHU,0.5,fourier_country_k2
COD,2005,7,2005-02-14,2005-02-20,265.2441,4.819,JHU,0.5,fourier_country_k2
COD,2005,8,2005-02-21,2005-02-27,261.9548,4.7593,JHU,0.5,fourier_country_k2
COD,2005,9,2005-02-28,2005-03-06,257.1208,4.6714,JHU,0.5,fourier_country_k2
COD,2005,10,2005-03-07,2005-03-13,250.6701,4.5542,JHU,0.5,fourier_country_k2
COD,2005,11,2005-03-14,2005-03-20,242.6497,4.4085,JHU,0.5,fourier_country_k2
COD,2005,12,2005-03-21,2005-03-27,233.2267,4.2373,JHU,0.5,fourier_country_k2
COD,2005,13,2005-03-28,2005-04-03,222.6838,4.0458,JHU,0.5,fourier_country_k2
COD,2005,14,2005-04-04,2005-04-10,211.406,3.8409,JHU,0.5,fourier_country_k2
COD,2005,15,2005-04-11,2005-04-17,199.862,3.6311,JHU,0.5,fourier_country_k2
COD,2005,16,2005-04-18,2005-04-24,188.5797,3.4262,JHU,0.5,fourier_country_k2
COD,2005,17,2005-04-25,2005-05-01,178.1174,3.2361,JHU,0.5,fourier_country_k2
COD,2005,18,2005-05-02,2005-05-08,169.0327,3.071,JHU,0.5,fourier_country_k2
COD,2005,19,2005-05-09,2005-05-15,161.8511,2.9406,JHU,0.5,fourier_country_k2
COD,2005,20,2005-05-16,2005-05-22,157.0354,2.8531,JHU,0.5,fourier_country_k2
COD,2005,21,2005-05-23,2005-05-29,154.9581,2.8153,JHU,0.5,fourier_country_k2
COD,2005,22,2005-05-30,2005-06-05,155.8783,2.832,JHU,0.5,fourier_country_k2
COD,2005,23,2005-06-06,2005-06-12,159.9249,2.9056,JHU,0.5,fourier_country_k2
COD,2005,24,2005-06-13,2005-06-19,167.0862,3.0357,JHU,0.5,fourier_country_k2
COD,2005,25,2005-06-20,2005-06-26,177.2075,3.2196,JHU,0.5,fourier_country_k2
COD,2005,26,2005-06-27,2005-07-03,189.996,3.4519,JHU,0.5,fourier_country_k2
COD,2005,27,2005-07-04,2005-07-10,205.0338,3.7251,JHU,0.5,fourier_country_k2
COD,2005,28,2005-07-11,2005-07-17,221.7975,4.0297,JHU,0.5,fourier_country_k2
COD,2005,29,2005-07-18,2005-07-24,239.683,4.3546,JHU,0.5,fourier_country_k2
COD,2005,30,2005-07-25,2005-07-31,258.0358,4.6881,JHU,0.5,fourier_country_k2
COD,2005,31,2005-08-01,2005-08-07,276.1833,5.0178,JHU,0.5,fourier_country_k2
COD,2005,32,2005-08-08,2005-08-14,293.4676,5.3318,JHU,0.5,fourier_country_k2
COD,2005,33,2005-08-15,2005-08-21,309.2787,5.6191,JHU,0.5,fourier_country_k2
COD,2005,34,2005-08-22,2005-08-28,323.0839,5.8699,JHU,0.5,fourier_country_k2
COD,2005,35,2005-08-29,2005-09-04,334.4529,6.0764,JHU,0.5,fourier_country_k2
COD,2005,36,2005-09-05,2005-09-11,343.0776,6.2331,JHU,0.5,fourier_country_k2
COD,2005,37,2005-09-12,2005-09-18,348.7851,6.3368,JHU,0.5,fourier_country_k2
COD,2005,38,2005-09-19,2005-09-25,351.5423,6.3869,JHU,0.5,fourier_country_k2
COD,2005,39,2005-09-26,2005-10-02,351.4543,6.3853,JHU,0.5,fourier_country_k2
COD,2005,40,2005-10-03,2005-10-09,348.7536,6.3363,JHU,0.5,fourier_country_k2
COD,2005,41,2005-10-10,2005-10-16,343.7839,6.246,JHU,0.5,fourier_country_k2
COD,2005,42,2005-10-17,2005-10-23,336.9772,6.1223,JHU,0.5,fourier_country_k2
COD,2005,43,2005-10-24,2005-10-30,328.8265,5.9742,JHU,0.5,fourier_country_k2
COD,2005,44,2005-10-31,2005-11-06,319.8557,5.8112,JHU,0.5,fourier_country_k2
COD,2005,45,2005-11-07,2005-11-13,310.5887,5.6429,JHU,0.5,fourier_country_k2
COD,2005,46,2005-11-14,2005-11-20,301.5186,5.4781,JHU,0.5,fourier_country_k2
COD,2005,47,2005-11-21,2005-11-27,293.0801,5.3248,JHU,0.5,fourier_country_k2
COD,2005,48,2005-11-28,2005-12-04,285.625,5.1893,JHU,0.5,fourier_country_k2
COD,2005,49,2005-12-05,2005-12-11,279.4042,5.0763,JHU,0.5,fourier_country_k2
COD,2005,50,2005-12-12,2005-12-18,274.5559,4.9882,JHU,0.5,fourier_country_k2
COD,2005,51,2005-12-19,2005-12-25,271.1004,4.9254,JHU,0.5,fourier_country_k2
COD,2005,52,2005-12-26,2006-01-01,268.9429,4.8862,JHU,0.5,fourier_country_k2
COD,2006,1,2006-01-02,2006-01-08,440.9208,,JHU,0.475,fourier_country_k2
COD,2006,2,2006-01-09,2006-01-15,440.5093,,JHU,0.475,fourier_country_k2
COD,2006,3,2006-01-16,2006-01-22,440.8441,,JHU,0.475,fourier_country_k2
COD,2006,4,2006-01-23,2006-01-29,441.2725,,JHU,0.475,fourier_country_k2
COD,2006,5,2006-01-30,2006-02-05,441.1212,,JHU,0.475,fourier_country_k2
COD,2006,6,2006-02-06,2006-02-12,439.7456,,JHU,0.475,fourier_country_k2
COD,2006,7,2006-02-13,2006-02-19,436.5765,,JHU,0.475,fourier_country_k2
COD,2006,8,2006-02-20,2006-02-26,431.1625,,JHU,0.475,fourier_country_k2
COD,2006,9,2006-02-27,2006-03-05,423.2058,,JHU,0.475,fourier_country_k2
COD,2006,10,2006-03-06,2006-03-12,412.5884,,JHU,0.475,fourier_country_k2
COD,2006,11,2006-03-13,2006-03-19,399.3873,,JHU,0.475,fourier_country_k2
COD,2006,12,2006-03-20,2006-03-26,383.8776,,JHU,0.475,fourier_country_k2
COD,2006,13,2006-03-27,2006-04-02,366.5245,,JHU,0.475,fourier_country_k2
COD,2006,14,2006-04-03,2006-04-09,347.9619,,JHU,0.475,fourier_country_k2
COD,2006,15,2006-04-10,2006-04-16,328.9613,,JHU,0.475,fourier_country_k2
COD,2006,16,2006-04-17,2006-04-23,310.3913,,JHU,0.475,fourier_country_k2
COD,2006,17,2006-04-24,2006-04-30,293.1709,,JHU,0.475,fourier_country_k2
COD,2006,18,2006-05-01,2006-05-07,278.2179,,JHU,0.475,fourier_country_k2
COD,2006,19,2006-05-08,2006-05-14,266.3975,,JHU,0.475,fourier_country_k2
COD,2006,20,2006-05-15,2006-05-21,258.4711,,JHU,0.475,fourier_country_k2
COD,2006,21,2006-05-22,2006-05-28,255.052,,JHU,0.475,fourier_country_k2
COD,2006,22,2006-05-29,2006-06-04,256.5666,,JHU,0.475,fourier_country_k2
COD,2006,23,2006-06-05,2006-06-11,263.2271,,JHU,0.475,fourier_country_k2
COD,2006,24,2006-06-12,2006-06-18,275.0143,,JHU,0.475,fourier_country_k2
COD,2006,25,2006-06-19,2006-06-25,291.6732,,JHU,0.475,fourier_country_k2
COD,2006,26,2006-06-26,2006-07-02,312.7224,,JHU,0.475,fourier_country_k2
COD,2006,27,2006-07-03,2006-07-09,337.4738,,JHU,0.475,fourier_country_k2
COD,2006,28,2006-07-10,2006-07-16,365.0657,,JHU,0.475,fourier_country_k2
COD,2006,29,2006-07-17,2006-07-23,394.5043,,JHU,0.475,fourier_country_k2
COD,2006,30,2006-07-24,2006-07-30,424.712,,JHU,0.475,fourier_country_k2
COD,2006,31,2006-07-31,2006-08-06,454.5816,,JHU,0.475,fourier_country_k2
COD,2006,32,2006-08-07,2006-08-13,483.0306,,JHU,0.475,fourier_country_k2
COD,2006,33,2006-08-14,2006-08-20,509.0548,,JHU,0.475,fourier_country_k2
COD,2006,34,2006-08-21,2006-08-27,531.7774,,JHU,0.475,fourier_country_k2
COD,2006,35,2006-08-28,2006-09-03,550.49,,JHU,0.475,fourier_country_k2
COD,2006,36,2006-09-04,2006-09-10,564.6859,,JHU,0.475,fourier_country_k2
COD,2006,37,2006-09-11,2006-09-17,574.08,,JHU,0.475,fourier_country_k2
COD,2006,38,2006-09-18,2006-09-24,578.6183,,JHU,0.475,fourier_country_k2
COD,2006,39,2006-09-25,2006-10-01,578.4733,,JHU,0.475,fourier_country_k2
COD,2006,40,2006-10-02,2006-10-08,574.0281,,JHU,0.475,fourier_country_k2
COD,2006,41,2006-10-09,2006-10-15,565.8483,,JHU,0.475,fourier_country_k2
COD,2006,42,2006-10-16,2006-10-22,554.6449,,JHU,0.475,fourier_country_k2
COD,2006,43,2006-10-23,2006-10-29,541.2292,,JHU,0.475,fourier_country_k2
COD,2006,44,2006-10-30,2006-11-05,526.4639,,JHU,0.475,fourier_country_k2
COD,2006,45,2006-11-06,2006-11-12,511.2109,,JHU,0.475,fourier_country_k2
COD,2006,46,2006-11-13,2006-11-19,496.2822,,JHU,0.475,fourier_country_k2
COD,2006,47,2006-11-20,2006-11-26,482.3928,,JHU,0.475,fourier_country_k2
COD,2006,48,2006-11-27,2006-12-03,470.1221,,JHU,0.475,fourier_country_k2
COD,2006,49,2006-12-04,2006-12-10,459.8831,,JHU,0.475,fourier_country_k2
COD,2006,50,2006-12-11,2006-12-17,451.9031,,JHU,0.475,fourier_country_k2
COD,2006,51,2006-12-18,2006-12-24,446.2155,,JHU,0.475,fourier_country_k2
COD,2006,52,2006-12-25,2006-12-31,442.6644,,JHU,0.475,fourier_country_k2
COD,2007,1,2007-01-01,2007-01-07,637.2312,,JHU,0.475,fourier_country_k2
COD,2007,2,2007-01-08,2007-01-14,636.6364,,JHU,0.475,fourier_country_k2
COD,2007,3,2007-01-15,2007-01-21,637.1204,,JHU,0.475,fourier_country_k2
COD,2007,4,2007-01-22,2007-01-28,637.7394,,JHU,0.475,fourier_country_k2
COD,2007,5,2007-01-29,2007-02-04,637.5208,,JHU,0.475,fourier_country_k2
COD,2007,6,2007-02-05,2007-02-11,635.5328,,JHU,0.475,fourier_country_k2
COD,2007,7,2007-02-12,2007-02-18,630.9526,,JHU,0.475,fourier_country_k2
COD,2007,8,2007-02-19,2007-02-25,623.1281,,JHU,0.475,fourier_country_k2
COD,2007,9,2007-02-26,2007-03-04,611.629,,JHU,0.475,fourier_country_k2
COD,2007,10,2007-03-05,2007-03-11,596.2844,,JHU,0.475,fourier_country_k2
COD,2007,11,2007-03-12,2007-03-18,577.2057,,JHU,0.475,fourier_country_k2
COD,2007,12,2007-03-19,2007-03-25,554.7908,,JHU,0.475,fourier_country_k2
COD,2007,13,2007-03-26,2007-04-01,529.7116,,JHU,0.475,fourier_country_k2
COD,2007,14,2007-04-02,2007-04-08,502.8844,,JHU,0.475,fourier_country_k2
COD,2007,15,2007-04-09,2007-04-15,475.4241,,JHU,0.475,fourier_country_k2
COD,2007,16,2007-04-16,2007-04-22,448.5862,,JHU,0.475,fourier_country_k2
COD,2007,17,2007-04-23,2007-04-29,423.6988,,JHU,0.475,fourier_country_k2
COD,2007,18,2007-04-30,2007-05-06,402.0884,,JHU,0.475,fourier_country_k2
COD,2007,19,2007-05-07,2007-05-13,385.0051,,JHU,0.475,fourier_country_k2
COD,2007,20,2007-05-14,2007-05-20,373.5498,,JHU,0.475,fourier_country_k2
COD,2007,21,2007-05-21,2007-05-27,368.6083,,JHU,0.475,fourier_country_k2
COD,2007,22,2007-05-28,2007-06-03,370.7973,,JHU,0.475,fourier_country_k2
COD,2007,23,2007-06-04,2007-06-10,380.4233,,JHU,0.475,fourier_country_k2
COD,2007,24,2007-06-11,2007-06-17,397.4584,,JHU,0.475,fourier_country_k2
COD,2007,25,2007-06-18,2007-06-24,421.5344,,JHU,0.475,fourier_country_k2
COD,2007,26,2007-06-25,2007-07-01,451.9552,,JHU,0.475,fourier_country_k2
COD,2007,27,2007-07-02,2007-07-08,487.7266,,JHU,0.475,fourier_country_k2
COD,2007,28,2007-07-09,2007-07-15,527.6033,,JHU,0.475,fourier_country_k2
COD,2007,29,2007-07-16,2007-07-22,570.1487,,JHU,0.475,fourier_country_k2
COD,2007,30,2007-07-23,2007-07-29,613.8058,,JHU,0.475,fourier_country_k2
COD,2007,31,2007-07-30,2007-08-05,656.9741,,JHU,0.475,fourier_country_k2
COD,2007,32,2007-08-06,2007-08-12,698.0894,,JHU,0.475,fourier_country_k2
COD,2007,33,2007-08-13,2007-08-19,735.7004,,JHU,0.475,fourier_country_k2
COD,2007,34,2007-08-20,2007-08-26,768.5396,,JHU,0.475,fourier_country_k2
COD,2007,35,2007-08-27,2007-09-02,795.5837,,JHU,0.475,fourier_country_k2
COD,2007,36,2007-09-03,2007-09-09,816.0999,,JHU,0.475,fourier_country_k2
COD,2007,37,2007-09-10,2007-09-16,829.6766,,JHU,0.475,fourier_country_k2
COD,2007,38,2007-09-17,2007-09-23,836.2354,,JHU,0.475,fourier_country_k2
COD,2007,39,2007-09-24,2007-09-30,836.0259,,JHU,0.475,fourier_country_k2
COD,2007,40,2007-10-01,2007-10-07,829.6016,,JHU,0.475,fourier_country_k2
COD,2007,41,2007-10-08,2007-10-14,817.78,,JHU,0.475,fourier_country_k2
COD,2007,42,2007-10-15,2007-10-21,801.5884,,JHU,0.475,fourier_country_k2
COD,2007,43,2007-10-22,2007-10-28,782.1998,,JHU,0.475,fourier_country_k2
COD,2007,44,2007-10-29,2007-11-04,760.8604,,JHU,0.475,fourier_country_k2
COD,2007,45,2007-11-05,2007-11-11,738.8164,,JHU,0.475,fourier_country_k2
COD,2007,46,2007-11-12,2007-11-18,717.241,,JHU,0.475,fourier_country_k2
COD,2007,47,2007-11-19,2007-11-25,697.1677,,JHU,0.475,fourier_country_k2
COD,2007,48,2007-11-26,2007-12-02,679.4337,,JHU,0.475,fourier_country_k2
COD,2007,49,2007-12-03,2007-12-09,664.6361,,JHU,0.475,fourier_country_k2
COD,2007,50,2007-12-10,2007-12-16,653.1031,,JHU,0.475,fourier_country_k2
COD,2007,51,2007-12-17,2007-12-23,644.8832,,JHU,0.475,fourier_country_k2
COD,2007,52,2007-12-24,2007-12-30,639.7511,,JHU,0.475,fourier_country_k2
COD,2008,1,2007-12-31,2008-01-06,637.2312,,JHU,0.475,fourier_country_k2
COD,2008,2,2008-01-07,2008-01-13,542.3108,10.5956,AI,0.45,fourier_country_k2
COD,2008,3,2008-01-14,2008-01-20,542.7231,10.6037,AI,0.45,fourier_country_k2
COD,2008,4,2008-01-21,2008-01-27,543.2504,10.614,AI,0.45,fourier_country_k2
COD,2008,5,2008-01-28,2008-02-03,543.0642,10.6103,AI,0.45,fourier_country_k2
COD,2008,6,2008-02-04,2008-02-10,541.3707,10.5773,AI,0.45,fourier_country_k2
COD,2008,7,2008-02-11,2008-02-17,537.4691,10.501,AI,0.45,fourier_country_k2
COD,2008,8,2008-02-18,2008-02-24,530.804,10.3708,AI,0.45,fourier_country_k2
COD,2008,9,2008-02-25,2008-03-02,521.0085,10.1794,AI,0.45,fourier_country_k2
COD,2008,10,2008-03-03,2008-03-09,507.9375,9.924,AI,0.45,fourier_country_k2
COD,2008,11,2008-03-10,2008-03-16,491.6855,9.6065,AI,0.45,fourier_country_k2
COD,2008,12,2008-03-17,2008-03-23,472.5916,9.2335,AI,0.45,fourier_country_k2
COD,2008,13,2008-03-24,2008-03-30,451.2282,8.8161,AI,0.45,fourier_country_k2
COD,2008,14,2008-03-31,2008-04-06,428.3758,8.3696,AI,0.45,fourier_country_k2
COD,2008,15,2008-04-07,2008-04-13,404.9841,7.9125,AI,0.45,fourier_country_k2
COD,2008,16,2008-04-14,2008-04-20,382.1226,7.4659,AI,0.45,fourier_country_k2
COD,2008,17,2008-04-21,2008-04-27,360.9225,7.0517,AI,0.45,fourier_country_k2
COD,2008,18,2008-04-28,2008-05-04,342.514,6.692,AI,0.45,fourier_country_k2
COD,2008,19,2008-05-05,2008-05-11,327.9618,6.4077,AI,0.45,fourier_country_k2
COD,2008,20,2008-05-12,2008-05-18,318.2037,6.217,AI,0.45,fourier_country_k2
COD,2008,21,2008-05-19,2008-05-25,313.9944,6.1348,AI,0.45,fourier_country_k2
COD,2008,22,2008-05-26,2008-06-01,315.8591,6.1712,AI,0.45,fourier_country_k2
COD,2008,23,2008-06-02,2008-06-08,324.0588,6.3314,AI,0.45,fourier_country_k2
COD,2008,24,2008-06-09,2008-06-15,338.57,6.615,AI,0.45,fourier_country_k2
COD,2008,25,2008-06-16,2008-06-22,359.0788,7.0157,AI,0.45,fourier_country_k2
COD,2008,26,2008-06-23,2008-06-29,384.9924,7.5219,AI,0.45,fourier_country_k2
COD,2008,27,2008-06-30,2008-07-06,415.4638,8.1173,AI,0.45,fourier_country_k2
COD,2008,28,2008-07-07,2008-07-13,449.4323,8.781,AI,0.45,fourier_country_k2
COD,2008,29,2008-07-14,2008-07-20,485.6741,9.4891,AI,0.45,fourier_country_k2
COD,2008,30,2008-07-21,2008-07-27,522.8628,10.2156,AI,0.45,fourier_country_k2
COD,2008,31,2008-07-28,2008-08-03,559.6352,10.9341,AI,0.45,fourier_country_k2
COD,2008,32,2008-08-04,2008-08-10,594.6588,11.6184,AI,0.45,fourier_country_k2
COD,2008,33,2008-08-11,2008-08-17,626.6972,12.2444,AI,0.45,fourier_country_k2
COD,2008,34,2008-08-18,2008-08-24,654.6709,12.7909,AI,0.45,fourier_country_k2
COD,2008,35,2008-08-25,2008-08-31,677.7081,13.241,AI,0.45,fourier_country_k2
COD,2008,36,2008-09-01,2008-09-07,695.1846,13.5825,AI,0.45,fourier_country_k2
COD,2008,37,2008-09-08,2008-09-14,706.7497,13.8084,AI,0.45,fourier_country_k2
COD,2008,38,2008-09-15,2008-09-21,712.3367,13.9176,AI,0.45,fourier_country_k2
COD,2008,39,2008-09-22,2008-09-28,712.1583,13.9141,AI,0.45,fourier_country_k2
COD,2008,40,2008-09-29,2008-10-05,706.6858,13.8072,AI,0.45,fourier_country_k2
COD,2008,41,2008-10-06,2008-10-12,956.6618,15.0544,JHU,0.8,fourier_country_k2
COD,2008,42,2008-10-13,2008-10-19,937.7205,14.7563,JHU,0.8,fourier_country_k2
COD,2008,43,2008-10-20,2008-10-26,915.0391,14.3994,JHU,0.8,fourier_country_k2
COD,2008,44,2008-10-27,2008-11-02,890.0757,14.0066,JHU,0.8,fourier_country_k2
COD,2008,45,2008-11-03,2008-11-09,864.288,13.6008,JHU,0.8,fourier_country_k2
COD,2008,46,2008-11-10,2008-11-16,839.0485,13.2036,JHU,0.8,fourier_country_k2
COD,2008,47,2008-11-17,2008-11-23,815.5662,12.8341,JHU,0.8,fourier_country_k2
COD,2008,48,2008-11-24,2008-11-30,794.8205,12.5076,JHU,0.8,fourier_country_k2
COD,2008,49,2008-12-01,2008-12-07,777.5098,12.2352,JHU,0.8,fourier_country_k2
COD,2008,50,2008-12-08,2008-12-14,764.0182,12.0229,JHU,0.8,fourier_country_k2
COD,2008,51,2008-12-15,2008-12-21,754.4023,11.8716,JHU,0.8,fourier_country_k2
COD,2008,52,2008-12-22,2008-12-28,748.3987,11.7771,JHU,0.8,fourier_country_k2
COD,2009,1,2008-12-29,2009-01-04,745.4508,11.7307,JHU,0.8,fourier_country_k2
COD,2009,2,2009-01-05,2009-01-11,456.2961,4.7226,JHU,0.5,fourier_country_k2
COD,2009,3,2009-01-12,2009-01-18,456.643,4.7262,JHU,0.5,fourier_country_k2
COD,2009,4,2009-01-19,2009-01-25,457.0867,4.7308,JHU,0.5,fourier_country_k2
COD,2009,5,2009-01-26,2009-02-01,456.93,4.7291,JHU,0.5,fourier_country_k2
COD,2009,6,2009-02-02,2009-02-08,455.5051,4.7144,JHU,0.5,fourier_country_k2
COD,2009,7,2009-02-09,2009-02-15,452.2224,4.6804,JHU,0.5,fourier_country_k2
COD,2009,8,2009-02-16,2009-02-22,446.6144,4.6224,JHU,0.5,fourier_country_k2
COD,2009,9,2009-02-23,2009-03-01,438.3726,4.5371,JHU,0.5,fourier_country_k2
COD,2009,10,2009-03-02,2009-03-08,427.3747,4.4232,JHU,0.5,fourier_country_k2
COD,2009,11,2009-03-09,2009-03-15,413.7004,4.2817,JHU,0.5,fourier_country_k2
COD,2009,12,2009-03-16,2009-03-22,397.6349,4.1154,JHU,0.5,fourier_country_k2
COD,2009,13,2009-03-23,2009-03-29,379.66,3.9294,JHU,0.5,fourier_country_k2
COD,2009,14,2009-03-30,2009-04-05,360.4321,3.7304,JHU,0.5,fourier_country_k2
COD,2009,15,2009-04-06,2009-04-12,340.7505,3.5267,JHU,0.5,fourier_country_k2
COD,2009,16,2009-04-13,2009-04-19,321.515,3.3276,JHU,0.5,fourier_country_k2
COD,2009,17,2009-04-20,2009-04-26,303.6774,3.143,JHU,0.5,fourier_country_k2
COD,2009,18,2009-04-27,2009-05-03,288.1887,2.9827,JHU,0.5,fourier_country_k2
COD,2009,19,2009-05-04,2009-05-10,275.9446,2.856,JHU,0.5,fourier_country_k2
COD,2009,20,2009-05-11,2009-05-17,267.7342,2.771,JHU,0.5,fourier_country_k2
COD,2009,21,2009-05-18,2009-05-24,264.1925,2.7343,JHU,0.5,fourier_country_k2
COD,2009,22,2009-05-25,2009-05-31,265.7614,2.7506,JHU,0.5,fourier_country_k2
COD,2009,23,2009-06-01,2009-06-07,272.6606,2.822,JHU,0.5,fourier_country_k2
COD,2009,24,2009-06-08,2009-06-14,284.8702,2.9483,JHU,0.5,fourier_country_k2
COD,2009,25,2009-06-15,2009-06-21,302.1262,3.1269,JHU,0.5,fourier_country_k2
COD,2009,26,2009-06-22,2009-06-28,323.9296,3.3526,JHU,0.5,fourier_country_k2
COD,2009,27,2009-06-29,2009-07-05,349.5681,3.618,JHU,0.5,fourier_country_k2
COD,2009,28,2009-07-06,2009-07-12,378.1489,3.9138,JHU,0.5,fourier_country_k2
COD,2009,29,2009-07-13,2009-07-19,408.6424,4.2294,JHU,0.5,fourier_country_k2
COD,2009,30,2009-07-20,2009-07-26,439.9327,4.5532,JHU,0.5,fourier_country_k2
COD,2009,31,2009-07-27,2009-08-02,470.8728,4.8734,JHU,0.5,fourier_country_k2
COD,2009,32,2009-08-03,2009-08-09,500.3413,5.1784,JHU,0.5,fourier_country_k2
COD,2009,33,2009-08-10,2009-08-16,527.2982,5.4574,JHU,0.5,fourier_country_k2
COD,2009,34,2009-08-17,2009-08-23,550.8351,5.701,JHU,0.5,fourier_country_k2
COD,2009,35,2009-08-24,2009-08-30,570.2184,5.9016,JHU,0.5,fourier_country_k2
COD,2009,36,2009-08-31,2009-09-06,584.923,6.0538,JHU,0.5,fourier_country_k2
COD,2009,37,2009-09-07,2009-09-13,594.6537,6.1545,JHU,0.5,fourier_country_k2
COD,2009,38,2009-09-14,2009-09-20,599.3546,6.2032,JHU,0.5,fourier_country_k2
COD,2009,39,2009-09-21,2009-09-27,599.2045,6.2016,JHU,0.5,fourier_country_k2
COD,2009,40,2009-09-28,2009-10-04,594.6,6.154,JHU,0.5,fourier_country_k2
COD,2009,41,2009-10-05,2009-10-11,586.1271,6.0663,JHU,0.5,fourier_country_k2
COD,2009,42,2009-10-12,2009-10-18,574.5221,5.9462,JHU,0.5,fourier_country_k2
COD,2009,43,2009-10-19,2009-10-25,560.6257,5.8024,JHU,0.5,fourier_country_k2
COD,2009,44,2009-10-26,2009-11-01,545.3311,5.6441,JHU,0.5,fourier_country_k2
COD,2009,45,2009-11-02,2009-11-08,529.5316,5.4805,JHU,0.5,fourier_country_k2
COD,2009,46,2009-11-09,2009-11-15,514.0678,5.3205,JHU,0.5,fourier_country_k2
COD,2009,47,2009-11-16,2009-11-22,499.6807,5.1716,JHU,0.5,fourier_country_k2
COD,2009,48,2009-11-23,2009-11-29,486.9702,5.04,JHU,0.5,fourier_country_k2
COD,2009,49,2009-11-30,2009-12-06,476.3643,4.9303,JHU,0.5,fourier_country_k2
COD,2009,50,2009-12-07,2009-12-13,468.0983,4.8447,JHU,0.5,fourier_country_k2
COD,2009,51,2009-12-14,2009-12-20,462.2069,4.7837,JHU,0.5,fourier_country_k2
COD,2009,52,2009-12-21,2009-12-27,458.5285,4.7457,JHU,0.5,fourier_country_k2
COD,2009,53,2009-12-28,2010-01-03,458.5285,4.7457,JHU,0.5,fourier_country_k2
COD,2010,1,2010-01-04,2010-01-10,369.3522,,JHU,0.475,fourier_country_k2
COD,2010,2,2010-01-11,2010-01-17,369.0075,,JHU,0.475,fourier_country_k2
COD,2010,3,2010-01-18,2010-01-24,369.288,,JHU,0.475,fourier_country_k2
COD,2010,4,2010-01-25,2010-01-31,369.6468,,JHU,0.475,fourier_country_k2
COD,2010,5,2010-02-01,2010-02-07,369.5201,,JHU,0.475,fourier_country_k2
COD,2010,6,2010-02-08,2010-02-14,368.3678,,JHU,0.475,fourier_country_k2
COD,2010,7,2010-02-15,2010-02-21,365.713,,JHU,0.475,fourier_country_k2
COD,2010,8,2010-02-22,2010-02-28,361.1778,,JHU,0.475,fourier_country_k2
COD,2010,9,2010-03-01,2010-03-07,354.5127,,JHU,0.475,fourier_country_k2
COD,2010,10,2010-03-08,2010-03-14,345.6187,,JHU,0.475,fourier_country_k2
COD,2010,11,2010-03-15,2010-03-21,334.5602,,JHU,0.475,fourier_country_k2
COD,2010,12,2010-03-22,2010-03-28,321.5681,,JHU,0.475,fourier_country_k2
COD,2010,13,2010-03-29,2010-04-04,307.0317,,JHU,0.475,fourier_country_k2
COD,2010,14,2010-04-05,2010-04-11,291.4821,,JHU,0.475,fourier_country_k2
COD,2010,15,2010-04-12,2010-04-18,275.5655,,JHU,0.475,fourier_country_k2
COD,2010,16,2010-04-19,2010-04-25,260.0097,,JHU,0.475,fourier_country_k2
COD,2010,17,2010-04-26,2010-05-02,245.5845,,JHU,0.475,fourier_country_k2
COD,2010,18,2010-05-03,2010-05-09,233.0587,,JHU,0.475,fourier_country_k2
COD,2010,19,2010-05-10,2010-05-16,223.1568,,JHU,0.475,fourier_country_k2
COD,2010,20,2010-05-17,2010-05-23,216.5171,,JHU,0.475,fourier_country_k2
COD,2010,21,2010-05-24,2010-05-30,213.6529,,JHU,0.475,fourier_country_k2
COD,2010,22,2010-05-31,2010-06-06,214.9217,,JHU,0.475,fourier_country_k2
COD,2010,23,2010-06-07,2010-06-13,220.5011,,JHU,0.475,fourier_country_k2
COD,2010,24,2010-06-14,2010-06-20,230.375,,JHU,0.475,fourier_country_k2
COD,2010,25,2010-06-21,2010-06-27,244.3299,,JHU,0.475,fourier_country_k2
COD,2010,26,2010-06-28,2010-07-04,261.9624,,JHU,0.475,fourier_country_k2
COD,2010,27,2010-07-05,2010-07-11,282.6963,,JHU,0.475,fourier_country_k2
COD,2010,28,2010-07-12,2010-07-18,305.8096,,JHU,0.475,fourier_country_k2
COD,2010,29,2010-07-19,2010-07-25,330.4698,,JHU,0.475,fourier_country_k2
COD,2010,30,2010-07-26,2010-08-01,355.7744,,JHU,0.475,fourier_country_k2
COD,2010,31,2010-08-02,2010-08-08,380.7956,,JHU,0.475,fourier_country_k2
COD,2010,32,2010-08-09,2010-08-15,404.6269,,JHU,0.475,fourier_country_k2
COD,2010,33,2010-08-16,2010-08-22,426.427,,JHU,0.475,fourier_country_k2
COD,2010,34,2010-08-23,2010-08-29,445.4613,,JHU,0.475,fourier_country_k2
COD,2010,35,2010-08-30,2010-09-05,461.1366,,JHU,0.475,fourier_country_k2
COD,2010,36,2010-09-06,2010-09-12,473.0282,,JHU,0.475,fourier_country_k2
COD,2010,37,2010-09-13,2010-09-19,480.8975,,JHU,0.475,fourier_country_k2
COD,2010,38,2010-09-20,2010-09-26,484.6991,,JHU,0.475,fourier_country_k2
COD,2010,39,2010-09-27,2010-10-03,484.5777,,JHU,0.475,fourier_country_k2
COD,2010,40,2010-10-04,2010-10-10,480.854,,JHU,0.475,fourier_country_k2
COD,2010,41,2010-10-11,2010-10-17,474.002,,JHU,0.475,fourier_country_k2
COD,2010,42,2010-10-18,2010-10-24,464.617,,JHU,0.475,fourier_country_k2
COD,2010,43,2010-10-25,2010-10-31,453.379,,JHU,0.475,fourier_country_k2
COD,2010,44,2010-11-01,2010-11-07,441.0102,,JHU,0.475,fourier_country_k2
COD,2010,45,2010-11-08,2010-11-14,428.2331,,JHU,0.475,fourier_country_k2
COD,2010,46,2010-11-15,2010-11-21,415.7275,,JHU,0.475,fourier_country_k2
COD,2010,47,2010-11-22,2010-11-28,404.0926,,JHU,0.475,fourier_country_k2
COD,2010,48,2010-11-29,2010-12-05,393.8137,,JHU,0.475,fourier_country_k2
COD,2010,49,2010-12-06,2010-12-12,385.2367,,JHU,0.475,fourier_country_k2
COD,2010,50,2010-12-13,2010-12-19,378.5519,,JHU,0.475,fourier_country_k2
COD,2010,51,2010-12-20,2010-12-26,373.7875,,JHU,0.475,fourier_country_k2
COD,2010,52,2010-12-27,2011-01-02,370.8128,,JHU,0.475,fourier_country_k2
COD,2011,1,2011-01-03,2011-01-09,7.3543,0.443,JHU,0.76,fourier_country_k2
COD,2011,2,2011-01-10,2011-01-16,7.3474,0.4426,JHU,0.76,fourier_country_k2
COD,2011,3,2011-01-17,2011-01-23,7.353,0.443,JHU,0.76,fourier_country_k2
COD,2011,4,2011-01-24,2011-01-30,7.3602,0.4434,JHU,0.76,fourier_country_k2
COD,2011,5,2011-01-31,2011-02-06,7.3576,0.4432,JHU,0.76,fourier_country_k2
COD,2011,6,2011-02-07,2011-02-13,7.3347,0.4418,JHU,0.76,fourier_country_k2
COD,2011,7,2011-02-14,2011-02-20,7.2818,0.4387,JHU,0.76,fourier_country_k2
COD,2011,8,2011-02-21,2011-02-27,7.1915,0.4332,JHU,0.76,fourier_country_k2
COD,2011,9,2011-02-28,2011-03-06,7.0588,0.4252,JHU,0.76,fourier_country_k2
COD,2011,10,2011-03-07,2011-03-13,270.5368,15.7388,JHU,0.665,fourier_country_k2
COD,2011,11,2011-03-14,2011-03-20,261.8807,15.2352,JHU,0.665,fourier_country_k2
COD,2011,12,2011-03-21,2011-03-27,251.7109,14.6436,JHU,0.665,fourier_country_k2
COD,2011,13,2011-03-28,2011-04-03,240.3324,13.9816,JHU,0.665,fourier_country_k2
COD,2011,14,2011-04-04,2011-04-10,228.1608,13.2735,JHU,0.665,fourier_country_k2
COD,2011,15,2011-04-11,2011-04-17,215.7019,12.5487,JHU,0.665,fourier_country_k2
COD,2011,16,2011-04-18,2011-04-24,203.5255,11.8403,JHU,0.665,fourier_country_k2
COD,2011,17,2011-04-25,2011-05-01,192.2339,11.1834,JHU,0.665,fourier_country_k2
COD,2011,18,2011-05-02,2011-05-08,182.4292,10.613,JHU,0.665,fourier_country_k2
COD,2011,19,2011-05-09,2011-05-15,174.6785,10.1621,JHU,0.665,fourier_country_k2
COD,2011,20,2011-05-16,2011-05-22,169.4811,9.8598,JHU,0.665,fourier_country_k2
COD,2011,21,2011-05-23,2011-05-29,167.2392,9.7293,JHU,0.665,fourier_country_k2
COD,2011,22,2011-05-30,2011-06-05,168.2323,9.7871,JHU,0.665,fourier_country_k2
COD,2011,23,2011-06-06,2011-06-12,172.5997,10.0412,JHU,0.665,fourier_country_k2
COD,2011,24,2011-06-13,2011-06-19,180.3285,10.4908,JHU,0.665,fourier_country_k2
COD,2011,25,2011-06-20,2011-06-26,191.2519,11.1263,JHU,0.665,fourier_country_k2
COD,2011,26,2011-06-27,2011-07-03,205.054,11.9292,JHU,0.665,fourier_country_k2
COD,2011,27,2011-07-04,2011-07-10,221.2836,12.8734,JHU,0.665,fourier_country_k2
COD,2011,28,2011-07-11,2011-07-17,239.3758,13.926,JHU,0.665,fourier_country_k2
COD,2011,29,2011-07-18,2011-07-24,258.6789,15.0489,JHU,0.665,fourier_country_k2
COD,2011,30,2011-07-25,2011-07-31,278.4863,16.2012,JHU,0.665,fourier_country_k2
COD,2011,31,2011-08-01,2011-08-07,298.072,17.3407,JHU,0.665,fourier_country_k2
COD,2011,32,2011-08-08,2011-08-14,316.7261,18.4259,JHU,0.665,fourier_country_k2
COD,2011,33,2011-08-15,2011-08-21,8.4907,0.5115,JHU,0.76,fourier_country_k2
COD,2011,34,2011-08-22,2011-08-28,8.8697,0.5343,JHU,0.76,fourier_country_k2
COD,2011,35,2011-08-29,2011-09-04,1545.8704,22.9243,AI,0.64,fourier_country_k2
COD,2011,36,2011-09-05,2011-09-11,1585.7347,23.5155,AI,0.64,fourier_country_k2
COD,2011,37,2011-09-12,2011-09-18,1612.115,23.9067,AI,0.64,fourier_country_k2
COD,2011,38,2011-09-19,2011-09-25,1624.8592,24.0956,AI,0.64,fourier_country_k2
COD,2011,39,2011-09-26,2011-10-02,1624.4522,24.0896,AI,0.64,fourier_country_k2
COD,2011,40,2011-10-03,2011-10-09,1611.9693,23.9045,AI,0.64,fourier_country_k2
COD,2011,41,2011-10-10,2011-10-16,1588.9991,23.5639,AI,0.64,fourier_country_k2
COD,2011,42,2011-10-17,2011-10-23,298.0,14.0,AI,0.72,fourier_country_k2
COD,2011,43,2011-10-24,2011-10-30,222.2101,7.0419,AI,0.675,fourier_country_k2
COD,2011,44,2011-10-31,2011-11-06,216.1479,6.8498,AI,0.675,fourier_country_k2
COD,2011,45,2011-11-07,2011-11-13,209.8856,6.6513,AI,0.675,fourier_country_k2
COD,2011,46,2011-11-14,2011-11-20,203.7564,6.4571,AI,0.675,fourier_country_k2
COD,2011,47,2011-11-21,2011-11-27,834.7079,13.9884,AI,0.56,fourier_country_k2
COD,2011,48,2011-11-28,2011-12-04,813.4753,13.6325,AI,0.56,fourier_country_k2
COD,2011,49,2011-12-05,2011-12-11,795.7583,13.3356,AI,0.56,fourier_country_k2
COD,2011,50,2011-12-12,2011-12-18,781.95,13.1042,AI,0.56,fourier_country_k2
COD,2011,51,2011-12-19,2011-12-25,772.1085,12.9393,AI,0.56,fourier_country_k2
COD,2011,52,2011-12-26,2012-01-01,4911.0674,,JHU,0.855,fourier_country_k2
COD,2012,1,2012-01-02,2012-01-08,650.8066,19.006,AI,0.72,fourier_country_k2
COD,2012,2,2012-01-09,2012-01-15,1600.0,,JHU,0.95,observed
COD,2012,3,2012-01-16,2012-01-22,650.6934,19.0027,AI,0.72,fourier_country_k2
COD,2012,4,2012-01-23,2012-01-29,651.3257,19.0212,AI,0.72,fourier_country_k2
COD,2012,5,2012-01-30,2012-02-05,651.1024,19.0147,AI,0.72,fourier_country_k2
COD,2012,6,2012-02-06,2012-02-12,649.072,18.9554,AI,0.72,fourier_country_k2
COD,2012,7,2012-02-13,2012-02-19,0.0,0.0,JHU,0.6,inferred_zero
COD,2012,8,2012-02-20,2012-02-26,1726.0,,JHU,0.97,observed
COD,2012,9,2012-02-27,2012-03-04,839.0247,,AI,0.765,fourier_country_k2
COD,2012,10,2012-03-05,2012-03-11,817.9753,,AI,0.765,fourier_country_k2
COD,2012,11,2012-03-12,2012-03-18,543.5541,7.1386,AI,0.765,fourier_country_k2
COD,2012,12,2012-03-19,2012-03-25,522.4459,6.8614,AI,0.765,fourier_country_k2
COD,2012,13,2012-03-26,2012-04-01,1025.9804,34.8833,AI,0.765,fourier_country_k2
COD,2012,14,2012-04-02,2012-04-08,974.0196,33.1167,AI,0.765,fourier_country_k2
COD,2012,15,2012-04-09,2012-04-15,495.0,20.0,AI,0.85,observed
COD,2012,16,2012-04-16,2012-04-22,13.5685,7.2842,AI,0.68,fourier_country_k2
COD,2012,17,2012-04-23,2012-04-29,549.0006,11.2879,AI,0.72,fourier_country_k2
COD,2012,18,2012-04-30,2012-05-06,520.9994,10.7121,AI,0.72,fourier_country_k2
COD,2012,19,2012-05-07,2012-05-13,1703.0,69.0,AI,0.72,fourier_country_k2
COD,2012,20,2012-05-14,2012-05-20,650.0,,AI,0.63,fourier_country_k2
COD,2012,21,2012-05-21,2012-05-27,352.4535,,AI,0.72,fourier_country_k2
COD,2012,22,2012-05-28,2012-06-03,4106.5465,41.0,AI,0.72,fourier_country_k2
COD,2012,23,2012-06-04,2012-06-10,1009.2469,33.9376,AI,0.765,fourier_country_k2
COD,2012,24,2012-06-11,2012-06-17,1054.4402,35.4573,AI,0.765,fourier_country_k2
COD,2012,25,2012-06-18,2012-06-24,1118.3129,37.6051,AI,0.765,fourier_country_k2
COD,2012,26,2012-06-25,2012-07-01,228.8599,3.6963,AI,0.675,fourier_country_k2
COD,2012,27,2012-07-02,2012-07-08,246.9737,3.9888,AI,0.675,fourier_country_k2
COD,2012,28,2012-07-09,2012-07-15,998.1664,8.3149,AI,0.675,fourier_country_k2
COD,2012,29,2012-07-16,2012-07-22,17.2455,9.2581,AI,0.68,fourier_country_k2
COD,2012,30,2012-07-23,2012-07-29,18.566,9.967,AI,0.68,fourier_country_k2
COD,2012,31,2012-07-30,2012-08-05,19.8717,10.668,AI,0.68,fourier_country_k2
COD,2012,32,2012-08-06,2012-08-12,513.0,7.0,AI,0.81,fourier_country_k2
COD,2012,33,2012-08-13,2012-08-19,613.3119,4.8908,AI,0.81,fourier_country_k2
COD,2012,34,2012-08-20,2012-08-26,640.6881,5.1092,AI,0.81,fourier_country_k2
COD,2012,35,2012-08-27,2012-09-02,692.0,20.0,AI,0.81,fourier_country_k2
COD,2012,36,2012-09-03,2012-09-09,507.9045,16.4792,AI,0.81,fourier_country_k2
COD,2012,37,2012-09-10,2012-09-16,516.354,16.7534,AI,0.81,fourier_country_k2
COD,2012,38,2012-09-17,2012-09-23,520.4359,16.8858,AI,0.81,fourier_country_k2
COD,2012,39,2012-09-24,2012-09-30,520.3055,16.8816,AI,0.81,fourier_country_k2
COD,2012,40,2012-10-01,2012-10-07,25.0932,13.4711,AI,0.68,fourier_country_k2
COD,2012,41,2012-10-08,2012-10-14,24.7357,13.2791,AI,0.68,fourier_country_k2
COD,2012,42,2012-10-15,2012-10-21,24.2459,13.0162,AI,0.68,fourier_country_k2
COD,2012,43,2012-10-22,2012-10-28,23.6595,12.7014,AI,0.68,fourier_country_k2
COD,2012,44,2012-10-29,2012-11-04,23.014,12.3549,AI,0.68,fourier_country_k2
COD,2012,45,2012-11-05,2012-11-11,324.1307,4.6235,AI,0.64,fourier_country_k2
COD,2012,46,2012-11-12,2012-11-18,314.6652,4.4885,AI,0.64,fourier_country_k2
COD,2012,47,2012-11-19,2012-11-25,305.8587,4.3628,AI,0.64,fourier_country_k2
COD,2012,48,2012-11-26,2012-12-02,298.0785,4.2519,AI,0.64,fourier_country_k2
COD,2012,49,2012-12-03,2012-12-09,291.5866,4.1593,AI,0.64,fourier_country_k2
COD,2012,50,2012-12-10,2012-12-16,286.5269,4.0871,AI,0.64,fourier_country_k2
COD,2012,51,2012-12-17,2012-12-23,282.9207,4.0357,AI,0.64,fourier_country_k2
COD,2012,52,2012-12-24,2012-12-30,280.6691,4.0035,AI,0.64,fourier_country_k2
COD,2013,1,2012-12-31,2013-01-06,279.5636,3.9878,AI,0.64,fourier_country_k2
COD,2013,2,2013-01-07,2013-01-13,1176.6944,28.1879,AI,0.72,fourier_country_k2
COD,2013,3,2013-01-14,2013-01-20,1177.5889,28.2093,AI,0.72,fourier_country_k2
COD,2013,4,2013-01-21,2013-01-27,1178.7331,28.2367,AI,0.72,fourier_country_k2
COD,2013,5,2013-01-28,2013-02-03,1178.329,28.227,AI,0.72,fourier_country_k2
COD,2013,6,2013-02-04,2013-02-10,1174.6545,28.139,AI,0.72,fourier_country_k2
COD,2013,7,2013-02-11,2013-02-17,536.3255,12.578,AI,0.765,fourier_country_k2
COD,2013,8,2013-02-18,2013-02-24,529.6745,12.422,AI,0.765,fourier_country_k2
COD,2013,9,2013-02-25,2013-03-03,544.8174,33.2372,AI,0.68,fourier_country_k2
COD,2013,10,2013-03-04,2013-03-10,531.149,32.4033,AI,0.68,fourier_country_k2
COD,2013,11,2013-03-11,2013-03-17,1093.8417,,AI,0.64,fourier_country_k2
COD,2013,12,2013-03-18,2013-03-24,1051.3639,,AI,0.64,fourier_country_k2
COD,2013,13,2013-03-25,2013-03-31,1003.8373,,AI,0.64,fourier_country_k2
COD,2013,14,2013-04-01,2013-04-07,952.998,,AI,0.64,fourier_country_k2
COD,2013,15,2013-04-08,2013-04-14,900.959,,AI,0.64,fourier_country_k2
COD,2013,16,2013-04-15,2013-04-21,588.0593,,AI,0.64,fourier_country_k2
COD,2013,17,2013-04-22,2013-04-28,555.4339,,AI,0.64,fourier_country_k2
COD,2013,18,2013-04-29,2013-05-05,527.1045,,AI,0.64,fourier_country_k2
COD,2013,19,2013-05-06,2013-05-12,504.7097,,AI,0.64,fourier_country_k2
COD,2013,20,2013-05-13,2013-05-19,489.6927,,AI,0.64,fourier_country_k2
COD,2013,21,2013-05-20,2013-05-26,328.3432,20.0309,AI,0.68,fourier_country_k2
COD,2013,22,2013-05-27,2013-06-02,330.2931,20.1499,AI,0.68,fourier_country_k2
COD,2013,23,2013-06-03,2013-06-09,338.8676,20.673,AI,0.68,fourier_country_k2
COD,2013,24,2013-06-10,2013-06-16,354.0418,21.5987,AI,0.68,fourier_country_k2
COD,2013,25,2013-06-17,2013-06-23,375.4879,22.907,AI,0.68,fourier_country_k2
COD,2013,26,2013-06-24,2013-06-30,740.0,,AI,0.72,fourier_country_k2
COD,2013,27,2013-07-01,2013-07-07,180.2085,,JHU,0.665,fourier_country_k2
COD,2013,28,2013-07-08,2013-07-14,194.9424,,JHU,0.665,fourier_country_k2
COD,2013,29,2013-07-15,2013-07-21,210.6624,,JHU,0.665,fourier_country_k2
COD,2013,30,2013-07-22,2013-07-28,226.7931,,JHU,0.665,fourier_country_k2
COD,2013,31,2013-07-29,2013-08-04,242.7432,,JHU,0.665,fourier_country_k2
COD,2013,32,2013-08-05,2013-08-11,257.9348,,JHU,0.665,fourier_country_k2
COD,2013,33,2013-08-12,2013-08-18,271.8315,,JHU,0.665,fourier_country_k2
COD,2013,34,2013-08-19,2013-08-25,283.9652,,JHU,0.665,fourier_country_k2
COD,2013,35,2013-08-26,2013-09-01,293.9576,,JHU,0.665,fourier_country_k2
COD,2013,36,2013-09-02,2013-09-08,301.5381,,JHU,0.665,fourier_country_k2
COD,2013,37,2013-09-09,2013-09-15,306.5545,,JHU,0.665,fourier_country_k2
COD,2013,38,2013-09-16,2013-09-22,308.9779,,JHU,0.665,fourier_country_k2
COD,2013,39,2013-09-23,2013-09-29,308.9005,,JHU,0.665,fourier_country_k2
COD,2013,40,2013-09-30,2013-10-06,306.5268,,JHU,0.665,fourier_country_k2
COD,2013,41,2013-10-07,2013-10-13,302.1589,,JHU,0.665,fourier_country_k2
COD,2013,42,2013-10-14,2013-10-20,296.1763,,JHU,0.665,fourier_country_k2
COD,2013,43,2013-10-21,2013-10-27,289.0124,,JHU,0.665,fourier_country_k2
COD,2013,44,2013-10-28,2013-11-03,281.1278,,JHU,0.665,fourier_country_k2
COD,2013,45,2013-11-04,2013-11-10,272.9829,,JHU,0.665,fourier_country_k2
COD,2013,46,2013-11-11,2013-11-17,422.9181,,AI,0.63,fourier_country_k2
COD,2013,47,2013-11-18,2013-11-24,411.0819,,AI,0.63,fourier_country_k2
COD,2013,48,2013-11-25,2013-12-01,537.2438,,AI,0.56,fourier_country_k2
COD,2013,49,2013-12-02,2013-12-08,525.5429,,AI,0.56,fourier_country_k2
COD,2013,50,2013-12-09,2013-12-15,516.4236,,AI,0.56,fourier_country_k2
COD,2013,51,2013-12-16,2013-12-22,509.9239,,AI,0.56,fourier_country_k2
COD,2013,52,2013-12-23,2013-12-29,505.8658,,AI,0.56,fourier_country_k2
COD,2014,1,2013-12-30,2014-01-05,447.187,5.7998,AI,0.72,fourier_country_k2
COD,2014,2,2014-01-06,2014-01-12,446.7696,5.7944,AI,0.72,fourier_country_k2
COD,2014,3,2014-01-13,2014-01-19,447.1093,5.7988,AI,0.72,fourier_country_k2
COD,2014,4,2014-01-20,2014-01-26,447.5437,5.8045,AI,0.72,fourier_country_k2
COD,2014,5,2014-01-27,2014-02-02,447.3903,5.8025,AI,0.72,fourier_country_k2
COD,2014,6,2014-02-03,2014-02-09,529.9651,,AI,0.64,fourier_country_k2
COD,2014,7,2014-02-10,2014-02-16,526.1457,,AI,0.64,fourier_country_k2
COD,2014,8,2014-02-17,2014-02-23,519.621,,AI,0.64,fourier_country_k2
COD,2014,9,2014-02-24,2014-03-02,510.0319,,AI,0.64,fourier_country_k2
COD,2014,10,2014-03-03,2014-03-09,497.2363,,AI,0.64,fourier_country_k2
COD,2014,11,2014-03-10,2014-03-16,519.0446,,AI,0.64,fourier_country_k2
COD,2014,12,2014-03-17,2014-03-23,498.8883,,AI,0.64,fourier_country_k2
COD,2014,13,2014-03-24,2014-03-30,476.3362,,AI,0.64,fourier_country_k2
COD,2014,14,2014-03-31,2014-04-06,452.2121,,AI,0.64,fourier_country_k2
COD,2014,15,2014-04-07,2014-04-13,427.5188,,AI,0.64,fourier_country_k2
COD,2014,16,2014-04-14,2014-04-20,417.7096,,AI,0.64,fourier_country_k2
COD,2014,17,2014-04-21,2014-04-27,394.5352,,AI,0.64,fourier_country_k2
COD,2014,18,2014-04-28,2014-05-04,374.4123,,AI,0.64,fourier_country_k2
COD,2014,19,2014-05-05,2014-05-11,358.5049,,AI,0.64,fourier_country_k2
COD,2014,20,2014-05-12,2014-05-18,347.838,,AI,0.64,fourier_country_k2
COD,2014,21,2014-05-19,2014-05-25,125.7469,,AI,0.64,fourier_country_k2
COD,2014,22,2014-05-26,2014-06-01,126.4936,,AI,0.64,fourier_country_k2
COD,2014,23,2014-06-02,2014-06-08,129.7774,,AI,0.64,fourier_country_k2
COD,2014,24,2014-06-09,2014-06-15,135.5887,,AI,0.64,fourier_country_k2
COD,2014,25,2014-06-16,2014-06-22,245.8268,,AI,0.64,fourier_country_k2
COD,2014,26,2014-06-23,2014-06-29,263.5673,,AI,0.64,fourier_country_k2
COD,2014,27,2014-06-30,2014-07-06,284.4282,,AI,0.64,fourier_country_k2
COD,2014,28,2014-07-07,2014-07-13,307.6832,,AI,0.64,fourier_country_k2
COD,2014,29,2014-07-14,2014-07-20,332.4944,,AI,0.64,fourier_country_k2
COD,2014,30,2014-07-21,2014-07-27,209.3934,,AI,0.64,fourier_country_k2
COD,2014,31,2014-07-28,2014-08-03,176.0,,AI,0.8,observed
COD,2014,32,2014-08-04,2014-08-10,108.0,,AI,0.8,observed
COD,2014,33,2014-08-11,2014-08-17,267.0,,AI,0.8,observed
COD,2014,34,2014-08-18,2014-08-24,280.0,,AI,0.8,observed
COD,2014,35,2014-08-25,2014-08-31,544.0,,AI,0.8,observed
COD,2014,36,2014-09-01,2014-09-07,559.0,,AI,0.8,observed
COD,2014,37,2014-09-08,2014-09-14,628.0,,AI,0.8,observed
COD,2014,38,2014-09-15,2014-09-21,614.0,,AI,0.8,observed
COD,2014,39,2014-09-22,2014-09-28,495.0,,AI,0.8,observed
COD,2014,40,2014-09-29,2014-10-05,532.0,,AI,0.8,observed
COD,2014,41,2014-10-06,2014-10-12,432.0,,AI,0.8,observed
COD,2014,42,2014-10-13,2014-10-19,494.0,,AI,0.8,observed
COD,2014,43,2014-10-20,2014-10-26,429.0,,AI,0.8,observed
COD,2014,44,2014-10-27,2014-11-02,347.0,,AI,0.8,observed
COD,2014,45,2014-11-03,2014-11-09,465.0,,AI,0.8,observed
COD,2014,46,2014-11-10,2014-11-16,499.0,,AI,0.8,observed
COD,2014,47,2014-11-17,2014-11-23,367.0,,AI,0.8,observed
COD,2014,48,2014-11-24,2014-11-30,955.5128,,JHU,0.8,fourier_country_k2
COD,2014,49,2014-12-01,2014-12-07,934.7023,,JHU,0.8,fourier_country_k2
COD,2014,50,2014-12-08,2014-12-14,918.483,,JHU,0.8,fourier_country_k2
COD,2014,51,2014-12-15,2014-12-21,906.9231,,JHU,0.8,fourier_country_k2
COD,2014,52,2014-12-22,2014-12-28,899.7056,,JHU,0.8,fourier_country_k2
COD,2015,1,2014-12-29,2015-01-04,572.0,90.0,JHU,0.97,observed
COD,2015,2,2015-01-05,2015-01-11,534.0,161.0,JHU,0.97,observed
COD,2015,3,2015-01-12,2015-01-18,502.0,232.0,JHU,0.97,observed
COD,2015,4,2015-01-19,2015-01-25,585.0,148.0,JHU,0.97,observed
COD,2015,5,2015-01-26,2015-02-01,463.0,116.0,JHU,0.97,observed
COD,2015,6,2015-02-02,2015-02-08,384.0,87.0,JHU,0.97,observed
COD,2015,7,2015-02-09,2015-02-15,367.0,174.0,JHU,0.97,observed
COD,2015,8,2015-02-16,2015-02-22,373.0,0.0,JHU,0.97,observed
COD,2015,9,2015-02-23,2015-03-01,257.0,90.0,JHU,0.97,observed
COD,2015,10,2015-03-02,2015-03-08,219.0,141.0,JHU,0.97,observed
COD,2015,11,2015-03-09,2015-03-15,206.0,0.0,JHU,0.97,observed
COD,2015,12,2015-03-16,2015-03-22,244.0,13.0,JHU,0.97,observed
COD,2015,13,2015-03-23,2015-03-29,219.0,193.0,JHU,0.97,observed
COD,2015,14,2015-03-30,2015-04-05,188.0,44.0,JHU,0.97,observed
COD,2015,15,2015-04-06,2015-04-12,148.0,77.0,JHU,0.97,observed
COD,2015,16,2015-04-13,2015-04-19,135.0,0.0,JHU,0.97,observed
COD,2015,17,2015-04-20,2015-04-26,193.0,0.0,JHU,0.97,observed
COD,2015,18,2015-04-27,2015-05-03,148.0,71.0,JHU,0.97,observed
COD,2015,19,2015-05-04,2015-05-10,148.0,0.0,JHU,0.97,observed
COD,2015,20,2015-05-11,2015-05-17,193.0,0.0,JHU,0.97,observed
COD,2015,21,2015-05-18,2015-05-24,193.0,64.0,JHU,0.97,observed
COD,2015,22,2015-05-25,2015-05-31,174.0,0.0,JHU,0.97,observed
COD,2015,23,2015-06-01,2015-06-07,144.0,52.0,JHU,0.97,observed
COD,2015,24,2015-06-08,2015-06-14,188.0,0.0,JHU,0.97,observed
COD,2015,25,2015-06-15,2015-06-21,148.0,71.0,JHU,0.97,observed
COD,2015,26,2015-06-22,2015-06-28,148.0,,JHU,0.97,observed
COD,2015,27,2015-06-29,2015-07-05,135.0,13.0,JHU,0.97,observed
COD,2015,28,2015-07-06,2015-07-12,160.0,,JHU,0.97,observed
COD,2015,29,2015-07-13,2015-07-19,161.0,71.0,JHU,0.97,observed
COD,2015,30,2015-07-20,2015-07-26,135.0,0.0,JHU,0.97,observed
COD,2015,31,2015-07-27,2015-08-02,141.0,0.0,JHU,0.97,observed
COD,2015,32,2015-08-03,2015-08-09,206.0,0.0,JHU,0.97,observed
COD,2015,33,2015-08-10,2015-08-16,270.0,45.0,JHU,0.97,observed
COD,2015,34,2015-08-17,2015-08-23,232.0,0.0,JHU,0.97,observed
COD,2015,35,2015-08-24,2015-08-30,183.0,166.0,JHU,0.97,observed
COD,2015,36,2015-08-31,2015-09-06,547.0,302.0,JHU,0.97,observed
COD,2015,37,2015-09-07,2015-09-13,887.0,482.0,JHU,0.97,observed
COD,2015,38,2015-09-14,2015-09-20,1178.0,244.0,JHU,0.97,observed
COD,2015,39,2015-09-21,2015-09-27,1226.0,113.0,JHU,0.97,observed
COD,2015,40,2015-09-28,2015-10-04,842.0,180.0,JHU,0.97,observed
COD,2015,41,2015-10-05,2015-10-11,553.0,84.0,JHU,0.97,observed
COD,2015,42,2015-10-12,2015-10-18,567.0,35.0,JHU,0.97,observed
COD,2015,43,2015-10-19,2015-10-25,502.0,148.0,JHU,0.97,observed
COD,2015,44,2015-10-26,2015-11-01,643.0,96.0,JHU,0.97,observed
COD,2015,45,2015-11-02,2015-11-08,566.0,122.0,JHU,0.97,observed
COD,2015,46,2015-11-09,2015-11-15,432.0,70.0,JHU,0.97,observed
COD,2015,47,2015-11-16,2015-11-22,463.0,161.0,JHU,0.97,observed
COD,2015,48,2015-11-23,2015-11-29,298.0,,JHU,0.97,observed
COD,2015,49,2015-11-30,2015-12-06,405.0,322.0,JHU,0.97,observed
COD,2015,50,2015-12-07,2015-12-13,445.0,83.0,JHU,0.97,observed
COD,2015,51,2015-12-14,2015-12-20,309.0,84.0,JHU,0.97,observed
COD,2015,52,2015-12-21,2015-12-27,450.0,122.0,JHU,0.97,observed
COD,2015,53,2015-12-28,2016-01-03,527.0,58.0,JHU,0.97,observed
COD,2016,1,2016-01-04,2016-01-10,592.0,289.0,JHU,0.97,observed
COD,2016,2,2016-01-11,2016-01-17,469.0,148.0,JHU,0.97,observed
COD,2016,3,2016-01-18,2016-01-24,463.0,39.0,JHU,0.97,observed
COD,2016,4,2016-01-25,2016-01-31,467.0,26.0,JHU,0.97,observed
COD,2016,5,2016-02-01,2016-02-07,553.0,257.0,JHU,0.97,observed
COD,2016,6,2016-02-08,2016-02-14,547.0,225.0,JHU,0.97,observed
COD,2016,7,2016-02-15,2016-02-21,527.0,116.0,JHU,0.97,observed
COD,2016,8,2016-02-22,2016-02-28,559.0,302.0,JHU,0.97,observed
COD,2016,9,2016-02-29,2016-03-06,510.0,209.0,JHU,0.97,observed
COD,2016,10,2016-03-07,2016-03-13,534.0,96.0,JHU,0.97,observed
COD,2016,11,2016-03-14,2016-03-20,567.0,61.0,JHU,0.97,observed
COD,2016,12,2016-03-21,2016-03-27,598.0,334.0,JHU,0.97,observed
COD,2016,13,2016-03-28,2016-04-03,676.0,236.0,JHU,0.97,observed
COD,2016,14,2016-04-04,2016-04-10,707.0,257.0,JHU,0.97,observed
COD,2016,15,2016-04-11,2016-04-17,624.0,315.0,JHU,0.97,observed
COD,2016,16,2016-04-18,2016-04-24,457.0,347.0,JHU,0.97,observed
COD,2016,17,2016-04-25,2016-05-01,521.0,180.0,JHU,0.97,observed
COD,2016,18,2016-05-02,2016-05-08,418.0,244.0,JHU,0.97,observed
COD,2016,19,2016-05-09,2016-05-15,514.0,289.0,JHU,0.97,observed
COD,2016,20,2016-05-16,2016-05-22,432.0,201.0,JHU,0.97,observed
COD,2016,21,2016-05-23,2016-05-29,424.0,296.0,JHU,0.97,observed
COD,2016,22,2016-05-30,2016-06-05,360.0,180.0,JHU,0.97,observed
COD,2016,23,2016-06-06,2016-06-12,347.0,,JHU,0.97,observed
COD,2016,24,2016-06-13,2016-06-19,341.0,,JHU,0.97,observed
COD,2016,25,2016-06-20,2016-06-26,367.0,341.0,JHU,0.97,observed
COD,2016,26,2016-06-27,2016-07-03,463.0,367.0,JHU,0.97,observed
COD,2016,27,2016-07-04,2016-07-10,534.0,199.0,JHU,0.97,observed
COD,2016,28,2016-07-11,2016-07-17,746.0,373.0,JHU,0.97,observed
COD,2016,29,2016-07-18,2016-07-24,798.0,257.0,JHU,0.97,observed
COD,2016,30,2016-07-25,2016-07-31,759.0,399.0,JHU,0.97,observed
COD,2016,31,2016-08-01,2016-08-07,842.0,502.0,JHU,0.97,observed
COD,2016,32,2016-08-08,2016-08-14,714.0,244.0,JHU,0.97,observed
COD,2016,33,2016-08-15,2016-08-21,733.0,328.0,JHU,0.97,observed
COD,2016,34,2016-08-22,2016-08-28,593.0,227.0,JHU,0.97,observed
COD,2016,35,2016-08-29,2016-09-04,685.0,183.0,JHU,0.97,observed
COD,2016,36,2016-09-05,2016-09-11,804.0,334.0,JHU,0.97,observed
COD,2016,37,2016-09-12,2016-09-18,885.0,301.0,JHU,0.97,observed
COD,2016,38,2016-09-19,2016-09-25,598.0,360.0,JHU,0.97,observed
COD,2016,39,2016-09-26,2016-10-02,740.0,424.0,JHU,0.97,observed
COD,2016,40,2016-10-03,2016-10-09,675.0,360.0,JHU,0.97,observed
COD,2016,41,2016-10-10,2016-10-16,619.0,188.0,JHU,0.97,observed
COD,2016,42,2016-10-17,2016-10-23,536.0,52.0,JHU,0.97,observed
COD,2016,43,2016-10-24,2016-10-30,598.0,257.0,JHU,0.97,observed
COD,2016,44,2016-10-31,2016-11-06,553.0,238.0,JHU,0.97,observed
COD,2016,45,2016-11-07,2016-11-13,514.0,161.0,JHU,0.97,observed
COD,2016,46,2016-11-14,2016-11-20,405.0,103.0,JHU,0.97,observed
COD,2016,47,2016-11-21,2016-11-27,334.0,135.0,JHU,0.97,observed
COD,2016,48,2016-11-28,2016-12-04,347.0,90.0,JHU,0.97,observed
COD,2016,49,2016-12-05,2016-12-11,360.0,64.0,JHU,0.97,observed
COD,2016,50,2016-12-12,2016-12-18,463.0,141.0,JHU,0.97,observed
COD,2016,51,2016-12-19,2016-12-25,566.0,219.0,JHU,0.97,observed
COD,2016,52,2016-12-26,2017-01-01,873.0,,JHU,0.97,observed
COD,2017,1,2017-01-02,2017-01-08,1080.0,225.0,JHU,0.97,observed
COD,2017,2,2017-01-09,2017-01-15,942.0,131.0,JHU,0.97,observed
COD,2017,3,2017-01-16,2017-01-22,707.0,186.0,JHU,0.97,observed
COD,2017,4,2017-01-23,2017-01-29,617.0,,JHU,0.95,observed
COD,2017,5,2017-01-30,2017-02-05,622.0,,JHU,0.97,observed
COD,2017,6,2017-02-06,2017-02-12,637.0,,JHU,0.97,observed
COD,2017,7,2017-02-13,2017-02-19,661.0,,JHU,0.95,observed
COD,2017,8,2017-02-20,2017-02-26,908.0,,JHU,0.97,observed
COD,2017,9,2017-02-27,2017-03-05,928.0,,JHU,0.95,observed
COD,2017,10,2017-03-06,2017-03-12,750.0,,JHU,0.95,observed
COD,2017,11,2017-03-13,2017-03-19,705.0,,JHU,0.97,observed
COD,2017,12,2017-03-20,2017-03-26,732.0,,JHU,0.95,observed
COD,2017,13,2017-03-27,2017-04-02,517.0,,JHU,0.95,observed
COD,2017,14,2017-04-03,2017-04-09,367.0,,JHU,0.97,observed
COD,2017,15,2017-04-10,2017-04-16,382.0,,JHU,0.97,observed
COD,2017,16,2017-04-17,2017-04-23,402.0,,JHU,0.95,observed
COD,2017,17,2017-04-24,2017-04-30,359.0,,JHU,0.97,observed
COD,2017,18,2017-05-01,2017-05-07,454.0,,JHU,0.97,observed
COD,2017,19,2017-05-08,2017-05-14,488.0,,JHU,0.95,observed
COD,2017,20,2017-05-15,2017-05-21,645.0,,JHU,0.97,observed
COD,2017,21,2017-05-22,2017-05-28,675.0,,JHU,0.95,observed
COD,2017,22,2017-05-29,2017-06-04,514.0,,JHU,0.97,observed
COD,2017,23,2017-06-05,2017-06-11,610.0,,JHU,0.97,observed
COD,2017,24,2017-06-12,2017-06-18,669.0,154.0,JHU,0.97,observed
COD,2017,25,2017-06-19,2017-06-25,592.0,180.0,JHU,0.97,observed
COD,2017,26,2017-06-26,2017-07-02,801.0,,JHU,0.97,observed
COD,2017,27,2017-07-03,2017-07-09,932.0,,JHU,0.97,observed
COD,2017,28,2017-07-10,2017-07-16,1004.0,,JHU,0.97,observed
COD,2017,29,2017-07-17,2017-07-23,1100.0,,JHU,0.97,observed
COD,2017,30,2017-07-24,2017-07-30,1112.0,,JHU,0.97,observed
COD,2017,31,2017-07-31,2017-08-06,1207.0,,JHU,0.97,observed
COD,2017,32,2017-08-07,2017-08-13,1494.0,,JHU,0.97,observed
COD,2017,33,2017-08-14,2017-08-20,1649.0,,JHU,0.97,observed
COD,2017,34,2017-08-21,2017-08-27,1900.0,,JHU,0.97,observed
COD,2017,35,2017-08-28,2017-09-03,1952.0,,JHU,0.95,observed
COD,2017,36,2017-09-04,2017-09-10,1972.0,,JHU,0.97,observed
COD,2017,37,2017-09-11,2017-09-17,2187.0,,JHU,0.97,observed
COD,2017,38,2017-09-18,2017-09-24,2510.0,,JHU,0.97,observed
COD,2017,39,2017-09-25,2017-10-01,2541.0,,JHU,0.95,observed
COD,2017,40,2017-10-02,2017-10-08,2250.0,,JHU,0.95,observed
COD,2017,41,2017-10-09,2017-10-15,1907.0,,JHU,0.95,observed
COD,2017,42,2017-10-16,2017-10-22,2039.0,67.0,JHU,0.97,observed
COD,2017,43,2017-10-23,2017-10-29,1906.0,44.0,JHU,0.97,observed
COD,2017,44,2017-10-30,2017-11-05,2024.0,,JHU,0.95,observed
COD,2017,45,2017-11-06,2017-11-12,1970.0,,JHU,0.95,observed
COD,2017,46,2017-11-13,2017-11-19,1910.0,,JHU,0.97,observed
COD,2017,47,2017-11-20,2017-11-26,1766.0,,JHU,0.95,observed
COD,2017,48,2017-11-27,2017-12-03,1144.0,,JHU,0.97,observed
COD,2017,49,2017-12-04,2017-12-10,1246.0,,JHU,0.95,observed
COD,2017,50,2017-12-11,2017-12-17,1042.0,,JHU,0.95,observed
COD,2017,51,2017-12-18,2017-12-24,863.0,,JHU,0.97,observed
COD,2017,52,2017-12-25,2017-12-31,1349.0,,JHU,0.97,observed
COD,2018,1,2018-01-01,2018-01-07,1169.0,,JHU,0.95,observed
COD,2018,2,2018-01-08,2018-01-14,882.0,,JHU,0.95,observed
COD,2018,3,2018-01-15,2018-01-21,775.0,,JHU,0.95,observed
COD,2018,4,2018-01-22,2018-01-28,725.0,,JHU,0.95,observed
COD,2018,5,2018-01-29,2018-02-04,718.0,,JHU,0.95,observed
COD,2018,6,2018-02-05,2018-02-11,534.0,,JHU,0.95,observed
COD,2018,7,2018-02-12,2018-02-18,560.0,,JHU,0.95,observed
COD,2018,8,2018-02-19,2018-02-25,603.0,,JHU,0.95,observed
COD,2018,9,2018-02-26,2018-03-04,597.0,,JHU,0.95,observed
COD,2018,10,2018-03-05,2018-03-11,660.0,,JHU,0.95,observed
COD,2018,11,2018-03-12,2018-03-18,563.0,,JHU,0.95,observed
COD,2018,12,2018-03-19,2018-03-25,506.0,,JHU,0.95,observed
COD,2018,13,2018-03-26,2018-04-01,547.0,,JHU,0.95,observed
COD,2018,14,2018-04-02,2018-04-08,507.0,,JHU,0.97,observed
COD,2018,15,2018-04-09,2018-04-15,474.0,,JHU,0.95,observed
COD,2018,16,2018-04-16,2018-04-22,388.0,,JHU,0.95,observed
COD,2018,17,2018-04-23,2018-04-29,270.0,,JHU,0.97,observed
COD,2018,18,2018-04-30,2018-05-06,344.0,,JHU,0.95,observed
COD,2018,19,2018-05-07,2018-05-13,294.0,,JHU,0.95,observed
COD,2018,20,2018-05-14,2018-05-20,261.0,,JHU,0.95,observed
COD,2018,21,2018-05-21,2018-05-27,303.0,14.0,JHU,0.97,observed
COD,2018,22,2018-05-28,2018-06-03,330.0,,JHU,0.95,observed
COD,2018,23,2018-06-04,2018-06-10,431.0,,JHU,0.95,observed
COD,2018,24,2018-06-11,2018-06-17,703.0,,JHU,0.95,observed
COD,2018,25,2018-06-18,2018-06-24,612.0,,JHU,0.95,observed
COD,2018,26,2018-06-25,2018-07-01,563.0,,JHU,0.95,observed
COD,2018,27,2018-07-02,2018-07-08,589.0,,JHU,0.95,observed
COD,2018,28,2018-07-09,2018-07-15,482.0,,JHU,0.95,observed
COD,2018,29,2018-07-16,2018-07-22,472.0,18.0,JHU,0.97,observed
COD,2018,30,2018-07-23,2018-07-29,517.0,,JHU,0.95,observed
COD,2018,31,2018-07-30,2018-08-05,518.0,,JHU,0.97,observed
COD,2018,32,2018-08-06,2018-08-12,601.0,18.0,JHU,0.95,observed
COD,2018,33,2018-08-13,2018-08-19,701.0,,JHU,0.97,observed
COD,2018,34,2018-08-20,2018-08-26,807.0,37.0,JHU,0.95,observed
COD,2018,35,2018-08-27,2018-09-02,962.0,,JHU,0.95,observed
COD,2018,36,2018-09-03,2018-09-09,919.0,,JHU,0.95,observed
COD,2018,37,2018-09-10,2018-09-16,831.0,,JHU,0.97,observed
COD,2018,38,2018-09-17,2018-09-23,890.0,,JHU,0.95,observed
COD,2018,39,2018-09-24,2018-09-30,647.0,,JHU,0.97,observed
COD,2018,40,2018-10-01,2018-10-07,620.0,,JHU,0.95,observed
COD,2018,41,2018-10-08,2018-10-14,617.0,,JHU,0.95,observed
COD,2018,42,2018-10-15,2018-10-21,775.0,,JHU,0.95,observed
COD,2018,43,2018-10-22,2018-10-28,837.0,33.0,JHU,0.95,observed
COD,2018,44,2018-10-29,2018-11-04,861.0,,JHU,0.95,observed
COD,2018,45,2018-11-05,2018-11-11,686.0,,JHU,0.95,observed
COD,2018,46,2018-11-12,2018-11-18,653.0,,JHU,0.95,observed
COD,2018,47,2018-11-19,2018-11-25,603.0,,JHU,0.95,observed
COD,2018,48,2018-11-26,2018-12-02,488.0,,JHU,0.95,observed
COD,2018,49,2018-12-03,2018-12-09,480.0,14.0,JHU,0.95,observed
COD,2018,50,2018-12-10,2018-12-16,599.0,9.0,JHU,0.95,observed
COD,2018,51,2018-12-17,2018-12-23,459.0,,JHU,0.95,observed
COD,2018,52,2018-12-24,2018-12-30,545.0,,JHU,0.95,observed
COD,2019,1,2018-12-31,2019-01-06,800.0,,JHU,0.95,observed
COD,2019,2,2019-01-07,2019-01-13,612.0,,JHU,0.95,observed
COD,2019,3,2019-01-14,2019-01-20,703.0,,JHU,0.95,observed
COD,2019,4,2019-01-21,2019-01-27,746.0,,JHU,0.95,observed
COD,2019,5,2019-01-28,2019-02-03,675.0,,JHU,0.95,observed
COD,2019,6,2019-02-04,2019-02-10,580.0,,JHU,0.95,observed
COD,2019,7,2019-02-11,2019-02-17,632.0,,JHU,0.95,observed
COD,2019,8,2019-02-18,2019-02-24,555.0,,JHU,0.95,observed
COD,2019,9,2019-02-25,2019-03-03,555.0,,JHU,0.95,observed
COD,2019,10,2019-03-04,2019-03-10,490.0,,JHU,0.95,observed
COD,2019,11,2019-03-11,2019-03-17,517.0,,JHU,0.95,observed
COD,2019,12,2019-03-18,2019-03-24,612.0,,JHU,0.95,observed
COD,2019,13,2019-03-25,2019-03-31,603.0,,JHU,0.95,observed
COD,2019,14,2019-04-01,2019-04-07,457.0,,JHU,0.95,observed
COD,2019,15,2019-04-08,2019-04-14,384.0,,JHU,0.95,observed
COD,2019,16,2019-04-15,2019-04-21,359.0,,JHU,0.95,observed
COD,2019,17,2019-04-22,2019-04-28,359.0,,JHU,0.95,observed
COD,2019,18,2019-04-29,2019-05-05,459.0,,JHU,0.95,observed
COD,2019,19,2019-05-06,2019-05-12,416.0,,JHU,0.95,observed
COD,2019,20,2019-05-13,2019-05-19,459.0,,JHU,0.95,observed
COD,2019,21,2019-05-20,2019-05-26,449.0,,JHU,0.95,observed
COD,2019,22,2019-05-27,2019-06-02,459.0,,JHU,0.95,observed
COD,2019,23,2019-06-03,2019-06-09,465.0,,JHU,0.95,observed
COD,2019,24,2019-06-10,2019-06-16,424.0,,JHU,0.95,observed
COD,2019,25,2019-06-17,2019-06-23,416.0,,JHU,0.95,observed
COD,2019,26,2019-06-24,2019-06-30,287.0,,JHU,0.95,observed
COD,2019,27,2019-07-01,2019-07-07,359.0,,JHU,0.95,observed
COD,2019,28,2019-07-08,2019-07-14,388.0,,JHU,0.95,observed
COD,2019,29,2019-07-15,2019-07-21,344.0,,JHU,0.95,observed
COD,2019,30,2019-07-22,2019-07-28,488.0,,JHU,0.95,observed
COD,2019,31,2019-07-29,2019-08-04,428.0,4.0,JHU,0.95,observed
COD,2019,32,2019-08-05,2019-08-11,638.0,,JHU,0.95,observed
COD,2019,33,2019-08-12,2019-08-18,564.0,,JHU,0.95,observed
COD,2019,34,2019-08-19,2019-08-25,712.0,6.0,JHU,0.95,observed
COD,2019,35,2019-08-26,2019-09-01,833.0,,JHU,0.95,observed
COD,2019,36,2019-09-02,2019-09-08,939.0,,JHU,0.95,observed
COD,2019,37,2019-09-09,2019-09-15,976.0,,JHU,0.95,observed
COD,2019,38,2019-09-16,2019-09-22,939.0,,JHU,0.95,observed
COD,2019,39,2019-09-23,2019-09-29,813.0,9.0,JHU,0.95,observed
COD,2019,40,2019-09-30,2019-10-06,761.0,,JHU,0.95,observed
COD,2019,41,2019-10-07,2019-10-13,833.0,,JHU,0.95,observed
COD,2019,42,2019-10-14,2019-10-20,689.0,,JHU,0.95,observed
COD,2019,43,2019-10-21,2019-10-27,589.0,,JHU,0.95,observed
COD,2019,44,2019-10-28,2019-11-03,612.0,,JHU,0.95,observed
COD,2019,45,2019-11-04,2019-11-10,808.0,,JHU,0.95,observed
COD,2019,46,2019-11-11,2019-11-17,687.0,9.0,JHU,0.95,observed
COD,2019,47,2019-11-18,2019-11-24,660.0,7.0,JHU,0.95,observed
COD,2019,48,2019-11-25,2019-12-01,718.0,,JHU,0.95,observed
COD,2019,49,2019-12-02,2019-12-08,619.0,9.0,JHU,0.95,observed
COD,2019,50,2019-12-09,2019-12-15,585.0,5.0,JHU,0.95,observed
COD,2019,51,2019-12-16,2019-12-22,589.0,,JHU,0.95,observed
COD,2019,52,2019-12-23,2019-12-29,620.0,3.0,JHU,0.95,observed
COD,2020,1,2019-12-30,2020-01-05,775.0,,JHU,0.95,observed
COD,2020,2,2020-01-06,2020-01-12,693.0,,JHU,0.95,observed
COD,2020,3,2020-01-13,2020-01-19,662.0,8.0,JHU,0.95,observed
COD,2020,4,2020-01-20,2020-01-26,539.0,,JHU,0.95,observed
COD,2020,5,2020-01-27,2020-02-02,531.0,,JHU,0.95,observed
COD,2020,6,2020-02-03,2020-02-09,418.0,7.0,JHU,0.95,observed
COD,2020,7,2020-02-10,2020-02-16,488.0,,JHU,0.95,observed
COD,2020,8,2020-02-17,2020-02-23,506.0,,JHU,0.95,observed
COD,2020,9,2020-02-24,2020-03-01,465.0,,JHU,0.95,observed
COD,2020,10,2020-03-02,2020-03-08,531.0,,JHU,0.95,observed
COD,2020,11,2020-03-09,2020-03-15,431.0,,JHU,0.95,observed
COD,2020,12,2020-03-16,2020-03-22,357.0,4.0,JHU,0.95,observed
COD,2020,13,2020-03-23,2020-03-29,506.0,,JHU,0.95,observed
COD,2020,14,2020-03-30,2020-04-05,416.0,,JHU,0.95,observed
COD,2020,15,2020-04-06,2020-04-12,502.0,,JHU,0.95,observed
COD,2020,16,2020-04-13,2020-04-19,514.0,,JHU,0.95,observed
COD,2020,17,2020-04-20,2020-04-26,431.0,,JHU,0.95,observed
COD,2020,18,2020-04-27,2020-05-03,376.0,,JHU,0.95,observed
COD,2020,19,2020-05-04,2020-05-10,345.0,116.0,JHU,0.95,observed
COD,2020,20,2020-05-11,2020-05-17,286.0,,JHU,0.95,observed
COD,2020,21,2020-05-18,2020-05-24,449.0,,JHU,0.95,observed
COD,2020,22,2020-05-25,2020-05-31,482.0,,JHU,0.95,observed
COD,2020,23,2020-06-01,2020-06-07,416.0,,JHU,0.95,observed
COD,2020,24,2020-06-08,2020-06-14,488.0,,JHU,0.95,observed
COD,2020,25,2020-06-15,2020-06-21,344.0,,JHU,0.95,observed
COD,2020,26,2020-06-22,2020-06-28,251.0,2.0,JHU,0.95,observed
COD,2020,27,2020-06-29,2020-07-05,258.0,,JHU,0.95,observed
COD,2020,28,2020-07-06,2020-07-12,244.0,,JHU,0.95,observed
COD,2020,29,2020-07-13,2020-07-19,177.0,2.0,JHU,0.95,observed
COD,2020,30,2020-07-20,2020-07-26,258.0,,JHU,0.95,observed
COD,2020,31,2020-07-27,2020-08-02,201.0,,JHU,0.95,observed
COD,2020,32,2020-08-03,2020-08-09,258.0,,JHU,0.95,observed
COD,2020,33,2020-08-10,2020-08-16,201.0,,JHU,0.95,observed
COD,2020,34,2020-08-17,2020-08-23,273.0,,JHU,0.95,observed
COD,2020,35,2020-08-24,2020-08-30,248.0,,JHU,0.95,observed
COD,2020,36,2020-08-31,2020-09-06,283.0,,JHU,0.95,observed
COD,2020,37,2020-09-07,2020-09-13,345.0,,JHU,0.95,observed
COD,2020,38,2020-09-14,2020-09-20,459.0,,JHU,0.95,observed
COD,2020,39,2020-09-21,2020-09-27,431.0,,JHU,0.95,observed
COD,2020,40,2020-09-28,2020-10-04,366.0,,JHU,0.95,observed
COD,2020,41,2020-10-05,2020-10-11,407.0,,JHU,0.95,observed
COD,2020,42,2020-10-12,2020-10-18,402.0,,JHU,0.95,observed
COD,2020,43,2020-10-19,2020-10-25,276.0,,JHU,0.95,observed
COD,2020,44,2020-10-26,2020-11-01,234.0,,JHU,0.95,observed
COD,2020,45,2020-11-02,2020-11-08,248.0,,JHU,0.95,observed
COD,2020,46,2020-11-09,2020-11-15,217.0,1.0,JHU,0.95,observed
COD,2020,47,2020-11-16,2020-11-22,266.0,8.0,JHU,0.95,observed
COD,2020,48,2020-11-23,2020-11-29,18504.0,301.0,JHU,0.95,observed
COD,2020,49,2020-11-30,2020-12-06,345.0,,JHU,0.95,observed
COD,2020,50,2020-12-07,2020-12-13,297.0,,JHU,0.95,observed
COD,2020,51,2020-12-14,2020-12-20,215.0,,JHU,0.95,observed
COD,2020,52,2020-12-21,2020-12-27,150.0,2.0,JHU,0.95,observed
COD,2020,53,2020-12-28,2021-01-03,161.0,2.0,JHU,0.95,observed
COD,2021,1,2021-01-04,2021-01-10,174.0,,JHU,0.95,observed
COD,2021,2,2021-01-11,2021-01-17,134.0,6.0,JHU,0.95,observed
COD,2021,3,2021-01-18,2021-01-24,142.0,,JHU,0.95,observed
COD,2021,4,2021-01-25,2021-01-31,170.0,,JHU,0.95,observed
COD,2021,5,2021-02-01,2021-02-07,189.0,,JHU,0.95,observed
COD,2021,6,2021-02-08,2021-02-14,208.0,,JHU,0.95,observed
COD,2021,7,2021-02-15,2021-02-21,197.0,,JHU,0.95,observed
COD,2021,8,2021-02-22,2021-02-28,145.0,2.0,JHU,0.95,observed
COD,2021,9,2021-03-01,2021-03-07,117.0,,JHU,0.95,observed
COD,2021,10,2021-03-08,2021-03-14,165.0,,JHU,0.95,observed
COD,2021,11,2021-03-15,2021-03-21,221.0,,JHU,0.95,observed
COD,2021,12,2021-03-22,2021-03-28,163.0,9.0,JHU,0.95,observed
COD,2021,13,2021-03-29,2021-04-04,275.0,,JHU,0.95,observed
COD,2021,14,2021-04-05,2021-04-11,350.0,,JHU,0.95,observed
COD,2021,15,2021-04-12,2021-04-18,163.0,2.0,JHU,0.95,observed
COD,2021,16,2021-04-19,2021-04-25,166.0,1.0,JHU,0.95,observed
COD,2021,17,2021-04-26,2021-05-02,119.0,2.0,JHU,0.95,observed
COD,2021,18,2021-05-03,2021-05-09,116.0,1.0,JHU,0.95,observed
COD,2021,19,2021-05-10,2021-05-16,86.0,,JHU,0.95,observed
COD,2021,20,2021-05-17,2021-05-23,94.0,,JHU,0.95,observed
COD,2021,21,2021-05-24,2021-05-30,104.0,0.0,JHU,0.95,observed
COD,2021,22,2021-05-31,2021-06-06,106.0,4.0,JHU,0.95,observed
COD,2021,23,2021-06-07,2021-06-13,486.0,11.0,JHU,0.95,observed
COD,2021,24,2021-06-14,2021-06-20,52.0,0.0,JHU,0.95,observed
COD,2021,25,2021-06-21,2021-06-27,75.0,,JHU,0.95,observed
COD,2021,26,2021-06-28,2021-07-04,75.0,,JHU,0.95,observed
COD,2021,27,2021-07-05,2021-07-11,58.0,1.0,JHU,0.95,observed
COD,2021,28,2021-07-12,2021-07-18,0.0,,JHU,0.95,observed
COD,2021,29,2021-07-19,2021-07-25,0.0,,JHU,0.95,observed
COD,2021,30,2021-07-26,2021-08-01,0.0,,JHU,0.95,observed
COD,2021,31,2021-08-02,2021-08-08,75.0,,JHU,0.95,observed
COD,2021,32,2021-08-09,2021-08-15,0.0,,JHU,0.95,observed
COD,2021,33,2021-08-16,2021-08-22,25.0,,JHU,0.95,observed
COD,2021,34,2021-08-23,2021-08-29,50.0,,JHU,0.95,observed
COD,2021,35,2021-08-30,2021-09-05,150.0,,JHU,0.95,observed
COD,2021,36,2021-09-06,2021-09-12,150.0,,JHU,0.95,observed
COD,2021,37,2021-09-13,2021-09-19,225.0,,JHU,0.95,observed
COD,2021,38,2021-09-20,2021-09-26,270.0,,JHU,0.95,observed
COD,2021,39,2021-09-27,2021-10-03,200.0,,JHU,0.95,observed
COD,2021,40,2021-10-04,2021-10-10,228.0,3.0,JHU,0.95,observed
COD,2021,41,2021-10-11,2021-10-17,298.0,8.0,JHU,0.95,observed
COD,2021,42,2021-10-18,2021-10-24,300.0,,JHU,0.95,observed
COD,2021,43,2021-10-25,2021-10-31,225.0,,JHU,0.95,observed
COD,2021,44,2021-11-01,2021-11-07,325.0,,JHU,0.95,observed
COD,2021,45,2021-11-08,2021-11-14,375.0,,JHU,0.95,observed
COD,2021,46,2021-11-15,2021-11-21,550.0,,JHU,0.95,observed
COD,2021,47,2021-11-22,2021-11-28,550.0,,JHU,0.95,observed
COD,2021,48,2021-11-29,2021-12-05,625.0,,JHU,0.95,observed
COD,2021,49,2021-12-06,2021-12-12,1050.0,,JHU,0.95,observed
COD,2021,50,2021-12-13,2021-12-19,625.0,,JHU,0.95,observed
COD,2021,51,2021-12-20,2021-12-26,650.0,,JHU,0.95,observed
COD,2021,52,2021-12-27,2022-01-02,750.0,,JHU,0.95,observed
COD,2022,1,2022-01-03,2022-01-09,850.0,,JHU,0.95,observed
COD,2022,2,2022-01-10,2022-01-16,575.0,,JHU,0.95,observed
COD,2022,3,2022-01-17,2022-01-23,375.0,,JHU,0.95,observed
COD,2022,4,2022-01-24,2022-01-30,275.0,,JHU,0.95,observed
COD,2022,5,2022-01-31,2022-02-06,400.0,,JHU,0.95,observed
COD,2022,6,2022-02-07,2022-02-13,350.0,,JHU,0.95,observed
COD,2022,7,2022-02-14,2022-02-20,300.0,,JHU,0.95,observed
COD,2022,8,2022-02-21,2022-02-27,250.0,,JHU,0.95,observed
COD,2022,9,2022-02-28,2022-03-06,350.0,,JHU,0.95,observed
COD,2022,10,2022-03-07,2022-03-13,275.0,,JHU,0.95,observed
COD,2022,11,2022-03-14,2022-03-20,200.0,,JHU,0.95,observed
COD,2022,12,2022-03-21,2022-03-27,150.0,,JHU,0.95,observed
COD,2022,13,2022-03-28,2022-04-03,150.0,,JHU,0.95,observed
COD,2022,14,2022-04-04,2022-04-10,150.0,,JHU,0.95,observed
COD,2022,15,2022-04-11,2022-04-17,225.0,,JHU,0.95,observed
COD,2022,16,2022-04-18,2022-04-24,150.0,,JHU,0.95,observed
COD,2022,17,2022-04-25,2022-05-01,380.0,3.0,JHU,0.95,observed
COD,2022,18,2022-05-02,2022-05-08,200.0,,JHU,0.95,observed
COD,2022,19,2022-05-09,2022-05-15,298.0,,JHU,0.95,observed
COD,2022,20,2022-05-16,2022-05-22,225.0,,JHU,0.95,observed
COD,2022,21,2022-05-23,2022-05-29,237.0,,JHU,0.95,observed
COD,2022,22,2022-05-30,2022-06-05,290.0,,JHU,0.95,observed
COD,2022,23,2022-06-06,2022-06-12,204.0,,JHU,0.95,observed
COD,2022,24,2022-06-13,2022-06-19,218.0,,JHU,0.95,observed
COD,2022,25,2022-06-20,2022-06-26,160.0,,JHU,0.95,observed
COD,2022,26,2022-06-27,2022-07-03,124.0,,JHU,0.95,observed
COD,2022,27,2022-07-04,2022-07-10,88.0,1.0,JHU,0.95,observed
COD,2022,28,2022-07-11,2022-07-17,112.0,1.0,AI,0.9,observed
COD,2022,29,2022-07-18,2022-07-24,106.0,1.0,AI,0.9,observed
COD,2022,30,2022-07-25,2022-07-31,106.0,1.0,AI,0.9,observed
COD,2022,31,2022-08-01,2022-08-07,156.0,1.0,AI,0.9,observed
COD,2022,32,2022-08-08,2022-08-14,289.0,13.0,AI,0.9,observed
COD,2022,33,2022-08-15,2022-08-21,309.0,18.0,AI,0.9,observed
COD,2022,34,2022-08-22,2022-08-28,283.0,2.0,AI,0.9,observed
COD,2022,35,2022-08-29,2022-09-04,187.0,11.0,AI,0.9,observed
COD,2022,36,2022-09-05,2022-09-11,276.0,9.0,AI,0.9,observed
COD,2022,37,2022-09-12,2022-09-18,311.0,11.0,AI,0.9,observed
COD,2022,38,2022-09-19,2022-09-25,326.0,6.0,AI,0.9,observed
COD,2022,39,2022-09-26,2022-10-02,422.0,6.0,AI,0.9,observed
COD,2022,40,2022-10-03,2022-10-09,588.0,7.0,AI,0.85,observed
COD,2022,41,2022-10-10,2022-10-16,416.0,9.0,AI,0.9,observed
COD,2022,42,2022-10-17,2022-10-23,452.0,2.0,AI,0.9,observed
COD,2022,43,2022-10-24,2022-10-30,439.0,9.0,AI,0.85,observed
COD,2022,44,2022-10-31,2022-11-06,511.0,8.0,AI,0.9,observed
COD,2022,45,2022-11-07,2022-11-13,405.0,7.0,AI,0.9,observed
COD,2022,46,2022-11-14,2022-11-20,450.0,5.0,AI,0.9,observed
COD,2022,47,2022-11-21,2022-11-27,431.0,4.0,AI,0.9,observed
COD,2022,48,2022-11-28,2022-12-04,516.0,11.0,AI,0.9,observed
COD,2022,49,2022-12-05,2022-12-11,789.0,9.0,AI,0.85,observed
COD,2022,50,2022-12-12,2022-12-18,1003.0,13.0,AI,0.9,observed
COD,2022,51,2022-12-19,2022-12-25,901.0,3.0,AI,0.9,observed
COD,2022,52,2022-12-26,2023-01-01,900.0,13.0,AI,0.5,observed
COD,2023,1,2023-01-02,2023-01-08,1273.0,6.0,WHO,0.9,observed
COD,2023,2,2023-01-09,2023-01-15,759.0,3.0,WHO,0.9,observed
COD,2023,3,2023-01-16,2023-01-22,695.0,3.0,WHO,0.9,observed
COD,2023,4,2023-01-23,2023-01-29,607.0,1.0,WHO,0.9,observed
COD,2023,5,2023-01-30,2023-02-05,507.0,6.0,WHO,0.9,observed
COD,2023,6,2023-02-06,2023-02-12,496.0,7.0,WHO,0.9,observed
COD,2023,7,2023-02-13,2023-02-19,635.0,3.0,WHO,0.9,observed
COD,2023,8,2023-02-20,2023-02-26,581.0,7.0,WHO,0.9,observed
COD,2023,9,2023-02-27,2023-03-05,650.0,4.0,WHO,0.9,observed
COD,2023,10,2023-03-06,2023-03-12,1351.0,9.0,WHO,0.9,observed
COD,2023,11,2023-03-13,2023-03-19,2061.0,9.0,WHO,0.9,observed
COD,2023,12,2023-03-20,2023-03-26,1916.0,4.0,WHO,0.9,observed
COD,2023,13,2023-03-27,2023-04-02,1491.0,4.0,WHO,0.9,observed
COD,2023,14,2023-04-03,2023-04-09,1229.0,4.0,WHO,0.9,observed
COD,2023,15,2023-04-10,2023-04-16,1179.0,10.0,WHO,0.9,observed
COD,2023,16,2023-04-17,2023-04-23,1194.0,17.0,WHO,0.9,observed
COD,2023,17,2023-04-24,2023-04-30,1034.0,6.0,WHO,0.9,observed
COD,2023,18,2023-05-01,2023-05-07,961.0,6.0,WHO,0.9,observed
COD,2023,19,2023-05-08,2023-05-14,993.0,2.0,WHO,0.9,observed
COD,2023,20,2023-05-15,2023-05-21,1094.0,3.0,WHO,0.9,observed
COD,2023,21,2023-05-22,2023-05-28,1131.0,17.0,WHO,0.9,observed
COD,2023,22,2023-05-29,2023-06-04,1123.0,15.0,WHO,0.9,observed
COD,2023,23,2023-06-05,2023-06-11,939.0,9.0,WHO,0.9,observed
COD,2023,24,2023-06-12,2023-06-18,909.0,14.0,WHO,0.9,observed
COD,2023,25,2023-06-19,2023-06-25,947.0,8.0,WHO,0.9,observed
COD,2023,26,2023-06-26,2023-07-02,1372.0,18.0,WHO,0.9,observed
COD,2023,27,2023-07-03,2023-07-09,1007.0,8.0,WHO,0.9,observed
COD,2023,28,2023-07-10,2023-07-16,894.0,5.0,WHO,0.9,observed
COD,2023,29,2023-07-17,2023-07-23,881.0,5.0,WHO,0.9,observed
COD,2023,30,2023-07-24,2023-07-30,1069.0,15.0,WHO,0.9,observed
COD,2023,31,2023-07-31,2023-08-06,1005.0,6.0,WHO,0.9,observed
COD,2023,32,2023-08-07,2023-08-13,800.0,5.0,WHO,0.9,observed
COD,2023,33,2023-08-14,2023-08-20,918.0,10.0,WHO,0.9,observed
COD,2023,34,2023-08-21,2023-08-27,1063.0,6.0,WHO,0.9,observed
COD,2023,35,2023-08-28,2023-09-03,987.0,19.0,WHO,0.9,observed
COD,2023,36,2023-09-04,2023-09-10,746.0,,WHO,0.9,observed
COD,2023,37,2023-09-11,2023-09-17,919.0,12.0,WHO,0.9,observed
COD,2023,38,2023-09-18,2023-09-24,783.0,10.0,WHO,0.9,observed
COD,2023,39,2023-09-25,2023-10-01,780.0,6.0,WHO,0.9,observed
COD,2023,40,2023-10-02,2023-10-08,826.0,8.0,WHO,0.9,observed
COD,2023,41,2023-10-09,2023-10-15,733.0,6.0,WHO,0.9,observed
COD,2023,42,2023-10-16,2023-10-22,728.0,2.0,WHO,0.9,observed
COD,2023,43,2023-10-23,2023-10-29,818.0,5.0,WHO,0.9,observed
COD,2023,44,2023-10-30,2023-11-05,875.0,17.0,WHO,0.9,observed
COD,2023,45,2023-11-06,2023-11-12,819.0,21.0,WHO,0.9,observed
COD,2023,46,2023-11-13,2023-11-19,868.0,14.0,WHO,0.9,observed
COD,2023,47,2023-11-20,2023-11-26,1176.0,31.0,WHO,0.9,observed
COD,2023,48,2023-11-27,2023-12-03,1184.0,4.0,WHO,0.9,observed
COD,2023,49,2023-12-04,2023-12-10,1396.0,5.0,WHO,0.9,observed
COD,2023,50,2023-12-11,2023-12-17,1378.0,5.0,WHO,0.9,observed
COD,2023,51,2023-12-18,2023-12-24,989.0,3.0,WHO,0.9,observed
COD,2023,52,2023-12-25,2023-12-31,724.0,7.0,WHO,0.9,observed
COD,2024,1,2024-01-01,2024-01-07,881.0,17.0,WHO,0.9,observed
COD,2024,2,2024-01-08,2024-01-14,944.0,18.0,WHO,0.9,observed
COD,2024,3,2024-01-15,2024-01-21,846.0,20.0,WHO,0.9,observed
COD,2024,4,2024-01-22,2024-01-28,888.0,19.0,WHO,0.9,observed
COD,2024,5,2024-01-29,2024-02-04,1110.0,50.0,WHO,0.9,observed
COD,2024,6,2024-02-05,2024-02-11,1153.0,17.0,WHO,0.9,observed
COD,2024,7,2024-02-12,2024-02-18,993.0,18.0,WHO,0.9,observed
COD,2024,8,2024-02-19,2024-02-25,1066.0,9.0,WHO,0.9,observed
COD,2024,9,2024-02-26,2024-03-03,922.0,4.0,WHO,0.9,observed
COD,2024,10,2024-03-04,2024-03-10,764.0,11.0,WHO,0.9,observed
COD,2024,11,2024-03-11,2024-03-17,885.0,9.0,WHO,0.9,observed
COD,2024,12,2024-03-18,2024-03-24,897.0,7.0,WHO,0.9,observed
COD,2024,13,2024-03-25,2024-03-31,825.0,7.0,WHO,0.9,observed
COD,2024,14,2024-04-01,2024-04-07,717.0,9.0,WHO,0.9,observed
COD,2024,15,2024-04-08,2024-04-14,895.0,15.0,WHO,0.9,observed
COD,2024,16,2024-04-15,2024-04-21,777.0,11.0,WHO,0.9,observed
COD,2024,17,2024-04-22,2024-04-28,643.0,10.0,WHO,0.9,observed
COD,2024,18,2024-04-29,2024-05-05,650.0,6.0,WHO,0.9,observed
COD,2024,19,2024-05-06,2024-05-12,668.0,5.0,WHO,0.9,observed
COD,2024,20,2024-05-13,2024-05-19,706.0,6.0,WHO,0.9,observed
COD,2024,21,2024-05-20,2024-05-26,809.0,5.0,WHO,0.9,observed
COD,2024,22,2024-05-27,2024-06-02,619.0,6.0,WHO,0.9,observed
COD,2024,23,2024-06-03,2024-06-09,580.0,1.0,WHO,0.9,observed
COD,2024,24,2024-06-10,2024-06-16,494.0,2.0,WHO,0.9,observed
COD,2024,25,2024-06-17,2024-06-23,511.0,1.0,WHO,0.9,observed
COD,2024,26,2024-06-24,2024-06-30,340.0,4.0,WHO,0.9,observed
COD,2024,27,2024-07-01,2024-07-07,456.0,4.0,WHO,0.9,observed
COD,2024,28,2024-07-08,2024-07-14,414.0,11.0,WHO,0.9,observed
COD,2024,29,2024-07-15,2024-07-21,353.0,2.0,WHO,0.9,observed
COD,2024,30,2024-07-22,2024-07-28,360.0,2.0,WHO,0.9,observed
COD,2024,31,2024-07-29,2024-08-04,355.0,1.0,WHO,0.9,observed
COD,2024,32,2024-08-05,2024-08-11,390.0,5.0,WHO,0.9,observed
COD,2024,33,2024-08-12,2024-08-18,382.0,4.0,WHO,0.9,observed
COD,2024,34,2024-08-19,2024-08-25,298.0,6.0,WHO,0.9,observed
COD,2024,35,2024-08-26,2024-09-01,362.0,2.0,WHO,0.9,observed
COD,2024,36,2024-09-02,2024-09-08,372.0,5.0,WHO,0.9,observed
COD,2024,37,2024-09-09,2024-09-15,402.0,12.0,WHO,0.9,observed
COD,2024,38,2024-09-16,2024-09-22,434.0,14.0,WHO,0.9,observed
COD,2024,39,2024-09-23,2024-09-29,527.0,8.0,WHO,0.9,observed
COD,2024,40,2024-09-30,2024-10-06,493.0,7.0,WHO,0.9,observed
COD,2024,41,2024-10-07,2024-10-13,426.0,10.0,WHO,0.9,observed
COD,2024,42,2024-10-14,2024-10-20,479.0,8.0,WHO,0.9,observed
COD,2024,43,2024-10-21,2024-10-27,433.0,6.0,WHO,0.9,observed
COD,2024,44,2024-10-28,2024-11-03,412.0,3.0,WHO,0.9,observed
COD,2024,45,2024-11-04,2024-11-10,400.0,4.0,WHO,0.9,observed
COD,2024,46,2024-11-11,2024-11-17,464.0,9.0,WHO,0.9,observed
COD,2024,47,2024-11-18,2024-11-24,498.0,4.0,WHO,0.9,observed
COD,2024,48,2024-11-25,2024-12-01,502.0,3.0,WHO,0.9,observed
COD,2024,49,2024-12-02,2024-12-08,511.0,1.0,WHO,0.9,observed
COD,2024,50,2024-12-09,2024-12-15,396.0,4.0,WHO,0.9,observed
COD,2024,51,2024-12-16,2024-12-22,433.0,8.0,WHO,0.9,observed
COD,2024,52,2024-12-23,2024-12-29,474.0,7.0,WHO,0.9,observed
COD,2025,1,2024-12-30,2025-01-05,835.0,14.0,WHO,0.9,observed
COD,2025,2,2025-01-06,2025-01-12,970.0,9.0,WHO,0.9,observed
COD,2025,3,2025-01-13,2025-01-19,1060.0,18.0,WHO,0.9,observed
COD,2025,4,2025-01-20,2025-01-26,1088.0,28.0,WHO,0.9,observed
COD,2025,5,2025-01-27,2025-02-02,1055.0,18.0,WHO,0.9,observed
COD,2025,6,2025-02-03,2025-02-09,1208.0,33.0,WHO,0.9,observed
COD,2025,7,2025-02-10,2025-02-16,1078.0,29.0,WHO,0.9,observed
COD,2025,8,2025-02-17,2025-02-23,1365.0,30.0,WHO,0.9,observed
COD,2025,9,2025-02-24,2025-03-02,1451.0,21.0,WHO,0.9,observed
COD,2025,10,2025-03-03,2025-03-09,1284.0,37.0,WHO,0.9,observed
COD,2025,11,2025-03-10,2025-03-16,1126.0,22.0,WHO,0.9,observed
COD,2025,12,2025-03-17,2025-03-23,1218.0,27.0,WHO,0.9,observed
COD,2025,13,2025-03-24,2025-03-30,1338.0,34.0,WHO,0.9,observed
COD,2025,14,2025-03-31,2025-04-06,1137.0,31.0,WHO,0.9,observed
COD,2025,15,2025-04-07,2025-04-13,1264.0,21.0,WHO,0.9,observed
COD,2025,16,2025-04-14,2025-04-20,1221.0,28.0,WHO,0.9,observed
COD,2025,17,2025-04-21,2025-04-27,1915.0,47.0,WHO,0.9,observed
COD,2025,18,2025-04-28,2025-05-04,2033.0,43.0,WHO,0.9,observed
COD,2025,19,2025-05-05,2025-05-11,1642.0,31.0,WHO,0.9,observed
COD,2025,20,2025-05-12,2025-05-18,1382.0,34.0,WHO,0.9,observed
COD,2025,21,2025-05-19,2025-05-25,1318.0,21.0,WHO,0.9,observed
COD,2025,22,2025-05-26,2025-06-01,1517.0,39.0,WHO,0.9,observed
COD,2025,23,2025-06-02,2025-06-08,1240.0,43.0,WHO,0.9,observed
COD,2025,24,2025-06-09,2025-06-15,1319.0,42.0,WHO,0.9,observed
COD,2025,25,2025-06-16,2025-06-22,1570.0,43.0,WHO,0.9,observed
COD,2025,26,2025-06-23,2025-06-29,1735.0,65.0,WHO,0.9,observed
COD,2025,27,2025-06-30,2025-07-06,2134.0,120.0,WHO,0.9,observed
COD,2025,28,2025-07-07,2025-07-13,2451.0,136.0,WHO,0.9,observed
COD,2025,29,2025-07-14,2025-07-20,2145.0,96.0,WHO,0.9,observed
COD,2025,30,2025-07-21,2025-07-27,1870.0,87.0,WHO,0.9,observed
COD,2025,31,2025-07-28,2025-08-03,1917.0,91.0,WHO,0.9,observed
COD,2025,32,2025-08-04,2025-08-10,1775.0,74.0,WHO,0.9,observed
COD,2025,33,2025-08-11,2025-08-17,1722.0,67.0,WHO,0.9,observed
COD,2025,34,2025-08-18,2025-08-24,1557.0,50.0,WHO,0.9,observed
COD,2025,35,2025-08-25,2025-08-31,1419.0,50.0,WHO,0.9,observed
COD,2025,36,2025-09-01,2025-09-07,1199.0,27.0,WHO,0.9,observed
COD,2025,37,2025-09-08,2025-09-14,1173.0,32.0,WHO,0.9,observed
COD,2025,38,2025-09-15,2025-09-21,1209.0,39.0,WHO,0.9,observed
COD,2025,39,2025-09-22,2025-09-28,1352.0,45.0,WHO,0.9,observed
COD,2025,40,2025-09-29,2025-10-05,1159.0,28.0,WHO,0.9,observed
COD,2025,41,2025-10-06,2025-10-12,1120.0,38.0,WHO,0.9,observed
COD,2025,42,2025-10-13,2025-10-19,1211.0,30.0,WHO,0.9,observed
COD,2025,43,2025-10-20,2025-10-26,1208.0,40.0,WHO,0.9,observed
COD,2025,44,2025-10-27,2025-11-02,1117.0,26.0,WHO,0.9,observed
COD,2025,45,2025-11-03,2025-11-09,1115.0,22.0,WHO,0.9,observed
COD,2025,46,2025-11-10,2025-11-16,813.0,26.0,WHO,0.9,observed
COD,2025,47,2025-11-17,2025-11-23,1218.0,25.0,WHO,0.9,observed
COD,2025,48,2025-11-24,2025-11-30,1172.0,25.0,WHO,0.9,observed
COD,2025,49,2025-12-01,2025-12-07,1140.0,22.0,WHO,0.9,observed
COD,2025,50,2025-12-08,2025-12-14,947.0,25.0,WHO,0.9,observed
COD,2025,51,2025-12-15,2025-12-21,1322.0,27.0,WHO,0.9,observed
COD,2025,52,2025-12-22,2025-12-28,1313.0,15.0,WHO,0.9,observed
COD,2026,1,2025-12-29,2026-01-04,1594.0,45.0,WHO,0.9,observed
COD,2026,2,2026-01-05,2026-01-11,1843.0,33.0,WHO,0.9,observed
COD,2026,3,2026-01-12,2026-01-18,1813.0,31.0,WHO,0.9,observed
COD,2026,4,2026-01-19,2026-01-25,1572.0,38.0,WHO,0.9,observed
COD,2026,5,2026-01-26,2026-02-01,1394.0,35.0,WHO,0.9,observed
COD,2026,6,2026-02-02,2026-02-08,1418.0,41.0,WHO,0.9,observed
COD,2026,7,2026-02-09,2026-02-15,1357.0,56.0,WHO,0.9,observed
COD,2026,8,2026-02-16,2026-02-22,1499.0,44.0,WHO,0.9,observed
COD,2026,9,2026-02-23,2026-03-01,1464.0,40.0,WHO,0.9,observed
COD,2026,10,2026-03-02,2026-03-08,1309.0,41.0,WHO,0.9,observed
COD,2026,11,2026-03-09,2026-03-15,1353.0,35.0,WHO,0.9,observed
COD,2026,12,2026-03-16,2026-03-22,1330.0,37.0,WHO,0.9,observed
COD,2026,13,2026-03-23,2026-03-29,1315.0,65.0,WHO,0.9,observed
COD,2026,14,2026-03-30,2026-04-05,1202.0,64.0,WHO,0.9,observed
COD,2026,15,2026-04-06,2026-04-12,1155.0,40.0,WHO,0.9,observed
COD,2026,16,2026-04-13,2026-04-19,1241.0,31.0,WHO,0.9,observed
COD,2026,17,2026-04-20,2026-04-26,1112.0,31.0,WHO,0.9,observed
COD,2026,18,2026-04-27,2026-05-03,958.0,26.0,WHO,0.9,observed
COD,2026,19,2026-05-04,2026-05-10,922.0,29.0,WHO,0.9,observed
COD,2026,20,2026-05-11,2026-05-17,899.0,21.0,WHO,0.9,observed
COD,2026,21,2026-05-18,2026-05-24,1086.0,26.0,AI,0.9,observed
COD,2026,22,2026-05-25,2026-05-31,832.0,12.0,AI,0.9,observed
COD,2026,23,2026-06-01,2026-06-07,791.0,17.0,AI,0.9,observed
COD,2026,24,2026-06-08,2026-06-14,939.0,15.0,AI,0.9,observed
COD,2026,25,2026-06-15,2026-06-21,901.0,14.0,AI,0.9,observed
COD,2026,26,2026-06-22,2026-06-28,951.0,44.0,AI,0.9,observed
COD,2026,27,2026-06-29,2026-07-05,989.0,35.0,AI,0.9,observed
COD,2026,28,2026-07-06,2026-07-12,1018.0,31.0,AI,0.9,observed
COD,2026,29,2026-07-13,2026-07-19,1264.0,77.0,AI,0.9,observed
COD,2026,30,2026-07-20,2026-07-26,1094.0,42.0,AI,0.9,observed
COD,2026,31,2026-07-27,2026-08-02,1568.0,59.0,AI,0.9,observed
COD,2026,32,2026-08-03,2026-08-09,1528.0,29.0,AI,0.9,observed
COD,2026,33,2026-08-10,2026-08-16,1669.0,36.0,AI,0.9,observed
COD,2026,34,2026-08-17,2026-08-23,1692.0,38.0,AI,0.9,observed
COD,2026,35,2026-08-24,2026-08-30,1802.0,51.0,AI,0.9,observed
COD,2026,36,2026-08-31,2026-09-06,1792.0,43.0,AI,0.9,observed
COD,2026,37,2026-09-07,2026-09-13,2194.0,70.0,AI,0.9,observed
COD,2026,38,2026-09-14,2026-09-20,2300.0,,AI,0.4,observed
