iso_code,year,iso_week,week_start,week_end,sCh,deaths,source,confidence_weight,disaggregation_method
UGA,1970,1,1969-12-29,1970-01-04,0.0,0.0,AI,0.9,zero_fill
UGA,1970,2,1970-01-05,1970-01-11,0.0,0.0,AI,0.9,zero_fill
UGA,1970,3,1970-01-12,1970-01-18,0.0,0.0,AI,0.9,zero_fill
UGA,1970,4,1970-01-19,1970-01-25,0.0,0.0,AI,0.9,zero_fill
UGA,1970,5,1970-01-26,1970-02-01,0.0,0.0,AI,0.9,zero_fill
UGA,1970,6,1970-02-02,1970-02-08,0.0,0.0,AI,0.9,zero_fill
UGA,1970,7,1970-02-09,1970-02-15,0.0,0.0,AI,0.9,zero_fill
UGA,1970,8,1970-02-16,1970-02-22,0.0,0.0,AI,0.9,zero_fill
UGA,1970,9,1970-02-23,1970-03-01,0.0,0.0,AI,0.9,zero_fill
UGA,1970,10,1970-03-02,1970-03-08,0.0,0.0,AI,0.9,zero_fill
UGA,1970,11,1970-03-09,1970-03-15,0.0,0.0,AI,0.9,zero_fill
UGA,1970,12,1970-03-16,1970-03-22,0.0,0.0,AI,0.9,zero_fill
UGA,1970,13,1970-03-23,1970-03-29,0.0,0.0,AI,0.9,zero_fill
UGA,1970,14,1970-03-30,1970-04-05,0.0,0.0,AI,0.9,zero_fill
UGA,1970,15,1970-04-06,1970-04-12,0.0,0.0,AI,0.9,zero_fill
UGA,1970,16,1970-04-13,1970-04-19,0.0,0.0,AI,0.9,zero_fill
UGA,1970,17,1970-04-20,1970-04-26,0.0,0.0,AI,0.9,zero_fill
UGA,1970,18,1970-04-27,1970-05-03,0.0,0.0,AI,0.9,zero_fill
UGA,1970,19,1970-05-04,1970-05-10,0.0,0.0,AI,0.9,zero_fill
UGA,1970,20,1970-05-11,1970-05-17,0.0,0.0,AI,0.9,zero_fill
UGA,1970,21,1970-05-18,1970-05-24,0.0,0.0,AI,0.9,zero_fill
UGA,1970,22,1970-05-25,1970-05-31,0.0,0.0,AI,0.9,zero_fill
UGA,1970,23,1970-06-01,1970-06-07,0.0,0.0,AI,0.9,zero_fill
UGA,1970,24,1970-06-08,1970-06-14,0.0,0.0,AI,0.9,zero_fill
UGA,1970,25,1970-06-15,1970-06-21,0.0,0.0,AI,0.9,zero_fill
UGA,1970,26,1970-06-22,1970-06-28,0.0,0.0,AI,0.9,zero_fill
UGA,1970,27,1970-06-29,1970-07-05,0.0,0.0,AI,0.9,zero_fill
UGA,1970,28,1970-07-06,1970-07-12,0.0,0.0,AI,0.9,zero_fill
UGA,1970,29,1970-07-13,1970-07-19,0.0,0.0,AI,0.9,zero_fill
UGA,1970,30,1970-07-20,1970-07-26,0.0,0.0,AI,0.9,zero_fill
UGA,1970,31,1970-07-27,1970-08-02,0.0,0.0,AI,0.9,zero_fill
UGA,1970,32,1970-08-03,1970-08-09,0.0,0.0,AI,0.9,zero_fill
UGA,1970,33,1970-08-10,1970-08-16,0.0,0.0,AI,0.9,zero_fill
UGA,1970,34,1970-08-17,1970-08-23,0.0,0.0,AI,0.9,zero_fill
UGA,1970,35,1970-08-24,1970-08-30,0.0,0.0,AI,0.9,zero_fill
UGA,1970,36,1970-08-31,1970-09-06,0.0,0.0,AI,0.9,zero_fill
UGA,1970,37,1970-09-07,1970-09-13,0.0,0.0,AI,0.9,zero_fill
UGA,1970,38,1970-09-14,1970-09-20,0.0,0.0,AI,0.9,zero_fill
UGA,1970,39,1970-09-21,1970-09-27,0.0,0.0,AI,0.9,zero_fill
UGA,1970,40,1970-09-28,1970-10-04,0.0,0.0,AI,0.9,zero_fill
UGA,1970,41,1970-10-05,1970-10-11,0.0,0.0,AI,0.9,zero_fill
UGA,1970,42,1970-10-12,1970-10-18,0.0,0.0,AI,0.9,zero_fill
UGA,1970,43,1970-10-19,1970-10-25,0.0,0.0,AI,0.9,zero_fill
UGA,1970,44,1970-10-26,1970-11-01,0.0,0.0,AI,0.9,zero_fill
UGA,1970,45,1970-11-02,1970-11-08,0.0,0.0,AI,0.9,zero_fill
UGA,1970,46,1970-11-09,1970-11-15,0.0,0.0,AI,0.9,zero_fill
UGA,1970,47,1970-11-16,1970-11-22,0.0,0.0,AI,0.9,zero_fill
UGA,1970,48,1970-11-23,1970-11-29,0.0,0.0,AI,0.9,zero_fill
UGA,1970,49,1970-11-30,1970-12-06,0.0,0.0,AI,0.9,zero_fill
UGA,1970,50,1970-12-07,1970-12-13,0.0,0.0,AI,0.9,zero_fill
UGA,1970,51,1970-12-14,1970-12-20,0.0,0.0,AI,0.9,zero_fill
UGA,1970,52,1970-12-21,1970-12-27,0.0,0.0,AI,0.9,zero_fill
UGA,1970,53,1970-12-28,1971-01-03,19.9827,0.7919,JHU,0.7,fourier_country
UGA,1971,1,1971-01-04,1971-01-10,20.9487,0.8302,JHU,0.7,fourier_country
UGA,1971,2,1971-01-11,1971-01-17,21.8162,0.8646,JHU,0.7,fourier_country
UGA,1971,3,1971-01-18,1971-01-24,22.5577,0.894,JHU,0.7,fourier_country
UGA,1971,4,1971-01-25,1971-01-31,23.1483,0.9174,JHU,0.7,fourier_country
UGA,1971,5,1971-02-01,1971-02-07,23.5672,0.934,JHU,0.7,fourier_country
UGA,1971,6,1971-02-08,1971-02-14,23.7981,0.9431,JHU,0.7,fourier_country
UGA,1971,7,1971-02-15,1971-02-21,23.8307,0.9444,JHU,0.7,fourier_country
UGA,1971,8,1971-02-22,1971-02-28,23.6609,0.9377,JHU,0.7,fourier_country
UGA,1971,9,1971-03-01,1971-03-07,23.2911,0.923,JHU,0.7,fourier_country
UGA,1971,10,1971-03-08,1971-03-14,22.7301,0.9008,JHU,0.7,fourier_country
UGA,1971,11,1971-03-15,1971-03-21,21.993,0.8716,JHU,0.7,fourier_country
UGA,1971,12,1971-03-22,1971-03-28,21.1005,0.8362,JHU,0.7,fourier_country
UGA,1971,13,1971-03-29,1971-04-04,20.0779,0.7957,JHU,0.7,fourier_country
UGA,1971,14,1971-04-05,1971-04-11,18.954,0.7511,JHU,0.7,fourier_country
UGA,1971,15,1971-04-12,1971-04-18,17.76,0.7038,JHU,0.7,fourier_country
UGA,1971,16,1971-04-19,1971-04-25,16.5283,0.655,JHU,0.7,fourier_country
UGA,1971,17,1971-04-26,1971-05-02,15.2908,0.606,JHU,0.7,fourier_country
UGA,1971,18,1971-05-03,1971-05-09,14.078,0.5579,JHU,0.7,fourier_country
UGA,1971,19,1971-05-10,1971-05-16,12.9175,0.5119,JHU,0.7,fourier_country
UGA,1971,20,1971-05-17,1971-05-23,11.8333,0.469,JHU,0.7,fourier_country
UGA,1971,21,1971-05-24,1971-05-30,10.8448,0.4298,JHU,0.7,fourier_country
UGA,1971,22,1971-05-31,1971-06-06,9.9665,0.395,JHU,0.7,fourier_country
UGA,1971,23,1971-06-07,1971-06-13,9.2077,0.3649,JHU,0.7,fourier_country
UGA,1971,24,1971-06-14,1971-06-20,8.5727,0.3397,JHU,0.7,fourier_country
UGA,1971,25,1971-06-21,1971-06-27,8.0607,0.3194,JHU,0.7,fourier_country
UGA,1971,26,1971-06-28,1971-07-04,7.667,0.3038,JHU,0.7,fourier_country
UGA,1971,27,1971-07-05,1971-07-11,7.3834,0.2926,JHU,0.7,fourier_country
UGA,1971,28,1971-07-12,1971-07-18,7.1991,0.2853,JHU,0.7,fourier_country
UGA,1971,29,1971-07-19,1971-07-25,7.102,0.2815,JHU,0.7,fourier_country
UGA,1971,30,1971-07-26,1971-08-01,7.0794,0.2806,JHU,0.7,fourier_country
UGA,1971,31,1971-08-02,1971-08-08,7.1193,0.2821,JHU,0.7,fourier_country
UGA,1971,32,1971-08-09,1971-08-15,7.2111,0.2858,JHU,0.7,fourier_country
UGA,1971,33,1971-08-16,1971-08-22,7.3465,0.2911,JHU,0.7,fourier_country
UGA,1971,34,1971-08-23,1971-08-29,7.5199,0.298,JHU,0.7,fourier_country
UGA,1971,35,1971-08-30,1971-09-05,7.7286,0.3063,JHU,0.7,fourier_country
UGA,1971,36,1971-09-06,1971-09-12,7.9731,0.316,JHU,0.7,fourier_country
UGA,1971,37,1971-09-13,1971-09-19,8.2567,0.3272,JHU,0.7,fourier_country
UGA,1971,38,1971-09-20,1971-09-26,8.5851,0.3402,JHU,0.7,fourier_country
UGA,1971,39,1971-09-27,1971-10-03,8.966,0.3553,JHU,0.7,fourier_country
UGA,1971,40,1971-10-04,1971-10-10,9.4076,0.3728,JHU,0.7,fourier_country
UGA,1971,41,1971-10-11,1971-10-17,9.9183,0.3931,JHU,0.7,fourier_country
UGA,1971,42,1971-10-18,1971-10-24,10.5057,0.4163,JHU,0.7,fourier_country
UGA,1971,43,1971-10-25,1971-10-31,11.1751,0.4429,JHU,0.7,fourier_country
UGA,1971,44,1971-11-01,1971-11-07,11.9292,0.4728,JHU,0.7,fourier_country
UGA,1971,45,1971-11-08,1971-11-14,12.7669,0.506,JHU,0.7,fourier_country
UGA,1971,46,1971-11-15,1971-11-21,13.6831,0.5423,JHU,0.7,fourier_country
UGA,1971,47,1971-11-22,1971-11-28,14.6681,0.5813,JHU,0.7,fourier_country
UGA,1971,48,1971-11-29,1971-12-05,15.7075,0.6225,JHU,0.7,fourier_country
UGA,1971,49,1971-12-06,1971-12-12,16.7828,0.6651,JHU,0.7,fourier_country
UGA,1971,50,1971-12-13,1971-12-19,17.8712,0.7082,JHU,0.7,fourier_country
UGA,1971,51,1971-12-20,1971-12-26,18.9472,0.7509,JHU,0.7,fourier_country
UGA,1971,52,1971-12-27,1972-01-02,19.9827,0.7919,JHU,0.7,fourier_country
UGA,1975,1,1974-12-30,1975-01-05,0.0829,0.0,JHU,0.7,fourier_country
UGA,1975,2,1975-01-06,1975-01-12,0.0863,0.0,JHU,0.7,fourier_country
UGA,1975,3,1975-01-13,1975-01-19,0.0893,0.0,JHU,0.7,fourier_country
UGA,1975,4,1975-01-20,1975-01-26,0.0916,0.0,JHU,0.7,fourier_country
UGA,1975,5,1975-01-27,1975-02-02,0.0933,0.0,JHU,0.7,fourier_country
UGA,1975,6,1975-02-03,1975-02-09,0.0942,0.0,JHU,0.7,fourier_country
UGA,1975,7,1975-02-10,1975-02-16,0.0943,0.0,JHU,0.7,fourier_country
UGA,1975,8,1975-02-17,1975-02-23,0.0936,0.0,JHU,0.7,fourier_country
UGA,1975,9,1975-02-24,1975-03-02,0.0922,0.0,JHU,0.7,fourier_country
UGA,1975,10,1975-03-03,1975-03-09,0.09,0.0,JHU,0.7,fourier_country
UGA,1975,11,1975-03-10,1975-03-16,0.087,0.0,JHU,0.7,fourier_country
UGA,1975,12,1975-03-17,1975-03-23,0.0835,0.0,JHU,0.7,fourier_country
UGA,1975,13,1975-03-24,1975-03-30,0.0795,0.0,JHU,0.7,fourier_country
UGA,1975,14,1975-03-31,1975-04-06,0.075,0.0,JHU,0.7,fourier_country
UGA,1975,15,1975-04-07,1975-04-13,0.0703,0.0,JHU,0.7,fourier_country
UGA,1975,16,1975-04-14,1975-04-20,0.0654,0.0,JHU,0.7,fourier_country
UGA,1975,17,1975-04-21,1975-04-27,0.0605,0.0,JHU,0.7,fourier_country
UGA,1975,18,1975-04-28,1975-05-04,0.0557,0.0,JHU,0.7,fourier_country
UGA,1975,19,1975-05-05,1975-05-11,0.0511,0.0,JHU,0.7,fourier_country
UGA,1975,20,1975-05-12,1975-05-18,0.0468,0.0,JHU,0.7,fourier_country
UGA,1975,21,1975-05-19,1975-05-25,0.0429,0.0,JHU,0.7,fourier_country
UGA,1975,22,1975-05-26,1975-06-01,0.0394,0.0,JHU,0.7,fourier_country
UGA,1975,23,1975-06-02,1975-06-08,0.0364,0.0,JHU,0.7,fourier_country
UGA,1975,24,1975-06-09,1975-06-15,0.0339,0.0,JHU,0.7,fourier_country
UGA,1975,25,1975-06-16,1975-06-22,0.0319,0.0,JHU,0.7,fourier_country
UGA,1975,26,1975-06-23,1975-06-29,0.0303,0.0,JHU,0.7,fourier_country
UGA,1975,27,1975-06-30,1975-07-06,0.0292,0.0,JHU,0.7,fourier_country
UGA,1975,28,1975-07-07,1975-07-13,0.0285,0.0,JHU,0.7,fourier_country
UGA,1975,29,1975-07-14,1975-07-20,0.0281,0.0,JHU,0.7,fourier_country
UGA,1975,30,1975-07-21,1975-07-27,0.028,0.0,JHU,0.7,fourier_country
UGA,1975,31,1975-07-28,1975-08-03,0.0282,0.0,JHU,0.7,fourier_country
UGA,1975,32,1975-08-04,1975-08-10,0.0285,0.0,JHU,0.7,fourier_country
UGA,1975,33,1975-08-11,1975-08-17,0.0291,0.0,JHU,0.7,fourier_country
UGA,1975,34,1975-08-18,1975-08-24,0.0298,0.0,JHU,0.7,fourier_country
UGA,1975,35,1975-08-25,1975-08-31,0.0306,0.0,JHU,0.7,fourier_country
UGA,1975,36,1975-09-01,1975-09-07,0.0316,0.0,JHU,0.7,fourier_country
UGA,1975,37,1975-09-08,1975-09-14,0.0327,0.0,JHU,0.7,fourier_country
UGA,1975,38,1975-09-15,1975-09-21,0.034,0.0,JHU,0.7,fourier_country
UGA,1975,39,1975-09-22,1975-09-28,0.0355,0.0,JHU,0.7,fourier_country
UGA,1975,40,1975-09-29,1975-10-05,0.0372,0.0,JHU,0.7,fourier_country
UGA,1975,41,1975-10-06,1975-10-12,0.0393,0.0,JHU,0.7,fourier_country
UGA,1975,42,1975-10-13,1975-10-19,0.0416,0.0,JHU,0.7,fourier_country
UGA,1975,43,1975-10-20,1975-10-26,0.0442,0.0,JHU,0.7,fourier_country
UGA,1975,44,1975-10-27,1975-11-02,0.0472,0.0,JHU,0.7,fourier_country
UGA,1975,45,1975-11-03,1975-11-09,0.0505,0.0,JHU,0.7,fourier_country
UGA,1975,46,1975-11-10,1975-11-16,0.0542,0.0,JHU,0.7,fourier_country
UGA,1975,47,1975-11-17,1975-11-23,0.0581,0.0,JHU,0.7,fourier_country
UGA,1975,48,1975-11-24,1975-11-30,0.0622,0.0,JHU,0.7,fourier_country
UGA,1975,49,1975-12-01,1975-12-07,0.0664,0.0,JHU,0.7,fourier_country
UGA,1975,50,1975-12-08,1975-12-14,0.0707,0.0,JHU,0.7,fourier_country
UGA,1975,51,1975-12-15,1975-12-21,0.075,0.0,JHU,0.7,fourier_country
UGA,1975,52,1975-12-22,1975-12-28,0.0791,0.0,JHU,0.7,fourier_country
UGA,1976,1,1975-12-29,1976-01-04,0.0829,0.0,JHU,0.7,fourier_country
UGA,1977,52,1977-12-26,1978-01-01,29.5649,2.9037,JHU,0.7,fourier_country
UGA,1978,1,1978-01-02,1978-01-08,30.9941,3.0441,JHU,0.7,fourier_country
UGA,1978,2,1978-01-09,1978-01-15,32.2776,3.1701,JHU,0.7,fourier_country
UGA,1978,3,1978-01-16,1978-01-22,33.3746,3.2779,JHU,0.7,fourier_country
UGA,1978,4,1978-01-23,1978-01-29,34.2485,3.3637,JHU,0.7,fourier_country
UGA,1978,5,1978-01-30,1978-02-05,34.8682,3.4246,JHU,0.7,fourier_country
UGA,1978,6,1978-02-06,1978-02-12,35.2099,3.4581,JHU,0.7,fourier_country
UGA,1978,7,1978-02-13,1978-02-19,35.2581,3.4629,JHU,0.7,fourier_country
UGA,1978,8,1978-02-20,1978-02-26,35.0069,3.4382,JHU,0.7,fourier_country
UGA,1978,9,1978-02-27,1978-03-05,34.4597,3.3844,JHU,0.7,fourier_country
UGA,1978,10,1978-03-06,1978-03-12,33.6297,3.3029,JHU,0.7,fourier_country
UGA,1978,11,1978-03-13,1978-03-19,32.5392,3.1958,JHU,0.7,fourier_country
UGA,1978,12,1978-03-20,1978-03-26,31.2188,3.0661,JHU,0.7,fourier_country
UGA,1978,13,1978-03-27,1978-04-02,29.7057,2.9175,JHU,0.7,fourier_country
UGA,1978,14,1978-04-03,1978-04-09,28.0429,2.7542,JHU,0.7,fourier_country
UGA,1978,15,1978-04-10,1978-04-16,26.2764,2.5807,JHU,0.7,fourier_country
UGA,1978,16,1978-04-17,1978-04-23,24.454,2.4017,JHU,0.7,fourier_country
UGA,1978,17,1978-04-24,1978-04-30,22.6232,2.2219,JHU,0.7,fourier_country
UGA,1978,18,1978-05-01,1978-05-07,20.8288,2.0457,JHU,0.7,fourier_country
UGA,1978,19,1978-05-08,1978-05-14,19.1118,1.877,JHU,0.7,fourier_country
UGA,1978,20,1978-05-15,1978-05-21,17.5076,1.7195,JHU,0.7,fourier_country
UGA,1978,21,1978-05-22,1978-05-28,16.0451,1.5759,JHU,0.7,fourier_country
UGA,1978,22,1978-05-29,1978-06-04,14.7457,1.4482,JHU,0.7,fourier_country
UGA,1978,23,1978-06-05,1978-06-11,13.6231,1.338,JHU,0.7,fourier_country
UGA,1978,24,1978-06-12,1978-06-18,12.6835,1.2457,JHU,0.7,fourier_country
UGA,1978,25,1978-06-19,1978-06-25,11.926,1.1713,JHU,0.7,fourier_country
UGA,1978,26,1978-06-26,1978-07-02,11.3436,1.1141,JHU,0.7,fourier_country
UGA,1978,27,1978-07-03,1978-07-09,10.9239,1.0729,JHU,0.7,fourier_country
UGA,1978,28,1978-07-10,1978-07-16,10.6513,1.0461,JHU,0.7,fourier_country
UGA,1978,29,1978-07-17,1978-07-23,10.5076,1.032,JHU,0.7,fourier_country
UGA,1978,30,1978-07-24,1978-07-30,10.4741,1.0287,JHU,0.7,fourier_country
UGA,1978,31,1978-07-31,1978-08-06,10.5331,1.0345,JHU,0.7,fourier_country
UGA,1978,32,1978-08-07,1978-08-13,10.669,1.0479,JHU,0.7,fourier_country
UGA,1978,33,1978-08-14,1978-08-20,10.8694,1.0675,JHU,0.7,fourier_country
UGA,1978,34,1978-08-21,1978-08-27,11.1258,1.0927,JHU,0.7,fourier_country
UGA,1978,35,1978-08-28,1978-09-03,11.4346,1.123,JHU,0.7,fourier_country
UGA,1978,36,1978-09-04,1978-09-10,11.7963,1.1586,JHU,0.7,fourier_country
UGA,1978,37,1978-09-11,1978-09-17,12.216,1.1998,JHU,0.7,fourier_country
UGA,1978,38,1978-09-18,1978-09-24,12.7019,1.2475,JHU,0.7,fourier_country
UGA,1978,39,1978-09-25,1978-10-01,13.2654,1.3028,JHU,0.7,fourier_country
UGA,1978,40,1978-10-02,1978-10-08,13.9187,1.367,JHU,0.7,fourier_country
UGA,1978,41,1978-10-09,1978-10-15,14.6744,1.4412,JHU,0.7,fourier_country
UGA,1978,42,1978-10-16,1978-10-22,15.5434,1.5266,JHU,0.7,fourier_country
UGA,1978,43,1978-10-23,1978-10-29,16.5338,1.6239,JHU,0.7,fourier_country
UGA,1978,44,1978-10-30,1978-11-05,17.6495,1.7334,JHU,0.7,fourier_country
UGA,1978,45,1978-11-06,1978-11-12,18.889,1.8552,JHU,0.7,fourier_country
UGA,1978,46,1978-11-13,1978-11-19,20.2445,1.9883,JHU,0.7,fourier_country
UGA,1978,47,1978-11-20,1978-11-26,21.7018,2.1314,JHU,0.7,fourier_country
UGA,1978,48,1978-11-27,1978-12-03,23.2397,2.2825,JHU,0.7,fourier_country
UGA,1978,49,1978-12-04,1978-12-10,24.8305,2.4387,JHU,0.7,fourier_country
UGA,1978,50,1978-12-11,1978-12-17,26.4409,2.5969,JHU,0.7,fourier_country
UGA,1978,51,1978-12-18,1978-12-24,28.0329,2.7532,JHU,0.7,fourier_country
UGA,1978,52,1978-12-25,1978-12-31,29.5649,2.9037,JHU,0.7,fourier_country
UGA,1979,1,1979-01-01,1979-01-07,25.9798,1.6583,JHU,0.7,fourier_country
UGA,1979,2,1979-01-08,1979-01-14,27.0556,1.727,JHU,0.7,fourier_country
UGA,1979,3,1979-01-15,1979-01-21,27.9752,1.7856,JHU,0.7,fourier_country
UGA,1979,4,1979-01-22,1979-01-28,28.7077,1.8324,JHU,0.7,fourier_country
UGA,1979,5,1979-01-29,1979-02-04,29.2271,1.8656,JHU,0.7,fourier_country
UGA,1979,6,1979-02-05,1979-02-11,29.5135,1.8838,JHU,0.7,fourier_country
UGA,1979,7,1979-02-12,1979-02-18,29.5539,1.8864,JHU,0.7,fourier_country
UGA,1979,8,1979-02-19,1979-02-25,29.3434,1.873,JHU,0.7,fourier_country
UGA,1979,9,1979-02-26,1979-03-04,28.8847,1.8437,JHU,0.7,fourier_country
UGA,1979,10,1979-03-05,1979-03-11,28.189,1.7993,JHU,0.7,fourier_country
UGA,1979,11,1979-03-12,1979-03-18,27.2749,1.741,JHU,0.7,fourier_country
UGA,1979,12,1979-03-19,1979-03-25,26.1681,1.6703,JHU,0.7,fourier_country
UGA,1979,13,1979-03-26,1979-04-01,24.8998,1.5894,JHU,0.7,fourier_country
UGA,1979,14,1979-04-02,1979-04-08,23.506,1.5004,JHU,0.7,fourier_country
UGA,1979,15,1979-04-09,1979-04-15,22.0253,1.4059,JHU,0.7,fourier_country
UGA,1979,16,1979-04-16,1979-04-22,20.4978,1.3084,JHU,0.7,fourier_country
UGA,1979,17,1979-04-23,1979-04-29,18.9631,1.2104,JHU,0.7,fourier_country
UGA,1979,18,1979-04-30,1979-05-06,17.459,1.1144,JHU,0.7,fourier_country
UGA,1979,19,1979-05-07,1979-05-13,16.0198,1.0225,JHU,0.7,fourier_country
UGA,1979,20,1979-05-14,1979-05-20,14.6752,0.9367,JHU,0.7,fourier_country
UGA,1979,21,1979-05-21,1979-05-27,13.4492,0.8585,JHU,0.7,fourier_country
UGA,1979,22,1979-05-28,1979-06-03,12.36,0.7889,JHU,0.7,fourier_country
UGA,1979,23,1979-06-04,1979-06-10,11.4191,0.7289,JHU,0.7,fourier_country
UGA,1979,24,1979-06-11,1979-06-17,10.6315,0.6786,JHU,0.7,fourier_country
UGA,1979,25,1979-06-18,1979-06-24,9.9966,0.6381,JHU,0.7,fourier_country
UGA,1979,26,1979-06-25,1979-07-01,9.5084,0.6069,JHU,0.7,fourier_country
UGA,1979,27,1979-07-02,1979-07-08,9.1566,0.5845,JHU,0.7,fourier_country
UGA,1979,28,1979-07-09,1979-07-15,8.9281,0.5699,JHU,0.7,fourier_country
UGA,1979,29,1979-07-16,1979-07-22,8.8076,0.5622,JHU,0.7,fourier_country
UGA,1979,30,1979-07-23,1979-07-29,8.7796,0.5604,JHU,0.7,fourier_country
UGA,1979,31,1979-07-30,1979-08-05,8.829,0.5636,JHU,0.7,fourier_country
UGA,1979,32,1979-08-06,1979-08-12,8.9429,0.5708,JHU,0.7,fourier_country
UGA,1979,33,1979-08-13,1979-08-19,9.1109,0.5815,JHU,0.7,fourier_country
UGA,1979,34,1979-08-20,1979-08-26,9.3259,0.5953,JHU,0.7,fourier_country
UGA,1979,35,1979-08-27,1979-09-02,9.5847,0.6118,JHU,0.7,fourier_country
UGA,1979,36,1979-09-03,1979-09-09,9.8879,0.6311,JHU,0.7,fourier_country
UGA,1979,37,1979-09-10,1979-09-16,10.2396,0.6536,JHU,0.7,fourier_country
UGA,1979,38,1979-09-17,1979-09-23,10.647,0.6796,JHU,0.7,fourier_country
UGA,1979,39,1979-09-24,1979-09-30,11.1192,0.7097,JHU,0.7,fourier_country
UGA,1979,40,1979-10-01,1979-10-07,11.6669,0.7447,JHU,0.7,fourier_country
UGA,1979,41,1979-10-08,1979-10-14,12.3003,0.7851,JHU,0.7,fourier_country
UGA,1979,42,1979-10-15,1979-10-21,13.0287,0.8316,JHU,0.7,fourier_country
UGA,1979,43,1979-10-22,1979-10-28,13.8589,0.8846,JHU,0.7,fourier_country
UGA,1979,44,1979-10-29,1979-11-04,14.7941,0.9443,JHU,0.7,fourier_country
UGA,1979,45,1979-11-05,1979-11-11,15.833,1.0106,JHU,0.7,fourier_country
UGA,1979,46,1979-11-12,1979-11-18,16.9693,1.0831,JHU,0.7,fourier_country
UGA,1979,47,1979-11-19,1979-11-25,18.1908,1.1611,JHU,0.7,fourier_country
UGA,1979,48,1979-11-26,1979-12-02,19.4798,1.2434,JHU,0.7,fourier_country
UGA,1979,49,1979-12-03,1979-12-09,20.8133,1.3285,JHU,0.7,fourier_country
UGA,1979,50,1979-12-10,1979-12-16,22.1632,1.4147,JHU,0.7,fourier_country
UGA,1979,51,1979-12-17,1979-12-23,23.4976,1.4998,JHU,0.7,fourier_country
UGA,1979,52,1979-12-24,1979-12-30,24.7818,1.5818,JHU,0.7,fourier_country
UGA,1980,1,1979-12-31,1980-01-06,25.9798,1.6583,JHU,0.7,fourier_country
UGA,1980,2,1980-01-07,1980-01-13,44.2963,5.2096,JHU,0.7,fourier_country
UGA,1980,3,1980-01-14,1980-01-20,45.8019,5.3867,JHU,0.7,fourier_country
UGA,1980,4,1980-01-21,1980-01-27,47.0012,5.5278,JHU,0.7,fourier_country
UGA,1980,5,1980-01-28,1980-02-03,47.8516,5.6278,JHU,0.7,fourier_country
UGA,1980,6,1980-02-04,1980-02-10,48.3205,5.6829,JHU,0.7,fourier_country
UGA,1980,7,1980-02-11,1980-02-17,48.3867,5.6907,JHU,0.7,fourier_country
UGA,1980,8,1980-02-18,1980-02-24,48.0419,5.6502,JHU,0.7,fourier_country
UGA,1980,9,1980-02-25,1980-03-02,47.291,5.5618,JHU,0.7,fourier_country
UGA,1980,10,1980-03-03,1980-03-09,46.1519,5.4279,JHU,0.7,fourier_country
UGA,1980,11,1980-03-10,1980-03-16,44.6554,5.2519,JHU,0.7,fourier_country
UGA,1980,12,1980-03-17,1980-03-23,42.8433,5.0387,JHU,0.7,fourier_country
UGA,1980,13,1980-03-24,1980-03-30,40.7668,4.7945,JHU,0.7,fourier_country
UGA,1980,14,1980-03-31,1980-04-06,38.4848,4.5261,JHU,0.7,fourier_country
UGA,1980,15,1980-04-07,1980-04-13,36.0605,4.241,JHU,0.7,fourier_country
UGA,1980,16,1980-04-14,1980-04-20,33.5596,3.9469,JHU,0.7,fourier_country
UGA,1980,17,1980-04-21,1980-04-27,31.047,3.6514,JHU,0.7,fourier_country
UGA,1980,18,1980-04-28,1980-05-04,28.5845,3.3618,JHU,0.7,fourier_country
UGA,1980,19,1980-05-05,1980-05-11,26.2281,3.0847,JHU,0.7,fourier_country
UGA,1980,20,1980-05-12,1980-05-18,24.0267,2.8257,JHU,0.7,fourier_country
UGA,1980,21,1980-05-19,1980-05-25,22.0196,2.5897,JHU,0.7,fourier_country
UGA,1980,22,1980-05-26,1980-06-01,20.2363,2.38,JHU,0.7,fourier_country
UGA,1980,23,1980-06-02,1980-06-08,18.6957,2.1988,JHU,0.7,fourier_country
UGA,1980,24,1980-06-09,1980-06-15,17.4063,2.0471,JHU,0.7,fourier_country
UGA,1980,25,1980-06-16,1980-06-22,16.3668,1.9249,JHU,0.7,fourier_country
UGA,1980,26,1980-06-23,1980-06-29,15.5674,1.8309,JHU,0.7,fourier_country
UGA,1980,27,1980-06-30,1980-07-06,14.9915,1.7631,JHU,0.7,fourier_country
UGA,1980,28,1980-07-07,1980-07-13,14.6173,1.7191,JHU,0.7,fourier_country
UGA,1980,29,1980-07-14,1980-07-20,14.4201,1.6959,JHU,0.7,fourier_country
UGA,1980,30,1980-07-21,1980-07-27,14.3742,1.6905,JHU,0.7,fourier_country
UGA,1980,31,1980-07-28,1980-08-03,14.4552,1.7001,JHU,0.7,fourier_country
UGA,1980,32,1980-08-04,1980-08-10,14.6417,1.722,JHU,0.7,fourier_country
UGA,1980,33,1980-08-11,1980-08-17,14.9166,1.7543,JHU,0.7,fourier_country
UGA,1980,34,1980-08-18,1980-08-24,15.2686,1.7957,JHU,0.7,fourier_country
UGA,1980,35,1980-08-25,1980-08-31,15.6923,1.8456,JHU,0.7,fourier_country
UGA,1980,36,1980-09-01,1980-09-07,16.1888,1.9039,JHU,0.7,fourier_country
UGA,1980,37,1980-09-08,1980-09-14,16.7646,1.9717,JHU,0.7,fourier_country
UGA,1980,38,1980-09-15,1980-09-21,17.4316,2.0501,JHU,0.7,fourier_country
UGA,1980,39,1980-09-22,1980-09-28,18.2048,2.141,JHU,0.7,fourier_country
UGA,1980,40,1980-09-29,1980-10-05,19.1014,2.2465,JHU,0.7,fourier_country
UGA,1980,41,1980-10-06,1980-10-12,20.1385,2.3685,JHU,0.7,fourier_country
UGA,1980,42,1980-10-13,1980-10-19,21.3311,2.5087,JHU,0.7,fourier_country
UGA,1980,43,1980-10-20,1980-10-26,22.6903,2.6686,JHU,0.7,fourier_country
UGA,1980,44,1980-10-27,1980-11-02,24.2214,2.8487,JHU,0.7,fourier_country
UGA,1980,45,1980-11-03,1980-11-09,25.9224,3.0487,JHU,0.7,fourier_country
UGA,1980,46,1980-11-10,1980-11-16,27.7827,3.2675,JHU,0.7,fourier_country
UGA,1980,47,1980-11-17,1980-11-23,29.7826,3.5027,JHU,0.7,fourier_country
UGA,1980,48,1980-11-24,1980-11-30,31.8931,3.7509,JHU,0.7,fourier_country
UGA,1980,49,1980-12-01,1980-12-07,34.0763,4.0077,JHU,0.7,fourier_country
UGA,1980,50,1980-12-08,1980-12-14,36.2864,4.2676,JHU,0.7,fourier_country
UGA,1980,51,1980-12-15,1980-12-21,38.4711,4.5245,JHU,0.7,fourier_country
UGA,1980,52,1980-12-22,1980-12-28,40.5736,4.7718,JHU,0.7,fourier_country
UGA,1981,1,1980-12-29,1981-01-04,42.535,5.0025,JHU,0.7,fourier_country
UGA,1981,53,1981-12-28,1982-01-03,5.0155,1.2671,JHU,0.7,fourier_country
UGA,1982,1,1982-01-04,1982-01-10,5.2579,1.3283,JHU,0.7,fourier_country
UGA,1982,2,1982-01-11,1982-01-17,5.4757,1.3833,JHU,0.7,fourier_country
UGA,1982,3,1982-01-18,1982-01-24,5.6618,1.4303,JHU,0.7,fourier_country
UGA,1982,4,1982-01-25,1982-01-31,5.81,1.4678,JHU,0.7,fourier_country
UGA,1982,5,1982-02-01,1982-02-07,5.9151,1.4944,JHU,0.7,fourier_country
UGA,1982,6,1982-02-08,1982-02-14,5.9731,1.509,JHU,0.7,fourier_country
UGA,1982,7,1982-02-15,1982-02-21,5.9813,1.5111,JHU,0.7,fourier_country
UGA,1982,8,1982-02-22,1982-02-28,5.9387,1.5003,JHU,0.7,fourier_country
UGA,1982,9,1982-03-01,1982-03-07,5.8458,1.4768,JHU,0.7,fourier_country
UGA,1982,10,1982-03-08,1982-03-14,5.705,1.4413,JHU,0.7,fourier_country
UGA,1982,11,1982-03-15,1982-03-21,5.52,1.3945,JHU,0.7,fourier_country
UGA,1982,12,1982-03-22,1982-03-28,5.296,1.3379,JHU,0.7,fourier_country
UGA,1982,13,1982-03-29,1982-04-04,5.0394,1.2731,JHU,0.7,fourier_country
UGA,1982,14,1982-04-05,1982-04-11,4.7573,1.2018,JHU,0.7,fourier_country
UGA,1982,15,1982-04-12,1982-04-18,4.4576,1.1261,JHU,0.7,fourier_country
UGA,1982,16,1982-04-19,1982-04-25,4.1484,1.048,JHU,0.7,fourier_country
UGA,1982,17,1982-04-26,1982-05-02,3.8379,0.9696,JHU,0.7,fourier_country
UGA,1982,18,1982-05-03,1982-05-09,3.5334,0.8927,JHU,0.7,fourier_country
UGA,1982,19,1982-05-10,1982-05-16,3.2422,0.8191,JHU,0.7,fourier_country
UGA,1982,20,1982-05-17,1982-05-23,2.97,0.7503,JHU,0.7,fourier_country
UGA,1982,21,1982-05-24,1982-05-30,2.7219,0.6876,JHU,0.7,fourier_country
UGA,1982,22,1982-05-31,1982-06-06,2.5015,0.632,JHU,0.7,fourier_country
UGA,1982,23,1982-06-07,1982-06-13,2.3111,0.5838,JHU,0.7,fourier_country
UGA,1982,24,1982-06-14,1982-06-20,2.1517,0.5436,JHU,0.7,fourier_country
UGA,1982,25,1982-06-21,1982-06-27,2.0232,0.5111,JHU,0.7,fourier_country
UGA,1982,26,1982-06-28,1982-07-04,1.9244,0.4862,JHU,0.7,fourier_country
UGA,1982,27,1982-07-05,1982-07-11,1.8532,0.4682,JHU,0.7,fourier_country
UGA,1982,28,1982-07-12,1982-07-18,1.8069,0.4565,JHU,0.7,fourier_country
UGA,1982,29,1982-07-19,1982-07-25,1.7825,0.4503,JHU,0.7,fourier_country
UGA,1982,30,1982-07-26,1982-08-01,1.7769,0.4489,JHU,0.7,fourier_country
UGA,1982,31,1982-08-02,1982-08-08,1.7869,0.4514,JHU,0.7,fourier_country
UGA,1982,32,1982-08-09,1982-08-15,1.8099,0.4572,JHU,0.7,fourier_country
UGA,1982,33,1982-08-16,1982-08-22,1.8439,0.4658,JHU,0.7,fourier_country
UGA,1982,34,1982-08-23,1982-08-29,1.8874,0.4768,JHU,0.7,fourier_country
UGA,1982,35,1982-08-30,1982-09-05,1.9398,0.4901,JHU,0.7,fourier_country
UGA,1982,36,1982-09-06,1982-09-12,2.0012,0.5056,JHU,0.7,fourier_country
UGA,1982,37,1982-09-13,1982-09-19,2.0723,0.5235,JHU,0.7,fourier_country
UGA,1982,38,1982-09-20,1982-09-26,2.1548,0.5444,JHU,0.7,fourier_country
UGA,1982,39,1982-09-27,1982-10-03,2.2504,0.5685,JHU,0.7,fourier_country
UGA,1982,40,1982-10-04,1982-10-10,2.3612,0.5965,JHU,0.7,fourier_country
UGA,1982,41,1982-10-11,1982-10-17,2.4894,0.6289,JHU,0.7,fourier_country
UGA,1982,42,1982-10-18,1982-10-24,2.6368,0.6661,JHU,0.7,fourier_country
UGA,1982,43,1982-10-25,1982-10-31,2.8048,0.7086,JHU,0.7,fourier_country
UGA,1982,44,1982-11-01,1982-11-07,2.9941,0.7564,JHU,0.7,fourier_country
UGA,1982,45,1982-11-08,1982-11-14,3.2044,0.8095,JHU,0.7,fourier_country
UGA,1982,46,1982-11-15,1982-11-21,3.4343,0.8676,JHU,0.7,fourier_country
UGA,1982,47,1982-11-22,1982-11-28,3.6816,0.9301,JHU,0.7,fourier_country
UGA,1982,48,1982-11-29,1982-12-05,3.9424,0.996,JHU,0.7,fourier_country
UGA,1982,49,1982-12-06,1982-12-12,4.2123,1.0642,JHU,0.7,fourier_country
UGA,1982,50,1982-12-13,1982-12-19,4.4855,1.1332,JHU,0.7,fourier_country
UGA,1982,51,1982-12-20,1982-12-26,4.7556,1.2014,JHU,0.7,fourier_country
UGA,1982,52,1982-12-27,1983-01-02,5.0155,1.2671,JHU,0.7,fourier_country
UGA,1987,1,1986-12-29,1987-01-04,3.8743,1.3837,JHU,0.7,fourier_country
UGA,1987,2,1987-01-05,1987-01-11,4.0347,1.441,JHU,0.7,fourier_country
UGA,1987,3,1987-01-12,1987-01-18,4.1718,1.4899,JHU,0.7,fourier_country
UGA,1987,4,1987-01-19,1987-01-25,4.2811,1.529,JHU,0.7,fourier_country
UGA,1987,5,1987-01-26,1987-02-01,4.3585,1.5566,JHU,0.7,fourier_country
UGA,1987,6,1987-02-02,1987-02-08,4.4012,1.5719,JHU,0.7,fourier_country
UGA,1987,7,1987-02-09,1987-02-15,4.4073,1.574,JHU,0.7,fourier_country
UGA,1987,8,1987-02-16,1987-02-22,4.3759,1.5628,JHU,0.7,fourier_country
UGA,1987,9,1987-02-23,1987-03-01,4.3075,1.5384,JHU,0.7,fourier_country
UGA,1987,10,1987-03-02,1987-03-08,4.2037,1.5013,JHU,0.7,fourier_country
UGA,1987,11,1987-03-09,1987-03-15,4.0674,1.4526,JHU,0.7,fourier_country
UGA,1987,12,1987-03-16,1987-03-22,3.9023,1.3937,JHU,0.7,fourier_country
UGA,1987,13,1987-03-23,1987-03-29,3.7132,1.3261,JHU,0.7,fourier_country
UGA,1987,14,1987-03-30,1987-04-05,3.5054,1.2519,JHU,0.7,fourier_country
UGA,1987,15,1987-04-06,1987-04-12,3.2845,1.1731,JHU,0.7,fourier_country
UGA,1987,16,1987-04-13,1987-04-19,3.0568,1.0917,JHU,0.7,fourier_country
UGA,1987,17,1987-04-20,1987-04-26,2.8279,1.01,JHU,0.7,fourier_country
UGA,1987,18,1987-04-27,1987-05-03,2.6036,0.9299,JHU,0.7,fourier_country
UGA,1987,19,1987-05-04,1987-05-10,2.389,0.8532,JHU,0.7,fourier_country
UGA,1987,20,1987-05-11,1987-05-17,2.1885,0.7816,JHU,0.7,fourier_country
UGA,1987,21,1987-05-18,1987-05-24,2.0056,0.7163,JHU,0.7,fourier_country
UGA,1987,22,1987-05-25,1987-05-31,1.8432,0.6583,JHU,0.7,fourier_country
UGA,1987,23,1987-06-01,1987-06-07,1.7029,0.6082,JHU,0.7,fourier_country
UGA,1987,24,1987-06-08,1987-06-14,1.5854,0.5662,JHU,0.7,fourier_country
UGA,1987,25,1987-06-15,1987-06-21,1.4908,0.5324,JHU,0.7,fourier_country
UGA,1987,26,1987-06-22,1987-06-28,1.4179,0.5064,JHU,0.7,fourier_country
UGA,1987,27,1987-06-29,1987-07-05,1.3655,0.4877,JHU,0.7,fourier_country
UGA,1987,28,1987-07-06,1987-07-12,1.3314,0.4755,JHU,0.7,fourier_country
UGA,1987,29,1987-07-13,1987-07-19,1.3134,0.4691,JHU,0.7,fourier_country
UGA,1987,30,1987-07-20,1987-07-26,1.3093,0.4676,JHU,0.7,fourier_country
UGA,1987,31,1987-07-27,1987-08-02,1.3166,0.4702,JHU,0.7,fourier_country
UGA,1987,32,1987-08-03,1987-08-09,1.3336,0.4763,JHU,0.7,fourier_country
UGA,1987,33,1987-08-10,1987-08-16,1.3587,0.4852,JHU,0.7,fourier_country
UGA,1987,34,1987-08-17,1987-08-23,1.3907,0.4967,JHU,0.7,fourier_country
UGA,1987,35,1987-08-24,1987-08-30,1.4293,0.5105,JHU,0.7,fourier_country
UGA,1987,36,1987-08-31,1987-09-06,1.4745,0.5266,JHU,0.7,fourier_country
UGA,1987,37,1987-09-07,1987-09-13,1.527,0.5454,JHU,0.7,fourier_country
UGA,1987,38,1987-09-14,1987-09-20,1.5877,0.5671,JHU,0.7,fourier_country
UGA,1987,39,1987-09-21,1987-09-27,1.6582,0.5922,JHU,0.7,fourier_country
UGA,1987,40,1987-09-28,1987-10-04,1.7398,0.6214,JHU,0.7,fourier_country
UGA,1987,41,1987-10-05,1987-10-11,1.8343,0.6551,JHU,0.7,fourier_country
UGA,1987,42,1987-10-12,1987-10-18,1.9429,0.6939,JHU,0.7,fourier_country
UGA,1987,43,1987-10-19,1987-10-25,2.0667,0.7381,JHU,0.7,fourier_country
UGA,1987,44,1987-10-26,1987-11-01,2.2062,0.7879,JHU,0.7,fourier_country
UGA,1987,45,1987-11-02,1987-11-08,2.3611,0.8433,JHU,0.7,fourier_country
UGA,1987,46,1987-11-09,1987-11-15,2.5306,0.9038,JHU,0.7,fourier_country
UGA,1987,47,1987-11-16,1987-11-22,2.7127,0.9688,JHU,0.7,fourier_country
UGA,1987,48,1987-11-23,1987-11-29,2.905,1.0375,JHU,0.7,fourier_country
UGA,1987,49,1987-11-30,1987-12-06,3.1038,1.1085,JHU,0.7,fourier_country
UGA,1987,50,1987-12-07,1987-12-13,3.3051,1.1804,JHU,0.7,fourier_country
UGA,1987,51,1987-12-14,1987-12-20,3.5041,1.2515,JHU,0.7,fourier_country
UGA,1987,52,1987-12-21,1987-12-27,3.6956,1.3199,JHU,0.7,fourier_country
UGA,1987,53,1987-12-28,1988-01-03,3.6956,1.3199,JHU,0.7,fourier_country
UGA,1991,1,1990-12-31,1991-01-06,7.711,0.7739,JHU,0.7,fourier_country
UGA,1991,2,1991-01-07,1991-01-13,8.0303,0.8059,JHU,0.7,fourier_country
UGA,1991,3,1991-01-14,1991-01-20,8.3033,0.8333,JHU,0.7,fourier_country
UGA,1991,4,1991-01-21,1991-01-27,8.5207,0.8551,JHU,0.7,fourier_country
UGA,1991,5,1991-01-28,1991-02-03,8.6749,0.8706,JHU,0.7,fourier_country
UGA,1991,6,1991-02-04,1991-02-10,8.7599,0.8791,JHU,0.7,fourier_country
UGA,1991,7,1991-02-11,1991-02-17,8.7719,0.8803,JHU,0.7,fourier_country
UGA,1991,8,1991-02-18,1991-02-24,8.7094,0.8741,JHU,0.7,fourier_country
UGA,1991,9,1991-02-25,1991-03-03,8.5732,0.8604,JHU,0.7,fourier_country
UGA,1991,10,1991-03-04,1991-03-10,8.3667,0.8397,JHU,0.7,fourier_country
UGA,1991,11,1991-03-11,1991-03-17,8.0954,0.8124,JHU,0.7,fourier_country
UGA,1991,12,1991-03-18,1991-03-24,7.7669,0.7795,JHU,0.7,fourier_country
UGA,1991,13,1991-03-25,1991-03-31,7.3905,0.7417,JHU,0.7,fourier_country
UGA,1991,14,1991-04-01,1991-04-07,6.9768,0.7002,JHU,0.7,fourier_country
UGA,1991,15,1991-04-08,1991-04-14,6.5373,0.6561,JHU,0.7,fourier_country
UGA,1991,16,1991-04-15,1991-04-21,6.0839,0.6106,JHU,0.7,fourier_country
UGA,1991,17,1991-04-22,1991-04-28,5.6284,0.5649,JHU,0.7,fourier_country
UGA,1991,18,1991-04-29,1991-05-05,5.182,0.5201,JHU,0.7,fourier_country
UGA,1991,19,1991-05-06,1991-05-12,4.7548,0.4772,JHU,0.7,fourier_country
UGA,1991,20,1991-05-13,1991-05-19,4.3557,0.4371,JHU,0.7,fourier_country
UGA,1991,21,1991-05-20,1991-05-26,3.9919,0.4006,JHU,0.7,fourier_country
UGA,1991,22,1991-05-27,1991-06-02,3.6686,0.3682,JHU,0.7,fourier_country
UGA,1991,23,1991-06-03,1991-06-09,3.3893,0.3401,JHU,0.7,fourier_country
UGA,1991,24,1991-06-10,1991-06-16,3.1555,0.3167,JHU,0.7,fourier_country
UGA,1991,25,1991-06-17,1991-06-23,2.9671,0.2978,JHU,0.7,fourier_country
UGA,1991,26,1991-06-24,1991-06-30,2.8222,0.2832,JHU,0.7,fourier_country
UGA,1991,27,1991-07-01,1991-07-07,2.7178,0.2728,JHU,0.7,fourier_country
UGA,1991,28,1991-07-08,1991-07-14,2.6499,0.2659,JHU,0.7,fourier_country
UGA,1991,29,1991-07-15,1991-07-21,2.6142,0.2624,JHU,0.7,fourier_country
UGA,1991,30,1991-07-22,1991-07-28,2.6058,0.2615,JHU,0.7,fourier_country
UGA,1991,31,1991-07-29,1991-08-04,2.6205,0.263,JHU,0.7,fourier_country
UGA,1991,32,1991-08-05,1991-08-11,2.6543,0.2664,JHU,0.7,fourier_country
UGA,1991,33,1991-08-12,1991-08-18,2.7042,0.2714,JHU,0.7,fourier_country
UGA,1991,34,1991-08-19,1991-08-25,2.768,0.2778,JHU,0.7,fourier_country
UGA,1991,35,1991-08-26,1991-09-01,2.8448,0.2855,JHU,0.7,fourier_country
UGA,1991,36,1991-09-02,1991-09-08,2.9348,0.2945,JHU,0.7,fourier_country
UGA,1991,37,1991-09-09,1991-09-15,3.0392,0.305,JHU,0.7,fourier_country
UGA,1991,38,1991-09-16,1991-09-22,3.1601,0.3171,JHU,0.7,fourier_country
UGA,1991,39,1991-09-23,1991-09-29,3.3003,0.3312,JHU,0.7,fourier_country
UGA,1991,40,1991-09-30,1991-10-06,3.4628,0.3475,JHU,0.7,fourier_country
UGA,1991,41,1991-10-07,1991-10-13,3.6508,0.3664,JHU,0.7,fourier_country
UGA,1991,42,1991-10-14,1991-10-20,3.867,0.3881,JHU,0.7,fourier_country
UGA,1991,43,1991-10-21,1991-10-27,4.1134,0.4128,JHU,0.7,fourier_country
UGA,1991,44,1991-10-28,1991-11-03,4.391,0.4407,JHU,0.7,fourier_country
UGA,1991,45,1991-11-04,1991-11-10,4.6994,0.4716,JHU,0.7,fourier_country
UGA,1991,46,1991-11-11,1991-11-17,5.0366,0.5055,JHU,0.7,fourier_country
UGA,1991,47,1991-11-18,1991-11-24,5.3992,0.5419,JHU,0.7,fourier_country
UGA,1991,48,1991-11-25,1991-12-01,5.7818,0.5803,JHU,0.7,fourier_country
UGA,1991,49,1991-12-02,1991-12-08,6.1776,0.62,JHU,0.7,fourier_country
UGA,1991,50,1991-12-09,1991-12-15,6.5782,0.6602,JHU,0.7,fourier_country
UGA,1991,51,1991-12-16,1991-12-22,6.9743,0.6999,JHU,0.7,fourier_country
UGA,1991,52,1991-12-23,1991-12-29,7.3555,0.7382,JHU,0.7,fourier_country
UGA,1992,1,1991-12-30,1992-01-05,7.711,0.7739,JHU,0.7,fourier_country
UGA,1992,2,1992-01-06,1992-01-12,146.1714,2.9972,JHU,0.7,fourier_country
UGA,1992,3,1992-01-13,1992-01-19,151.1395,3.0991,JHU,0.7,fourier_country
UGA,1992,4,1992-01-20,1992-01-26,155.0969,3.1802,JHU,0.7,fourier_country
UGA,1992,5,1992-01-27,1992-02-02,157.9032,3.2378,JHU,0.7,fourier_country
UGA,1992,6,1992-02-03,1992-02-09,159.4504,3.2695,JHU,0.7,fourier_country
UGA,1992,7,1992-02-10,1992-02-16,159.669,3.274,JHU,0.7,fourier_country
UGA,1992,8,1992-02-17,1992-02-23,158.5313,3.2506,JHU,0.7,fourier_country
UGA,1992,9,1992-02-24,1992-03-01,156.0533,3.1998,JHU,0.7,fourier_country
UGA,1992,10,1992-03-02,1992-03-08,152.2946,3.1228,JHU,0.7,fourier_country
UGA,1992,11,1992-03-09,1992-03-15,147.3563,3.0215,JHU,0.7,fourier_country
UGA,1992,12,1992-03-16,1992-03-22,141.3764,2.8989,JHU,0.7,fourier_country
UGA,1992,13,1992-03-23,1992-03-29,134.5245,2.7584,JHU,0.7,fourier_country
UGA,1992,14,1992-03-30,1992-04-05,126.9941,2.604,JHU,0.7,fourier_country
UGA,1992,15,1992-04-06,1992-04-12,118.9944,2.4399,JHU,0.7,fourier_country
UGA,1992,16,1992-04-13,1992-04-19,110.7418,2.2707,JHU,0.7,fourier_country
UGA,1992,17,1992-04-20,1992-04-26,102.4506,2.1007,JHU,0.7,fourier_country
UGA,1992,18,1992-04-27,1992-05-03,94.3245,1.9341,JHU,0.7,fourier_country
UGA,1992,19,1992-05-04,1992-05-10,86.549,1.7747,JHU,0.7,fourier_country
UGA,1992,20,1992-05-11,1992-05-17,79.2844,1.6257,JHU,0.7,fourier_country
UGA,1992,21,1992-05-18,1992-05-24,72.6613,1.4899,JHU,0.7,fourier_country
UGA,1992,22,1992-05-25,1992-05-31,66.7767,1.3692,JHU,0.7,fourier_country
UGA,1992,23,1992-06-01,1992-06-07,61.693,1.265,JHU,0.7,fourier_country
UGA,1992,24,1992-06-08,1992-06-14,57.4381,1.1778,JHU,0.7,fourier_country
UGA,1992,25,1992-06-15,1992-06-21,54.0079,1.1074,JHU,0.7,fourier_country
UGA,1992,26,1992-06-22,1992-06-28,51.3702,1.0533,JHU,0.7,fourier_country
UGA,1992,27,1992-06-29,1992-07-05,49.4699,1.0144,JHU,0.7,fourier_country
UGA,1992,28,1992-07-06,1992-07-12,48.2351,0.989,JHU,0.7,fourier_country
UGA,1992,29,1992-07-13,1992-07-19,47.5842,0.9757,JHU,0.7,fourier_country
UGA,1992,30,1992-07-20,1992-07-26,47.4327,0.9726,JHU,0.7,fourier_country
UGA,1992,31,1992-07-27,1992-08-02,47.7001,0.9781,JHU,0.7,fourier_country
UGA,1992,32,1992-08-03,1992-08-09,48.3154,0.9907,JHU,0.7,fourier_country
UGA,1992,33,1992-08-10,1992-08-16,49.2227,1.0093,JHU,0.7,fourier_country
UGA,1992,34,1992-08-17,1992-08-23,50.3842,1.0331,JHU,0.7,fourier_country
UGA,1992,35,1992-08-24,1992-08-30,51.7824,1.0618,JHU,0.7,fourier_country
UGA,1992,36,1992-08-31,1992-09-06,53.4205,1.0954,JHU,0.7,fourier_country
UGA,1992,37,1992-09-07,1992-09-13,55.3208,1.1343,JHU,0.7,fourier_country
UGA,1992,38,1992-09-14,1992-09-20,57.5216,1.1795,JHU,0.7,fourier_country
UGA,1992,39,1992-09-21,1992-09-27,60.0732,1.2318,JHU,0.7,fourier_country
UGA,1992,40,1992-09-28,1992-10-04,63.0318,1.2925,JHU,0.7,fourier_country
UGA,1992,41,1992-10-05,1992-10-11,66.454,1.3626,JHU,0.7,fourier_country
UGA,1992,42,1992-10-12,1992-10-18,70.3894,1.4433,JHU,0.7,fourier_country
UGA,1992,43,1992-10-19,1992-10-25,74.8746,1.5353,JHU,0.7,fourier_country
UGA,1992,44,1992-10-26,1992-11-01,79.9271,1.6389,JHU,0.7,fourier_country
UGA,1992,45,1992-11-02,1992-11-08,85.54,1.754,JHU,0.7,fourier_country
UGA,1992,46,1992-11-09,1992-11-15,91.6787,1.8798,JHU,0.7,fourier_country
UGA,1992,47,1992-11-16,1992-11-22,98.2781,2.0152,JHU,0.7,fourier_country
UGA,1992,48,1992-11-23,1992-11-29,105.2424,2.158,JHU,0.7,fourier_country
UGA,1992,49,1992-11-30,1992-12-06,112.4467,2.3057,JHU,0.7,fourier_country
UGA,1992,50,1992-12-07,1992-12-13,119.7397,2.4552,JHU,0.7,fourier_country
UGA,1992,51,1992-12-14,1992-12-20,126.9489,2.6031,JHU,0.7,fourier_country
UGA,1992,52,1992-12-21,1992-12-27,133.8869,2.7453,JHU,0.7,fourier_country
UGA,1992,53,1992-12-28,1993-01-03,133.8869,2.7453,JHU,0.7,fourier_country
UGA,1993,52,1993-12-27,1994-01-02,18.5837,1.0295,JHU,0.7,fourier_country
UGA,1994,1,1994-01-03,1994-01-09,19.482,1.0793,JHU,0.7,fourier_country
UGA,1994,2,1994-01-10,1994-01-16,20.2888,1.124,JHU,0.7,fourier_country
UGA,1994,3,1994-01-17,1994-01-23,20.9784,1.1622,JHU,0.7,fourier_country
UGA,1994,4,1994-01-24,1994-01-30,21.5276,1.1926,JHU,0.7,fourier_country
UGA,1994,5,1994-01-31,1994-02-06,21.9172,1.2142,JHU,0.7,fourier_country
UGA,1994,6,1994-02-07,1994-02-13,22.1319,1.2261,JHU,0.7,fourier_country
UGA,1994,7,1994-02-14,1994-02-20,22.1623,1.2277,JHU,0.7,fourier_country
UGA,1994,8,1994-02-21,1994-02-27,22.0043,1.219,JHU,0.7,fourier_country
UGA,1994,9,1994-02-28,1994-03-06,21.6604,1.1999,JHU,0.7,fourier_country
UGA,1994,10,1994-03-07,1994-03-13,21.1387,1.171,JHU,0.7,fourier_country
UGA,1994,11,1994-03-14,1994-03-20,20.4532,1.1331,JHU,0.7,fourier_country
UGA,1994,12,1994-03-21,1994-03-27,19.6232,1.0871,JHU,0.7,fourier_country
UGA,1994,13,1994-03-28,1994-04-03,18.6722,1.0344,JHU,0.7,fourier_country
UGA,1994,14,1994-04-04,1994-04-10,17.6269,0.9765,JHU,0.7,fourier_country
UGA,1994,15,1994-04-11,1994-04-17,16.5166,0.915,JHU,0.7,fourier_country
UGA,1994,16,1994-04-18,1994-04-24,15.3711,0.8515,JHU,0.7,fourier_country
UGA,1994,17,1994-04-25,1994-05-01,14.2203,0.7878,JHU,0.7,fourier_country
UGA,1994,18,1994-05-02,1994-05-08,13.0924,0.7253,JHU,0.7,fourier_country
UGA,1994,19,1994-05-09,1994-05-15,12.0131,0.6655,JHU,0.7,fourier_country
UGA,1994,20,1994-05-16,1994-05-22,11.0048,0.6096,JHU,0.7,fourier_country
UGA,1994,21,1994-05-23,1994-05-29,10.0855,0.5587,JHU,0.7,fourier_country
UGA,1994,22,1994-05-30,1994-06-05,9.2687,0.5135,JHU,0.7,fourier_country
UGA,1994,23,1994-06-06,1994-06-12,8.5631,0.4744,JHU,0.7,fourier_country
UGA,1994,24,1994-06-13,1994-06-19,7.9725,0.4417,JHU,0.7,fourier_country
UGA,1994,25,1994-06-20,1994-06-26,7.4964,0.4153,JHU,0.7,fourier_country
UGA,1994,26,1994-06-27,1994-07-03,7.1303,0.395,JHU,0.7,fourier_country
UGA,1994,27,1994-07-04,1994-07-10,6.8665,0.3804,JHU,0.7,fourier_country
UGA,1994,28,1994-07-11,1994-07-17,6.6951,0.3709,JHU,0.7,fourier_country
UGA,1994,29,1994-07-18,1994-07-24,6.6047,0.3659,JHU,0.7,fourier_country
UGA,1994,30,1994-07-25,1994-07-31,6.5837,0.3647,JHU,0.7,fourier_country
UGA,1994,31,1994-08-01,1994-08-07,6.6208,0.3668,JHU,0.7,fourier_country
UGA,1994,32,1994-08-08,1994-08-14,6.7062,0.3715,JHU,0.7,fourier_country
UGA,1994,33,1994-08-15,1994-08-21,6.8322,0.3785,JHU,0.7,fourier_country
UGA,1994,34,1994-08-22,1994-08-28,6.9934,0.3874,JHU,0.7,fourier_country
UGA,1994,35,1994-08-29,1994-09-04,7.1875,0.3982,JHU,0.7,fourier_country
UGA,1994,36,1994-09-05,1994-09-11,7.4148,0.4108,JHU,0.7,fourier_country
UGA,1994,37,1994-09-12,1994-09-18,7.6786,0.4254,JHU,0.7,fourier_country
UGA,1994,38,1994-09-19,1994-09-25,7.9841,0.4423,JHU,0.7,fourier_country
UGA,1994,39,1994-09-26,1994-10-02,8.3382,0.4619,JHU,0.7,fourier_country
UGA,1994,40,1994-10-03,1994-10-09,8.7489,0.4847,JHU,0.7,fourier_country
UGA,1994,41,1994-10-10,1994-10-16,9.2239,0.511,JHU,0.7,fourier_country
UGA,1994,42,1994-10-17,1994-10-23,9.7701,0.5412,JHU,0.7,fourier_country
UGA,1994,43,1994-10-24,1994-10-30,10.3927,0.5757,JHU,0.7,fourier_country
UGA,1994,44,1994-10-31,1994-11-06,11.094,0.6146,JHU,0.7,fourier_country
UGA,1994,45,1994-11-07,1994-11-13,11.8731,0.6577,JHU,0.7,fourier_country
UGA,1994,46,1994-11-14,1994-11-20,12.7251,0.7049,JHU,0.7,fourier_country
UGA,1994,47,1994-11-21,1994-11-27,13.6411,0.7557,JHU,0.7,fourier_country
UGA,1994,48,1994-11-28,1994-12-04,14.6078,0.8092,JHU,0.7,fourier_country
UGA,1994,49,1994-12-05,1994-12-11,15.6077,0.8646,JHU,0.7,fourier_country
UGA,1994,50,1994-12-12,1994-12-18,16.62,0.9207,JHU,0.7,fourier_country
UGA,1994,51,1994-12-19,1994-12-25,17.6207,0.9761,JHU,0.7,fourier_country
UGA,1994,52,1994-12-26,1995-01-01,18.5837,1.0295,JHU,0.7,fourier_country
UGA,1995,1,1995-01-02,1995-01-08,14.8882,1.8264,JHU,0.7,fourier_country
UGA,1995,2,1995-01-09,1995-01-15,15.5048,1.9021,JHU,0.7,fourier_country
UGA,1995,3,1995-01-16,1995-01-22,16.0318,1.9667,JHU,0.7,fourier_country
UGA,1995,4,1995-01-23,1995-01-29,16.4515,2.0182,JHU,0.7,fourier_country
UGA,1995,5,1995-01-30,1995-02-05,16.7492,2.0547,JHU,0.7,fourier_country
UGA,1995,6,1995-02-06,1995-02-12,16.9133,2.0749,JHU,0.7,fourier_country
UGA,1995,7,1995-02-13,1995-02-19,16.9365,2.0777,JHU,0.7,fourier_country
UGA,1995,8,1995-02-20,1995-02-26,16.8158,2.0629,JHU,0.7,fourier_country
UGA,1995,9,1995-02-27,1995-03-05,16.553,2.0307,JHU,0.7,fourier_country
UGA,1995,10,1995-03-06,1995-03-12,16.1543,1.9818,JHU,0.7,fourier_country
UGA,1995,11,1995-03-13,1995-03-19,15.6305,1.9175,JHU,0.7,fourier_country
UGA,1995,12,1995-03-20,1995-03-26,14.9962,1.8397,JHU,0.7,fourier_country
UGA,1995,13,1995-03-27,1995-04-02,14.2694,1.7505,JHU,0.7,fourier_country
UGA,1995,14,1995-04-03,1995-04-09,13.4706,1.6525,JHU,0.7,fourier_country
UGA,1995,15,1995-04-10,1995-04-16,12.622,1.5484,JHU,0.7,fourier_country
UGA,1995,16,1995-04-17,1995-04-23,11.7467,1.441,JHU,0.7,fourier_country
UGA,1995,17,1995-04-24,1995-04-30,10.8672,1.3332,JHU,0.7,fourier_country
UGA,1995,18,1995-05-01,1995-05-07,10.0052,1.2274,JHU,0.7,fourier_country
UGA,1995,19,1995-05-08,1995-05-14,9.1805,1.1262,JHU,0.7,fourier_country
UGA,1995,20,1995-05-15,1995-05-21,8.4099,1.0317,JHU,0.7,fourier_country
UGA,1995,21,1995-05-22,1995-05-28,7.7074,0.9455,JHU,0.7,fourier_country
UGA,1995,22,1995-05-29,1995-06-04,7.0832,0.8689,JHU,0.7,fourier_country
UGA,1995,23,1995-06-05,1995-06-11,6.5439,0.8028,JHU,0.7,fourier_country
UGA,1995,24,1995-06-12,1995-06-18,6.0926,0.7474,JHU,0.7,fourier_country
UGA,1995,25,1995-06-19,1995-06-25,5.7288,0.7028,JHU,0.7,fourier_country
UGA,1995,26,1995-06-26,1995-07-02,5.449,0.6685,JHU,0.7,fourier_country
UGA,1995,27,1995-07-03,1995-07-09,5.2474,0.6437,JHU,0.7,fourier_country
UGA,1995,28,1995-07-10,1995-07-16,5.1164,0.6277,JHU,0.7,fourier_country
UGA,1995,29,1995-07-17,1995-07-23,5.0474,0.6192,JHU,0.7,fourier_country
UGA,1995,30,1995-07-24,1995-07-30,5.0313,0.6172,JHU,0.7,fourier_country
UGA,1995,31,1995-07-31,1995-08-06,5.0597,0.6207,JHU,0.7,fourier_country
UGA,1995,32,1995-08-07,1995-08-13,5.1249,0.6287,JHU,0.7,fourier_country
UGA,1995,33,1995-08-14,1995-08-20,5.2212,0.6405,JHU,0.7,fourier_country
UGA,1995,34,1995-08-21,1995-08-27,5.3444,0.6556,JHU,0.7,fourier_country
UGA,1995,35,1995-08-28,1995-09-03,5.4927,0.6738,JHU,0.7,fourier_country
UGA,1995,36,1995-09-04,1995-09-10,5.6665,0.6951,JHU,0.7,fourier_country
UGA,1995,37,1995-09-11,1995-09-17,5.868,0.7199,JHU,0.7,fourier_country
UGA,1995,38,1995-09-18,1995-09-24,6.1015,0.7485,JHU,0.7,fourier_country
UGA,1995,39,1995-09-25,1995-10-01,6.3721,0.7817,JHU,0.7,fourier_country
UGA,1995,40,1995-10-02,1995-10-08,6.6859,0.8202,JHU,0.7,fourier_country
UGA,1995,41,1995-10-09,1995-10-15,7.0489,0.8647,JHU,0.7,fourier_country
UGA,1995,42,1995-10-16,1995-10-22,7.4664,0.916,JHU,0.7,fourier_country
UGA,1995,43,1995-10-23,1995-10-29,7.9421,0.9743,JHU,0.7,fourier_country
UGA,1995,44,1995-10-30,1995-11-05,8.4781,1.0401,JHU,0.7,fourier_country
UGA,1995,45,1995-11-06,1995-11-12,9.0735,1.1131,JHU,0.7,fourier_country
UGA,1995,46,1995-11-13,1995-11-19,9.7246,1.193,JHU,0.7,fourier_country
UGA,1995,47,1995-11-20,1995-11-26,10.4246,1.2789,JHU,0.7,fourier_country
UGA,1995,48,1995-11-27,1995-12-03,11.1633,1.3695,JHU,0.7,fourier_country
UGA,1995,49,1995-12-04,1995-12-10,11.9275,1.4632,JHU,0.7,fourier_country
UGA,1995,50,1995-12-11,1995-12-17,12.7011,1.5581,JHU,0.7,fourier_country
UGA,1995,51,1995-12-18,1995-12-24,13.4658,1.6519,JHU,0.7,fourier_country
UGA,1995,52,1995-12-25,1995-12-31,14.2017,1.7422,JHU,0.7,fourier_country
UGA,1996,1,1996-01-01,1996-01-07,8.0427,1.1055,JHU,0.7,fourier_country
UGA,1996,2,1996-01-08,1996-01-14,8.3757,1.1513,JHU,0.7,fourier_country
UGA,1996,3,1996-01-15,1996-01-21,8.6604,1.1904,JHU,0.7,fourier_country
UGA,1996,4,1996-01-22,1996-01-28,8.8872,1.2216,JHU,0.7,fourier_country
UGA,1996,5,1996-01-29,1996-02-04,9.048,1.2437,JHU,0.7,fourier_country
UGA,1996,6,1996-02-05,1996-02-11,9.1366,1.2559,JHU,0.7,fourier_country
UGA,1996,7,1996-02-12,1996-02-18,9.1491,1.2576,JHU,0.7,fourier_country
UGA,1996,8,1996-02-19,1996-02-25,9.084,1.2487,JHU,0.7,fourier_country
UGA,1996,9,1996-02-26,1996-03-03,8.942,1.2291,JHU,0.7,fourier_country
UGA,1996,10,1996-03-04,1996-03-10,8.7266,1.1995,JHU,0.7,fourier_country
UGA,1996,11,1996-03-11,1996-03-17,8.4436,1.1606,JHU,0.7,fourier_country
UGA,1996,12,1996-03-18,1996-03-24,8.101,1.1135,JHU,0.7,fourier_country
UGA,1996,13,1996-03-25,1996-03-31,7.7083,1.0596,JHU,0.7,fourier_country
UGA,1996,14,1996-04-01,1996-04-07,7.2768,1.0003,JHU,0.7,fourier_country
UGA,1996,15,1996-04-08,1996-04-14,6.8185,0.9372,JHU,0.7,fourier_country
UGA,1996,16,1996-04-15,1996-04-21,6.3456,0.8722,JHU,0.7,fourier_country
UGA,1996,17,1996-04-22,1996-04-28,5.8705,0.8069,JHU,0.7,fourier_country
UGA,1996,18,1996-04-29,1996-05-05,5.4049,0.7429,JHU,0.7,fourier_country
UGA,1996,19,1996-05-06,1996-05-12,4.9593,0.6817,JHU,0.7,fourier_country
UGA,1996,20,1996-05-13,1996-05-19,4.5431,0.6245,JHU,0.7,fourier_country
UGA,1996,21,1996-05-20,1996-05-26,4.1635,0.5723,JHU,0.7,fourier_country
UGA,1996,22,1996-05-27,1996-06-02,3.8264,0.526,JHU,0.7,fourier_country
UGA,1996,23,1996-06-03,1996-06-09,3.5351,0.4859,JHU,0.7,fourier_country
UGA,1996,24,1996-06-10,1996-06-16,3.2912,0.4524,JHU,0.7,fourier_country
UGA,1996,25,1996-06-17,1996-06-23,3.0947,0.4254,JHU,0.7,fourier_country
UGA,1996,26,1996-06-24,1996-06-30,2.9435,0.4046,JHU,0.7,fourier_country
UGA,1996,27,1996-07-01,1996-07-07,2.8347,0.3896,JHU,0.7,fourier_country
UGA,1996,28,1996-07-08,1996-07-14,2.7639,0.3799,JHU,0.7,fourier_country
UGA,1996,29,1996-07-15,1996-07-21,2.7266,0.3748,JHU,0.7,fourier_country
UGA,1996,30,1996-07-22,1996-07-28,2.7179,0.3736,JHU,0.7,fourier_country
UGA,1996,31,1996-07-29,1996-08-04,2.7332,0.3757,JHU,0.7,fourier_country
UGA,1996,32,1996-08-05,1996-08-11,2.7685,0.3806,JHU,0.7,fourier_country
UGA,1996,33,1996-08-12,1996-08-18,2.8205,0.3877,JHU,0.7,fourier_country
UGA,1996,34,1996-08-19,1996-08-25,2.887,0.3968,JHU,0.7,fourier_country
UGA,1996,35,1996-08-26,1996-09-01,2.9672,0.4079,JHU,0.7,fourier_country
UGA,1996,36,1996-09-02,1996-09-08,3.061,0.4208,JHU,0.7,fourier_country
UGA,1996,37,1996-09-09,1996-09-15,3.1699,0.4357,JHU,0.7,fourier_country
UGA,1996,38,1996-09-16,1996-09-22,3.296,0.4531,JHU,0.7,fourier_country
UGA,1996,39,1996-09-23,1996-09-29,3.4422,0.4732,JHU,0.7,fourier_country
UGA,1996,40,1996-09-30,1996-10-06,3.6118,0.4965,JHU,0.7,fourier_country
UGA,1996,41,1996-10-07,1996-10-13,3.8079,0.5234,JHU,0.7,fourier_country
UGA,1996,42,1996-10-14,1996-10-20,4.0334,0.5544,JHU,0.7,fourier_country
UGA,1996,43,1996-10-21,1996-10-27,4.2904,0.5897,JHU,0.7,fourier_country
UGA,1996,44,1996-10-28,1996-11-03,4.5799,0.6295,JHU,0.7,fourier_country
UGA,1996,45,1996-11-04,1996-11-10,4.9015,0.6737,JHU,0.7,fourier_country
UGA,1996,46,1996-11-11,1996-11-17,5.2533,0.7221,JHU,0.7,fourier_country
UGA,1996,47,1996-11-18,1996-11-24,5.6314,0.7741,JHU,0.7,fourier_country
UGA,1996,48,1996-11-25,1996-12-01,6.0305,0.8289,JHU,0.7,fourier_country
UGA,1996,49,1996-12-02,1996-12-08,6.4433,0.8857,JHU,0.7,fourier_country
UGA,1996,50,1996-12-09,1996-12-15,6.8612,0.9431,JHU,0.7,fourier_country
UGA,1996,51,1996-12-16,1996-12-22,7.2743,0.9999,JHU,0.7,fourier_country
UGA,1996,52,1996-12-23,1996-12-29,7.6718,1.0545,JHU,0.7,fourier_country
UGA,1997,1,1996-12-30,1997-01-05,8.0427,1.1055,JHU,0.7,fourier_country
UGA,1997,2,1997-01-06,1997-01-12,75.1225,5.4111,JHU,0.7,fourier_country
UGA,1997,3,1997-01-13,1997-01-19,77.6757,5.595,JHU,0.7,fourier_country
UGA,1997,4,1997-01-20,1997-01-26,79.7096,5.7415,JHU,0.7,fourier_country
UGA,1997,5,1997-01-27,1997-02-02,81.1518,5.8454,JHU,0.7,fourier_country
UGA,1997,6,1997-02-03,1997-02-09,81.947,5.9027,JHU,0.7,fourier_country
UGA,1997,7,1997-02-10,1997-02-16,82.0594,5.9108,JHU,0.7,fourier_country
UGA,1997,8,1997-02-17,1997-02-23,81.4746,5.8687,JHU,0.7,fourier_country
UGA,1997,9,1997-02-24,1997-03-02,80.2011,5.7769,JHU,0.7,fourier_country
UGA,1997,10,1997-03-03,1997-03-09,78.2694,5.6378,JHU,0.7,fourier_country
UGA,1997,11,1997-03-10,1997-03-16,75.7314,5.455,JHU,0.7,fourier_country
UGA,1997,12,1997-03-17,1997-03-23,72.6582,5.2336,JHU,0.7,fourier_country
UGA,1997,13,1997-03-24,1997-03-30,69.1367,4.98,JHU,0.7,fourier_country
UGA,1997,14,1997-03-31,1997-04-06,65.2666,4.7012,JHU,0.7,fourier_country
UGA,1997,15,1997-04-07,1997-04-13,61.1553,4.4051,JHU,0.7,fourier_country
UGA,1997,16,1997-04-14,1997-04-20,56.914,4.0996,JHU,0.7,fourier_country
UGA,1997,17,1997-04-21,1997-04-27,52.6528,3.7926,JHU,0.7,fourier_country
UGA,1997,18,1997-04-28,1997-05-04,48.4766,3.4918,JHU,0.7,fourier_country
UGA,1997,19,1997-05-05,1997-05-11,44.4805,3.204,JHU,0.7,fourier_country
UGA,1997,20,1997-05-12,1997-05-18,40.747,2.935,JHU,0.7,fourier_country
UGA,1997,21,1997-05-19,1997-05-25,37.3431,2.6898,JHU,0.7,fourier_country
UGA,1997,22,1997-05-26,1997-06-01,34.3188,2.472,JHU,0.7,fourier_country
UGA,1997,23,1997-06-02,1997-06-08,31.7061,2.2838,JHU,0.7,fourier_country
UGA,1997,24,1997-06-09,1997-06-15,29.5194,2.1263,JHU,0.7,fourier_country
UGA,1997,25,1997-06-16,1997-06-22,27.7565,1.9993,JHU,0.7,fourier_country
UGA,1997,26,1997-06-23,1997-06-29,26.4009,1.9017,JHU,0.7,fourier_country
UGA,1997,27,1997-06-30,1997-07-06,25.4243,1.8313,JHU,0.7,fourier_country
UGA,1997,28,1997-07-07,1997-07-13,24.7897,1.7856,JHU,0.7,fourier_country
UGA,1997,29,1997-07-14,1997-07-20,24.4551,1.7615,JHU,0.7,fourier_country
UGA,1997,30,1997-07-21,1997-07-27,24.3773,1.7559,JHU,0.7,fourier_country
UGA,1997,31,1997-07-28,1997-08-03,24.5147,1.7658,JHU,0.7,fourier_country
UGA,1997,32,1997-08-04,1997-08-10,24.8309,1.7886,JHU,0.7,fourier_country
UGA,1997,33,1997-08-11,1997-08-17,25.2972,1.8222,JHU,0.7,fourier_country
UGA,1997,34,1997-08-18,1997-08-24,25.8942,1.8652,JHU,0.7,fourier_country
UGA,1997,35,1997-08-25,1997-08-31,26.6128,1.9169,JHU,0.7,fourier_country
UGA,1997,36,1997-09-01,1997-09-07,27.4546,1.9776,JHU,0.7,fourier_country
UGA,1997,37,1997-09-08,1997-09-14,28.4312,2.0479,JHU,0.7,fourier_country
UGA,1997,38,1997-09-15,1997-09-21,29.5623,2.1294,JHU,0.7,fourier_country
UGA,1997,39,1997-09-22,1997-09-28,30.8737,2.2238,JHU,0.7,fourier_country
UGA,1997,40,1997-09-29,1997-10-05,32.3942,2.3334,JHU,0.7,fourier_country
UGA,1997,41,1997-10-06,1997-10-12,34.153,2.4601,JHU,0.7,fourier_country
UGA,1997,42,1997-10-13,1997-10-19,36.1755,2.6057,JHU,0.7,fourier_country
UGA,1997,43,1997-10-20,1997-10-26,38.4806,2.7718,JHU,0.7,fourier_country
UGA,1997,44,1997-10-27,1997-11-02,41.0773,2.9588,JHU,0.7,fourier_country
UGA,1997,45,1997-11-03,1997-11-09,43.9619,3.1666,JHU,0.7,fourier_country
UGA,1997,46,1997-11-10,1997-11-16,47.1168,3.3939,JHU,0.7,fourier_country
UGA,1997,47,1997-11-17,1997-11-23,50.5085,3.6382,JHU,0.7,fourier_country
UGA,1997,48,1997-11-24,1997-11-30,54.0877,3.896,JHU,0.7,fourier_country
UGA,1997,49,1997-12-01,1997-12-07,57.7902,4.1627,JHU,0.7,fourier_country
UGA,1997,50,1997-12-08,1997-12-14,61.5383,4.4326,JHU,0.7,fourier_country
UGA,1997,51,1997-12-15,1997-12-21,65.2434,4.6995,JHU,0.7,fourier_country
UGA,1997,52,1997-12-22,1997-12-28,68.8091,4.9564,JHU,0.7,fourier_country
UGA,1998,1,1997-12-29,1998-01-04,72.1353,5.196,JHU,0.7,fourier_country
UGA,1998,2,1998-01-05,1998-01-11,1426.9578,59.483,JHU,0.7,fourier_country
UGA,1998,3,1998-01-12,1998-01-18,1475.4575,61.5047,JHU,0.7,fourier_country
UGA,1998,4,1998-01-19,1998-01-25,1514.091,63.1152,JHU,0.7,fourier_country
UGA,1998,5,1998-01-26,1998-02-01,1541.4863,64.2571,JHU,0.7,fourier_country
UGA,1998,6,1998-02-02,1998-02-08,1556.5909,64.8868,JHU,0.7,fourier_country
UGA,1998,7,1998-02-09,1998-02-15,1558.7248,64.9757,JHU,0.7,fourier_country
UGA,1998,8,1998-02-16,1998-02-22,1547.6178,64.5127,JHU,0.7,fourier_country
UGA,1998,9,1998-02-23,1998-03-01,1523.4268,63.5043,JHU,0.7,fourier_country
UGA,1998,10,1998-03-02,1998-03-08,1486.7339,61.9748,JHU,0.7,fourier_country
UGA,1998,11,1998-03-09,1998-03-15,1438.5249,59.9652,JHU,0.7,fourier_country
UGA,1998,12,1998-03-16,1998-03-22,1380.1483,57.5317,JHU,0.7,fourier_country
UGA,1998,13,1998-03-23,1998-03-29,1313.2584,54.7434,JHU,0.7,fourier_country
UGA,1998,14,1998-03-30,1998-04-05,1239.7444,51.679,JHU,0.7,fourier_country
UGA,1998,15,1998-04-06,1998-04-12,1161.6498,48.4236,JHU,0.7,fourier_country
UGA,1998,16,1998-04-13,1998-04-19,1081.086,45.0653,JHU,0.7,fourier_country
UGA,1998,17,1998-04-20,1998-04-26,1000.1454,41.6912,JHU,0.7,fourier_country
UGA,1998,18,1998-04-27,1998-05-03,920.8168,38.3844,JHU,0.7,fourier_country
UGA,1998,19,1998-05-04,1998-05-10,844.9103,35.2202,JHU,0.7,fourier_country
UGA,1998,20,1998-05-11,1998-05-17,773.9923,32.264,JHU,0.7,fourier_country
UGA,1998,21,1998-05-18,1998-05-24,709.3361,29.5688,JHU,0.7,fourier_country
UGA,1998,22,1998-05-25,1998-05-31,651.8896,27.1741,JHU,0.7,fourier_country
UGA,1998,23,1998-06-01,1998-06-07,602.2611,25.1054,JHU,0.7,fourier_country
UGA,1998,24,1998-06-08,1998-06-14,560.7236,23.3739,JHU,0.7,fourier_country
UGA,1998,25,1998-06-15,1998-06-21,527.2374,21.978,JHU,0.7,fourier_country
UGA,1998,26,1998-06-22,1998-06-28,501.4876,20.9046,JHU,0.7,fourier_country
UGA,1998,27,1998-06-29,1998-07-05,482.936,20.1313,JHU,0.7,fourier_country
UGA,1998,28,1998-07-06,1998-07-12,470.8816,19.6288,JHU,0.7,fourier_country
UGA,1998,29,1998-07-13,1998-07-19,464.5275,19.3639,JHU,0.7,fourier_country
UGA,1998,30,1998-07-20,1998-07-26,463.049,19.3023,JHU,0.7,fourier_country
UGA,1998,31,1998-07-27,1998-08-02,465.6589,19.4111,JHU,0.7,fourier_country
UGA,1998,32,1998-08-03,1998-08-09,471.6659,19.6615,JHU,0.7,fourier_country
UGA,1998,33,1998-08-10,1998-08-16,480.523,20.0307,JHU,0.7,fourier_country
UGA,1998,34,1998-08-17,1998-08-23,491.8617,20.5033,JHU,0.7,fourier_country
UGA,1998,35,1998-08-24,1998-08-30,505.5117,21.0723,JHU,0.7,fourier_country
UGA,1998,36,1998-08-31,1998-09-06,521.5034,21.739,JHU,0.7,fourier_country
UGA,1998,37,1998-09-07,1998-09-13,540.0541,22.5123,JHU,0.7,fourier_country
UGA,1998,38,1998-09-14,1998-09-20,561.539,23.4079,JHU,0.7,fourier_country
UGA,1998,39,1998-09-21,1998-09-27,586.4477,24.4462,JHU,0.7,fourier_country
UGA,1998,40,1998-09-28,1998-10-04,615.3309,25.6502,JHU,0.7,fourier_country
UGA,1998,41,1998-10-05,1998-10-11,648.7389,27.0428,JHU,0.7,fourier_country
UGA,1998,42,1998-10-12,1998-10-18,687.1571,28.6443,JHU,0.7,fourier_country
UGA,1998,43,1998-10-19,1998-10-25,730.9428,30.4695,JHU,0.7,fourier_country
UGA,1998,44,1998-10-26,1998-11-01,780.2661,32.5255,JHU,0.7,fourier_country
UGA,1998,45,1998-11-02,1998-11-08,835.061,34.8097,JHU,0.7,fourier_country
UGA,1998,46,1998-11-09,1998-11-15,894.9881,37.3077,JHU,0.7,fourier_country
UGA,1998,47,1998-11-16,1998-11-22,959.4125,39.9933,JHU,0.7,fourier_country
UGA,1998,48,1998-11-23,1998-11-29,1027.4001,42.8274,JHU,0.7,fourier_country
UGA,1998,49,1998-11-30,1998-12-06,1097.7298,45.7591,JHU,0.7,fourier_country
UGA,1998,50,1998-12-07,1998-12-13,1168.9255,48.7269,JHU,0.7,fourier_country
UGA,1998,51,1998-12-14,1998-12-20,1239.3035,51.6606,JHU,0.7,fourier_country
UGA,1998,52,1998-12-21,1998-12-27,1307.0344,54.484,JHU,0.7,fourier_country
UGA,1998,53,1998-12-28,1999-01-03,1307.0344,54.484,JHU,0.7,fourier_country
UGA,1999,1,1999-01-04,1999-01-10,143.3201,6.3095,JHU,0.7,fourier_country
UGA,1999,2,1999-01-11,1999-01-17,149.2551,6.5708,JHU,0.7,fourier_country
UGA,1999,3,1999-01-18,1999-01-24,154.328,6.7941,JHU,0.7,fourier_country
UGA,1999,4,1999-01-25,1999-01-31,158.3689,6.972,JHU,0.7,fourier_country
UGA,1999,5,1999-02-01,1999-02-07,161.2344,7.0982,JHU,0.7,fourier_country
UGA,1999,6,1999-02-08,1999-02-14,162.8142,7.1677,JHU,0.7,fourier_country
UGA,1999,7,1999-02-15,1999-02-21,163.0374,7.1776,JHU,0.7,fourier_country
UGA,1999,8,1999-02-22,1999-02-28,161.8757,7.1264,JHU,0.7,fourier_country
UGA,1999,9,1999-03-01,1999-03-07,159.3454,7.015,JHU,0.7,fourier_country
UGA,1999,10,1999-03-08,1999-03-14,155.5074,6.8461,JHU,0.7,fourier_country
UGA,1999,11,1999-03-15,1999-03-21,150.4649,6.6241,JHU,0.7,fourier_country
UGA,1999,12,1999-03-22,1999-03-28,144.3589,6.3552,JHU,0.7,fourier_country
UGA,1999,13,1999-03-29,1999-04-04,137.3625,6.0472,JHU,0.7,fourier_country
UGA,1999,14,1999-04-05,1999-04-11,129.6731,5.7087,JHU,0.7,fourier_country
UGA,1999,15,1999-04-12,1999-04-18,121.5047,5.3491,JHU,0.7,fourier_country
UGA,1999,16,1999-04-19,1999-04-25,113.078,4.9781,JHU,0.7,fourier_country
UGA,1999,17,1999-04-26,1999-05-02,104.6119,4.6054,JHU,0.7,fourier_country
UGA,1999,18,1999-05-03,1999-05-09,96.3144,4.2401,JHU,0.7,fourier_country
UGA,1999,19,1999-05-10,1999-05-16,88.3748,3.8906,JHU,0.7,fourier_country
UGA,1999,20,1999-05-17,1999-05-23,80.957,3.564,JHU,0.7,fourier_country
UGA,1999,21,1999-05-24,1999-05-30,74.1942,3.2663,JHU,0.7,fourier_country
UGA,1999,22,1999-05-31,1999-06-06,68.1855,3.0018,JHU,0.7,fourier_country
UGA,1999,23,1999-06-07,1999-06-13,62.9945,2.7733,JHU,0.7,fourier_country
UGA,1999,24,1999-06-14,1999-06-20,58.6498,2.582,JHU,0.7,fourier_country
UGA,1999,25,1999-06-21,1999-06-27,55.1473,2.4278,JHU,0.7,fourier_country
UGA,1999,26,1999-06-28,1999-07-04,52.4539,2.3092,JHU,0.7,fourier_country
UGA,1999,27,1999-07-05,1999-07-11,50.5135,2.2238,JHU,0.7,fourier_country
UGA,1999,28,1999-07-12,1999-07-18,49.2527,2.1683,JHU,0.7,fourier_country
UGA,1999,29,1999-07-19,1999-07-25,48.588,2.139,JHU,0.7,fourier_country
UGA,1999,30,1999-07-26,1999-08-01,48.4334,2.1322,JHU,0.7,fourier_country
UGA,1999,31,1999-08-02,1999-08-08,48.7064,2.1442,JHU,0.7,fourier_country
UGA,1999,32,1999-08-09,1999-08-15,49.3347,2.1719,JHU,0.7,fourier_country
UGA,1999,33,1999-08-16,1999-08-22,50.2611,2.2127,JHU,0.7,fourier_country
UGA,1999,34,1999-08-23,1999-08-29,51.4471,2.2649,JHU,0.7,fourier_country
UGA,1999,35,1999-08-30,1999-09-05,52.8748,2.3278,JHU,0.7,fourier_country
UGA,1999,36,1999-09-06,1999-09-12,54.5475,2.4014,JHU,0.7,fourier_country
UGA,1999,37,1999-09-13,1999-09-19,56.4879,2.4868,JHU,0.7,fourier_country
UGA,1999,38,1999-09-20,1999-09-26,58.7351,2.5858,JHU,0.7,fourier_country
UGA,1999,39,1999-09-27,1999-10-03,61.3405,2.7005,JHU,0.7,fourier_country
UGA,1999,40,1999-10-04,1999-10-10,64.3616,2.8335,JHU,0.7,fourier_country
UGA,1999,41,1999-10-11,1999-10-17,67.8559,2.9873,JHU,0.7,fourier_country
UGA,1999,42,1999-10-18,1999-10-24,71.8744,3.1642,JHU,0.7,fourier_country
UGA,1999,43,1999-10-25,1999-10-31,76.4542,3.3658,JHU,0.7,fourier_country
UGA,1999,44,1999-11-01,1999-11-07,81.6132,3.5929,JHU,0.7,fourier_country
UGA,1999,45,1999-11-08,1999-11-14,87.3446,3.8453,JHU,0.7,fourier_country
UGA,1999,46,1999-11-15,1999-11-21,93.6128,4.1212,JHU,0.7,fourier_country
UGA,1999,47,1999-11-22,1999-11-28,100.3514,4.4179,JHU,0.7,fourier_country
UGA,1999,48,1999-11-29,1999-12-05,107.4626,4.7309,JHU,0.7,fourier_country
UGA,1999,49,1999-12-06,1999-12-12,114.8189,5.0548,JHU,0.7,fourier_country
UGA,1999,50,1999-12-13,1999-12-19,122.2657,5.3826,JHU,0.7,fourier_country
UGA,1999,51,1999-12-20,1999-12-26,129.627,5.7067,JHU,0.7,fourier_country
UGA,1999,52,1999-12-27,2000-01-02,136.7115,6.0186,JHU,0.7,fourier_country
UGA,2000,1,2000-01-03,2000-01-09,77.679,4.7598,JHU,0.7,fourier_country
UGA,2000,2,2000-01-10,2000-01-16,80.8957,4.9569,JHU,0.7,fourier_country
UGA,2000,3,2000-01-17,2000-01-23,83.6452,5.1254,JHU,0.7,fourier_country
UGA,2000,4,2000-01-24,2000-01-30,85.8354,5.2596,JHU,0.7,fourier_country
UGA,2000,5,2000-01-31,2000-02-06,87.3885,5.3548,JHU,0.7,fourier_country
UGA,2000,6,2000-02-07,2000-02-13,88.2448,5.4072,JHU,0.7,fourier_country
UGA,2000,7,2000-02-14,2000-02-20,88.3657,5.4146,JHU,0.7,fourier_country
UGA,2000,8,2000-02-21,2000-02-27,87.7361,5.3761,JHU,0.7,fourier_country
UGA,2000,9,2000-02-28,2000-03-05,86.3646,5.292,JHU,0.7,fourier_country
UGA,2000,10,2000-03-06,2000-03-12,84.2845,5.1646,JHU,0.7,fourier_country
UGA,2000,11,2000-03-13,2000-03-19,81.5515,4.9971,JHU,0.7,fourier_country
UGA,2000,12,2000-03-20,2000-03-26,78.242,4.7943,JHU,0.7,fourier_country
UGA,2000,13,2000-03-27,2000-04-02,74.45,4.562,JHU,0.7,fourier_country
UGA,2000,14,2000-04-03,2000-04-09,70.2824,4.3066,JHU,0.7,fourier_country
UGA,2000,15,2000-04-10,2000-04-16,65.8551,4.0353,JHU,0.7,fourier_country
UGA,2000,16,2000-04-17,2000-04-23,61.2879,3.7554,JHU,0.7,fourier_country
UGA,2000,17,2000-04-24,2000-04-30,56.6993,3.4743,JHU,0.7,fourier_country
UGA,2000,18,2000-05-01,2000-05-07,52.2021,3.1987,JHU,0.7,fourier_country
UGA,2000,19,2000-05-08,2000-05-14,47.8988,2.935,JHU,0.7,fourier_country
UGA,2000,20,2000-05-15,2000-05-21,43.8784,2.6887,JHU,0.7,fourier_country
UGA,2000,21,2000-05-22,2000-05-28,40.213,2.4641,JHU,0.7,fourier_country
UGA,2000,22,2000-05-29,2000-06-04,36.9563,2.2645,JHU,0.7,fourier_country
UGA,2000,23,2000-06-05,2000-06-11,34.1428,2.0921,JHU,0.7,fourier_country
UGA,2000,24,2000-06-12,2000-06-18,31.788,1.9478,JHU,0.7,fourier_country
UGA,2000,25,2000-06-19,2000-06-25,29.8896,1.8315,JHU,0.7,fourier_country
UGA,2000,26,2000-06-26,2000-07-02,28.4299,1.7421,JHU,0.7,fourier_country
UGA,2000,27,2000-07-03,2000-07-09,27.3781,1.6776,JHU,0.7,fourier_country
UGA,2000,28,2000-07-10,2000-07-16,26.6948,1.6357,JHU,0.7,fourier_country
UGA,2000,29,2000-07-17,2000-07-23,26.3345,1.6137,JHU,0.7,fourier_country
UGA,2000,30,2000-07-24,2000-07-30,26.2507,1.6085,JHU,0.7,fourier_country
UGA,2000,31,2000-07-31,2000-08-06,26.3987,1.6176,JHU,0.7,fourier_country
UGA,2000,32,2000-08-07,2000-08-13,26.7392,1.6385,JHU,0.7,fourier_country
UGA,2000,33,2000-08-14,2000-08-20,27.2413,1.6692,JHU,0.7,fourier_country
UGA,2000,34,2000-08-21,2000-08-27,27.8841,1.7086,JHU,0.7,fourier_country
UGA,2000,35,2000-08-28,2000-09-03,28.658,1.756,JHU,0.7,fourier_country
UGA,2000,36,2000-09-04,2000-09-10,29.5646,1.8116,JHU,0.7,fourier_country
UGA,2000,37,2000-09-11,2000-09-17,30.6162,1.876,JHU,0.7,fourier_country
UGA,2000,38,2000-09-18,2000-09-24,31.8342,1.9507,JHU,0.7,fourier_country
UGA,2000,39,2000-09-25,2000-10-01,33.2463,2.0372,JHU,0.7,fourier_country
UGA,2000,40,2000-10-02,2000-10-08,34.8837,2.1375,JHU,0.7,fourier_country
UGA,2000,41,2000-10-09,2000-10-15,36.7777,2.2536,JHU,0.7,fourier_country
UGA,2000,42,2000-10-16,2000-10-22,38.9556,2.387,JHU,0.7,fourier_country
UGA,2000,43,2000-10-23,2000-10-29,41.4379,2.5391,JHU,0.7,fourier_country
UGA,2000,44,2000-10-30,2000-11-05,44.2341,2.7105,JHU,0.7,fourier_country
UGA,2000,45,2000-11-06,2000-11-12,47.3405,2.9008,JHU,0.7,fourier_country
UGA,2000,46,2000-11-13,2000-11-19,50.7378,3.109,JHU,0.7,fourier_country
UGA,2000,47,2000-11-20,2000-11-26,54.3901,3.3328,JHU,0.7,fourier_country
UGA,2000,48,2000-11-27,2000-12-03,58.2444,3.5689,JHU,0.7,fourier_country
UGA,2000,49,2000-12-04,2000-12-10,62.2314,3.8133,JHU,0.7,fourier_country
UGA,2000,50,2000-12-11,2000-12-17,66.2676,4.0606,JHU,0.7,fourier_country
UGA,2000,51,2000-12-18,2000-12-24,70.2574,4.305,JHU,0.7,fourier_country
UGA,2000,52,2000-12-25,2000-12-31,74.0971,4.5403,JHU,0.7,fourier_country
UGA,2001,1,2001-01-01,2001-01-07,6.8266,0.1106,JHU,0.7,fourier_country
UGA,2001,2,2001-01-08,2001-01-14,7.1093,0.1151,JHU,0.7,fourier_country
UGA,2001,3,2001-01-15,2001-01-21,7.3509,0.119,JHU,0.7,fourier_country
UGA,2001,4,2001-01-22,2001-01-28,7.5434,0.1222,JHU,0.7,fourier_country
UGA,2001,5,2001-01-29,2001-02-04,7.6799,0.1244,JHU,0.7,fourier_country
UGA,2001,6,2001-02-05,2001-02-11,7.7551,0.1256,JHU,0.7,fourier_country
UGA,2001,7,2001-02-12,2001-02-18,7.7658,0.1258,JHU,0.7,fourier_country
UGA,2001,8,2001-02-19,2001-02-25,7.7104,0.1249,JHU,0.7,fourier_country
UGA,2001,9,2001-02-26,2001-03-04,7.5899,0.1229,JHU,0.7,fourier_country
UGA,2001,10,2001-03-05,2001-03-11,7.4071,0.12,JHU,0.7,fourier_country
UGA,2001,11,2001-03-12,2001-03-18,7.1669,0.1161,JHU,0.7,fourier_country
UGA,2001,12,2001-03-19,2001-03-25,6.8761,0.1114,JHU,0.7,fourier_country
UGA,2001,13,2001-03-26,2001-04-01,6.5428,0.106,JHU,0.7,fourier_country
UGA,2001,14,2001-04-02,2001-04-08,6.1766,0.1,JHU,0.7,fourier_country
UGA,2001,15,2001-04-09,2001-04-15,5.7875,0.0937,JHU,0.7,fourier_country
UGA,2001,16,2001-04-16,2001-04-22,5.3861,0.0872,JHU,0.7,fourier_country
UGA,2001,17,2001-04-23,2001-04-29,4.9829,0.0807,JHU,0.7,fourier_country
UGA,2001,18,2001-04-30,2001-05-06,4.5876,0.0743,JHU,0.7,fourier_country
UGA,2001,19,2001-05-07,2001-05-13,4.2095,0.0682,JHU,0.7,fourier_country
UGA,2001,20,2001-05-14,2001-05-20,3.8561,0.0624,JHU,0.7,fourier_country
UGA,2001,21,2001-05-21,2001-05-27,3.534,0.0572,JHU,0.7,fourier_country
UGA,2001,22,2001-05-28,2001-06-03,3.2478,0.0526,JHU,0.7,fourier_country
UGA,2001,23,2001-06-04,2001-06-10,3.0005,0.0486,JHU,0.7,fourier_country
UGA,2001,24,2001-06-11,2001-06-17,2.7936,0.0452,JHU,0.7,fourier_country
UGA,2001,25,2001-06-18,2001-06-24,2.6268,0.0425,JHU,0.7,fourier_country
UGA,2001,26,2001-06-25,2001-07-01,2.4985,0.0405,JHU,0.7,fourier_country
UGA,2001,27,2001-07-02,2001-07-08,2.4061,0.039,JHU,0.7,fourier_country
UGA,2001,28,2001-07-09,2001-07-15,2.346,0.038,JHU,0.7,fourier_country
UGA,2001,29,2001-07-16,2001-07-22,2.3143,0.0375,JHU,0.7,fourier_country
UGA,2001,30,2001-07-23,2001-07-29,2.307,0.0374,JHU,0.7,fourier_country
UGA,2001,31,2001-07-30,2001-08-05,2.32,0.0376,JHU,0.7,fourier_country
UGA,2001,32,2001-08-06,2001-08-12,2.3499,0.0381,JHU,0.7,fourier_country
UGA,2001,33,2001-08-13,2001-08-19,2.394,0.0388,JHU,0.7,fourier_country
UGA,2001,34,2001-08-20,2001-08-26,2.4505,0.0397,JHU,0.7,fourier_country
UGA,2001,35,2001-08-27,2001-09-02,2.5185,0.0408,JHU,0.7,fourier_country
UGA,2001,36,2001-09-03,2001-09-09,2.5982,0.0421,JHU,0.7,fourier_country
UGA,2001,37,2001-09-10,2001-09-16,2.6906,0.0436,JHU,0.7,fourier_country
UGA,2001,38,2001-09-17,2001-09-23,2.7977,0.0453,JHU,0.7,fourier_country
UGA,2001,39,2001-09-24,2001-09-30,2.9218,0.0473,JHU,0.7,fourier_country
UGA,2001,40,2001-10-01,2001-10-07,3.0657,0.0496,JHU,0.7,fourier_country
UGA,2001,41,2001-10-08,2001-10-14,3.2321,0.0523,JHU,0.7,fourier_country
UGA,2001,42,2001-10-15,2001-10-21,3.4235,0.0554,JHU,0.7,fourier_country
UGA,2001,43,2001-10-22,2001-10-28,3.6417,0.059,JHU,0.7,fourier_country
UGA,2001,44,2001-10-29,2001-11-04,3.8874,0.063,JHU,0.7,fourier_country
UGA,2001,45,2001-11-05,2001-11-11,4.1604,0.0674,JHU,0.7,fourier_country
UGA,2001,46,2001-11-12,2001-11-18,4.4589,0.0722,JHU,0.7,fourier_country
UGA,2001,47,2001-11-19,2001-11-25,4.7799,0.0774,JHU,0.7,fourier_country
UGA,2001,48,2001-11-26,2001-12-02,5.1186,0.0829,JHU,0.7,fourier_country
UGA,2001,49,2001-12-03,2001-12-09,5.469,0.0886,JHU,0.7,fourier_country
UGA,2001,50,2001-12-10,2001-12-16,5.8237,0.0943,JHU,0.7,fourier_country
UGA,2001,51,2001-12-17,2001-12-23,6.1744,0.1,JHU,0.7,fourier_country
UGA,2001,52,2001-12-24,2001-12-30,6.5118,0.1055,JHU,0.7,fourier_country
UGA,2002,1,2001-12-31,2002-01-06,6.8266,0.1106,JHU,0.7,fourier_country
UGA,2002,2,2002-01-07,2002-01-13,65.4515,3.8281,JHU,0.7,fourier_country
UGA,2002,3,2002-01-14,2002-01-20,67.6761,3.9582,JHU,0.7,fourier_country
UGA,2002,4,2002-01-21,2002-01-27,69.4481,4.0618,JHU,0.7,fourier_country
UGA,2002,5,2002-01-28,2002-02-03,70.7047,4.1353,JHU,0.7,fourier_country
UGA,2002,6,2002-02-04,2002-02-10,71.3975,4.1758,JHU,0.7,fourier_country
UGA,2002,7,2002-02-11,2002-02-17,71.4954,4.1816,JHU,0.7,fourier_country
UGA,2002,8,2002-02-18,2002-02-24,70.9859,4.1518,JHU,0.7,fourier_country
UGA,2002,9,2002-02-25,2002-03-03,69.8763,4.0869,JHU,0.7,fourier_country
UGA,2002,10,2002-03-04,2002-03-10,68.1933,3.9884,JHU,0.7,fourier_country
UGA,2002,11,2002-03-11,2002-03-17,65.9821,3.8591,JHU,0.7,fourier_country
UGA,2002,12,2002-03-18,2002-03-24,63.3045,3.7025,JHU,0.7,fourier_country
UGA,2002,13,2002-03-25,2002-03-31,60.2364,3.5231,JHU,0.7,fourier_country
UGA,2002,14,2002-04-01,2002-04-07,56.8644,3.3258,JHU,0.7,fourier_country
UGA,2002,15,2002-04-08,2002-04-14,53.2824,3.1163,JHU,0.7,fourier_country
UGA,2002,16,2002-04-15,2002-04-21,49.5871,2.9002,JHU,0.7,fourier_country
UGA,2002,17,2002-04-22,2002-04-28,45.8745,2.6831,JHU,0.7,fourier_country
UGA,2002,18,2002-04-29,2002-05-05,42.2359,2.4703,JHU,0.7,fourier_country
UGA,2002,19,2002-05-06,2002-05-12,38.7542,2.2666,JHU,0.7,fourier_country
UGA,2002,20,2002-05-13,2002-05-19,35.5014,2.0764,JHU,0.7,fourier_country
UGA,2002,21,2002-05-20,2002-05-26,32.5357,1.9029,JHU,0.7,fourier_country
UGA,2002,22,2002-05-27,2002-06-02,29.9008,1.7488,JHU,0.7,fourier_country
UGA,2002,23,2002-06-03,2002-06-09,27.6244,1.6157,JHU,0.7,fourier_country
UGA,2002,24,2002-06-10,2002-06-16,25.7192,1.5042,JHU,0.7,fourier_country
UGA,2002,25,2002-06-17,2002-06-23,24.1833,1.4144,JHU,0.7,fourier_country
UGA,2002,26,2002-06-24,2002-06-30,23.0022,1.3453,JHU,0.7,fourier_country
UGA,2002,27,2002-07-01,2002-07-07,22.1512,1.2956,JHU,0.7,fourier_country
UGA,2002,28,2002-07-08,2002-07-14,21.5983,1.2632,JHU,0.7,fourier_country
UGA,2002,29,2002-07-15,2002-07-21,21.3069,1.2462,JHU,0.7,fourier_country
UGA,2002,30,2002-07-22,2002-07-28,21.2391,1.2422,JHU,0.7,fourier_country
UGA,2002,31,2002-07-29,2002-08-04,21.3588,1.2492,JHU,0.7,fourier_country
UGA,2002,32,2002-08-05,2002-08-11,21.6343,1.2653,JHU,0.7,fourier_country
UGA,2002,33,2002-08-12,2002-08-18,22.0406,1.2891,JHU,0.7,fourier_country
UGA,2002,34,2002-08-19,2002-08-25,22.5607,1.3195,JHU,0.7,fourier_country
UGA,2002,35,2002-08-26,2002-09-01,23.1867,1.3561,JHU,0.7,fourier_country
UGA,2002,36,2002-09-02,2002-09-08,23.9203,1.399,JHU,0.7,fourier_country
UGA,2002,37,2002-09-09,2002-09-15,24.7711,1.4488,JHU,0.7,fourier_country
UGA,2002,38,2002-09-16,2002-09-22,25.7566,1.5064,JHU,0.7,fourier_country
UGA,2002,39,2002-09-23,2002-09-29,26.8991,1.5733,JHU,0.7,fourier_country
UGA,2002,40,2002-09-30,2002-10-06,28.2239,1.6507,JHU,0.7,fourier_country
UGA,2002,41,2002-10-07,2002-10-13,29.7563,1.7404,JHU,0.7,fourier_country
UGA,2002,42,2002-10-14,2002-10-20,31.5184,1.8434,JHU,0.7,fourier_country
UGA,2002,43,2002-10-21,2002-10-27,33.5268,1.9609,JHU,0.7,fourier_country
UGA,2002,44,2002-10-28,2002-11-03,35.7891,2.0932,JHU,0.7,fourier_country
UGA,2002,45,2002-11-04,2002-11-10,38.3025,2.2402,JHU,0.7,fourier_country
UGA,2002,46,2002-11-11,2002-11-17,41.0512,2.401,JHU,0.7,fourier_country
UGA,2002,47,2002-11-18,2002-11-24,44.0062,2.5738,JHU,0.7,fourier_country
UGA,2002,48,2002-11-25,2002-12-01,47.1247,2.7562,JHU,0.7,fourier_country
UGA,2002,49,2002-12-02,2002-12-08,50.3505,2.9449,JHU,0.7,fourier_country
UGA,2002,50,2002-12-09,2002-12-15,53.6161,3.1359,JHU,0.7,fourier_country
UGA,2002,51,2002-12-16,2002-12-22,56.8442,3.3247,JHU,0.7,fourier_country
UGA,2002,52,2002-12-23,2002-12-29,59.9509,3.5064,JHU,0.7,fourier_country
UGA,2003,1,2002-12-30,2003-01-05,62.8489,3.6759,JHU,0.7,fourier_country
UGA,2003,2,2003-01-06,2003-01-12,125.9812,3.7129,JHU,0.7,fourier_country
UGA,2003,3,2003-01-13,2003-01-19,130.2631,3.8391,JHU,0.7,fourier_country
UGA,2003,4,2003-01-20,2003-01-26,133.6739,3.9397,JHU,0.7,fourier_country
UGA,2003,5,2003-01-27,2003-02-02,136.0926,4.011,JHU,0.7,fourier_country
UGA,2003,6,2003-02-03,2003-02-09,137.4261,4.0503,JHU,0.7,fourier_country
UGA,2003,7,2003-02-10,2003-02-16,137.6145,4.0558,JHU,0.7,fourier_country
UGA,2003,8,2003-02-17,2003-02-23,136.6339,4.0269,JHU,0.7,fourier_country
UGA,2003,9,2003-02-24,2003-03-02,134.4981,3.964,JHU,0.7,fourier_country
UGA,2003,10,2003-03-03,2003-03-09,131.2587,3.8685,JHU,0.7,fourier_country
UGA,2003,11,2003-03-10,2003-03-16,127.0024,3.743,JHU,0.7,fourier_country
UGA,2003,12,2003-03-17,2003-03-23,121.8486,3.5912,JHU,0.7,fourier_country
UGA,2003,13,2003-03-24,2003-03-30,115.9431,3.4171,JHU,0.7,fourier_country
UGA,2003,14,2003-03-31,2003-04-06,109.4528,3.2258,JHU,0.7,fourier_country
UGA,2003,15,2003-04-07,2003-04-13,102.5581,3.0226,JHU,0.7,fourier_country
UGA,2003,16,2003-04-14,2003-04-20,95.4454,2.813,JHU,0.7,fourier_country
UGA,2003,17,2003-04-21,2003-04-27,88.2994,2.6024,JHU,0.7,fourier_country
UGA,2003,18,2003-04-28,2003-05-04,81.2958,2.396,JHU,0.7,fourier_country
UGA,2003,19,2003-05-05,2003-05-11,74.5942,2.1985,JHU,0.7,fourier_country
UGA,2003,20,2003-05-12,2003-05-18,68.3331,2.0139,JHU,0.7,fourier_country
UGA,2003,21,2003-05-19,2003-05-25,62.6249,1.8457,JHU,0.7,fourier_country
UGA,2003,22,2003-05-26,2003-06-01,57.5531,1.6962,JHU,0.7,fourier_country
UGA,2003,23,2003-06-02,2003-06-08,53.1716,1.5671,JHU,0.7,fourier_country
UGA,2003,24,2003-06-09,2003-06-15,49.5044,1.459,JHU,0.7,fourier_country
UGA,2003,25,2003-06-16,2003-06-22,46.548,1.3719,JHU,0.7,fourier_country
UGA,2003,26,2003-06-23,2003-06-29,44.2746,1.3049,JHU,0.7,fourier_country
UGA,2003,27,2003-06-30,2003-07-06,42.6368,1.2566,JHU,0.7,fourier_country
UGA,2003,28,2003-07-07,2003-07-13,41.5725,1.2252,JHU,0.7,fourier_country
UGA,2003,29,2003-07-14,2003-07-20,41.0115,1.2087,JHU,0.7,fourier_country
UGA,2003,30,2003-07-21,2003-07-27,40.881,1.2049,JHU,0.7,fourier_country
UGA,2003,31,2003-07-28,2003-08-03,41.1114,1.2116,JHU,0.7,fourier_country
UGA,2003,32,2003-08-04,2003-08-10,41.6418,1.2273,JHU,0.7,fourier_country
UGA,2003,33,2003-08-11,2003-08-17,42.4237,1.2503,JHU,0.7,fourier_country
UGA,2003,34,2003-08-18,2003-08-24,43.4248,1.2798,JHU,0.7,fourier_country
UGA,2003,35,2003-08-25,2003-08-31,44.6299,1.3153,JHU,0.7,fourier_country
UGA,2003,36,2003-09-01,2003-09-07,46.0417,1.357,JHU,0.7,fourier_country
UGA,2003,37,2003-09-08,2003-09-14,47.6795,1.4052,JHU,0.7,fourier_country
UGA,2003,38,2003-09-15,2003-09-21,49.5764,1.4611,JHU,0.7,fourier_country
UGA,2003,39,2003-09-22,2003-09-28,51.7755,1.5259,JHU,0.7,fourier_country
UGA,2003,40,2003-09-29,2003-10-05,54.3255,1.6011,JHU,0.7,fourier_country
UGA,2003,41,2003-10-06,2003-10-12,57.2749,1.688,JHU,0.7,fourier_country
UGA,2003,42,2003-10-13,2003-10-19,60.6668,1.788,JHU,0.7,fourier_country
UGA,2003,43,2003-10-20,2003-10-26,64.5324,1.9019,JHU,0.7,fourier_country
UGA,2003,44,2003-10-27,2003-11-02,68.887,2.0303,JHU,0.7,fourier_country
UGA,2003,45,2003-11-03,2003-11-09,73.7247,2.1728,JHU,0.7,fourier_country
UGA,2003,46,2003-11-10,2003-11-16,79.0154,2.3288,JHU,0.7,fourier_country
UGA,2003,47,2003-11-17,2003-11-23,84.7033,2.4964,JHU,0.7,fourier_country
UGA,2003,48,2003-11-24,2003-11-30,90.7056,2.6733,JHU,0.7,fourier_country
UGA,2003,49,2003-12-01,2003-12-07,96.9148,2.8563,JHU,0.7,fourier_country
UGA,2003,50,2003-12-08,2003-12-14,103.2004,3.0415,JHU,0.7,fourier_country
UGA,2003,51,2003-12-15,2003-12-21,109.4139,3.2247,JHU,0.7,fourier_country
UGA,2003,52,2003-12-22,2003-12-28,115.3936,3.4009,JHU,0.7,fourier_country
UGA,2004,1,2003-12-29,2004-01-04,120.9718,3.5653,JHU,0.7,fourier_country
UGA,2004,2,2004-01-05,2004-01-11,97.4092,2.6226,JHU,0.7,fourier_country
UGA,2004,3,2004-01-12,2004-01-18,100.7199,2.7117,JHU,0.7,fourier_country
UGA,2004,4,2004-01-19,2004-01-25,103.3572,2.7827,JHU,0.7,fourier_country
UGA,2004,5,2004-01-26,2004-02-01,105.2273,2.833,JHU,0.7,fourier_country
UGA,2004,6,2004-02-02,2004-02-08,106.2584,2.8608,JHU,0.7,fourier_country
UGA,2004,7,2004-02-09,2004-02-15,106.404,2.8647,JHU,0.7,fourier_country
UGA,2004,8,2004-02-16,2004-02-22,105.6458,2.8443,JHU,0.7,fourier_country
UGA,2004,9,2004-02-23,2004-02-29,103.9945,2.7999,JHU,0.7,fourier_country
UGA,2004,10,2004-03-01,2004-03-07,101.4897,2.7324,JHU,0.7,fourier_country
UGA,2004,11,2004-03-08,2004-03-14,98.1988,2.6438,JHU,0.7,fourier_country
UGA,2004,12,2004-03-15,2004-03-21,94.2138,2.5365,JHU,0.7,fourier_country
UGA,2004,13,2004-03-22,2004-03-28,89.6476,2.4136,JHU,0.7,fourier_country
UGA,2004,14,2004-03-29,2004-04-04,84.6293,2.2785,JHU,0.7,fourier_country
UGA,2004,15,2004-04-05,2004-04-11,79.2983,2.135,JHU,0.7,fourier_country
UGA,2004,16,2004-04-12,2004-04-18,73.7987,1.9869,JHU,0.7,fourier_country
UGA,2004,17,2004-04-19,2004-04-25,68.2734,1.8381,JHU,0.7,fourier_country
UGA,2004,18,2004-04-26,2004-05-02,62.8582,1.6923,JHU,0.7,fourier_country
UGA,2004,19,2004-05-03,2004-05-09,57.6766,1.5528,JHU,0.7,fourier_country
UGA,2004,20,2004-05-10,2004-05-16,52.8354,1.4225,JHU,0.7,fourier_country
UGA,2004,21,2004-05-17,2004-05-23,48.4218,1.3037,JHU,0.7,fourier_country
UGA,2004,22,2004-05-24,2004-05-30,44.5003,1.1981,JHU,0.7,fourier_country
UGA,2004,23,2004-05-31,2004-06-06,41.1125,1.1069,JHU,0.7,fourier_country
UGA,2004,24,2004-06-07,2004-06-13,38.277,1.0305,JHU,0.7,fourier_country
UGA,2004,25,2004-06-14,2004-06-20,35.9911,0.969,JHU,0.7,fourier_country
UGA,2004,26,2004-06-21,2004-06-27,34.2333,0.9217,JHU,0.7,fourier_country
UGA,2004,27,2004-06-28,2004-07-04,32.9669,0.8876,JHU,0.7,fourier_country
UGA,2004,28,2004-07-05,2004-07-11,32.144,0.8654,JHU,0.7,fourier_country
UGA,2004,29,2004-07-12,2004-07-18,31.7103,0.8537,JHU,0.7,fourier_country
UGA,2004,30,2004-07-19,2004-07-25,31.6094,0.851,JHU,0.7,fourier_country
UGA,2004,31,2004-07-26,2004-08-01,31.7875,0.8558,JHU,0.7,fourier_country
UGA,2004,32,2004-08-02,2004-08-08,32.1976,0.8669,JHU,0.7,fourier_country
UGA,2004,33,2004-08-09,2004-08-15,32.8022,0.8831,JHU,0.7,fourier_country
UGA,2004,34,2004-08-16,2004-08-22,33.5762,0.904,JHU,0.7,fourier_country
UGA,2004,35,2004-08-23,2004-08-29,34.508,0.9291,JHU,0.7,fourier_country
UGA,2004,36,2004-08-30,2004-09-05,35.5997,0.9585,JHU,0.7,fourier_country
UGA,2004,37,2004-09-06,2004-09-12,36.866,0.9925,JHU,0.7,fourier_country
UGA,2004,38,2004-09-13,2004-09-19,38.3326,1.032,JHU,0.7,fourier_country
UGA,2004,39,2004-09-20,2004-09-26,40.033,1.0778,JHU,0.7,fourier_country
UGA,2004,40,2004-09-27,2004-10-03,42.0047,1.1309,JHU,0.7,fourier_country
UGA,2004,41,2004-10-04,2004-10-10,44.2852,1.1923,JHU,0.7,fourier_country
UGA,2004,42,2004-10-11,2004-10-17,46.9078,1.2629,JHU,0.7,fourier_country
UGA,2004,43,2004-10-18,2004-10-24,49.8967,1.3434,JHU,0.7,fourier_country
UGA,2004,44,2004-10-25,2004-10-31,53.2637,1.434,JHU,0.7,fourier_country
UGA,2004,45,2004-11-01,2004-11-07,57.0042,1.5347,JHU,0.7,fourier_country
UGA,2004,46,2004-11-08,2004-11-14,61.095,1.6449,JHU,0.7,fourier_country
UGA,2004,47,2004-11-15,2004-11-21,65.4929,1.7633,JHU,0.7,fourier_country
UGA,2004,48,2004-11-22,2004-11-28,70.1339,1.8882,JHU,0.7,fourier_country
UGA,2004,49,2004-11-29,2004-12-05,74.9349,2.0175,JHU,0.7,fourier_country
UGA,2004,50,2004-12-06,2004-12-12,79.795,2.1483,JHU,0.7,fourier_country
UGA,2004,51,2004-12-13,2004-12-19,84.5992,2.2777,JHU,0.7,fourier_country
UGA,2004,52,2004-12-20,2004-12-26,89.2228,2.4022,JHU,0.7,fourier_country
UGA,2004,53,2004-12-27,2005-01-02,89.2228,2.4022,JHU,0.7,fourier_country
UGA,2005,1,2005-01-03,2005-01-09,136.2634,2.712,JHU,0.7,fourier_country
UGA,2005,2,2005-01-10,2005-01-16,141.9061,2.8243,JHU,0.7,fourier_country
UGA,2005,3,2005-01-17,2005-01-23,146.7293,2.9203,JHU,0.7,fourier_country
UGA,2005,4,2005-01-24,2005-01-30,150.5712,2.9967,JHU,0.7,fourier_country
UGA,2005,5,2005-01-31,2005-02-06,153.2956,3.051,JHU,0.7,fourier_country
UGA,2005,6,2005-02-07,2005-02-13,154.7977,3.0809,JHU,0.7,fourier_country
UGA,2005,7,2005-02-14,2005-02-20,155.0099,3.0851,JHU,0.7,fourier_country
UGA,2005,8,2005-02-21,2005-02-27,153.9054,3.0631,JHU,0.7,fourier_country
UGA,2005,9,2005-02-28,2005-03-06,151.4996,3.0152,JHU,0.7,fourier_country
UGA,2005,10,2005-03-07,2005-03-13,147.8507,2.9426,JHU,0.7,fourier_country
UGA,2005,11,2005-03-14,2005-03-20,143.0564,2.8472,JHU,0.7,fourier_country
UGA,2005,12,2005-03-21,2005-03-27,137.2511,2.7316,JHU,0.7,fourier_country
UGA,2005,13,2005-03-28,2005-04-03,130.5991,2.5993,JHU,0.7,fourier_country
UGA,2005,14,2005-04-04,2005-04-10,123.2884,2.4537,JHU,0.7,fourier_country
UGA,2005,15,2005-04-11,2005-04-17,115.5221,2.2992,JHU,0.7,fourier_country
UGA,2005,16,2005-04-18,2005-04-24,107.5104,2.1397,JHU,0.7,fourier_country
UGA,2005,17,2005-04-25,2005-05-01,99.4611,1.9795,JHU,0.7,fourier_country
UGA,2005,18,2005-05-02,2005-05-08,91.5721,1.8225,JHU,0.7,fourier_country
UGA,2005,19,2005-05-09,2005-05-15,84.0235,1.6723,JHU,0.7,fourier_country
UGA,2005,20,2005-05-16,2005-05-22,76.9709,1.5319,JHU,0.7,fourier_country
UGA,2005,21,2005-05-23,2005-05-29,70.5411,1.4039,JHU,0.7,fourier_country
UGA,2005,22,2005-05-30,2005-06-05,64.8282,1.2902,JHU,0.7,fourier_country
UGA,2005,23,2005-06-06,2005-06-12,59.8928,1.192,JHU,0.7,fourier_country
UGA,2005,24,2005-06-13,2005-06-19,55.7621,1.1098,JHU,0.7,fourier_country
UGA,2005,25,2005-06-20,2005-06-26,52.432,1.0435,JHU,0.7,fourier_country
UGA,2005,26,2005-06-27,2005-07-03,49.8712,0.9926,JHU,0.7,fourier_country
UGA,2005,27,2005-07-04,2005-07-10,48.0264,0.9558,JHU,0.7,fourier_country
UGA,2005,28,2005-07-11,2005-07-17,46.8276,0.932,JHU,0.7,fourier_country
UGA,2005,29,2005-07-18,2005-07-24,46.1957,0.9194,JHU,0.7,fourier_country
UGA,2005,30,2005-07-25,2005-07-31,46.0487,0.9165,JHU,0.7,fourier_country
UGA,2005,31,2005-08-01,2005-08-07,46.3082,0.9216,JHU,0.7,fourier_country
UGA,2005,32,2005-08-08,2005-08-14,46.9056,0.9335,JHU,0.7,fourier_country
UGA,2005,33,2005-08-15,2005-08-21,47.7864,0.9511,JHU,0.7,fourier_country
UGA,2005,34,2005-08-22,2005-08-28,48.914,0.9735,JHU,0.7,fourier_country
UGA,2005,35,2005-08-29,2005-09-04,50.2714,1.0005,JHU,0.7,fourier_country
UGA,2005,36,2005-09-05,2005-09-11,51.8617,1.0322,JHU,0.7,fourier_country
UGA,2005,37,2005-09-12,2005-09-18,53.7066,1.0689,JHU,0.7,fourier_country
UGA,2005,38,2005-09-19,2005-09-25,55.8432,1.1114,JHU,0.7,fourier_country
UGA,2005,39,2005-09-26,2005-10-02,58.3202,1.1607,JHU,0.7,fourier_country
UGA,2005,40,2005-10-03,2005-10-09,61.1926,1.2179,JHU,0.7,fourier_country
UGA,2005,41,2005-10-10,2005-10-16,64.5149,1.284,JHU,0.7,fourier_country
UGA,2005,42,2005-10-17,2005-10-23,68.3355,1.36,JHU,0.7,fourier_country
UGA,2005,43,2005-10-24,2005-10-30,72.6898,1.4467,JHU,0.7,fourier_country
UGA,2005,44,2005-10-31,2005-11-06,77.5948,1.5443,JHU,0.7,fourier_country
UGA,2005,45,2005-11-07,2005-11-13,83.044,1.6528,JHU,0.7,fourier_country
UGA,2005,46,2005-11-14,2005-11-20,89.0035,1.7714,JHU,0.7,fourier_country
UGA,2005,47,2005-11-21,2005-11-27,95.4103,1.8989,JHU,0.7,fourier_country
UGA,2005,48,2005-11-28,2005-12-04,102.1715,2.0335,JHU,0.7,fourier_country
UGA,2005,49,2005-12-05,2005-12-11,109.1655,2.1727,JHU,0.7,fourier_country
UGA,2005,50,2005-12-12,2005-12-18,116.2457,2.3136,JHU,0.7,fourier_country
UGA,2005,51,2005-12-19,2005-12-25,123.2445,2.4529,JHU,0.7,fourier_country
UGA,2005,52,2005-12-26,2006-01-01,129.9802,2.5869,JHU,0.7,fourier_country
UGA,2006,1,2006-01-02,2006-01-08,143.7352,2.9334,JHU,0.7,fourier_country
UGA,2006,2,2006-01-09,2006-01-15,149.6873,3.0548,JHU,0.7,fourier_country
UGA,2006,3,2006-01-16,2006-01-22,154.7749,3.1587,JHU,0.7,fourier_country
UGA,2006,4,2006-01-23,2006-01-29,158.8276,3.2414,JHU,0.7,fourier_country
UGA,2006,5,2006-01-30,2006-02-05,161.7013,3.3,JHU,0.7,fourier_country
UGA,2006,6,2006-02-06,2006-02-12,163.2858,3.3324,JHU,0.7,fourier_country
UGA,2006,7,2006-02-13,2006-02-19,163.5096,3.3369,JHU,0.7,fourier_country
UGA,2006,8,2006-02-20,2006-02-26,162.3445,3.3132,JHU,0.7,fourier_country
UGA,2006,9,2006-02-27,2006-03-05,159.8069,3.2614,JHU,0.7,fourier_country
UGA,2006,10,2006-03-06,2006-03-12,155.9578,3.1828,JHU,0.7,fourier_country
UGA,2006,11,2006-03-13,2006-03-19,150.9007,3.0796,JHU,0.7,fourier_country
UGA,2006,12,2006-03-20,2006-03-26,144.777,2.9546,JHU,0.7,fourier_country
UGA,2006,13,2006-03-27,2006-04-02,137.7603,2.8114,JHU,0.7,fourier_country
UGA,2006,14,2006-04-03,2006-04-09,130.0487,2.6541,JHU,0.7,fourier_country
UGA,2006,15,2006-04-10,2006-04-16,121.8566,2.4869,JHU,0.7,fourier_country
UGA,2006,16,2006-04-17,2006-04-23,113.4055,2.3144,JHU,0.7,fourier_country
UGA,2006,17,2006-04-24,2006-04-30,104.9149,2.1411,JHU,0.7,fourier_country
UGA,2006,18,2006-05-01,2006-05-07,96.5933,1.9713,JHU,0.7,fourier_country
UGA,2006,19,2006-05-08,2006-05-14,88.6308,1.8088,JHU,0.7,fourier_country
UGA,2006,20,2006-05-15,2006-05-21,81.1915,1.657,JHU,0.7,fourier_country
UGA,2006,21,2006-05-22,2006-05-28,74.4091,1.5186,JHU,0.7,fourier_country
UGA,2006,22,2006-05-29,2006-06-04,68.383,1.3956,JHU,0.7,fourier_country
UGA,2006,23,2006-06-05,2006-06-11,63.177,1.2893,JHU,0.7,fourier_country
UGA,2006,24,2006-06-12,2006-06-18,58.8197,1.2004,JHU,0.7,fourier_country
UGA,2006,25,2006-06-19,2006-06-25,55.307,1.1287,JHU,0.7,fourier_country
UGA,2006,26,2006-06-26,2006-07-02,52.6059,1.0736,JHU,0.7,fourier_country
UGA,2006,27,2006-07-03,2006-07-09,50.6598,1.0339,JHU,0.7,fourier_country
UGA,2006,28,2006-07-10,2006-07-16,49.3953,1.0081,JHU,0.7,fourier_country
UGA,2006,29,2006-07-17,2006-07-23,48.7288,0.9945,JHU,0.7,fourier_country
UGA,2006,30,2006-07-24,2006-07-30,48.5737,0.9913,JHU,0.7,fourier_country
UGA,2006,31,2006-07-31,2006-08-06,48.8474,0.9969,JHU,0.7,fourier_country
UGA,2006,32,2006-08-07,2006-08-13,49.4776,1.0097,JHU,0.7,fourier_country
UGA,2006,33,2006-08-14,2006-08-20,50.4067,1.0287,JHU,0.7,fourier_country
UGA,2006,34,2006-08-21,2006-08-27,51.5961,1.053,JHU,0.7,fourier_country
UGA,2006,35,2006-08-28,2006-09-03,53.028,1.0822,JHU,0.7,fourier_country
UGA,2006,36,2006-09-04,2006-09-10,54.7055,1.1164,JHU,0.7,fourier_country
UGA,2006,37,2006-09-11,2006-09-17,56.6515,1.1562,JHU,0.7,fourier_country
UGA,2006,38,2006-09-18,2006-09-24,58.9052,1.2021,JHU,0.7,fourier_country
UGA,2006,39,2006-09-25,2006-10-01,61.5181,1.2555,JHU,0.7,fourier_country
UGA,2006,40,2006-10-02,2006-10-08,64.548,1.3173,JHU,0.7,fourier_country
UGA,2006,41,2006-10-09,2006-10-15,68.0525,1.3888,JHU,0.7,fourier_country
UGA,2006,42,2006-10-16,2006-10-22,72.0825,1.4711,JHU,0.7,fourier_country
UGA,2006,43,2006-10-23,2006-10-29,76.6756,1.5648,JHU,0.7,fourier_country
UGA,2006,44,2006-10-30,2006-11-05,81.8496,1.6704,JHU,0.7,fourier_country
UGA,2006,45,2006-11-06,2006-11-12,87.5976,1.7877,JHU,0.7,fourier_country
UGA,2006,46,2006-11-13,2006-11-19,93.8839,1.916,JHU,0.7,fourier_country
UGA,2006,47,2006-11-20,2006-11-26,100.642,2.0539,JHU,0.7,fourier_country
UGA,2006,48,2006-11-27,2006-12-03,107.7739,2.1995,JHU,0.7,fourier_country
UGA,2006,49,2006-12-04,2006-12-10,115.1514,2.35,JHU,0.7,fourier_country
UGA,2006,50,2006-12-11,2006-12-17,122.6198,2.5024,JHU,0.7,fourier_country
UGA,2006,51,2006-12-18,2006-12-24,130.0025,2.6531,JHU,0.7,fourier_country
UGA,2006,52,2006-12-25,2006-12-31,137.1074,2.7981,JHU,0.7,fourier_country
UGA,2007,1,2007-01-01,2007-01-07,7.6281,0.0829,JHU,0.7,fourier_country
UGA,2007,2,2007-01-08,2007-01-14,7.944,0.0863,JHU,0.7,fourier_country
UGA,2007,3,2007-01-15,2007-01-21,8.214,0.0893,JHU,0.7,fourier_country
UGA,2007,4,2007-01-22,2007-01-28,8.4291,0.0916,JHU,0.7,fourier_country
UGA,2007,5,2007-01-29,2007-02-04,8.5816,0.0933,JHU,0.7,fourier_country
UGA,2007,6,2007-02-05,2007-02-11,8.6657,0.0942,JHU,0.7,fourier_country
UGA,2007,7,2007-02-12,2007-02-18,8.6775,0.0943,JHU,0.7,fourier_country
UGA,2007,8,2007-02-19,2007-02-25,8.6157,0.0936,JHU,0.7,fourier_country
UGA,2007,9,2007-02-26,2007-03-04,8.481,0.0922,JHU,0.7,fourier_country
UGA,2007,10,2007-03-05,2007-03-11,8.2768,0.09,JHU,0.7,fourier_country
UGA,2007,11,2007-03-12,2007-03-18,8.0084,0.087,JHU,0.7,fourier_country
UGA,2007,12,2007-03-19,2007-03-25,7.6834,0.0835,JHU,0.7,fourier_country
UGA,2007,13,2007-03-26,2007-04-01,7.311,0.0795,JHU,0.7,fourier_country
UGA,2007,14,2007-04-02,2007-04-08,6.9018,0.075,JHU,0.7,fourier_country
UGA,2007,15,2007-04-09,2007-04-15,6.467,0.0703,JHU,0.7,fourier_country
UGA,2007,16,2007-04-16,2007-04-22,6.0185,0.0654,JHU,0.7,fourier_country
UGA,2007,17,2007-04-23,2007-04-29,5.5679,0.0605,JHU,0.7,fourier_country
UGA,2007,18,2007-04-30,2007-05-06,5.1263,0.0557,JHU,0.7,fourier_country
UGA,2007,19,2007-05-07,2007-05-13,4.7037,0.0511,JHU,0.7,fourier_country
UGA,2007,20,2007-05-14,2007-05-20,4.3089,0.0468,JHU,0.7,fourier_country
UGA,2007,21,2007-05-21,2007-05-27,3.9489,0.0429,JHU,0.7,fourier_country
UGA,2007,22,2007-05-28,2007-06-03,3.6291,0.0394,JHU,0.7,fourier_country
UGA,2007,23,2007-06-04,2007-06-10,3.3528,0.0364,JHU,0.7,fourier_country
UGA,2007,24,2007-06-11,2007-06-17,3.1216,0.0339,JHU,0.7,fourier_country
UGA,2007,25,2007-06-18,2007-06-24,2.9352,0.0319,JHU,0.7,fourier_country
UGA,2007,26,2007-06-25,2007-07-01,2.7918,0.0303,JHU,0.7,fourier_country
UGA,2007,27,2007-07-02,2007-07-08,2.6885,0.0292,JHU,0.7,fourier_country
UGA,2007,28,2007-07-09,2007-07-15,2.6214,0.0285,JHU,0.7,fourier_country
UGA,2007,29,2007-07-16,2007-07-22,2.5861,0.0281,JHU,0.7,fourier_country
UGA,2007,30,2007-07-23,2007-07-29,2.5778,0.028,JHU,0.7,fourier_country
UGA,2007,31,2007-07-30,2007-08-05,2.5924,0.0282,JHU,0.7,fourier_country
UGA,2007,32,2007-08-06,2007-08-12,2.6258,0.0285,JHU,0.7,fourier_country
UGA,2007,33,2007-08-13,2007-08-19,2.6751,0.0291,JHU,0.7,fourier_country
UGA,2007,34,2007-08-20,2007-08-26,2.7382,0.0298,JHU,0.7,fourier_country
UGA,2007,35,2007-08-27,2007-09-02,2.8142,0.0306,JHU,0.7,fourier_country
UGA,2007,36,2007-09-03,2007-09-09,2.9032,0.0316,JHU,0.7,fourier_country
UGA,2007,37,2007-09-10,2007-09-16,3.0065,0.0327,JHU,0.7,fourier_country
UGA,2007,38,2007-09-17,2007-09-23,3.1261,0.034,JHU,0.7,fourier_country
UGA,2007,39,2007-09-24,2007-09-30,3.2648,0.0355,JHU,0.7,fourier_country
UGA,2007,40,2007-10-01,2007-10-07,3.4256,0.0372,JHU,0.7,fourier_country
UGA,2007,41,2007-10-08,2007-10-14,3.6116,0.0393,JHU,0.7,fourier_country
UGA,2007,42,2007-10-15,2007-10-21,3.8255,0.0416,JHU,0.7,fourier_country
UGA,2007,43,2007-10-22,2007-10-28,4.0692,0.0442,JHU,0.7,fourier_country
UGA,2007,44,2007-10-29,2007-11-04,4.3438,0.0472,JHU,0.7,fourier_country
UGA,2007,45,2007-11-05,2007-11-11,4.6488,0.0505,JHU,0.7,fourier_country
UGA,2007,46,2007-11-12,2007-11-18,4.9825,0.0542,JHU,0.7,fourier_country
UGA,2007,47,2007-11-19,2007-11-25,5.3411,0.0581,JHU,0.7,fourier_country
UGA,2007,48,2007-11-26,2007-12-02,5.7196,0.0622,JHU,0.7,fourier_country
UGA,2007,49,2007-12-03,2007-12-09,6.1111,0.0664,JHU,0.7,fourier_country
UGA,2007,50,2007-12-10,2007-12-16,6.5075,0.0707,JHU,0.7,fourier_country
UGA,2007,51,2007-12-17,2007-12-23,6.8993,0.075,JHU,0.7,fourier_country
UGA,2007,52,2007-12-24,2007-12-30,7.2764,0.0791,JHU,0.7,fourier_country
UGA,2008,1,2007-12-31,2008-01-06,7.6281,0.0829,JHU,0.7,fourier_country
UGA,2008,2,2008-01-07,2008-01-13,107.2438,3.4539,JHU,0.7,fourier_country
UGA,2008,3,2008-01-14,2008-01-20,110.8888,3.5713,JHU,0.7,fourier_country
UGA,2008,4,2008-01-21,2008-01-27,113.7923,3.6648,JHU,0.7,fourier_country
UGA,2008,5,2008-01-28,2008-02-03,115.8512,3.7311,JHU,0.7,fourier_country
UGA,2008,6,2008-02-04,2008-02-10,116.9864,3.7677,JHU,0.7,fourier_country
UGA,2008,7,2008-02-11,2008-02-17,117.1468,3.7728,JHU,0.7,fourier_country
UGA,2008,8,2008-02-18,2008-02-24,116.3121,3.746,JHU,0.7,fourier_country
UGA,2008,9,2008-02-25,2008-03-02,114.494,3.6874,JHU,0.7,fourier_country
UGA,2008,10,2008-03-03,2008-03-09,111.7363,3.5986,JHU,0.7,fourier_country
UGA,2008,11,2008-03-10,2008-03-16,108.1131,3.4819,JHU,0.7,fourier_country
UGA,2008,12,2008-03-17,2008-03-23,103.7258,3.3406,JHU,0.7,fourier_country
UGA,2008,13,2008-03-24,2008-03-30,98.6986,3.1787,JHU,0.7,fourier_country
UGA,2008,14,2008-03-31,2008-04-06,93.1737,3.0008,JHU,0.7,fourier_country
UGA,2008,15,2008-04-07,2008-04-13,87.3044,2.8117,JHU,0.7,fourier_country
UGA,2008,16,2008-04-14,2008-04-20,81.2496,2.6167,JHU,0.7,fourier_country
UGA,2008,17,2008-04-21,2008-04-27,75.1665,2.4208,JHU,0.7,fourier_country
UGA,2008,18,2008-04-28,2008-05-04,69.2045,2.2288,JHU,0.7,fourier_country
UGA,2008,19,2008-05-05,2008-05-11,63.4997,2.0451,JHU,0.7,fourier_country
UGA,2008,20,2008-05-12,2008-05-18,58.1698,1.8734,JHU,0.7,fourier_country
UGA,2008,21,2008-05-19,2008-05-25,53.3105,1.7169,JHU,0.7,fourier_country
UGA,2008,22,2008-05-26,2008-06-01,48.9931,1.5779,JHU,0.7,fourier_country
UGA,2008,23,2008-06-02,2008-06-08,45.2633,1.4578,JHU,0.7,fourier_country
UGA,2008,24,2008-06-09,2008-06-15,42.1415,1.3572,JHU,0.7,fourier_country
UGA,2008,25,2008-06-16,2008-06-22,39.6248,1.2762,JHU,0.7,fourier_country
UGA,2008,26,2008-06-23,2008-06-29,37.6896,1.2138,JHU,0.7,fourier_country
UGA,2008,27,2008-06-30,2008-07-06,36.2953,1.1689,JHU,0.7,fourier_country
UGA,2008,28,2008-07-07,2008-07-13,35.3894,1.1398,JHU,0.7,fourier_country
UGA,2008,29,2008-07-14,2008-07-20,34.9118,1.1244,JHU,0.7,fourier_country
UGA,2008,30,2008-07-21,2008-07-27,34.8007,1.1208,JHU,0.7,fourier_country
UGA,2008,31,2008-07-28,2008-08-03,34.9968,1.1271,JHU,0.7,fourier_country
UGA,2008,32,2008-08-04,2008-08-10,35.4483,1.1417,JHU,0.7,fourier_country
UGA,2008,33,2008-08-11,2008-08-17,36.114,1.1631,JHU,0.7,fourier_country
UGA,2008,34,2008-08-18,2008-08-24,36.9661,1.1905,JHU,0.7,fourier_country
UGA,2008,35,2008-08-25,2008-08-31,37.992,1.2236,JHU,0.7,fourier_country
UGA,2008,36,2008-09-01,2008-09-07,39.1939,1.2623,JHU,0.7,fourier_country
UGA,2008,37,2008-09-08,2008-09-14,40.5881,1.3072,JHU,0.7,fourier_country
UGA,2008,38,2008-09-15,2008-09-21,42.2028,1.3592,JHU,0.7,fourier_country
UGA,2008,39,2008-09-22,2008-09-28,44.0748,1.4195,JHU,0.7,fourier_country
UGA,2008,40,2008-09-29,2008-10-05,46.2455,1.4894,JHU,0.7,fourier_country
UGA,2008,41,2008-10-06,2008-10-12,48.7563,1.5703,JHU,0.7,fourier_country
UGA,2008,42,2008-10-13,2008-10-19,51.6437,1.6632,JHU,0.7,fourier_country
UGA,2008,43,2008-10-20,2008-10-26,54.9344,1.7692,JHU,0.7,fourier_country
UGA,2008,44,2008-10-27,2008-11-02,58.6413,1.8886,JHU,0.7,fourier_country
UGA,2008,45,2008-11-03,2008-11-09,62.7595,2.0212,JHU,0.7,fourier_country
UGA,2008,46,2008-11-10,2008-11-16,67.2633,2.1663,JHU,0.7,fourier_country
UGA,2008,47,2008-11-17,2008-11-23,72.1052,2.3222,JHU,0.7,fourier_country
UGA,2008,48,2008-11-24,2008-11-30,77.2148,2.4868,JHU,0.7,fourier_country
UGA,2008,49,2008-12-01,2008-12-07,82.5005,2.657,JHU,0.7,fourier_country
UGA,2008,50,2008-12-08,2008-12-14,87.8512,2.8293,JHU,0.7,fourier_country
UGA,2008,51,2008-12-15,2008-12-21,93.1405,2.9997,JHU,0.7,fourier_country
UGA,2008,52,2008-12-22,2008-12-28,98.2309,3.1636,JHU,0.7,fourier_country
UGA,2009,1,2008-12-29,2009-01-04,102.9794,3.3166,JHU,0.7,fourier_country
UGA,2009,2,2009-01-05,2009-01-11,31.5571,0.6628,JHU,0.7,fourier_country
UGA,2009,3,2009-01-12,2009-01-18,32.6297,0.6854,JHU,0.7,fourier_country
UGA,2009,4,2009-01-19,2009-01-25,33.4841,0.7033,JHU,0.7,fourier_country
UGA,2009,5,2009-01-26,2009-02-01,34.0899,0.716,JHU,0.7,fourier_country
UGA,2009,6,2009-02-02,2009-02-08,34.4239,0.7231,JHU,0.7,fourier_country
UGA,2009,7,2009-02-09,2009-02-15,34.4711,0.7241,JHU,0.7,fourier_country
UGA,2009,8,2009-02-16,2009-02-22,34.2255,0.7189,JHU,0.7,fourier_country
UGA,2009,9,2009-02-23,2009-03-01,33.6905,0.7077,JHU,0.7,fourier_country
UGA,2009,10,2009-03-02,2009-03-08,32.8791,0.6906,JHU,0.7,fourier_country
UGA,2009,11,2009-03-09,2009-03-15,31.8129,0.6682,JHU,0.7,fourier_country
UGA,2009,12,2009-03-16,2009-03-22,30.5219,0.6411,JHU,0.7,fourier_country
UGA,2009,13,2009-03-23,2009-03-29,29.0427,0.61,JHU,0.7,fourier_country
UGA,2009,14,2009-03-30,2009-04-05,27.4169,0.5759,JHU,0.7,fourier_country
UGA,2009,15,2009-04-06,2009-04-12,25.6898,0.5396,JHU,0.7,fourier_country
UGA,2009,16,2009-04-13,2009-04-19,23.9082,0.5022,JHU,0.7,fourier_country
UGA,2009,17,2009-04-20,2009-04-26,22.1182,0.4646,JHU,0.7,fourier_country
UGA,2009,18,2009-04-27,2009-05-03,20.3638,0.4277,JHU,0.7,fourier_country
UGA,2009,19,2009-05-04,2009-05-10,18.6852,0.3925,JHU,0.7,fourier_country
UGA,2009,20,2009-05-11,2009-05-17,17.1168,0.3595,JHU,0.7,fourier_country
UGA,2009,21,2009-05-18,2009-05-24,15.6869,0.3295,JHU,0.7,fourier_country
UGA,2009,22,2009-05-25,2009-05-31,14.4165,0.3028,JHU,0.7,fourier_country
UGA,2009,23,2009-06-01,2009-06-07,13.319,0.2798,JHU,0.7,fourier_country
UGA,2009,24,2009-06-08,2009-06-14,12.4004,0.2605,JHU,0.7,fourier_country
UGA,2009,25,2009-06-15,2009-06-21,11.6598,0.2449,JHU,0.7,fourier_country
UGA,2009,26,2009-06-22,2009-06-28,11.0904,0.2329,JHU,0.7,fourier_country
UGA,2009,27,2009-06-29,2009-07-05,10.6801,0.2243,JHU,0.7,fourier_country
UGA,2009,28,2009-07-06,2009-07-12,10.4135,0.2187,JHU,0.7,fourier_country
UGA,2009,29,2009-07-13,2009-07-19,10.273,0.2158,JHU,0.7,fourier_country
UGA,2009,30,2009-07-20,2009-07-26,10.2403,0.2151,JHU,0.7,fourier_country
UGA,2009,31,2009-07-27,2009-08-02,10.298,0.2163,JHU,0.7,fourier_country
UGA,2009,32,2009-08-03,2009-08-09,10.4309,0.2191,JHU,0.7,fourier_country
UGA,2009,33,2009-08-10,2009-08-16,10.6267,0.2232,JHU,0.7,fourier_country
UGA,2009,34,2009-08-17,2009-08-23,10.8775,0.2285,JHU,0.7,fourier_country
UGA,2009,35,2009-08-24,2009-08-30,11.1794,0.2348,JHU,0.7,fourier_country
UGA,2009,36,2009-08-31,2009-09-06,11.533,0.2422,JHU,0.7,fourier_country
UGA,2009,37,2009-09-07,2009-09-13,11.9433,0.2509,JHU,0.7,fourier_country
UGA,2009,38,2009-09-14,2009-09-20,12.4184,0.2608,JHU,0.7,fourier_country
UGA,2009,39,2009-09-21,2009-09-27,12.9693,0.2724,JHU,0.7,fourier_country
UGA,2009,40,2009-09-28,2009-10-04,13.608,0.2858,JHU,0.7,fourier_country
UGA,2009,41,2009-10-05,2009-10-11,14.3468,0.3013,JHU,0.7,fourier_country
UGA,2009,42,2009-10-12,2009-10-18,15.1964,0.3192,JHU,0.7,fourier_country
UGA,2009,43,2009-10-19,2009-10-25,16.1648,0.3395,JHU,0.7,fourier_country
UGA,2009,44,2009-10-26,2009-11-01,17.2556,0.3624,JHU,0.7,fourier_country
UGA,2009,45,2009-11-02,2009-11-08,18.4673,0.3879,JHU,0.7,fourier_country
UGA,2009,46,2009-11-09,2009-11-15,19.7926,0.4157,JHU,0.7,fourier_country
UGA,2009,47,2009-11-16,2009-11-22,21.2174,0.4457,JHU,0.7,fourier_country
UGA,2009,48,2009-11-23,2009-11-29,22.7209,0.4772,JHU,0.7,fourier_country
UGA,2009,49,2009-11-30,2009-12-06,24.2762,0.5099,JHU,0.7,fourier_country
UGA,2009,50,2009-12-07,2009-12-13,25.8507,0.543,JHU,0.7,fourier_country
UGA,2009,51,2009-12-14,2009-12-20,27.4071,0.5757,JHU,0.7,fourier_country
UGA,2009,52,2009-12-21,2009-12-27,28.905,0.6071,JHU,0.7,fourier_country
UGA,2009,53,2009-12-28,2010-01-03,28.905,0.6071,JHU,0.7,fourier_country
UGA,2010,1,2010-01-04,2010-01-10,64.7832,2.1585,JHU,0.7,fourier_country
UGA,2010,2,2010-01-11,2010-01-17,67.4659,2.2479,JHU,0.7,fourier_country
UGA,2010,3,2010-01-18,2010-01-24,69.759,2.3243,JHU,0.7,fourier_country
UGA,2010,4,2010-01-25,2010-01-31,71.5856,2.3852,JHU,0.7,fourier_country
UGA,2010,5,2010-02-01,2010-02-07,72.8808,2.4283,JHU,0.7,fourier_country
UGA,2010,6,2010-02-08,2010-02-14,73.5949,2.4521,JHU,0.7,fourier_country
UGA,2010,7,2010-02-15,2010-02-21,73.6958,2.4555,JHU,0.7,fourier_country
UGA,2010,8,2010-02-22,2010-02-28,73.1707,2.438,JHU,0.7,fourier_country
UGA,2010,9,2010-03-01,2010-03-07,72.0269,2.3999,JHU,0.7,fourier_country
UGA,2010,10,2010-03-08,2010-03-14,70.2921,2.3421,JHU,0.7,fourier_country
UGA,2010,11,2010-03-15,2010-03-21,68.0128,2.2661,JHU,0.7,fourier_country
UGA,2010,12,2010-03-22,2010-03-28,65.2528,2.1742,JHU,0.7,fourier_country
UGA,2010,13,2010-03-29,2010-04-04,62.0903,2.0688,JHU,0.7,fourier_country
UGA,2010,14,2010-04-05,2010-04-11,58.6146,1.953,JHU,0.7,fourier_country
UGA,2010,15,2010-04-12,2010-04-18,54.9223,1.83,JHU,0.7,fourier_country
UGA,2010,16,2010-04-19,2010-04-25,51.1133,1.703,JHU,0.7,fourier_country
UGA,2010,17,2010-04-26,2010-05-02,47.2864,1.5755,JHU,0.7,fourier_country
UGA,2010,18,2010-05-03,2010-05-09,43.5358,1.4506,JHU,0.7,fourier_country
UGA,2010,19,2010-05-10,2010-05-16,39.947,1.331,JHU,0.7,fourier_country
UGA,2010,20,2010-05-17,2010-05-23,36.594,1.2193,JHU,0.7,fourier_country
UGA,2010,21,2010-05-24,2010-05-30,33.5371,1.1174,JHU,0.7,fourier_country
UGA,2010,22,2010-05-31,2010-06-06,30.8211,1.0269,JHU,0.7,fourier_country
UGA,2010,23,2010-06-07,2010-06-13,28.4746,0.9487,JHU,0.7,fourier_country
UGA,2010,24,2010-06-14,2010-06-20,26.5108,0.8833,JHU,0.7,fourier_country
UGA,2010,25,2010-06-21,2010-06-27,24.9276,0.8306,JHU,0.7,fourier_country
UGA,2010,26,2010-06-28,2010-07-04,23.7101,0.79,JHU,0.7,fourier_country
UGA,2010,27,2010-07-05,2010-07-11,22.833,0.7608,JHU,0.7,fourier_country
UGA,2010,28,2010-07-12,2010-07-18,22.2631,0.7418,JHU,0.7,fourier_country
UGA,2010,29,2010-07-19,2010-07-25,21.9627,0.7318,JHU,0.7,fourier_country
UGA,2010,30,2010-07-26,2010-08-01,21.8928,0.7294,JHU,0.7,fourier_country
UGA,2010,31,2010-08-02,2010-08-08,22.0161,0.7336,JHU,0.7,fourier_country
UGA,2010,32,2010-08-09,2010-08-15,22.3002,0.743,JHU,0.7,fourier_country
UGA,2010,33,2010-08-16,2010-08-22,22.7189,0.757,JHU,0.7,fourier_country
UGA,2010,34,2010-08-23,2010-08-29,23.255,0.7748,JHU,0.7,fourier_country
UGA,2010,35,2010-08-30,2010-09-05,23.9004,0.7963,JHU,0.7,fourier_country
UGA,2010,36,2010-09-06,2010-09-12,24.6564,0.8215,JHU,0.7,fourier_country
UGA,2010,37,2010-09-13,2010-09-19,25.5335,0.8508,JHU,0.7,fourier_country
UGA,2010,38,2010-09-20,2010-09-26,26.5493,0.8846,JHU,0.7,fourier_country
UGA,2010,39,2010-09-27,2010-10-03,27.727,0.9238,JHU,0.7,fourier_country
UGA,2010,40,2010-10-04,2010-10-10,29.0926,0.9693,JHU,0.7,fourier_country
UGA,2010,41,2010-10-11,2010-10-17,30.6721,1.022,JHU,0.7,fourier_country
UGA,2010,42,2010-10-18,2010-10-24,32.4885,1.0825,JHU,0.7,fourier_country
UGA,2010,43,2010-10-25,2010-10-31,34.5586,1.1515,JHU,0.7,fourier_country
UGA,2010,44,2010-11-01,2010-11-07,36.8906,1.2292,JHU,0.7,fourier_country
UGA,2010,45,2010-11-08,2010-11-14,39.4813,1.3155,JHU,0.7,fourier_country
UGA,2010,46,2010-11-15,2010-11-21,42.3146,1.4099,JHU,0.7,fourier_country
UGA,2010,47,2010-11-22,2010-11-28,45.3606,1.5114,JHU,0.7,fourier_country
UGA,2010,48,2010-11-29,2010-12-05,48.575,1.6185,JHU,0.7,fourier_country
UGA,2010,49,2010-12-06,2010-12-12,51.9002,1.7293,JHU,0.7,fourier_country
UGA,2010,50,2010-12-13,2010-12-19,55.2663,1.8414,JHU,0.7,fourier_country
UGA,2010,51,2010-12-20,2010-12-26,58.5937,1.9523,JHU,0.7,fourier_country
UGA,2010,52,2010-12-27,2011-01-02,6.045,,JHU,0.462,fourier_country
UGA,2011,1,2011-01-03,2011-01-09,6.3372,,JHU,0.462,fourier_country
UGA,2011,2,2011-01-10,2011-01-16,6.5996,,JHU,0.462,fourier_country
UGA,2011,3,2011-01-17,2011-01-23,6.8239,,JHU,0.462,fourier_country
UGA,2011,4,2011-01-24,2011-01-30,7.0026,,JHU,0.462,fourier_country
UGA,2011,5,2011-01-31,2011-02-06,7.1293,,JHU,0.462,fourier_country
UGA,2011,6,2011-02-07,2011-02-13,7.1992,,JHU,0.462,fourier_country
UGA,2011,7,2011-02-14,2011-02-20,7.209,,JHU,0.462,fourier_country
UGA,2011,8,2011-02-21,2011-02-27,7.1577,,JHU,0.462,fourier_country
UGA,2011,9,2011-02-28,2011-03-06,7.0458,,JHU,0.462,fourier_country
UGA,2011,10,2011-03-07,2011-03-13,6.8761,,JHU,0.462,fourier_country
UGA,2011,11,2011-03-14,2011-03-20,6.6531,,JHU,0.462,fourier_country
UGA,2011,12,2011-03-21,2011-03-27,6.3831,,JHU,0.462,fourier_country
UGA,2011,13,2011-03-28,2011-04-03,6.0738,,JHU,0.462,fourier_country
UGA,2011,14,2011-04-04,2011-04-10,5.7338,,JHU,0.462,fourier_country
UGA,2011,15,2011-04-11,2011-04-17,5.3726,,JHU,0.462,fourier_country
UGA,2011,16,2011-04-18,2011-04-24,5.0,,JHU,0.462,fourier_country
UGA,2011,17,2011-04-25,2011-05-01,4.6256,,JHU,0.462,fourier_country
UGA,2011,18,2011-05-02,2011-05-08,4.2587,,JHU,0.462,fourier_country
UGA,2011,19,2011-05-09,2011-05-15,3.9077,,JHU,0.462,fourier_country
UGA,2011,20,2011-05-16,2011-05-22,3.5797,,JHU,0.462,fourier_country
UGA,2011,21,2011-05-23,2011-05-29,3.2806,,JHU,0.462,fourier_country
UGA,2011,22,2011-05-30,2011-06-05,3.015,,JHU,0.462,fourier_country
UGA,2011,23,2011-06-06,2011-06-12,2.7854,,JHU,0.462,fourier_country
UGA,2011,24,2011-06-13,2011-06-19,2.5933,,JHU,0.462,fourier_country
UGA,2011,25,2011-06-20,2011-06-26,2.4384,,JHU,0.462,fourier_country
UGA,2011,26,2011-06-27,2011-07-03,2.3194,,JHU,0.462,fourier_country
UGA,2011,27,2011-07-04,2011-07-10,2.2336,,JHU,0.462,fourier_country
UGA,2011,28,2011-07-11,2011-07-17,2.1778,,JHU,0.462,fourier_country
UGA,2011,29,2011-07-18,2011-07-24,2.1484,,JHU,0.462,fourier_country
UGA,2011,30,2011-07-25,2011-07-31,2.1416,,JHU,0.462,fourier_country
UGA,2011,31,2011-08-01,2011-08-07,2.1537,,JHU,0.462,fourier_country
UGA,2011,32,2011-08-08,2011-08-14,2.1814,,JHU,0.462,fourier_country
UGA,2011,33,2011-08-15,2011-08-21,2.2224,,JHU,0.462,fourier_country
UGA,2011,34,2011-08-22,2011-08-28,2.2748,,JHU,0.462,fourier_country
UGA,2011,35,2011-08-29,2011-09-04,2.338,,JHU,0.462,fourier_country
UGA,2011,36,2011-09-05,2011-09-11,2.4119,,JHU,0.462,fourier_country
UGA,2011,37,2011-09-12,2011-09-18,2.4977,,JHU,0.462,fourier_country
UGA,2011,38,2011-09-19,2011-09-25,2.5971,,JHU,0.462,fourier_country
UGA,2011,39,2011-09-26,2011-10-02,2.7123,,JHU,0.462,fourier_country
UGA,2011,40,2011-10-03,2011-10-09,2.8459,,JHU,0.462,fourier_country
UGA,2011,41,2011-10-10,2011-10-16,3.0004,,JHU,0.462,fourier_country
UGA,2011,42,2011-10-17,2011-10-23,3.1781,,JHU,0.462,fourier_country
UGA,2011,43,2011-10-24,2011-10-30,3.3806,,JHU,0.462,fourier_country
UGA,2011,44,2011-10-31,2011-11-06,3.6087,,JHU,0.462,fourier_country
UGA,2011,45,2011-11-07,2011-11-13,3.8621,,JHU,0.462,fourier_country
UGA,2011,46,2011-11-14,2011-11-20,4.1393,,JHU,0.462,fourier_country
UGA,2011,47,2011-11-21,2011-11-27,4.4372,,JHU,0.462,fourier_country
UGA,2011,48,2011-11-28,2011-12-04,4.7517,,JHU,0.462,fourier_country
UGA,2011,49,2011-12-05,2011-12-11,5.077,,JHU,0.462,fourier_country
UGA,2011,50,2011-12-12,2011-12-18,5.4062,,JHU,0.462,fourier_country
UGA,2011,51,2011-12-19,2011-12-25,5.7317,,JHU,0.462,fourier_country
UGA,2011,52,2011-12-26,2012-01-01,6.045,,JHU,0.462,fourier_country
UGA,2012,1,2012-01-02,2012-01-08,167.6545,,JHU,0.462,fourier_country
UGA,2012,2,2012-01-09,2012-01-15,174.5972,,JHU,0.462,fourier_country
UGA,2012,3,2012-01-16,2012-01-22,180.5314,,JHU,0.462,fourier_country
UGA,2012,4,2012-01-23,2012-01-29,185.2584,,JHU,0.462,fourier_country
UGA,2012,5,2012-01-30,2012-02-05,188.6104,,JHU,0.462,fourier_country
UGA,2012,6,2012-02-06,2012-02-12,190.4586,,JHU,0.462,fourier_country
UGA,2012,7,2012-02-13,2012-02-19,190.7197,,JHU,0.462,fourier_country
UGA,2012,8,2012-02-20,2012-02-26,189.3607,,JHU,0.462,fourier_country
UGA,2012,9,2012-02-27,2012-03-04,186.4007,,JHU,0.462,fourier_country
UGA,2012,10,2012-03-05,2012-03-11,181.9111,,JHU,0.462,fourier_country
UGA,2012,11,2012-03-12,2012-03-18,176.0125,,JHU,0.462,fourier_country
UGA,2012,12,2012-03-19,2012-03-25,168.8697,,JHU,0.462,fourier_country
UGA,2012,13,2012-03-26,2012-04-01,160.6853,,JHU,0.462,fourier_country
UGA,2012,14,2012-04-02,2012-04-08,151.6904,,JHU,0.462,fourier_country
UGA,2012,15,2012-04-09,2012-04-15,142.1351,,JHU,0.462,fourier_country
UGA,2012,16,2012-04-16,2012-04-22,132.2776,,JHU,0.462,fourier_country
UGA,2012,17,2012-04-23,2012-04-29,122.374,,JHU,0.462,fourier_country
UGA,2012,18,2012-04-30,2012-05-06,112.6677,,JHU,0.462,fourier_country
UGA,2012,19,2012-05-07,2012-05-13,103.38,,JHU,0.462,fourier_country
UGA,2012,20,2012-05-14,2012-05-20,94.7028,,JHU,0.462,fourier_country
UGA,2012,21,2012-05-21,2012-05-27,86.7917,,JHU,0.462,fourier_country
UGA,2012,22,2012-05-28,2012-06-03,79.7627,,JHU,0.462,fourier_country
UGA,2012,23,2012-06-04,2012-06-10,73.6904,,JHU,0.462,fourier_country
UGA,2012,24,2012-06-11,2012-06-17,68.608,,JHU,0.462,fourier_country
UGA,2012,25,2012-06-18,2012-06-24,64.5108,,JHU,0.462,fourier_country
UGA,2012,26,2012-06-25,2012-07-01,61.3601,,JHU,0.462,fourier_country
UGA,2012,27,2012-07-02,2012-07-08,59.0902,,JHU,0.462,fourier_country
UGA,2012,28,2012-07-09,2012-07-15,57.6153,,JHU,0.462,fourier_country
UGA,2012,29,2012-07-16,2012-07-22,56.8378,,JHU,0.462,fourier_country
UGA,2012,30,2012-07-23,2012-07-29,56.6569,,JHU,0.462,fourier_country
UGA,2012,31,2012-07-30,2012-08-05,56.9763,,JHU,0.462,fourier_country
UGA,2012,32,2012-08-06,2012-08-12,57.7112,,JHU,0.462,fourier_country
UGA,2012,33,2012-08-13,2012-08-19,58.795,,JHU,0.462,fourier_country
UGA,2012,34,2012-08-20,2012-08-26,60.1823,,JHU,0.462,fourier_country
UGA,2012,35,2012-08-27,2012-09-02,61.8525,,JHU,0.462,fourier_country
UGA,2012,36,2012-09-03,2012-09-09,63.8092,,JHU,0.462,fourier_country
UGA,2012,37,2012-09-10,2012-09-16,66.079,,JHU,0.462,fourier_country
UGA,2012,38,2012-09-17,2012-09-23,68.7078,,JHU,0.462,fourier_country
UGA,2012,39,2012-09-24,2012-09-30,71.7555,,JHU,0.462,fourier_country
UGA,2012,40,2012-10-01,2012-10-07,75.2896,,JHU,0.462,fourier_country
UGA,2012,41,2012-10-08,2012-10-14,79.3772,,JHU,0.462,fourier_country
UGA,2012,42,2012-10-15,2012-10-21,84.0779,,JHU,0.462,fourier_country
UGA,2012,43,2012-10-22,2012-10-28,89.4354,,JHU,0.462,fourier_country
UGA,2012,44,2012-10-29,2012-11-04,95.4704,,JHU,0.462,fourier_country
UGA,2012,45,2012-11-05,2012-11-11,102.1749,,JHU,0.462,fourier_country
UGA,2012,46,2012-11-12,2012-11-18,109.5073,,JHU,0.462,fourier_country
UGA,2012,47,2012-11-19,2012-11-25,117.3901,,JHU,0.462,fourier_country
UGA,2012,48,2012-11-26,2012-12-02,125.7088,,JHU,0.462,fourier_country
UGA,2012,49,2012-12-03,2012-12-09,134.3141,,JHU,0.462,fourier_country
UGA,2012,50,2012-12-10,2012-12-16,143.0253,,JHU,0.462,fourier_country
UGA,2012,51,2012-12-17,2012-12-23,151.6365,,JHU,0.462,fourier_country
UGA,2012,52,2012-12-24,2012-12-30,159.9238,,JHU,0.462,fourier_country
UGA,2013,1,2012-12-31,2013-01-06,167.6545,,JHU,0.462,fourier_country
UGA,2013,2,2013-01-07,2013-01-13,21.6157,,JHU,0.462,fourier_country
UGA,2013,3,2013-01-14,2013-01-20,22.3504,,JHU,0.462,fourier_country
UGA,2013,4,2013-01-21,2013-01-27,22.9356,,JHU,0.462,fourier_country
UGA,2013,5,2013-01-28,2013-02-03,23.3506,,JHU,0.462,fourier_country
UGA,2013,6,2013-02-04,2013-02-10,23.5794,,JHU,0.462,fourier_country
UGA,2013,7,2013-02-11,2013-02-17,23.6117,,JHU,0.462,fourier_country
UGA,2013,8,2013-02-18,2013-02-24,23.4435,,JHU,0.462,fourier_country
UGA,2013,9,2013-02-25,2013-03-03,23.077,,JHU,0.462,fourier_country
UGA,2013,10,2013-03-04,2013-03-10,22.5212,,JHU,0.462,fourier_country
UGA,2013,11,2013-03-11,2013-03-17,21.7909,,JHU,0.462,fourier_country
UGA,2013,12,2013-03-18,2013-03-24,20.9066,,JHU,0.462,fourier_country
UGA,2013,13,2013-03-25,2013-03-31,19.8934,,JHU,0.462,fourier_country
UGA,2013,14,2013-04-01,2013-04-07,18.7798,,JHU,0.462,fourier_country
UGA,2013,15,2013-04-08,2013-04-14,17.5968,,JHU,0.462,fourier_country
UGA,2013,16,2013-04-15,2013-04-21,16.3764,,JHU,0.462,fourier_country
UGA,2013,17,2013-04-22,2013-04-28,15.1503,,JHU,0.462,fourier_country
UGA,2013,18,2013-04-29,2013-05-05,13.9486,,JHU,0.462,fourier_country
UGA,2013,19,2013-05-06,2013-05-12,12.7988,,JHU,0.462,fourier_country
UGA,2013,20,2013-05-13,2013-05-19,11.7245,,JHU,0.462,fourier_country
UGA,2013,21,2013-05-20,2013-05-26,10.7451,,JHU,0.462,fourier_country
UGA,2013,22,2013-05-27,2013-06-02,9.8749,,JHU,0.462,fourier_country
UGA,2013,23,2013-06-03,2013-06-09,9.1231,,JHU,0.462,fourier_country
UGA,2013,24,2013-06-10,2013-06-16,8.4939,,JHU,0.462,fourier_country
UGA,2013,25,2013-06-17,2013-06-23,7.9866,,JHU,0.462,fourier_country
UGA,2013,26,2013-06-24,2013-06-30,7.5966,,JHU,0.462,fourier_country
UGA,2013,27,2013-07-01,2013-07-07,7.3156,,JHU,0.462,fourier_country
UGA,2013,28,2013-07-08,2013-07-14,7.133,,JHU,0.462,fourier_country
UGA,2013,29,2013-07-15,2013-07-21,7.0367,,JHU,0.462,fourier_country
UGA,2013,30,2013-07-22,2013-07-28,7.0143,,JHU,0.462,fourier_country
UGA,2013,31,2013-07-29,2013-08-04,7.0538,,JHU,0.462,fourier_country
UGA,2013,32,2013-08-05,2013-08-11,7.1448,,JHU,0.462,fourier_country
UGA,2013,33,2013-08-12,2013-08-18,7.279,,JHU,0.462,fourier_country
UGA,2013,34,2013-08-19,2013-08-25,7.4508,,JHU,0.462,fourier_country
UGA,2013,35,2013-08-26,2013-09-01,7.6575,,JHU,0.462,fourier_country
UGA,2013,36,2013-09-02,2013-09-08,7.8998,,JHU,0.462,fourier_country
UGA,2013,37,2013-09-09,2013-09-15,8.1808,,JHU,0.462,fourier_country
UGA,2013,38,2013-09-16,2013-09-22,8.5062,,JHU,0.462,fourier_country
UGA,2013,39,2013-09-23,2013-09-29,8.8836,,JHU,0.462,fourier_country
UGA,2013,40,2013-09-30,2013-10-06,9.3211,,JHU,0.462,fourier_country
UGA,2013,41,2013-10-07,2013-10-13,9.8272,,JHU,0.462,fourier_country
UGA,2013,42,2013-10-14,2013-10-20,10.4091,,JHU,0.462,fourier_country
UGA,2013,43,2013-10-21,2013-10-27,11.0724,,JHU,0.462,fourier_country
UGA,2013,44,2013-10-28,2013-11-03,11.8195,,JHU,0.462,fourier_country
UGA,2013,45,2013-11-04,2013-11-10,12.6496,,JHU,0.462,fourier_country
UGA,2013,46,2013-11-11,2013-11-17,13.5574,,JHU,0.462,fourier_country
UGA,2013,47,2013-11-18,2013-11-24,14.5333,,JHU,0.462,fourier_country
UGA,2013,48,2013-11-25,2013-12-01,15.5632,,JHU,0.462,fourier_country
UGA,2013,49,2013-12-02,2013-12-08,16.6285,,JHU,0.462,fourier_country
UGA,2013,50,2013-12-09,2013-12-15,17.707,,JHU,0.462,fourier_country
UGA,2013,51,2013-12-16,2013-12-22,18.7731,,JHU,0.462,fourier_country
UGA,2013,52,2013-12-23,2013-12-29,19.7991,,JHU,0.462,fourier_country
UGA,2014,1,2013-12-30,2014-01-05,20.7562,,JHU,0.462,fourier_country
UGA,2014,2,2014-01-06,2014-01-12,9.268,,JHU,0.462,fourier_country
UGA,2014,3,2014-01-13,2014-01-19,9.583,,JHU,0.462,fourier_country
UGA,2014,4,2014-01-20,2014-01-26,9.8339,,JHU,0.462,fourier_country
UGA,2014,5,2014-01-27,2014-02-02,10.0118,,JHU,0.462,fourier_country
UGA,2014,6,2014-02-03,2014-02-09,10.1099,,JHU,0.462,fourier_country
UGA,2014,7,2014-02-10,2014-02-16,10.1238,,JHU,0.462,fourier_country
UGA,2014,8,2014-02-17,2014-02-23,10.0517,,JHU,0.462,fourier_country
UGA,2014,9,2014-02-24,2014-03-02,9.8945,,JHU,0.462,fourier_country
UGA,2014,10,2014-03-03,2014-03-09,9.6562,,JHU,0.462,fourier_country
UGA,2014,11,2014-03-10,2014-03-16,9.3431,,JHU,0.462,fourier_country
UGA,2014,12,2014-03-17,2014-03-23,8.964,,JHU,0.462,fourier_country
UGA,2014,13,2014-03-24,2014-03-30,8.5295,,JHU,0.462,fourier_country
UGA,2014,14,2014-03-31,2014-04-06,8.052,,JHU,0.462,fourier_country
UGA,2014,15,2014-04-07,2014-04-13,7.5448,,JHU,0.462,fourier_country
UGA,2014,16,2014-04-14,2014-04-20,7.0216,,JHU,0.462,fourier_country
UGA,2014,17,2014-04-21,2014-04-27,6.4959,,JHU,0.462,fourier_country
UGA,2014,18,2014-04-28,2014-05-04,5.9806,,JHU,0.462,fourier_country
UGA,2014,19,2014-05-05,2014-05-11,5.4876,,JHU,0.462,fourier_country
UGA,2014,20,2014-05-12,2014-05-18,5.027,,JHU,0.462,fourier_country
UGA,2014,21,2014-05-19,2014-05-25,4.6071,,JHU,0.462,fourier_country
UGA,2014,22,2014-05-26,2014-06-01,4.234,,JHU,0.462,fourier_country
UGA,2014,23,2014-06-02,2014-06-08,3.9116,,JHU,0.462,fourier_country
UGA,2014,24,2014-06-09,2014-06-15,3.6419,,JHU,0.462,fourier_country
UGA,2014,25,2014-06-16,2014-06-22,3.4244,,JHU,0.462,fourier_country
UGA,2014,26,2014-06-23,2014-06-29,3.2571,,JHU,0.462,fourier_country
UGA,2014,27,2014-06-30,2014-07-06,3.1366,,JHU,0.462,fourier_country
UGA,2014,28,2014-07-07,2014-07-13,3.0583,,JHU,0.462,fourier_country
UGA,2014,29,2014-07-14,2014-07-20,3.0171,,JHU,0.462,fourier_country
UGA,2014,30,2014-07-21,2014-07-27,3.0075,,JHU,0.462,fourier_country
UGA,2014,31,2014-07-28,2014-08-03,3.0244,,JHU,0.462,fourier_country
UGA,2014,32,2014-08-04,2014-08-10,3.0634,,JHU,0.462,fourier_country
UGA,2014,33,2014-08-11,2014-08-17,3.121,,JHU,0.462,fourier_country
UGA,2014,34,2014-08-18,2014-08-24,3.1946,,JHU,0.462,fourier_country
UGA,2014,35,2014-08-25,2014-08-31,3.2833,,JHU,0.462,fourier_country
UGA,2014,36,2014-09-01,2014-09-07,3.3871,,JHU,0.462,fourier_country
UGA,2014,37,2014-09-08,2014-09-14,3.5076,,JHU,0.462,fourier_country
UGA,2014,38,2014-09-15,2014-09-21,3.6472,,JHU,0.462,fourier_country
UGA,2014,39,2014-09-22,2014-09-28,3.8089,,JHU,0.462,fourier_country
UGA,2014,40,2014-09-29,2014-10-05,3.9965,,JHU,0.462,fourier_country
UGA,2014,41,2014-10-06,2014-10-12,4.2135,,JHU,0.462,fourier_country
UGA,2014,42,2014-10-13,2014-10-19,4.463,,JHU,0.462,fourier_country
UGA,2014,43,2014-10-20,2014-10-26,4.7474,,JHU,0.462,fourier_country
UGA,2014,44,2014-10-27,2014-11-02,5.0678,,JHU,0.462,fourier_country
UGA,2014,45,2014-11-03,2014-11-09,5.4237,,JHU,0.462,fourier_country
UGA,2014,46,2014-11-10,2014-11-16,5.8129,,JHU,0.462,fourier_country
UGA,2014,47,2014-11-17,2014-11-23,6.2313,,JHU,0.462,fourier_country
UGA,2014,48,2014-11-24,2014-11-30,6.6729,,JHU,0.462,fourier_country
UGA,2014,49,2014-12-01,2014-12-07,7.1297,,JHU,0.462,fourier_country
UGA,2014,50,2014-12-08,2014-12-14,7.5921,,JHU,0.462,fourier_country
UGA,2014,51,2014-12-15,2014-12-21,8.0492,,JHU,0.462,fourier_country
UGA,2014,52,2014-12-22,2014-12-28,8.4891,,JHU,0.462,fourier_country
UGA,2015,1,2014-12-29,2015-01-04,8.8995,,JHU,0.462,fourier_country
UGA,2015,2,2015-01-05,2015-01-11,53.5899,,JHU,0.462,fourier_country
UGA,2015,3,2015-01-12,2015-01-18,55.4113,,JHU,0.462,fourier_country
UGA,2015,4,2015-01-19,2015-01-25,56.8622,,JHU,0.462,fourier_country
UGA,2015,5,2015-01-26,2015-02-01,57.8911,,JHU,0.462,fourier_country
UGA,2015,6,2015-02-02,2015-02-08,58.4583,,JHU,0.462,fourier_country
UGA,2015,7,2015-02-09,2015-02-15,58.5385,,JHU,0.462,fourier_country
UGA,2015,8,2015-02-16,2015-02-22,58.1213,,JHU,0.462,fourier_country
UGA,2015,9,2015-02-23,2015-03-01,57.2128,,JHU,0.462,fourier_country
UGA,2015,10,2015-03-02,2015-03-08,0.0,0.0,JHU,0.95,observed
UGA,2015,11,2015-03-09,2015-03-15,32.0,0.0,JHU,0.95,observed
UGA,2015,12,2015-03-16,2015-03-22,51.8319,,JHU,0.462,fourier_country
UGA,2015,13,2015-03-23,2015-03-29,49.3199,,JHU,0.462,fourier_country
UGA,2015,14,2015-03-30,2015-04-05,46.559,,JHU,0.462,fourier_country
UGA,2015,15,2015-04-06,2015-04-12,43.6262,,JHU,0.462,fourier_country
UGA,2015,16,2015-04-13,2015-04-19,6.0,0.0,JHU,0.95,observed
UGA,2015,17,2015-04-20,2015-04-26,37.5608,,JHU,0.462,fourier_country
UGA,2015,18,2015-04-27,2015-05-03,37.0,0.0,JHU,0.95,observed
UGA,2015,19,2015-05-04,2015-05-10,5.0,0.0,JHU,0.95,observed
UGA,2015,20,2015-05-11,2015-05-17,29.0675,,JHU,0.462,fourier_country
UGA,2015,21,2015-05-18,2015-05-24,26.6394,,JHU,0.462,fourier_country
UGA,2015,22,2015-05-25,2015-05-31,3.0,0.0,JHU,0.95,observed
UGA,2015,23,2015-06-01,2015-06-07,22.6181,,JHU,0.462,fourier_country
UGA,2015,24,2015-06-08,2015-06-14,0.0,0.0,JHU,0.95,observed
UGA,2015,25,2015-06-15,2015-06-21,19.8006,,JHU,0.462,fourier_country
UGA,2015,26,2015-06-22,2015-06-28,8.0,0.0,JHU,0.95,observed
UGA,2015,27,2015-06-29,2015-07-05,10.0,0.0,JHU,0.95,observed
UGA,2015,28,2015-07-06,2015-07-12,4.0,0.0,JHU,0.95,observed
UGA,2015,29,2015-07-13,2015-07-19,10.0,0.0,JHU,0.95,observed
UGA,2015,30,2015-07-20,2015-07-26,13.0,0.0,JHU,0.95,observed
UGA,2015,31,2015-07-27,2015-08-02,17.488,,JHU,0.462,fourier_country
UGA,2015,32,2015-08-03,2015-08-09,17.7136,,JHU,0.462,fourier_country
UGA,2015,33,2015-08-10,2015-08-16,18.0462,,JHU,0.462,fourier_country
UGA,2015,34,2015-08-17,2015-08-23,18.472,,JHU,0.462,fourier_country
UGA,2015,35,2015-08-24,2015-08-30,0.0,0.0,JHU,0.95,observed
UGA,2015,36,2015-08-31,2015-09-06,0.0,0.0,JHU,0.95,observed
UGA,2015,37,2015-09-07,2015-09-13,20.2819,,JHU,0.462,fourier_country
UGA,2015,38,2015-09-14,2015-09-20,21.0888,,JHU,0.462,fourier_country
UGA,2015,39,2015-09-21,2015-09-27,0.0,0.0,JHU,0.95,observed
UGA,2015,40,2015-09-28,2015-10-04,0.0,0.0,JHU,0.95,observed
UGA,2015,41,2015-10-05,2015-10-11,0.0,0.0,JHU,0.95,observed
UGA,2015,42,2015-10-12,2015-10-18,0.0,0.0,JHU,0.95,observed
UGA,2015,43,2015-10-19,2015-10-25,0.0,0.0,JHU,0.95,observed
UGA,2015,44,2015-10-26,2015-11-01,0.0,0.0,JHU,0.95,observed
UGA,2015,45,2015-11-02,2015-11-08,31.361,,JHU,0.462,fourier_country
UGA,2015,46,2015-11-09,2015-11-15,33.6116,,JHU,0.462,fourier_country
UGA,2015,47,2015-11-16,2015-11-22,36.0311,,JHU,0.462,fourier_country
UGA,2015,48,2015-11-23,2015-11-29,38.5844,,JHU,0.462,fourier_country
UGA,2015,49,2015-11-30,2015-12-06,41.2256,,JHU,0.462,fourier_country
UGA,2015,50,2015-12-07,2015-12-13,43.8994,,JHU,0.462,fourier_country
UGA,2015,51,2015-12-14,2015-12-20,46.5425,,JHU,0.462,fourier_country
UGA,2015,52,2015-12-21,2015-12-27,6.0,0.0,JHU,0.95,observed
UGA,2015,53,2015-12-28,2016-01-03,49.0861,,JHU,0.462,fourier_country
UGA,2016,1,2016-01-04,2016-01-10,66.9066,,JHU,0.462,fourier_country
UGA,2016,2,2016-01-11,2016-01-17,69.6772,,JHU,0.462,fourier_country
UGA,2016,3,2016-01-18,2016-01-24,72.0454,,JHU,0.462,fourier_country
UGA,2016,4,2016-01-25,2016-01-31,73.9318,,JHU,0.462,fourier_country
UGA,2016,5,2016-02-01,2016-02-07,75.2695,,JHU,0.462,fourier_country
UGA,2016,6,2016-02-08,2016-02-14,76.0071,,JHU,0.462,fourier_country
UGA,2016,7,2016-02-15,2016-02-21,76.1113,,JHU,0.462,fourier_country
UGA,2016,8,2016-02-22,2016-02-28,1.0,0.0,JHU,0.95,observed
UGA,2016,9,2016-02-29,2016-03-06,74.3877,,JHU,0.462,fourier_country
UGA,2016,10,2016-03-07,2016-03-13,72.596,,JHU,0.462,fourier_country
UGA,2016,11,2016-03-14,2016-03-20,70.242,,JHU,0.462,fourier_country
UGA,2016,12,2016-03-21,2016-03-27,67.3915,,JHU,0.462,fourier_country
UGA,2016,13,2016-03-28,2016-04-03,64.1253,,JHU,0.462,fourier_country
UGA,2016,14,2016-04-04,2016-04-10,60.5357,,JHU,0.462,fourier_country
UGA,2016,15,2016-04-11,2016-04-17,24.0,1.0,JHU,0.95,observed
UGA,2016,16,2016-04-18,2016-04-24,52.7885,,JHU,0.462,fourier_country
UGA,2016,17,2016-04-25,2016-05-01,48.8363,,JHU,0.462,fourier_country
UGA,2016,18,2016-05-02,2016-05-08,44.9627,,JHU,0.462,fourier_country
UGA,2016,19,2016-05-09,2016-05-15,41.2563,,JHU,0.462,fourier_country
UGA,2016,20,2016-05-16,2016-05-22,37.7934,,JHU,0.462,fourier_country
UGA,2016,21,2016-05-23,2016-05-29,34.6363,,JHU,0.462,fourier_country
UGA,2016,22,2016-05-30,2016-06-05,31.8312,,JHU,0.462,fourier_country
UGA,2016,23,2016-06-06,2016-06-12,29.4079,,JHU,0.462,fourier_country
UGA,2016,24,2016-06-13,2016-06-19,27.3797,,JHU,0.462,fourier_country
UGA,2016,25,2016-06-20,2016-06-26,25.7446,,JHU,0.462,fourier_country
UGA,2016,26,2016-06-27,2016-07-03,24.4872,,JHU,0.462,fourier_country
UGA,2016,27,2016-07-04,2016-07-10,23.5814,,JHU,0.462,fourier_country
UGA,2016,28,2016-07-11,2016-07-17,22.9928,,JHU,0.462,fourier_country
UGA,2016,29,2016-07-18,2016-07-24,22.6825,,JHU,0.462,fourier_country
UGA,2016,30,2016-07-25,2016-07-31,22.6103,,JHU,0.462,fourier_country
UGA,2016,31,2016-08-01,2016-08-07,22.7377,,JHU,0.462,fourier_country
UGA,2016,32,2016-08-08,2016-08-14,23.0311,,JHU,0.462,fourier_country
UGA,2016,33,2016-08-15,2016-08-21,23.4635,,JHU,0.462,fourier_country
UGA,2016,34,2016-08-22,2016-08-28,24.0,0.0,JHU,0.95,observed
UGA,2016,35,2016-08-29,2016-09-04,24.6837,,JHU,0.462,fourier_country
UGA,2016,36,2016-09-05,2016-09-11,25.4646,,JHU,0.462,fourier_country
UGA,2016,37,2016-09-12,2016-09-18,26.3704,,JHU,0.462,fourier_country
UGA,2016,38,2016-09-19,2016-09-25,3.0,1.0,JHU,0.95,observed
UGA,2016,39,2016-09-26,2016-10-02,28.6358,,JHU,0.462,fourier_country
UGA,2016,40,2016-10-03,2016-10-09,30.0461,,JHU,0.462,fourier_country
UGA,2016,41,2016-10-10,2016-10-16,31.6774,,JHU,0.462,fourier_country
UGA,2016,42,2016-10-17,2016-10-23,33.5533,,JHU,0.462,fourier_country
UGA,2016,43,2016-10-24,2016-10-30,35.6913,,JHU,0.462,fourier_country
UGA,2016,44,2016-10-31,2016-11-06,38.0998,,JHU,0.462,fourier_country
UGA,2016,45,2016-11-07,2016-11-13,40.7753,,JHU,0.462,fourier_country
UGA,2016,46,2016-11-14,2016-11-20,43.7015,,JHU,0.462,fourier_country
UGA,2016,47,2016-11-21,2016-11-27,46.8473,,JHU,0.462,fourier_country
UGA,2016,48,2016-11-28,2016-12-04,50.1671,,JHU,0.462,fourier_country
UGA,2016,49,2016-12-05,2016-12-11,53.6012,,JHU,0.462,fourier_country
UGA,2016,50,2016-12-12,2016-12-18,57.0777,,JHU,0.462,fourier_country
UGA,2016,51,2016-12-19,2016-12-25,60.5142,,JHU,0.462,fourier_country
UGA,2016,52,2016-12-26,2017-01-01,63.8214,,JHU,0.462,fourier_country
UGA,2017,1,2017-01-02,2017-01-08,10.0877,0.0,JHU,0.7,fourier_country
UGA,2017,2,2017-01-09,2017-01-15,10.5054,0.0,JHU,0.7,fourier_country
UGA,2017,3,2017-01-16,2017-01-22,10.8625,0.0,JHU,0.7,fourier_country
UGA,2017,4,2017-01-23,2017-01-29,11.1469,0.0,JHU,0.7,fourier_country
UGA,2017,5,2017-01-30,2017-02-05,11.3486,0.0,JHU,0.7,fourier_country
UGA,2017,6,2017-02-06,2017-02-12,11.4598,0.0,JHU,0.7,fourier_country
UGA,2017,7,2017-02-13,2017-02-19,11.4755,0.0,JHU,0.7,fourier_country
UGA,2017,8,2017-02-20,2017-02-26,11.3937,0.0,JHU,0.7,fourier_country
UGA,2017,9,2017-02-27,2017-03-05,11.2156,0.0,JHU,0.7,fourier_country
UGA,2017,10,2017-03-06,2017-03-12,10.9455,0.0,JHU,0.7,fourier_country
UGA,2017,11,2017-03-13,2017-03-19,10.5906,0.0,JHU,0.7,fourier_country
UGA,2017,12,2017-03-20,2017-03-26,10.1608,0.0,JHU,0.7,fourier_country
UGA,2017,13,2017-03-27,2017-04-02,9.6684,0.0,JHU,0.7,fourier_country
UGA,2017,14,2017-04-03,2017-04-09,9.1271,0.0,JHU,0.7,fourier_country
UGA,2017,15,2017-04-10,2017-04-16,8.5522,0.0,JHU,0.7,fourier_country
UGA,2017,16,2017-04-17,2017-04-23,7.9591,0.0,JHU,0.7,fourier_country
UGA,2017,17,2017-04-24,2017-04-30,7.3632,0.0,JHU,0.7,fourier_country
UGA,2017,18,2017-05-01,2017-05-07,6.7792,0.0,JHU,0.7,fourier_country
UGA,2017,19,2017-05-08,2017-05-14,6.2203,0.0,JHU,0.7,fourier_country
UGA,2017,20,2017-05-15,2017-05-21,5.6982,0.0,JHU,0.7,fourier_country
UGA,2017,21,2017-05-22,2017-05-28,5.2222,0.0,JHU,0.7,fourier_country
UGA,2017,22,2017-05-29,2017-06-04,4.7993,0.0,JHU,0.7,fourier_country
UGA,2017,23,2017-06-05,2017-06-11,4.4339,0.0,JHU,0.7,fourier_country
UGA,2017,24,2017-06-12,2017-06-18,4.1281,0.0,JHU,0.7,fourier_country
UGA,2017,25,2017-06-19,2017-06-25,3.8816,0.0,JHU,0.7,fourier_country
UGA,2017,26,2017-06-26,2017-07-02,1.0,0.0,JHU,0.9,observed
UGA,2017,27,2017-07-03,2017-07-09,56.0,0.0,JHU,0.9,observed
UGA,2017,28,2017-07-10,2017-07-16,225.0,0.0,JHU,0.9,observed
UGA,2017,29,2017-07-17,2017-07-23,0.0,0.0,JHU,0.9,observed
UGA,2017,30,2017-07-24,2017-07-30,0.0,0.0,JHU,0.9,observed
UGA,2017,31,2017-07-31,2017-08-06,0.0,0.0,JHU,0.9,observed
UGA,2017,32,2017-08-07,2017-08-13,0.0,0.0,JHU,0.9,observed
UGA,2017,33,2017-08-14,2017-08-20,0.0,0.0,JHU,0.9,observed
UGA,2017,34,2017-08-21,2017-08-27,0.0,0.0,JHU,0.9,observed
UGA,2017,35,2017-08-28,2017-09-03,0.0,0.0,JHU,0.9,observed
UGA,2017,36,2017-09-04,2017-09-10,0.0,0.0,JHU,0.9,observed
UGA,2017,37,2017-09-11,2017-09-17,0.0,0.0,JHU,0.9,observed
UGA,2017,38,2017-09-18,2017-09-24,0.0,0.0,JHU,0.9,observed
UGA,2017,39,2017-09-25,2017-10-01,83.0,3.0,JHU,0.9,observed
UGA,2017,40,2017-10-02,2017-10-08,72.0,0.0,JHU,0.9,observed
UGA,2017,41,2017-10-09,2017-10-15,23.0,0.0,JHU,0.9,observed
UGA,2017,42,2017-10-16,2017-10-22,0.0,0.0,JHU,0.9,observed
UGA,2017,43,2017-10-23,2017-10-29,0.0,0.0,JHU,0.9,observed
UGA,2017,44,2017-10-30,2017-11-05,48.0,0.0,JHU,0.9,observed
UGA,2017,45,2017-11-06,2017-11-12,7.0,0.0,JHU,0.9,observed
UGA,2017,46,2017-11-13,2017-11-19,22.0,1.0,JHU,0.9,observed
UGA,2017,47,2017-11-20,2017-11-26,12.0,1.0,JHU,0.9,observed
UGA,2017,48,2017-11-27,2017-12-03,14.0,0.0,JHU,0.9,observed
UGA,2017,49,2017-12-04,2017-12-10,0.0,0.0,JHU,0.9,observed
UGA,2017,50,2017-12-11,2017-12-17,8.6058,0.0,JHU,0.7,fourier_country
UGA,2017,51,2017-12-18,2017-12-24,9.1239,0.0,JHU,0.7,fourier_country
UGA,2017,52,2017-12-25,2017-12-31,9.6225,0.0,JHU,0.7,fourier_country
UGA,2018,1,2018-01-01,2018-01-07,0.0,0.0,JHU,0.9,observed
UGA,2018,2,2018-01-08,2018-01-14,0.0,0.0,JHU,0.9,observed
UGA,2018,3,2018-01-15,2018-01-21,0.0,0.0,JHU,0.9,observed
UGA,2018,4,2018-01-22,2018-01-28,0.0,0.0,JHU,0.9,observed
UGA,2018,5,2018-01-29,2018-02-04,1.0,1.0,JHU,0.9,observed
UGA,2018,6,2018-02-05,2018-02-11,5.0,0.0,JHU,0.9,observed
UGA,2018,7,2018-02-12,2018-02-18,433.0,20.0,JHU,0.9,observed
UGA,2018,8,2018-02-19,2018-02-25,470.0,11.0,JHU,0.9,observed
UGA,2018,9,2018-02-26,2018-03-04,333.0,4.0,JHU,0.97,observed
UGA,2018,10,2018-03-05,2018-03-11,175.0,1.0,JHU,0.9,observed
UGA,2018,11,2018-03-12,2018-03-18,273.0,1.0,JHU,0.9,observed
UGA,2018,12,2018-03-19,2018-03-25,155.0,3.0,JHU,0.9,observed
UGA,2018,13,2018-03-26,2018-04-01,117.0,1.0,JHU,0.9,observed
UGA,2018,14,2018-04-02,2018-04-08,60.0,4.0,JHU,0.9,observed
UGA,2018,15,2018-04-09,2018-04-15,33.0,0.0,JHU,0.9,observed
UGA,2018,16,2018-04-16,2018-04-22,110.0,2.0,JHU,0.9,observed
UGA,2018,17,2018-04-23,2018-04-29,39.0,0.0,JHU,0.9,observed
UGA,2018,18,2018-04-30,2018-05-06,13.0,0.0,JHU,0.9,observed
UGA,2018,19,2018-05-07,2018-05-13,14.0,1.0,JHU,0.9,observed
UGA,2018,20,2018-05-14,2018-05-20,12.0,0.0,JHU,0.9,observed
UGA,2018,21,2018-05-21,2018-05-27,9.0,0.0,JHU,0.9,observed
UGA,2018,22,2018-05-28,2018-06-03,20.0,2.0,JHU,0.9,observed
UGA,2018,23,2018-06-04,2018-06-10,46.0,0.0,JHU,0.9,observed
UGA,2018,24,2018-06-11,2018-06-17,33.0,1.0,JHU,0.9,observed
UGA,2018,25,2018-06-18,2018-06-24,33.0,0.0,JHU,0.9,observed
UGA,2018,26,2018-06-25,2018-07-01,39.0,0.0,JHU,0.9,observed
UGA,2018,27,2018-07-02,2018-07-08,35.0,0.0,JHU,0.9,observed
UGA,2018,28,2018-07-09,2018-07-15,13.0,0.0,JHU,0.9,observed
UGA,2018,29,2018-07-16,2018-07-22,58.0,7.0,JHU,0.9,observed
UGA,2018,30,2018-07-23,2018-07-29,0.0,0.0,JHU,0.9,observed
UGA,2018,31,2018-07-30,2018-08-05,0.0,0.0,JHU,0.9,observed
UGA,2018,32,2018-08-06,2018-08-12,0.0,0.0,JHU,0.9,observed
UGA,2018,33,2018-08-13,2018-08-19,0.0,0.0,JHU,0.9,observed
UGA,2018,34,2018-08-20,2018-08-26,0.0,0.0,JHU,0.9,observed
UGA,2018,35,2018-08-27,2018-09-02,0.0,0.0,JHU,0.9,observed
UGA,2018,36,2018-09-03,2018-09-09,0.0,0.0,JHU,0.9,observed
UGA,2018,37,2018-09-10,2018-09-16,0.0,0.0,JHU,0.9,observed
UGA,2018,38,2018-09-17,2018-09-23,0.0,0.0,JHU,0.9,observed
UGA,2018,39,2018-09-24,2018-09-30,0.0,0.0,JHU,0.9,observed
UGA,2018,40,2018-10-01,2018-10-07,0.0,0.0,JHU,0.9,observed
UGA,2018,41,2018-10-08,2018-10-14,4.0,0.0,JHU,0.9,observed
UGA,2018,42,2018-10-15,2018-10-21,0.0,0.0,JHU,0.9,observed
UGA,2018,43,2018-10-22,2018-10-28,0.0,0.0,JHU,0.9,observed
UGA,2018,44,2018-10-29,2018-11-04,0.0,0.0,JHU,0.9,observed
UGA,2018,45,2018-11-05,2018-11-11,0.0,0.0,JHU,0.9,observed
UGA,2018,46,2018-11-12,2018-11-18,0.0,0.0,JHU,0.9,observed
UGA,2018,47,2018-11-19,2018-11-25,0.0,0.0,JHU,0.9,observed
UGA,2018,48,2018-11-26,2018-12-02,0.0,0.0,JHU,0.9,observed
UGA,2018,49,2018-12-03,2018-12-09,0.0,0.0,JHU,0.9,observed
UGA,2018,50,2018-12-10,2018-12-16,0.0,0.0,JHU,0.9,observed
UGA,2018,51,2018-12-17,2018-12-23,0.0,0.0,JHU,0.9,observed
UGA,2018,52,2018-12-24,2018-12-30,0.0,0.0,JHU,0.9,observed
UGA,2019,1,2018-12-31,2019-01-06,11.0,1.0,JHU,0.9,observed
UGA,2019,2,2019-01-07,2019-01-13,14.0,0.0,JHU,0.9,observed
UGA,2019,3,2019-01-14,2019-01-20,8.0,0.0,JHU,0.9,observed
UGA,2019,4,2019-01-21,2019-01-27,5.0,0.0,JHU,0.9,observed
UGA,2019,5,2019-01-28,2019-02-03,9.0,1.0,JHU,0.9,observed
UGA,2019,6,2019-02-04,2019-02-10,6.0,1.0,JHU,0.9,observed
UGA,2019,7,2019-02-11,2019-02-17,0.0,0.0,JHU,0.9,observed
UGA,2019,8,2019-02-18,2019-02-24,0.0,0.0,JHU,0.9,observed
UGA,2019,9,2019-02-25,2019-03-03,0.0,0.0,JHU,0.9,observed
UGA,2019,10,2019-03-04,2019-03-10,0.0,0.0,JHU,0.9,observed
UGA,2019,11,2019-03-11,2019-03-17,0.0,0.0,JHU,0.9,observed
UGA,2019,12,2019-03-18,2019-03-24,0.0,0.0,JHU,0.9,observed
UGA,2019,13,2019-03-25,2019-03-31,0.0,0.0,JHU,0.9,observed
UGA,2019,14,2019-04-01,2019-04-07,0.0,0.0,JHU,0.9,observed
UGA,2019,15,2019-04-08,2019-04-14,0.0,0.0,JHU,0.9,observed
UGA,2019,16,2019-04-15,2019-04-21,0.0,0.0,JHU,0.9,observed
UGA,2019,17,2019-04-22,2019-04-28,0.0,,JHU,0.9,observed
UGA,2019,18,2019-04-29,2019-05-05,0.0,,JHU,0.9,observed
UGA,2019,19,2019-05-06,2019-05-12,0.0,,JHU,0.9,observed
UGA,2019,20,2019-05-13,2019-05-19,0.0,,JHU,0.9,observed
UGA,2019,21,2019-05-20,2019-05-26,0.0,,JHU,0.9,observed
UGA,2019,22,2019-05-27,2019-06-02,0.0,,JHU,0.9,observed
UGA,2019,23,2019-06-03,2019-06-09,20.7059,0.1718,JHU,0.665,fourier_country
UGA,2019,24,2019-06-10,2019-06-16,19.2778,0.16,JHU,0.665,fourier_country
UGA,2019,25,2019-06-17,2019-06-23,18.1266,0.1504,JHU,0.665,fourier_country
UGA,2019,26,2019-06-24,2019-06-30,17.2413,0.1431,JHU,0.665,fourier_country
UGA,2019,27,2019-07-01,2019-07-07,16.6035,0.1378,JHU,0.665,fourier_country
UGA,2019,28,2019-07-08,2019-07-14,16.1891,0.1343,JHU,0.665,fourier_country
UGA,2019,29,2019-07-15,2019-07-21,15.9706,0.1325,JHU,0.665,fourier_country
UGA,2019,30,2019-07-22,2019-07-28,15.9198,0.1321,JHU,0.665,fourier_country
UGA,2019,31,2019-07-29,2019-08-04,16.0095,0.1329,JHU,0.665,fourier_country
UGA,2019,32,2019-08-05,2019-08-11,16.216,0.1346,JHU,0.665,fourier_country
UGA,2019,33,2019-08-12,2019-08-18,16.5205,0.1371,JHU,0.665,fourier_country
UGA,2019,34,2019-08-19,2019-08-25,16.9104,0.1403,JHU,0.665,fourier_country
UGA,2019,35,2019-08-26,2019-09-01,17.3796,0.1442,JHU,0.665,fourier_country
UGA,2019,36,2019-09-02,2019-09-08,17.9294,0.1488,JHU,0.665,fourier_country
UGA,2019,37,2019-09-09,2019-09-15,8.7641,0.1224,JHU,0.7,fourier_country
UGA,2019,38,2019-09-16,2019-09-22,9.1128,0.1273,JHU,0.7,fourier_country
UGA,2019,39,2019-09-23,2019-09-29,9.517,0.1329,JHU,0.7,fourier_country
UGA,2019,40,2019-09-30,2019-10-06,9.9857,0.1395,JHU,0.7,fourier_country
UGA,2019,41,2019-10-07,2019-10-13,10.5279,0.147,JHU,0.7,fourier_country
UGA,2019,42,2019-10-14,2019-10-20,11.1513,0.1557,JHU,0.7,fourier_country
UGA,2019,43,2019-10-21,2019-10-27,11.8619,0.1657,JHU,0.7,fourier_country
UGA,2019,44,2019-10-28,2019-11-03,12.6623,0.1768,JHU,0.7,fourier_country
UGA,2019,45,2019-11-04,2019-11-10,13.5515,0.1893,JHU,0.7,fourier_country
UGA,2019,46,2019-11-11,2019-11-17,14.524,0.2028,JHU,0.7,fourier_country
UGA,2019,47,2019-11-18,2019-11-24,15.5695,0.2175,JHU,0.7,fourier_country
UGA,2019,48,2019-11-25,2019-12-01,16.6728,0.2329,JHU,0.7,fourier_country
UGA,2019,49,2019-12-02,2019-12-08,17.8142,0.2488,JHU,0.7,fourier_country
UGA,2019,50,2019-12-09,2019-12-15,18.9695,0.2649,JHU,0.7,fourier_country
UGA,2019,51,2019-12-16,2019-12-22,20.1117,0.2809,JHU,0.7,fourier_country
UGA,2019,52,2019-12-23,2019-12-29,21.2108,0.2962,JHU,0.7,fourier_country
UGA,2020,1,2019-12-30,2020-01-05,22.2361,0.3106,JHU,0.7,fourier_country
UGA,2020,2,2020-01-06,2020-01-12,45.0226,0.5328,JHU,0.7,fourier_country
UGA,2020,3,2020-01-13,2020-01-19,46.5528,0.5509,JHU,0.7,fourier_country
UGA,2020,4,2020-01-20,2020-01-26,47.7718,0.5653,JHU,0.7,fourier_country
UGA,2020,5,2020-01-27,2020-02-02,48.6361,0.5756,JHU,0.7,fourier_country
UGA,2020,6,2020-02-03,2020-02-09,49.1127,0.5812,JHU,0.7,fourier_country
UGA,2020,7,2020-02-10,2020-02-16,49.18,0.582,JHU,0.7,fourier_country
UGA,2020,8,2020-02-17,2020-02-23,48.8296,0.5779,JHU,0.7,fourier_country
UGA,2020,9,2020-02-24,2020-03-01,48.0663,0.5688,JHU,0.7,fourier_country
UGA,2020,10,2020-03-02,2020-03-08,46.9086,0.5551,JHU,0.7,fourier_country
UGA,2020,11,2020-03-09,2020-03-15,45.3876,0.5371,JHU,0.7,fourier_country
UGA,2020,12,2020-03-16,2020-03-22,43.5457,0.5153,JHU,0.7,fourier_country
UGA,2020,13,2020-03-23,2020-03-29,41.4352,0.4904,JHU,0.7,fourier_country
UGA,2020,14,2020-03-30,2020-04-05,39.1157,0.4629,JHU,0.7,fourier_country
UGA,2020,15,2020-04-06,2020-04-12,36.6517,0.4337,JHU,0.7,fourier_country
UGA,2020,16,2020-04-13,2020-04-19,34.1098,0.4037,JHU,0.7,fourier_country
UGA,2020,17,2020-04-20,2020-04-26,31.556,0.3734,JHU,0.7,fourier_country
UGA,2020,18,2020-04-27,2020-05-03,29.0531,0.3438,JHU,0.7,fourier_country
UGA,2020,19,2020-05-04,2020-05-10,26.6582,0.3155,JHU,0.7,fourier_country
UGA,2020,20,2020-05-11,2020-05-17,24.4206,0.289,JHU,0.7,fourier_country
UGA,2020,21,2020-05-18,2020-05-24,22.3806,0.2649,JHU,0.7,fourier_country
UGA,2020,22,2020-05-25,2020-05-31,20.5681,0.2434,JHU,0.7,fourier_country
UGA,2020,23,2020-06-01,2020-06-07,19.0022,0.2249,JHU,0.7,fourier_country
UGA,2020,24,2020-06-08,2020-06-14,17.6916,0.2094,JHU,0.7,fourier_country
UGA,2020,25,2020-06-15,2020-06-21,16.6351,0.1969,JHU,0.7,fourier_country
UGA,2020,26,2020-06-22,2020-06-28,15.8227,0.1873,JHU,0.7,fourier_country
UGA,2020,27,2020-06-29,2020-07-05,15.2373,0.1803,JHU,0.7,fourier_country
UGA,2020,28,2020-07-06,2020-07-12,14.857,0.1758,JHU,0.7,fourier_country
UGA,2020,29,2020-07-13,2020-07-19,14.6565,0.1734,JHU,0.7,fourier_country
UGA,2020,30,2020-07-20,2020-07-26,14.6099,0.1729,JHU,0.7,fourier_country
UGA,2020,31,2020-07-27,2020-08-02,14.6922,0.1739,JHU,0.7,fourier_country
UGA,2020,32,2020-08-03,2020-08-09,14.8817,0.1761,JHU,0.7,fourier_country
UGA,2020,33,2020-08-10,2020-08-16,15.1612,0.1794,JHU,0.7,fourier_country
UGA,2020,34,2020-08-17,2020-08-23,15.519,0.1837,JHU,0.7,fourier_country
UGA,2020,35,2020-08-24,2020-08-30,15.9496,0.1888,JHU,0.7,fourier_country
UGA,2020,36,2020-08-31,2020-09-06,16.4542,0.1947,JHU,0.7,fourier_country
UGA,2020,37,2020-09-07,2020-09-13,17.0395,0.2017,JHU,0.7,fourier_country
UGA,2020,38,2020-09-14,2020-09-20,17.7174,0.2097,JHU,0.7,fourier_country
UGA,2020,39,2020-09-21,2020-09-27,18.5033,0.219,JHU,0.7,fourier_country
UGA,2020,40,2020-09-28,2020-10-04,19.4146,0.2298,JHU,0.7,fourier_country
UGA,2020,41,2020-10-05,2020-10-11,20.4687,0.2422,JHU,0.7,fourier_country
UGA,2020,42,2020-10-12,2020-10-18,21.6808,0.2566,JHU,0.7,fourier_country
UGA,2020,43,2020-10-19,2020-10-25,23.0623,0.2729,JHU,0.7,fourier_country
UGA,2020,44,2020-10-26,2020-11-01,24.6185,0.2913,JHU,0.7,fourier_country
UGA,2020,45,2020-11-02,2020-11-08,26.3474,0.3118,JHU,0.7,fourier_country
UGA,2020,46,2020-11-09,2020-11-15,28.2382,0.3342,JHU,0.7,fourier_country
UGA,2020,47,2020-11-16,2020-11-22,30.2709,0.3582,JHU,0.7,fourier_country
UGA,2020,48,2020-11-23,2020-11-29,32.416,0.3836,JHU,0.7,fourier_country
UGA,2020,49,2020-11-30,2020-12-06,34.635,0.4099,JHU,0.7,fourier_country
UGA,2020,50,2020-12-07,2020-12-13,36.8813,0.4365,JHU,0.7,fourier_country
UGA,2020,51,2020-12-14,2020-12-20,39.1018,0.4627,JHU,0.7,fourier_country
UGA,2020,52,2020-12-21,2020-12-27,41.2388,0.488,JHU,0.7,fourier_country
UGA,2020,53,2020-12-28,2021-01-03,173.0,0.0,JHU,1.0,observed
UGA,2021,1,2021-01-04,2021-01-10,4.7875,,AI,0.63,fourier_country
UGA,2021,2,2021-01-11,2021-01-17,4.9857,,AI,0.63,fourier_country
UGA,2021,3,2021-01-18,2021-01-24,5.1552,,AI,0.63,fourier_country
UGA,2021,4,2021-01-25,2021-01-31,5.2902,,AI,0.63,fourier_country
UGA,2021,5,2021-02-01,2021-02-07,5.3859,,AI,0.63,fourier_country
UGA,2021,6,2021-02-08,2021-02-14,5.4387,,AI,0.63,fourier_country
UGA,2021,7,2021-02-15,2021-02-21,5.4461,,AI,0.63,fourier_country
UGA,2021,8,2021-02-22,2021-02-28,5.4073,,AI,0.63,fourier_country
UGA,2021,9,2021-03-01,2021-03-07,5.3228,,AI,0.63,fourier_country
UGA,2021,10,2021-03-08,2021-03-14,5.1946,,AI,0.63,fourier_country
UGA,2021,11,2021-03-15,2021-03-21,5.0262,,AI,0.63,fourier_country
UGA,2021,12,2021-03-22,2021-03-28,4.8222,,AI,0.63,fourier_country
UGA,2021,13,2021-03-29,2021-04-04,4.5885,,AI,0.63,fourier_country
UGA,2021,14,2021-04-05,2021-04-11,4.3316,,AI,0.63,fourier_country
UGA,2021,15,2021-04-12,2021-04-18,4.0588,,AI,0.63,fourier_country
UGA,2021,16,2021-04-19,2021-04-25,3.7773,,AI,0.63,fourier_country
UGA,2021,17,2021-04-26,2021-05-02,3.4945,,AI,0.63,fourier_country
UGA,2021,18,2021-05-03,2021-05-09,3.2173,,AI,0.63,fourier_country
UGA,2021,19,2021-05-10,2021-05-16,2.9521,,AI,0.63,fourier_country
UGA,2021,20,2021-05-17,2021-05-23,2.7043,,AI,0.63,fourier_country
UGA,2021,21,2021-05-24,2021-05-30,2.4784,,AI,0.63,fourier_country
UGA,2021,22,2021-05-31,2021-06-06,2.2777,,AI,0.63,fourier_country
UGA,2021,23,2021-06-07,2021-06-13,2.1043,,AI,0.63,fourier_country
UGA,2021,24,2021-06-14,2021-06-20,1.9591,,AI,0.63,fourier_country
UGA,2021,25,2021-06-21,2021-06-27,1.8421,,AI,0.63,fourier_country
UGA,2021,26,2021-06-28,2021-07-04,1.7522,,AI,0.63,fourier_country
UGA,2021,27,2021-07-05,2021-07-11,1.6874,,AI,0.63,fourier_country
UGA,2021,28,2021-07-12,2021-07-18,1.6452,,AI,0.63,fourier_country
UGA,2021,29,2021-07-19,2021-07-25,1.623,,AI,0.63,fourier_country
UGA,2021,30,2021-07-26,2021-08-01,1.6179,,AI,0.63,fourier_country
UGA,2021,31,2021-08-02,2021-08-08,1.627,,AI,0.63,fourier_country
UGA,2021,32,2021-08-09,2021-08-15,1.648,,AI,0.63,fourier_country
UGA,2021,33,2021-08-16,2021-08-22,1.6789,,AI,0.63,fourier_country
UGA,2021,34,2021-08-23,2021-08-29,1.7185,,AI,0.63,fourier_country
UGA,2021,35,2021-08-30,2021-09-05,1.7662,,AI,0.63,fourier_country
UGA,2021,36,2021-09-06,2021-09-12,1.8221,,AI,0.63,fourier_country
UGA,2021,37,2021-09-13,2021-09-19,1.8869,,AI,0.63,fourier_country
UGA,2021,38,2021-09-20,2021-09-26,1.962,,AI,0.63,fourier_country
UGA,2021,39,2021-09-27,2021-10-03,2.049,,AI,0.63,fourier_country
UGA,2021,40,2021-10-04,2021-10-10,2.1499,,AI,0.63,fourier_country
UGA,2021,41,2021-10-11,2021-10-17,2.2667,,AI,0.63,fourier_country
UGA,2021,42,2021-10-18,2021-10-24,2.4009,,AI,0.63,fourier_country
UGA,2021,43,2021-10-25,2021-10-31,2.5539,,AI,0.63,fourier_country
UGA,2021,44,2021-11-01,2021-11-07,2.7262,,AI,0.63,fourier_country
UGA,2021,45,2021-11-08,2021-11-14,2.9177,,AI,0.63,fourier_country
UGA,2021,46,2021-11-15,2021-11-21,3.1271,,AI,0.63,fourier_country
UGA,2021,47,2021-11-22,2021-11-28,3.3522,,AI,0.63,fourier_country
UGA,2021,48,2021-11-29,2021-12-05,3.5897,,AI,0.63,fourier_country
UGA,2021,49,2021-12-06,2021-12-12,3.8354,,AI,0.63,fourier_country
UGA,2021,50,2021-12-13,2021-12-19,4.0842,,AI,0.63,fourier_country
UGA,2021,51,2021-12-20,2021-12-26,4.3301,,AI,0.63,fourier_country
UGA,2021,52,2021-12-27,2022-01-02,0.0,0.0,JHU,1.0,zero_fill
UGA,2022,1,2022-01-03,2022-01-09,0.0,0.0,JHU,1.0,zero_fill
UGA,2022,2,2022-01-10,2022-01-16,0.0,0.0,JHU,1.0,zero_fill
UGA,2022,3,2022-01-17,2022-01-23,0.0,0.0,JHU,1.0,zero_fill
UGA,2022,4,2022-01-24,2022-01-30,0.0,0.0,JHU,1.0,zero_fill
UGA,2022,5,2022-01-31,2022-02-06,0.0,0.0,JHU,1.0,zero_fill
UGA,2022,6,2022-02-07,2022-02-13,0.0,0.0,JHU,1.0,zero_fill
UGA,2022,7,2022-02-14,2022-02-20,0.0,0.0,JHU,1.0,zero_fill
UGA,2022,8,2022-02-21,2022-02-27,0.0,0.0,JHU,1.0,zero_fill
UGA,2022,9,2022-02-28,2022-03-06,0.0,0.0,JHU,1.0,zero_fill
UGA,2022,10,2022-03-07,2022-03-13,0.0,0.0,JHU,1.0,zero_fill
UGA,2022,11,2022-03-14,2022-03-20,0.0,0.0,JHU,1.0,zero_fill
UGA,2022,12,2022-03-21,2022-03-27,0.0,0.0,JHU,1.0,zero_fill
UGA,2022,13,2022-03-28,2022-04-03,0.0,0.0,JHU,1.0,zero_fill
UGA,2022,14,2022-04-04,2022-04-10,0.0,0.0,JHU,1.0,zero_fill
UGA,2022,15,2022-04-11,2022-04-17,0.0,0.0,JHU,1.0,zero_fill
UGA,2022,16,2022-04-18,2022-04-24,0.0,0.0,JHU,1.0,zero_fill
UGA,2022,17,2022-04-25,2022-05-01,0.0,0.0,JHU,1.0,zero_fill
UGA,2022,18,2022-05-02,2022-05-08,0.0,0.0,JHU,1.0,zero_fill
UGA,2022,19,2022-05-09,2022-05-15,0.0,0.0,JHU,1.0,zero_fill
UGA,2022,20,2022-05-16,2022-05-22,0.0,0.0,JHU,1.0,zero_fill
UGA,2022,21,2022-05-23,2022-05-29,0.0,0.0,JHU,1.0,zero_fill
UGA,2022,22,2022-05-30,2022-06-05,0.0,0.0,JHU,1.0,zero_fill
UGA,2022,23,2022-06-06,2022-06-12,0.0,0.0,JHU,1.0,zero_fill
UGA,2022,24,2022-06-13,2022-06-19,0.0,0.0,JHU,1.0,zero_fill
UGA,2022,25,2022-06-20,2022-06-26,0.0,0.0,JHU,1.0,zero_fill
UGA,2022,26,2022-06-27,2022-07-03,0.0,0.0,JHU,1.0,zero_fill
UGA,2022,27,2022-07-04,2022-07-10,0.0,0.0,JHU,1.0,zero_fill
UGA,2022,28,2022-07-11,2022-07-17,0.0,0.0,JHU,1.0,zero_fill
UGA,2022,29,2022-07-18,2022-07-24,0.0,0.0,JHU,1.0,zero_fill
UGA,2022,30,2022-07-25,2022-07-31,0.0,0.0,JHU,1.0,zero_fill
UGA,2022,31,2022-08-01,2022-08-07,0.0,0.0,JHU,1.0,zero_fill
UGA,2022,32,2022-08-08,2022-08-14,0.0,0.0,JHU,1.0,zero_fill
UGA,2022,33,2022-08-15,2022-08-21,0.0,0.0,JHU,1.0,zero_fill
UGA,2022,34,2022-08-22,2022-08-28,0.0,0.0,JHU,1.0,zero_fill
UGA,2022,35,2022-08-29,2022-09-04,0.0,0.0,JHU,1.0,zero_fill
UGA,2022,36,2022-09-05,2022-09-11,0.0,0.0,JHU,1.0,zero_fill
UGA,2022,37,2022-09-12,2022-09-18,0.0,0.0,JHU,1.0,zero_fill
UGA,2022,38,2022-09-19,2022-09-25,0.0,0.0,JHU,1.0,zero_fill
UGA,2022,39,2022-09-26,2022-10-02,0.0,0.0,JHU,1.0,zero_fill
UGA,2022,40,2022-10-03,2022-10-09,0.0,0.0,JHU,1.0,zero_fill
UGA,2022,41,2022-10-10,2022-10-16,0.0,0.0,JHU,1.0,zero_fill
UGA,2022,42,2022-10-17,2022-10-23,0.0,0.0,JHU,1.0,zero_fill
UGA,2022,43,2022-10-24,2022-10-30,0.0,0.0,JHU,1.0,zero_fill
UGA,2022,44,2022-10-31,2022-11-06,0.0,0.0,JHU,1.0,zero_fill
UGA,2022,45,2022-11-07,2022-11-13,0.0,0.0,JHU,1.0,zero_fill
UGA,2022,46,2022-11-14,2022-11-20,0.0,0.0,JHU,1.0,zero_fill
UGA,2022,47,2022-11-21,2022-11-27,0.0,0.0,JHU,1.0,zero_fill
UGA,2022,48,2022-11-28,2022-12-04,0.0,0.0,JHU,1.0,zero_fill
UGA,2022,49,2022-12-05,2022-12-11,0.0,0.0,JHU,1.0,zero_fill
UGA,2022,50,2022-12-12,2022-12-18,0.0,0.0,JHU,1.0,zero_fill
UGA,2022,51,2022-12-19,2022-12-25,0.0,0.0,JHU,1.0,zero_fill
UGA,2022,52,2022-12-26,2023-01-01,2.1118,0.264,JHU,0.665,fourier_country
UGA,2023,1,2023-01-02,2023-01-08,2.2139,0.2767,JHU,0.665,fourier_country
UGA,2023,2,2023-01-09,2023-01-15,2.3055,0.2882,JHU,0.665,fourier_country
UGA,2023,3,2023-01-16,2023-01-22,2.3839,0.298,JHU,0.665,fourier_country
UGA,2023,4,2023-01-23,2023-01-29,2.4463,0.3058,JHU,0.665,fourier_country
UGA,2023,5,2023-01-30,2023-02-05,2.4906,0.3113,JHU,0.665,fourier_country
UGA,2023,6,2023-02-06,2023-02-12,2.515,0.3144,JHU,0.665,fourier_country
UGA,2023,7,2023-02-13,2023-02-19,2.5184,0.3148,JHU,0.665,fourier_country
UGA,2023,8,2023-02-20,2023-02-26,2.5005,0.3126,JHU,0.665,fourier_country
UGA,2023,9,2023-02-27,2023-03-05,2.4614,0.3077,JHU,0.665,fourier_country
UGA,2023,10,2023-03-06,2023-03-12,2.4021,0.3003,JHU,0.665,fourier_country
UGA,2023,11,2023-03-13,2023-03-19,2.3242,0.2905,JHU,0.665,fourier_country
UGA,2023,12,2023-03-20,2023-03-26,2.2299,0.2787,JHU,0.665,fourier_country
UGA,2023,13,2023-03-27,2023-04-02,2.1218,0.2652,JHU,0.665,fourier_country
UGA,2023,14,2023-04-03,2023-04-09,2.0031,0.2504,JHU,0.665,fourier_country
UGA,2023,15,2023-04-10,2023-04-16,1.8769,0.2346,JHU,0.665,fourier_country
UGA,2023,16,2023-04-17,2023-04-23,1.7467,0.2183,JHU,0.665,fourier_country
UGA,2023,17,2023-04-24,2023-04-30,1.6159,0.202,JHU,0.665,fourier_country
UGA,2023,18,2023-05-01,2023-05-07,1.4878,0.186,JHU,0.665,fourier_country
UGA,2023,19,2023-05-08,2023-05-14,1.3651,0.1706,JHU,0.665,fourier_country
UGA,2023,20,2023-05-15,2023-05-21,1.2505,0.1563,JHU,0.665,fourier_country
UGA,2023,21,2023-05-22,2023-05-28,1.1461,0.1433,JHU,0.665,fourier_country
UGA,2023,22,2023-05-29,2023-06-04,1.0533,0.1317,JHU,0.665,fourier_country
UGA,2023,23,2023-06-05,2023-06-11,0.9731,0.1216,JHU,0.665,fourier_country
UGA,2023,24,2023-06-12,2023-06-18,0.906,0.1132,JHU,0.665,fourier_country
UGA,2023,25,2023-06-19,2023-06-25,0.8519,0.1065,JHU,0.665,fourier_country
UGA,2023,26,2023-06-26,2023-07-02,0.8103,0.1013,JHU,0.665,fourier_country
UGA,2023,27,2023-07-03,2023-07-09,9.8088,1.2739,JHU,0.665,fourier_country
UGA,2023,28,2023-07-10,2023-07-16,9.5639,1.2421,JHU,0.665,fourier_country
UGA,2023,29,2023-07-17,2023-07-23,9.4349,1.2253,JHU,0.665,fourier_country
UGA,2023,30,2023-07-24,2023-07-30,43.0,8.0,WHO,0.9,observed
UGA,2023,31,2023-07-31,2023-08-06,0.0,,WHO,0.9,observed
UGA,2023,32,2023-08-07,2023-08-13,0.0,,WHO,0.9,observed
UGA,2023,33,2023-08-14,2023-08-20,34.0,1.0,WHO,0.9,observed
UGA,2023,34,2023-08-21,2023-08-27,6.0,1.0,WHO,0.9,observed
UGA,2023,35,2023-08-28,2023-09-03,4.0,,WHO,0.9,observed
UGA,2023,36,2023-09-04,2023-09-10,0.0,,WHO,0.9,observed
UGA,2023,37,2023-09-11,2023-09-17,0.0,,WHO,0.9,observed
UGA,2023,38,2023-09-18,2023-09-24,0.0,,WHO,0.9,observed
UGA,2023,39,2023-09-25,2023-10-01,0.0,,WHO,0.9,observed
UGA,2023,40,2023-10-02,2023-10-08,0.0,,WHO,0.9,observed
UGA,2023,41,2023-10-09,2023-10-15,0.0,,WHO,0.9,observed
UGA,2023,42,2023-10-16,2023-10-22,0.0,,WHO,0.9,observed
UGA,2023,43,2023-10-23,2023-10-29,0.0,,WHO,0.9,observed
UGA,2023,44,2023-10-30,2023-11-05,0.0,,WHO,0.9,observed
UGA,2023,45,2023-11-06,2023-11-12,0.0,,WHO,0.9,observed
UGA,2023,46,2023-11-13,2023-11-19,0.0,,WHO,0.9,observed
UGA,2023,47,2023-11-20,2023-11-26,0.0,,WHO,0.9,observed
UGA,2023,48,2023-11-27,2023-12-03,0.0,,WHO,0.9,observed
UGA,2023,49,2023-12-04,2023-12-10,0.0,,WHO,0.9,observed
UGA,2023,50,2023-12-11,2023-12-17,0.0,,WHO,0.9,observed
UGA,2023,51,2023-12-18,2023-12-24,0.0,,WHO,0.9,observed
UGA,2023,52,2023-12-25,2023-12-31,0.0,,WHO,0.9,observed
UGA,2024,1,2024-01-01,2024-01-07,0.0,,WHO,0.9,observed
UGA,2024,2,2024-01-08,2024-01-14,0.0,,WHO,0.9,observed
UGA,2024,3,2024-01-15,2024-01-21,0.0,,WHO,0.9,observed
UGA,2024,4,2024-01-22,2024-01-28,0.0,,WHO,0.9,observed
UGA,2024,5,2024-01-29,2024-02-04,6.0,1.0,WHO,0.9,observed
UGA,2024,6,2024-02-05,2024-02-11,0.0,,WHO,0.9,observed
UGA,2024,7,2024-02-12,2024-02-18,0.0,,WHO,0.9,observed
UGA,2024,8,2024-02-19,2024-02-25,0.0,,WHO,0.9,observed
UGA,2024,9,2024-02-26,2024-03-03,0.0,,WHO,0.9,observed
UGA,2024,10,2024-03-04,2024-03-10,0.0,,WHO,0.9,observed
UGA,2024,11,2024-03-11,2024-03-17,26.0,,WHO,0.9,observed
UGA,2024,12,2024-03-18,2024-03-24,0.0,,WHO,0.9,observed
UGA,2024,13,2024-03-25,2024-03-31,0.0,,WHO,0.9,observed
UGA,2024,14,2024-04-01,2024-04-07,0.0,,WHO,0.9,observed
UGA,2024,15,2024-04-08,2024-04-14,0.0,,WHO,0.9,observed
UGA,2024,16,2024-04-15,2024-04-21,0.0,,WHO,0.9,observed
UGA,2024,17,2024-04-22,2024-04-28,0.0,,WHO,0.9,observed
UGA,2024,18,2024-04-29,2024-05-05,14.0,1.0,WHO,0.9,observed
UGA,2024,19,2024-05-06,2024-05-12,0.0,,WHO,0.9,observed
UGA,2024,20,2024-05-13,2024-05-19,43.0,3.0,WHO,0.9,observed
UGA,2024,21,2024-05-20,2024-05-26,0.0,,WHO,0.9,observed
UGA,2024,22,2024-05-27,2024-06-02,0.0,,WHO,0.9,observed
UGA,2024,23,2024-06-03,2024-06-09,0.0,,WHO,0.9,observed
UGA,2024,24,2024-06-10,2024-06-16,0.0,,WHO,0.9,observed
UGA,2024,25,2024-06-17,2024-06-23,0.0,,WHO,0.9,observed
UGA,2024,26,2024-06-24,2024-06-30,0.0,,WHO,0.9,observed
UGA,2024,27,2024-07-01,2024-07-07,0.0,,WHO,0.9,observed
UGA,2024,28,2024-07-08,2024-07-14,0.0,,WHO,0.9,observed
UGA,2024,29,2024-07-15,2024-07-21,0.0,,WHO,0.9,observed
UGA,2024,30,2024-07-22,2024-07-28,0.0,,WHO,0.9,observed
UGA,2024,31,2024-07-29,2024-08-04,0.0,,WHO,0.9,observed
UGA,2024,32,2024-08-05,2024-08-11,0.0,,WHO,0.9,observed
UGA,2024,33,2024-08-12,2024-08-18,0.0,,WHO,0.9,observed
UGA,2024,34,2024-08-19,2024-08-25,0.0,,WHO,0.9,observed
UGA,2024,35,2024-08-26,2024-09-01,0.0,,WHO,0.9,observed
UGA,2024,36,2024-09-02,2024-09-08,0.0,,WHO,0.9,observed
UGA,2024,37,2024-09-09,2024-09-15,0.0,,WHO,0.9,observed
UGA,2024,38,2024-09-16,2024-09-22,0.0,,WHO,0.9,observed
UGA,2024,39,2024-09-23,2024-09-29,0.0,,WHO,0.9,observed
UGA,2024,40,2024-09-30,2024-10-06,0.0,,WHO,0.9,observed
UGA,2024,41,2024-10-07,2024-10-13,0.0,,WHO,0.9,observed
UGA,2024,42,2024-10-14,2024-10-20,0.0,,WHO,0.9,observed
UGA,2024,43,2024-10-21,2024-10-27,0.0,,WHO,0.9,observed
UGA,2024,44,2024-10-28,2024-11-03,0.0,,WHO,0.9,observed
UGA,2024,45,2024-11-04,2024-11-10,0.0,,WHO,0.9,observed
UGA,2024,46,2024-11-11,2024-11-17,0.0,,WHO,0.9,observed
UGA,2024,47,2024-11-18,2024-11-24,7.0,,WHO,0.9,observed
UGA,2024,48,2024-11-25,2024-12-01,0.0,,WHO,0.9,observed
UGA,2024,49,2024-12-02,2024-12-08,0.0,,WHO,0.9,observed
UGA,2024,50,2024-12-09,2024-12-15,0.0,,WHO,0.9,observed
UGA,2024,51,2024-12-16,2024-12-22,0.0,,WHO,0.9,observed
UGA,2024,52,2024-12-23,2024-12-29,0.0,,WHO,0.9,observed
UGA,2025,1,2024-12-30,2025-01-05,0.0,,WHO,0.9,observed
UGA,2025,2,2025-01-06,2025-01-12,60.0,1.0,WHO,0.9,observed
UGA,2025,3,2025-01-13,2025-01-19,20.0,,WHO,0.9,observed
UGA,2025,4,2025-01-20,2025-01-26,0.0,,WHO,0.9,observed
UGA,2025,5,2025-01-27,2025-02-02,0.0,,WHO,0.9,observed
UGA,2025,6,2025-02-03,2025-02-09,0.0,,WHO,0.9,observed
UGA,2025,7,2025-02-10,2025-02-16,0.0,,WHO,0.9,observed
UGA,2025,8,2025-02-17,2025-02-23,0.0,,WHO,0.9,observed
UGA,2025,9,2025-02-24,2025-03-02,56.0,2.0,WHO,0.9,observed
UGA,2025,10,2025-03-03,2025-03-09,3.0,,WHO,0.9,observed
UGA,2025,11,2025-03-10,2025-03-16,0.0,,WHO,0.9,observed
UGA,2025,12,2025-03-17,2025-03-23,0.0,,WHO,0.9,observed
UGA,2025,13,2025-03-24,2025-03-30,17.0,,WHO,0.9,observed
