Index,Source,URL,Description,Date_Range,Data_Type,Status,Reliability_Level,Validation_Status,Search_Technique,Language_Original,Citation_Depth,Cross_References,Discovery_Method,source_database
1,Burden of Cholera in Uganda (Bwire et al. 2013 PLOS NTD),https://pmc.ncbi.nlm.nih.gov/articles/PMC3855006/,"Bwire G, Malimbo M, Maskery B, Kim YE, Mogasale V, Levin A. 'The burden of cholera in Uganda.' PLoS Negl Trop Dis 2013;7(12):e2545. AGENT 7 CORRECTION 2026-09-19: this entry's Source label previously read 'Wamala et al. 2013'. NCBI esummary for PMC3855006 gives the author list above; the first author is Bwire, not Wamala. The URL was and is correct; only the human-readable label was wrong, and it has been corrected in metadata_ai.csv and in every citing row's source cell in the same pass. Coverage: reviews Ugandan cholera surveillance 1971-2010 and is the origin of the much-quoted sentences 'Cholera was first reported in Uganda in 1971, when 757 cases were reported to the World Health Organization' and 'During the subsequent years up to 1993, Uganda reported cholera cases every 2-4 years to the WHO'. NOTE FOR FUTURE AGENTS: the second sentence describes a NOTIFICATION cadence, not disease-free intervals, and must not be cited as evidence of absence.",1971-2010,Epidemiological study,Active,Level 1,Validated,Systematic web search,English,Primary,PMC3855006/PLOS NTD,Database search,AI
2,Uganda Cholera Elimination Scorecard (Bwire et al. 2023 AJTMH),https://pmc.ncbi.nlm.nih.gov/articles/PMC10160876/,Peer-reviewed study on Uganda cholera cases 2015-2021 by year with scorecard development,2015-2021,Epidemiological study,Active,Level 1,Validated,Systematic web search,English,Primary,PMC10160876/AJTMH,Database search,AI
3,Cholera COVID-19 Uganda Vaccine Survey (Bwire et al. 2023 BMC ID),https://pmc.ncbi.nlm.nih.gov/articles/PMC10362646/,Peer-reviewed study on cholera prevention in Uganda hotspot districts with 2020-2021 cases,2020-2021,Epidemiological study,Active,Level 1,Validated,Systematic web search,English,Primary,PMC10362646/BMC ID,Database search,AI
4,Cholera Moroto District Uganda 2020 PLOS GPH (Okori et al. 2022),https://journals.plos.org/globalpublichealth/article?id=10.1371/journal.pgph.0000590,Peer-reviewed outbreak investigation of Moroto District cholera epidemic April-June 2020,2020-04-29 to 2020-06-30,Outbreak investigation,Active,Level 1,Validated,Systematic web search,English,Primary,PMC/PLOS GPH,Database search,AI
5,Kampala Cholera Outbreak Epidemiology (Legros et al. 2000 EAMJ),https://pubmed.ncbi.nlm.nih.gov/12862150/,"Legros D, McCormick M, Mugero C, Skinnider M, Bek'obita DD, et al. 'Epidemiology of cholera outbreak in Kampala, Uganda.' East African Medical Journal 2000;77(7):347-349. PMID 12862150. AGENT 7 CORRECTION 2026-09-19: this entry's Source label previously read 'Nsubuga et al. 2003 EAMJ'. Both PubMed 12862150 and reference 2 of Bwire et al. 2013 (PMC3855006) give Legros et al., 2000. The URL was and is correct; only the label was wrong and it has been corrected in metadata_ai.csv and in the one citing row in the same pass. SCOPE: the abstract's Setting field reads 'Kampala city, Uganda' and its 6228 cases are a KAMPALA CITY count, not a national one; data row 2 has been re-located from AFR::UGA to AFR::UGA::Kampala accordingly.",1997-12-01 to 1998-03-31,Epidemiological study,Active,Level 1,Validated,Systematic web search,English,Primary,PubMed/EAMJ,Database search,AI
6,Uganda-South Sudan Cholera Cross-Border 2014 (Legros et al. 2018 PMC),https://pmc.ncbi.nlm.nih.gov/articles/PMC5938777/,Peer-reviewed study on Uganda-South Sudan cross-border cholera transmission 2014,2014-04-01 to 2014-10-31,Epidemiological study,Active,Level 1,Validated,Systematic web search,English,Primary,PMC5938777,Database search,AI
7,UNIPH Kayunga Cholera Outbreak June-August 2023,https://uniph.go.ug/cholera-outbreak-associated-with-drinking-contaminated-river-water-in-kayunga-district-uganda-june-august-2023/,Uganda National Institute of Public Health investigation report of Kayunga District cholera outbreak,2023-06-24 to 2023-08-29,Outbreak investigation,Active,Level 1,Validated,Systematic web search,English,Primary,UNIPH,Direct institutional search,AI
8,UNIPH Namayingo Cholera Outbreak July-August 2023,https://uniph.go.ug/cholera-outbreak-associated-with-drinking-contaminated-lake-shore-water-namayingo-district-uganda-july-august-2023/,Uganda National Institute of Public Health investigation report of Namayingo District cholera outbreak,2023-07-01 to 2023-08-15,Outbreak investigation,Active,Level 1,Validated,Systematic web search,English,Primary,UNIPH,Direct institutional search,AI
9,Elegu Border Cholera Outbreak January 2024 BMC PH (Musewa et al. 2024),https://pmc.ncbi.nlm.nih.gov/articles/PMC11616103/,Peer-reviewed outbreak investigation of Elegu Point of Entry cholera January 2024 using 7-1-7 metrics,2024-01-16 to 2024-02-05,Outbreak investigation,Active,Level 1,Validated,Systematic web search,English,Primary,PMC11616103/BMC PH,Database search,AI
10,WHO AFRO Monthly Cholera Bulletin February 2025,https://www.afro.who.int/publications/monthly-regional-cholera-bulletin-february-2025,WHO Regional Office for Africa monthly bulletin including Uganda 2025 cholera case totals,2025-01-01 to 2025-03-03,Surveillance bulletin,Active,Level 1,Validated,Systematic web search,English,Primary,WHO AFRO,Direct institutional search,AI
11,Cholera Fishing Villages Uganda 2011-2015 PLOS NTD (Nkoko et al. 2017),https://pmc.ncbi.nlm.nih.gov/articles/PMC5370135/,Peer-reviewed prospective study of 10 cholera outbreaks in Uganda fishing villages 2011-2015 with complete case data,2011-2015,Epidemiological study,Active,Level 1,Validated,Systematic web search,English,Primary,PMC5370135/PLOS NTD,Database search,AI
12,Kyangwali Refugee Cholera Outbreak 2018 (Isabirye et al. 2020 PMC),https://pmc.ncbi.nlm.nih.gov/articles/PMC7640409/,Peer-reviewed outbreak investigation of prolonged cholera at Kyangwali Refugee Settlement February-May 2018,2018-02-01 to 2018-05-09,Outbreak investigation,Active,Level 1,Validated,Systematic web search,English,Primary,PMC7640409,Database search,AI
13,Refugee Settlements Cholera Uganda 2016-2019 (AJTMH 2021),https://pmc.ncbi.nlm.nih.gov/articles/PMC8045616/,Peer-reviewed study of cholera outbreaks in 5 Uganda refugee settlements 2016-2019 with settlement-level case data,2016-2019,Epidemiological study,Active,Level 1,Validated,Systematic web search,English,Primary,PMC8045616/AJTMH,Database search,AI
14,Kasese District Cholera 2015 BMC PH (Lukwago et al. 2017),https://pmc.ncbi.nlm.nih.gov/articles/PMC5516304/,Peer-reviewed outbreak investigation of prolonged community-wide cholera in Kasese District February-July 2015,2015-02-01 to 2015-07-31,Outbreak investigation,Active,Level 1,Validated,Systematic web search,English,Primary,PMC5516304/BMC PH,Database search,AI
15,Kasese Katwe Village Cholera 2015 PMC (Oguttu et al. 2018),https://pmc.ncbi.nlm.nih.gov/articles/PMC6021037/,Peer-reviewed outbreak investigation of Kasese Katwe fishing village cholera June-July 2015,2015-06-01 to 2015-07-15,Outbreak investigation,Active,Level 1,Validated,Systematic web search,English,Primary,PMC6021037,Database search,AI
16,Kampala Cholera Outbreak January 2019 BMC ID (Tumwesigye et al. 2022),https://pubmed.ncbi.nlm.nih.gov/34961483/,Peer-reviewed outbreak investigation of Kampala City cholera December 2018-February 2019,2018-12-28 to 2019-02-11,Outbreak investigation,Active,Level 1,Validated,Systematic web search,English,Primary,PubMed/BMC ID,Database search,AI
17,Bududa District Cholera 2019 African Health Sciences (Mwoga et al. 2024),https://pmc.ncbi.nlm.nih.gov/articles/PMC11225440/,Peer-reviewed study of rapid cholera outbreak control following landslides and floods in Bududa district Uganda 2019,2019-06-19 to 2019-08-31,Outbreak investigation,Active,Level 1,Validated,Systematic web search,English,Primary,PMC11225440,Database search,AI
18,Uganda Cholera El Nino 2002-2003 PubMed (Nsubuga et al. 2006),https://pubmed.ncbi.nlm.nih.gov/16916299/,Peer-reviewed study of cholera in endemic districts during El Nino rains 2002-2003 in Uganda with case and death data,2002-2003,Epidemiological study,Active,Level 1,Validated,Systematic web search,English,Primary,PubMed,Database search,AI
19,Cholera Surveillance Uganda 2007-2011 JID (Bwire et al. 2013),https://academic.oup.com/jid/article/208/suppl_1/S78/833490,Peer-reviewed surveillance analysis of Uganda cholera 2007-2011 with aggregate case and death totals,2007-2011,Surveillance analysis,Active,Level 1,Validated,Systematic web search,English,Primary,Oxford/JID,Database search,AI
20,Uganda Cholera Hotspots 2011-2016 PLOS NTD (Pande et al. 2018),https://journals.plos.org/plosntds/article?id=10.1371/journal.pntd.0006118,Peer-reviewed analysis of Uganda cholera surveillance data 2011-2016 with annual case totals 2011-2012,2011-2016,Epidemiological study,Active,Level 1,Validated,Systematic web search,English,Primary,PLOS NTD,Database search,AI
21,UNIPH V. cholerae Isolates Uganda 2014-2023,https://uniph.go.ug/trends-and-distribution-of-vibrio-cholerae-isolates-at-the-national-microbiology-reference-laboratory-ministry-of-health-uganda-2014-2023/,Uganda National Institute of Public Health laboratory surveillance of confirmed V. cholerae isolates 2014-2023,2014-2023,Laboratory surveillance,Active,Level 1,Validated,Systematic web search,English,Primary,UNIPH,Direct institutional search,AI
22,Kaiso Village Hoima Cholera October 2015 IDP Journal (Ario et al. 2017),https://pmc.ncbi.nlm.nih.gov/articles/PMC5634859/,Peer-reviewed outbreak investigation of Kaiso fishing village Hoima District cholera October 2015,2015-10-01 to 2015-11-03,Outbreak investigation,Active,Level 1,Validated,Systematic web search,English,Primary,PMC5634859/IDP,Database search,AI
23,Kasese District Cholera 2017-2018 BMC PH (Kusiima et al. 2019),https://bmcpublichealth.biomedcentral.com/articles/10.1186/s12889-019-7798-6,Peer-reviewed study on epidemiology and antibiotic susceptibility of V. cholerae in 2017-2018 Kasese outbreak,2017-09-23 to 2018-01-31,Outbreak investigation,Active,Level 1,Validated,Systematic web search,English,Primary,BMC PH,Database search,AI
24,Bulambuli District Cholera March 2016 PMC (Ayebazibwe et al. 2019),https://pmc.ncbi.nlm.nih.gov/articles/PMC6558808/,Peer-reviewed investigation of cholera outbreak in Bulambuli District Eastern Uganda March-April 2016,2016-03-01 to 2016-04-09,Outbreak investigation,Active,Level 1,Validated,Systematic web search,English,Primary,PMC6558808,Database search,AI
25,Nakivale Refugee Settlement Cholera 2021 PLOS GPH (Mugisha et al. 2025),https://pmc.ncbi.nlm.nih.gov/articles/PMC11793826/,Peer-reviewed investigation of cholera outbreak at Nakivale Refugee Settlement Isingiro District Uganda November-December 2021,2021-11-03 to 2021-12-02,Outbreak investigation,Active,Level 1,Validated,Systematic web search,English,Primary,PMC11793826/PLOS GPH,Database search,AI
26,Kampala Mbale Cholera 3CS Strategy 2015-2016 PMC (Kisia et al. 2021),https://pmc.ncbi.nlm.nih.gov/articles/PMC8464210/,Peer-reviewed study of cholera outbreaks in Kampala and Mbale cities Uganda November 2015-January 2016 with 3CS outbreak response,2015-11-29 to 2016-01-16,Outbreak investigation,Active,Level 1,Validated,Systematic web search,English,Primary,PMC8464210,Database search,AI
27,ReliefWeb Uganda Cholera Outbreak Report July 2018,https://reliefweb.int/disaster/ep-2018-000021-uga,ReliefWeb emergency report on Uganda cholera outbreak July 2018 with district-level case data from 4 districts,2018-07-01 to 2018-07-24,Situation report,Active,Level 2,Validated,Systematic web search,English,Primary,ReliefWeb,Web search,AI
28,ReliefWeb Uganda Cholera April 2013 Hoima Nebbi Buliisa,https://reliefweb.int/disaster/ep-2013-000058-uga,ReliefWeb emergency report on Uganda cholera outbreak 2013 in Hoima Nebbi Buliisa districts with 216 cases 7 deaths,2013-01-01 to 2013-04-18,Situation report,Active,Level 2,Validated,Systematic web search,English,Primary,ReliefWeb,Web search,AI
29,Butabika Hospital Nosocomial Cholera 2008 AJTMH (Kayiwa et al. 2015),https://pmc.ncbi.nlm.nih.gov/articles/PMC4559692/,Peer-reviewed investigation of nosocomial cholera outbreak at Butabika National Referral Mental Hospital Uganda October 2008,2008-10-19 to 2008-10-28,Outbreak investigation,Active,Level 1,Validated,Systematic web search,English,Primary,PMC4559692/AJTMH,Database search,AI
30,Uganda Cholera Elimination Journey SSRN (Bwire et al. 2025),https://papers.ssrn.com/sol3/Delivery.cfm/bb3dc900-9065-4ef1-809b-3b96598b3ec2-MECA.pdf?abstractid=5852157&mirid=1,Preprint study documenting Uganda elimination of endogenous cholera and cross-border pattern since 2021,2021-2025,Epidemiological study,Active,Level 1,Validated,Systematic web search,English,Primary,SSRN,Database search,AI
31,WHO AFRO Monthly Regional Cholera Bulletin June 2025,https://iris.who.int/handle/10665/382275,"WHO Regional Office for Africa monthly cholera bulletin June 2025 with Uganda country section: cumulative 451 cases 3 deaths as of 29 June 2025, 248 new cases in June, zero cases in May",2025-06-01 to 2025-06-29,Surveillance bulletin,Active,Level 1,Pending,WebSearch: Uganda cholera outbreak 2025 WHO AFRO monthly regional cholera bulletin cases deaths; PDF retrieved via IRIS REST API,English,0,WHO AFRO/IRIS 10665/382275,WebSearch: Uganda cholera outbreak 2025 WHO AFRO monthly regional cholera bulletin cases deaths; PDF retrieved via IRIS REST API,AI
32,WHO AFRO Monthly Regional Cholera Bulletin May 2025,https://iris.who.int/handle/10665/381794,WHO AFRO monthly cholera bulletin May 2025; Uganda cumulative unchanged at 203 cases 3 deaths as of 23 March 2025 - no new Uganda report during May,2025-05-01 to 2025-05-31,Surveillance bulletin,Active,Level 1,Pending,IRIS REST API search: Monthly Regional Cholera Bulletin,English,0,WHO AFRO/IRIS 10665/381794,IRIS REST API search: Monthly Regional Cholera Bulletin,AI
33,WHO AFRO Monthly Regional Cholera Bulletin April 2025,https://iris.who.int/handle/10665/381653,"WHO AFRO monthly cholera bulletin April 2025; Uganda cumulative 203 cases 3 deaths as of 23 March 2025, March increment 57 cases 2 deaths",2025-04-01 to 2025-04-30,Surveillance bulletin,Active,Level 1,Pending,IRIS REST API search: Monthly Regional Cholera Bulletin,English,0,WHO AFRO/IRIS 10665/381653,IRIS REST API search: Monthly Regional Cholera Bulletin,AI
34,WHO Multi-country Cholera Outbreak External Situation Report 29 (28 August 2025),https://www.who.int/docs/default-source/coronaviruse/situation-reports/20250828_multi-country_outbreak-of-cholera_sitrep_29.pdf,WHO global multi-country cholera situation report 29; Uganda 255 cases 0 deaths 1 Jan-27 Jul 2025 with 99 cases 0 deaths in the last 28 days (30 Jun-27 Jul 2025),2025-01-01 to 2025-07-27,Situation report,Active,Level 1,Pending,WebSearch: WHO multi-country outbreak of cholera situation report 2026 Uganda cases table; PDF URL pattern probe on cdn.who.int,English,0,WHO HQ global cholera sitrep series,WebSearch: WHO multi-country outbreak of cholera situation report 2026 Uganda cases table; PDF URL pattern probe on cdn.who.int,AI
35,WHO Multi-country Cholera Outbreak Epidemiological Update 33 (27 January 2026),https://cdn.who.int/media/docs/default-source/documents/emergencies/situation-reports/20260127_multi-country_outbreak-of-cholera_epidemiological_update_33.pdf,"WHO global cholera epidemiological update 33 giving final 2025 annual totals; Uganda 255 cases and 0 deaths for 1 January to 28 December 2025, flagged as not reporting cases in December 2025",2025-01-01 to 2025-12-28,Situation report,Active,Level 1,Pending,WebSearch: WHO multi-country cholera epidemiological update 33 January 2026,English,0,WHO HQ global cholera sitrep series; sitreps 29-32,WebSearch: WHO multi-country cholera epidemiological update 33 January 2026,AI
36,WHO Multi-country Cholera Outbreak Epidemiological Update 38 (30 June 2026),https://cdn.who.int/media/docs/default-source/documents/emergencies/situation-reports/20260630_multi-country_outbreak-of-cholera_epidemiological_update_38.pdf,"WHO global cholera epidemiological update 38, data as of 31 May 2026; Uganda does not appear in the country table of cases reported 1 January to 31 May 2026",2026-01-01 to 2026-05-31,Situation report,Active,Level 1,Pending,WHO cdn.who.int situation-report URL pattern probe for 2026 updates,English,0,"WHO global cholera updates 35, 36, 37",WHO cdn.who.int situation-report URL pattern probe for 2026 updates,AI
37,WHO AFRO Weekly Bulletin on Outbreaks and other Emergencies Week 33 2026 (10-16 August 2026),https://iris.who.int/handle/10665/387514,"WHO AFRO weekly outbreaks bulletin week 33 2026; the all-events-monitored table lists Uganda only for anthrax and mpox and lists no cholera event for Uganda, while 12 other African countries have active cholera events",2026-06-01 to 2026-08-16,Surveillance bulletin,Active,Level 1,Pending,IRIS REST API search: Weekly Bulletin on Outbreak and other Emergencies 2026,English,0,WHO AFRO/IRIS 10665/387514,IRIS REST API search: Weekly Bulletin on Outbreak and other Emergencies 2026,AI
38,WHO Weekly Epidemiological Record Cholera in 1974 annual notification table,https://iris.who.int/handle/10665/220437,WER annual cholera article for 1974 (published 18 July 1975); Table of cases of cholera notified to WHO lists the African countries reporting cases - Uganda is not among them,1974-01-01 to 1974-12-31,Annual surveillance notification table,Active,Level 1,Pending,WHO IRIS DSpace REST API search: CHOLERA IN 1974,English/French,0,WHO IRIS 10665/220437,WHO IRIS DSpace REST API search: CHOLERA IN 1974,AI
39,WHO Weekly Epidemiological Record Cholera in 1977 annual notification table,https://iris.who.int/handle/10665/221859,WER annual cholera article for 1977 (published 28 April 1978); Table of cases of cholera notified to WHO lists the African countries reporting cases - Uganda is not among them,1977-01-01 to 1977-12-31,Annual surveillance notification table,Active,Level 1,Pending,WHO IRIS DSpace REST API search: CHOLERA IN 1977,English/French,0,WHO IRIS 10665/221859,WHO IRIS DSpace REST API search: CHOLERA IN 1977,AI
40,WHO Weekly Epidemiological Record Cholera in 1981 annual notification table,https://iris.who.int/handle/10665/223951,"AGENT 7 RETRACTION NOTICE 2026-09-19: the Uganda national zero row that cited this article for 1981 has been RETRACTED to data/UGA/retracted_rows_ai.csv. Absence of Uganda from this article's 'Cases of Cholera Notified to WHO' table records that Uganda did not NOTIFY, not that Uganda had no cholera. No caveat is quoted for 1981; the row was retracted on positive contrary evidence instead - Ugandan districts appear under CHOLERA in all 11 monthly WHO infected-areas lists of 1981. DO NOT re-derive a 1981 Ugandan zero from this document. It remains a valid Level 1 source for what it does record - the countries that did notify - and is kept registered for that reason and to support the retraction record. ORIGINAL DESCRIPTION: WER annual cholera article for 1981 (published 30 April 1982); Table of cases of cholera notified to WHO lists the African countries reporting cases - Uganda is not among them",1981-01-01 to 1981-12-31,Annual surveillance notification table,Active,Level 1,Pending,WHO IRIS DSpace REST API search: CHOLERA IN 1981,English/French,0,WHO IRIS 10665/223951,WHO IRIS DSpace REST API search: CHOLERA IN 1981,AI
41,WHO Weekly Epidemiological Record Cholera in 1983 annual notification table,https://iris.who.int/handle/10665/224941,WER annual cholera article for 1983 (published 11 May 1984); Table of cases of cholera notified to WHO lists the African countries reporting cases - Uganda is not among them,1983-01-01 to 1983-12-31,Annual surveillance notification table,Active,Level 1,Pending,WHO IRIS DSpace REST API search: CHOLERA IN 1983,English/French,0,WHO IRIS 10665/224941,WHO IRIS DSpace REST API search: CHOLERA IN 1983,AI
42,WHO Weekly Epidemiological Record Cholera in 1984 annual notification table,https://iris.who.int/handle/10665/225369,"AGENT 7 RETRACTION NOTICE 2026-09-19: the Uganda national zero row that cited this article for 1984 has been RETRACTED to data/UGA/retracted_rows_ai.csv. Absence of Uganda from this article's 'Cases of Cholera Notified to WHO' table records that Uganda did not NOTIFY, not that Uganda had no cholera. This article says so in its own words: 'reports from other sources indicate the presence of cholera in several countries that have failed to report the disease in accordance with the International Health Regulations (1969). This attitude is unfortunate as it can lead to exaggerated retaliatory measures by neighbouring countries.' DO NOT re-derive a 1984 Ugandan zero from this document. It remains a valid Level 1 source for what it does record - the countries that did notify - and is kept registered for that reason and to support the retraction record. ORIGINAL DESCRIPTION: WER annual cholera article for 1984 (published 17 May 1985); Table of cases of cholera notified to WHO lists the African countries reporting cases - Uganda is not among them",1984-01-01 to 1984-12-31,Annual surveillance notification table,Active,Level 1,Pending,WHO IRIS DSpace REST API search: CHOLERA IN 1984,English/French,0,WHO IRIS 10665/225369,WHO IRIS DSpace REST API search: CHOLERA IN 1984,AI
43,WHO Weekly Epidemiological Record Cholera in 1985 annual notification table,https://iris.who.int/handle/10665/225862,"AGENT 7 RETRACTION NOTICE 2026-09-19: the Uganda national zero row that cited this article for 1985 has been RETRACTED to data/UGA/retracted_rows_ai.csv. Absence of Uganda from this article's 'Cases of Cholera Notified to WHO' table records that Uganda did not NOTIFY, not that Uganda had no cholera. No caveat is quoted for 1985; the row was retracted because Uganda filed no notifiable-disease return of any kind with WHO that year and appears in none of the 51 weekly WER IHR issues, while all five neighbours notified cholera. DO NOT re-derive a 1985 Ugandan zero from this document. It remains a valid Level 1 source for what it does record - the countries that did notify - and is kept registered for that reason and to support the retraction record. ORIGINAL DESCRIPTION: WER annual cholera article for 1985 (published 27 June 1986); Table of cases of cholera notified to WHO lists the African countries reporting cases - Uganda is not among them",1985-01-01 to 1985-12-31,Annual surveillance notification table,Active,Level 1,Pending,WHO IRIS DSpace REST API search: CHOLERA IN 1985,English/French,0,WHO IRIS 10665/225862,WHO IRIS DSpace REST API search: CHOLERA IN 1985,AI
44,WHO Weekly Epidemiological Record Cholera in 1986 annual notification table,https://iris.who.int/handle/10665/226262,"AGENT 7 RETRACTION NOTICE 2026-09-19: the Uganda national zero row that cited this article for 1986 has been RETRACTED to data/UGA/retracted_rows_ai.csv. Absence of Uganda from this article's 'Cases of Cholera Notified to WHO' table records that Uganda did not NOTIFY, not that Uganda had no cholera. This article says so in its own words: 'It has again to be pointed out that the figures for some countries are still provisional or incomplete; also, reports from other sources have indicated the presence of cholera in several countries that have failed to notify the disease in accordance with the International Health Regulations.' DO NOT re-derive a 1986 Ugandan zero from this document. It remains a valid Level 1 source for what it does record - the countries that did notify - and is kept registered for that reason and to support the retraction record. ORIGINAL DESCRIPTION: WER annual cholera article for 1986 (published 15 May 1987); Table of cases of cholera notified to WHO lists the African countries reporting cases - Uganda is not among them",1986-01-01 to 1986-12-31,Annual surveillance notification table,Active,Level 1,Pending,WHO IRIS DSpace REST API search: CHOLERA IN 1986,English/French,0,WHO IRIS 10665/226262,WHO IRIS DSpace REST API search: CHOLERA IN 1986,AI
45,WHO Weekly Epidemiological Record Cholera in 1988 annual notification table,https://iris.who.int/handle/10665/227140,"AGENT 7 RETRACTION NOTICE 2026-09-19: the Uganda national zero row that cited this article for 1988 has been RETRACTED to data/UGA/retracted_rows_ai.csv. Absence of Uganda from this article's 'Cases of Cholera Notified to WHO' table records that Uganda did not NOTIFY, not that Uganda had no cholera. This article says so in its own words: 'As in the past, allowance must be made for the failure to report cholera by a number of countries and the incompleteness of the figures reported by others.' DO NOT re-derive a 1988 Ugandan zero from this document. It remains a valid Level 1 source for what it does record - the countries that did notify - and is kept registered for that reason and to support the retraction record. ORIGINAL DESCRIPTION: WER annual cholera article for 1988 (published 12 May 1989); Table of cases of cholera notified to WHO lists the African countries reporting cases - Uganda is not among them",1988-01-01 to 1988-12-31,Annual surveillance notification table,Active,Level 1,Pending,WHO IRIS DSpace REST API search: CHOLERA IN 1988,English/French,0,WHO IRIS 10665/227140,WHO IRIS DSpace REST API search: CHOLERA IN 1988,AI
46,WHO Weekly Epidemiological Record Cholera in 1989 annual notification table,https://iris.who.int/handle/10665/227598,"AGENT 7 RETRACTION NOTICE 2026-09-19: the Uganda national zero row that cited this article for 1989 has been RETRACTED to data/UGA/retracted_rows_ai.csv. Absence of Uganda from this article's 'Cases of Cholera Notified to WHO' table records that Uganda did not NOTIFY, not that Uganda had no cholera. This article says so in its own words: 'As in previous years, there was strong evidence that cholera occurred in several countries which failed to declare the disease.' DO NOT re-derive a 1989 Ugandan zero from this document. It remains a valid Level 1 source for what it does record - the countries that did notify - and is kept registered for that reason and to support the retraction record. ORIGINAL DESCRIPTION: WER annual cholera article for 1989 (published 11 May 1990); Table of cases of cholera notified to WHO lists the African countries reporting cases - Uganda is not among them",1989-01-01 to 1989-12-31,Annual surveillance notification table,Active,Level 1,Pending,WHO IRIS DSpace REST API search: CHOLERA IN 1989,English/French,0,WHO IRIS 10665/227598,WHO IRIS DSpace REST API search: CHOLERA IN 1989,AI
47,WHO Weekly Epidemiological Record Cholera in 1990 annual notification table,https://iris.who.int/handle/10665/228010,"AGENT 7 RETRACTION NOTICE 2026-09-19: the Uganda national zero row that cited this article for 1990 has been RETRACTED to data/UGA/retracted_rows_ai.csv. Absence of Uganda from this article's 'Cases of Cholera Notified to WHO' table records that Uganda did not NOTIFY, not that Uganda had no cholera. This article says so in its own words: 'Evidence was again received of the presence of cholera in a number of other countries which failed to declare it.' DO NOT re-derive a 1990 Ugandan zero from this document. It remains a valid Level 1 source for what it does record - the countries that did notify - and is kept registered for that reason and to support the retraction record. ORIGINAL DESCRIPTION: WER annual cholera article for 1990 (published 10 May 1991); Table of cases of cholera notified to WHO lists the African countries reporting cases - Uganda is not among them",1990-01-01 to 1990-12-31,Annual surveillance notification table,Active,Level 1,Pending,WHO IRIS DSpace REST API search: CHOLERA IN 1990,English/French,0,WHO IRIS 10665/228010,WHO IRIS DSpace REST API search: CHOLERA IN 1990,AI
48,WHO Weekly Epidemiological Record Cholera in 1993 Part I,https://iris.who.int/handle/10665/229109,"AGENT 7 RETRACTION NOTICE 2026-09-19: the Uganda national zero row that cited this article for 1993 has been RETRACTED to data/UGA/retracted_rows_ai.csv. Absence of Uganda from this article's 'Cases of Cholera Notified to WHO' table records that Uganda did not NOTIFY, not that Uganda had no cholera. This article carries the only explicit Uganda sentence in the set - 'Cholera was not reported in 1993 from Algeria, Angola, Kenya, Swaziland, or Uganda, which all reported cases in 1992' - but that is a statement about NOTIFICATION, not about disease. WHO writes 'reported 0' when it means zero (see Cholera, 2022, WER 98(38) Table 2) and 'did not report' when it means silence. The row was retracted because Kasese District appears under CHOLERA in 10 of the 12 monthly WHO infected-areas lists of 1993. DO NOT re-derive a 1993 Ugandan zero from this document. It remains a valid Level 1 source for what it does record - the countries that did notify - and is kept registered for that reason and to support the retraction record. ORIGINAL DESCRIPTION: WER annual cholera article for 1993 (WER No. 28, 15 July 1994) explicitly naming Uganda among the African countries that reported no cholera in 1993 after reporting cases in 1992",1993-01-01 to 1993-12-31,Annual surveillance notification table,Active,Level 1,Pending,WHO IRIS DSpace REST API search: CHOLERA IN 1993,English/French,0,"WHO IRIS 10665/229109; WER No. 28, 15 July 1994",WHO IRIS DSpace REST API search: CHOLERA IN 1993,AI
49,WHO Weekly Epidemiological Record Cholera in 1972 annual notification table,https://iris.who.int/handle/10665/219467,WER full-year annual cholera article for 1972 published 11 July 1973; African section of the notification table does not include Uganda,1972-01-01 to 1972-12-31,Annual surveillance notification table,Active,Level 1,Pending,"WHO IRIS DSpace REST API search: Cholera in 1972 annual (full-year article, distinct from the interim as-of-31-October-1972 note)",English/French,0,"WHO IRIS 10665/219467; WER 1973 vol 48 No. 30, 11 July 1973, pp 297-304","WHO IRIS DSpace REST API search: Cholera in 1972 annual (full-year article, distinct from the interim as-of-31-October-1972 note)",AI
50,WHO Weekly Epidemiological Record Cholera in 1973 annual notification table,https://iris.who.int/handle/10665/219928,WER full-year annual cholera article for 1973 published 5 July 1974; African section of the notification table does not include Uganda,1973-01-01 to 1973-12-31,Annual surveillance notification table,Active,Level 1,Pending,"WHO IRIS DSpace REST API search: Cholera in 1973 annual review (full-year article, distinct from the mid-1973 interim note)",English/French,0,"WHO IRIS 10665/219928; WER 1974 vol 49 No. 27, 5 July 1974, pp 229-236","WHO IRIS DSpace REST API search: Cholera in 1973 annual review (full-year article, distinct from the mid-1973 interim note)",AI
51,WHO Weekly Epidemiological Record 1976 cholera notification record (50 weekly Diseases Subject to the Regulations tables plus four-month review),https://iris.who.int/server/api/discover/search/objects?query=%22DISEASES%20SUBJECT%20TO%20THE%20REGULATIONS%22%201976&size=100,"PRIMARY EVIDENCE: the 49-50 weekly WER 'DISEASES SUBJECT TO THE REGULATIONS: Notifications Received from ...' items published during 1976, enumerated by the URL query and re-verified by Agent 7 on 2026-09-19 (49 distinct weekly notification items recovered from IRIS). All were downloaded and searched; Uganda/Ouganda appears in NONE of them, while other African countries appear repeatedly (Nigeria 58 mentions, Ethiopia 52, Ghana 27, Cameroon 26, Liberia 25, Benin 20, Somalia 17, Mali 17, Malawi 14, Kenya 13, Angola 12, Mozambique 10, Zaire 9). No full-year WER annual cholera article for 1976 is indexed on IRIS, which is why the year is closed by exhaustive weekly scan. SUPPORTING ONLY, AND EXPLICITLY NOT A FULL-YEAR SOURCE: IRIS 10665/220864 = WER 51(22), 28 May 1976, 'CHOLERA IN THE FIRST FOUR MONTHS OF 1976', which was this entry's URL until Agent 7 repointed it. Agent 7 downloaded that single page and confirmed both sentences quoted in data row 68 appear in it verbatim, but also that its figures are FOUR-MONTH figures, not annual ones: its '7 774 cases and 450 deaths ... Africa accounting for only 357 cases and 27 deaths' sums to 8 131 against the same paragraph's stated four-month total of 8 132, and the French column reads 'Pour l annee en cours' for the period to 30 April 1976. The phrase 'In 1976' in that sentence must therefore not be read as a full-year statement.",1976-01-01 to 1976-12-31,Weekly surveillance notification tables,Active,Level 1,Pending,"WHO IRIS DSpace REST API search: DISEASES SUBJECT TO THE REGULATIONS Notifications Received 1976, all four quarters",English/French,0,"WHO IRIS 10665/220864 (WER No. 22, 28 May 1976); 50 weekly WER 1976 notification items retrieved from IRIS; WHO GHO indicator CHOLERA_0000000001","WHO IRIS DSpace REST API search: DISEASES SUBJECT TO THE REGULATIONS Notifications Received 1976, all four quarters",AI
52,Gavi VaccinesWork Uganda cholera border surveillance July 2025,https://www.gavi.org/vaccineswork/uganda-steps-cholera-surveillance-along-imperilled-borders,"Gavi VaccinesWork report of 7 July 2025 on Uganda cross-border cholera surveillance, quoting the Lamwo district health officer on the 2025 Lamwo outbreak toll and describing sporadic cases in refugee-hosting communities near the DRC and South Sudan borders",2025-01-05 to 2025-07-07,Feature report with district health officer figures,Active,Level 2,Pending,WebSearch: South Sudan cholera 2025 cross-border Uganda Lamwo Elegu Moyo imported cases,English,0,Gavi the Vaccine Alliance; corroborates WHO HQ 2025 national total over WHO AFRO figure,WebSearch: South Sudan cholera 2025 cross-border Uganda Lamwo Elegu Moyo imported cases,AI
53,Africa CDC Mid-Year Brief Multi-Country Cholera Outbreak in Africa (1 January - 31 July 2025),https://africacdc.org/download/mid-year-brief-multi-country-cholera-outbreak-in-africa-1-january-31-july-2025/,"Africa CDC mid-year cholera brief country table row for Uganda: status active, 99 cases, 1 death, outbreak start January 2025, 1 of 136 districts affected, under-5s 14 percent, driver cross-border movement, note Outbreak in Lamwo district border with South Sudan. NO ROW ADDED from this source: its national 2025 cumulative would be a fourth mutually inconsistent overlapping national row for the same period (Africa CDC 99 and 1 death; WHO HQ sitrep 28 166 and 3 deaths to 29 Jun; WHO HQ sitreps 29-33 255 and 0 deaths; WHO AFRO 451 and 3 deaths to 29 Jun). Registered so Agent 5 and Agent 7 can arbitrate",2025-01-01 to 2025-07-31,Regional surveillance brief,Active,Level 1,Pending,WebSearch: Africa CDC weekly epidemic intelligence report Uganda cholera 2025 cases deaths,English,0,Africa CDC; conflicts with WHO AFRO June 2025 bulletin and WHO HQ sitreps for Uganda 2025 totals,WebSearch: Africa CDC weekly epidemic intelligence report Uganda cholera 2025 cases deaths,AI
54,WHO AFRO Weekly Bulletin on Outbreaks and other Emergencies Week 26 2025 (23-29 June 2025),https://iris.who.int/handle/10665/381955,"WHO AFRO weekly outbreaks bulletin week 26 2025, New Events section: Uganda cholera event, 26 total cases and 3 confirmed with no deaths as of 26 June 2025, split Adjumani 21 and Moyo 5 districts in the Northern region",2025-06-12 to 2025-06-26,Surveillance bulletin,Active,Level 1,Pending,IRIS REST API search: Weekly Bulletin on Outbreak and other Emergencies 2025,English,0,WHO AFRO/IRIS 10665/381955,IRIS REST API search: Weekly Bulletin on Outbreak and other Emergencies 2025,AI
55,WHO AFRO Weekly Bulletin on Outbreaks and other Emergencies Week 30 2025 (21-27 July 2025),https://iris.who.int/handle/10665/382471,"WHO AFRO weekly outbreaks bulletin week 30 2025, Ongoing Events table row: Uganda, Cholera, Protracted 3, outbreak start 12-Jun-2025, notified to WCO 26-Jun-2025, end of reporting period 2-Jul-2025, 227 total cases, 13 confirmed, 2 deaths, CFR 0.90 percent. NO ROW ADDED: this national figure covers the same June-July 2025 outbreak already represented by rows 47 and 51 and a third overlapping national row would risk triple-counting. Registered because it independently corroborates a ~230-case June-July 2025 Uganda outbreak, which supports the WHO AFRO magnitude (248 new cases in June) over the WHO HQ global figure (10 cases in the 28 days to 29 June)",2025-06-12 to 2025-07-02,Surveillance bulletin,Active,Level 1,Pending,IRIS REST API search: Weekly Bulletin on Outbreak and other Emergencies 2025 week 40 50,English,0,WHO AFRO/IRIS 10665/382471; arbitrates the Uganda 2025 AFRO-vs-HQ case-count conflict,IRIS REST API search: Weekly Bulletin on Outbreak and other Emergencies 2025 week 40 50,AI
56,PesaCheck fact-check: Uganda recorded no cholera outbreak in August 2026 (Ministry of Health statement),https://pesacheck.org/false-uganda-has-not-recorded-a-cholera-outbreak-in-august-2026/,"PesaCheck fact-check published 28 August 2026 debunking a viral Luganda-language TikTok clip claiming a cholera outbreak in Nyakiyumbu Sub-county, Kasese District in August 2026. The footage was traced to the genuine October 2017 Kasese outbreak (73 confirmed cases). Uganda Minister of Health Dr Chris Baryomunsi confirmed to PesaCheck that the 2026 reports are false and that the Ministry issued no outbreak communication in August 2026",2026-08-01 to 2026-08-28,Fact-check with ministerial statement,Active,Level 3,Pending,WebSearch: Uganda cholera cases 2026 outbreak Ministry of Health; full text retrieved via r.jina.ai because the site is behind a Cloudflare interstitial,English/Luganda,0,Code for Africa / PesaCheck; corroborated by WHO AFRO weekly bulletin week 33 2026 and WHO WER 101-35,WebSearch: Uganda cholera cases 2026 outbreak Ministry of Health; full text retrieved via r.jina.ai because the site is behind a Cloudflare interstitial,AI
57,UNIPH Imported Cholera Outbreak Adjumani District Uganda June-July 2025,https://uniph.go.ug/imported-cholera-outbreak-in-adjumani-district-uganda-june-july-2025/,"Uganda MoH/UNIPH field investigation of the imported cholera outbreak in Dzaipi, Arinyapi and Pakele sub-counties, Adjumani District, with line list, laboratory confirmation and an unmatched case-control study. Final figures: 19 cases (4 culture-confirmed, 15 probable), 1 death, CFR 4.3 percent, attack rate 6.4/100000; primary case onset 2 June 2025 after return from Elegu border point",2025-06-02 to 2025-07-10,Outbreak investigation,Active,Level 1,Pending,UNIPH site search via r.jina.ai text proxy: https://uniph.go.ug/?s=cholera,English,0,Uganda National Institute of Public Health / Uganda Public Health Fellowship Program with US CDC Uganda; supersedes the WHO AFRO week 26 2025 interim snapshot,UNIPH site search via r.jina.ai text proxy: https://uniph.go.ug/?s=cholera,AI
58,UNIPH Cholera Outbreak Moyo District Uganda June-July 2025 (cross-border River Nile),https://uniph.go.ug/cholera-outbreak-following-cross-border-introduction-and-consumption-of-untreated-river-nile-water-moyo-district-uganda-june-july-2025/,"Uganda MoH/UNIPH field investigation of the Moyo District cholera outbreak, Dufile, Otce Town Council and Metu sub-counties, June-July 2025. Final figures: 17 culture-confirmed cases, no deaths; index case infected at the Fula section of the River Nile in Nimule South Sudan on 5 June 2025; Moyo had not had cholera since August 2014 and has never received OCV",2025-06-05 to 2025-07-08,Outbreak investigation,Active,Level 1,Pending,UNIPH site search via r.jina.ai text proxy: https://uniph.go.ug/?s=cholera,English,0,Uganda National Institute of Public Health with US CDC Uganda; supersedes the WHO AFRO week 26 2025 interim snapshot; companion RDT-vs-culture paper at uniph.go.ug,UNIPH site search via r.jina.ai text proxy: https://uniph.go.ug/?s=cholera,AI
59,UNIPH Cholera Outbreak Kasensero Landing Site Kyotera District Uganda April-May 2024,https://uniph.go.ug/cholera-outbreak-associated-with-consumption-of-contaminated-lake-water-at-kasensero-landing-site-kyotera-district-april-may-2024/,"Uganda MoH/UNIPH field investigation with line list and unmatched case-control study of the Kasensero landing site cholera outbreak on Lake Victoria, Kyotera District: 64 cases (9 culture-confirmed, 55 suspected), 2 deaths, CFR 3 percent, attack rate 12/1000, Kimwanyi the most affected parish. Kasensero had not reported cholera for over twenty years",2024-04-01 to 2024-05-24,Outbreak investigation,Active,Level 1,Pending,UNIPH site search via r.jina.ai text proxy: https://uniph.go.ug/?s=cholera,English,0,"Uganda National Institute of Public Health; companion UNIPH field-response report for 8-17 May 2024 gives 64 suspected, 18 confirmed, 2 deaths; conflicts with the JHU baseline row for AFR::UGA::Masaka::Kyotera",UNIPH site search via r.jina.ai text proxy: https://uniph.go.ug/?s=cholera,AI
60,Uganda MoH Weekly Epidemiological Bulletin Week 25 2020 (15-21 June 2020),https://library.health.go.ug/sites/default/files/resources/Weekly%20Epidemiological%20Bulletin%20Week%2025%202020.pdf,"Uganda Ministry of Health Integrated Epidemiology, Surveillance and Public Health Emergencies weekly bulletin; front page gives cumulative cholera cases and deaths for Moroto, Nabilatuk and Napak districts in the Karamoja 2020 outbreak",2020-04-01 to 2020-06-21,district-level outbreak surveillance,Active,Level 1,Pending,"library.health.go.ug search node?keys=cholera via r.jina.ai text proxy, then direct PDF download",en,0,,"library.health.go.ug search node?keys=cholera via r.jina.ai text proxy, then direct PDF download",AI
61,Uganda MoH Weekly Epidemiological Bulletin Week 4 2020 (20-26 January 2020),https://library.health.go.ug/sites/default/files/resources/Week_04_Epi_bulletin.pdf,"Uganda MoH weekly epidemiological bulletin week 4 2020; front page reports the Busia District cholera event of January 2020 (1 confirmed, 5 suspected)",2020-01-06 to 2020-01-26,district-level outbreak surveillance,Active,Level 1,Pending,library.health.go.ug cholera search; Busia cholera event reported on bulletin front page weeks 2-4 of 2020,en,0,,library.health.go.ug cholera search; Busia cholera event reported on bulletin front page weeks 2-4 of 2020,AI
62,"Daily Monitor: Cholera kills 11 in Kotido, 100 admitted (20 August 2020)",https://www.monitor.co.ug/uganda/news/national/cholera-kills-11-in-kotido-100-admitted-1922890,"Daily Monitor (Uganda) national news report of 20 August 2020, reposted by ReliefWeb, on the Kotido District cholera outbreak in Karamoja: 11 deaths and at least 100 admissions at Kotido Health Centre IV; affected sub-counties Panyangara, Rengen, Nakapelimoru and Romrom",2020-08-06 to 2020-08-20,news report of district outbreak,Active,Level 3,Pending,WebSearch: Uganda Karamoja cholera outbreak 2019 Napak Moroto Kotido district cases deaths,en,0,,WebSearch: Uganda Karamoja cholera outbreak 2019 Napak Moroto Kotido district cases deaths,AI
63,"WHO Weekly Epidemiological Record No. 51/52, 19/26 December 1997: Cholera in Uganda",https://iris.who.int/handle/10665/230337,"WER 72(51/52) p.387 outbreak note: Uganda MoH reported cholera in Kampala City (70 cases, 3 deaths since 9 December 1997) and in Bugiri District, Busoga Province (case count unknown, 26 deaths). Earliest district-level attribution of the 1997-1998 Uganda epidemic",1997-12-09 to 1997-12-19,WHO outbreak notification with district detail,Active,Level 1,Pending,"WHO IRIS DSpace REST API search 'cholera in Uganda', then /server/api/core/items/{uuid}/bundles to retrieve WER7251_52_387-387ter.PDF",en,0,,"WHO IRIS DSpace REST API search 'cholera in Uganda', then /server/api/core/items/{uuid}/bundles to retrieve WER7251_52_387-387ter.PDF",AI
64,"WHO Bulletin 1999 Readers' Forum: Effectiveness of mass vaccination with WC/rBS cholera vaccine during an epidemic in Adjumani district, Uganda",https://pmc.ncbi.nlm.nih.gov/articles/PMC2557761/,"Bulletin of the World Health Organization Readers' Forum letter describing the 1998 cholera epidemic in Adjumani District, Northern Uganda, one year after a pilot WC/rBS oral cholera vaccination campaign in six Sudanese refugee camps: 358 cases from 60 locations, 15 deaths, CFR 4.2%, attack rate 0.3%, 28 cases among refugees",1998-08-17 to 1998-11-08,peer-reviewed district outbreak description,Active,Level 1,Pending,WHO IRIS DSpace REST API search 'cholera in Uganda' returned the item; full text retrieved from PMC,en,0,,WHO IRIS DSpace REST API search 'cholera in Uganda' returned the item; full text retrieved from PMC,AI
65,"Bwire et al. 2013 PLOS NTD, The Burden of Cholera in Uganda - Table 2 district outbreak sample 2002-2010",https://journals.plos.org/plosntds/article/file?id=10.1371/journal.pntd.0002545&type=printable,"Table 2 'A non-random sample of outbreaks in Uganda, 2002-2010' gives district, calendar month span, duration in weeks and case count for 15 district-level cholera outbreaks: Amudat, Arua (x4), Bugiri, Bulisa/Buliisa, Kampala, Kasese, Kitgum, Kotido, Moroto, Nebbi (x2) and Yumbe. SAME UNDERLYING PAPER as metadata index 1, which is registered under the PMC URL and mis-attributed there to 'Wamala et al.'; the correct first author is G. Bwire. Registered separately because index 1 cites the PMC HTML, in which Table 2 is not rendered, and because the author attribution differs",2002-12-01 to 2010-08-31,peer-reviewed district-level outbreak table,Active,Level 1,Pending,WebSearch 'The Burden of Cholera in Uganda'; full PDF retrieved from PLOS and Table 2 read with pdftotext -layout after the HTML rendering omitted the table,en,0,,WebSearch 'The Burden of Cholera in Uganda'; full PDF retrieved from PLOS and Table 2 read with pdftotext -layout after the HTML rendering omitted the table,AI
66,Cluster analysis of the spatial distribution of cholera in Uganda (BMC Infectious Diseases 2026),https://link.springer.com/article/10.1186/s12879-026-13294-7,"Local Moran's I (LISA) cluster analysis of Uganda MoH Health Management Information System district-level cholera data 2012-2022. Identifies statistically significant high-high district clusters by year: 2012 Nebbi/Buliisa; 2013 Pakwach, Arua/Madi-Okollo, Moyo/Obongi; 2015 Mayuge/Namayingo; 2019 Napak/Moroto/Kotido; 2022 Amuru, Pakwach/Nebbi, Busia, Namayingo. Reports NO per-district case counts - the paper states 'the analysis relied on aggregated district-level data due to the unavailability of health facility-based outbreak data' and publishes only cluster classifications",2012-01-01 to 2022-12-31,peer-reviewed spatial cluster analysis of MoH HMIS district data,Active,Level 1,Pending,WebSearch: Uganda cholera 2020 district outbreak Moroto Nebbi Kampala WHO AFRO bulletin,en,0,,WebSearch: Uganda cholera 2020 district outbreak Moroto Nebbi Kampala WHO AFRO bulletin,AI
67,UNICEF Uganda Humanitarian Situation Report Year-End 2024 (1 January - 31 December 2024),https://www.unicef.org/media/168341/file/Uganda-Humanitarian-SitRep-(Year-End)-01-January-to-31-December-2024.pdf.pdf,"UNICEF Uganda year-end 2024 humanitarian situation report. Footnote 3 lists the 2024 outbreak geography: 'Cholera in three districts (Adjumani, Mbale city and Kyotera)'. Describes the Adjumani and Kyotera cholera responses (WASH/IPC supplies to Nyumanzi HC III and Adjumani Hospital; aquatabs in Kyotera) but gives no case or death counts for any district",2024-01-01 to 2024-12-31,"humanitarian situation report, district outbreak list",Active,Level 2,Pending,WebSearch: Uganda cholera 2024 outbreak districts Kasese Buikwe Kyotera Masaka cases deaths WHO AFRO weekly bulletin,en,0,,WebSearch: Uganda cholera 2024 outbreak districts Kasese Buikwe Kyotera Masaka cases deaths WHO AFRO weekly bulletin,AI
68,Uganda MoH National Integrated Comprehensive Cholera Prevention and Control Plan FY2017/18-2021/22 - Table 2 top cholera-affected districts 2011-2016 (HMIS),https://library.health.go.ug/sites/default/files/resources/Cholera%20Strategic%20Plan%202017.pdf,"Uganda Ministry of Health national cholera strategic plan, Table 2 'Top cholera affected districts in Uganda, 2011-2016' (source: HMIS 2011-2016), giving cases and deaths for the 17 districts that accounted for 90% of national cholera cases: Nebbi 2320/49, Hoima 1731/39, Buliisa 1205/13, Kasese 852/18, Mbale 530/31, Bundibugyo 458/11, Kibaale 386/4, Namayingo 373/6, Kampala 324/7, Bulambuli 284/4, Butaleja 281/5, Arua 255/10, Busia 250/5, Bududa 216/7, Sironko 184/8, Ntoroko 183/4, Rukungiri 160/1. The plan also states the affected-district count fell from 43 of 45 districts (96%) in the 1998 El Nino to about 25 of 112 (22%) in 2016",2011-01-01 to 2016-12-31,"national strategic plan, district case and death table from HMIS",Active,Level 1,Pending,library.health.go.ug search node?keys=cholera via r.jina.ai; PDF retrieved with curl -k and read with pdftotext -layout,en,0,,library.health.go.ug search node?keys=cholera via r.jina.ai; PDF retrieved with curl -k and read with pdftotext -layout,AI
69,"UNIPH Suspected Cholera Outbreak, Panyimur and Parombo Sub-counties, Nebbi District, March 2017",https://uniph.go.ug/suspected-cholera-outbreak-associated-with-drinking-unsafe-river-water-in-panyimur-and-parombo-sub-counties-nebbi-district-march-2017/,"Uganda MoH/UNIPH field investigation of the Nebbi District cholera outbreak of January-March 2017: 222 suspected cases, index case onset 21 January 2017, DHO notification of 117 cases with 3 deaths on 10 February 2017; case-control study of 67 cases and 134 controls implicated drinking unsafe river water from the Nyaloi and Alala rivers (OR 2.2, 95% CI 1.2-4.1). Most affected parishes Nyakagei (AR 143/10,000) and Ganda (21/10,000) in Panyimur sub-county and Parwo (42/10,000) in Parombo sub-county, both bordering DR Congo on Lake Albert",2017-01-21 to 2017-03-31,national institute field outbreak investigation with case-control study,Active,Level 1,Pending,"Systematic harvest of all 40 UPHB bulletin issue index pages via r.jina.ai, then extraction of every cholera-titled article link - this article does NOT appear in the uniph.go.ug/?s=cholera search index that previous agents used",en,0,,"Systematic harvest of all 40 UPHB bulletin issue index pages via r.jina.ai, then extraction of every cholera-titled article link - this article does NOT appear in the uniph.go.ug/?s=cholera search index that previous agents used",AI
70,"WHO Weekly Epidemiological Record No. 14, 3 April 1998: Diseases subject to the Regulations - Uganda cholera notifications",https://iris.who.int/handle/10665/230428,"WER 73(14) p.104. Carries both the 'Cholera in Uganda' narrative ('The epidemic in Uganda which began in late 1997 continued throughout the first part of 1998 affecting mainly the Central, Eastern and Western regions... the epidemic is stable in Central Region, whereas many new cases are still occurring in Eastern and Western Regions') and the IHR notification table giving Uganda two reporting windows: 28.XII-16.II = 8,955 cases / 364 deaths and 17.II-24.III = 5,647 cases / 324 deaths. Eastern Region is listed as a newly infected area as at 2 April 1998",1997-12-28 to 1998-03-24,WHO weekly IHR notification table,Active,Level 1,Pending,WHO IRIS DSpace REST API search 'cholera in Uganda'; item aa3dcb67-8ddf-4d35-96d1-f01028fbb756 retrieved as WER7314_104-104.PDF,en,0,,WHO IRIS DSpace REST API search 'cholera in Uganda'; item aa3dcb67-8ddf-4d35-96d1-f01028fbb756 retrieved as WER7314_104-104.PDF,AI
71,"WHO Weekly Epidemiological Record No. 31, 6 August 1999: Cholera in 1998 annual notification table",https://iris.who.int/handle/10665/230876,"WER 74(31) pp.257-263, WHO annual cholera article for 1998. African notification table gives Uganda 49,514 cases and 2,064 deaths for 1998 - the official WHO-notified figure behind the 'almost 50,000 cases' quoted in the secondary literature, and the only source found in this exercise carrying a 1998 death count. Names Uganda among the five African countries with major 1998 outbreaks (DR Congo, Kenya, Mozambique, Uganda, Tanzania), case counts ranging from 14,488 to 49,514",1998-01-01 to 1998-12-31,WHO annual cholera notification table,Active,Level 1,Pending,WHO IRIS DSpace REST API search 'cholera in Uganda'; item 79d01422 retrieved as WER7431_257-263.PDF via the bundles endpoint; true handle resolved from /server/api/core/items/{uuid},en,0,,WHO IRIS DSpace REST API search 'cholera in Uganda'; item 79d01422 retrieved as WER7431_257-263.PDF via the bundles endpoint; true handle resolved from /server/api/core/items/{uuid},AI
72,Uganda MoH Prevention and Control of Cholera: Operational Guidelines for National and District Health Workers and Planners (2017),https://library.health.go.ug/sites/default/files/resources/Prevention%20and%20Control%20of%20Cholera%20Guidelines%202017_0.pdf,"Uganda MoH operational guidelines for cholera prevention and control, 2017. States that 'From the year 2011 to 2015, Uganda registered 9,954 cholera cases affecting 18 districts of Kasese, Rukungiri, Bulisa, Nebbi, Mbale, Hoima, Arua, Zombo, Bududa, Butaleja, Sironko, Manafwa, Ntoroko, Busia, Namayingo, Moyo, Bulambuli and Kapchorwa; majority of which were border districts', gives the 2012 outbreak as 6,226 cases with 135 deaths, and gives 1997/98 as over 50,000 cases with 2,000 deaths. Annex 4 reproduces a filled Mbale District situation report of 20 February 2016 (cumulative 155 cases, 6 deaths - 2 in the CTC and 4 in the community - and 39 laboratory-confirmed)",2011-01-01 to 2016-12-31,national operational guidelines with historical outbreak summary,Active,Level 1,Pending,library.health.go.ug cholera document set enumerated via r.jina.ai; PDF retrieved with curl -k and read with pdftotext -layout,en,0,,library.health.go.ug cholera document set enumerated via r.jina.ai; PDF retrieved with curl -k and read with pdftotext -layout,AI
73,"WHO Weekly Epidemiological Record No. 30, 1972: Cholera in 1971 annual notification table",https://iris.who.int/handle/10665/218990,"WER 47(30) pp.281-283, WHO annual cholera article for 1971. The Africa table gives, for each country, the date of first notification and the number of cases: 'Uganda - Ouganda ... 23.5.1971 ... 757'. Uganda is named among the seven East and West African countries that reported cholera for the first time in 1971 (with Angola, Cameroon, Chad, Kenya, Mauritania and Senegal). No death column in this table",1971-05-23 to 1971-12-31,WHO annual cholera notification table,Active,Level 1,Pending,WHO IRIS DSpace REST API search 'cholera in Uganda' returned item 694f8c66; PDF WER4730_281-283.PDF retrieved via the bundles endpoint and handle resolved from the items endpoint,en,0,,WHO IRIS DSpace REST API search 'cholera in Uganda' returned item 694f8c66; PDF WER4730_281-283.PDF retrieved via the bundles endpoint and handle resolved from the items endpoint,AI
74,"WHO Weekly Epidemiological Record No. 36, 2017: Cholera, 2016 annual report",https://iris.who.int/handle/10665/258911,"WHO annual cholera report for 2016: Table 1 country notifications, Table 2 zero-reporting countries, and footnote listing countries that did not report",2016-01-01 to 2016-12-31,Annual national notification table,Active,Level 1,Pending,"IRIS DSpace discover API search for 'Cholera, 2016' then bundle/bitstream PDF download",English,1,WER 2017;92(36):521-530,"IRIS DSpace discover API search for 'Cholera, 2016' then bundle/bitstream PDF download",AI
75,"WHO Weekly Epidemiological Record No. 38, 2018: Cholera, 2017 annual report",https://iris.who.int/handle/10665/274655,"WHO annual cholera report for 2017: Table 1 country notifications, Table 2 zero-reporting countries, and footnote listing countries that did not report",2017-01-01 to 2017-12-31,Annual national notification table,Active,Level 1,Pending,"IRIS DSpace discover API search for 'Cholera, 2017' then bundle/bitstream PDF download",English,1,WER 2018;93(38):489-497,"IRIS DSpace discover API search for 'Cholera, 2017' then bundle/bitstream PDF download",AI
76,"WHO Weekly Epidemiological Record No. 48, 2019: Cholera, 2018 annual report",https://iris.who.int/handle/10665/330005,"WHO annual cholera report for 2018: Table 1 country notifications, Table 2 zero-reporting countries, and footnote listing countries that did not report",2018-01-01 to 2018-12-31,Annual national notification table,Active,Level 1,Pending,"IRIS DSpace discover API search for 'Cholera, 2018' then bundle/bitstream PDF download",English,1,WER 2019;94(48):561-568,"IRIS DSpace discover API search for 'Cholera, 2018' then bundle/bitstream PDF download",AI
77,"WHO Weekly Epidemiological Record No. 37, 2021: Cholera, 2020 annual report",https://iris.who.int/handle/10665/345271,"WHO annual cholera report for 2020: Table 1 country notifications, Table 2 zero-reporting countries, and footnote listing countries that did not report",2020-01-01 to 2020-12-31,Annual national notification table,Active,Level 1,Pending,"IRIS DSpace discover API search for 'Cholera, 2020' then bundle/bitstream PDF download",English,1,WER 2021;96(37):445-454,"IRIS DSpace discover API search for 'Cholera, 2020' then bundle/bitstream PDF download",AI
78,"WHO Weekly Epidemiological Record No. 36, 2025: Cholera, 2024 annual report",https://iris.who.int/handle/10665/382542,"WHO annual cholera report for 2024: Table 1 country notifications, Table 2 zero-reporting countries, and footnote listing countries that did not report",2024-01-01 to 2024-12-31,Annual national notification table,Active,Level 1,Pending,"IRIS DSpace discover API search for 'Cholera, 2024' then bundle/bitstream PDF download",English,1,WER 2025;100(36):347-364,"IRIS DSpace discover API search for 'Cholera, 2024' then bundle/bitstream PDF download",AI
79,Cummings et al. 2012 Epidemiol Infect: A cholera outbreak among semi-nomadic pastoralists in northeastern Uganda,https://www.cambridge.org/core/journals/epidemiology-and-infection/article/cholera-outbreak-among-seminomadic-pastoralists-in-northeastern-uganda-epidemiology-and-interventions/E43B5E52304398875BAB6A89B6FF051E,Peer-reviewed investigation of the April-July 2010 Karamoja cholera outbreak; states the Karamoja region had not reported cholera since 1997,1998-01-01 to 2010-07-14,Outbreak investigation with inter-epidemic interval statement,Active,Level 1,Pending,WebSearch: Karamoja Uganda cholera since 1997 outbreak 2010 Moroto Kotido Nakapiripirit pastoralists,English,1,Epidemiol Infect 2012;140(8):1376-1385; doi:10.1017/S0950268811001956,WebSearch: Karamoja Uganda cholera since 1997 outbreak 2010 Moroto Kotido Nakapiripirit pastoralists,AI
80,"Bompangue et al. 2011 Emerg Infect Dis: Dynamics of Cholera Outbreaks in Great Lakes Region of Africa, 1978-2008",https://wwwnc.cdc.gov/eid/article/17/11/11-0170_article,"Great Lakes regional cholera analysis; states outbreaks occurred in Uganda and five neighbours almost every year since 1977-1978. Used here as contradicting evidence against inferred Ugandan zero years after 1977, and as supporting evidence for the pre-1977 zeros",1978-01-01 to 2008-12-31,Regional epidemiological analysis,Active,Level 1,Pending,WebSearch: Uganda cholera outbreaks have occurred almost every year since 1977 1978 endemic,English,1,Emerg Infect Dis 2011;17(11):2026-2034; PMID 22099090,WebSearch: Uganda cholera outbreaks have occurred almost every year since 1977 1978 endemic,AI
81,"WHO Weekly Epidemiological Record No. 38, 2023: Cholera, 2022 annual report (Table 2 zero-reporting countries)",https://iris.who.int/handle/10665/372993,"WHO annual cholera report for 2022. Table 2 lists Uganda among 14 African countries that reported 0 cholera cases and deaths in 2022, fulfilling zero reporting. Registered for traceability of the 2022 zero already present in the JHU baseline; no AI row added because it would duplicate",2022-01-01 to 2022-12-31,Annual zero-reporting certification,Active,Level 1,Pending,"IRIS DSpace discover API search for 'Cholera, 2022' then bundle/bitstream PDF download",English,1,WER 2023;98(38):431-443,"IRIS DSpace discover API search for 'Cholera, 2022' then bundle/bitstream PDF download",AI
82,"WHO Weekly Epidemiological Record No. 36, 2024: Cholera, 2023 annual report (Uganda listed as not reporting)",https://iris.who.int/handle/10665/378717,WHO annual cholera report for 2023. Footnote a names Uganda among countries that did not report cholera data to WHO for 2023. Registered as the authority for classifying Uganda 2023 as a WHO-level Surveillance_Gap rather than a zero; no zero row written,2023-01-01 to 2023-12-31,Annual non-reporting declaration,Active,Level 1,Pending,"IRIS DSpace discover API search for 'Cholera, 2023' then bundle/bitstream PDF download",English,1,WER 2024;99(36):481-495,"IRIS DSpace discover API search for 'Cholera, 2023' then bundle/bitstream PDF download",AI
83,"WHO Weekly Epidemiological Record No. 37, 2020: Cholera 2019 annual report",https://iris.who.int/handle/10665/334242,"WHO annual cholera report for 2019, Table 1 country notifications. Indexed on IRIS as 'Cholera 2019' without a comma, which is why the title search for 'Cholera, 2019' failed",2019-01-01 to 2019-12-31,Annual national notification table,Active,Level 1,Pending,IRIS DSpace discover API search for the bitstream stem 'WER9537',English,1,WER 2020;95(37):441-448,IRIS DSpace discover API search for the bitstream stem 'WER9537',AI
84,WHO WER Diseases subject to the Regulations: Uganda cholera-infected areas 1981 to 24 March 1983,https://iris.who.int/handle/10665/224398,"WER weekly Diseases subject to the Regulations. The 18-24 March 1983 issue records, under the single heading CHOLERA - Africa, the removal of eight Ugandan districts from the WHO infected-area list. The identical district block appears in every monthly Infected Areas list published through 1981. Uganda was therefore formally a cholera-infected country in WHO's own IHR listings across 1981-early 1983, the period covered by the asserted zero rows 57 and 58",1981-01-01 to 1983-03-24,IHR infected-areas list,Active,Level 1,Pending,"IRIS DSpace discover API, query 'DISEASES SUBJECT TO THE REGULATIONS' by year, then case-insensitive scan of all 51 weekly issues of 1981 and 1983 for Uganda/Ouganda",English,1,"Monthly Infected Areas lists as on 30 Jan (10665/223361), 26 Feb (223398), 26 Mar (223424), 23 Apr (223463), 21 May (223494), 18 Jun (223527), 16 Jul (223569), 13 Aug (223613), 17 Sep (223655), 15 Oct (223687) and 12 Nov 1981 (223722); removal notice 18-24 Mar 1983 (224941 family, item 10665/224398)","IRIS DSpace discover API, query 'DISEASES SUBJECT TO THE REGULATIONS' by year, then case-insensitive scan of all 51 weekly issues of 1981 and 1983 for Uganda/Ouganda",AI
85,"WHO WER Diseases subject to the Regulations: Uganda plague notifications 1986, 1989 and 1993 (IHR channel demonstrably operational)",https://iris.who.int/handle/10665/225938,"Uganda made IHR notifications to WHO for PLAGUE in Nebbi District in 1986, 1989 and 1993 while notifying no cholera in those years. Evidence that the IHR notification channel, the same legal channel through which cholera is notified, was open and in active use by Uganda in those years",1986-01-01 to 1993-12-31,"IHR notification, surveillance-functionality evidence",Active,Level 1,Pending,"Case-insensitive scan of all weekly WER Diseases subject to the Regulations issues 1986, 1989, 1993 for Uganda/Ouganda",English,1,15-21 Aug 1986 plague Nebbi District (10665/225938); 26 May-1 Jun 1989 plague Nebbi District all province (10665/227175); newly infected areas as at 17 Jun 1993 plague Western Region Nebbi District (10665/228748),"Case-insensitive scan of all weekly WER Diseases subject to the Regulations issues 1986, 1989, 1993 for Uganda/Ouganda",AI
86,WHO WER Diseases subject to the Regulations: Uganda smallpox notifications 1972-1973 (IHR channel demonstrably operational),https://iris.who.int/handle/10665/218964,Uganda made IHR notifications to WHO for SMALLPOX in 1972 and 1973 while notifying no cholera. Evidence that the IHR notification channel was open and in active use by Uganda in the first two asserted zero years,1972-01-01 to 1973-12-31,"IHR notification, surveillance-functionality evidence",Active,Level 1,Pending,Case-insensitive scan of all weekly WER Diseases subject to the Regulations issues 1972 and 1973 for Uganda/Ouganda,English,1,"Notifications received 7-13 Jul 1972 smallpox Entebbe and Northern Region Acholi D. (10665/218964); Infected Areas as on 23 Mar, 27 Apr and 4 May 1972 (218786, 218848, 218854); 13 and 19 Apr 1973 (219336, 219347); Areas Removed 27 Apr-3 May 1973 smallpox Acholi D. Atiak (219367)",Case-insensitive scan of all weekly WER Diseases subject to the Regulations issues 1972 and 1973 for Uganda/Ouganda,AI
87,"WHO Global Health Observatory notifiable-disease reporting record for Uganda 1974-1996 (measles, pertussis, diphtheria, polio, neonatal tetanus)",https://ghoapi.azureedge.net/api/WHS3_41?$filter=SpatialDim%20eq%20'UGA',"WHO GHO vaccine-preventable-disease notification dataset. Unlike the cholera series it encodes an explicit reported 0 distinct from a null, so a null means no return was submitted. Uganda diphtheria 1978=0, 1979=0, 1983=0 but 1984-1987=null. Used to establish, per year, whether Uganda's annual disease returns to WHO were being submitted at all",1974-01-01 to 1996-12-31,Surveillance-functionality evidence,Active,Level 1,Pending,"WHO GHO OData API, indicator list filtered on 'Number of reported cases', then SpatialDim eq UGA",English,1,"WHS3_62 measles, WHS3_43 pertussis, WHS3_41 diphtheria, WHS3_49 poliomyelitis, WHS3_56 neonatal tetanus; CHOLERA_0000000001 cholera cases","WHO GHO OData API, indicator list filtered on 'Number of reported cases', then SpatialDim eq UGA",AI
88,"WHO Weekly Epidemiological Record No. 20, 15 May 1987: Uganda cholera notification 21 December 1986 to 7 March 1987",https://iris.who.int/handle/10665/226260,"Weekly Diseases subject to the Regulations table, notifications received 8-14 May 1987. Uganda's only cholera notification of the 1987 reporting year, and the only one between March 1983 and 1991. It dates the outbreak window to 21 December 1986 - 7 March 1987, i.e. transmission began in December 1986, not in 1987",1986-12-21 to 1987-03-07,IHR cholera notification with exact transmission window,Active,Level 1,Pending,Case-insensitive scan of all 50 weekly WER Diseases subject to the Regulations issues of 1987 for Uganda/Ouganda,English,1,WER 1987;62(20):148,Case-insensitive scan of all 50 weekly WER Diseases subject to the Regulations issues of 1987 for Uganda/Ouganda,AI
89,"WHO WER Diseases subject to the Regulations: Uganda cholera-infected districts 1979-1981 (Nile, Southern and Western Provinces)",https://iris.who.int/handle/10665/222689,"Successive WER Infected Areas lists carry the Ugandan districts declared cholera-infected during the 1979-1981 epidemic wave: Nile Province South Nile D. Padyere County; Southern Province North Kigezi and West Ankole Districts; Western Province Kabarole, Kasese and Rwenzori Districts. The Northern Province block (Gulu, Kitgum, North Karamoja) is added from about April 1980 and the Eastern Province block (Bugishu, Bukedi/Tororo, Busoga/Mbale Municipality, Sebei/Kapchorwa, Teso/Kumi) from about August 1980. No district-level case counts are published",1979-02-01 to 1981-12-31,"IHR infected-areas list, sub-national geography",Active,Level 1,Pending,Case-insensitive scan of every weekly WER Diseases subject to the Regulations issue of 1979 (51) and 1980 (52) for Uganda/Ouganda,English,1,"1979 Infected Areas lists 10665/222401, 222689, 222729, 222768, 222818; 1980 lists 222889, 222933, 222976, 223012, 223062, 223099, 223158, 223201, 223270, 223322; 1981 list of 3 July 1981 (223556)",Case-insensitive scan of every weekly WER Diseases subject to the Regulations issue of 1979 (51) and 1980 (52) for Uganda/Ouganda,AI
90,"WHO Global Health Observatory: reported cholera cases and deaths, Uganda, 1971-2016 (CHOLERA_0000000001 and _0000000002)",https://ghoapi.azureedge.net/api/CHOLERA_0000000001?$filter=SpatialDim%20eq%20%27UGA%27,"WHO's official machine-readable annual cholera notification series. For Uganda it contains 31 country-year records, every one positive, covering 1971-2016; there is no zero encoding in this series, so a missing country-year is ambiguous between a reported zero and a non-report",1971-01-01 to 2016-12-31,Official annual national notification series,Active,Level 1,Pending,"WHO GHO OData API, indicator search for 'cholera' then SpatialDim eq UGA",English,1,OData endpoints https://ghoapi.azureedge.net/api/CHOLERA_0000000001?$filter=SpatialDim eq 'UGA' and CHOLERA_0000000002 likewise; identical figures appear in the corresponding WER annual cholera articles,"WHO GHO OData API, indicator search for 'cholera' then SpatialDim eq UGA",AI
91,"WHO WER Diseases subject to the Regulations: Uganda cholera notification windows, December 1997 to November 1998",https://iris.who.int/handle/10665/230523,Successive weekly WER notification tables report Uganda's 1997-98 epidemic as a sequence of dated windows rather than as a single annual figure. Together with the two windows already held as rows 123 and 124 they tile the epidemic at roughly monthly resolution and sum to within 5 percent of WHO's 49514 annual total for 1998,1997-12-01 to 1998-11-03,"IHR cholera notifications, dated cumulative windows",Active,Level 1,Pending,Case-insensitive scan of all 51 weekly WER Diseases subject to the Regulations issues of 1997 and all 55 of 1998 for Uganda/Ouganda,English,1,"Issues of 13-19 Feb 1998 (10665/230387), 1-7 May (230459), 22-28 May (230476), 5-11 Jun (230487), 19-25 Jun (230502), 17-24 Jul (230523), 18-24 Sep (230582), 30 Oct-5 Nov (230621), 11-17 Dec 1998 (230666)",Case-insensitive scan of all 51 weekly WER Diseases subject to the Regulations issues of 1997 and all 55 of 1998 for Uganda/Ouganda,AI
92,"WHO Weekly Epidemiological Record No. 5, 2 February 1979: Diseases subject to the Regulations - Uganda cholera notifications, 14 November 1978 to 14 January 1979",https://iris.who.int/handle/10665/222326,,1978-11-14 to 1979-01-14,Surveillance,Active,Level 1,Pending,IRIS DSpace REST API enumeration of the 1979 WER weekly Diseases-subject-to-the-Regulations archive; PDF bitstream rendered with pdftotext -layout to resolve the two-column notification table that defeated the IRIS plain-text OCR layer,en,0,,IRIS DSpace REST API enumeration of the 1979 WER weekly Diseases-subject-to-the-Regulations archive; PDF bitstream rendered with pdftotext -layout to resolve the two-column notification table that defeated the IRIS plain-text OCR layer,AI
93,"WHO Weekly Epidemiological Record No. 8, 23 February 1979: Diseases subject to the Regulations - Uganda cholera notifications, 28 January to 10 February 1979",https://iris.who.int/handle/10665/222363,,1979-01-28 to 1979-02-10,Surveillance,Active,Level 1,Pending,IRIS DSpace REST API enumeration of the 1979 WER weekly archive; PDF rendered with pdftotext -layout,en,0,,IRIS DSpace REST API enumeration of the 1979 WER weekly archive; PDF rendered with pdftotext -layout,AI
94,"WHO Weekly Epidemiological Record No. 9, 29 February 1980: Diseases subject to the Regulations - Uganda cholera notifications, 23 December 1979 to 19 January 1980",https://iris.who.int/handle/10665/222942,,1979-12-23 to 1980-01-19,Surveillance,Active,Level 1,Pending,IRIS DSpace REST API enumeration of the 1980 WER weekly archive; PDF rendered with pdftotext -layout,en,0,,IRIS DSpace REST API enumeration of the 1980 WER weekly archive; PDF rendered with pdftotext -layout,AI
95,"WHO Weekly Epidemiological Record No. 33, 15 August 1980: Diseases subject to the Regulations - Uganda cholera notifications, 18 April to 7 June 1980 (revised figures)",https://iris.who.int/handle/10665/223168,,1980-04-18 to 1980-06-07,Surveillance,Active,Level 1,Pending,IRIS DSpace REST API enumeration of the 1980 WER weekly archive; PDF rendered with pdftotext -layout,en,0,,IRIS DSpace REST API enumeration of the 1980 WER weekly archive; PDF rendered with pdftotext -layout,AI
96,"WHO Weekly Epidemiological Record No. 48, 29 November 1991: Notifications received 22-28 November 1991 - Uganda cholera, 9-15 November 1991",https://iris.who.int/handle/10665/228211,,1991-11-09 to 1991-11-15,Surveillance,Active,Level 1,Pending,IRIS DSpace REST API enumeration of the 1991 WER weekly archive; PDF rendered with pdftotext -layout,en,0,,IRIS DSpace REST API enumeration of the 1991 WER weekly archive; PDF rendered with pdftotext -layout,AI
97,"WHO Weekly Epidemiological Record No. 49, 6 December 1991: Notifications received 29 November-5 December 1991 - Uganda cholera, 16-22 November 1991",https://iris.who.int/handle/10665/228218,,1991-11-16 to 1991-11-22,Surveillance,Active,Level 1,Pending,IRIS DSpace REST API enumeration of the 1991 WER weekly archive; PDF rendered with pdftotext -layout,en,0,,IRIS DSpace REST API enumeration of the 1991 WER weekly archive; PDF rendered with pdftotext -layout,AI
98,"WHO Weekly Epidemiological Record No. 29, 22 July 1994: Notifications received 15-21 July 1994 - Uganda cholera to 21 June 1994",https://iris.who.int/handle/10665/229117,,1994-01-01 to 1994-06-21,Surveillance,Active,Level 1,Pending,IRIS DSpace REST API enumeration of the 1994 WER weekly archive; PDF rendered with pdftotext -layout,en,0,,IRIS DSpace REST API enumeration of the 1994 WER weekly archive; PDF rendered with pdftotext -layout,AI
99,"WHO Weekly Epidemiological Record No. 31, 5 August 1994: Notifications received 29 July-4 August 1994 - Uganda cholera, 22 June to 7 July 1994",https://iris.who.int/handle/10665/229125,,1994-06-22 to 1994-07-07,Surveillance,Active,Level 1,Pending,IRIS DSpace REST API enumeration of the 1994 WER weekly archive; PDF rendered with pdftotext -layout,en,0,,IRIS DSpace REST API enumeration of the 1994 WER weekly archive; PDF rendered with pdftotext -layout,AI
100,"WHO Weekly Epidemiological Record No. 43, 28 October 1994: Uganda cholera notification, 8 July to 31 August 1994",https://iris.who.int/handle/10665/229213,,1994-07-08 to 1994-08-31,Surveillance,Active,Level 1,Pending,IRIS DSpace REST API enumeration of the 1994 WER weekly archive; PDF rendered with pdftotext -layout,en,0,,IRIS DSpace REST API enumeration of the 1994 WER weekly archive; PDF rendered with pdftotext -layout,AI
101,"WHO Weekly Epidemiological Record No. 1/2, 10 January 1992: Uganda cholera notification, 23 November to 20 December 1991",https://iris.who.int/handle/10665/228240,,1991-11-23 to 1991-12-20,Surveillance,Active,Level 1,Pending,IRIS DSpace enumeration of the 1992 WER 'Notifications received' items; PDF rendered with pdftotext -layout,en,0,,IRIS DSpace enumeration of the 1992 WER 'Notifications received' items; PDF rendered with pdftotext -layout,AI
102,"WHO Weekly Epidemiological Record No. 5, 31 January 1992: Uganda cholera notification, 21 to 31 December 1991",https://iris.who.int/handle/10665/228258,,1991-12-21 to 1991-12-31,Surveillance,Active,Level 1,Pending,IRIS DSpace enumeration of the 1992 WER 'Notifications received' items; PDF rendered with pdftotext -layout,en,0,,IRIS DSpace enumeration of the 1992 WER 'Notifications received' items; PDF rendered with pdftotext -layout,AI
103,"WHO Weekly Epidemiological Record No. 41, 9 October 1992: Uganda cholera revised cumulative notification, 1 January to 15 September 1992",https://iris.who.int/handle/10665/228503,,1992-01-01 to 1992-09-15,Surveillance,Active,Level 1,Pending,"1992 WER annual cholera index entry 'Uganda, 8, 32, 260, 308' followed to page 308; PDF rendered with pdftotext -layout",en,0,,"1992 WER annual cholera index entry 'Uganda, 8, 32, 260, 308' followed to page 308; PDF rendered with pdftotext -layout",AI
104,"WHO WER Diseases subject to the Regulations: Uganda cholera-infected areas, Kasese District, October 1992 to November 1996 (monthly IHR Infected Areas lists)",https://iris.who.int/handle/10665/228652,,1992-10-01 to 1996-11-28,Surveillance,Active,Level 1,Pending,IRIS DSpace enumeration of WER 'Notifications received'/'Infected areas as at' items 1992-1996; PDFs rendered with pdftotext -layout and re-serialised into COLUMN READING ORDER before assigning each country block to its disease section,en,0,,IRIS DSpace enumeration of WER 'Notifications received'/'Infected areas as at' items 1992-1996; PDFs rendered with pdftotext -layout and re-serialised into COLUMN READING ORDER before assigning each country block to its disease section,AI
105,"WHO Weekly Epidemiological Record No. 6, 7 February 1975: Diseases subject to the Regulations - Uganda cholera notification, 2 January 1975 (imported case)",https://iris.who.int/handle/10665/220207,,1975-01-02 to 1975-01-02,Surveillance,Active,Level 1,Pending,IRIS DSpace enumeration of the 1975 WER weekly archive; PDF rendered with pdftotext -layout,en,0,,IRIS DSpace enumeration of the 1975 WER weekly archive; PDF rendered with pdftotext -layout,AI
106,"WHO Weekly Epidemiological Record No. 18, 2 May 1997: Diseases subject to the Regulations - Uganda cholera notification, 1 January to 17 March 1997",https://iris.who.int/handle/10665/230118,,1997-01-01 to 1997-03-17,Surveillance,Active,Level 1,Pending,IRIS DSpace enumeration of the 1997 WER notification items; PDF rendered with pdftotext -layout; column geometry resolved by character position,en,0,,IRIS DSpace enumeration of the 1997 WER notification items; PDF rendered with pdftotext -layout; column geometry resolved by character position,AI
107,"WHO Weekly Epidemiological Record No. 8, 26 February 1999: Uganda cholera notifications, 4 November 1998 to 5 February 1999",https://iris.who.int/handle/10665/230720,,1998-11-04 to 1999-02-05,Surveillance,Active,Level 1,Pending,IRIS DSpace enumeration of 1999 WER notification items; PDF rendered with pdftotext -layout,en,0,,IRIS DSpace enumeration of 1999 WER notification items; PDF rendered with pdftotext -layout,AI
108,"WHO Weekly Epidemiological Record No. 19, 14 May 1999: Uganda cholera notification, 6 February to 17 April 1999",https://iris.who.int/handle/10665/230795,,1999-02-06 to 1999-04-17,Surveillance,Active,Level 1,Pending,IRIS DSpace enumeration of 1999 WER notification items; PDF rendered with pdftotext -layout,en,0,,IRIS DSpace enumeration of 1999 WER notification items; PDF rendered with pdftotext -layout,AI
109,"WHO Weekly Epidemiological Record Nos. 25 and 28, 1999: Uganda cholera notifications tiling 18 April to 19 June 1999",https://iris.who.int/handle/10665/230835,,1999-04-18 to 1999-06-19,Surveillance,Active,Level 1,Pending,IRIS DSpace enumeration of 1999 WER notification items; two consecutive notifications combined because their shared internal boundary date was never printed,en,0,,IRIS DSpace enumeration of 1999 WER notification items; two consecutive notifications combined because their shared internal boundary date was never printed,AI
110,"WHO Weekly Epidemiological Record No. 29, 23 July 1999: Uganda cholera notification, 20 June to 3 July 1999",https://iris.who.int/handle/10665/230858,,1999-06-20 to 1999-07-03,Surveillance,Active,Level 1,Pending,IRIS DSpace enumeration of 1999 WER notification items; PDF rendered with pdftotext -layout,en,0,,IRIS DSpace enumeration of 1999 WER notification items; PDF rendered with pdftotext -layout,AI
111,"WHO Weekly Epidemiological Record No. 48, 3 December 1999: Uganda cholera notification, 19 September to 30 October 1999",https://iris.who.int/handle/10665/230994,,1999-09-19 to 1999-10-30,Surveillance,Active,Level 1,Pending,IRIS DSpace enumeration of 1999 WER notification items; PDF rendered with pdftotext -layout,en,0,,IRIS DSpace enumeration of 1999 WER notification items; PDF rendered with pdftotext -layout,AI
112,"UNIPH Comparison of cholera RDT and culture results, Moyo District, June-July 2025",https://uniph.go.ug/comparison-of-cholera-rapid-diagnostic-test-and-culture-results-during-a-cholera-outbreak-response-moyo-district-west-nile-uganda-june-july-2025/,,2025-06-01 to 2025-07-31,Surveillance,Active,Level 1,Pending,"Agent 5 Part C re-mine: uniph.go.ug/?s=cholera via r.jina.ai, UPHB Volume 11 Issue 2 (Apr-Jun 2026); article published 30 Jun 2026, after Agents 1-4 finished harvesting the site",en,0,,"Agent 5 Part C re-mine: uniph.go.ug/?s=cholera via r.jina.ai, UPHB Volume 11 Issue 2 (Apr-Jun 2026); article published 30 Jun 2026, after Agents 1-4 finished harvesting the site",AI
113,"WHO AFRO Weekly Bulletin on Outbreaks and other Emergencies Week 16, 14-20 April 2025",https://iris.who.int/handle/10665/381235,,2025-01-07 to 2025-04-06,Surveillance,Active,Level 1,Pending,"Agent 5 conflict arbitration: systematic harvest of the AFRO weekly monitored-events table for every 2025 issue, weeks 04-34, to date the Jan-Apr 2025 Uganda cholera event",en,0,,"Agent 5 conflict arbitration: systematic harvest of the AFRO weekly monitored-events table for every 2025 issue, weeks 04-34, to date the Jan-Apr 2025 Uganda cholera event",AI
114,"UNIPH Cholera outbreak, Kasensero Town Council, Kyotera District, 8-17 May 2024 (response report)",https://uniph.go.ug/cholera-outbreak-kasensero-town-council-kyotera-district-8th-17th-may-2024/,,2024-04-26 to 2024-05-17,Surveillance,Active,Level 1,Pending,Agent 5 conflict 7 arbitration: harvested from uniph.go.ug/?s=cholera pages 1-5 via r.jina.ai; this is the second UNIPH article on the same Kasensero outbreak that Agent 2 flagged as disagreeing with row 75 on confirmations,en,0,,Agent 5 conflict 7 arbitration: harvested from uniph.go.ug/?s=cholera pages 1-5 via r.jina.ai; this is the second UNIPH article on the same Kasensero outbreak that Agent 2 flagged as disagreeing with row 75 on confirmations,AI
115,"Uganda's cholera elimination journey in a cholera endemic region of Africa (Bwire, Sack, Muruta, Olaro, Ocero, Atwine et al. 2026, PLOS Glob Public Health 6(5):e0006020)",https://journals.plos.org/globalpublichealth/article?id=10.1371/journal.pgph.0006020,,2012-2025,Surveillance,Active,Level 1,Pending,Agent 6 gap-context batch 3: 'Uganda cholera September 2026 outbreak Ministry of Health',en,0,,Agent 6 gap-context batch 3: 'Uganda cholera September 2026 outbreak Ministry of Health',AI
116,Uganda MoH Weekly Epidemiological Bulletin Week 1 2017 (2-8 January 2017),https://reliefweb.int/report/uganda/ministry-health-uganda-weekly-epidemiological-bulletin-week-1-2nd-8th-january-2017,"Ministry of Health Uganda weekly epidemiological bulletin, week 1 2017, mirrored on ReliefWeb (PDF attachment Week 1 2017.pdf). Table 1 gives national weekly priority-disease cases(deaths) for week 1 2016, week 52 2016 and week 1 2017; narrative names districts. Cholera: wk52 2016 = 4(0), wk1 2017 = 2(0) (Busia and Namayingo).",2016-12-26 to 2017-01-08,Weekly national surveillance bulletin (HMIS 033b / mTrac priority-disease table),Active,Level 1,Pending,"ReliefWeb site search: ""Weekly Epidemiological Bulletin"" Ministry of Health Uganda (Agent 1 cycle 2026-10-04, batch 1 Q20; PDF retrieved batch 2)",en,0,,"ReliefWeb site search: ""Weekly Epidemiological Bulletin"" Ministry of Health Uganda (Agent 1 cycle 2026-10-04, batch 1 Q20; PDF retrieved batch 2)",AI
117,Uganda MoH Weekly Epidemiological Bulletin Week 2 2017 (9-15 January 2017),https://reliefweb.int/report/uganda/ministry-health-uganda-weekly-epidemiological-bulletin-week-2-9th-15th-january-2017,"Ministry of Health Uganda weekly epidemiological bulletin, week 2 2017 (ReliefWeb mirror). Table 1 cholera: wk2 2016 36(2), wk1 2017 2(0), wk2 2017 6(0); narrative: 6 suspected cases from Namayingo district.",2017-01-02 to 2017-01-15,Weekly national surveillance bulletin (HMIS 033b / mTrac priority-disease table),Active,Level 1,Pending,"ReliefWeb site search: ""Weekly Epidemiological Bulletin"" Ministry of Health Uganda (Agent 1 cycle 2026-10-04, batch 1 Q20; PDF retrieved batch 2)",en,0,,"ReliefWeb site search: ""Weekly Epidemiological Bulletin"" Ministry of Health Uganda (Agent 1 cycle 2026-10-04, batch 1 Q20; PDF retrieved batch 2)",AI
118,Uganda MoH Weekly Epidemiological Bulletin Week 5 2017 (30 January-5 February 2017),https://reliefweb.int/report/uganda/ministry-health-uganda-weekly-epidemiological-bulletin-week-5-30th-january-5th,"Ministry of Health Uganda weekly epidemiological bulletin, week 5 2017 (ReliefWeb mirror). Table 1 cholera: wk5 2016 24(1), wk4 2017 0(0), wk5 2017 38(0); narrative: Namayingo 5, Nebbi 33; Nebbi suspected outbreak at Panyimur landing site reported 10 Feb 2017.",2017-01-23 to 2017-02-05,Weekly national surveillance bulletin (HMIS 033b / mTrac priority-disease table),Active,Level 1,Pending,"ReliefWeb site search: ""Weekly Epidemiological Bulletin"" Ministry of Health Uganda (Agent 1 cycle 2026-10-04, batch 1 Q20; PDF retrieved batch 2)",en,0,,"ReliefWeb site search: ""Weekly Epidemiological Bulletin"" Ministry of Health Uganda (Agent 1 cycle 2026-10-04, batch 1 Q20; PDF retrieved batch 2)",AI
119,Uganda MoH Weekly Epidemiological Bulletin Week 6 2017 (6-12 February 2017),https://reliefweb.int/report/uganda/ministry-health-uganda-weekly-epidemiological-bulletin-week-6-6th-february-12th,"Ministry of Health Uganda weekly epidemiological bulletin, week 6 2017 (ReliefWeb mirror). Table 1 cholera: wk6 2016 25(1), wk5 2017 38(0), wk6 2017 15(0); narrative: Namayingo 1, Nebbi 14.",2017-01-30 to 2017-02-12,Weekly national surveillance bulletin (HMIS 033b / mTrac priority-disease table),Active,Level 1,Pending,"ReliefWeb site search: ""Weekly Epidemiological Bulletin"" Ministry of Health Uganda (Agent 1 cycle 2026-10-04, batch 1 Q20; PDF retrieved batch 2)",en,0,,"ReliefWeb site search: ""Weekly Epidemiological Bulletin"" Ministry of Health Uganda (Agent 1 cycle 2026-10-04, batch 1 Q20; PDF retrieved batch 2)",AI
120,Uganda MoH Weekly Epidemiological Bulletin Week 7 2017 (13-19 February 2017),https://reliefweb.int/report/uganda/ministry-health-uganda-weekly-epidemiological-bulletin-week-7-13th-19th-february-2017,"Ministry of Health Uganda weekly epidemiological bulletin, week 7 2017 (ReliefWeb mirror). Table 1 cholera: wk7 2016 19(2), wk6 2017 15(0), wk7 2017 1(0); narrative: 1 suspected case from Nebbi.",2017-02-06 to 2017-02-19,Weekly national surveillance bulletin (HMIS 033b / mTrac priority-disease table),Active,Level 1,Pending,"ReliefWeb site search: ""Weekly Epidemiological Bulletin"" Ministry of Health Uganda (Agent 1 cycle 2026-10-04, batch 1 Q20; PDF retrieved batch 2)",en,0,,"ReliefWeb site search: ""Weekly Epidemiological Bulletin"" Ministry of Health Uganda (Agent 1 cycle 2026-10-04, batch 1 Q20; PDF retrieved batch 2)",AI
121,Uganda MoH Weekly Epidemiological Bulletin Week 8 2017 (20-26 February 2017),https://reliefweb.int/report/uganda/ministry-health-uganda-weekly-epidemiological-bulletin-week-8-20th-26th-february-2017,"Ministry of Health Uganda weekly epidemiological bulletin, week 8 2017 (ReliefWeb mirror). Table 1 cholera (column headers misprinted 'Week 7 2016 / Week 7 2017 / Week 8 2017'): 5(1), 1(0), 1(0); narrative: 1 suspected case from Nebbi.",2017-02-13 to 2017-02-26,Weekly national surveillance bulletin (HMIS 033b / mTrac priority-disease table),Active,Level 1,Pending,"ReliefWeb site search: ""Weekly Epidemiological Bulletin"" Ministry of Health Uganda (Agent 1 cycle 2026-10-04, batch 1 Q20; PDF retrieved batch 2)",en,0,,"ReliefWeb site search: ""Weekly Epidemiological Bulletin"" Ministry of Health Uganda (Agent 1 cycle 2026-10-04, batch 1 Q20; PDF retrieved batch 2)",AI
122,Uganda MoH Weekly Epidemiological Bulletin Week 10 2017 (6-12 March 2017),https://reliefweb.int/report/uganda/ministry-health-uganda-weekly-epidemiological-bulletin-week-10-06th-12th-march-2017,"Ministry of Health Uganda weekly epidemiological bulletin, week 10 2017 (ReliefWeb mirror). Table 1 cholera: wk10 2016 59(0), wk9 2017 0(0), wk10 2017 1(0); narrative: one suspect case from Nebbi.",2017-02-27 to 2017-03-12,Weekly national surveillance bulletin (HMIS 033b / mTrac priority-disease table),Active,Level 1,Pending,"ReliefWeb site search: ""Weekly Epidemiological Bulletin"" Ministry of Health Uganda (Agent 1 cycle 2026-10-04, batch 1 Q20; PDF retrieved batch 2)",en,0,,"ReliefWeb site search: ""Weekly Epidemiological Bulletin"" Ministry of Health Uganda (Agent 1 cycle 2026-10-04, batch 1 Q20; PDF retrieved batch 2)",AI
123,Uganda MoH Weekly Epidemiological Bulletin Week 9 2017 (27 February-5 March 2017),https://reliefweb.int/report/uganda/ministry-health-uganda-weekly-epidemiological-bulletin-week-9-27th-february-5th-march,"Ministry of Health Uganda weekly epidemiological bulletin, week 9 2017 (ReliefWeb mirror). Table 1 cholera: wk9 2016 1(0), wk8 2017 1(0), wk9 2017 0(0); narrative 'There were no suspected cholera cases reported across the country.' Used as corroboration of week 8; week 9 zero NOT entered (falls inside the Nebbi outbreak window of row 121).",2017-02-20 to 2017-03-05,Weekly national surveillance bulletin (HMIS 033b / mTrac priority-disease table),Active,Level 1,Pending,"ReliefWeb site search: ""Weekly Epidemiological Bulletin"" Ministry of Health Uganda (Agent 1 cycle 2026-10-04, batch 1 Q20; PDF retrieved batch 2)",en,0,,"ReliefWeb site search: ""Weekly Epidemiological Bulletin"" Ministry of Health Uganda (Agent 1 cycle 2026-10-04, batch 1 Q20; PDF retrieved batch 2)",AI
124,Uganda MoH Weekly Epidemiological Bulletin Week 11 2017 (13-19 March 2017),https://reliefweb.int/report/uganda/ministry-health-uganda-weekly-epidemiological-bulletin-week-11-13th-19th-march-2017,"Ministry of Health Uganda weekly epidemiological bulletin, week 11 2017 (ReliefWeb mirror). Table 1 cholera: wk11 2016 20(0), wk10 2017 1(0), wk11 2017 0(0); narrative 'Zero cholera cases were reported this week.' Used as corroboration of week 10; week 11 zero NOT entered (inside the Nebbi window of row 121).",2017-03-06 to 2017-03-19,Weekly national surveillance bulletin (HMIS 033b / mTrac priority-disease table),Active,Level 1,Pending,"ReliefWeb site search: ""Weekly Epidemiological Bulletin"" Ministry of Health Uganda (Agent 1 cycle 2026-10-04, batch 1 Q20; PDF retrieved batch 2)",en,0,,"ReliefWeb site search: ""Weekly Epidemiological Bulletin"" Ministry of Health Uganda (Agent 1 cycle 2026-10-04, batch 1 Q20; PDF retrieved batch 2)",AI
125,Uganda MoH Weekly Epidemiological Bulletin Week 1 2016 (28 December 2015-3 January 2016),https://reliefweb.int/report/uganda/ministry-health-uganda-weekly-epidemiological-bulletin-week-1-28th-dec-2015-3rd-jan,"Ministry of Health Uganda weekly epidemiological bulletin, week 1 2016 (ReliefWeb mirror, PDF 'week 1 2016.doc.pdf'). District cumulative narratives: Busia since Oct 2015 253 cases 7 deaths; Wakiso since Nov 2015 147 cases 6 deaths, contained by week 52; Kampala since Oct 2015 317 cases 8 deaths. All three are already in the JHU baseline (UID 5097 = this bulletin series). Used by Agent 1 to re-date AI row 20 (Nkoko Wakiso 2015) from an unattested Jan 2015 placement to Nov-Dec 2015.",2015-10-01 to 2016-01-03,Weekly national surveillance bulletin with district outbreak narratives,Active,Level 1,Pending,"ReliefWeb site search: ""Weekly Epidemiological Bulletin"" Ministry of Health Uganda (Agent 1 cycle 2026-10-04)",en,0,,"ReliefWeb site search: ""Weekly Epidemiological Bulletin"" Ministry of Health Uganda (Agent 1 cycle 2026-10-04)",AI
126,Uganda MoH Weekly Epidemiological Newsletter 1st Week of 2006 (week ending 1 January 2006),https://reliefweb.int/report/uganda/uganda-weekly-epidemiological-newsletter-1st-week-2006-week-ending-1st-january-2006,"Ministry of Health Uganda, Epidemiological Surveillance Division, Weekly Epidemiological Newsletter, 1st Week of 2006 (week ending 1 January 2006), mirrored on ReliefWeb (Govt. Uganda). Cholera in 3 districts: Hoima 10, Bundibugyo 5, Kampala 4 (district table cases(deaths): 10(0), 5(0), 4(0)).",2005-12-26 to 2006-01-01,Weekly national surveillance newsletter (MoH Epidemiological Surveillance Division; national summary table + district table cases(deaths)),Active,Level 1,Pending,"ReliefWeb advanced search (PC240) 2006 ""cholera"" and ""weekly epidemiological"" (Agent 1 cycle 2026-10-04, batch 3)",en,0,,"ReliefWeb advanced search (PC240) 2006 ""cholera"" and ""weekly epidemiological"" (Agent 1 cycle 2026-10-04, batch 3)",AI
127,Uganda MoH Weekly Epidemiological Newsletter 19th Week of 2006 (week ending 14 May 2006),https://reliefweb.int/report/uganda/uganda-weekly-epidemiological-newsletter-19th-week-2006-week-ending-14-may-2006,"Ministry of Health Uganda, Epidemiological Surveillance Division, Weekly Epidemiological Newsletter, 19th Week of 2006 (week ending 14 May 2006), mirrored on ReliefWeb (Govt. Uganda). Cholera in 4 reporting districts: Hoima 10(0), Bundibugyo 6(0), Kibaale 2(1), Arua 1(0); Kitgum did not submit its report.",2006-05-08 to 2006-05-14,Weekly national surveillance newsletter (MoH Epidemiological Surveillance Division; national summary table + district table cases(deaths)),Active,Level 1,Pending,"ReliefWeb advanced search (PC240) 2006 ""cholera"" and ""weekly epidemiological"" (Agent 1 cycle 2026-10-04, batch 3)",en,0,,"ReliefWeb advanced search (PC240) 2006 ""cholera"" and ""weekly epidemiological"" (Agent 1 cycle 2026-10-04, batch 3)",AI
128,Uganda MoH Weekly Epidemiological Newsletter 20th Week of 2006 (week ending 21 May 2006),https://reliefweb.int/report/uganda/uganda-weekly-epidemiological-newsletter-20th-week-2006-week-ending-21st-may-2006,"Ministry of Health Uganda, Epidemiological Surveillance Division, Weekly Epidemiological Newsletter, 20th Week of 2006 (week ending 21 May 2006), mirrored on ReliefWeb (Govt. Uganda). Cholera in 2 reporting districts: Bundibugyo 9, Hoima 6; Kitgum did not submit its report.",2006-05-15 to 2006-05-21,Weekly national surveillance newsletter (MoH Epidemiological Surveillance Division; national summary table + district table cases(deaths)),Active,Level 1,Pending,"ReliefWeb advanced search (PC240) 2006 ""cholera"" and ""weekly epidemiological"" (Agent 1 cycle 2026-10-04, batch 3)",en,0,,"ReliefWeb advanced search (PC240) 2006 ""cholera"" and ""weekly epidemiological"" (Agent 1 cycle 2026-10-04, batch 3)",AI
129,Uganda MoH Weekly Epidemiological Newsletter 21st Week of 2006 (week ending 28 May 2006),https://reliefweb.int/report/uganda/uganda-weekly-epidemiological-newsletter-21st-week-2006-week-ending-28-may-2006,"Ministry of Health Uganda, Epidemiological Surveillance Division, Weekly Epidemiological Newsletter, 21st Week of 2006 (week ending 28 May 2006), mirrored on ReliefWeb (Govt. Uganda). Cholera in 6 districts incl. Kitgum 57(3); boxed 'Cholera in Kitgum district - As reported by DDHS Office' weekly table weeks 15-21 of 2006 (1, 69, 45, 47, 204, 108, 57 cases; 0,0,0,0,1,4,3 deaths).",2006-04-10 to 2006-05-28,Weekly national surveillance newsletter (MoH Epidemiological Surveillance Division; national summary table + district table cases(deaths)),Active,Level 1,Pending,"ReliefWeb advanced search (PC240) 2006 ""cholera"" and ""weekly epidemiological"" (Agent 1 cycle 2026-10-04, batch 3)",en,0,,"ReliefWeb advanced search (PC240) 2006 ""cholera"" and ""weekly epidemiological"" (Agent 1 cycle 2026-10-04, batch 3)",AI
130,Uganda MoH Weekly Epidemiological Newsletter 23rd Week of 2006 (week ending 11 June 2006),https://reliefweb.int/report/uganda/uganda-weekly-epidemiological-newsletter-23rd-week-2006-week-ending-11-june-2006,"Ministry of Health Uganda, Epidemiological Surveillance Division, Weekly Epidemiological Newsletter, 23rd Week of 2006 (week ending 11 June 2006), mirrored on ReliefWeb (Govt. Uganda). National summary table Cholera Wk22 144, Wk23 133; district table Kitgum 83(1), Moyo 26(2), Bundibugyo 16(0), Pader 6(0), Hoima 2(0).",2006-05-29 to 2006-06-11,Weekly national surveillance newsletter (MoH Epidemiological Surveillance Division; national summary table + district table cases(deaths)),Active,Level 1,Pending,"ReliefWeb advanced search (PC240) 2006 ""cholera"" and ""weekly epidemiological"" (Agent 1 cycle 2026-10-04, batch 3)",en,0,,"ReliefWeb advanced search (PC240) 2006 ""cholera"" and ""weekly epidemiological"" (Agent 1 cycle 2026-10-04, batch 3)",AI
131,Uganda MoH Weekly Epidemiological Newsletter 24th Week of 2006 (week ending 18 June 2006),https://reliefweb.int/report/uganda/uganda-weekly-epidemiological-newsletter-24th-week-2006-week-ending-18-june-2006,"Ministry of Health Uganda, Epidemiological Surveillance Division, Weekly Epidemiological Newsletter, 24th Week of 2006 (week ending 18 June 2006), mirrored on ReliefWeb (Govt. Uganda). National summary table Cholera Wk23 133, Wk24 69; district table Kitgum 52, Bundibugyo 12, Moyo 2, Arua 1, Hoima 1, Pader 1 (no deaths).",2006-06-05 to 2006-06-18,Weekly national surveillance newsletter (MoH Epidemiological Surveillance Division; national summary table + district table cases(deaths)),Active,Level 1,Pending,"ReliefWeb advanced search (PC240) 2006 ""cholera"" and ""weekly epidemiological"" (Agent 1 cycle 2026-10-04, batch 3)",en,0,,"ReliefWeb advanced search (PC240) 2006 ""cholera"" and ""weekly epidemiological"" (Agent 1 cycle 2026-10-04, batch 3)",AI
132,Uganda MoH Weekly Epidemiological Newsletter 25th Week of 2006 (week ending 25 June 2006),https://reliefweb.int/report/uganda/uganda-weekly-epidemiological-newsletter-25th-week-2006-week-ending-25-june-2006,"Ministry of Health Uganda, Epidemiological Surveillance Division, Weekly Epidemiological Newsletter, 25th Week of 2006 (week ending 25 June 2006), mirrored on ReliefWeb (Govt. Uganda). National summary table Cholera Wk24 69, Wk25 72; district table Kitgum 51(0), Bundibugyo 11(1), Adjumani 5(2), Moyo 5(0).",2006-06-12 to 2006-06-25,Weekly national surveillance newsletter (MoH Epidemiological Surveillance Division; national summary table + district table cases(deaths)),Active,Level 1,Pending,"ReliefWeb advanced search (PC240) 2006 ""cholera"" and ""weekly epidemiological"" (Agent 1 cycle 2026-10-04, batch 3)",en,0,,"ReliefWeb advanced search (PC240) 2006 ""cholera"" and ""weekly epidemiological"" (Agent 1 cycle 2026-10-04, batch 3)",AI
133,Uganda MoH Weekly Epidemiological Newsletter 26th Week of 2006 (week ending 2 July 2006),https://reliefweb.int/report/uganda/uganda-weekly-epidemiological-newsletter-26th-week-2006-week-ending-2-july-2006,"Ministry of Health Uganda, Epidemiological Surveillance Division, Weekly Epidemiological Newsletter, 26th Week of 2006 (week ending 2 July 2006), mirrored on ReliefWeb (Govt. Uganda). National summary table Cholera Wk25 72, Wk26 72; district table Kitgum 39(0), Adjumani 14(3), Gulu 9(1), Bundibugyo 5(0), Moyo 4(0), Pader 1(0).",2006-06-19 to 2006-07-02,Weekly national surveillance newsletter (MoH Epidemiological Surveillance Division; national summary table + district table cases(deaths)),Active,Level 1,Pending,"ReliefWeb advanced search (PC240) 2006 ""cholera"" and ""weekly epidemiological"" (Agent 1 cycle 2026-10-04, batch 3)",en,0,,"ReliefWeb advanced search (PC240) 2006 ""cholera"" and ""weekly epidemiological"" (Agent 1 cycle 2026-10-04, batch 3)",AI
134,Uganda MoH Weekly Epidemiological Newsletter 27th Week of 2006 (week ending 9 July 2006),https://reliefweb.int/report/uganda/uganda-weekly-epidemiological-newsletter-27th-week-2006-week-ending-9-july-2006,"Ministry of Health Uganda, Epidemiological Surveillance Division, Weekly Epidemiological Newsletter, 27th Week of 2006 (week ending 9 July 2006), mirrored on ReliefWeb (Govt. Uganda). National summary table (headers misprinted 'Wk 25 Wk 26') Cholera 72, 68 = weeks 26 and 27; district table Kitgum 34, Adjumani 15, Moyo 12, Bundibugyo 6, Pader 1 (no deaths).",2006-06-26 to 2006-07-09,Weekly national surveillance newsletter (MoH Epidemiological Surveillance Division; national summary table + district table cases(deaths)),Active,Level 1,Pending,"ReliefWeb advanced search (PC240) 2006 ""cholera"" and ""weekly epidemiological"" (Agent 1 cycle 2026-10-04, batch 3)",en,0,,"ReliefWeb advanced search (PC240) 2006 ""cholera"" and ""weekly epidemiological"" (Agent 1 cycle 2026-10-04, batch 3)",AI
135,"IFRC Uganda: Epidemics Emergency Appeal No. MDRUG010 (cholera eastern Uganda and hepatitis E, 10 July 2008)",https://reliefweb.int/report/uganda/uganda-epidemics-emergency-appeal-no-mdrug010,"IFRC/Uganda Red Cross emergency appeal. Table 1 'Cholera cases and locations affected' as of 27 June 2008: Mbale 106 cases 9 deaths, Pallisa 148/8, Butaleja 80/6, Manafwa 36/5 (four-district total 370/28; five districts incl. Tororo 'over 388 cases, 28 deaths'). Onset dates: Mbale 2 May, Pallisa 27 May, Butaleja 29 May 2008.",2008-05-02 to 2008-06-27,Humanitarian appeal with district cholera table,Active,Level 2,Pending,"ReliefWeb advanced search (PC240) 2008 cholera (Agent 1 cycle 2026-10-04, batch 3)",en,0,,"ReliefWeb advanced search (PC240) 2008 cholera (Agent 1 cycle 2026-10-04, batch 3)",AI
136,"WHO Health Action in Crisis Uganda: Weekly Epidemiological Report - Week 32, 4-10 August 2008",https://reliefweb.int/report/uganda/uganda-health-action-crisis-weekly-epidemiological-report-week-32-4-10-aug-2008,"WHO HAC Uganda weekly epidemiological report wk32 2008: 'The epidemic outbreak of cholera is now under control. In epi-week 32, only 3 suspected cases (2 Mbale and 1 Pallisa district) with no deaths were registered. As of 13th August 2008 the cumulative total number of cases was 532 with 31 deaths (CFR 5.8%)' - eastern Uganda epidemic.",2008-05-02 to 2008-08-13,WHO country office weekly epidemiological report (northern/eastern Uganda IDSR),Active,Level 1,Pending,"ReliefWeb advanced search (PC240) 'weekly epidemiological' 2008 (Agent 1 cycle 2026-10-04, batch 3)",en,0,,"ReliefWeb advanced search (PC240) 'weekly epidemiological' 2008 (Agent 1 cycle 2026-10-04, batch 3)",AI
137,"Uganda Red Cross Society: Cholera kills four, infects 43 in Kibaale District (21 May 2008)",https://reliefweb.int/report/uganda/uganda-cholera-kills-four-infects-43-kibaale-district,"URCS Kibaale branch: cholera broke out 17 May 2008 at Lake Albert fish landing sites (Kitebere, Kabukanga, Kamina, Kamulebe, Nguse); 43 infected, 4 dead.",2008-05-17 to 2008-05-21,National Red Cross society field report,Active,Level 2,Pending,"ReliefWeb advanced search (PC240) 2008 cholera (Agent 1 cycle 2026-10-04, batch 3)",en,0,,"ReliefWeb advanced search (PC240) 2008 cholera (Agent 1 cycle 2026-10-04, batch 3)",AI
138,Uganda Red Cross Society: Cholera outbreak confirmed in Butaleja district (16 June 2008),https://reliefweb.int/report/uganda/uganda-cholera-outbreak-confirmed-butaleja-district,"URCS Tororo branch: Butaleja first suspect case 29 May 2008, confirmed 30 May at Busolwe hospital; by 9 June 2008, 36 cases and 4 deaths. Corroborates the IFRC MDRUG010 Butaleja figure (80/6 by 27 June).",2008-05-29 to 2008-06-09,National Red Cross society field report,Active,Level 2,Pending,"ReliefWeb advanced search (PC240) 2008 cholera (Agent 1 cycle 2026-10-04, batch 3)",en,0,,"ReliefWeb advanced search (PC240) 2008 cholera (Agent 1 cycle 2026-10-04, batch 3)",AI
139,WHO Disease Outbreak News: Cholera in Uganda (19 May 2003) - Bundibugyo March-April 2003,https://reliefweb.int/report/uganda/disease-outbreak-reported-cholera-uganda,"WHO DON 19 May 2003 (ReliefWeb mirror): 'As of 30 April 2003, the Ugandan Ministry of Public Health has reported a total of 277 cases with 35 deaths in March and April 2003 in Bundibugyo district, with most cases located along the Semliki and Lamia rivers.' V. cholerae O1 El Tor Ogawa confirmed. Corroborated by IRIN 26 Mar 2003 (235 cases, 23 deaths in Bundibugyo over the past month).",2003-03-01 to 2003-04-30,WHO Disease Outbreak News,Active,Level 1,Pending,"ReliefWeb advanced search (PC240)_(DA2003) cholera (Agent 1 cycle 2026-10-04, batch 4)",en,0,,"ReliefWeb advanced search (PC240)_(DA2003) cholera (Agent 1 cycle 2026-10-04, batch 4)",AI
140,"WHO Uganda: Update on cholera outbreak in Pabbo IDP camp, Gulu district (10 November 2004)",https://reliefweb.int/report/uganda/uganda-update-cholera-outbreak-pabbo-idp-camp-gulu-district,"WHO Uganda update: index case developed profuse diarrhoea on the night of 7/10/2004 and died the next day in Pabbo HC III; 'As of today, October 28, 2004 a total 56 patients have been documented as having suffered from cholera with 3 deaths, 10 receiving treatment and 43 discharged.'",2004-10-07 to 2004-10-28,WHO country office outbreak update,Active,Level 1,Pending,"ReliefWeb advanced search (PC240)_(DA2004) cholera (Agent 1 cycle 2026-10-04, batch 4)",en,0,,"ReliefWeb advanced search (PC240)_(DA2004) cholera (Agent 1 cycle 2026-10-04, batch 4)",AI
141,"Xinhua: New cholera outbreak reported in parts of Uganda (11 February 2005, MoH Commissioner for Community Health)",https://reliefweb.int/report/uganda/new-cholera-outbreak-reported-parts-uganda,"Xinhua (via ReliefWeb) quoting Dr Sam Okware, MoH: outbreak in six districts (Kasese, Bundibugyo, Kabarole, Hoima, Busia, Gulu); Busia 10 cases, 2 deaths in the last two weeks, first case 21 January 2005 in Buhehe sub-county 'after six years of no case'; Hoima 10 cases among Congolese refugees; Gulu Palabong IDP camp 6 new cases; 'About 200 cases were contained in this camp in August and December 2004'.",2005-01-21 to 2005-02-11,News wire quoting Ministry of Health,Active,Level 3,Pending,"ReliefWeb advanced search (PC240)_(DA2005) cholera (Agent 1 cycle 2026-10-04, batch 4)",en,0,,"ReliefWeb advanced search (PC240)_(DA2005) cholera (Agent 1 cycle 2026-10-04, batch 4)",AI
142,IRIN: Poor sanitation hampering fight against cholera in IDP camps (28 June 2005) - Gulu and Arua,https://reliefweb.int/report/uganda/uganda-poor-sanitation-hampering-fight-against-cholera-idp-camps,"IRIN 28 Jun 2005: cholera outbreak 'that has killed five people in Gulu district and infected 449 others' (Pabbo IDP camp 382 cases, Amuru camp 35); Arua 123 cases, 10 deaths over the past two weeks. Related IRIN items: 12 Apr 2005 (Gulu camp 25 cases, 2 deaths), 16 Jun 2005 (Pabbo 309 cases, 3 deaths since April; Jonam County, Nebbi 117 cases, 3 deaths).",2005-04-01 to 2005-06-27,UN OCHA IRIN news report quoting district health officials,Active,Level 2,Pending,"ReliefWeb advanced search (PC240)_(DA2005) cholera (Agent 1 cycle 2026-10-04, batch 4)",en,0,,"ReliefWeb advanced search (PC240)_(DA2005) cholera (Agent 1 cycle 2026-10-04, batch 4)",AI
143,"OCHA Humanitarian Update - Uganda, Volume I, Issue 8 (21 October 1999) - MoH Cholera Update of 10 October 1999",https://reliefweb.int/report/uganda/humanitarian-update-uganda-volume-i-issue-8,"Quotes the MoH Cholera Update (10 Oct 1999): national cumulative since 1 Jan 1999 = 4,397 cases, 200 deaths, up from 3,720 (162 deaths) as of 31 Aug 1999; Kasese (Bukonjo County) 248 cases in the last half of September 1999.",1999-01-01 to 1999-10-10,UN OCHA humanitarian update quoting Ministry of Health cholera reports,Active,Level 2,Pending,"ReliefWeb advanced search (C240) ""Humanitarian Update"" Uganda 1999-2004, 58 issues scanned (Agent 1 cycle 2026-10-04, batch 4)",en,0,,"ReliefWeb advanced search (C240) ""Humanitarian Update"" Uganda 1999-2004, 58 issues scanned (Agent 1 cycle 2026-10-04, batch 4)",AI
144,"OCHA Humanitarian Update - Uganda, Volume II, Issue 1 (24 January 2000) - MoH cholera report of 2 January 2000",https://reliefweb.int/report/uganda/humanitarian-update-uganda-volume-ii-issue-1,"Quotes the latest MoH report (2 Jan 2000): national cumulative since 1 Jan 1999 = 5,129 cases, 228 deaths as of 2 Jan 2000, up from 4,914 (226 deaths) as of 5 Dec 1999; Eastern Region zero cases for 18 weeks.",1999-01-01 to 2000-01-02,UN OCHA humanitarian update quoting Ministry of Health cholera reports,Active,Level 2,Pending,"ReliefWeb advanced search (C240) ""Humanitarian Update"" Uganda 1999-2004, 58 issues scanned (Agent 1 cycle 2026-10-04, batch 4)",en,0,,"ReliefWeb advanced search (C240) ""Humanitarian Update"" Uganda 1999-2004, 58 issues scanned (Agent 1 cycle 2026-10-04, batch 4)",AI
145,"OCHA Humanitarian Update - Uganda, Volume II, Issue 2 (18 February 2000) - MoH cholera report of 16 January 2000",https://reliefweb.int/report/democratic-republic-congo/humanitarian-update-uganda-volume-ii-issue-2,"Quotes the latest MoH report (16 Jan 2000): 67 cases with 4 deaths since the beginning of 2000; districts still reporting: Arua, Kisoro, Kabarole, Kasese; 1999 total 5,179 cases, 228 deaths.",2000-01-01 to 2000-01-16,UN OCHA humanitarian update quoting Ministry of Health cholera reports,Active,Level 2,Pending,"ReliefWeb advanced search (C240) ""Humanitarian Update"" Uganda 1999-2004, 58 issues scanned (Agent 1 cycle 2026-10-04, batch 4)",en,0,,"ReliefWeb advanced search (C240) ""Humanitarian Update"" Uganda 1999-2004, 58 issues scanned (Agent 1 cycle 2026-10-04, batch 4)",AI
146,"OCHA Humanitarian Update - Uganda, Volume II, Issue 3 (12 April 2000) - Cholera Update",https://reliefweb.int/report/uganda/humanitarian-update-uganda-volume-ii-issue-3,"Cholera Update: 1,022 cases, 58 deaths since the beginning of 2000 in 11 districts (Kisoro, Kabarole, Kampala, Rukungiri, Hoima, Bundibugyo, Bushenyi, Kasese, Masindi, Arua, Nebbi); week beginning 13 March 2000: 203 cases, 22 deaths (Bundibugyo, Hoima, Kasese, Masindi 162 = 80%).",2000-01-01 to 2000-03-19,UN OCHA humanitarian update quoting Ministry of Health cholera reports,Active,Level 2,Pending,"ReliefWeb advanced search (C240) ""Humanitarian Update"" Uganda 1999-2004, 58 issues scanned (Agent 1 cycle 2026-10-04, batch 4)",en,0,,"ReliefWeb advanced search (C240) ""Humanitarian Update"" Uganda 1999-2004, 58 issues scanned (Agent 1 cycle 2026-10-04, batch 4)",AI
147,"OCHA Humanitarian Update - Uganda, Volume II, Issue 4 (6 June 2000) - MoH Cholera Update and Bundibugyo",https://reliefweb.int/report/uganda/humanitarian-update-uganda-volume-ii-issue-4,"MoH report: 2,052 cases, 139 deaths since the beginning of 2000, up from 1,022/58; week ending 14 May 2000: 101 cases, 6 deaths; Bundibugyo (district medical authorities): 76 new cases, 5 deaths 27 Apr-9 May, total 303 cases and 22 deaths since 27 Feb 2000; Arua 36 cases (50% from DRC).",2000-01-01 to 2000-05-14,UN OCHA humanitarian update quoting Ministry of Health cholera reports,Active,Level 2,Pending,"ReliefWeb advanced search (C240) ""Humanitarian Update"" Uganda 1999-2004, 58 issues scanned (Agent 1 cycle 2026-10-04, batch 4)",en,0,,"ReliefWeb advanced search (C240) ""Humanitarian Update"" Uganda 1999-2004, 58 issues scanned (Agent 1 cycle 2026-10-04, batch 4)",AI
148,"OCHA Humanitarian Update - Uganda, Volume II, Issue 5 (14 July 2000) - MoH Cholera Update as of 2 July 2000",https://reliefweb.int/report/uganda/humanitarian-update-uganda-volume-ii-issue-5,"MoH: as of 2 July 2000, 2,790 cases with 152 deaths since the beginning of 2000; week of 2 July: 33 cases, 4 deaths; Eastern region zero cases all year.",2000-01-01 to 2000-07-02,UN OCHA humanitarian update quoting Ministry of Health cholera reports,Active,Level 2,Pending,"ReliefWeb advanced search (C240) ""Humanitarian Update"" Uganda 1999-2004, 58 issues scanned (Agent 1 cycle 2026-10-04, batch 4)",en,0,,"ReliefWeb advanced search (C240) ""Humanitarian Update"" Uganda 1999-2004, 58 issues scanned (Agent 1 cycle 2026-10-04, batch 4)",AI
149,"OCHA Humanitarian Update - Uganda, Volume II, Issue 6 (18 August 2000) - MoH Cholera Update as of 23 July 2000",https://reliefweb.int/report/uganda/humanitarian-update-uganda-volume-ii-issue-6,"MoH: week of 23 July 2000: 43 cases, 2 deaths (Bundibugyo 27 with 2 deaths, Hoima 14, Kabarole 2). The cumulative printed in the same paragraph ('5179 cases with 228 deaths ... since the beginning of 2000') is identical to the 1999 annual total and is a transcription error - NOT used.",2000-07-17 to 2000-07-23,UN OCHA humanitarian update quoting Ministry of Health cholera reports,Active,Level 2,Pending,"ReliefWeb advanced search (C240) ""Humanitarian Update"" Uganda 1999-2004, 58 issues scanned (Agent 1 cycle 2026-10-04, batch 4)",en,0,,"ReliefWeb advanced search (C240) ""Humanitarian Update"" Uganda 1999-2004, 58 issues scanned (Agent 1 cycle 2026-10-04, batch 4)",AI
150,"OCHA Humanitarian Update Uganda Oct 2004 Volume VI, Issue X - Gulu cholera update as of 5 November 2004",https://reliefweb.int/report/uganda/humanitarian-update-uganda-oct-2004-volume-vi-issue-x,"Gulu (Pabbo IDP camp) cholera: cumulative 93 since first cases confirmed in early October 2004, three deaths; MSF-Swiss CTC opened 1 Nov 2004.",2004-10-07 to 2004-11-05,UN OCHA humanitarian update quoting Ministry of Health cholera reports,Active,Level 2,Pending,"ReliefWeb advanced search (C240) ""Humanitarian Update"" Uganda 1999-2004, 58 issues scanned (Agent 1 cycle 2026-10-04, batch 4)",en,0,,"ReliefWeb advanced search (C240) ""Humanitarian Update"" Uganda 1999-2004, 58 issues scanned (Agent 1 cycle 2026-10-04, batch 4)",AI
151,"OCHA Humanitarian Update Uganda Nov-Dec 2004 Volume VI, Issues XI and XII - Gulu cholera update",https://reliefweb.int/report/uganda/humanitarian-update-uganda-nov-dec-2004-volume-vi-issues-xi-and-xii,"Gulu: 'The cumulative cholera caseload for Pabbo is currently 203, while the number of camps affected by cholera has risen to 7 camps - Amuru, Olwal, Lacor Seminary, Atiak, Obia West, Akilok and Kasubi'; MSF-Swiss handed over the Pabbo CTC to the DDHS on 16 Dec 2004.",2004-10-07 to 2004-12-31,UN OCHA humanitarian update quoting Ministry of Health cholera reports,Active,Level 2,Pending,"ReliefWeb advanced search (C240) ""Humanitarian Update"" Uganda 1999-2004, 58 issues scanned (Agent 1 cycle 2026-10-04, batch 4)",en,0,,"ReliefWeb advanced search (C240) ""Humanitarian Update"" Uganda 1999-2004, 58 issues scanned (Agent 1 cycle 2026-10-04, batch 4)",AI
152,WHO Uganda Health Action in Crisis: Bi-monthly update 10-31 May 2007 (Kotido 2006 cholera outbreak),https://reliefweb.int/report/uganda/uganda-health-action-crisis-bi-monthly-update-10-31-may,"WHO HAC Uganda bi-monthly update (May 2007): 'there is a high risk of cholera outbreak in Nakapiripirit District and in Kotido district, which has had perennial outbreaks associated with the rainy seasons. Between May & June 2006, Kotido district experienced a cholera outbreak with a cumulative number of 326 cases and 4 deaths (CFR 1.2%).' Also: field investigation of suspected cholera in Nakapiripirit (Karita, Loroo) in May 2007; Kacheliba (Kenya) outbreak on the Nakapiripirit border. CONTRADICTS the Karamoja 1998-2010 absence rows built on Cummings et al. 2012.",2006-05-01 to 2007-05-31,WHO country office health-cluster update,Active,Level 1,Pending,"ReliefWeb advanced search (PC240)_(DA2007) cholera, sentence scan (Agent 1 cycle 2026-10-04, batch 5)",en,0,,"ReliefWeb advanced search (PC240)_(DA2007) cholera, sentence scan (Agent 1 cycle 2026-10-04, batch 5)",AI
153,"OCHA Humanitarian Update Uganda Volume 1, Issue 3 (21 May 1999) - Cholera Update to 11 May 1999",https://reliefweb.int/report/uganda/humanitarian-update-uganda-volume-1-issue-3,"Cholera Update: 'A total of 1,625 cases have been reported for 1999 (up to May 11). Currently the most affected District is Mbale with 239 cases and 13 deaths reported since 10 February. An additional 11 Districts have reported new cases of cholera in 1999 (Bundibugyo, Kasese, Kibaale, Rakai, Kampala, Bugiri, Arua, Nebbi, Kotido, Moroto and Pallisa).' Names Kotido and Moroto as reporting cholera in 1999 - CONTRADICTS the Karamoja absence rows 1998-2010.",1999-01-01 to 1999-05-11,UN OCHA humanitarian update quoting the National Cholera Task Force / MoH,Active,Level 2,Pending,"ReliefWeb advanced search (C240) 'Humanitarian Update' Uganda 1999 (Agent 1 cycle 2026-10-04, batch 4 enumeration; extracted batch 5)",en,0,,"ReliefWeb advanced search (C240) 'Humanitarian Update' Uganda 1999 (Agent 1 cycle 2026-10-04, batch 4 enumeration; extracted batch 5)",AI
154,"IRIN: Rare cholera bacteria strain kills 56 (5 August 2005, Ministry of Health statement)",https://reliefweb.int/report/uganda/uganda-rare-cholera-bacteria-strain-kills-56,"MoH statement via IRIN: 'It has affected eleven districts with a total of 2,200 cases and 56 deaths since the beginning of the epidemic' (past four months); 'cases of cholera were still being reported in the northern districts of Arua, Nebbi, Gulu and Kotido as late as July'. The national 2,200/56 is single-source (>1000, corroboration rule) and was NOT entered as a row.",2005-04-01 to 2005-08-05,UN OCHA IRIN news report quoting a Ministry of Health statement,Active,Level 2,Pending,"ReliefWeb advanced search (PC240)_(DA2005) cholera (Agent 1 cycle 2026-10-04, batch 4)",en,0,,"ReliefWeb advanced search (PC240)_(DA2005) cholera (Agent 1 cycle 2026-10-04, batch 4)",AI
155,OCHA Uganda Humanitarian Situation Report Dec 2006 - Jan 2007 (WHO cholera figures by district),https://reliefweb.int/report/uganda/uganda-humanitarian-situation-report-dec-2006-jan-2007,"Cholera outbreak section (WHO figures): Kitgum 1,670 cumulative cases, 31 deaths since April 2006; Kampala 1,057 cases, 11 deaths by 31 Jan 2007; Pader 145 cases, 15 deaths (CFR 10.3%) since June 2006; Gulu/Amuru cumulative 45 since June 2006.",2006-04-01 to 2007-01-31,UN OCHA situation report quoting WHO,Active,Level 2,Pending,"ReliefWeb advanced search (PC240)_(DA2007) cholera, sentence scan (Agent 1 cycle 2026-10-04, batch 5)",en,0,,"ReliefWeb advanced search (PC240)_(DA2007) cholera, sentence scan (Agent 1 cycle 2026-10-04, batch 5)",AI
156,"IRIN: Uganda cholera warning as heavy rains predicted (9 March 2012, Health Minister / MoH alert of 7 March)",https://reliefweb.int/report/uganda/cholera-warning-heavy-rains-predicted,"'A cholera outbreak in Uganda that has claimed eight lives among 280 cases since 14 February'; MoH alert of 7 March 2012: 280 cases in Kasese, Buliisa, Mbale, Bududa and Sironko, also Pallisa, Butaleja and Manafwa.",2012-02-14 to 2012-03-07,UN OCHA IRIN news report quoting the Minister of Health and a MoH alert,Active,Level 2,Pending,"ReliefWeb advanced search (PC240)_(DA2012) cholera (Agent 1 cycle 2026-10-04, batch 5)",en,0,,"ReliefWeb advanced search (PC240)_(DA2012) cholera (Agent 1 cycle 2026-10-04, batch 5)",AI
157,WHO AFRO: Uganda Cholera (Situation as of 31 March 2012) map and event description,https://reliefweb.int/map/uganda/uganda-cholera-situation-31-march-2012,"'A total of 724 cases and 28 deaths (CFR: 4%) were reported from six districts' - Mbale, Sironko, Bududa (East), Kasese, Buliisa (West), Nebbi (West Nile); 'Between the months of February and March 2012 a cumulative of 358 cases with 18 deaths (CFR = 5.0%) has been registered from the districts of Mbale, Sironko, Buliisa, Bududa and Nebbi. In Kasese district a cumulative of 366 cases including 10 deaths (CFR = 2.7%) have been registered as of March 2012.' V. cholerae O1 El Tor Inaba (CPHL).",2011-10-21 to 2012-03-31,WHO AFRO Disease Surveillance and Response Programme situation map,Active,Level 1,Pending,"ReliefWeb advanced search (PC240)_(DA2012) cholera (Agent 1 cycle 2026-10-04, batch 5)",en,0,,"ReliefWeb advanced search (PC240)_(DA2012) cholera (Agent 1 cycle 2026-10-04, batch 5)",AI
158,IFRC Uganda: Cholera Outbreak in Mbale District DREF operation MDRUG025 Final Report (12 October 2012),https://reliefweb.int/report/uganda/uganda-cholera-outbreak-mbale-district-dref-operation-n%C2%B0-mdrug025-final-report,"Mbale municipality outbreak confirmed 16 Feb 2012 (26 cases, 2 deaths initially); cumulative 555 cases, 30 deaths by 30 July 2012. Table 1: Mbale 314/22; Bududa 183/6 (first cases 29 Feb 2012); Sironko 58/2 (first reported 24 Feb, first ill 21 Feb 2012); Manafwa 18/0 (counted under Bududa 17 and Mbale 1).",2012-02-16 to 2012-07-30,IFRC DREF final report with district cholera table,Active,Level 2,Pending,"ReliefWeb advanced search (PC240)_(DA2012) cholera (Agent 1 cycle 2026-10-04, batch 5)",en,0,,"ReliefWeb advanced search (PC240)_(DA2012) cholera (Agent 1 cycle 2026-10-04, batch 5)",AI
159,IFRC Uganda: Cholera DREF operation MDRUG026 Final Report (20 November 2012) - Lake Albert districts,https://reliefweb.int/report/uganda/uganda-cholera-dref-operation-n%C2%B0-mdrug026-final-report,"Outbreak confirmed mid-April 2012 in Nebbi, Buliisa, Hoima and Kibaale (477 infected, 2 deaths); first case in Nebbi late March 2012; 'In mid July, the Ministry of Health (MOH) reported that the cumulative number of persons infected had risen to 3,787 with 58 deaths' - Table 1: Nebbi 1,532/26, Buliisa 949/7, Hoima 958/21, Kibaale 348/4.",2012-03-21 to 2012-07-15,IFRC DREF final report quoting MoH district cumulatives,Active,Level 2,Pending,"ReliefWeb advanced search (PC240)_(DA2012) cholera (Agent 1 cycle 2026-10-04, batch 5)",en,0,,"ReliefWeb advanced search (PC240)_(DA2012) cholera (Agent 1 cycle 2026-10-04, batch 5)",AI
160,IFRC Uganda/Kasese: Cholera DREF operation MDRUG014 Final Report (29 October 2009) - Kasese and Busia 2009,https://reliefweb.int/report/uganda/ugandakasese-cholera-dref-operation-no-mdrug014-final-report,"Kasese outbreak confirmed by MoH originating from Karambi sub-county on 8 March 2009, spreading to Nyakiyumbu, Kitholhu, Ihandiro, Bwera: 'A total of 368 cumulative cases were registered with 8 deaths' over the operation (DREF allocated 8 Apr 2009, completed mid-June 2009); Busia: 'by 9 August 2009 a cumulative number of 88 cases were recorded ... with a cumulative death of 9 patients (CFR 10.2 percent)'.",2009-03-08 to 2009-08-09,IFRC DREF final report,Active,Level 2,Pending,"ReliefWeb advanced search (PC240)_(DA2009) cholera (Agent 1 cycle 2026-10-04, batch 5)",en,0,,"ReliefWeb advanced search (PC240)_(DA2009) cholera (Agent 1 cycle 2026-10-04, batch 5)",AI
161,Uganda Red Cross Society: Cholera breaks out in Rukungiri District (5 August 2011),https://reliefweb.int/report/uganda/cholera-breaks-out-rukungiri-district,"'Cholera has reportedly broken out at Rweshama Landing Site on Lake Edward in Rweshama parish, Bwambara Sub Country, Rukungiri District affecting 13 people. Of the 13, two have been reported dead.' Dates the Nkoko 2017 Rukungiri 2011 outbreak (Bwambara SC, Rwenshama parish) to August 2011.",2011-08-01 to 2011-08-05,National Red Cross society field report,Active,Level 2,Pending,"ReliefWeb advanced search (PC240)_(DA2011) cholera (Agent 1 cycle 2026-10-04, batch 5)",en,0,,"ReliefWeb advanced search (PC240)_(DA2011) cholera (Agent 1 cycle 2026-10-04, batch 5)",AI
162,"IFRC Uganda: Cholera Epidemic DREF operation MDRUG024 (23 November 2011) - Kasese, Kayanja landing site",https://reliefweb.int/report/uganda/cholera-epidemic-dref-operation-no-mdrug024,"'On 21st October 2011, a new episode of cholera outbreak was reported at Kayanja landing site at the shore of Lake Edward - Nyakiyumbu Sub-County ... initially infecting 13 people and causing 4 deaths ... a cumulative total of 78 people and 7 deaths so far recorded by 7 November 2011.' Dates the Nkoko 2017 Kasese 2011 outbreak (Nyakiyumbu SC, Kayanja parish) to October-December 2011.",2011-10-21 to 2011-11-07,IFRC DREF operation document,Active,Level 2,Pending,"ReliefWeb advanced search (PC240)_(DA2011) cholera (Agent 1 cycle 2026-10-04, batch 5)",en,0,,"ReliefWeb advanced search (PC240)_(DA2011) cholera (Agent 1 cycle 2026-10-04, batch 5)",AI
163,WHO AFRO Weekly Bulletin on Outbreaks and other Emergencies Week 36 2026 (31 August-6 September 2026),https://iris.who.int/handle/10665/387727,"OEW36-310806092026.pdf (16 pp., IRIS bitstream 91ec53ce-c1f7-456e-98a6-0fe985aefb88, published on IRIS 30 Sep 2026). 'All events currently being monitored' table: Uganda listed for Anthrax (ungraded) and Mpox (Grade 3) only; cholera events listed for Angola, Burundi, Chad, DRC, Mozambique, Namibia, Rwanda, South Africa and South Sudan. Retrieved via the IRIS DSpace REST API through the r.jina.ai text proxy.",2026-08-29 to 2026-09-06,"WHO AFRO weekly bulletin, all-events table",Active,Level 1,Pending,"IRIS DSpace REST search 'Weekly Bulletin on Outbreak and other Emergencies September 2026' via r.jina.ai (Agent 1 cycle 2026-10-04, batch 5)",en,0,,"IRIS DSpace REST search 'Weekly Bulletin on Outbreak and other Emergencies September 2026' via r.jina.ai (Agent 1 cycle 2026-10-04, batch 5)",AI
