iso_code,year,iso_week,week_start,week_end,sCh,deaths,source,confidence_weight,disaggregation_method
COG,1977,52,1977-12-26,1978-01-01,0.8367,0.2297,JHU,0.7,fourier_country
COG,1978,1,1978-01-02,1978-01-08,0.9005,0.2472,JHU,0.7,fourier_country
COG,1978,2,1978-01-09,1978-01-15,0.9674,0.2656,JHU,0.7,fourier_country
COG,1978,3,1978-01-16,1978-01-22,1.0313,0.2831,JHU,0.7,fourier_country
COG,1978,4,1978-01-23,1978-01-29,1.0863,0.2982,JHU,0.7,fourier_country
COG,1978,5,1978-01-30,1978-02-05,1.127,0.3094,JHU,0.7,fourier_country
COG,1978,6,1978-02-06,1978-02-12,1.1492,0.3155,JHU,0.7,fourier_country
COG,1978,7,1978-02-13,1978-02-19,1.1497,0.3156,JHU,0.7,fourier_country
COG,1978,8,1978-02-20,1978-02-26,1.1267,0.3093,JHU,0.7,fourier_country
COG,1978,9,1978-02-27,1978-03-05,1.0801,0.2965,JHU,0.7,fourier_country
COG,1978,10,1978-03-06,1978-03-12,1.0112,0.2776,JHU,0.7,fourier_country
COG,1978,11,1978-03-13,1978-03-19,0.9231,0.2534,JHU,0.7,fourier_country
COG,1978,12,1978-03-20,1978-03-26,0.8199,0.2251,JHU,0.7,fourier_country
COG,1978,13,1978-03-27,1978-04-02,0.7071,0.1941,JHU,0.7,fourier_country
COG,1978,14,1978-04-03,1978-04-09,0.591,0.1622,JHU,0.7,fourier_country
COG,1978,15,1978-04-10,1978-04-16,0.4782,0.1313,JHU,0.7,fourier_country
COG,1978,16,1978-04-17,1978-04-23,0.3754,0.1031,JHU,0.7,fourier_country
COG,1978,17,1978-04-24,1978-04-30,0.2892,0.0794,JHU,0.7,fourier_country
COG,1978,18,1978-05-01,1978-05-07,0.2253,0.0618,JHU,0.7,fourier_country
COG,1978,19,1978-05-08,1978-05-14,0.1883,0.0517,JHU,0.7,fourier_country
COG,1978,20,1978-05-15,1978-05-21,0.1818,0.0499,JHU,0.7,fourier_country
COG,1978,21,1978-05-22,1978-05-28,0.2073,0.0569,JHU,0.7,fourier_country
COG,1978,22,1978-05-29,1978-06-04,0.2652,0.0728,JHU,0.7,fourier_country
COG,1978,23,1978-06-05,1978-06-11,0.3538,0.0971,JHU,0.7,fourier_country
COG,1978,24,1978-06-12,1978-06-18,0.47,0.129,JHU,0.7,fourier_country
COG,1978,25,1978-06-19,1978-06-25,0.609,0.1672,JHU,0.7,fourier_country
COG,1978,26,1978-06-26,1978-07-02,0.7649,0.21,JHU,0.7,fourier_country
COG,1978,27,1978-07-03,1978-07-09,0.9309,0.2555,JHU,0.7,fourier_country
COG,1978,28,1978-07-10,1978-07-16,1.0994,0.3018,JHU,0.7,fourier_country
COG,1978,29,1978-07-17,1978-07-23,1.2631,0.3467,JHU,0.7,fourier_country
COG,1978,30,1978-07-24,1978-07-30,1.4144,0.3883,JHU,0.7,fourier_country
COG,1978,31,1978-07-31,1978-08-06,1.5467,0.4246,JHU,0.7,fourier_country
COG,1978,32,1978-08-07,1978-08-13,1.6544,0.4541,JHU,0.7,fourier_country
COG,1978,33,1978-08-14,1978-08-20,1.7329,0.4757,JHU,0.7,fourier_country
COG,1978,34,1978-08-21,1978-08-27,1.7795,0.4885,JHU,0.7,fourier_country
COG,1978,35,1978-08-28,1978-09-03,1.793,0.4922,JHU,0.7,fourier_country
COG,1978,36,1978-09-04,1978-09-10,1.7738,0.4869,JHU,0.7,fourier_country
COG,1978,37,1978-09-11,1978-09-17,1.7242,0.4733,JHU,0.7,fourier_country
COG,1978,38,1978-09-18,1978-09-24,1.6479,0.4524,JHU,0.7,fourier_country
COG,1978,39,1978-09-25,1978-10-01,1.55,0.4255,JHU,0.7,fourier_country
COG,1978,40,1978-10-02,1978-10-08,1.4363,0.3943,JHU,0.7,fourier_country
COG,1978,41,1978-10-09,1978-10-15,1.3137,0.3606,JHU,0.7,fourier_country
COG,1978,42,1978-10-16,1978-10-22,1.1889,0.3264,JHU,0.7,fourier_country
COG,1978,43,1978-10-23,1978-10-29,1.0689,0.2934,JHU,0.7,fourier_country
COG,1978,44,1978-10-30,1978-11-05,0.9597,0.2634,JHU,0.7,fourier_country
COG,1978,45,1978-11-06,1978-11-12,0.8668,0.238,JHU,0.7,fourier_country
COG,1978,46,1978-11-13,1978-11-19,0.7944,0.2181,JHU,0.7,fourier_country
COG,1978,47,1978-11-20,1978-11-26,0.7452,0.2046,JHU,0.7,fourier_country
COG,1978,48,1978-11-27,1978-12-03,0.7205,0.1978,JHU,0.7,fourier_country
COG,1978,49,1978-12-04,1978-12-10,0.7198,0.1976,JHU,0.7,fourier_country
COG,1978,50,1978-12-11,1978-12-17,0.7414,0.2035,JHU,0.7,fourier_country
COG,1978,51,1978-12-18,1978-12-24,0.7819,0.2146,JHU,0.7,fourier_country
COG,1978,52,1978-12-25,1978-12-31,0.8367,0.2297,JHU,0.7,fourier_country
COG,1979,1,1979-01-01,1979-01-07,0.0882,0.0,JHU,0.7,fourier_country
COG,1979,2,1979-01-08,1979-01-14,0.0947,0.0,JHU,0.7,fourier_country
COG,1979,3,1979-01-15,1979-01-21,0.101,0.0,JHU,0.7,fourier_country
COG,1979,4,1979-01-22,1979-01-28,0.1064,0.0,JHU,0.7,fourier_country
COG,1979,5,1979-01-29,1979-02-04,0.1104,0.0,JHU,0.7,fourier_country
COG,1979,6,1979-02-05,1979-02-11,0.1125,0.0,JHU,0.7,fourier_country
COG,1979,7,1979-02-12,1979-02-18,0.1126,0.0,JHU,0.7,fourier_country
COG,1979,8,1979-02-19,1979-02-25,0.1103,0.0,JHU,0.7,fourier_country
COG,1979,9,1979-02-26,1979-03-04,0.1058,0.0,JHU,0.7,fourier_country
COG,1979,10,1979-03-05,1979-03-11,0.099,0.0,JHU,0.7,fourier_country
COG,1979,11,1979-03-12,1979-03-18,0.0904,0.0,JHU,0.7,fourier_country
COG,1979,12,1979-03-19,1979-03-25,0.0803,0.0,JHU,0.7,fourier_country
COG,1979,13,1979-03-26,1979-04-01,0.0692,0.0,JHU,0.7,fourier_country
COG,1979,14,1979-04-02,1979-04-08,0.0579,0.0,JHU,0.7,fourier_country
COG,1979,15,1979-04-09,1979-04-15,0.0468,0.0,JHU,0.7,fourier_country
COG,1979,16,1979-04-16,1979-04-22,0.0368,0.0,JHU,0.7,fourier_country
COG,1979,17,1979-04-23,1979-04-29,0.0283,0.0,JHU,0.7,fourier_country
COG,1979,18,1979-04-30,1979-05-06,0.0221,0.0,JHU,0.7,fourier_country
COG,1979,19,1979-05-07,1979-05-13,0.0184,0.0,JHU,0.7,fourier_country
COG,1979,20,1979-05-14,1979-05-20,0.0178,0.0,JHU,0.7,fourier_country
COG,1979,21,1979-05-21,1979-05-27,0.0203,0.0,JHU,0.7,fourier_country
COG,1979,22,1979-05-28,1979-06-03,0.026,0.0,JHU,0.7,fourier_country
COG,1979,23,1979-06-04,1979-06-10,0.0346,0.0,JHU,0.7,fourier_country
COG,1979,24,1979-06-11,1979-06-17,0.046,0.0,JHU,0.7,fourier_country
COG,1979,25,1979-06-18,1979-06-24,0.0596,0.0,JHU,0.7,fourier_country
COG,1979,26,1979-06-25,1979-07-01,0.0749,0.0,JHU,0.7,fourier_country
COG,1979,27,1979-07-02,1979-07-08,0.0911,0.0,JHU,0.7,fourier_country
COG,1979,28,1979-07-09,1979-07-15,0.1077,0.0,JHU,0.7,fourier_country
COG,1979,29,1979-07-16,1979-07-22,0.1237,0.0,JHU,0.7,fourier_country
COG,1979,30,1979-07-23,1979-07-29,0.1385,0.0,JHU,0.7,fourier_country
COG,1979,31,1979-07-30,1979-08-05,0.1514,0.0,JHU,0.7,fourier_country
COG,1979,32,1979-08-06,1979-08-12,0.162,0.0,JHU,0.7,fourier_country
COG,1979,33,1979-08-13,1979-08-19,0.1697,0.0,JHU,0.7,fourier_country
COG,1979,34,1979-08-20,1979-08-26,0.1742,0.0,JHU,0.7,fourier_country
COG,1979,35,1979-08-27,1979-09-02,0.1756,0.0,JHU,0.7,fourier_country
COG,1979,36,1979-09-03,1979-09-09,0.1737,0.0,JHU,0.7,fourier_country
COG,1979,37,1979-09-10,1979-09-16,0.1688,0.0,JHU,0.7,fourier_country
COG,1979,38,1979-09-17,1979-09-23,0.1614,0.0,JHU,0.7,fourier_country
COG,1979,39,1979-09-24,1979-09-30,0.1518,0.0,JHU,0.7,fourier_country
COG,1979,40,1979-10-01,1979-10-07,0.1406,0.0,JHU,0.7,fourier_country
COG,1979,41,1979-10-08,1979-10-14,0.1286,0.0,JHU,0.7,fourier_country
COG,1979,42,1979-10-15,1979-10-21,0.1164,0.0,JHU,0.7,fourier_country
COG,1979,43,1979-10-22,1979-10-28,0.1047,0.0,JHU,0.7,fourier_country
COG,1979,44,1979-10-29,1979-11-04,0.094,0.0,JHU,0.7,fourier_country
COG,1979,45,1979-11-05,1979-11-11,0.0849,0.0,JHU,0.7,fourier_country
COG,1979,46,1979-11-12,1979-11-18,0.0778,0.0,JHU,0.7,fourier_country
COG,1979,47,1979-11-19,1979-11-25,0.073,0.0,JHU,0.7,fourier_country
COG,1979,48,1979-11-26,1979-12-02,0.0705,0.0,JHU,0.7,fourier_country
COG,1979,49,1979-12-03,1979-12-09,0.0705,0.0,JHU,0.7,fourier_country
COG,1979,50,1979-12-10,1979-12-16,0.0726,0.0,JHU,0.7,fourier_country
COG,1979,51,1979-12-17,1979-12-23,0.0766,0.0,JHU,0.7,fourier_country
COG,1979,52,1979-12-24,1979-12-30,0.0819,0.0,JHU,0.7,fourier_country
COG,1980,1,1979-12-31,1980-01-06,0.0882,0.0,JHU,0.7,fourier_country
COG,1997,1,1996-12-30,1997-01-05,4.8498,1.0581,JHU,0.7,fourier_country
COG,1997,2,1997-01-06,1997-01-12,5.2101,1.1367,JHU,0.7,fourier_country
COG,1997,3,1997-01-13,1997-01-19,5.554,1.2118,JHU,0.7,fourier_country
COG,1997,4,1997-01-20,1997-01-26,5.85,1.2764,JHU,0.7,fourier_country
COG,1997,5,1997-01-27,1997-02-02,6.0694,1.3242,JHU,0.7,fourier_country
COG,1997,6,1997-02-03,1997-02-09,6.1889,1.3503,JHU,0.7,fourier_country
COG,1997,7,1997-02-10,1997-02-16,6.1913,1.3508,JHU,0.7,fourier_country
COG,1997,8,1997-02-17,1997-02-23,6.0676,1.3238,JHU,0.7,fourier_country
COG,1997,9,1997-02-24,1997-03-02,5.8165,1.2691,JHU,0.7,fourier_country
COG,1997,10,1997-03-03,1997-03-09,5.4458,1.1882,JHU,0.7,fourier_country
COG,1997,11,1997-03-10,1997-03-16,4.9711,1.0846,JHU,0.7,fourier_country
COG,1997,12,1997-03-17,1997-03-23,4.4156,0.9634,JHU,0.7,fourier_country
COG,1997,13,1997-03-24,1997-03-30,3.8083,0.8309,JHU,0.7,fourier_country
COG,1997,14,1997-03-31,1997-04-06,3.1827,0.6944,JHU,0.7,fourier_country
COG,1997,15,1997-04-07,1997-04-13,2.5751,0.5618,JHU,0.7,fourier_country
COG,1997,16,1997-04-14,1997-04-20,2.0218,0.4411,JHU,0.7,fourier_country
COG,1997,17,1997-04-21,1997-04-27,1.5575,0.3398,JHU,0.7,fourier_country
COG,1997,18,1997-04-28,1997-05-04,1.2133,0.2647,JHU,0.7,fourier_country
COG,1997,19,1997-05-05,1997-05-11,1.0143,0.2213,JHU,0.7,fourier_country
COG,1997,20,1997-05-12,1997-05-18,0.9788,0.2136,JHU,0.7,fourier_country
COG,1997,21,1997-05-19,1997-05-25,1.1166,0.2436,JHU,0.7,fourier_country
COG,1997,22,1997-05-26,1997-06-01,1.4283,0.3116,JHU,0.7,fourier_country
COG,1997,23,1997-06-02,1997-06-08,1.9056,0.4158,JHU,0.7,fourier_country
COG,1997,24,1997-06-09,1997-06-15,2.5311,0.5522,JHU,0.7,fourier_country
COG,1997,25,1997-06-16,1997-06-22,3.2797,0.7156,JHU,0.7,fourier_country
COG,1997,26,1997-06-23,1997-06-29,4.1193,0.8988,JHU,0.7,fourier_country
COG,1997,27,1997-06-30,1997-07-06,5.013,1.0938,JHU,0.7,fourier_country
COG,1997,28,1997-07-07,1997-07-13,5.9209,1.2918,JHU,0.7,fourier_country
COG,1997,29,1997-07-14,1997-07-20,6.8021,1.4841,JHU,0.7,fourier_country
COG,1997,30,1997-07-21,1997-07-27,7.617,1.6619,JHU,0.7,fourier_country
COG,1997,31,1997-07-28,1997-08-03,8.3297,1.8174,JHU,0.7,fourier_country
COG,1997,32,1997-08-04,1997-08-10,8.9094,1.9439,JHU,0.7,fourier_country
COG,1997,33,1997-08-11,1997-08-17,9.3324,2.0362,JHU,0.7,fourier_country
COG,1997,34,1997-08-18,1997-08-24,9.5834,2.0909,JHU,0.7,fourier_country
COG,1997,35,1997-08-25,1997-08-31,9.6559,2.1067,JHU,0.7,fourier_country
COG,1997,36,1997-09-01,1997-09-07,9.5527,2.0842,JHU,0.7,fourier_country
COG,1997,37,1997-09-08,1997-09-14,9.2857,2.026,JHU,0.7,fourier_country
COG,1997,38,1997-09-15,1997-09-21,8.8749,1.9363,JHU,0.7,fourier_country
COG,1997,39,1997-09-22,1997-09-28,8.3473,1.8212,JHU,0.7,fourier_country
COG,1997,40,1997-09-29,1997-10-05,7.7352,1.6877,JHU,0.7,fourier_country
COG,1997,41,1997-10-06,1997-10-12,7.0747,1.5436,JHU,0.7,fourier_country
COG,1997,42,1997-10-13,1997-10-19,6.4029,1.397,JHU,0.7,fourier_country
COG,1997,43,1997-10-20,1997-10-26,5.7563,1.2559,JHU,0.7,fourier_country
COG,1997,44,1997-10-27,1997-11-02,5.1684,1.1277,JHU,0.7,fourier_country
COG,1997,45,1997-11-03,1997-11-09,4.6682,1.0185,JHU,0.7,fourier_country
COG,1997,46,1997-11-10,1997-11-16,4.2782,0.9334,JHU,0.7,fourier_country
COG,1997,47,1997-11-17,1997-11-23,4.0132,0.8756,JHU,0.7,fourier_country
COG,1997,48,1997-11-24,1997-11-30,3.88,0.8466,JHU,0.7,fourier_country
COG,1997,49,1997-12-01,1997-12-07,3.8767,0.8458,JHU,0.7,fourier_country
COG,1997,50,1997-12-08,1997-12-14,3.9928,0.8712,JHU,0.7,fourier_country
COG,1997,51,1997-12-15,1997-12-21,4.2106,0.9187,JHU,0.7,fourier_country
COG,1997,52,1997-12-22,1997-12-28,4.506,0.9831,JHU,0.7,fourier_country
COG,1998,1,1997-12-29,1998-01-04,4.8498,1.0581,JHU,0.7,fourier_country
COG,1998,2,1998-01-05,1998-01-11,61.1195,0.4173,JHU,0.7,fourier_country
COG,1998,3,1998-01-12,1998-01-18,65.1547,0.4449,JHU,0.7,fourier_country
COG,1998,4,1998-01-19,1998-01-25,68.6266,0.4686,JHU,0.7,fourier_country
COG,1998,5,1998-01-26,1998-02-01,71.2009,0.4862,JHU,0.7,fourier_country
COG,1998,6,1998-02-02,1998-02-08,72.602,0.4957,JHU,0.7,fourier_country
COG,1998,7,1998-02-09,1998-02-15,72.6309,0.4959,JHU,0.7,fourier_country
COG,1998,8,1998-02-16,1998-02-22,71.1786,0.486,JHU,0.7,fourier_country
COG,1998,9,1998-02-23,1998-03-01,68.2338,0.4659,JHU,0.7,fourier_country
COG,1998,10,1998-03-02,1998-03-08,63.885,0.4362,JHU,0.7,fourier_country
COG,1998,11,1998-03-09,1998-03-15,58.3167,0.3982,JHU,0.7,fourier_country
COG,1998,12,1998-03-16,1998-03-22,51.7994,0.3537,JHU,0.7,fourier_country
COG,1998,13,1998-03-23,1998-03-29,44.6749,0.305,JHU,0.7,fourier_country
COG,1998,14,1998-03-30,1998-04-05,37.3369,0.2549,JHU,0.7,fourier_country
COG,1998,15,1998-04-06,1998-04-12,30.2085,0.2063,JHU,0.7,fourier_country
COG,1998,16,1998-04-13,1998-04-19,23.7174,0.1619,JHU,0.7,fourier_country
COG,1998,17,1998-04-20,1998-04-26,18.2711,0.1248,JHU,0.7,fourier_country
COG,1998,18,1998-04-27,1998-05-03,14.2327,0.0972,JHU,0.7,fourier_country
COG,1998,19,1998-05-04,1998-05-10,11.8991,0.0812,JHU,0.7,fourier_country
COG,1998,20,1998-05-11,1998-05-17,11.4829,0.0784,JHU,0.7,fourier_country
COG,1998,21,1998-05-18,1998-05-24,13.0987,0.0894,JHU,0.7,fourier_country
COG,1998,22,1998-05-25,1998-05-31,16.7555,0.1144,JHU,0.7,fourier_country
COG,1998,23,1998-06-01,1998-06-07,22.3545,0.1526,JHU,0.7,fourier_country
COG,1998,24,1998-06-08,1998-06-14,29.6928,0.2027,JHU,0.7,fourier_country
COG,1998,25,1998-06-15,1998-06-21,38.4742,0.2627,JHU,0.7,fourier_country
COG,1998,26,1998-06-22,1998-06-28,48.3238,0.33,JHU,0.7,fourier_country
COG,1998,27,1998-06-29,1998-07-05,58.8081,0.4015,JHU,0.7,fourier_country
COG,1998,28,1998-07-06,1998-07-12,69.4583,0.4743,JHU,0.7,fourier_country
COG,1998,29,1998-07-13,1998-07-19,79.7953,0.5448,JHU,0.7,fourier_country
COG,1998,30,1998-07-20,1998-07-26,89.3555,0.6101,JHU,0.7,fourier_country
COG,1998,31,1998-07-27,1998-08-02,97.7157,0.6672,JHU,0.7,fourier_country
COG,1998,32,1998-08-03,1998-08-09,104.5161,0.7136,JHU,0.7,fourier_country
COG,1998,33,1998-08-10,1998-08-16,109.479,0.7475,JHU,0.7,fourier_country
COG,1998,34,1998-08-17,1998-08-23,112.4234,0.7676,JHU,0.7,fourier_country
COG,1998,35,1998-08-24,1998-08-30,113.2738,0.7734,JHU,0.7,fourier_country
COG,1998,36,1998-08-31,1998-09-06,112.0634,0.7652,JHU,0.7,fourier_country
COG,1998,37,1998-09-07,1998-09-13,108.9309,0.7438,JHU,0.7,fourier_country
COG,1998,38,1998-09-14,1998-09-20,104.1114,0.7109,JHU,0.7,fourier_country
COG,1998,39,1998-09-21,1998-09-27,97.9218,0.6686,JHU,0.7,fourier_country
COG,1998,40,1998-09-28,1998-10-04,90.7424,0.6196,JHU,0.7,fourier_country
COG,1998,41,1998-10-05,1998-10-11,82.9937,0.5667,JHU,0.7,fourier_country
COG,1998,42,1998-10-12,1998-10-18,75.1126,0.5129,JHU,0.7,fourier_country
COG,1998,43,1998-10-19,1998-10-25,67.5268,0.4611,JHU,0.7,fourier_country
COG,1998,44,1998-10-26,1998-11-01,60.6307,0.414,JHU,0.7,fourier_country
COG,1998,45,1998-11-02,1998-11-08,54.7628,0.3739,JHU,0.7,fourier_country
COG,1998,46,1998-11-09,1998-11-15,50.1872,0.3427,JHU,0.7,fourier_country
COG,1998,47,1998-11-16,1998-11-22,47.0793,0.3215,JHU,0.7,fourier_country
COG,1998,48,1998-11-23,1998-11-29,45.5169,0.3108,JHU,0.7,fourier_country
COG,1998,49,1998-11-30,1998-12-06,45.4771,0.3105,JHU,0.7,fourier_country
COG,1998,50,1998-12-07,1998-12-13,46.8396,0.3198,JHU,0.7,fourier_country
COG,1998,51,1998-12-14,1998-12-20,49.3951,0.3373,JHU,0.7,fourier_country
COG,1998,52,1998-12-21,1998-12-27,52.8595,0.3609,JHU,0.7,fourier_country
COG,1998,53,1998-12-28,1999-01-03,52.8595,0.3609,JHU,0.7,fourier_country
COG,1999,1,1999-01-04,1999-01-10,84.9858,0.3532,JHU,0.7,fourier_country
COG,1999,2,1999-01-11,1999-01-17,91.2998,0.3794,JHU,0.7,fourier_country
COG,1999,3,1999-01-18,1999-01-24,97.3276,0.4044,JHU,0.7,fourier_country
COG,1999,4,1999-01-25,1999-01-31,102.5139,0.426,JHU,0.7,fourier_country
COG,1999,5,1999-02-01,1999-02-07,106.3593,0.442,JHU,0.7,fourier_country
COG,1999,6,1999-02-08,1999-02-14,108.4523,0.4507,JHU,0.7,fourier_country
COG,1999,7,1999-02-15,1999-02-21,108.4955,0.4508,JHU,0.7,fourier_country
COG,1999,8,1999-02-22,1999-02-28,106.3261,0.4418,JHU,0.7,fourier_country
COG,1999,9,1999-03-01,1999-03-07,101.9272,0.4235,JHU,0.7,fourier_country
COG,1999,10,1999-03-08,1999-03-14,95.431,0.3966,JHU,0.7,fourier_country
COG,1999,11,1999-03-15,1999-03-21,87.113,0.362,JHU,0.7,fourier_country
COG,1999,12,1999-03-22,1999-03-28,77.3775,0.3215,JHU,0.7,fourier_country
COG,1999,13,1999-03-29,1999-04-04,66.735,0.2773,JHU,0.7,fourier_country
COG,1999,14,1999-04-05,1999-04-11,55.7736,0.2318,JHU,0.7,fourier_country
COG,1999,15,1999-04-12,1999-04-18,45.1252,0.1875,JHU,0.7,fourier_country
COG,1999,16,1999-04-19,1999-04-25,35.4289,0.1472,JHU,0.7,fourier_country
COG,1999,17,1999-04-26,1999-05-02,27.2932,0.1134,JHU,0.7,fourier_country
COG,1999,18,1999-05-03,1999-05-09,21.2607,0.0883,JHU,0.7,fourier_country
COG,1999,19,1999-05-10,1999-05-16,17.7748,0.0739,JHU,0.7,fourier_country
COG,1999,20,1999-05-17,1999-05-23,17.153,0.0713,JHU,0.7,fourier_country
COG,1999,21,1999-05-24,1999-05-30,19.5668,0.0813,JHU,0.7,fourier_country
COG,1999,22,1999-05-31,1999-06-06,25.0293,0.104,JHU,0.7,fourier_country
COG,1999,23,1999-06-07,1999-06-13,33.3929,0.1388,JHU,0.7,fourier_country
COG,1999,24,1999-06-14,1999-06-20,44.3549,0.1843,JHU,0.7,fourier_country
COG,1999,25,1999-06-21,1999-06-27,57.4725,0.2388,JHU,0.7,fourier_country
COG,1999,26,1999-06-28,1999-07-04,72.1857,0.3,JHU,0.7,fourier_country
COG,1999,27,1999-07-05,1999-07-11,87.8471,0.365,JHU,0.7,fourier_country
COG,1999,28,1999-07-12,1999-07-18,103.7564,0.4312,JHU,0.7,fourier_country
COG,1999,29,1999-07-19,1999-07-25,119.1977,0.4953,JHU,0.7,fourier_country
COG,1999,30,1999-07-26,1999-08-01,133.4786,0.5547,JHU,0.7,fourier_country
COG,1999,31,1999-08-02,1999-08-08,145.967,0.6066,JHU,0.7,fourier_country
COG,1999,32,1999-08-09,1999-08-15,156.1254,0.6488,JHU,0.7,fourier_country
COG,1999,33,1999-08-16,1999-08-22,163.539,0.6796,JHU,0.7,fourier_country
COG,1999,34,1999-08-23,1999-08-29,167.9372,0.6978,JHU,0.7,fourier_country
COG,1999,35,1999-08-30,1999-09-05,169.2076,0.7031,JHU,0.7,fourier_country
COG,1999,36,1999-09-06,1999-09-12,167.3995,0.6956,JHU,0.7,fourier_country
COG,1999,37,1999-09-13,1999-09-19,162.7202,0.6762,JHU,0.7,fourier_country
COG,1999,38,1999-09-20,1999-09-26,155.5208,0.6463,JHU,0.7,fourier_country
COG,1999,39,1999-09-27,1999-10-03,146.2749,0.6078,JHU,0.7,fourier_country
COG,1999,40,1999-10-04,1999-10-10,135.5503,0.5633,JHU,0.7,fourier_country
COG,1999,41,1999-10-11,1999-10-17,123.9754,0.5152,JHU,0.7,fourier_country
COG,1999,42,1999-10-18,1999-10-24,112.2026,0.4662,JHU,0.7,fourier_country
COG,1999,43,1999-10-25,1999-10-31,100.8711,0.4192,JHU,0.7,fourier_country
COG,1999,44,1999-11-01,1999-11-07,90.5697,0.3764,JHU,0.7,fourier_country
COG,1999,45,1999-11-08,1999-11-14,81.8043,0.3399,JHU,0.7,fourier_country
COG,1999,46,1999-11-15,1999-11-21,74.9693,0.3115,JHU,0.7,fourier_country
COG,1999,47,1999-11-22,1999-11-28,70.3267,0.2922,JHU,0.7,fourier_country
COG,1999,48,1999-11-29,1999-12-05,67.9928,0.2825,JHU,0.7,fourier_country
COG,1999,49,1999-12-06,1999-12-12,67.9334,0.2823,JHU,0.7,fourier_country
COG,1999,50,1999-12-13,1999-12-19,69.9687,0.2907,JHU,0.7,fourier_country
COG,1999,51,1999-12-20,1999-12-26,73.786,0.3066,JHU,0.7,fourier_country
COG,1999,52,1999-12-27,2000-01-02,78.9612,0.3281,JHU,0.7,fourier_country
COG,2000,1,2000-01-03,2000-01-09,0.1589,0.0353,JHU,0.7,fourier_country
COG,2000,2,2000-01-10,2000-01-16,0.1707,0.0379,JHU,0.7,fourier_country
COG,2000,3,2000-01-17,2000-01-23,0.182,0.0404,JHU,0.7,fourier_country
COG,2000,4,2000-01-24,2000-01-30,0.1917,0.0426,JHU,0.7,fourier_country
COG,2000,5,2000-01-31,2000-02-06,0.1989,0.0442,JHU,0.7,fourier_country
COG,2000,6,2000-02-07,2000-02-13,0.2028,0.0451,JHU,0.7,fourier_country
COG,2000,7,2000-02-14,2000-02-20,0.2029,0.0451,JHU,0.7,fourier_country
COG,2000,8,2000-02-21,2000-02-27,0.1988,0.0442,JHU,0.7,fourier_country
COG,2000,9,2000-02-28,2000-03-05,0.1906,0.0424,JHU,0.7,fourier_country
COG,2000,10,2000-03-06,2000-03-12,0.1784,0.0397,JHU,0.7,fourier_country
COG,2000,11,2000-03-13,2000-03-19,0.1629,0.0362,JHU,0.7,fourier_country
COG,2000,12,2000-03-20,2000-03-26,0.1447,0.0322,JHU,0.7,fourier_country
COG,2000,13,2000-03-27,2000-04-02,0.1248,0.0277,JHU,0.7,fourier_country
COG,2000,14,2000-04-03,2000-04-09,0.1043,0.0232,JHU,0.7,fourier_country
COG,2000,15,2000-04-10,2000-04-16,0.0844,0.0188,JHU,0.7,fourier_country
COG,2000,16,2000-04-17,2000-04-23,0.0662,0.0147,JHU,0.7,fourier_country
COG,2000,17,2000-04-24,2000-04-30,0.051,0.0113,JHU,0.7,fourier_country
COG,2000,18,2000-05-01,2000-05-07,0.0398,0.0088,JHU,0.7,fourier_country
COG,2000,19,2000-05-08,2000-05-14,0.0332,0.0074,JHU,0.7,fourier_country
COG,2000,20,2000-05-15,2000-05-21,0.0321,0.0071,JHU,0.7,fourier_country
COG,2000,21,2000-05-22,2000-05-28,0.0366,0.0081,JHU,0.7,fourier_country
COG,2000,22,2000-05-29,2000-06-04,0.0468,0.0104,JHU,0.7,fourier_country
COG,2000,23,2000-06-05,2000-06-11,0.0624,0.0139,JHU,0.7,fourier_country
COG,2000,24,2000-06-12,2000-06-18,0.0829,0.0184,JHU,0.7,fourier_country
COG,2000,25,2000-06-19,2000-06-25,0.1075,0.0239,JHU,0.7,fourier_country
COG,2000,26,2000-06-26,2000-07-02,0.135,0.03,JHU,0.7,fourier_country
COG,2000,27,2000-07-03,2000-07-09,0.1643,0.0365,JHU,0.7,fourier_country
COG,2000,28,2000-07-10,2000-07-16,0.194,0.0431,JHU,0.7,fourier_country
COG,2000,29,2000-07-17,2000-07-23,0.2229,0.0495,JHU,0.7,fourier_country
COG,2000,30,2000-07-24,2000-07-30,0.2496,0.0555,JHU,0.7,fourier_country
COG,2000,31,2000-07-31,2000-08-06,0.2729,0.0607,JHU,0.7,fourier_country
COG,2000,32,2000-08-07,2000-08-13,0.2919,0.0649,JHU,0.7,fourier_country
COG,2000,33,2000-08-14,2000-08-20,0.3058,0.068,JHU,0.7,fourier_country
COG,2000,34,2000-08-21,2000-08-27,0.314,0.0698,JHU,0.7,fourier_country
COG,2000,35,2000-08-28,2000-09-03,0.3164,0.0703,JHU,0.7,fourier_country
COG,2000,36,2000-09-04,2000-09-10,0.313,0.0696,JHU,0.7,fourier_country
COG,2000,37,2000-09-11,2000-09-17,0.3043,0.0676,JHU,0.7,fourier_country
COG,2000,38,2000-09-18,2000-09-24,0.2908,0.0646,JHU,0.7,fourier_country
COG,2000,39,2000-09-25,2000-10-01,0.2735,0.0608,JHU,0.7,fourier_country
COG,2000,40,2000-10-02,2000-10-08,0.2535,0.0563,JHU,0.7,fourier_country
COG,2000,41,2000-10-09,2000-10-15,0.2318,0.0515,JHU,0.7,fourier_country
COG,2000,42,2000-10-16,2000-10-22,0.2098,0.0466,JHU,0.7,fourier_country
COG,2000,43,2000-10-23,2000-10-29,0.1886,0.0419,JHU,0.7,fourier_country
COG,2000,44,2000-10-30,2000-11-05,0.1694,0.0376,JHU,0.7,fourier_country
COG,2000,45,2000-11-06,2000-11-12,0.153,0.034,JHU,0.7,fourier_country
COG,2000,46,2000-11-13,2000-11-19,0.1402,0.0312,JHU,0.7,fourier_country
COG,2000,47,2000-11-20,2000-11-26,0.1315,0.0292,JHU,0.7,fourier_country
COG,2000,48,2000-11-27,2000-12-03,0.1271,0.0283,JHU,0.7,fourier_country
COG,2000,49,2000-12-04,2000-12-10,0.127,0.0282,JHU,0.7,fourier_country
COG,2000,50,2000-12-11,2000-12-17,0.1308,0.0291,JHU,0.7,fourier_country
COG,2000,51,2000-12-18,2000-12-24,0.138,0.0307,JHU,0.7,fourier_country
COG,2000,52,2000-12-25,2000-12-31,0.1477,0.0328,JHU,0.7,fourier_country
COG,2001,1,2001-01-01,2001-01-07,0.0,0.0,AI,0.8,zero_fill
COG,2001,2,2001-01-08,2001-01-14,0.0,0.0,AI,0.8,zero_fill
COG,2001,3,2001-01-15,2001-01-21,0.0,0.0,AI,0.8,zero_fill
COG,2001,4,2001-01-22,2001-01-28,0.0,0.0,AI,0.8,zero_fill
COG,2001,5,2001-01-29,2001-02-04,0.0,0.0,AI,0.8,zero_fill
COG,2001,6,2001-02-05,2001-02-11,0.0,0.0,AI,0.8,zero_fill
COG,2001,7,2001-02-12,2001-02-18,0.0,0.0,AI,0.8,zero_fill
COG,2001,8,2001-02-19,2001-02-25,0.0,0.0,AI,0.8,zero_fill
COG,2001,9,2001-02-26,2001-03-04,0.0,0.0,AI,0.8,zero_fill
COG,2001,10,2001-03-05,2001-03-11,0.0,0.0,AI,0.8,zero_fill
COG,2001,11,2001-03-12,2001-03-18,0.0,0.0,AI,0.8,zero_fill
COG,2001,12,2001-03-19,2001-03-25,0.0,0.0,AI,0.8,zero_fill
COG,2001,13,2001-03-26,2001-04-01,0.0,0.0,AI,0.8,zero_fill
COG,2001,14,2001-04-02,2001-04-08,0.0,0.0,AI,0.8,zero_fill
COG,2001,15,2001-04-09,2001-04-15,0.0,0.0,AI,0.8,zero_fill
COG,2001,16,2001-04-16,2001-04-22,0.0,0.0,AI,0.8,zero_fill
COG,2001,17,2001-04-23,2001-04-29,0.0,0.0,AI,0.8,zero_fill
COG,2001,18,2001-04-30,2001-05-06,0.0,0.0,AI,0.8,zero_fill
COG,2001,19,2001-05-07,2001-05-13,0.0,0.0,AI,0.8,zero_fill
COG,2001,20,2001-05-14,2001-05-20,0.0,0.0,AI,0.8,zero_fill
COG,2001,21,2001-05-21,2001-05-27,0.0,0.0,AI,0.8,zero_fill
COG,2001,22,2001-05-28,2001-06-03,0.0,0.0,AI,0.8,zero_fill
COG,2001,23,2001-06-04,2001-06-10,0.0,0.0,AI,0.8,zero_fill
COG,2001,24,2001-06-11,2001-06-17,0.0,0.0,AI,0.8,zero_fill
COG,2001,25,2001-06-18,2001-06-24,0.0,0.0,AI,0.8,zero_fill
COG,2001,26,2001-06-25,2001-07-01,0.0,0.0,AI,0.8,zero_fill
COG,2001,27,2001-07-02,2001-07-08,0.0,0.0,AI,0.8,zero_fill
COG,2001,28,2001-07-09,2001-07-15,0.0,0.0,AI,0.8,zero_fill
COG,2001,29,2001-07-16,2001-07-22,0.0,0.0,AI,0.8,zero_fill
COG,2001,30,2001-07-23,2001-07-29,0.0,0.0,AI,0.8,zero_fill
COG,2001,31,2001-07-30,2001-08-05,0.0,0.0,AI,0.8,zero_fill
COG,2001,32,2001-08-06,2001-08-12,0.0,0.0,AI,0.8,zero_fill
COG,2001,33,2001-08-13,2001-08-19,0.0,0.0,AI,0.8,zero_fill
COG,2001,34,2001-08-20,2001-08-26,0.0,0.0,AI,0.8,zero_fill
COG,2001,35,2001-08-27,2001-09-02,0.0,0.0,AI,0.8,zero_fill
COG,2001,36,2001-09-03,2001-09-09,0.0,0.0,AI,0.8,zero_fill
COG,2001,37,2001-09-10,2001-09-16,0.0,0.0,AI,0.8,zero_fill
COG,2001,38,2001-09-17,2001-09-23,0.0,0.0,AI,0.8,zero_fill
COG,2001,39,2001-09-24,2001-09-30,0.0,0.0,AI,0.8,zero_fill
COG,2001,40,2001-10-01,2001-10-07,0.0,0.0,AI,0.8,zero_fill
COG,2001,41,2001-10-08,2001-10-14,0.0,0.0,AI,0.8,zero_fill
COG,2001,42,2001-10-15,2001-10-21,0.0,0.0,AI,0.8,zero_fill
COG,2001,43,2001-10-22,2001-10-28,0.0,0.0,AI,0.8,zero_fill
COG,2001,44,2001-10-29,2001-11-04,0.0,0.0,AI,0.8,zero_fill
COG,2001,45,2001-11-05,2001-11-11,0.0,0.0,AI,0.8,zero_fill
COG,2001,46,2001-11-12,2001-11-18,0.0,0.0,AI,0.8,zero_fill
COG,2001,47,2001-11-19,2001-11-25,0.0,0.0,AI,0.8,zero_fill
COG,2001,48,2001-11-26,2001-12-02,0.0,0.0,AI,0.8,zero_fill
COG,2001,49,2001-12-03,2001-12-09,0.0,0.0,AI,0.8,zero_fill
COG,2001,50,2001-12-10,2001-12-16,0.0,0.0,AI,0.8,zero_fill
COG,2001,51,2001-12-17,2001-12-23,0.0,0.0,AI,0.8,zero_fill
COG,2001,52,2001-12-24,2001-12-30,0.0,0.0,AI,0.8,zero_fill
COG,2002,1,2001-12-31,2002-01-06,0.0,0.0,AI,0.8,zero_fill
COG,2002,2,2002-01-07,2002-01-13,0.0,0.0,AI,0.8,zero_fill
COG,2002,3,2002-01-14,2002-01-20,0.0,0.0,AI,0.8,zero_fill
COG,2002,4,2002-01-21,2002-01-27,0.0,0.0,AI,0.8,zero_fill
COG,2002,5,2002-01-28,2002-02-03,0.0,0.0,AI,0.8,zero_fill
COG,2002,6,2002-02-04,2002-02-10,0.0,0.0,AI,0.8,zero_fill
COG,2002,7,2002-02-11,2002-02-17,0.0,0.0,AI,0.8,zero_fill
COG,2002,8,2002-02-18,2002-02-24,0.0,0.0,AI,0.8,zero_fill
COG,2002,9,2002-02-25,2002-03-03,0.0,0.0,AI,0.8,zero_fill
COG,2002,10,2002-03-04,2002-03-10,0.0,0.0,AI,0.8,zero_fill
COG,2002,11,2002-03-11,2002-03-17,0.0,0.0,AI,0.8,zero_fill
COG,2002,12,2002-03-18,2002-03-24,0.0,0.0,AI,0.8,zero_fill
COG,2002,13,2002-03-25,2002-03-31,0.0,0.0,AI,0.8,zero_fill
COG,2002,14,2002-04-01,2002-04-07,0.0,0.0,AI,0.8,zero_fill
COG,2002,15,2002-04-08,2002-04-14,0.0,0.0,AI,0.8,zero_fill
COG,2002,16,2002-04-15,2002-04-21,0.0,0.0,AI,0.8,zero_fill
COG,2002,17,2002-04-22,2002-04-28,0.0,0.0,AI,0.8,zero_fill
COG,2002,18,2002-04-29,2002-05-05,0.0,0.0,AI,0.8,zero_fill
COG,2002,19,2002-05-06,2002-05-12,0.0,0.0,AI,0.8,zero_fill
COG,2002,20,2002-05-13,2002-05-19,0.0,0.0,AI,0.8,zero_fill
COG,2002,21,2002-05-20,2002-05-26,0.0,0.0,AI,0.8,zero_fill
COG,2002,22,2002-05-27,2002-06-02,0.0,0.0,AI,0.8,zero_fill
COG,2002,23,2002-06-03,2002-06-09,0.0,0.0,AI,0.8,zero_fill
COG,2002,24,2002-06-10,2002-06-16,0.0,0.0,AI,0.8,zero_fill
COG,2002,25,2002-06-17,2002-06-23,0.0,0.0,AI,0.8,zero_fill
COG,2002,26,2002-06-24,2002-06-30,0.0,0.0,AI,0.8,zero_fill
COG,2002,27,2002-07-01,2002-07-07,0.0,0.0,AI,0.8,zero_fill
COG,2002,28,2002-07-08,2002-07-14,0.0,0.0,AI,0.8,zero_fill
COG,2002,29,2002-07-15,2002-07-21,0.0,0.0,AI,0.8,zero_fill
COG,2002,30,2002-07-22,2002-07-28,0.0,0.0,AI,0.8,zero_fill
COG,2002,31,2002-07-29,2002-08-04,0.0,0.0,AI,0.8,zero_fill
COG,2002,32,2002-08-05,2002-08-11,0.0,0.0,AI,0.8,zero_fill
COG,2002,33,2002-08-12,2002-08-18,0.0,0.0,AI,0.8,zero_fill
COG,2002,34,2002-08-19,2002-08-25,0.0,0.0,AI,0.8,zero_fill
COG,2002,35,2002-08-26,2002-09-01,0.0,0.0,AI,0.8,zero_fill
COG,2002,36,2002-09-02,2002-09-08,0.0,0.0,AI,0.8,zero_fill
COG,2002,37,2002-09-09,2002-09-15,0.0,0.0,AI,0.8,zero_fill
COG,2002,38,2002-09-16,2002-09-22,0.0,0.0,AI,0.8,zero_fill
COG,2002,39,2002-09-23,2002-09-29,0.0,0.0,AI,0.8,zero_fill
COG,2002,40,2002-09-30,2002-10-06,0.0,0.0,AI,0.8,zero_fill
COG,2002,41,2002-10-07,2002-10-13,0.0,0.0,AI,0.8,zero_fill
COG,2002,42,2002-10-14,2002-10-20,0.0,0.0,AI,0.8,zero_fill
COG,2002,43,2002-10-21,2002-10-27,0.0,0.0,AI,0.8,zero_fill
COG,2002,44,2002-10-28,2002-11-03,0.0,0.0,AI,0.8,zero_fill
COG,2002,45,2002-11-04,2002-11-10,0.0,0.0,AI,0.8,zero_fill
COG,2002,46,2002-11-11,2002-11-17,0.0,0.0,AI,0.8,zero_fill
COG,2002,47,2002-11-18,2002-11-24,0.0,0.0,AI,0.8,zero_fill
COG,2002,48,2002-11-25,2002-12-01,0.0,0.0,AI,0.8,zero_fill
COG,2002,49,2002-12-02,2002-12-08,0.0,0.0,AI,0.8,zero_fill
COG,2002,50,2002-12-09,2002-12-15,0.0,0.0,AI,0.8,zero_fill
COG,2002,51,2002-12-16,2002-12-22,0.0,0.0,AI,0.8,zero_fill
COG,2002,52,2002-12-23,2002-12-29,0.0,0.0,AI,0.8,zero_fill
COG,2003,1,2002-12-30,2003-01-05,0.0,0.0,AI,0.8,zero_fill
COG,2003,2,2003-01-06,2003-01-12,0.0,0.0,AI,0.8,zero_fill
COG,2003,3,2003-01-13,2003-01-19,0.0,0.0,AI,0.8,zero_fill
COG,2003,4,2003-01-20,2003-01-26,0.0,0.0,AI,0.8,zero_fill
COG,2003,5,2003-01-27,2003-02-02,0.0,0.0,AI,0.8,zero_fill
COG,2003,6,2003-02-03,2003-02-09,0.0,0.0,AI,0.8,zero_fill
COG,2003,7,2003-02-10,2003-02-16,0.0,0.0,AI,0.8,zero_fill
COG,2003,8,2003-02-17,2003-02-23,0.0,0.0,AI,0.8,zero_fill
COG,2003,9,2003-02-24,2003-03-02,0.0,0.0,AI,0.8,zero_fill
COG,2003,10,2003-03-03,2003-03-09,0.0,0.0,AI,0.8,zero_fill
COG,2003,11,2003-03-10,2003-03-16,0.0,0.0,AI,0.8,zero_fill
COG,2003,12,2003-03-17,2003-03-23,0.0,0.0,AI,0.8,zero_fill
COG,2003,13,2003-03-24,2003-03-30,0.0,0.0,AI,0.8,zero_fill
COG,2003,14,2003-03-31,2003-04-06,0.0,0.0,AI,0.8,zero_fill
COG,2003,15,2003-04-07,2003-04-13,0.0,0.0,AI,0.8,zero_fill
COG,2003,16,2003-04-14,2003-04-20,0.0,0.0,AI,0.8,zero_fill
COG,2003,17,2003-04-21,2003-04-27,0.0,0.0,AI,0.8,zero_fill
COG,2003,18,2003-04-28,2003-05-04,0.0,0.0,AI,0.8,zero_fill
COG,2003,19,2003-05-05,2003-05-11,0.0,0.0,AI,0.8,zero_fill
COG,2003,20,2003-05-12,2003-05-18,0.0,0.0,AI,0.8,zero_fill
COG,2003,21,2003-05-19,2003-05-25,0.0,0.0,AI,0.8,zero_fill
COG,2003,22,2003-05-26,2003-06-01,0.0,0.0,AI,0.8,zero_fill
COG,2003,23,2003-06-02,2003-06-08,0.0,0.0,AI,0.8,zero_fill
COG,2003,24,2003-06-09,2003-06-15,0.0,0.0,AI,0.8,zero_fill
COG,2003,25,2003-06-16,2003-06-22,0.0,0.0,AI,0.8,zero_fill
COG,2003,26,2003-06-23,2003-06-29,0.0,0.0,AI,0.8,zero_fill
COG,2003,27,2003-06-30,2003-07-06,0.0,0.0,AI,0.8,zero_fill
COG,2003,28,2003-07-07,2003-07-13,0.0,0.0,AI,0.8,zero_fill
COG,2003,29,2003-07-14,2003-07-20,0.0,0.0,AI,0.8,zero_fill
COG,2003,30,2003-07-21,2003-07-27,0.0,0.0,AI,0.8,zero_fill
COG,2003,31,2003-07-28,2003-08-03,0.0,0.0,AI,0.8,zero_fill
COG,2003,32,2003-08-04,2003-08-10,0.0,0.0,AI,0.8,zero_fill
COG,2003,33,2003-08-11,2003-08-17,0.0,0.0,AI,0.8,zero_fill
COG,2003,34,2003-08-18,2003-08-24,0.0,0.0,AI,0.8,zero_fill
COG,2003,35,2003-08-25,2003-08-31,0.0,0.0,AI,0.8,zero_fill
COG,2003,36,2003-09-01,2003-09-07,0.0,0.0,AI,0.8,zero_fill
COG,2003,37,2003-09-08,2003-09-14,0.0,0.0,AI,0.8,zero_fill
COG,2003,38,2003-09-15,2003-09-21,0.0,0.0,AI,0.8,zero_fill
COG,2003,39,2003-09-22,2003-09-28,0.0,0.0,AI,0.8,zero_fill
COG,2003,40,2003-09-29,2003-10-05,0.0,0.0,AI,0.8,zero_fill
COG,2003,41,2003-10-06,2003-10-12,0.0,0.0,AI,0.8,zero_fill
COG,2003,42,2003-10-13,2003-10-19,0.0,0.0,AI,0.8,zero_fill
COG,2003,43,2003-10-20,2003-10-26,0.0,0.0,AI,0.8,zero_fill
COG,2003,44,2003-10-27,2003-11-02,0.0,0.0,AI,0.8,zero_fill
COG,2003,45,2003-11-03,2003-11-09,0.0,0.0,AI,0.8,zero_fill
COG,2003,46,2003-11-10,2003-11-16,0.0,0.0,AI,0.8,zero_fill
COG,2003,47,2003-11-17,2003-11-23,0.0,0.0,AI,0.8,zero_fill
COG,2003,48,2003-11-24,2003-11-30,0.0,0.0,AI,0.8,zero_fill
COG,2003,49,2003-12-01,2003-12-07,0.0,0.0,AI,0.8,zero_fill
COG,2003,50,2003-12-08,2003-12-14,0.0,0.0,AI,0.8,zero_fill
COG,2003,51,2003-12-15,2003-12-21,0.0,0.0,AI,0.8,zero_fill
COG,2003,52,2003-12-22,2003-12-28,0.0,0.0,AI,0.8,zero_fill
COG,2004,1,2003-12-29,2004-01-04,0.0,0.0,AI,0.8,zero_fill
COG,2004,2,2004-01-05,2004-01-11,0.0,0.0,AI,0.8,zero_fill
COG,2004,3,2004-01-12,2004-01-18,0.0,0.0,AI,0.8,zero_fill
COG,2004,4,2004-01-19,2004-01-25,0.0,0.0,AI,0.8,zero_fill
COG,2004,5,2004-01-26,2004-02-01,0.0,0.0,AI,0.8,zero_fill
COG,2004,6,2004-02-02,2004-02-08,0.0,0.0,AI,0.8,zero_fill
COG,2004,7,2004-02-09,2004-02-15,0.0,0.0,AI,0.8,zero_fill
COG,2004,8,2004-02-16,2004-02-22,0.0,0.0,AI,0.8,zero_fill
COG,2004,9,2004-02-23,2004-02-29,0.0,0.0,AI,0.8,zero_fill
COG,2004,10,2004-03-01,2004-03-07,0.0,0.0,AI,0.8,zero_fill
COG,2004,11,2004-03-08,2004-03-14,0.0,0.0,AI,0.8,zero_fill
COG,2004,12,2004-03-15,2004-03-21,0.0,0.0,AI,0.8,zero_fill
COG,2004,13,2004-03-22,2004-03-28,0.0,0.0,AI,0.8,zero_fill
COG,2004,14,2004-03-29,2004-04-04,0.0,0.0,AI,0.8,zero_fill
COG,2004,15,2004-04-05,2004-04-11,0.0,0.0,AI,0.8,zero_fill
COG,2004,16,2004-04-12,2004-04-18,0.0,0.0,AI,0.8,zero_fill
COG,2004,17,2004-04-19,2004-04-25,0.0,0.0,AI,0.8,zero_fill
COG,2004,18,2004-04-26,2004-05-02,0.0,0.0,AI,0.8,zero_fill
COG,2004,19,2004-05-03,2004-05-09,0.0,0.0,AI,0.8,zero_fill
COG,2004,20,2004-05-10,2004-05-16,0.0,0.0,AI,0.8,zero_fill
COG,2004,21,2004-05-17,2004-05-23,0.0,0.0,AI,0.8,zero_fill
COG,2004,22,2004-05-24,2004-05-30,0.0,0.0,AI,0.8,zero_fill
COG,2004,23,2004-05-31,2004-06-06,0.0,0.0,AI,0.8,zero_fill
COG,2004,24,2004-06-07,2004-06-13,0.0,0.0,AI,0.8,zero_fill
COG,2004,25,2004-06-14,2004-06-20,0.0,0.0,AI,0.8,zero_fill
COG,2004,26,2004-06-21,2004-06-27,0.0,0.0,AI,0.8,zero_fill
COG,2004,27,2004-06-28,2004-07-04,0.0,0.0,AI,0.8,zero_fill
COG,2004,28,2004-07-05,2004-07-11,0.0,0.0,AI,0.8,zero_fill
COG,2004,29,2004-07-12,2004-07-18,0.0,0.0,AI,0.8,zero_fill
COG,2004,30,2004-07-19,2004-07-25,0.0,0.0,AI,0.8,zero_fill
COG,2004,31,2004-07-26,2004-08-01,0.0,0.0,AI,0.8,zero_fill
COG,2004,32,2004-08-02,2004-08-08,0.0,0.0,AI,0.8,zero_fill
COG,2004,33,2004-08-09,2004-08-15,0.0,0.0,AI,0.8,zero_fill
COG,2004,34,2004-08-16,2004-08-22,0.0,0.0,AI,0.8,zero_fill
COG,2004,35,2004-08-23,2004-08-29,0.0,0.0,AI,0.8,zero_fill
COG,2004,36,2004-08-30,2004-09-05,0.0,0.0,AI,0.8,zero_fill
COG,2004,37,2004-09-06,2004-09-12,0.0,0.0,AI,0.8,zero_fill
COG,2004,38,2004-09-13,2004-09-19,0.0,0.0,AI,0.8,zero_fill
COG,2004,39,2004-09-20,2004-09-26,0.0,0.0,AI,0.8,zero_fill
COG,2004,40,2004-09-27,2004-10-03,0.0,0.0,AI,0.8,zero_fill
COG,2004,41,2004-10-04,2004-10-10,0.0,0.0,AI,0.8,zero_fill
COG,2004,42,2004-10-11,2004-10-17,0.0,0.0,AI,0.8,zero_fill
COG,2004,43,2004-10-18,2004-10-24,0.0,0.0,AI,0.8,zero_fill
COG,2004,44,2004-10-25,2004-10-31,0.0,0.0,AI,0.8,zero_fill
COG,2004,45,2004-11-01,2004-11-07,0.0,0.0,AI,0.8,zero_fill
COG,2004,46,2004-11-08,2004-11-14,0.0,0.0,AI,0.8,zero_fill
COG,2004,47,2004-11-15,2004-11-21,0.0,0.0,AI,0.8,zero_fill
COG,2004,48,2004-11-22,2004-11-28,0.0,0.0,AI,0.8,zero_fill
COG,2004,49,2004-11-29,2004-12-05,0.0,0.0,AI,0.8,zero_fill
COG,2004,50,2004-12-06,2004-12-12,0.0,0.0,AI,0.8,zero_fill
COG,2004,51,2004-12-13,2004-12-19,0.0,0.0,AI,0.8,zero_fill
COG,2004,52,2004-12-20,2004-12-26,0.0,0.0,AI,0.8,zero_fill
COG,2004,53,2004-12-27,2005-01-02,0.0,0.0,JHU,1.0,zero_fill
COG,2005,1,2005-01-03,2005-01-09,0.0,0.0,JHU,1.0,zero_fill
COG,2005,2,2005-01-10,2005-01-16,0.0,0.0,JHU,1.0,zero_fill
COG,2005,3,2005-01-17,2005-01-23,0.0,0.0,JHU,1.0,zero_fill
COG,2005,4,2005-01-24,2005-01-30,0.0,0.0,JHU,1.0,zero_fill
COG,2005,5,2005-01-31,2005-02-06,0.0,0.0,JHU,1.0,zero_fill
COG,2005,6,2005-02-07,2005-02-13,0.0,0.0,JHU,1.0,zero_fill
COG,2005,7,2005-02-14,2005-02-20,0.0,0.0,JHU,1.0,zero_fill
COG,2005,8,2005-02-21,2005-02-27,0.0,0.0,JHU,1.0,zero_fill
COG,2005,9,2005-02-28,2005-03-06,0.0,0.0,JHU,1.0,zero_fill
COG,2005,10,2005-03-07,2005-03-13,0.0,0.0,JHU,1.0,zero_fill
COG,2005,11,2005-03-14,2005-03-20,0.0,0.0,JHU,1.0,zero_fill
COG,2005,12,2005-03-21,2005-03-27,0.0,0.0,JHU,1.0,zero_fill
COG,2005,13,2005-03-28,2005-04-03,0.0,0.0,JHU,1.0,zero_fill
COG,2005,14,2005-04-04,2005-04-10,0.0,0.0,JHU,1.0,zero_fill
COG,2005,15,2005-04-11,2005-04-17,0.0,0.0,JHU,1.0,zero_fill
COG,2005,16,2005-04-18,2005-04-24,0.0,0.0,JHU,1.0,zero_fill
COG,2005,17,2005-04-25,2005-05-01,0.0,0.0,JHU,1.0,zero_fill
COG,2005,18,2005-05-02,2005-05-08,0.0,0.0,JHU,1.0,zero_fill
COG,2005,19,2005-05-09,2005-05-15,0.0,0.0,JHU,1.0,zero_fill
COG,2005,20,2005-05-16,2005-05-22,0.0,0.0,JHU,1.0,zero_fill
COG,2005,21,2005-05-23,2005-05-29,0.0,0.0,JHU,1.0,zero_fill
COG,2005,22,2005-05-30,2005-06-05,0.0,0.0,JHU,1.0,zero_fill
COG,2005,23,2005-06-06,2005-06-12,0.0,0.0,JHU,1.0,zero_fill
COG,2005,24,2005-06-13,2005-06-19,0.0,0.0,JHU,1.0,zero_fill
COG,2005,25,2005-06-20,2005-06-26,0.0,0.0,JHU,1.0,zero_fill
COG,2005,26,2005-06-27,2005-07-03,0.0,0.0,JHU,1.0,zero_fill
COG,2005,27,2005-07-04,2005-07-10,0.0,0.0,JHU,1.0,zero_fill
COG,2005,28,2005-07-11,2005-07-17,0.0,0.0,JHU,1.0,zero_fill
COG,2005,29,2005-07-18,2005-07-24,0.0,0.0,JHU,1.0,zero_fill
COG,2005,30,2005-07-25,2005-07-31,0.0,0.0,JHU,1.0,zero_fill
COG,2005,31,2005-08-01,2005-08-07,0.0,0.0,JHU,1.0,zero_fill
COG,2005,32,2005-08-08,2005-08-14,0.0,0.0,JHU,1.0,zero_fill
COG,2005,33,2005-08-15,2005-08-21,0.0,0.0,JHU,1.0,zero_fill
COG,2005,34,2005-08-22,2005-08-28,0.0,0.0,JHU,1.0,zero_fill
COG,2005,35,2005-08-29,2005-09-04,0.0,0.0,JHU,1.0,zero_fill
COG,2005,36,2005-09-05,2005-09-11,0.0,0.0,JHU,1.0,zero_fill
COG,2005,37,2005-09-12,2005-09-18,0.0,0.0,JHU,1.0,zero_fill
COG,2005,38,2005-09-19,2005-09-25,0.0,0.0,JHU,1.0,zero_fill
COG,2005,39,2005-09-26,2005-10-02,0.0,0.0,JHU,1.0,zero_fill
COG,2005,40,2005-10-03,2005-10-09,0.0,0.0,JHU,1.0,zero_fill
COG,2005,41,2005-10-10,2005-10-16,0.0,0.0,JHU,1.0,zero_fill
COG,2005,42,2005-10-17,2005-10-23,0.0,0.0,JHU,1.0,zero_fill
COG,2005,43,2005-10-24,2005-10-30,0.0,0.0,JHU,1.0,zero_fill
COG,2005,44,2005-10-31,2005-11-06,0.0,0.0,JHU,1.0,zero_fill
COG,2005,45,2005-11-07,2005-11-13,0.0,0.0,JHU,1.0,zero_fill
COG,2005,46,2005-11-14,2005-11-20,0.0,0.0,JHU,1.0,zero_fill
COG,2005,47,2005-11-21,2005-11-27,0.0,0.0,JHU,1.0,zero_fill
COG,2005,48,2005-11-28,2005-12-04,0.0,0.0,JHU,1.0,zero_fill
COG,2005,49,2005-12-05,2005-12-11,0.0,0.0,JHU,1.0,zero_fill
COG,2005,50,2005-12-12,2005-12-18,0.0,0.0,JHU,1.0,zero_fill
COG,2005,51,2005-12-19,2005-12-25,0.0,0.0,JHU,1.0,zero_fill
COG,2005,52,2005-12-26,2006-01-01,0.0,0.0,JHU,1.0,zero_fill
COG,2006,1,2006-01-02,2006-01-08,3.0901,0.1766,JHU,0.7,fourier_country
COG,2006,2,2006-01-09,2006-01-15,3.3196,0.1897,JHU,0.7,fourier_country
COG,2006,3,2006-01-16,2006-01-22,3.5388,0.2022,JHU,0.7,fourier_country
COG,2006,4,2006-01-23,2006-01-29,3.7274,0.213,JHU,0.7,fourier_country
COG,2006,5,2006-01-30,2006-02-05,3.8672,0.221,JHU,0.7,fourier_country
COG,2006,6,2006-02-06,2006-02-12,3.9433,0.2253,JHU,0.7,fourier_country
COG,2006,7,2006-02-13,2006-02-19,3.9449,0.2254,JHU,0.7,fourier_country
COG,2006,8,2006-02-20,2006-02-26,3.866,0.2209,JHU,0.7,fourier_country
COG,2006,9,2006-02-27,2006-03-05,3.7061,0.2118,JHU,0.7,fourier_country
COG,2006,10,2006-03-06,2006-03-12,3.4699,0.1983,JHU,0.7,fourier_country
COG,2006,11,2006-03-13,2006-03-19,3.1674,0.181,JHU,0.7,fourier_country
COG,2006,12,2006-03-20,2006-03-26,2.8134,0.1608,JHU,0.7,fourier_country
COG,2006,13,2006-03-27,2006-04-02,2.4265,0.1387,JHU,0.7,fourier_country
COG,2006,14,2006-04-03,2006-04-09,2.0279,0.1159,JHU,0.7,fourier_country
COG,2006,15,2006-04-10,2006-04-16,1.6407,0.0938,JHU,0.7,fourier_country
COG,2006,16,2006-04-17,2006-04-23,1.2882,0.0736,JHU,0.7,fourier_country
COG,2006,17,2006-04-24,2006-04-30,0.9924,0.0567,JHU,0.7,fourier_country
COG,2006,18,2006-05-01,2006-05-07,0.773,0.0442,JHU,0.7,fourier_country
COG,2006,19,2006-05-08,2006-05-14,0.6463,0.0369,JHU,0.7,fourier_country
COG,2006,20,2006-05-15,2006-05-21,0.6237,0.0356,JHU,0.7,fourier_country
COG,2006,21,2006-05-22,2006-05-28,0.7114,0.0407,JHU,0.7,fourier_country
COG,2006,22,2006-05-29,2006-06-04,0.9101,0.052,JHU,0.7,fourier_country
COG,2006,23,2006-06-05,2006-06-11,1.2142,0.0694,JHU,0.7,fourier_country
COG,2006,24,2006-06-12,2006-06-18,1.6127,0.0922,JHU,0.7,fourier_country
COG,2006,25,2006-06-19,2006-06-25,2.0897,0.1194,JHU,0.7,fourier_country
COG,2006,26,2006-06-26,2006-07-02,2.6247,0.15,JHU,0.7,fourier_country
COG,2006,27,2006-07-03,2006-07-09,3.1941,0.1825,JHU,0.7,fourier_country
COG,2006,28,2006-07-10,2006-07-16,3.7726,0.2156,JHU,0.7,fourier_country
COG,2006,29,2006-07-17,2006-07-23,4.334,0.2477,JHU,0.7,fourier_country
COG,2006,30,2006-07-24,2006-07-30,4.8533,0.2773,JHU,0.7,fourier_country
COG,2006,31,2006-07-31,2006-08-06,5.3073,0.3033,JHU,0.7,fourier_country
COG,2006,32,2006-08-07,2006-08-13,5.6767,0.3244,JHU,0.7,fourier_country
COG,2006,33,2006-08-14,2006-08-20,5.9463,0.3398,JHU,0.7,fourier_country
COG,2006,34,2006-08-21,2006-08-27,6.1062,0.3489,JHU,0.7,fourier_country
COG,2006,35,2006-08-28,2006-09-03,6.1524,0.3516,JHU,0.7,fourier_country
COG,2006,36,2006-09-04,2006-09-10,6.0866,0.3478,JHU,0.7,fourier_country
COG,2006,37,2006-09-11,2006-09-17,5.9165,0.3381,JHU,0.7,fourier_country
COG,2006,38,2006-09-18,2006-09-24,5.6547,0.3231,JHU,0.7,fourier_country
COG,2006,39,2006-09-25,2006-10-01,5.3185,0.3039,JHU,0.7,fourier_country
COG,2006,40,2006-10-02,2006-10-08,4.9286,0.2816,JHU,0.7,fourier_country
COG,2006,41,2006-10-09,2006-10-15,4.5077,0.2576,JHU,0.7,fourier_country
COG,2006,42,2006-10-16,2006-10-22,4.0797,0.2331,JHU,0.7,fourier_country
COG,2006,43,2006-10-23,2006-10-29,3.6677,0.2096,JHU,0.7,fourier_country
COG,2006,44,2006-10-30,2006-11-05,3.2931,0.1882,JHU,0.7,fourier_country
COG,2006,45,2006-11-06,2006-11-12,2.9744,0.17,JHU,0.7,fourier_country
COG,2006,46,2006-11-13,2006-11-19,2.7259,0.1558,JHU,0.7,fourier_country
COG,2006,47,2006-11-20,2006-11-26,2.5571,0.1461,JHU,0.7,fourier_country
COG,2006,48,2006-11-27,2006-12-03,2.4722,0.1413,JHU,0.7,fourier_country
COG,2006,49,2006-12-04,2006-12-10,2.47,0.1411,JHU,0.7,fourier_country
COG,2006,50,2006-12-11,2006-12-17,2.5441,0.1454,JHU,0.7,fourier_country
COG,2006,51,2006-12-18,2006-12-24,2.6829,0.1533,JHU,0.7,fourier_country
COG,2006,52,2006-12-25,2006-12-31,2.871,0.1641,JHU,0.7,fourier_country
COG,2007,1,2007-01-01,2007-01-07,137.2921,2.3455,JHU,0.7,fourier_country
COG,2007,2,2007-01-08,2007-01-14,147.4924,2.5198,JHU,0.7,fourier_country
COG,2007,3,2007-01-15,2007-01-21,157.2301,2.6861,JHU,0.7,fourier_country
COG,2007,4,2007-01-22,2007-01-28,165.6084,2.8293,JHU,0.7,fourier_country
COG,2007,5,2007-01-29,2007-02-04,171.8206,2.9354,JHU,0.7,fourier_country
COG,2007,6,2007-02-05,2007-02-11,175.2016,2.9932,JHU,0.7,fourier_country
COG,2007,7,2007-02-12,2007-02-18,175.2714,2.9944,JHU,0.7,fourier_country
COG,2007,8,2007-02-19,2007-02-25,171.7668,2.9345,JHU,0.7,fourier_country
COG,2007,9,2007-02-26,2007-03-04,164.6605,2.8131,JHU,0.7,fourier_country
COG,2007,10,2007-03-05,2007-03-11,154.1661,2.6338,JHU,0.7,fourier_country
COG,2007,11,2007-03-12,2007-03-18,140.7287,2.4042,JHU,0.7,fourier_country
COG,2007,12,2007-03-19,2007-03-25,125.0012,2.1355,JHU,0.7,fourier_country
COG,2007,13,2007-03-26,2007-04-01,107.8086,1.8418,JHU,0.7,fourier_country
COG,2007,14,2007-04-02,2007-04-08,90.1007,1.5393,JHU,0.7,fourier_country
COG,2007,15,2007-04-09,2007-04-15,72.8986,1.2454,JHU,0.7,fourier_country
COG,2007,16,2007-04-16,2007-04-22,57.2344,0.9778,JHU,0.7,fourier_country
COG,2007,17,2007-04-23,2007-04-29,44.0915,0.7533,JHU,0.7,fourier_country
COG,2007,18,2007-04-30,2007-05-06,34.3461,0.5868,JHU,0.7,fourier_country
COG,2007,19,2007-05-07,2007-05-13,28.7147,0.4906,JHU,0.7,fourier_country
COG,2007,20,2007-05-14,2007-05-20,27.7103,0.4734,JHU,0.7,fourier_country
COG,2007,21,2007-05-21,2007-05-27,31.6096,0.54,JHU,0.7,fourier_country
COG,2007,22,2007-05-28,2007-06-03,40.4342,0.6908,JHU,0.7,fourier_country
COG,2007,23,2007-06-04,2007-06-10,53.9454,0.9216,JHU,0.7,fourier_country
COG,2007,24,2007-06-11,2007-06-17,71.6541,1.2241,JHU,0.7,fourier_country
COG,2007,25,2007-06-18,2007-06-24,92.8451,1.5862,JHU,0.7,fourier_country
COG,2007,26,2007-06-25,2007-07-01,116.614,1.9922,JHU,0.7,fourier_country
COG,2007,27,2007-07-02,2007-07-08,141.9146,2.4245,JHU,0.7,fourier_country
COG,2007,28,2007-07-09,2007-07-15,167.6155,2.8636,JHU,0.7,fourier_country
COG,2007,29,2007-07-16,2007-07-22,192.5605,3.2897,JHU,0.7,fourier_country
COG,2007,30,2007-07-23,2007-07-29,215.6309,3.6839,JHU,0.7,fourier_country
COG,2007,31,2007-07-30,2007-08-05,235.8057,4.0285,JHU,0.7,fourier_country
COG,2007,32,2007-08-06,2007-08-12,252.2163,4.3089,JHU,0.7,fourier_country
COG,2007,33,2007-08-13,2007-08-19,264.1927,4.5135,JHU,0.7,fourier_country
COG,2007,34,2007-08-20,2007-08-26,271.2979,4.6349,JHU,0.7,fourier_country
COG,2007,35,2007-08-27,2007-09-02,273.3501,4.67,JHU,0.7,fourier_country
COG,2007,36,2007-09-03,2007-09-09,270.4292,4.62,JHU,0.7,fourier_country
COG,2007,37,2007-09-10,2007-09-16,262.87,4.4909,JHU,0.7,fourier_country
COG,2007,38,2007-09-17,2007-09-23,251.2395,4.2922,JHU,0.7,fourier_country
COG,2007,39,2007-09-24,2007-09-30,236.3031,4.037,JHU,0.7,fourier_country
COG,2007,40,2007-10-01,2007-10-07,218.9778,3.741,JHU,0.7,fourier_country
COG,2007,41,2007-10-08,2007-10-14,200.2788,3.4216,JHU,0.7,fourier_country
COG,2007,42,2007-10-15,2007-10-21,181.2602,3.0967,JHU,0.7,fourier_country
COG,2007,43,2007-10-22,2007-10-28,162.9544,2.7839,JHU,0.7,fourier_country
COG,2007,44,2007-10-29,2007-11-04,146.3129,2.4996,JHU,0.7,fourier_country
COG,2007,45,2007-11-05,2007-11-11,132.1526,2.2577,JHU,0.7,fourier_country
COG,2007,46,2007-11-12,2007-11-18,121.1108,2.0691,JHU,0.7,fourier_country
COG,2007,47,2007-11-19,2007-11-25,113.6109,1.9409,JHU,0.7,fourier_country
COG,2007,48,2007-11-26,2007-12-02,109.8404,1.8765,JHU,0.7,fourier_country
COG,2007,49,2007-12-03,2007-12-09,109.7445,1.8749,JHU,0.7,fourier_country
COG,2007,50,2007-12-10,2007-12-16,113.0325,1.9311,JHU,0.7,fourier_country
COG,2007,51,2007-12-17,2007-12-23,119.1993,2.0364,JHU,0.7,fourier_country
COG,2007,52,2007-12-24,2007-12-30,127.5596,2.1792,JHU,0.7,fourier_country
COG,2008,1,2007-12-31,2008-01-06,137.2921,2.3455,JHU,0.7,fourier_country
COG,2008,2,2008-01-07,2008-01-13,2.9555,0.0758,JHU,0.7,fourier_country
COG,2008,3,2008-01-14,2008-01-20,3.1507,0.0808,JHU,0.7,fourier_country
COG,2008,4,2008-01-21,2008-01-27,3.3185,0.0851,JHU,0.7,fourier_country
COG,2008,5,2008-01-28,2008-02-03,3.443,0.0883,JHU,0.7,fourier_country
COG,2008,6,2008-02-04,2008-02-10,3.5108,0.09,JHU,0.7,fourier_country
COG,2008,7,2008-02-11,2008-02-17,3.5122,0.0901,JHU,0.7,fourier_country
COG,2008,8,2008-02-18,2008-02-24,3.442,0.0883,JHU,0.7,fourier_country
COG,2008,9,2008-02-25,2008-03-02,3.2996,0.0846,JHU,0.7,fourier_country
COG,2008,10,2008-03-03,2008-03-09,3.0893,0.0792,JHU,0.7,fourier_country
COG,2008,11,2008-03-10,2008-03-16,2.82,0.0723,JHU,0.7,fourier_country
COG,2008,12,2008-03-17,2008-03-23,2.5048,0.0642,JHU,0.7,fourier_country
COG,2008,13,2008-03-24,2008-03-30,2.1603,0.0554,JHU,0.7,fourier_country
COG,2008,14,2008-03-31,2008-04-06,1.8055,0.0463,JHU,0.7,fourier_country
COG,2008,15,2008-04-07,2008-04-13,1.4608,0.0375,JHU,0.7,fourier_country
COG,2008,16,2008-04-14,2008-04-20,1.1469,0.0294,JHU,0.7,fourier_country
COG,2008,17,2008-04-21,2008-04-27,0.8835,0.0227,JHU,0.7,fourier_country
COG,2008,18,2008-04-28,2008-05-04,0.6882,0.0176,JHU,0.7,fourier_country
COG,2008,19,2008-05-05,2008-05-11,0.5754,0.0148,JHU,0.7,fourier_country
COG,2008,20,2008-05-12,2008-05-18,0.5553,0.0142,JHU,0.7,fourier_country
COG,2008,21,2008-05-19,2008-05-25,0.6334,0.0162,JHU,0.7,fourier_country
COG,2008,22,2008-05-26,2008-06-01,0.8102,0.0208,JHU,0.7,fourier_country
COG,2008,23,2008-06-02,2008-06-08,1.081,0.0277,JHU,0.7,fourier_country
COG,2008,24,2008-06-09,2008-06-15,1.4358,0.0368,JHU,0.7,fourier_country
COG,2008,25,2008-06-16,2008-06-22,1.8605,0.0477,JHU,0.7,fourier_country
COG,2008,26,2008-06-23,2008-06-29,2.3368,0.0599,JHU,0.7,fourier_country
COG,2008,27,2008-06-30,2008-07-06,2.8438,0.0729,JHU,0.7,fourier_country
COG,2008,28,2008-07-07,2008-07-13,3.3588,0.0861,JHU,0.7,fourier_country
COG,2008,29,2008-07-14,2008-07-20,3.8586,0.0989,JHU,0.7,fourier_country
COG,2008,30,2008-07-21,2008-07-27,4.3209,0.1108,JHU,0.7,fourier_country
COG,2008,31,2008-07-28,2008-08-03,4.7252,0.1212,JHU,0.7,fourier_country
COG,2008,32,2008-08-04,2008-08-10,5.054,0.1296,JHU,0.7,fourier_country
COG,2008,33,2008-08-11,2008-08-17,5.294,0.1357,JHU,0.7,fourier_country
COG,2008,34,2008-08-18,2008-08-24,5.4364,0.1394,JHU,0.7,fourier_country
COG,2008,35,2008-08-25,2008-08-31,5.4775,0.1404,JHU,0.7,fourier_country
COG,2008,36,2008-09-01,2008-09-07,5.419,0.1389,JHU,0.7,fourier_country
COG,2008,37,2008-09-08,2008-09-14,5.2675,0.1351,JHU,0.7,fourier_country
COG,2008,38,2008-09-15,2008-09-21,5.0345,0.1291,JHU,0.7,fourier_country
COG,2008,39,2008-09-22,2008-09-28,4.7352,0.1214,JHU,0.7,fourier_country
COG,2008,40,2008-09-29,2008-10-05,4.388,0.1125,JHU,0.7,fourier_country
COG,2008,41,2008-10-06,2008-10-12,4.0133,0.1029,JHU,0.7,fourier_country
COG,2008,42,2008-10-13,2008-10-19,3.6322,0.0931,JHU,0.7,fourier_country
COG,2008,43,2008-10-20,2008-10-26,3.2654,0.0837,JHU,0.7,fourier_country
COG,2008,44,2008-10-27,2008-11-02,2.9319,0.0752,JHU,0.7,fourier_country
COG,2008,45,2008-11-03,2008-11-09,2.6481,0.0679,JHU,0.7,fourier_country
COG,2008,46,2008-11-10,2008-11-16,2.4269,0.0622,JHU,0.7,fourier_country
COG,2008,47,2008-11-17,2008-11-23,2.2766,0.0584,JHU,0.7,fourier_country
COG,2008,48,2008-11-24,2008-11-30,2.201,0.0564,JHU,0.7,fourier_country
COG,2008,49,2008-12-01,2008-12-07,2.1991,0.0564,JHU,0.7,fourier_country
COG,2008,50,2008-12-08,2008-12-14,2.265,0.0581,JHU,0.7,fourier_country
COG,2008,51,2008-12-15,2008-12-21,2.3886,0.0612,JHU,0.7,fourier_country
COG,2008,52,2008-12-22,2008-12-28,2.5561,0.0655,JHU,0.7,fourier_country
COG,2009,1,2008-12-29,2009-01-04,2.7511,0.0705,JHU,0.7,fourier_country
COG,2009,2,2009-01-05,2009-01-11,1.7642,0.0,JHU,0.7,fourier_country
COG,2009,3,2009-01-12,2009-01-18,1.8806,0.0,JHU,0.7,fourier_country
COG,2009,4,2009-01-19,2009-01-25,1.9808,0.0,JHU,0.7,fourier_country
COG,2009,5,2009-01-26,2009-02-01,2.0551,0.0,JHU,0.7,fourier_country
COG,2009,6,2009-02-02,2009-02-08,2.0956,0.0,JHU,0.7,fourier_country
COG,2009,7,2009-02-09,2009-02-15,2.0964,0.0,JHU,0.7,fourier_country
COG,2009,8,2009-02-16,2009-02-22,2.0545,0.0,JHU,0.7,fourier_country
COG,2009,9,2009-02-23,2009-03-01,1.9695,0.0,JHU,0.7,fourier_country
COG,2009,10,2009-03-02,2009-03-08,1.844,0.0,JHU,0.7,fourier_country
COG,2009,11,2009-03-09,2009-03-15,1.6833,0.0,JHU,0.7,fourier_country
COG,2009,12,2009-03-16,2009-03-22,1.4951,0.0,JHU,0.7,fourier_country
COG,2009,13,2009-03-23,2009-03-29,1.2895,0.0,JHU,0.7,fourier_country
COG,2009,14,2009-03-30,2009-04-05,1.0777,0.0,JHU,0.7,fourier_country
COG,2009,15,2009-04-06,2009-04-12,0.8719,0.0,JHU,0.7,fourier_country
COG,2009,16,2009-04-13,2009-04-19,0.6846,0.0,JHU,0.7,fourier_country
COG,2009,17,2009-04-20,2009-04-26,0.5274,0.0,JHU,0.7,fourier_country
COG,2009,18,2009-04-27,2009-05-03,0.4108,0.0,JHU,0.7,fourier_country
COG,2009,19,2009-05-04,2009-05-10,0.3435,0.0,JHU,0.7,fourier_country
COG,2009,20,2009-05-11,2009-05-17,0.3314,0.0,JHU,0.7,fourier_country
COG,2009,21,2009-05-18,2009-05-24,0.3781,0.0,JHU,0.7,fourier_country
COG,2009,22,2009-05-25,2009-05-31,0.4836,0.0,JHU,0.7,fourier_country
COG,2009,23,2009-06-01,2009-06-07,0.6452,0.0,JHU,0.7,fourier_country
COG,2009,24,2009-06-08,2009-06-14,0.8571,0.0,JHU,0.7,fourier_country
COG,2009,25,2009-06-15,2009-06-21,1.1105,0.0,JHU,0.7,fourier_country
COG,2009,26,2009-06-22,2009-06-28,1.3948,0.0,JHU,0.7,fourier_country
COG,2009,27,2009-06-29,2009-07-05,1.6974,0.0,JHU,0.7,fourier_country
COG,2009,28,2009-07-06,2009-07-12,2.0048,0.0,JHU,0.7,fourier_country
COG,2009,29,2009-07-13,2009-07-19,2.3032,0.0,JHU,0.7,fourier_country
COG,2009,30,2009-07-20,2009-07-26,2.5792,0.0,JHU,0.7,fourier_country
COG,2009,31,2009-07-27,2009-08-02,2.8205,0.0,JHU,0.7,fourier_country
COG,2009,32,2009-08-03,2009-08-09,3.0168,0.0,JHU,0.7,fourier_country
COG,2009,33,2009-08-10,2009-08-16,3.16,0.0,JHU,0.7,fourier_country
COG,2009,34,2009-08-17,2009-08-23,3.245,0.0,JHU,0.7,fourier_country
COG,2009,35,2009-08-24,2009-08-30,3.2695,0.0,JHU,0.7,fourier_country
COG,2009,36,2009-08-31,2009-09-06,3.2346,0.0,JHU,0.7,fourier_country
COG,2009,37,2009-09-07,2009-09-13,3.1442,0.0,JHU,0.7,fourier_country
COG,2009,38,2009-09-14,2009-09-20,3.0051,0.0,JHU,0.7,fourier_country
COG,2009,39,2009-09-21,2009-09-27,2.8264,0.0,JHU,0.7,fourier_country
COG,2009,40,2009-09-28,2009-10-04,2.6192,0.0,JHU,0.7,fourier_country
COG,2009,41,2009-10-05,2009-10-11,2.3955,0.0,JHU,0.7,fourier_country
COG,2009,42,2009-10-12,2009-10-18,2.1681,0.0,JHU,0.7,fourier_country
COG,2009,43,2009-10-19,2009-10-25,1.9491,0.0,JHU,0.7,fourier_country
COG,2009,44,2009-10-26,2009-11-01,1.75,0.0,JHU,0.7,fourier_country
COG,2009,45,2009-11-02,2009-11-08,1.5807,0.0,JHU,0.7,fourier_country
COG,2009,46,2009-11-09,2009-11-15,1.4486,0.0,JHU,0.7,fourier_country
COG,2009,47,2009-11-16,2009-11-22,1.3589,0.0,JHU,0.7,fourier_country
COG,2009,48,2009-11-23,2009-11-29,1.3138,0.0,JHU,0.7,fourier_country
COG,2009,49,2009-11-30,2009-12-06,1.3127,0.0,JHU,0.7,fourier_country
COG,2009,50,2009-12-07,2009-12-13,1.352,0.0,JHU,0.7,fourier_country
COG,2009,51,2009-12-14,2009-12-20,1.4257,0.0,JHU,0.7,fourier_country
COG,2009,52,2009-12-21,2009-12-27,1.5257,0.0,JHU,0.7,fourier_country
COG,2009,53,2009-12-28,2010-01-03,1.5257,0.0,JHU,0.7,fourier_country
COG,2010,1,2010-01-04,2010-01-10,0.0,0.0,AI,0.8,zero_fill
COG,2010,2,2010-01-11,2010-01-17,0.0,0.0,AI,0.8,zero_fill
COG,2010,3,2010-01-18,2010-01-24,0.0,0.0,AI,0.8,zero_fill
COG,2010,4,2010-01-25,2010-01-31,0.0,0.0,AI,0.8,zero_fill
COG,2010,5,2010-02-01,2010-02-07,0.0,0.0,AI,0.8,zero_fill
COG,2010,6,2010-02-08,2010-02-14,0.0,0.0,AI,0.8,zero_fill
COG,2010,7,2010-02-15,2010-02-21,0.0,0.0,AI,0.8,zero_fill
COG,2010,8,2010-02-22,2010-02-28,0.0,0.0,AI,0.8,zero_fill
COG,2010,9,2010-03-01,2010-03-07,0.0,0.0,AI,0.8,zero_fill
COG,2010,10,2010-03-08,2010-03-14,0.0,0.0,AI,0.8,zero_fill
COG,2010,11,2010-03-15,2010-03-21,0.0,0.0,AI,0.8,zero_fill
COG,2010,12,2010-03-22,2010-03-28,0.0,0.0,AI,0.8,zero_fill
COG,2010,13,2010-03-29,2010-04-04,0.0,0.0,AI,0.8,zero_fill
COG,2010,14,2010-04-05,2010-04-11,0.0,0.0,AI,0.8,zero_fill
COG,2010,15,2010-04-12,2010-04-18,0.0,0.0,AI,0.8,zero_fill
COG,2010,16,2010-04-19,2010-04-25,0.0,0.0,AI,0.8,zero_fill
COG,2010,17,2010-04-26,2010-05-02,0.0,0.0,AI,0.8,zero_fill
COG,2010,18,2010-05-03,2010-05-09,0.0,0.0,AI,0.8,zero_fill
COG,2010,19,2010-05-10,2010-05-16,0.0,0.0,AI,0.8,zero_fill
COG,2010,20,2010-05-17,2010-05-23,0.0,0.0,AI,0.8,zero_fill
COG,2010,21,2010-05-24,2010-05-30,0.0,0.0,AI,0.8,zero_fill
COG,2010,22,2010-05-31,2010-06-06,0.0,0.0,AI,0.8,zero_fill
COG,2010,23,2010-06-07,2010-06-13,0.0,0.0,AI,0.8,zero_fill
COG,2010,24,2010-06-14,2010-06-20,0.0,0.0,AI,0.8,zero_fill
COG,2010,25,2010-06-21,2010-06-27,0.0,0.0,AI,0.8,zero_fill
COG,2010,26,2010-06-28,2010-07-04,0.0,0.0,AI,0.8,zero_fill
COG,2010,27,2010-07-05,2010-07-11,0.0,0.0,AI,0.8,zero_fill
COG,2010,28,2010-07-12,2010-07-18,0.0,0.0,AI,0.8,zero_fill
COG,2010,29,2010-07-19,2010-07-25,0.0,0.0,AI,0.8,zero_fill
COG,2010,30,2010-07-26,2010-08-01,0.0,0.0,AI,0.8,zero_fill
COG,2010,31,2010-08-02,2010-08-08,0.0,0.0,AI,0.8,zero_fill
COG,2010,32,2010-08-09,2010-08-15,0.0,0.0,AI,0.8,zero_fill
COG,2010,33,2010-08-16,2010-08-22,0.0,0.0,AI,0.8,zero_fill
COG,2010,34,2010-08-23,2010-08-29,0.0,0.0,AI,0.8,zero_fill
COG,2010,35,2010-08-30,2010-09-05,0.0,0.0,AI,0.8,zero_fill
COG,2010,36,2010-09-06,2010-09-12,0.0,0.0,AI,0.8,zero_fill
COG,2010,37,2010-09-13,2010-09-19,0.0,0.0,AI,0.8,zero_fill
COG,2010,38,2010-09-20,2010-09-26,0.0,0.0,AI,0.8,zero_fill
COG,2010,39,2010-09-27,2010-10-03,0.0,0.0,AI,0.8,zero_fill
COG,2010,40,2010-10-04,2010-10-10,0.0,0.0,AI,0.8,zero_fill
COG,2010,41,2010-10-11,2010-10-17,0.0,0.0,AI,0.8,zero_fill
COG,2010,42,2010-10-18,2010-10-24,0.0,0.0,AI,0.8,zero_fill
COG,2010,43,2010-10-25,2010-10-31,0.0,0.0,AI,0.8,zero_fill
COG,2010,44,2010-11-01,2010-11-07,0.0,0.0,AI,0.8,zero_fill
COG,2010,45,2010-11-08,2010-11-14,0.0,0.0,AI,0.8,zero_fill
COG,2010,46,2010-11-15,2010-11-21,0.0,0.0,AI,0.8,zero_fill
COG,2010,47,2010-11-22,2010-11-28,0.0,0.0,AI,0.8,zero_fill
COG,2010,48,2010-11-29,2010-12-05,0.0,0.0,AI,0.8,zero_fill
COG,2010,49,2010-12-06,2010-12-12,0.0,0.0,AI,0.8,zero_fill
COG,2010,50,2010-12-13,2010-12-19,0.0,0.0,AI,0.8,zero_fill
COG,2010,51,2010-12-20,2010-12-26,0.0,0.0,AI,0.8,zero_fill
COG,2010,52,2010-12-27,2011-01-02,8.4154,0.4936,JHU,0.665,fourier_country
COG,2011,1,2011-01-03,2011-01-09,9.0575,0.5312,JHU,0.665,fourier_country
COG,2011,2,2011-01-10,2011-01-16,9.7304,0.5707,JHU,0.665,fourier_country
COG,2011,3,2011-01-17,2011-01-23,10.3729,0.6084,JHU,0.665,fourier_country
COG,2011,4,2011-01-24,2011-01-30,10.9256,0.6408,JHU,0.665,fourier_country
COG,2011,5,2011-01-31,2011-02-06,11.3354,0.6648,JHU,0.665,fourier_country
COG,2011,6,2011-02-07,2011-02-13,11.5585,0.6779,JHU,0.665,fourier_country
COG,2011,7,2011-02-14,2011-02-20,11.5631,0.6782,JHU,0.665,fourier_country
COG,2011,8,2011-02-21,2011-02-27,11.3319,0.6646,JHU,0.665,fourier_country
COG,2011,9,2011-02-28,2011-03-06,10.8631,0.6371,JHU,0.665,fourier_country
COG,2011,10,2011-03-07,2011-03-13,10.1707,0.5965,JHU,0.665,fourier_country
COG,2011,11,2011-03-14,2011-03-20,9.2842,0.5445,JHU,0.665,fourier_country
COG,2011,12,2011-03-21,2011-03-27,8.2466,0.4837,JHU,0.665,fourier_country
COG,2011,13,2011-03-28,2011-04-03,7.1124,0.4171,JHU,0.665,fourier_country
COG,2011,14,2011-04-04,2011-04-10,5.9442,0.3486,JHU,0.665,fourier_country
COG,2011,15,2011-04-11,2011-04-17,4.8093,0.2821,JHU,0.665,fourier_country
COG,2011,16,2011-04-18,2011-04-24,3.7759,0.2215,JHU,0.665,fourier_country
COG,2011,17,2011-04-25,2011-05-01,2.9088,0.1706,JHU,0.665,fourier_country
COG,2011,18,2011-05-02,2011-05-08,2.2659,0.1329,JHU,0.665,fourier_country
COG,2011,19,2011-05-09,2011-05-15,1.8944,0.1111,JHU,0.665,fourier_country
COG,2011,20,2011-05-16,2011-05-22,1.8281,0.1072,JHU,0.665,fourier_country
COG,2011,21,2011-05-23,2011-05-29,2.0854,0.1223,JHU,0.665,fourier_country
COG,2011,22,2011-05-30,2011-06-05,2.6675,0.1565,JHU,0.665,fourier_country
COG,2011,23,2011-06-06,2011-06-12,3.5589,0.2087,JHU,0.665,fourier_country
COG,2011,24,2011-06-13,2011-06-19,4.7272,0.2773,JHU,0.665,fourier_country
COG,2011,25,2011-06-20,2011-06-26,6.1252,0.3593,JHU,0.665,fourier_country
COG,2011,26,2011-06-27,2011-07-03,7.6933,0.4512,JHU,0.665,fourier_country
COG,2011,27,2011-07-04,2011-07-10,9.3625,0.5491,JHU,0.665,fourier_country
COG,2011,28,2011-07-11,2011-07-17,11.058,0.6486,JHU,0.665,fourier_country
COG,2011,29,2011-07-18,2011-07-24,12.7037,0.7451,JHU,0.665,fourier_country
COG,2011,30,2011-07-25,2011-07-31,14.2257,0.8344,JHU,0.665,fourier_country
COG,2011,31,2011-08-01,2011-08-07,15.5567,0.9124,JHU,0.665,fourier_country
COG,2011,32,2011-08-08,2011-08-14,16.6393,0.9759,JHU,0.665,fourier_country
COG,2011,33,2011-08-15,2011-08-21,17.4295,1.0223,JHU,0.665,fourier_country
COG,2011,34,2011-08-22,2011-08-28,17.8982,1.0497,JHU,0.665,fourier_country
COG,2011,35,2011-08-29,2011-09-04,18.0336,1.0577,JHU,0.665,fourier_country
COG,2011,36,2011-09-05,2011-09-11,17.8409,1.0464,JHU,0.665,fourier_country
COG,2011,37,2011-09-12,2011-09-18,25.7621,,JHU,0.7,fourier_country
COG,2011,38,2011-09-19,2011-09-25,24.6222,,JHU,0.7,fourier_country
COG,2011,39,2011-09-26,2011-10-02,23.1584,,JHU,0.7,fourier_country
COG,2011,40,2011-10-03,2011-10-09,21.4605,,JHU,0.7,fourier_country
COG,2011,41,2011-10-10,2011-10-16,19.6279,,JHU,0.7,fourier_country
COG,2011,42,2011-10-17,2011-10-23,17.7641,,JHU,0.7,fourier_country
COG,2011,43,2011-10-24,2011-10-30,15.97,,JHU,0.7,fourier_country
COG,2011,44,2011-10-31,2011-11-06,14.3391,,JHU,0.7,fourier_country
COG,2011,45,2011-11-07,2011-11-13,12.9514,,JHU,0.7,fourier_country
COG,2011,46,2011-11-14,2011-11-20,11.8692,,JHU,0.7,fourier_country
COG,2011,47,2011-11-21,2011-11-27,11.1342,,JHU,0.7,fourier_country
COG,2011,48,2011-11-28,2011-12-04,10.7647,,JHU,0.7,fourier_country
COG,2011,49,2011-12-05,2011-12-11,10.7553,,JHU,0.7,fourier_country
COG,2011,50,2011-12-12,2011-12-18,11.0775,,JHU,0.7,fourier_country
COG,2011,51,2011-12-19,2011-12-25,11.6819,,JHU,0.7,fourier_country
COG,2011,52,2011-12-26,2012-01-01,12.5012,,JHU,0.7,fourier_country
COG,2012,1,2012-01-02,2012-01-08,20.4917,0.642,JHU,0.7,fourier_country
COG,2012,2,2012-01-09,2012-01-15,22.0142,0.6897,JHU,0.7,fourier_country
COG,2012,3,2012-01-16,2012-01-22,23.4676,0.7352,JHU,0.7,fourier_country
COG,2012,4,2012-01-23,2012-01-29,24.7181,0.7744,JHU,0.7,fourier_country
COG,2012,5,2012-01-30,2012-02-05,25.6453,0.8035,JHU,0.7,fourier_country
COG,2012,6,2012-02-06,2012-02-12,26.15,0.8193,JHU,0.7,fourier_country
COG,2012,7,2012-02-13,2012-02-19,26.1604,0.8196,JHU,0.7,fourier_country
COG,2012,8,2012-02-20,2012-02-26,25.6373,0.8032,JHU,0.7,fourier_country
COG,2012,9,2012-02-27,2012-03-04,24.5766,0.77,JHU,0.7,fourier_country
COG,2012,10,2012-03-05,2012-03-11,23.0103,0.7209,JHU,0.7,fourier_country
COG,2012,11,2012-03-12,2012-03-18,21.0047,0.6581,JHU,0.7,fourier_country
COG,2012,12,2012-03-19,2012-03-25,18.6572,0.5845,JHU,0.7,fourier_country
COG,2012,13,2012-03-26,2012-04-01,16.0911,0.5041,JHU,0.7,fourier_country
COG,2012,14,2012-04-02,2012-04-08,13.4481,0.4213,JHU,0.7,fourier_country
COG,2012,15,2012-04-09,2012-04-15,10.8806,0.3409,JHU,0.7,fourier_country
COG,2012,16,2012-04-16,2012-04-22,8.5426,0.2676,JHU,0.7,fourier_country
COG,2012,17,2012-04-23,2012-04-29,6.5809,0.2062,JHU,0.7,fourier_country
COG,2012,18,2012-04-30,2012-05-06,5.1264,0.1606,JHU,0.7,fourier_country
COG,2012,19,2012-05-07,2012-05-13,4.2859,0.1343,JHU,0.7,fourier_country
COG,2012,20,2012-05-14,2012-05-20,4.1359,0.1296,JHU,0.7,fourier_country
COG,2012,21,2012-05-21,2012-05-27,4.7179,0.1478,JHU,0.7,fourier_country
COG,2012,22,2012-05-28,2012-06-03,6.0351,0.1891,JHU,0.7,fourier_country
COG,2012,23,2012-06-04,2012-06-10,8.0517,0.2523,JHU,0.7,fourier_country
COG,2012,24,2012-06-11,2012-06-17,10.6948,0.3351,JHU,0.7,fourier_country
COG,2012,25,2012-06-18,2012-06-24,13.8577,0.4342,JHU,0.7,fourier_country
COG,2012,26,2012-06-25,2012-07-01,17.4054,0.5453,JHU,0.7,fourier_country
COG,2012,27,2012-07-02,2012-07-08,21.1817,0.6636,JHU,0.7,fourier_country
COG,2012,28,2012-07-09,2012-07-15,25.0177,0.7838,JHU,0.7,fourier_country
COG,2012,29,2012-07-16,2012-07-22,28.7409,0.9004,JHU,0.7,fourier_country
COG,2012,30,2012-07-23,2012-07-29,32.1843,1.0083,JHU,0.7,fourier_country
COG,2012,31,2012-07-30,2012-08-05,35.1955,1.1027,JHU,0.7,fourier_country
COG,2012,32,2012-08-06,2012-08-12,37.6449,1.1794,JHU,0.7,fourier_country
COG,2012,33,2012-08-13,2012-08-19,39.4324,1.2354,JHU,0.7,fourier_country
COG,2012,34,2012-08-20,2012-08-26,40.4929,1.2686,JHU,0.7,fourier_country
COG,2012,35,2012-08-27,2012-09-02,40.7992,1.2782,JHU,0.7,fourier_country
COG,2012,36,2012-09-03,2012-09-09,40.3633,1.2646,JHU,0.7,fourier_country
COG,2012,37,2012-09-10,2012-09-16,39.235,1.2292,JHU,0.7,fourier_country
COG,2012,38,2012-09-17,2012-09-23,37.4991,1.1748,JHU,0.7,fourier_country
COG,2012,39,2012-09-24,2012-09-30,35.2697,1.105,JHU,0.7,fourier_country
COG,2012,40,2012-10-01,2012-10-07,32.6838,1.024,JHU,0.7,fourier_country
COG,2012,41,2012-10-08,2012-10-14,29.8929,0.9365,JHU,0.7,fourier_country
COG,2012,42,2012-10-15,2012-10-21,27.0542,0.8476,JHU,0.7,fourier_country
COG,2012,43,2012-10-22,2012-10-28,24.322,0.762,JHU,0.7,fourier_country
COG,2012,44,2012-10-29,2012-11-04,21.8381,0.6842,JHU,0.7,fourier_country
COG,2012,45,2012-11-05,2012-11-11,19.7246,0.618,JHU,0.7,fourier_country
COG,2012,46,2012-11-12,2012-11-18,18.0766,0.5663,JHU,0.7,fourier_country
COG,2012,47,2012-11-19,2012-11-25,16.9571,0.5313,JHU,0.7,fourier_country
COG,2012,48,2012-11-26,2012-12-02,16.3944,0.5136,JHU,0.7,fourier_country
COG,2012,49,2012-12-03,2012-12-09,16.3801,0.5132,JHU,0.7,fourier_country
COG,2012,50,2012-12-10,2012-12-16,16.8708,0.5286,JHU,0.7,fourier_country
COG,2012,51,2012-12-17,2012-12-23,17.7913,0.5574,JHU,0.7,fourier_country
COG,2012,52,2012-12-24,2012-12-30,19.0391,0.5965,JHU,0.7,fourier_country
COG,2013,1,2012-12-31,2013-01-06,20.4917,0.642,JHU,0.7,fourier_country
COG,2013,2,2013-01-07,2013-01-13,31.3202,4.2622,JHU,0.7,fourier_country
COG,2013,3,2013-01-14,2013-01-20,33.388,4.5436,JHU,0.7,fourier_country
COG,2013,4,2013-01-21,2013-01-27,35.1671,4.7857,JHU,0.7,fourier_country
COG,2013,5,2013-01-28,2013-02-03,36.4863,4.9652,JHU,0.7,fourier_country
COG,2013,6,2013-02-04,2013-02-10,37.2043,5.0629,JHU,0.7,fourier_country
COG,2013,7,2013-02-11,2013-02-17,37.2191,5.0649,JHU,0.7,fourier_country
COG,2013,8,2013-02-18,2013-02-24,36.4749,4.9636,JHU,0.7,fourier_country
COG,2013,9,2013-02-25,2013-03-03,34.9659,4.7583,JHU,0.7,fourier_country
COG,2013,10,2013-03-04,2013-03-10,32.7374,4.455,JHU,0.7,fourier_country
COG,2013,11,2013-03-11,2013-03-17,29.8839,4.0667,JHU,0.7,fourier_country
COG,2013,12,2013-03-18,2013-03-24,26.5442,3.6122,JHU,0.7,fourier_country
COG,2013,13,2013-03-25,2013-03-31,22.8933,3.1154,JHU,0.7,fourier_country
COG,2013,14,2013-04-01,2013-04-07,19.133,2.6037,JHU,0.7,fourier_country
COG,2013,15,2013-04-08,2013-04-14,15.4801,2.1066,JHU,0.7,fourier_country
COG,2013,16,2013-04-15,2013-04-21,12.1538,1.6539,JHU,0.7,fourier_country
COG,2013,17,2013-04-22,2013-04-28,9.3629,1.2741,JHU,0.7,fourier_country
COG,2013,18,2013-04-29,2013-05-05,7.2934,0.9925,JHU,0.7,fourier_country
COG,2013,19,2013-05-06,2013-05-12,6.0976,0.8298,JHU,0.7,fourier_country
COG,2013,20,2013-05-13,2013-05-19,5.8843,0.8008,JHU,0.7,fourier_country
COG,2013,21,2013-05-20,2013-05-26,6.7123,0.9134,JHU,0.7,fourier_country
COG,2013,22,2013-05-27,2013-06-02,8.5862,1.1684,JHU,0.7,fourier_country
COG,2013,23,2013-06-03,2013-06-09,11.4554,1.5589,JHU,0.7,fourier_country
COG,2013,24,2013-06-10,2013-06-16,15.2158,2.0706,JHU,0.7,fourier_country
COG,2013,25,2013-06-17,2013-06-23,19.7158,2.683,JHU,0.7,fourier_country
COG,2013,26,2013-06-24,2013-06-30,24.7631,3.3699,JHU,0.7,fourier_country
COG,2013,27,2013-07-01,2013-07-07,30.1357,4.101,JHU,0.7,fourier_country
COG,2013,28,2013-07-08,2013-07-14,35.5934,4.8437,JHU,0.7,fourier_country
COG,2013,29,2013-07-15,2013-07-21,40.8905,5.5645,JHU,0.7,fourier_country
COG,2013,30,2013-07-22,2013-07-28,45.7895,6.2312,JHU,0.7,fourier_country
COG,2013,31,2013-07-29,2013-08-04,50.0736,6.8142,JHU,0.7,fourier_country
COG,2013,32,2013-08-05,2013-08-11,53.5584,7.2884,JHU,0.7,fourier_country
COG,2013,33,2013-08-12,2013-08-18,56.1016,7.6345,JHU,0.7,fourier_country
COG,2013,34,2013-08-19,2013-08-25,57.6104,7.8398,JHU,0.7,fourier_country
COG,2013,35,2013-08-26,2013-09-01,58.0462,7.8991,JHU,0.7,fourier_country
COG,2013,36,2013-09-02,2013-09-08,57.426,7.8147,JHU,0.7,fourier_country
COG,2013,37,2013-09-09,2013-09-15,55.8208,7.5963,JHU,0.7,fourier_country
COG,2013,38,2013-09-16,2013-09-22,53.351,7.2602,JHU,0.7,fourier_country
COG,2013,39,2013-09-23,2013-09-29,50.1792,6.8286,JHU,0.7,fourier_country
COG,2013,40,2013-09-30,2013-10-06,46.5002,6.3279,JHU,0.7,fourier_country
COG,2013,41,2013-10-07,2013-10-13,42.5294,5.7876,JHU,0.7,fourier_country
COG,2013,42,2013-10-14,2013-10-20,38.4908,5.238,JHU,0.7,fourier_country
COG,2013,43,2013-10-21,2013-10-27,34.6036,4.709,JHU,0.7,fourier_country
COG,2013,44,2013-10-28,2013-11-03,31.0697,4.2281,JHU,0.7,fourier_country
COG,2013,45,2013-11-04,2013-11-10,28.0628,3.8189,JHU,0.7,fourier_country
COG,2013,46,2013-11-11,2013-11-17,25.718,3.4998,JHU,0.7,fourier_country
COG,2013,47,2013-11-18,2013-11-24,24.1254,3.2831,JHU,0.7,fourier_country
COG,2013,48,2013-11-25,2013-12-01,23.3248,3.1741,JHU,0.7,fourier_country
COG,2013,49,2013-12-02,2013-12-08,23.3044,3.1713,JHU,0.7,fourier_country
COG,2013,50,2013-12-09,2013-12-15,24.0026,3.2664,JHU,0.7,fourier_country
COG,2013,51,2013-12-16,2013-12-22,25.3121,3.4446,JHU,0.7,fourier_country
COG,2013,52,2013-12-23,2013-12-29,27.0874,3.6862,JHU,0.7,fourier_country
COG,2014,1,2013-12-30,2014-01-05,0.0,,JHU,0.9,observed
COG,2014,2,2014-01-06,2014-01-12,0.0,,JHU,0.9,observed
COG,2014,3,2014-01-13,2014-01-19,0.0,,JHU,0.9,observed
COG,2014,4,2014-01-20,2014-01-26,0.0,,JHU,0.9,observed
COG,2014,5,2014-01-27,2014-02-02,0.0,,JHU,0.9,observed
COG,2014,6,2014-02-03,2014-02-09,0.0,,JHU,0.9,observed
COG,2014,7,2014-02-10,2014-02-16,0.0,,JHU,0.9,observed
COG,2014,8,2014-02-17,2014-02-23,0.0,,JHU,0.9,observed
COG,2014,9,2014-02-24,2014-03-02,0.0,,JHU,0.9,observed
COG,2014,10,2014-03-03,2014-03-09,0.0,,JHU,0.9,observed
COG,2014,11,2014-03-10,2014-03-16,0.0,,JHU,0.9,observed
COG,2014,12,2014-03-17,2014-03-23,0.0,,JHU,0.9,observed
COG,2014,13,2014-03-24,2014-03-30,0.0,,JHU,0.9,observed
COG,2014,14,2014-03-31,2014-04-06,0.0,,JHU,0.9,observed
COG,2014,15,2014-04-07,2014-04-13,0.0,,JHU,0.9,observed
COG,2014,16,2014-04-14,2014-04-20,0.0,,JHU,0.9,observed
COG,2014,17,2014-04-21,2014-04-27,0.0,,JHU,0.9,observed
COG,2014,18,2014-04-28,2014-05-04,0.0,,JHU,0.9,observed
COG,2014,19,2014-05-05,2014-05-11,0.0,,JHU,0.9,observed
COG,2014,20,2014-05-12,2014-05-18,0.0,,JHU,0.9,observed
COG,2014,21,2014-05-19,2014-05-25,0.0,,JHU,0.9,observed
COG,2014,22,2014-05-26,2014-06-01,0.0,,JHU,0.9,observed
COG,2014,23,2014-06-02,2014-06-08,0.0,,JHU,0.9,observed
COG,2014,24,2014-06-09,2014-06-15,0.0,,JHU,0.9,observed
COG,2014,25,2014-06-16,2014-06-22,0.0,,JHU,0.9,observed
COG,2014,26,2014-06-23,2014-06-29,0.0,,JHU,0.9,observed
COG,2014,27,2014-06-30,2014-07-06,0.0,,JHU,0.9,observed
COG,2014,28,2014-07-07,2014-07-13,0.0,,JHU,0.9,observed
COG,2014,29,2014-07-14,2014-07-20,0.0,,JHU,0.9,observed
COG,2014,30,2014-07-21,2014-07-27,0.0,,JHU,0.9,observed
COG,2014,31,2014-07-28,2014-08-03,0.0,,JHU,0.9,observed
COG,2014,32,2014-08-04,2014-08-10,0.0,,JHU,0.9,observed
COG,2014,33,2014-08-11,2014-08-17,0.0,,JHU,0.9,observed
COG,2014,34,2014-08-18,2014-08-24,0.0,,JHU,0.9,observed
COG,2014,35,2014-08-25,2014-08-31,0.0,,JHU,0.9,observed
COG,2014,36,2014-09-01,2014-09-07,0.0,,JHU,0.9,observed
COG,2014,37,2014-09-08,2014-09-14,0.0,,JHU,0.9,observed
COG,2014,38,2014-09-15,2014-09-21,0.0,,JHU,0.9,observed
COG,2014,39,2014-09-22,2014-09-28,0.0,,JHU,0.9,observed
COG,2014,40,2014-09-29,2014-10-05,0.0,,JHU,0.9,observed
COG,2014,41,2014-10-06,2014-10-12,0.0,,JHU,0.9,observed
COG,2014,42,2014-10-13,2014-10-19,0.0,,JHU,0.9,observed
COG,2014,43,2014-10-20,2014-10-26,0.0,,JHU,0.9,observed
COG,2014,44,2014-10-27,2014-11-02,0.0,,JHU,0.9,observed
COG,2014,45,2014-11-03,2014-11-09,0.0,,JHU,0.9,observed
COG,2014,46,2014-11-10,2014-11-16,0.0,,JHU,0.9,observed
COG,2014,47,2014-11-17,2014-11-23,0.0,,JHU,0.9,observed
COG,2014,48,2014-11-24,2014-11-30,0.0,,JHU,0.9,observed
COG,2014,49,2014-12-01,2014-12-07,0.0,,JHU,0.9,observed
COG,2015,1,2014-12-29,2015-01-04,0.0,,JHU,0.9,observed
COG,2015,2,2015-01-05,2015-01-11,0.0,,JHU,0.9,observed
COG,2015,3,2015-01-12,2015-01-18,0.0,,JHU,0.9,observed
COG,2015,4,2015-01-19,2015-01-25,0.0,,JHU,0.9,observed
COG,2015,5,2015-01-26,2015-02-01,0.0,,JHU,0.9,observed
COG,2015,6,2015-02-02,2015-02-08,0.0,,JHU,0.9,observed
COG,2015,7,2015-02-09,2015-02-15,0.0,,JHU,0.9,observed
COG,2015,8,2015-02-16,2015-02-22,0.0,,JHU,0.9,observed
COG,2015,9,2015-02-23,2015-03-01,0.0,,JHU,0.9,observed
COG,2015,10,2015-03-02,2015-03-08,0.0,,JHU,0.9,observed
COG,2015,11,2015-03-09,2015-03-15,0.0,,JHU,0.9,observed
COG,2015,12,2015-03-16,2015-03-22,0.0,,JHU,0.9,observed
COG,2015,13,2015-03-23,2015-03-29,0.0,,JHU,0.9,observed
COG,2015,14,2015-03-30,2015-04-05,0.0,,JHU,0.9,observed
COG,2015,15,2015-04-06,2015-04-12,0.0,,JHU,0.9,observed
COG,2015,16,2015-04-13,2015-04-19,0.0,,JHU,0.9,observed
COG,2015,17,2015-04-20,2015-04-26,0.0,,JHU,0.9,observed
COG,2015,18,2015-04-27,2015-05-03,0.0,,JHU,0.9,observed
COG,2015,19,2015-05-04,2015-05-10,0.0,,JHU,0.9,observed
COG,2015,20,2015-05-11,2015-05-17,0.0,,JHU,0.9,observed
COG,2015,21,2015-05-18,2015-05-24,0.0,,JHU,0.9,observed
COG,2015,22,2015-05-25,2015-05-31,0.0,,JHU,0.9,observed
COG,2015,23,2015-06-01,2015-06-07,0.0,,JHU,0.9,observed
COG,2015,24,2015-06-08,2015-06-14,0.0,,JHU,0.9,observed
COG,2015,25,2015-06-15,2015-06-21,0.0,,JHU,0.9,observed
COG,2015,26,2015-06-22,2015-06-28,0.0,,JHU,0.9,observed
COG,2015,27,2015-06-29,2015-07-05,0.0,,JHU,0.9,observed
COG,2015,28,2015-07-06,2015-07-12,0.0,,JHU,0.9,observed
COG,2015,29,2015-07-13,2015-07-19,0.0,,JHU,0.9,observed
COG,2015,30,2015-07-20,2015-07-26,0.0,,JHU,0.9,observed
COG,2015,31,2015-07-27,2015-08-02,0.0,,JHU,0.9,observed
COG,2015,32,2015-08-03,2015-08-09,0.0,,JHU,0.9,observed
COG,2015,33,2015-08-10,2015-08-16,0.0,,JHU,0.9,observed
COG,2015,34,2015-08-17,2015-08-23,0.0,,JHU,0.9,observed
COG,2015,35,2015-08-24,2015-08-30,0.0,,JHU,0.9,observed
COG,2015,36,2015-08-31,2015-09-06,0.0,,JHU,0.9,observed
COG,2015,37,2015-09-07,2015-09-13,0.0,,JHU,0.9,observed
COG,2015,38,2015-09-14,2015-09-20,0.0,,JHU,0.9,observed
COG,2015,39,2015-09-21,2015-09-27,0.0,,JHU,0.9,observed
COG,2015,40,2015-09-28,2015-10-04,0.0,,JHU,0.9,observed
COG,2015,41,2015-10-05,2015-10-11,0.0,,JHU,0.9,observed
COG,2015,42,2015-10-12,2015-10-18,0.0,,JHU,0.9,observed
COG,2015,43,2015-10-19,2015-10-25,0.0,,JHU,0.9,observed
COG,2015,44,2015-10-26,2015-11-01,0.0,,JHU,0.9,observed
COG,2015,45,2015-11-02,2015-11-08,0.0,,JHU,0.9,observed
COG,2015,46,2015-11-09,2015-11-15,0.0,,JHU,0.9,observed
COG,2015,47,2015-11-16,2015-11-22,0.0,,JHU,0.9,observed
COG,2015,48,2015-11-23,2015-11-29,0.0,,JHU,0.9,observed
COG,2015,49,2015-11-30,2015-12-06,0.0,,JHU,0.9,observed
COG,2015,50,2015-12-07,2015-12-13,0.0,,JHU,0.9,observed
COG,2015,51,2015-12-14,2015-12-20,0.0,,JHU,0.9,observed
COG,2015,52,2015-12-21,2015-12-27,0.0,,JHU,0.9,observed
COG,2015,53,2015-12-28,2016-01-03,0.0,,JHU,0.9,observed
COG,2016,1,2016-01-04,2016-01-10,0.0,,JHU,0.9,observed
COG,2016,2,2016-01-11,2016-01-17,0.0,,JHU,0.9,observed
COG,2016,3,2016-01-18,2016-01-24,0.0,,JHU,0.9,observed
COG,2016,4,2016-01-25,2016-01-31,0.0,,JHU,0.9,observed
COG,2016,5,2016-02-01,2016-02-07,0.0,,JHU,0.9,observed
COG,2016,6,2016-02-08,2016-02-14,0.0,,JHU,0.9,observed
COG,2016,7,2016-02-15,2016-02-21,0.0,,JHU,0.9,observed
COG,2016,8,2016-02-22,2016-02-28,0.0,,JHU,0.9,observed
COG,2016,9,2016-02-29,2016-03-06,0.0,,JHU,0.9,observed
COG,2016,10,2016-03-07,2016-03-13,0.0,,JHU,0.9,observed
COG,2016,11,2016-03-14,2016-03-20,0.0,,JHU,0.9,observed
COG,2016,12,2016-03-21,2016-03-27,0.0,,JHU,0.9,observed
COG,2016,13,2016-03-28,2016-04-03,0.0,,JHU,0.9,observed
COG,2016,14,2016-04-04,2016-04-10,0.0,,JHU,0.9,observed
COG,2016,15,2016-04-11,2016-04-17,0.0,,JHU,0.9,observed
COG,2016,16,2016-04-18,2016-04-24,0.0,,JHU,0.9,observed
COG,2016,17,2016-04-25,2016-05-01,0.0,,JHU,0.9,observed
COG,2016,18,2016-05-02,2016-05-08,0.0,,JHU,0.9,observed
COG,2016,19,2016-05-09,2016-05-15,0.0,,JHU,0.9,observed
COG,2016,20,2016-05-16,2016-05-22,0.0,,JHU,0.9,observed
COG,2016,21,2016-05-23,2016-05-29,0.0,,JHU,0.9,observed
COG,2016,22,2016-05-30,2016-06-05,0.0,,JHU,0.9,observed
COG,2016,23,2016-06-06,2016-06-12,0.0,,JHU,0.9,observed
COG,2016,24,2016-06-13,2016-06-19,0.0,,JHU,0.9,observed
COG,2016,25,2016-06-20,2016-06-26,0.0,,JHU,0.9,observed
COG,2016,26,2016-06-27,2016-07-03,0.0,,JHU,0.9,observed
COG,2016,27,2016-07-04,2016-07-10,0.0,,JHU,0.9,observed
COG,2016,28,2016-07-11,2016-07-17,0.0,,JHU,0.9,observed
COG,2016,29,2016-07-18,2016-07-24,0.0,,JHU,0.9,observed
COG,2016,30,2016-07-25,2016-07-31,0.0,,JHU,0.9,observed
COG,2016,31,2016-08-01,2016-08-07,0.0,,JHU,0.9,observed
COG,2016,32,2016-08-08,2016-08-14,0.0,,JHU,0.9,observed
COG,2016,33,2016-08-15,2016-08-21,0.0,,JHU,0.9,observed
COG,2016,34,2016-08-22,2016-08-28,0.0,,JHU,0.9,observed
COG,2016,35,2016-08-29,2016-09-04,7.0,,JHU,0.9,observed
COG,2016,36,2016-09-05,2016-09-11,2.0,,JHU,0.9,observed
COG,2016,37,2016-09-12,2016-09-18,3.0,,JHU,0.9,observed
COG,2016,38,2016-09-19,2016-09-25,1.0,,JHU,0.9,observed
COG,2016,39,2016-09-26,2016-10-02,3.0,,JHU,0.9,observed
COG,2016,40,2016-10-03,2016-10-09,2.0,,JHU,0.9,observed
COG,2016,41,2016-10-10,2016-10-16,0.0,,JHU,0.9,observed
COG,2016,42,2016-10-17,2016-10-23,0.0,,JHU,0.9,observed
COG,2016,43,2016-10-24,2016-10-30,0.0,,JHU,0.9,observed
COG,2016,44,2016-10-31,2016-11-06,0.0,,JHU,0.9,observed
COG,2016,45,2016-11-07,2016-11-13,0.0,,JHU,0.9,observed
COG,2016,46,2016-11-14,2016-11-20,0.0,,JHU,0.9,observed
COG,2016,47,2016-11-21,2016-11-27,0.0,,JHU,0.9,observed
COG,2016,48,2016-11-28,2016-12-04,0.0,,JHU,0.9,observed
COG,2016,49,2016-12-05,2016-12-11,0.0,,JHU,0.9,observed
COG,2016,50,2016-12-12,2016-12-18,0.0,,JHU,0.9,observed
COG,2016,51,2016-12-19,2016-12-25,0.0,,JHU,0.9,observed
COG,2016,52,2016-12-26,2017-01-01,0.0,,JHU,0.9,observed
COG,2017,1,2017-01-02,2017-01-08,0.0,,JHU,0.9,observed
COG,2017,2,2017-01-09,2017-01-15,0.0,,JHU,0.9,observed
COG,2017,3,2017-01-16,2017-01-22,0.0,,JHU,0.9,observed
COG,2017,4,2017-01-23,2017-01-29,0.0,,JHU,0.9,observed
COG,2017,5,2017-01-30,2017-02-05,0.0,,JHU,0.9,observed
COG,2017,6,2017-02-06,2017-02-12,0.0,,JHU,0.9,observed
COG,2017,7,2017-02-13,2017-02-19,0.0,,JHU,0.9,observed
COG,2017,8,2017-02-20,2017-02-26,0.0,,JHU,0.9,observed
COG,2017,9,2017-02-27,2017-03-05,0.0,,JHU,0.9,observed
COG,2017,10,2017-03-06,2017-03-12,0.0,,JHU,0.9,observed
COG,2017,11,2017-03-13,2017-03-19,0.0,,JHU,0.9,observed
COG,2017,12,2017-03-20,2017-03-26,0.0,,JHU,0.9,observed
COG,2017,13,2017-03-27,2017-04-02,0.0,,JHU,0.9,observed
COG,2017,14,2017-04-03,2017-04-09,0.0,,JHU,0.9,observed
COG,2017,15,2017-04-10,2017-04-16,0.0,,JHU,0.9,observed
COG,2017,16,2017-04-17,2017-04-23,0.0,,JHU,0.9,observed
COG,2017,17,2017-04-24,2017-04-30,0.0,,JHU,0.9,observed
COG,2017,18,2017-05-01,2017-05-07,0.0,,JHU,0.9,observed
COG,2017,19,2017-05-08,2017-05-14,0.0,,JHU,0.9,observed
COG,2017,20,2017-05-15,2017-05-21,0.0,,JHU,0.9,observed
COG,2017,21,2017-05-22,2017-05-28,0.0,,JHU,0.9,observed
COG,2017,22,2017-05-29,2017-06-04,0.0,,JHU,0.9,observed
COG,2017,23,2017-06-05,2017-06-11,0.0,,JHU,0.9,observed
COG,2017,24,2017-06-12,2017-06-18,0.0,,JHU,0.9,observed
COG,2017,25,2017-06-19,2017-06-25,0.0,,JHU,0.9,observed
COG,2017,26,2017-06-26,2017-07-02,0.0,,JHU,0.9,observed
COG,2017,27,2017-07-03,2017-07-09,0.0,,JHU,0.9,observed
COG,2017,28,2017-07-10,2017-07-16,0.0,,JHU,0.9,observed
COG,2017,29,2017-07-17,2017-07-23,0.0,,JHU,0.9,observed
COG,2017,30,2017-07-24,2017-07-30,0.0,,JHU,0.9,observed
COG,2017,31,2017-07-31,2017-08-06,0.0,,JHU,0.9,observed
COG,2017,32,2017-08-07,2017-08-13,0.0,,JHU,0.9,observed
COG,2017,33,2017-08-14,2017-08-20,0.0,,JHU,0.9,observed
COG,2017,34,2017-08-21,2017-08-27,0.0,,JHU,0.9,observed
COG,2017,35,2017-08-28,2017-09-03,0.0,,JHU,0.9,observed
COG,2017,36,2017-09-04,2017-09-10,0.0,,JHU,0.9,observed
COG,2017,37,2017-09-11,2017-09-17,0.0,,JHU,0.9,observed
COG,2017,38,2017-09-18,2017-09-24,0.0,,JHU,0.9,observed
COG,2017,39,2017-09-25,2017-10-01,0.0,,JHU,0.9,observed
COG,2017,40,2017-10-02,2017-10-08,0.0,,JHU,0.9,observed
COG,2017,41,2017-10-09,2017-10-15,0.0,,JHU,0.9,observed
COG,2017,42,2017-10-16,2017-10-22,0.0,,JHU,0.9,observed
COG,2017,43,2017-10-23,2017-10-29,0.0,,JHU,0.9,observed
COG,2017,44,2017-10-30,2017-11-05,0.0,,JHU,0.9,observed
COG,2017,45,2017-11-06,2017-11-12,0.0,,JHU,0.9,observed
COG,2017,46,2017-11-13,2017-11-19,0.0,,JHU,0.9,observed
COG,2017,47,2017-11-20,2017-11-26,0.0,,JHU,0.9,observed
COG,2017,48,2017-11-27,2017-12-03,0.0,,JHU,0.9,observed
COG,2017,49,2017-12-04,2017-12-10,0.0,,JHU,0.9,observed
COG,2017,50,2017-12-11,2017-12-17,0.0,,JHU,0.9,observed
COG,2017,51,2017-12-18,2017-12-24,0.0,,JHU,0.9,observed
COG,2017,52,2017-12-25,2017-12-31,0.0,,JHU,0.9,observed
COG,2018,1,2018-01-01,2018-01-07,12.0,,JHU,0.9,observed
COG,2018,2,2018-01-08,2018-01-14,22.0,,JHU,0.9,observed
COG,2018,3,2018-01-15,2018-01-21,6.0,,JHU,0.9,observed
COG,2018,4,2018-01-22,2018-01-28,7.0,,JHU,0.9,observed
COG,2018,5,2018-01-29,2018-02-04,1.0,,JHU,0.9,observed
COG,2018,6,2018-02-05,2018-02-11,1.0,,JHU,0.9,observed
COG,2018,7,2018-02-12,2018-02-18,3.0,,JHU,0.9,observed
COG,2018,8,2018-02-19,2018-02-25,0.0,,JHU,0.9,observed
COG,2018,9,2018-02-26,2018-03-04,0.0,,JHU,0.9,observed
COG,2018,10,2018-03-05,2018-03-11,0.0,,JHU,0.9,observed
COG,2018,11,2018-03-12,2018-03-18,0.0,,JHU,0.9,observed
COG,2018,12,2018-03-19,2018-03-25,32.0,1.0,JHU,0.97,observed
COG,2018,13,2018-03-26,2018-04-01,0.0,,JHU,0.9,observed
COG,2018,14,2018-04-02,2018-04-08,0.0,,JHU,0.9,observed
COG,2018,15,2018-04-09,2018-04-15,1.0,,JHU,0.9,observed
COG,2018,16,2018-04-16,2018-04-22,5.0,,JHU,0.9,observed
COG,2018,17,2018-04-23,2018-04-29,0.0,,JHU,0.9,observed
COG,2018,18,2018-04-30,2018-05-06,1.0,,JHU,0.9,observed
COG,2018,19,2018-05-07,2018-05-13,4.0,,JHU,0.9,observed
COG,2018,20,2018-05-14,2018-05-20,0.0,,JHU,0.9,observed
COG,2018,21,2018-05-21,2018-05-27,0.0,,JHU,0.9,observed
COG,2018,22,2018-05-28,2018-06-03,0.0,,JHU,0.9,observed
COG,2018,23,2018-06-04,2018-06-10,0.0,,JHU,0.9,observed
COG,2018,24,2018-06-11,2018-06-17,0.0,,JHU,0.9,observed
COG,2018,25,2018-06-18,2018-06-24,0.0,,JHU,0.9,observed
COG,2018,26,2018-06-25,2018-07-01,0.0,,JHU,0.9,observed
COG,2018,27,2018-07-02,2018-07-08,0.0,,JHU,0.9,observed
COG,2018,28,2018-07-09,2018-07-15,1.0,,JHU,0.9,observed
COG,2018,29,2018-07-16,2018-07-22,3.0,,JHU,0.9,observed
COG,2018,30,2018-07-23,2018-07-29,0.0,,JHU,0.9,observed
COG,2018,31,2018-07-30,2018-08-05,0.0,,JHU,0.9,observed
COG,2018,32,2018-08-06,2018-08-12,0.0,,JHU,0.9,observed
COG,2018,33,2018-08-13,2018-08-19,0.0,,JHU,0.9,observed
COG,2018,34,2018-08-20,2018-08-26,0.0,,JHU,0.9,observed
COG,2018,35,2018-08-27,2018-09-02,0.0,,JHU,0.9,observed
COG,2018,36,2018-09-03,2018-09-09,0.0,,JHU,0.9,observed
COG,2018,37,2018-09-10,2018-09-16,0.0,,JHU,0.9,observed
COG,2018,38,2018-09-17,2018-09-23,34.0,,JHU,0.9,observed
COG,2018,39,2018-09-24,2018-09-30,47.0,,JHU,0.9,observed
COG,2018,40,2018-10-01,2018-10-07,52.0,,JHU,0.9,observed
COG,2018,41,2018-10-08,2018-10-14,58.0,,JHU,0.9,observed
COG,2018,42,2018-10-15,2018-10-21,59.0,,JHU,0.9,observed
COG,2018,43,2018-10-22,2018-10-28,63.0,,JHU,0.9,observed
COG,2018,44,2018-10-29,2018-11-04,63.0,,JHU,0.9,observed
COG,2018,45,2018-11-05,2018-11-11,0.0,,JHU,0.9,observed
COG,2018,46,2018-11-12,2018-11-18,0.0,,JHU,0.9,observed
COG,2018,47,2018-11-19,2018-11-25,0.0,,JHU,0.9,observed
COG,2018,48,2018-11-26,2018-12-02,0.0,,JHU,0.9,observed
COG,2018,49,2018-12-03,2018-12-09,0.0,,JHU,0.9,observed
COG,2018,50,2018-12-10,2018-12-16,0.0,,JHU,0.9,observed
COG,2018,51,2018-12-17,2018-12-23,0.0,,JHU,0.9,observed
COG,2018,52,2018-12-24,2018-12-30,0.0,,JHU,0.9,observed
COG,2019,1,2018-12-31,2019-01-06,0.0,,JHU,0.9,observed
COG,2019,2,2019-01-07,2019-01-13,0.0,,JHU,0.9,observed
COG,2019,3,2019-01-14,2019-01-20,0.0,,JHU,0.9,observed
COG,2019,4,2019-01-21,2019-01-27,0.0,,JHU,0.9,observed
COG,2019,5,2019-01-28,2019-02-03,0.0,,JHU,0.9,observed
COG,2019,6,2019-02-04,2019-02-10,0.0,,JHU,0.9,observed
COG,2019,7,2019-02-11,2019-02-17,0.0,,JHU,0.9,observed
COG,2019,8,2019-02-18,2019-02-24,0.0,,JHU,0.9,observed
COG,2019,9,2019-02-25,2019-03-03,0.0,,JHU,0.9,observed
COG,2019,10,2019-03-04,2019-03-10,0.0,,JHU,0.9,observed
COG,2019,11,2019-03-11,2019-03-17,0.0,,JHU,0.9,observed
COG,2019,12,2019-03-18,2019-03-24,0.0,,JHU,0.9,observed
COG,2019,13,2019-03-25,2019-03-31,0.0,,JHU,0.9,observed
COG,2019,14,2019-04-01,2019-04-07,0.0,,JHU,0.9,observed
COG,2019,15,2019-04-08,2019-04-14,0.0,,JHU,0.9,observed
COG,2019,16,2019-04-15,2019-04-21,0.0,,JHU,0.9,observed
COG,2019,17,2019-04-22,2019-04-28,0.0,,JHU,0.9,observed
COG,2019,18,2019-04-29,2019-05-05,0.0,,JHU,0.9,observed
COG,2019,19,2019-05-06,2019-05-12,0.0,,JHU,0.9,observed
COG,2019,20,2019-05-13,2019-05-19,0.0,,JHU,0.9,observed
COG,2019,21,2019-05-20,2019-05-26,0.0,,JHU,0.9,observed
COG,2019,22,2019-05-27,2019-06-02,0.0,,JHU,0.9,observed
COG,2019,23,2019-06-03,2019-06-09,0.0,,JHU,0.9,observed
COG,2019,24,2019-06-10,2019-06-16,0.0,,JHU,0.9,observed
COG,2019,25,2019-06-17,2019-06-23,0.0,,JHU,0.9,observed
COG,2019,26,2019-06-24,2019-06-30,0.0,,JHU,0.9,observed
COG,2019,27,2019-07-01,2019-07-07,0.0,,JHU,0.9,observed
COG,2019,28,2019-07-08,2019-07-14,0.0,,JHU,0.9,observed
COG,2019,29,2019-07-15,2019-07-21,0.0,,JHU,0.9,observed
COG,2019,30,2019-07-22,2019-07-28,0.0,,JHU,0.9,observed
COG,2019,31,2019-07-29,2019-08-04,0.0,,JHU,0.9,observed
COG,2019,32,2019-08-05,2019-08-11,0.0,,JHU,0.9,observed
COG,2019,33,2019-08-12,2019-08-18,0.0,,JHU,0.9,observed
COG,2019,34,2019-08-19,2019-08-25,0.0,,JHU,0.9,observed
COG,2019,35,2019-08-26,2019-09-01,0.0,,JHU,0.9,observed
COG,2019,36,2019-09-02,2019-09-08,0.0,,JHU,0.9,observed
COG,2019,37,2019-09-09,2019-09-15,0.0,,JHU,0.9,observed
COG,2019,38,2019-09-16,2019-09-22,0.0,,JHU,0.9,observed
COG,2019,39,2019-09-23,2019-09-29,0.0,,JHU,0.9,observed
COG,2019,40,2019-09-30,2019-10-06,0.0,0.0,JHU,0.9,observed
COG,2019,41,2019-10-07,2019-10-13,0.0,0.0,JHU,0.9,observed
COG,2019,42,2019-10-14,2019-10-20,0.0,0.0,JHU,0.9,observed
COG,2019,43,2019-10-21,2019-10-27,67.0,,JHU,0.9,observed
COG,2019,44,2019-10-28,2019-11-03,0.0,,JHU,0.9,observed
COG,2019,45,2019-11-04,2019-11-10,0.0,,JHU,0.9,observed
COG,2019,46,2019-11-11,2019-11-17,0.0,,JHU,0.9,observed
COG,2019,47,2019-11-18,2019-11-24,0.0,,JHU,0.9,observed
COG,2019,48,2019-11-25,2019-12-01,0.0,0.0,JHU,0.9,observed
COG,2019,49,2019-12-02,2019-12-08,0.0,0.0,JHU,0.9,observed
COG,2019,50,2019-12-09,2019-12-15,0.0,0.0,JHU,0.9,observed
COG,2019,51,2019-12-16,2019-12-22,0.0,0.0,JHU,0.9,observed
COG,2019,52,2019-12-23,2019-12-29,0.0,0.0,JHU,0.9,observed
COG,2020,1,2019-12-30,2020-01-05,0.0,,JHU,0.9,observed
COG,2020,2,2020-01-06,2020-01-12,0.0,,JHU,0.9,observed
COG,2020,3,2020-01-13,2020-01-19,0.0,,JHU,0.9,observed
COG,2020,4,2020-01-20,2020-01-26,0.0,,JHU,0.9,observed
COG,2020,5,2020-01-27,2020-02-02,0.0,,JHU,0.9,observed
COG,2020,6,2020-02-03,2020-02-09,0.0,,JHU,0.9,observed
COG,2020,7,2020-02-10,2020-02-16,0.0,,JHU,0.9,observed
COG,2020,8,2020-02-17,2020-02-23,0.0,,JHU,0.9,observed
COG,2020,9,2020-02-24,2020-03-01,0.0,0.0,JHU,0.9,zero_fill
COG,2020,10,2020-03-02,2020-03-08,0.0,0.0,JHU,0.9,zero_fill
COG,2020,11,2020-03-09,2020-03-15,0.0,0.0,JHU,0.9,zero_fill
COG,2020,12,2020-03-16,2020-03-22,0.0,0.0,JHU,0.9,zero_fill
COG,2020,13,2020-03-23,2020-03-29,0.0,0.0,JHU,0.9,zero_fill
COG,2020,14,2020-03-30,2020-04-05,0.0,0.0,JHU,0.9,zero_fill
COG,2020,15,2020-04-06,2020-04-12,0.0,0.0,JHU,0.9,zero_fill
COG,2020,16,2020-04-13,2020-04-19,0.0,0.0,JHU,0.9,zero_fill
COG,2020,17,2020-04-20,2020-04-26,0.0,0.0,JHU,0.9,zero_fill
COG,2020,18,2020-04-27,2020-05-03,0.0,0.0,JHU,0.9,zero_fill
COG,2020,19,2020-05-04,2020-05-10,0.0,0.0,JHU,0.9,zero_fill
COG,2020,20,2020-05-11,2020-05-17,0.0,0.0,JHU,0.9,zero_fill
COG,2020,21,2020-05-18,2020-05-24,0.0,0.0,JHU,0.9,zero_fill
COG,2020,22,2020-05-25,2020-05-31,0.0,0.0,JHU,0.9,zero_fill
COG,2020,23,2020-06-01,2020-06-07,0.0,0.0,JHU,0.9,zero_fill
COG,2020,24,2020-06-08,2020-06-14,0.0,0.0,JHU,0.9,zero_fill
COG,2020,25,2020-06-15,2020-06-21,0.0,0.0,JHU,0.9,zero_fill
COG,2020,26,2020-06-22,2020-06-28,0.0,0.0,JHU,0.9,zero_fill
COG,2020,27,2020-06-29,2020-07-05,0.0,0.0,JHU,0.9,zero_fill
COG,2020,28,2020-07-06,2020-07-12,0.0,0.0,JHU,0.9,zero_fill
COG,2020,29,2020-07-13,2020-07-19,0.0,0.0,JHU,0.9,zero_fill
COG,2020,30,2020-07-20,2020-07-26,0.0,0.0,JHU,0.9,zero_fill
COG,2020,31,2020-07-27,2020-08-02,0.0,0.0,JHU,0.9,zero_fill
COG,2020,32,2020-08-03,2020-08-09,0.0,0.0,JHU,0.9,zero_fill
COG,2020,33,2020-08-10,2020-08-16,0.0,0.0,JHU,0.9,zero_fill
COG,2020,34,2020-08-17,2020-08-23,0.0,0.0,JHU,0.9,zero_fill
COG,2020,35,2020-08-24,2020-08-30,0.0,0.0,JHU,0.9,zero_fill
COG,2020,36,2020-08-31,2020-09-06,0.0,0.0,JHU,0.9,zero_fill
COG,2020,37,2020-09-07,2020-09-13,0.0,0.0,JHU,0.9,zero_fill
COG,2020,38,2020-09-14,2020-09-20,0.0,0.0,JHU,0.9,zero_fill
COG,2020,39,2020-09-21,2020-09-27,0.0,0.0,JHU,0.9,zero_fill
COG,2020,40,2020-09-28,2020-10-04,0.0,0.0,JHU,0.9,zero_fill
COG,2020,41,2020-10-05,2020-10-11,0.0,0.0,JHU,0.9,zero_fill
COG,2020,42,2020-10-12,2020-10-18,0.0,0.0,JHU,0.9,zero_fill
COG,2020,43,2020-10-19,2020-10-25,0.0,0.0,JHU,0.9,zero_fill
COG,2020,44,2020-10-26,2020-11-01,0.0,0.0,JHU,0.9,zero_fill
COG,2020,45,2020-11-02,2020-11-08,0.0,0.0,JHU,0.9,zero_fill
COG,2020,46,2020-11-09,2020-11-15,0.0,,JHU,0.9,observed
COG,2020,47,2020-11-16,2020-11-22,0.0,,JHU,0.9,observed
COG,2020,48,2020-11-23,2020-11-29,0.0,,JHU,0.9,observed
COG,2020,49,2020-11-30,2020-12-06,0.0,,JHU,0.9,observed
COG,2020,50,2020-12-07,2020-12-13,0.0,,JHU,0.9,observed
COG,2020,51,2020-12-14,2020-12-20,0.0,,JHU,0.9,observed
COG,2020,52,2020-12-21,2020-12-27,0.0,,JHU,0.9,observed
COG,2020,53,2020-12-28,2021-01-03,0.0,,JHU,0.9,observed
COG,2021,1,2021-01-04,2021-01-10,0.0,0.0,JHU,1.0,zero_fill
COG,2021,2,2021-01-11,2021-01-17,0.0,0.0,JHU,1.0,zero_fill
COG,2021,3,2021-01-18,2021-01-24,0.0,0.0,JHU,1.0,zero_fill
COG,2021,4,2021-01-25,2021-01-31,0.0,0.0,JHU,1.0,zero_fill
COG,2021,5,2021-02-01,2021-02-07,0.0,0.0,JHU,1.0,zero_fill
COG,2021,6,2021-02-08,2021-02-14,0.0,0.0,JHU,1.0,zero_fill
COG,2021,7,2021-02-15,2021-02-21,0.0,0.0,JHU,1.0,zero_fill
COG,2021,8,2021-02-22,2021-02-28,0.0,0.0,JHU,1.0,zero_fill
COG,2021,9,2021-03-01,2021-03-07,0.0,0.0,JHU,1.0,zero_fill
COG,2021,10,2021-03-08,2021-03-14,0.0,0.0,JHU,1.0,zero_fill
COG,2021,11,2021-03-15,2021-03-21,0.0,0.0,JHU,1.0,zero_fill
COG,2021,12,2021-03-22,2021-03-28,0.0,0.0,JHU,1.0,zero_fill
COG,2021,13,2021-03-29,2021-04-04,0.0,0.0,JHU,1.0,zero_fill
COG,2021,14,2021-04-05,2021-04-11,0.0,0.0,JHU,1.0,zero_fill
COG,2021,15,2021-04-12,2021-04-18,0.0,0.0,JHU,1.0,zero_fill
COG,2021,16,2021-04-19,2021-04-25,0.0,0.0,JHU,1.0,zero_fill
COG,2021,17,2021-04-26,2021-05-02,0.0,0.0,JHU,1.0,zero_fill
COG,2021,18,2021-05-03,2021-05-09,0.0,0.0,JHU,1.0,zero_fill
COG,2021,19,2021-05-10,2021-05-16,0.0,0.0,JHU,1.0,zero_fill
COG,2021,20,2021-05-17,2021-05-23,0.0,0.0,JHU,1.0,zero_fill
COG,2021,21,2021-05-24,2021-05-30,0.0,0.0,JHU,1.0,zero_fill
COG,2021,22,2021-05-31,2021-06-06,0.0,0.0,JHU,1.0,zero_fill
COG,2021,23,2021-06-07,2021-06-13,0.0,0.0,JHU,1.0,zero_fill
COG,2021,24,2021-06-14,2021-06-20,0.0,0.0,JHU,1.0,zero_fill
COG,2021,25,2021-06-21,2021-06-27,0.0,0.0,JHU,1.0,zero_fill
COG,2021,26,2021-06-28,2021-07-04,0.0,0.0,JHU,1.0,zero_fill
COG,2021,27,2021-07-05,2021-07-11,0.0,0.0,JHU,1.0,zero_fill
COG,2021,28,2021-07-12,2021-07-18,0.0,0.0,JHU,1.0,zero_fill
COG,2021,29,2021-07-19,2021-07-25,0.0,0.0,JHU,1.0,zero_fill
COG,2021,30,2021-07-26,2021-08-01,0.0,0.0,JHU,1.0,zero_fill
COG,2021,31,2021-08-02,2021-08-08,0.0,0.0,JHU,1.0,zero_fill
COG,2021,32,2021-08-09,2021-08-15,0.0,0.0,JHU,1.0,zero_fill
COG,2021,33,2021-08-16,2021-08-22,0.0,0.0,JHU,1.0,zero_fill
COG,2021,34,2021-08-23,2021-08-29,0.0,0.0,JHU,1.0,zero_fill
COG,2021,35,2021-08-30,2021-09-05,0.0,0.0,JHU,1.0,zero_fill
COG,2021,36,2021-09-06,2021-09-12,0.0,0.0,JHU,1.0,zero_fill
COG,2021,37,2021-09-13,2021-09-19,0.0,0.0,JHU,1.0,zero_fill
COG,2021,38,2021-09-20,2021-09-26,0.0,0.0,JHU,1.0,zero_fill
COG,2021,39,2021-09-27,2021-10-03,0.0,0.0,JHU,1.0,zero_fill
COG,2021,40,2021-10-04,2021-10-10,0.0,0.0,JHU,1.0,zero_fill
COG,2021,41,2021-10-11,2021-10-17,0.0,0.0,JHU,1.0,zero_fill
COG,2021,42,2021-10-18,2021-10-24,0.0,0.0,JHU,1.0,zero_fill
COG,2021,43,2021-10-25,2021-10-31,0.0,0.0,JHU,1.0,zero_fill
COG,2021,44,2021-11-01,2021-11-07,0.0,0.0,JHU,1.0,zero_fill
COG,2021,45,2021-11-08,2021-11-14,0.0,0.0,JHU,1.0,zero_fill
COG,2021,46,2021-11-15,2021-11-21,0.0,0.0,JHU,1.0,zero_fill
COG,2021,47,2021-11-22,2021-11-28,0.0,0.0,JHU,1.0,zero_fill
COG,2021,48,2021-11-29,2021-12-05,0.0,0.0,JHU,1.0,zero_fill
COG,2021,49,2021-12-06,2021-12-12,0.0,0.0,JHU,1.0,zero_fill
COG,2021,50,2021-12-13,2021-12-19,0.0,0.0,JHU,1.0,zero_fill
COG,2021,51,2021-12-20,2021-12-26,0.0,0.0,JHU,1.0,zero_fill
COG,2021,52,2021-12-27,2022-01-02,0.0,0.0,JHU,1.0,zero_fill
COG,2022,1,2022-01-03,2022-01-09,0.0,0.0,JHU,1.0,zero_fill
COG,2022,2,2022-01-10,2022-01-16,0.0,0.0,JHU,1.0,zero_fill
COG,2022,3,2022-01-17,2022-01-23,0.0,0.0,JHU,1.0,zero_fill
COG,2022,4,2022-01-24,2022-01-30,0.0,0.0,JHU,1.0,zero_fill
COG,2022,5,2022-01-31,2022-02-06,0.0,0.0,JHU,1.0,zero_fill
COG,2022,6,2022-02-07,2022-02-13,0.0,0.0,JHU,1.0,zero_fill
COG,2022,7,2022-02-14,2022-02-20,0.0,0.0,JHU,1.0,zero_fill
COG,2022,8,2022-02-21,2022-02-27,0.0,0.0,JHU,1.0,zero_fill
COG,2022,9,2022-02-28,2022-03-06,0.0,0.0,JHU,1.0,zero_fill
COG,2022,10,2022-03-07,2022-03-13,0.0,0.0,JHU,1.0,zero_fill
COG,2022,11,2022-03-14,2022-03-20,0.0,0.0,JHU,1.0,zero_fill
COG,2022,12,2022-03-21,2022-03-27,0.0,0.0,JHU,1.0,zero_fill
COG,2022,13,2022-03-28,2022-04-03,0.0,0.0,JHU,1.0,zero_fill
COG,2022,14,2022-04-04,2022-04-10,0.0,0.0,JHU,1.0,zero_fill
COG,2022,15,2022-04-11,2022-04-17,0.0,0.0,JHU,1.0,zero_fill
COG,2022,16,2022-04-18,2022-04-24,0.0,0.0,JHU,1.0,zero_fill
COG,2022,17,2022-04-25,2022-05-01,0.0,0.0,JHU,1.0,zero_fill
COG,2022,18,2022-05-02,2022-05-08,0.0,0.0,JHU,1.0,zero_fill
COG,2022,19,2022-05-09,2022-05-15,0.0,0.0,JHU,1.0,zero_fill
COG,2022,20,2022-05-16,2022-05-22,0.0,0.0,JHU,1.0,zero_fill
COG,2022,21,2022-05-23,2022-05-29,0.0,0.0,JHU,1.0,zero_fill
COG,2022,22,2022-05-30,2022-06-05,0.0,0.0,JHU,1.0,zero_fill
COG,2022,23,2022-06-06,2022-06-12,0.0,0.0,JHU,1.0,zero_fill
COG,2022,24,2022-06-13,2022-06-19,0.0,0.0,JHU,1.0,zero_fill
COG,2022,25,2022-06-20,2022-06-26,0.0,0.0,JHU,1.0,zero_fill
COG,2022,26,2022-06-27,2022-07-03,0.0,0.0,JHU,1.0,zero_fill
COG,2022,27,2022-07-04,2022-07-10,0.0,0.0,JHU,1.0,zero_fill
COG,2022,28,2022-07-11,2022-07-17,0.0,0.0,JHU,1.0,zero_fill
COG,2022,29,2022-07-18,2022-07-24,0.0,0.0,JHU,1.0,zero_fill
COG,2022,30,2022-07-25,2022-07-31,0.0,0.0,JHU,1.0,zero_fill
COG,2022,31,2022-08-01,2022-08-07,0.0,0.0,JHU,1.0,zero_fill
COG,2022,32,2022-08-08,2022-08-14,0.0,0.0,JHU,1.0,zero_fill
COG,2022,33,2022-08-15,2022-08-21,0.0,0.0,JHU,1.0,zero_fill
COG,2022,34,2022-08-22,2022-08-28,0.0,0.0,JHU,1.0,zero_fill
COG,2022,35,2022-08-29,2022-09-04,0.0,0.0,JHU,1.0,zero_fill
COG,2022,36,2022-09-05,2022-09-11,0.0,0.0,JHU,1.0,zero_fill
COG,2022,37,2022-09-12,2022-09-18,0.0,0.0,JHU,1.0,zero_fill
COG,2022,38,2022-09-19,2022-09-25,0.0,0.0,JHU,1.0,zero_fill
COG,2022,39,2022-09-26,2022-10-02,0.0,0.0,JHU,1.0,zero_fill
COG,2022,40,2022-10-03,2022-10-09,0.0,0.0,JHU,1.0,zero_fill
COG,2022,41,2022-10-10,2022-10-16,0.0,0.0,JHU,1.0,zero_fill
COG,2022,42,2022-10-17,2022-10-23,0.0,0.0,JHU,1.0,zero_fill
COG,2022,43,2022-10-24,2022-10-30,0.0,0.0,JHU,1.0,zero_fill
COG,2022,44,2022-10-31,2022-11-06,0.0,0.0,JHU,1.0,zero_fill
COG,2022,45,2022-11-07,2022-11-13,0.0,0.0,JHU,1.0,zero_fill
COG,2022,46,2022-11-14,2022-11-20,0.0,0.0,JHU,1.0,zero_fill
COG,2022,47,2022-11-21,2022-11-27,0.0,0.0,JHU,1.0,zero_fill
COG,2022,48,2022-11-28,2022-12-04,0.0,0.0,JHU,1.0,zero_fill
COG,2022,49,2022-12-05,2022-12-11,0.0,0.0,JHU,1.0,zero_fill
COG,2022,50,2022-12-12,2022-12-18,0.0,0.0,JHU,1.0,zero_fill
COG,2022,51,2022-12-19,2022-12-25,0.0,0.0,JHU,1.0,zero_fill
COG,2022,52,2022-12-26,2023-01-01,0.0,0.0,JHU,1.0,zero_fill
COG,2023,1,2023-01-02,2023-01-08,0.3802,0.0905,JHU,0.7,fourier_country
COG,2023,2,2023-01-09,2023-01-15,0.4085,0.0973,JHU,0.7,fourier_country
COG,2023,3,2023-01-16,2023-01-22,0.4354,0.1037,JHU,0.7,fourier_country
COG,2023,4,2023-01-23,2023-01-29,0.4586,0.1092,JHU,0.7,fourier_country
COG,2023,5,2023-01-30,2023-02-05,0.4759,0.1133,JHU,0.7,fourier_country
COG,2023,6,2023-02-06,2023-02-12,0.4852,0.1155,JHU,0.7,fourier_country
COG,2023,7,2023-02-13,2023-02-19,0.4854,0.1156,JHU,0.7,fourier_country
COG,2023,8,2023-02-20,2023-02-26,0.4757,0.1133,JHU,0.7,fourier_country
COG,2023,9,2023-02-27,2023-03-05,0.456,0.1086,JHU,0.7,fourier_country
COG,2023,10,2023-03-06,2023-03-12,0.427,0.1017,JHU,0.7,fourier_country
COG,2023,11,2023-03-13,2023-03-19,0.3897,0.0928,JHU,0.7,fourier_country
COG,2023,12,2023-03-20,2023-03-26,0.3462,0.0824,JHU,0.7,fourier_country
COG,2023,13,2023-03-27,2023-04-02,0.2986,0.0711,JHU,0.7,fourier_country
COG,2023,14,2023-04-03,2023-04-09,0.2495,0.0594,JHU,0.7,fourier_country
COG,2023,15,2023-04-10,2023-04-16,0.2019,0.0481,JHU,0.7,fourier_country
COG,2023,16,2023-04-17,2023-04-23,0.1585,0.0377,JHU,0.7,fourier_country
COG,2023,17,2023-04-24,2023-04-30,0.1221,0.0291,JHU,0.7,fourier_country
COG,2023,18,2023-05-01,2023-05-07,0.0951,0.0226,JHU,0.7,fourier_country
COG,2023,19,2023-05-08,2023-05-14,0.0795,0.0189,JHU,0.7,fourier_country
COG,2023,20,2023-05-15,2023-05-21,0.0767,0.0183,JHU,0.7,fourier_country
COG,2023,21,2023-05-22,2023-05-28,0.0875,0.0208,JHU,0.7,fourier_country
COG,2023,22,2023-05-29,2023-06-04,0.112,0.0267,JHU,0.7,fourier_country
COG,2023,23,2023-06-05,2023-06-11,0.1494,0.0356,JHU,0.7,fourier_country
COG,2023,24,2023-06-12,2023-06-18,0.1984,0.0472,JHU,0.7,fourier_country
COG,2023,25,2023-06-19,2023-06-25,0.2571,0.0612,JHU,0.7,fourier_country
COG,2023,26,2023-06-26,2023-07-02,0.323,0.0769,JHU,0.7,fourier_country
COG,2023,27,2023-07-03,2023-07-09,0.393,0.0936,JHU,0.7,fourier_country
COG,2023,28,2023-07-10,2023-07-16,0.4642,0.1105,JHU,0.7,fourier_country
COG,2023,29,2023-07-17,2023-07-23,63.0,,JHU,0.95,observed
COG,2023,30,2023-07-24,2023-07-30,21.0,5.0,WHO,0.9,observed
COG,2023,31,2023-07-31,2023-08-06,0.0,,WHO,0.9,observed
COG,2023,32,2023-08-07,2023-08-13,0.0,,WHO,0.9,observed
COG,2023,33,2023-08-14,2023-08-20,0.0,,WHO,0.9,observed
COG,2023,34,2023-08-21,2023-08-27,48.0,,WHO,0.9,observed
COG,2023,35,2023-08-28,2023-09-03,0.0,,WHO,0.9,observed
COG,2023,36,2023-09-04,2023-09-10,0.0,,WHO,0.9,observed
COG,2023,37,2023-09-11,2023-09-17,0.0,,WHO,0.9,observed
COG,2023,38,2023-09-18,2023-09-24,0.0,,WHO,0.9,observed
COG,2023,39,2023-09-25,2023-10-01,0.0,,WHO,0.9,observed
COG,2023,40,2023-10-02,2023-10-08,0.0,,WHO,0.9,observed
COG,2023,41,2023-10-09,2023-10-15,0.0,,WHO,0.9,observed
COG,2023,42,2023-10-16,2023-10-22,0.0,,WHO,0.9,observed
COG,2023,43,2023-10-23,2023-10-29,0.0,,WHO,0.9,observed
COG,2023,44,2023-10-30,2023-11-05,0.0,,WHO,0.9,observed
COG,2023,45,2023-11-06,2023-11-12,0.0,,WHO,0.9,observed
COG,2023,46,2023-11-13,2023-11-19,0.0,,WHO,0.9,observed
COG,2023,47,2023-11-20,2023-11-26,0.0,,WHO,0.9,observed
COG,2023,48,2023-11-27,2023-12-03,0.0,,WHO,0.9,observed
COG,2023,49,2023-12-04,2023-12-10,0.0,,WHO,0.9,observed
COG,2023,50,2023-12-11,2023-12-17,0.0,,WHO,0.9,observed
COG,2023,51,2023-12-18,2023-12-24,0.0,,WHO,0.9,observed
COG,2023,52,2023-12-25,2023-12-31,0.0,,WHO,0.9,observed
COG,2024,1,2024-01-01,2024-01-07,0.0,,WHO,0.9,observed
COG,2024,2,2024-01-08,2024-01-14,0.0,,WHO,0.9,observed
COG,2024,3,2024-01-15,2024-01-21,0.0,,WHO,0.9,observed
COG,2024,4,2024-01-22,2024-01-28,0.0,,WHO,0.9,observed
COG,2024,5,2024-01-29,2024-02-04,0.0,,WHO,0.9,observed
COG,2024,6,2024-02-05,2024-02-11,0.0,,WHO,0.9,observed
COG,2024,7,2024-02-12,2024-02-18,0.0,,WHO,0.9,observed
COG,2024,8,2024-02-19,2024-02-25,0.0,,WHO,0.9,observed
COG,2024,9,2024-02-26,2024-03-03,0.0,,WHO,0.9,observed
COG,2024,10,2024-03-04,2024-03-10,0.0,,WHO,0.9,observed
COG,2024,11,2024-03-11,2024-03-17,0.0,,WHO,0.9,observed
COG,2024,12,2024-03-18,2024-03-24,0.0,,WHO,0.9,observed
COG,2024,13,2024-03-25,2024-03-31,0.0,,WHO,0.9,observed
COG,2024,14,2024-04-01,2024-04-07,0.0,,WHO,0.9,observed
COG,2024,15,2024-04-08,2024-04-14,0.0,,WHO,0.9,observed
COG,2024,16,2024-04-15,2024-04-21,0.0,,WHO,0.9,observed
COG,2024,17,2024-04-22,2024-04-28,0.0,,WHO,0.9,observed
COG,2024,18,2024-04-29,2024-05-05,0.0,,WHO,0.9,observed
COG,2024,19,2024-05-06,2024-05-12,0.0,,WHO,0.9,observed
COG,2024,20,2024-05-13,2024-05-19,0.0,,WHO,0.9,observed
COG,2024,21,2024-05-20,2024-05-26,0.0,,WHO,0.9,observed
COG,2024,22,2024-05-27,2024-06-02,0.0,,WHO,0.9,observed
COG,2024,23,2024-06-03,2024-06-09,0.0,,WHO,0.9,observed
COG,2024,24,2024-06-10,2024-06-16,0.0,,WHO,0.9,observed
COG,2024,25,2024-06-17,2024-06-23,0.0,,WHO,0.9,observed
COG,2024,26,2024-06-24,2024-06-30,0.0,,WHO,0.9,observed
COG,2024,27,2024-07-01,2024-07-07,0.0,,WHO,0.9,observed
COG,2024,28,2024-07-08,2024-07-14,0.0,,WHO,0.9,observed
COG,2024,29,2024-07-15,2024-07-21,0.0,,WHO,0.9,observed
COG,2024,30,2024-07-22,2024-07-28,0.0,,WHO,0.9,observed
COG,2024,31,2024-07-29,2024-08-04,0.0,,WHO,0.9,observed
COG,2024,32,2024-08-05,2024-08-11,0.0,,WHO,0.9,observed
COG,2024,33,2024-08-12,2024-08-18,0.0,,WHO,0.9,observed
COG,2024,34,2024-08-19,2024-08-25,0.0,,WHO,0.9,observed
COG,2024,35,2024-08-26,2024-09-01,0.0,,WHO,0.9,observed
COG,2024,36,2024-09-02,2024-09-08,0.0,,WHO,0.9,observed
COG,2024,37,2024-09-09,2024-09-15,0.0,,WHO,0.9,observed
COG,2024,38,2024-09-16,2024-09-22,0.0,,WHO,0.9,observed
COG,2024,39,2024-09-23,2024-09-29,0.0,,WHO,0.9,observed
COG,2024,40,2024-09-30,2024-10-06,0.0,,WHO,0.9,observed
COG,2024,41,2024-10-07,2024-10-13,0.0,,WHO,0.9,observed
COG,2024,42,2024-10-14,2024-10-20,0.0,,WHO,0.9,observed
COG,2024,43,2024-10-21,2024-10-27,0.0,,WHO,0.9,observed
COG,2024,44,2024-10-28,2024-11-03,0.0,,WHO,0.9,observed
COG,2024,45,2024-11-04,2024-11-10,0.0,,WHO,0.9,observed
COG,2024,46,2024-11-11,2024-11-17,0.0,,WHO,0.9,observed
COG,2024,47,2024-11-18,2024-11-24,0.0,,WHO,0.9,observed
COG,2024,48,2024-11-25,2024-12-01,0.0,,WHO,0.9,observed
COG,2024,49,2024-12-02,2024-12-08,0.0,,WHO,0.9,observed
COG,2024,50,2024-12-09,2024-12-15,0.0,,WHO,0.9,observed
COG,2024,51,2024-12-16,2024-12-22,0.0,,WHO,0.9,observed
COG,2024,52,2024-12-23,2024-12-29,0.0,,WHO,0.9,observed
COG,2025,1,2024-12-30,2025-01-05,0.0,,WHO,0.9,observed
COG,2025,2,2025-01-06,2025-01-12,0.0,,WHO,0.9,observed
COG,2025,3,2025-01-13,2025-01-19,0.0,,WHO,0.9,observed
COG,2025,4,2025-01-20,2025-01-26,0.0,,WHO,0.9,observed
COG,2025,5,2025-01-27,2025-02-02,0.0,,WHO,0.9,observed
COG,2025,6,2025-02-03,2025-02-09,0.0,,WHO,0.9,observed
COG,2025,7,2025-02-10,2025-02-16,0.0,,WHO,0.9,observed
COG,2025,8,2025-02-17,2025-02-23,0.0,,WHO,0.9,observed
COG,2025,9,2025-02-24,2025-03-02,0.0,,WHO,0.9,observed
COG,2025,10,2025-03-03,2025-03-09,0.0,,WHO,0.9,observed
COG,2025,11,2025-03-10,2025-03-16,0.0,,WHO,0.9,observed
COG,2025,12,2025-03-17,2025-03-23,0.0,,WHO,0.9,observed
COG,2025,13,2025-03-24,2025-03-30,0.0,,WHO,0.9,observed
COG,2025,14,2025-03-31,2025-04-06,0.0,,WHO,0.9,observed
COG,2025,15,2025-04-07,2025-04-13,0.0,,WHO,0.9,observed
COG,2025,16,2025-04-14,2025-04-20,0.0,,WHO,0.9,observed
COG,2025,17,2025-04-21,2025-04-27,0.0,,WHO,0.9,observed
COG,2025,18,2025-04-28,2025-05-04,0.0,,WHO,0.9,observed
COG,2025,19,2025-05-05,2025-05-11,0.0,,WHO,0.9,observed
COG,2025,20,2025-05-12,2025-05-18,0.0,,WHO,0.9,observed
COG,2025,21,2025-05-19,2025-05-25,0.0,,WHO,0.9,observed
COG,2025,22,2025-05-26,2025-06-01,0.0,,WHO,0.9,observed
COG,2025,23,2025-06-02,2025-06-08,0.0,,WHO,0.9,observed
COG,2025,24,2025-06-09,2025-06-15,0.0,,WHO,0.9,observed
COG,2025,25,2025-06-16,2025-06-22,1.0,,WHO,0.9,observed
COG,2025,26,2025-06-23,2025-06-29,3.0,,WHO,0.9,observed
COG,2025,27,2025-06-30,2025-07-06,21.0,3.0,WHO,0.9,observed
COG,2025,28,2025-07-07,2025-07-13,53.0,6.0,WHO,0.9,observed
COG,2025,29,2025-07-14,2025-07-20,75.0,3.0,WHO,0.9,observed
COG,2025,30,2025-07-21,2025-07-27,109.0,11.0,WHO,0.9,observed
COG,2025,31,2025-07-28,2025-08-03,99.0,6.0,WHO,0.9,observed
COG,2025,32,2025-08-04,2025-08-10,86.0,4.0,WHO,0.9,observed
COG,2025,33,2025-08-11,2025-08-17,95.0,2.0,WHO,0.9,observed
COG,2025,34,2025-08-18,2025-08-24,93.0,,WHO,0.9,observed
COG,2025,35,2025-08-25,2025-08-31,55.0,27.0,WHO,0.9,observed
COG,2025,36,2025-09-01,2025-09-07,33.0,,WHO,0.9,observed
COG,2025,37,2025-09-08,2025-09-14,21.0,1.0,WHO,0.9,observed
COG,2025,38,2025-09-15,2025-09-21,25.0,2.0,WHO,0.9,observed
COG,2025,39,2025-09-22,2025-09-28,19.0,1.0,WHO,0.9,observed
COG,2025,40,2025-09-29,2025-10-05,8.0,,WHO,0.9,observed
COG,2025,41,2025-10-06,2025-10-12,8.0,,WHO,0.9,observed
COG,2025,42,2025-10-13,2025-10-19,5.0,1.0,WHO,0.9,observed
COG,2025,43,2025-10-20,2025-10-26,4.0,,WHO,0.9,observed
COG,2025,44,2025-10-27,2025-11-02,2.0,,WHO,0.9,observed
COG,2025,45,2025-11-03,2025-11-09,6.0,,WHO,0.9,observed
COG,2025,46,2025-11-10,2025-11-16,1.0,,WHO,0.9,observed
COG,2025,47,2025-11-17,2025-11-23,4.0,,WHO,0.9,observed
COG,2025,48,2025-11-24,2025-11-30,0.0,,WHO,0.9,observed
COG,2025,49,2025-12-01,2025-12-07,0.0,,WHO,0.9,observed
COG,2025,50,2025-12-08,2025-12-14,0.0,,WHO,0.9,observed
COG,2025,51,2025-12-15,2025-12-21,0.0,,WHO,0.9,observed
COG,2025,52,2025-12-22,2025-12-28,0.0,,WHO,0.9,observed
COG,2026,1,2025-12-29,2026-01-04,0.0,,WHO,0.9,observed
COG,2026,2,2026-01-05,2026-01-11,0.0,,WHO,0.9,observed
COG,2026,3,2026-01-12,2026-01-18,0.0,,WHO,0.9,observed
COG,2026,4,2026-01-19,2026-01-25,0.0,,WHO,0.9,observed
COG,2026,5,2026-01-26,2026-02-01,0.0,,WHO,0.9,observed
COG,2026,6,2026-02-02,2026-02-08,11.0,,WHO,0.9,observed
COG,2026,7,2026-02-09,2026-02-15,69.0,8.0,WHO,0.9,observed
COG,2026,8,2026-02-16,2026-02-22,0.0,,WHO,0.9,observed
COG,2026,9,2026-02-23,2026-03-01,91.0,8.0,WHO,0.9,observed
COG,2026,10,2026-03-02,2026-03-08,44.0,4.0,WHO,0.9,observed
COG,2026,11,2026-03-09,2026-03-15,0.0,,WHO,0.9,observed
COG,2026,12,2026-03-16,2026-03-22,33.0,4.0,WHO,0.9,observed
COG,2026,13,2026-03-23,2026-03-29,12.0,,WHO,0.9,observed
COG,2026,14,2026-03-30,2026-04-05,11.0,,WHO,0.9,observed
COG,2026,15,2026-04-06,2026-04-12,20.0,2.0,WHO,0.9,observed
