Index,Source,URL,Description,Date_Range,Data_Type,Status,Reliability_Level,Validation_Status,Search_Technique,Language_Original,Citation_Depth,Cross_References,Discovery_Method,source_database
1,MSF Cholera Response Congo-Brazzaville 2007,https://www.msf.org/cholera-intervention-focuses-coastal-city-congo-brazzaville,MSF emergency intervention in Pointe-Noire January 2007 documenting cholera epidemic statistics for Pointe-Noire and Brazzaville,2006-11-01 to 2007-04-30,Outbreak Report,Active,Level 2,Validated,Web search systematic,English,Primary,WHO AFRO 2007,Web Search,AI
2,WHO AFRO Cholera Congo 2011 DREF Context Report,https://reliefweb.int/report/congo/congo-cholera-outbreak-dref-operation-n%C2%B0-mdrcg009-final-report,IFRC DREF operation MDRCG009 for 2011 cholera outbreak in Republic of Congo documenting national totals and provincial breakdown,2011-06-01 to 2012-06-30,Outbreak Report,Active,Level 2,Validated,Web search systematic,English,Primary,Red Cross IFRC,Web Search,AI
3,WHO AFRO 2018 Week 12 Cholera Regional Update Congo,https://reliefweb.int/report/democratic-republic-congo/cholera-outbreaks-central-and-west-africa-2018-regional-update-3,WHO AFRO regional cholera update Week 12 2018 reporting 32 suspected cases from Plateaux and Likouala Departments Republic of Congo,2018-03-01 to 2018-03-31,Surveillance Report,Active,Level 1,Validated,Web search systematic,English,Primary,WHO AFRO regional,Web Search,AI
4,WHO Disease Outbreak News 2023 Congo Triple Outbreak DON488,https://www.who.int/emergencies/disease-outbreak-news/item/2023-DON488,WHO Disease Outbreak News for suspected triple outbreak typhoid/shigellosis/cholera in Dolisie Republic of Congo. Cholera-specific: 69 suspected and 21 confirmed cases as of 29 August 2023,2023-06-28 to 2023-08-29,WHO DON,Active,Level 1,Validated,Web search systematic,English,Primary,ReliefWeb DREF MDRCG021,Web Search,AI
5,WHO DON 2025 Multi-Country Cholera Sitrep 28 Congo,https://www.who.int/emergencies/disease-outbreak-news/item/2025-DON579,WHO multi-country cholera situation report documenting Republic of Congo 2025 outbreak: 457 cases 35 deaths CFR 7.7% between 23 June and 17 August 2025,2025-06-23 to 2025-08-17,WHO Sitrep,Active,Level 1,Validated,Web search systematic,English,Primary,WHO AFRO Mbamou report,Web Search,AI
6,WHO AFRO Congo Cholera Outbreak Declining October 2025,https://www.afro.who.int/countries/congo/news/cholera-epidemic-declining-congo,WHO AFRO news report documenting Republic of Congo 2025 cholera outbreak cumulative totals: 808 cases 67 deaths CFR 8.3% as of 16 October 2025,2025-06-23 to 2025-10-16,WHO Report,Active,Level 1,Validated,Web search systematic,English,Primary,WHO Mbamou response report,Web Search,AI
7,WHO AFRO Congo Cholera Response Mbamou Island 2025,https://www.afro.who.int/countries/congo/news/cholera-response-congo-mbamou-island-breathes-again,WHO AFRO response documentation for Mbamou Island cholera outbreak August 2025: 430+ cases 34 deaths as of 20 August. Documents geographic distribution.,2025-07-26 to 2025-08-20,WHO Report,Active,Level 1,Validated,Web search systematic,English,Primary,WHO AFRO Congo news,Web Search,AI
8,ProMED/WHO Congo 2016 Cholera Alert Mbamou Island,https://reliefweb.int/disaster/ep-2023-000127-cog,Cholera alert September 2016 Ile Mbamou Island Brazzaville: 16 cases 3 deaths. Source from regional surveillance reports,2016-09-11 to 2016-09-30,Alert Report,Active,Level 2,Validated,Web search systematic,English,Primary,DRC regional reports,Web Search,AI
9,ReliefWeb Congo Betou Cholera DREF MDRCG010 2012,https://reliefweb.int/report/congo/congo-cholera-outbreak-betou-dref-operation-n%C2%B0-mdrcg010-final-report,IFRC DREF operation MDRCG010 for Betou Likouala cholera outbreak March-May 2012: 355 cases 5 deaths,2012-01-01 to 2012-06-30,DREF Report,Active,Level 2,Validated,Web search systematic,English,Primary,MDRCG009 DREF,Web Search,AI
10,MoH WHO SITREP N34 Cholera Republique du Congo 06 March 2026,https://afro.who.int/sites/default/files/2026-03/SITREP_N34_CHOLERA_REPUBLIQUE_DU_CONGO_AU_06%20MARS_2026.pdf,Republic of Congo Ministry of Health/WHO situation report N34 collection period 25 Feb-05 Mar 2026: cumulative 997 cases (924 suspected 73 confirmed) 83 deaths CFR 8.3% across 3 departments with full department/district breakdown,2025-07-26 to 2026-03-05,Surveillance Report,Active,Level 1,Validated,Web search systematic French primary,French,Primary,UNICEF Flash Update No3,Web Search,AI
11,UNICEF Republic of Congo Humanitarian Flash Update No3 Cholera 13 March 2026,https://www.unicef.org/documents/republic-congo-humanitarian-flash-update-no-3-cholera-outbreak-response-13-march-2026,UNICEF humanitarian flash update 13 March 2026 corroborating cumulative 997 cholera cases CFR 8.3% in Republic of Congo with affected districts Liranga Mossaka-Lokolela Impfondo Mbamou Makotimpoko,2025-07-26 to 2026-03-13,Humanitarian Report,Active,Level 2,Validated,Web search systematic,English,Primary,MoH WHO SITREP N34,Web Search,AI
12,MoH WHO SITREP N45 Cholera Republique du Congo 11 May 2026,https://www.afro.who.int/sites/default/files/2026-05/SITREP_N%C2%B045_CHOLERA_REPUBLIQUE_DU_CONGO_AU_11_%20MAI_2026.pdf,"Republic of Congo MoH/WHO SGI situation report N45, collection period 04-10 May 2026: 63 new cases, 1 death; cumulative 1287 cases / 101 deaths CFR 7.8% across 6 departments",2026-05-04 to 2026-05-10,Surveillance Report,Active,Level 1,Pending,WebSearch: SITREP cholera REPUBLIQUE DU CONGO 2026 pdf afro.who.int -> afro.who.int Congo publications index scrape,French,0,,WebSearch: SITREP cholera REPUBLIQUE DU CONGO 2026 pdf afro.who.int -> afro.who.int Congo publications index scrape,AI
13,MoH WHO SITREP N46 Cholera Republique du Congo 01 June 2026,https://www.afro.who.int/sites/default/files/2026-06/SITREP_N%C2%B046_CHOLERA_REPUBLIQUE_DU_CONGO_AU_30_%20MAI_2026.pdf,"Republic of Congo MoH/WHO SGI situation report N46, collection period 11-31 May 2026: 182 new cases (1 confirmed), 23 deaths; cumulative 1471 cases / 124 deaths CFR 8.4%",2026-05-11 to 2026-05-31,Surveillance Report,Active,Level 1,Pending,WebSearch: afro.who.int Congo rapport de situation cholera 2026,French,0,,WebSearch: afro.who.int Congo rapport de situation cholera 2026,AI
14,MoH WHO SITREP N47 Cholera Republique du Congo 15 June 2026,https://www.afro.who.int/sites/default/files/2026-06/SITREP_N47_CHOLERA_REPUBLIQUE_DU_CONGO_AU_15_%20JUIN_2026.pdf,"Republic of Congo MoH/WHO SGI situation report N47, collection period 01-14 June 2026: 60 new cases, 3 deaths; cumulative 1531 cases / 127 deaths CFR 8.3%",2026-06-01 to 2026-06-14,Surveillance Report,Active,Level 1,Pending,WebFetch: afro.who.int/fr/countries/congo/publication/epidemie-de-cholera-rapport-de-situation-ndeg47,French,0,,WebFetch: afro.who.int/fr/countries/congo/publication/epidemie-de-cholera-rapport-de-situation-ndeg47,AI
15,MoH WHO SITREP N48 Cholera Republique du Congo 01 July 2026,https://www.afro.who.int/sites/default/files/2026-07/SITREP_N48_CHOLERA_REPUBLIQUE_DU_CONGO_AU_01_%20JUILLET_2026%20%28002%29.pdf,"Republic of Congo MoH/WHO SGI situation report N48 (latest published), collection period 15-30 June 2026: 67 new cases, 3 deaths; cumulative 1598 cases (1510 suspected + 88 confirmed) / 130 deaths CFR 8.1% across 6 departments, with full department/health-district table by 2025 and 2026 waves",2026-06-15 to 2026-06-30,Surveillance Report,Active,Level 1,Pending,Scrape of afro.who.int/fr/countries/congo/publications for SITREP PDF links,French,0,,Scrape of afro.who.int/fr/countries/congo/publications for SITREP PDF links,AI
16,UNICEF Republic of Congo Humanitarian Flash Update Ebola Preparedness and Cholera Outbreak 3 September 2026,https://www.unicef.org/media/184041/file/Republic-of-Congo-Humanitarian-Flash-Update-(Ebola%20Preparedness%20and%20Cholera%20Outbreak)-3-September-2026.pdf,"UNICEF Republic of Congo flash update 3 Sept 2026, reporting period March-August 2026, citing MoH SITREP N49 (29 July 2026). Cumulative 1707 cholera cases (1619 suspected + 88 confirmed), 131 deaths, CFR 7.7% as of 28 July 2026; 109 new cases since previous report; 11 active health districts in 6 departments; Congo-Oubangui 576, Brazzaville 443, Likouala 482 cases",2026-03-01 to 2026-08-31,Humanitarian Report,Active,Level 2,Pending,WebSearch: UNICEF Republic of Congo humanitarian flash update cholera No.4 No.5 2026,English,0,MoH WHO SITREP N49 29 juillet 2026; SITREP N48 01 July 2026,WebSearch: UNICEF Republic of Congo humanitarian flash update cholera No.4 No.5 2026,AI
17,WHO Weekly Epidemiological Record annual cholera report - Cholera in 1977 / Le cholera en 1977,https://iris.who.int/handle/10665/221859,"WHO WER annual global cholera report for 1977, carrying Tables 1-2 which list every country notifying cholera cases and deaths to WHO that year. Machine-readable OCR text retrieved via the WHO IRIS DSpace TEXT bundle. Republic of the Congo does NOT appear in the 1977 country table.",1977-01-01 to 1977-12-31,Surveillance Report,Active,Level 1,Pending,"WHO IRIS DSpace REST API harvest of the WER annual cholera report series 1970-1998 (search ""cholera in {year}"" -> item uuid -> TEXT bundle OCR)",English/French,0,WHO GHO OData indicators CHOLERA_0000000001/2/3 for COG,"WHO IRIS DSpace REST API harvest of the WER annual cholera report series 1970-1998 (search ""cholera in {year}"" -> item uuid -> TEXT bundle OCR)",AI
18,WHO Weekly Epidemiological Record annual cholera report - Cholera in 1978 / Le cholera en 1978,https://iris.who.int/handle/10665/222465,"WHO WER annual global cholera report for 1978. Explicitly names Congo (Congo-Brazzaville) among the eight countries newly infected with cholera in 1978, establishing 1978 as the country's FIRST cholera year of the seventh pandemic. Country table gives Congo 51 cases / 14 deaths for 1978.",1978-01-01 to 1978-12-31,Surveillance Report,Active,Level 1,Pending,"WHO IRIS DSpace REST API harvest of the WER annual cholera report series 1970-1998 (search ""cholera in {year}"" -> item uuid -> TEXT bundle OCR)",English/French,0,WHO GHO OData indicators CHOLERA_0000000001/2/3 for COG,"WHO IRIS DSpace REST API harvest of the WER annual cholera report series 1970-1998 (search ""cholera in {year}"" -> item uuid -> TEXT bundle OCR)",AI
19,WHO Weekly Epidemiological Record annual cholera report - Cholera in 1980 / Le cholera en 1980,https://iris.who.int/handle/10665/223434,"WHO WER annual global cholera report for 1980, carrying Tables 1-2 which list every country notifying cholera cases and deaths to WHO that year. Machine-readable OCR text retrieved via the WHO IRIS DSpace TEXT bundle. Republic of the Congo does NOT appear in the 1980 country table.",1980-01-01 to 1980-12-31,Surveillance Report,Active,Level 1,Pending,"WHO IRIS DSpace REST API harvest of the WER annual cholera report series 1970-1998 (search ""cholera in {year}"" -> item uuid -> TEXT bundle OCR)",English/French,0,WHO GHO OData indicators CHOLERA_0000000001/2/3 for COG,"WHO IRIS DSpace REST API harvest of the WER annual cholera report series 1970-1998 (search ""cholera in {year}"" -> item uuid -> TEXT bundle OCR)",AI
20,WHO Weekly Epidemiological Record annual cholera report - Cholera in 1981 / Le cholera en 1981,https://iris.who.int/handle/10665/223951,"WHO WER annual global cholera report for 1981, carrying Tables 1-2 which list every country notifying cholera cases and deaths to WHO that year. Machine-readable OCR text retrieved via the WHO IRIS DSpace TEXT bundle. Republic of the Congo does NOT appear in the 1981 country table.",1981-01-01 to 1981-12-31,Surveillance Report,Active,Level 1,Pending,"WHO IRIS DSpace REST API harvest of the WER annual cholera report series 1970-1998 (search ""cholera in {year}"" -> item uuid -> TEXT bundle OCR)",English/French,0,WHO GHO OData indicators CHOLERA_0000000001/2/3 for COG,"WHO IRIS DSpace REST API harvest of the WER annual cholera report series 1970-1998 (search ""cholera in {year}"" -> item uuid -> TEXT bundle OCR)",AI
21,WHO Weekly Epidemiological Record annual cholera report - Cholera in 1982 / Le cholera en 1982,https://iris.who.int/handle/10665/224544,"WHO WER annual global cholera report for 1982, carrying Tables 1-2 which list every country notifying cholera cases and deaths to WHO that year. Machine-readable OCR text retrieved via the WHO IRIS DSpace TEXT bundle. Republic of the Congo does NOT appear in the 1982 country table.",1982-01-01 to 1982-12-31,Surveillance Report,Active,Level 1,Pending,"WHO IRIS DSpace REST API harvest of the WER annual cholera report series 1970-1998 (search ""cholera in {year}"" -> item uuid -> TEXT bundle OCR)",English/French,0,WHO GHO OData indicators CHOLERA_0000000001/2/3 for COG,"WHO IRIS DSpace REST API harvest of the WER annual cholera report series 1970-1998 (search ""cholera in {year}"" -> item uuid -> TEXT bundle OCR)",AI
22,WHO Weekly Epidemiological Record annual cholera report - Cholera in 1983 / Le cholera en 1983,https://iris.who.int/handle/10665/224941,"WHO WER annual global cholera report for 1983, carrying Tables 1-2 which list every country notifying cholera cases and deaths to WHO that year. Machine-readable OCR text retrieved via the WHO IRIS DSpace TEXT bundle. Republic of the Congo does NOT appear in the 1983 country table.",1983-01-01 to 1983-12-31,Surveillance Report,Active,Level 1,Pending,"WHO IRIS DSpace REST API harvest of the WER annual cholera report series 1970-1998 (search ""cholera in {year}"" -> item uuid -> TEXT bundle OCR)",English/French,0,WHO GHO OData indicators CHOLERA_0000000001/2/3 for COG,"WHO IRIS DSpace REST API harvest of the WER annual cholera report series 1970-1998 (search ""cholera in {year}"" -> item uuid -> TEXT bundle OCR)",AI
23,WHO Weekly Epidemiological Record annual cholera report - Cholera in 1984 / Le cholera en 1984,https://iris.who.int/handle/10665/225369,"WHO WER annual global cholera report for 1984, carrying Tables 1-2 which list every country notifying cholera cases and deaths to WHO that year. Machine-readable OCR text retrieved via the WHO IRIS DSpace TEXT bundle. Republic of the Congo does NOT appear in the 1984 country table.",1984-01-01 to 1984-12-31,Surveillance Report,Active,Level 1,Pending,"WHO IRIS DSpace REST API harvest of the WER annual cholera report series 1970-1998 (search ""cholera in {year}"" -> item uuid -> TEXT bundle OCR)",English/French,0,WHO GHO OData indicators CHOLERA_0000000001/2/3 for COG,"WHO IRIS DSpace REST API harvest of the WER annual cholera report series 1970-1998 (search ""cholera in {year}"" -> item uuid -> TEXT bundle OCR)",AI
24,WHO Weekly Epidemiological Record annual cholera report - Cholera in 1985 / Le cholera en 1985,https://iris.who.int/handle/10665/225862,"WHO WER annual global cholera report for 1985, carrying Tables 1-2 which list every country notifying cholera cases and deaths to WHO that year. Machine-readable OCR text retrieved via the WHO IRIS DSpace TEXT bundle. Republic of the Congo does NOT appear in the 1985 country table.",1985-01-01 to 1985-12-31,Surveillance Report,Active,Level 1,Pending,"WHO IRIS DSpace REST API harvest of the WER annual cholera report series 1970-1998 (search ""cholera in {year}"" -> item uuid -> TEXT bundle OCR)",English/French,0,WHO GHO OData indicators CHOLERA_0000000001/2/3 for COG,"WHO IRIS DSpace REST API harvest of the WER annual cholera report series 1970-1998 (search ""cholera in {year}"" -> item uuid -> TEXT bundle OCR)",AI
25,WHO Weekly Epidemiological Record annual cholera report - Cholera in 1986 / Le cholera en 1986,https://iris.who.int/handle/10665/226262,"WHO WER annual global cholera report for 1986, carrying Tables 1-2 which list every country notifying cholera cases and deaths to WHO that year. Machine-readable OCR text retrieved via the WHO IRIS DSpace TEXT bundle. Republic of the Congo does NOT appear in the 1986 country table.",1986-01-01 to 1986-12-31,Surveillance Report,Active,Level 1,Pending,"WHO IRIS DSpace REST API harvest of the WER annual cholera report series 1970-1998 (search ""cholera in {year}"" -> item uuid -> TEXT bundle OCR)",English/French,0,WHO GHO OData indicators CHOLERA_0000000001/2/3 for COG,"WHO IRIS DSpace REST API harvest of the WER annual cholera report series 1970-1998 (search ""cholera in {year}"" -> item uuid -> TEXT bundle OCR)",AI
26,WHO Weekly Epidemiological Record annual cholera report - Cholera in 1987 / Le cholera en 1987,https://iris.who.int/handle/10665/226718,"WHO WER annual global cholera report for 1987, carrying Tables 1-2 which list every country notifying cholera cases and deaths to WHO that year. Machine-readable OCR text retrieved via the WHO IRIS DSpace TEXT bundle. Republic of the Congo does NOT appear in the 1987 country table.",1987-01-01 to 1987-12-31,Surveillance Report,Active,Level 1,Pending,"WHO IRIS DSpace REST API harvest of the WER annual cholera report series 1970-1998 (search ""cholera in {year}"" -> item uuid -> TEXT bundle OCR)",English/French,0,WHO GHO OData indicators CHOLERA_0000000001/2/3 for COG,"WHO IRIS DSpace REST API harvest of the WER annual cholera report series 1970-1998 (search ""cholera in {year}"" -> item uuid -> TEXT bundle OCR)",AI
27,WHO Weekly Epidemiological Record annual cholera report - Cholera in 1988 / Le cholera en 1988,https://iris.who.int/handle/10665/227140,"WHO WER annual global cholera report for 1988, carrying Tables 1-2 which list every country notifying cholera cases and deaths to WHO that year. Machine-readable OCR text retrieved via the WHO IRIS DSpace TEXT bundle. Republic of the Congo does NOT appear in the 1988 country table.",1988-01-01 to 1988-12-31,Surveillance Report,Active,Level 1,Pending,"WHO IRIS DSpace REST API harvest of the WER annual cholera report series 1970-1998 (search ""cholera in {year}"" -> item uuid -> TEXT bundle OCR)",English/French,0,WHO GHO OData indicators CHOLERA_0000000001/2/3 for COG,"WHO IRIS DSpace REST API harvest of the WER annual cholera report series 1970-1998 (search ""cholera in {year}"" -> item uuid -> TEXT bundle OCR)",AI
28,WHO Weekly Epidemiological Record annual cholera report - Cholera in 1989 / Le cholera en 1989,https://iris.who.int/handle/10665/227598,"WHO WER annual global cholera report for 1989, carrying Tables 1-2 which list every country notifying cholera cases and deaths to WHO that year. Machine-readable OCR text retrieved via the WHO IRIS DSpace TEXT bundle. Republic of the Congo does NOT appear in the 1989 country table.",1989-01-01 to 1989-12-31,Surveillance Report,Active,Level 1,Pending,"WHO IRIS DSpace REST API harvest of the WER annual cholera report series 1970-1998 (search ""cholera in {year}"" -> item uuid -> TEXT bundle OCR)",English/French,0,WHO GHO OData indicators CHOLERA_0000000001/2/3 for COG,"WHO IRIS DSpace REST API harvest of the WER annual cholera report series 1970-1998 (search ""cholera in {year}"" -> item uuid -> TEXT bundle OCR)",AI
29,WHO Weekly Epidemiological Record annual cholera report - Cholera in 1990 / Le cholera en 1990,https://iris.who.int/handle/10665/228010,"WHO WER annual global cholera report for 1990, carrying Tables 1-2 which list every country notifying cholera cases and deaths to WHO that year. Machine-readable OCR text retrieved via the WHO IRIS DSpace TEXT bundle. Republic of the Congo does NOT appear in the 1990 country table.",1990-01-01 to 1990-12-31,Surveillance Report,Active,Level 1,Pending,"WHO IRIS DSpace REST API harvest of the WER annual cholera report series 1970-1998 (search ""cholera in {year}"" -> item uuid -> TEXT bundle OCR)",English/French,0,WHO GHO OData indicators CHOLERA_0000000001/2/3 for COG,"WHO IRIS DSpace REST API harvest of the WER annual cholera report series 1970-1998 (search ""cholera in {year}"" -> item uuid -> TEXT bundle OCR)",AI
30,WHO Weekly Epidemiological Record annual cholera report - Cholera in 1991 / Le cholera en 1991,https://iris.who.int/handle/10665/261613,"WHO WER annual global cholera report for 1991, carrying Tables 1-2 which list every country notifying cholera cases and deaths to WHO that year. Machine-readable OCR text retrieved via the WHO IRIS DSpace TEXT bundle. Republic of the Congo does NOT appear in the 1991 country table.",1991-01-01 to 1991-12-31,Surveillance Report,Active,Level 1,Pending,"WHO IRIS DSpace REST API harvest of the WER annual cholera report series 1970-1998 (search ""cholera in {year}"" -> item uuid -> TEXT bundle OCR)",English/French,0,WHO GHO OData indicators CHOLERA_0000000001/2/3 for COG,"WHO IRIS DSpace REST API harvest of the WER annual cholera report series 1970-1998 (search ""cholera in {year}"" -> item uuid -> TEXT bundle OCR)",AI
31,WHO Weekly Epidemiological Record annual cholera report - Cholera in 1992 / Le cholera en 1992,https://iris.who.int/handle/10665/228720,"WHO WER annual global cholera report for 1992, carrying Tables 1-2 which list every country notifying cholera cases and deaths to WHO that year. Machine-readable OCR text retrieved via the WHO IRIS DSpace TEXT bundle. Republic of the Congo does NOT appear in the 1992 country table.",1992-01-01 to 1992-12-31,Surveillance Report,Active,Level 1,Pending,"WHO IRIS DSpace REST API harvest of the WER annual cholera report series 1970-1998 (search ""cholera in {year}"" -> item uuid -> TEXT bundle OCR)",English/French,0,WHO GHO OData indicators CHOLERA_0000000001/2/3 for COG,"WHO IRIS DSpace REST API harvest of the WER annual cholera report series 1970-1998 (search ""cholera in {year}"" -> item uuid -> TEXT bundle OCR)",AI
32,WHO Weekly Epidemiological Record annual cholera report - Cholera in 1993 Part I / Le cholera en 1993 Partie I,https://iris.who.int/handle/10665/229109,"WHO WER annual global cholera report for 1993, carrying Tables 1-2 which list every country notifying cholera cases and deaths to WHO that year. Machine-readable OCR text retrieved via the WHO IRIS DSpace TEXT bundle. Republic of the Congo does NOT appear in the 1993 country table.",1993-01-01 to 1993-12-31,Surveillance Report,Active,Level 1,Pending,"WHO IRIS DSpace REST API harvest of the WER annual cholera report series 1970-1998 (search ""cholera in {year}"" -> item uuid -> TEXT bundle OCR)",English/French,0,WHO GHO OData indicators CHOLERA_0000000001/2/3 for COG,"WHO IRIS DSpace REST API harvest of the WER annual cholera report series 1970-1998 (search ""cholera in {year}"" -> item uuid -> TEXT bundle OCR)",AI
33,WHO Weekly Epidemiological Record annual cholera report - Cholera in 1994 Part I / Le cholera en 1994 Partie I,https://iris.who.int/handle/10665/229467,"WHO WER annual global cholera report for 1994, carrying Tables 1-2 which list every country notifying cholera cases and deaths to WHO that year. Machine-readable OCR text retrieved via the WHO IRIS DSpace TEXT bundle. Republic of the Congo does NOT appear in the 1994 country table.",1994-01-01 to 1994-12-31,Surveillance Report,Active,Level 1,Pending,"WHO IRIS DSpace REST API harvest of the WER annual cholera report series 1970-1998 (search ""cholera in {year}"" -> item uuid -> TEXT bundle OCR)",English/French,0,WHO GHO OData indicators CHOLERA_0000000001/2/3 for COG,"WHO IRIS DSpace REST API harvest of the WER annual cholera report series 1970-1998 (search ""cholera in {year}"" -> item uuid -> TEXT bundle OCR)",AI
34,WHO Weekly Epidemiological Record annual cholera report - Cholera in 1995 / Le cholera en 1995,https://iris.who.int/handle/10665/229774,"WHO WER annual global cholera report for 1995, carrying Tables 1-2 which list every country notifying cholera cases and deaths to WHO that year. Machine-readable OCR text retrieved via the WHO IRIS DSpace TEXT bundle. Republic of the Congo does NOT appear in the 1995 country table.",1995-01-01 to 1995-12-31,Surveillance Report,Active,Level 1,Pending,"WHO IRIS DSpace REST API harvest of the WER annual cholera report series 1970-1998 (search ""cholera in {year}"" -> item uuid -> TEXT bundle OCR)",English/French,0,WHO GHO OData indicators CHOLERA_0000000001/2/3 for COG,"WHO IRIS DSpace REST API harvest of the WER annual cholera report series 1970-1998 (search ""cholera in {year}"" -> item uuid -> TEXT bundle OCR)",AI
35,WHO Weekly Epidemiological Record annual cholera report - Cholera in 1996 / Le cholera en 1996,https://iris.who.int/handle/10665/230202,"WHO WER annual global cholera report for 1996, carrying Tables 1-2 which list every country notifying cholera cases and deaths to WHO that year. Machine-readable OCR text retrieved via the WHO IRIS DSpace TEXT bundle. Republic of the Congo does NOT appear in the 1996 country table.",1996-01-01 to 1996-12-31,Surveillance Report,Active,Level 1,Pending,"WHO IRIS DSpace REST API harvest of the WER annual cholera report series 1970-1998 (search ""cholera in {year}"" -> item uuid -> TEXT bundle OCR)",English/French,0,WHO GHO OData indicators CHOLERA_0000000001/2/3 for COG,"WHO IRIS DSpace REST API harvest of the WER annual cholera report series 1970-1998 (search ""cholera in {year}"" -> item uuid -> TEXT bundle OCR)",AI
36,ECDC Cholera Worldwide Overview Monthly Update 26 August 2026,https://www.ecdc.europa.eu/en/all-topics-z/cholera/surveillance-and-disease-data/cholera-monthly,"ECDC monthly cholera worldwide overview as of 26 August 2026. Explicitly lists Congo among countries that have filed NO cholera updates since 27 July 2026, establishing 2026-07-29 onward as a non-reporting period rather than a cholera-free period.",2026-07-27 to 2026-08-26,Surveillance Report,Active,Level 1,Pending,WebSearch: Weekly Epidemiological Record cholera monthly update August September 2026 country table Congo,English,0,,WebSearch: Weekly Epidemiological Record cholera monthly update August September 2026 country table Congo,AI
37,WHO AFRO Weekly Bulletin on Outbreak and other Emergencies Week 33 2026 (10-16 August 2026),https://iris.who.int/handle/10665/387515,"WHO AFRO weekly outbreak bulletin, Week 33 2026, Congo cholera entry. Data frozen at EW30 2026 (26 July 2026): 1709 cumulative cases since EW25 2025, 88 laboratory-confirmed, 131 deaths, CFR 7.7%. Full department breakdown: Brazzaville 444, Congo-Oubangui 576, Likouala 483, Nkeni-Alima 84, Plateaux 54, Sangha 68. Calendar-2026 subtotal 852 suspected + 22 confirmed with 64 deaths. Two new suspected cases in EW30. Retrieved as OCR text via WHO IRIS DSpace TEXT bundle. Weeks 31, 32 and 33 all repeat the same 26-July cut-off, confirming Congo filed no cholera update after that date.",2025-06-16 to 2026-07-26,Surveillance Report,Active,Level 1,Pending,WHO IRIS DSpace search 'Weekly Bulletin on Outbreak and other Emergencies Week {n} 2026' after WebSearch surfaced the afro.who.int/countries/congo Week 32 landing page,English,0,UNICEF Flash Update 3 Sep 2026; MoH SITREP N48/N49; ECDC monthly 26 Aug 2026,WHO IRIS DSpace search 'Weekly Bulletin on Outbreak and other Emergencies Week {n} 2026' after WebSearch surfaced the afro.who.int/countries/congo Week 32 landing page,AI
38,"WHO Weekly Epidemiological Record annual cholera report - Cholera, 2014 / Cholera, 2014",https://iris.who.int/handle/10665/242429,"WHO WER annual global cholera report for 2014 (WER No.40, 2 October 2015). Table 1 names all 19 African countries that notified cholera in 2014 - Angola, Benin, Burundi, Cameroon, DRC, Cote d'Ivoire, Ghana, Guinea, Guinea Bissau, Kenya, Liberia, Mozambique, Namibia, Niger, Nigeria, Somalia, South Sudan, Togo, Uganda. The Republic of the Congo is NOT among them. Retrieved as OCR text via WHO IRIS DSpace TEXT bundle.",2014-01-01 to 2014-12-31,Surveillance Report,Active,Level 1,Pending,"WHO IRIS DSpace search 'Cholera, 2014' while targeting the 2014-12 effective gap",English/French,0,WHO GHO CHOLERA_0000000001 (no COG record for 2014); JHU baseline 2014 (49 zero-case surveillance records Jan-Nov),"WHO IRIS DSpace search 'Cholera, 2014' while targeting the 2014-12 effective gap",AI
39,Obengui et al. Le cholera au Centre Hospitalier Universitaire de Brazzaville Congo Med Trop 2000;60(3):303-309,https://www.jle.com/fr/MedSanteTrop/2000/60.3/303-309%20Lettres%20et%20correspondances.pdf,"Peer-reviewed correspondence (Medecine Tropicale 2000;60:303-309) describing a nosocomial cholera outbreak at Brazzaville University Hospital (CHU) in January 1999: 48 of 446 exposed persons ill (10.7%), 39 hospitalised, 2 deaths. Vibrio cholerae O1 El Tor Ogawa isolated by stool culture, confirmed by the Vibrionaceae unit at Institut Pasteur Paris. Source traced to an asymptomatic carrier cook. Also cites Yala/Dodin/Diana on the 1976-1979 Congo epidemic. PubMed 11258068.",1999-01-01 to 1999-01-31,Peer-reviewed Article,Active,Level 1,Pending,"WebSearch: ""Vibrio cholerae"" Congo Brazzaville etude epidemiologique 1978 1979 premiere epidemie (French)",French,0,IRD Horizon mirror: horizon.documentation.ird.fr/exl-doc/pleins_textes/pleins_textes_7/b_fdi_57-58/010025191.pdf,"WebSearch: ""Vibrio cholerae"" Congo Brazzaville etude epidemiologique 1978 1979 premiere epidemie (French)",AI
40,WHO Global Health Observatory annual cholera series for Congo (indicators CHOLERA_0000000001/2/3),https://ghoapi.azureedge.net/api/CHOLERA_0000000001?$filter=SpatialDim%20eq%20%27COG%27,"WHO Global Health Observatory OData API, the machine-readable form of the WER annual cholera notifications. Complete COG series (cases/deaths/CFR): 1978 51/14, 1979 5/0, 1997 275/60, 1998 3222/22, 1999 4813/20, 2000 9/2, 2005 0/0, 2006 175/10, 2007 7785/133, 2008 156/4, 2009 93/0, 2011 762/-, 2012 1181/37, 2013 1624/221, 2016 15/2. NO record exists for any year 1970-1977, 1980-1996, 2001-2004, 2010, 2014 or 2015 - the independent corroboration used for the absence rows in this dataset. Queryable for any country: substitute the ISO3 in the SpatialDim filter.",1978-01-01 to 2016-12-31,Surveillance Database,Active,Level 1,Pending,Direct WHO GHO OData API query during pre-search reconnaissance,English,0,WHO WER annual cholera reports 1970-2016 (IRIS),Direct WHO GHO OData API query during pre-search reconnaissance,AI
41,WHO AFRO Cholera en Republique du Congo l'OMS rapproche la riposte des communautes 26 June 2026,https://afro.who.int/fr/countries/congo/news/cholera-en-republique-du-congo-loms-rapproche-la-riposte-des-communautes,"WHO AFRO Congo news feature, published 26 June 2026. National cumulative as of 14 June 2026: 1531 cases, 127 deaths, 6 departments. Likouala Department: 259 cases at 31 May 2026 rising to 316 at 14 June 2026 (20.6% of national cases), CFR falling from 11.2% to 10.1% as deaths rose by only three. Impfondo health district recorded no deaths among newly notified cases in that fortnight. USEFUL FOR AGENT 2: carries the only published Likouala-specific time series points for May-June 2026.",2026-05-31 to 2026-06-14,WHO Report,Active,Level 1,Pending,"WebSearch (French): ""Cholera en Republique du Congo"" OMS riposte communautes 2026 cas notifies bilan",French,0,MoH WHO SITREP N46 and N47; AFRO Weekly Bulletin Week 33 2026,"WebSearch (French): ""Cholera en Republique du Congo"" OMS riposte communautes 2026 cas notifies bilan",AI
42,WHO Disease Outbreak News Cholera in Congo 10 February 1998,https://www.who.int/emergencies/disease-outbreak-news/item/1998_02_10c-en,"WHO Disease Outbreak News, 10 February 1998, Republic of the Congo. 485 cholera cases and 83 deaths (CFR 17.1%) in Pointe-Noire from 27 November 1997 to 5 February 1998. Four arrondissements of Pointe-Noire affected, worst Arrondissements III and IV. Spread to Madingo-Kayes (80 km north, coastal) and Kaka Mueka (180 km northeast, forest). Incidence had stabilised at about 10 cases per day.",1997-11-27 to 1998-02-05,WHO DON,Active,Level 1,Pending,WebSearch: WHO Disease Outbreak News Congo cholera 1998 1999 2000 Brazzaville Pointe-Noire epidemic report,English,0,,WebSearch: WHO Disease Outbreak News Congo cholera 1998 1999 2000 Brazzaville Pointe-Noire epidemic report,AI
43,WHO Disease Outbreak News Cholera in Congo 3 February 1998,https://www.who.int/emergencies/disease-outbreak-news/item/1998_02_03a-en,"WHO Disease Outbreak News, 3 February 1998, Republic of the Congo. 445 cholera cases with 83 deaths (CFR 20%) in Pointe-Noire, cases occurring 7 November 1997 to 27 January 1998. Vibrio cholerae O1 isolated from 6 specimens at the Institut National de Recherche Medicale, Kinshasa. Superseded one week later by the 10 February 1998 DON (485 cases). Registered as the corroborating second source for the 1997-98 Pointe-Noire epidemic.",1997-11-07 to 1998-01-27,WHO DON,Active,Level 1,Pending,WebSearch: WHO Disease Outbreak News Congo cholera 1998 1999 2000 Brazzaville Pointe-Noire epidemic report,English,0,,WebSearch: WHO Disease Outbreak News Congo cholera 1998 1999 2000 Brazzaville Pointe-Noire epidemic report,AI
44,OCHA Humanitarian Situation Report Republic of Congo January-February 1998,https://reliefweb.int/report/congo/humanitarian-situation-report-republic-congo-jan-feb-1998,"UN OCHA humanitarian situation report for the Republic of the Congo covering January-February 1998. Paragraph 11 (HEALTH): cholera outbreak in Pointe-Noire affecting 1268 people up to 26 February 1998 with some 85 deaths; outbreak started in November 1997. Cholera centres established at two hospitals with WHO assistance; UNICEF, WHO and MSF supplied ringer lactate. This is the fullest published cumulative figure for the 1997-98 Pointe-Noire epidemic and supersedes the WHO DON figures of 3 and 10 February 1998.",1997-11-01 to 1998-02-26,Situation Report,Active,Level 2,Pending,WebSearch: ReliefWeb Congo 1998 1999 cholera epidemic Pointe-Noire Brazzaville report cases deaths,English,0,WHO DON 3 Feb 1998 (445/83); WHO DON 10 Feb 1998 (485/83),WebSearch: ReliefWeb Congo 1998 1999 cholera epidemic Pointe-Noire Brazzaville report cases deaths,AI
45,IRIN/TNH Congo Cholera kills 41 in Pointe-Noire 29 January 2007,https://reliefweb.int/report/congo/congo-cholera-kills-41-pointe-noire,"IRIN news report, 29 January 2007, quoting Republic of Congo Health Minister Alphonse Gando: 1236 cholera cases including 41 fatalities reported in Pointe-Noire since the beginning of January 2007. Cholera epidemic officially declared in Pointe-Noire and surrounding areas after clinical observation and laboratory testing in Brazzaville. Three large treatment centres established.",2007-01-01 to 2007-01-29,News Report,Active,Level 3,Pending,WebSearch: ReliefWeb Congo 1998 1999 cholera epidemic Pointe-Noire Brazzaville report cases deaths,English,0,,WebSearch: ReliefWeb Congo 1998 1999 cholera epidemic Pointe-Noire Brazzaville report cases deaths,AI
46,OCHA Humanitarian Situation Report Republic of Congo March 1998,https://reliefweb.int/report/congo/humanitarian-situation-report-republic-congo-mar-1998,"UN OCHA humanitarian situation report for the Republic of the Congo, March 1998, paragraph 12: over 1800 cholera cases reported in Pointe-Noire up to around mid-March 1998 since the outbreak started in November 1997; patients still being treated at two reference hospitals. Response by WHO, UNICEF, MSF, ICRC, Congolese Red Cross, IFRC, Rotary International and Lion's Club. UNHCR rehabilitated two water sources at Kondi-Mbaka; Angolan refugee sites untouched by the outbreak.",1997-11-01 to 1998-03-15,Situation Report,Active,Level 2,Pending,WebSearch: OCHA Republic of Congo humanitarian situation report 1998 1999 March April cholera Pointe-Noire cases,English,0,,WebSearch: OCHA Republic of Congo humanitarian situation report 1998 1999 March April cholera Pointe-Noire cases,AI
47,Congopage Le Congo reconnait enfin officiellement qu'une epidemie de cholera frappe Pointe-Noire et le Kouilou 2007,https://www.congopage.com/Le-Congo-reconnait-enfin,"Congolese news report on the official declaration of the 2006-07 cholera epidemic, quoting Pointe-Noire departmental health director Constance Dzaba and Director-General of Health Damase Bozongo. Gives 1636 officially declared cases with about 60 deaths in Pointe-Noire and 51 cases with 5 deaths in Kouilou Department; first suspected cases in November 2006; about 40 declared cases per day from 9 January 2007; crisis cell constituted 28 January 2007 with WHO and UNICEF. Only located source giving a Kouilou-specific count for this epidemic.",2006-11-01 to 2007-02-28,News Report,Active,Level 3,Pending,WebSearch (French): Congo Brazzaville cholera 2006 2007 epidemie Pointe-Noire chiffres officiels ministere sante,French,0,,WebSearch (French): Congo Brazzaville cholera 2006 2007 epidemie Pointe-Noire chiffres officiels ministere sante,AI
48,WHO Disease Outbreak News Cholera in the Republic of Congo and the Democratic Republic of Congo 22 July 2011,https://www.who.int/emergencies/disease-outbreak-news/item/2011_07_22-en,"WHO Disease Outbreak News, 22 July 2011, covering both Congos separately. REPUBLIC OF THE CONGO: 181 suspected cases and 6 deaths (CFR 3%) between 14 June and 20 July 2011 from four departments - Brazzaville, Cuvette, Likouala and Plateaux; four cases from Brazzaville and Likouala laboratory-confirmed. DRC (separate country, for contrast): 3896 cases, 265 deaths, CFR 7%, Bandundu/Equateur/Kinshasa/Orientale. Gives the only precise early-window count for the 2011 Congo-Brazzaville epidemic.",2011-06-14 to 2011-07-20,WHO DON,Active,Level 1,Pending,Citation chain: JIDC 2011;5(10):688-691 (Kelvin) reference [7] -> WHO DON 2011_07_22,English,0,IFRC DREF MDRCG009 final report (775 cases / 32 deaths by 27 Dec 2011),Citation chain: JIDC 2011;5(10):688-691 (Kelvin) reference [7] -> WHO DON 2011_07_22,AI
49,WHO AFRO Weekly Bulletin on Outbreak and other Emergencies Week 16 2018 (16-20 April 2018) - Cholera in Congo,https://iris.who.int/search?query=Weekly%20Bulletin%20on%20Outbreak%20and%20other%20Emergencies%20Week%2016%202018,"WHO AFRO weekly outbreak bulletin Week 16 2018, dedicated 'Cholera in Congo' event description. As of 19 April 2018: 46 suspected cholera cases and 2 deaths (CFR 4.4%) from two departments - Plateaux (34 cases, 1 death) and Likouala (12 cases, 1 death). Outbreak onset 15 March 2018 in Mongolo village, Mpouya District, Plateaux (first death 17 March) and 18 March 2018 in Liranga village, Impfondo District, Likouala; reported to MoH 22 March 2018. Six stool samples sent to the National Public Health Laboratory (LNSP) Brazzaville; three Impfondo samples RDT-positive for V. cholerae O1, and LNSP confirmed V. cholerae in one of three Mongolo samples on 3 April 2018. Retrieved as OCR text via the WHO IRIS DSpace TEXT bundle.",2018-03-15 to 2018-04-19,Surveillance Report,Active,Level 1,Pending,"WHO IRIS DSpace search 'Weekly Bulletin on Outbreak and other Emergencies Week {n} 2018', run specifically to resolve the same_period_conflict that validate_quality.py flags between COG rows 7 and 8",English,0,,"WHO IRIS DSpace search 'Weekly Bulletin on Outbreak and other Emergencies Week {n} 2018', run specifically to resolve the same_period_conflict that validate_quality.py flags between COG rows 7 and 8",AI
50,ReliefWeb/IFRC Republic of Congo Cholera Outbreak disaster profile EP-2013-000040-COG (2012-2013 Pointe-Noire),https://reliefweb.int/disaster/ep-2013-000040-cog,"ReliefWeb curated disaster profile for the 2012-13 Pointe-Noire cholera outbreak, citing IFRC situation reports. Heavy downpour of 17-18 November 2012 destroyed drainage, overflowed wells and latrines in Pointe-Noire; first cholera case a few weeks later. As of 6 April 2013: 656 cases, 15 deaths (IFRC 12 Apr 2013). As of 26 May 2013: 1036 cases, 16 deaths, with new outbreaks reported along the border with Angola and Cabinda (IFRC 13 Jun 2013). Late July 2013: stabilisation and a halt in community fatalities (IFRC 3 Dec 2013). DREF operation MDRCG014.",2012-11-17 to 2013-07-31,Situation Report,Active,Level 2,Pending,WebSearch: Republic of Congo cholera 2013 outbreak Pointe-Noire 1036 cases 16 deaths DREF; retrieved by curl with a browser User-Agent (ReliefWeb 403s WebFetch),English,0,,WebSearch: Republic of Congo cholera 2013 outbreak Pointe-Noire 1036 cases 16 deaths DREF; retrieved by curl with a browser User-Agent (ReliefWeb 403s WebFetch),AI
51,IFRC DREF Bulletin MDRCG002 Republic of Congo Cholera in Pointe Noire 12 February 2007,https://reliefweb.int/report/congo/republic-congo-cholera-pointe-noire-dref-bulletin-no-mdrcg002,"IFRC DREF bulletin MDRCG002, 12 February 2007. Pointe-Noire: 60 cases including 7 deaths by end of December 2006; MoH declared the outbreak 27 January 2007; 3030 cases with 50 fatalities by 30 January 2007. Spread to Brazzaville with 38 cases including 4 deaths as of 12 February 2007. Four cholera treatment centres operating (Adolphe Sice, Tsie-Tsie, Loandjili, Army Central Hospital); Pointe-Noire Central Prison affected. Population of Pointe-Noire had grown from 300000 to about 1 million through 1990s conflict displacement.",2006-12-01 to 2007-02-12,DREF Report,Active,Level 2,Pending,WebSearch: Republic of Congo cholera Pointe Noire DREF bulletin MDRCG002 2007 cases deaths total,English,0,,WebSearch: Republic of Congo cholera Pointe Noire DREF bulletin MDRCG002 2007 cases deaths total,AI
52,MoH Congo / WHO SITREP N3 Cholera Republique du Congo 2025-08-02,https://www.afro.who.int/sites/default/files/2025-08/SITREP%20N03%20CHOLERA%20REPUBLIQUE%20DU%20CONGO%20AU%2002%20AOUT%202025.pdf,"Republic of Congo Ministry of Health (SGI) cholera situation report N3, published 2025-08-02, cumulative to 01 Aug 2025. Tableau I gives cases and deaths by department, health district (district sanitaire) and health area (aire de sante).",2025-06-21 to 2026-06-30,Sub-national surveillance (department / district sanitaire / aire de sante),Active,Level 1,Pending,WebSearch: SITREP CHOLERA REPUBLIQUE DU CONGO afro.who.int rapport de situation -> enumerated afro.who.int/fr/countries/congo/publication/epidemie-de-cholera-rapport-de-situation-ndegN for N=1..60,fr,0,,WebSearch: SITREP CHOLERA REPUBLIQUE DU CONGO afro.who.int rapport de situation -> enumerated afro.who.int/fr/countries/congo/publication/epidemie-de-cholera-rapport-de-situation-ndegN for N=1..60,AI
53,MoH Congo / WHO SITREP N5 Cholera Republique du Congo 2025-08-06,https://www.afro.who.int/sites/default/files/2025-08/SITREP%20N05%20CHOLERA%20REPUBLIQUE%20DU%20CONGO%20AU%2006%20AOUT%202025.pdf,"Republic of Congo Ministry of Health (SGI) cholera situation report N5, published 2025-08-06, cumulative to 05 Aug 2025. Tableau I gives cases and deaths by department, health district (district sanitaire) and health area (aire de sante).",2025-06-21 to 2026-06-30,Sub-national surveillance (department / district sanitaire / aire de sante),Active,Level 1,Pending,WebSearch: SITREP CHOLERA REPUBLIQUE DU CONGO afro.who.int rapport de situation -> enumerated afro.who.int/fr/countries/congo/publication/epidemie-de-cholera-rapport-de-situation-ndegN for N=1..60,fr,0,,WebSearch: SITREP CHOLERA REPUBLIQUE DU CONGO afro.who.int rapport de situation -> enumerated afro.who.int/fr/countries/congo/publication/epidemie-de-cholera-rapport-de-situation-ndegN for N=1..60,AI
54,MoH Congo / WHO SITREP N9 Cholera Republique du Congo 2025-08-15,https://www.afro.who.int/sites/default/files/2025-08/SITREP_N09_CHOLERA_REPUBLIQUE_DU_CONGO_AU_14_AOUT_2025.pdf,"Republic of Congo Ministry of Health (SGI) cholera situation report N9, published 2025-08-15, cumulative to 14 Aug 2025. Tableau I gives cases and deaths by department, health district (district sanitaire) and health area (aire de sante).",2025-06-21 to 2026-06-30,Sub-national surveillance (department / district sanitaire / aire de sante),Active,Level 1,Pending,WebSearch: SITREP CHOLERA REPUBLIQUE DU CONGO afro.who.int rapport de situation -> enumerated afro.who.int/fr/countries/congo/publication/epidemie-de-cholera-rapport-de-situation-ndegN for N=1..60,fr,0,,WebSearch: SITREP CHOLERA REPUBLIQUE DU CONGO afro.who.int rapport de situation -> enumerated afro.who.int/fr/countries/congo/publication/epidemie-de-cholera-rapport-de-situation-ndegN for N=1..60,AI
55,MoH Congo / WHO SITREP N14 Cholera Republique du Congo 2025-08-29,https://www.afro.who.int/sites/default/files/2025-08/SITREP_N14_CHOLERA_REPUBLIQUE_DU_CONGO_AU_29_AOUT_2025.pdf,"Republic of Congo Ministry of Health (SGI) cholera situation report N14, published 2025-08-29, cumulative to 28 Aug 2025. Tableau I gives cases and deaths by department, health district (district sanitaire) and health area (aire de sante).",2025-06-21 to 2026-06-30,Sub-national surveillance (department / district sanitaire / aire de sante),Active,Level 1,Pending,WebSearch: SITREP CHOLERA REPUBLIQUE DU CONGO afro.who.int rapport de situation -> enumerated afro.who.int/fr/countries/congo/publication/epidemie-de-cholera-rapport-de-situation-ndegN for N=1..60,fr,0,,WebSearch: SITREP CHOLERA REPUBLIQUE DU CONGO afro.who.int rapport de situation -> enumerated afro.who.int/fr/countries/congo/publication/epidemie-de-cholera-rapport-de-situation-ndegN for N=1..60,AI
56,MoH Congo / WHO SITREP N20 Cholera Republique du Congo 2025-09-22,https://www.afro.who.int/sites/default/files/2025-09/SITREP_N20_CHOLERA_REPUBLIQUE_DU_CONGO_AU_22_SEPTEMBRE_2025.pdf,"Republic of Congo Ministry of Health (SGI) cholera situation report N20, published 2025-09-22, cumulative to 21 Sep 2025. Tableau I gives cases and deaths by department, health district (district sanitaire) and health area (aire de sante).",2025-06-21 to 2026-06-30,Sub-national surveillance (department / district sanitaire / aire de sante),Active,Level 1,Pending,WebSearch: SITREP CHOLERA REPUBLIQUE DU CONGO afro.who.int rapport de situation -> enumerated afro.who.int/fr/countries/congo/publication/epidemie-de-cholera-rapport-de-situation-ndegN for N=1..60,fr,0,,WebSearch: SITREP CHOLERA REPUBLIQUE DU CONGO afro.who.int rapport de situation -> enumerated afro.who.int/fr/countries/congo/publication/epidemie-de-cholera-rapport-de-situation-ndegN for N=1..60,AI
57,MoH Congo / WHO SITREP N29 Cholera Republique du Congo 2025-11-04,https://www.afro.who.int/sites/default/files/2025-11/SITREP_N29_CHOLERA_REPUBLIQUE_DU_CONGO_AU_03_NOVEMBRE_2025_1.pdf,"Republic of Congo Ministry of Health (SGI) cholera situation report N29, published 2025-11-04, cumulative to 02 Nov 2025. Tableau I gives cases and deaths by department, health district (district sanitaire) and health area (aire de sante).",2025-06-21 to 2026-06-30,Sub-national surveillance (department / district sanitaire / aire de sante),Active,Level 1,Pending,WebSearch: SITREP CHOLERA REPUBLIQUE DU CONGO afro.who.int rapport de situation -> enumerated afro.who.int/fr/countries/congo/publication/epidemie-de-cholera-rapport-de-situation-ndegN for N=1..60,fr,0,,WebSearch: SITREP CHOLERA REPUBLIQUE DU CONGO afro.who.int rapport de situation -> enumerated afro.who.int/fr/countries/congo/publication/epidemie-de-cholera-rapport-de-situation-ndegN for N=1..60,AI
58,MoH Congo / WHO SITREP N31 Cholera Republique du Congo 2026-02-04,https://www.afro.who.int/sites/default/files/2026-02/SITREP_N%C2%B031_CHOLERA_REPUBLIQUE_DU_CONGO_AU_04%20FEVRIER_2026.pdf,"Republic of Congo Ministry of Health (SGI) cholera situation report N31, published 2026-02-04, cumulative to 04 Feb 2026. Tableau I gives cases and deaths by department, health district (district sanitaire) and health area (aire de sante).",2025-06-21 to 2026-06-30,Sub-national surveillance (department / district sanitaire / aire de sante),Active,Level 1,Pending,WebSearch: SITREP CHOLERA REPUBLIQUE DU CONGO afro.who.int rapport de situation -> enumerated afro.who.int/fr/countries/congo/publication/epidemie-de-cholera-rapport-de-situation-ndegN for N=1..60,fr,0,,WebSearch: SITREP CHOLERA REPUBLIQUE DU CONGO afro.who.int rapport de situation -> enumerated afro.who.int/fr/countries/congo/publication/epidemie-de-cholera-rapport-de-situation-ndegN for N=1..60,AI
59,MoH Congo / WHO SITREP N33 Cholera Republique du Congo 2026-02-25,https://www.afro.who.int/sites/default/files/2026-02/SITREP_N33_CHOLERA_REPUBLIQUE_DU_CONGO_AU_24%20FEVRIER_2026.pdf,"Republic of Congo Ministry of Health (SGI) cholera situation report N33, published 2026-02-25, cumulative to 22 Feb 2026. Tableau I gives cases and deaths by department, health district (district sanitaire) and health area (aire de sante).",2025-06-21 to 2026-06-30,Sub-national surveillance (department / district sanitaire / aire de sante),Active,Level 1,Pending,WebSearch: SITREP CHOLERA REPUBLIQUE DU CONGO afro.who.int rapport de situation -> enumerated afro.who.int/fr/countries/congo/publication/epidemie-de-cholera-rapport-de-situation-ndegN for N=1..60,fr,0,,WebSearch: SITREP CHOLERA REPUBLIQUE DU CONGO afro.who.int rapport de situation -> enumerated afro.who.int/fr/countries/congo/publication/epidemie-de-cholera-rapport-de-situation-ndegN for N=1..60,AI
60,MoH Congo / WHO SITREP N35 Cholera Republique du Congo 2026-03-12,https://www.afro.who.int/sites/default/files/2026-03/SITREP_N35_CHOLERA_REPUBLIQUE_DU_CONGO_AU_12_%20MARS_2026.pdf,"Republic of Congo Ministry of Health (SGI) cholera situation report N35, published 2026-03-12, cumulative to 11 Mar 2026. Tableau I gives cases and deaths by department, health district (district sanitaire) and health area (aire de sante).",2025-06-21 to 2026-06-30,Sub-national surveillance (department / district sanitaire / aire de sante),Active,Level 1,Pending,WebSearch: SITREP CHOLERA REPUBLIQUE DU CONGO afro.who.int rapport de situation -> enumerated afro.who.int/fr/countries/congo/publication/epidemie-de-cholera-rapport-de-situation-ndegN for N=1..60,fr,0,,WebSearch: SITREP CHOLERA REPUBLIQUE DU CONGO afro.who.int rapport de situation -> enumerated afro.who.int/fr/countries/congo/publication/epidemie-de-cholera-rapport-de-situation-ndegN for N=1..60,AI
61,MoH Congo / WHO SITREP N42 Cholera Republique du Congo 2026-04-28,https://www.afro.who.int/sites/default/files/2026-04/SITREP_N42_CHOLERA_REPUBLIQUE_DU_CONGO_AU_28_%20AVRIL_2026.pdf,"Republic of Congo Ministry of Health (SGI) cholera situation report N42, published 2026-04-28, cumulative to 27 Apr 2026. Tableau I gives cases and deaths by department, health district (district sanitaire) and health area (aire de sante).",2025-06-21 to 2026-06-30,Sub-national surveillance (department / district sanitaire / aire de sante),Active,Level 1,Pending,WebSearch: SITREP CHOLERA REPUBLIQUE DU CONGO afro.who.int rapport de situation -> enumerated afro.who.int/fr/countries/congo/publication/epidemie-de-cholera-rapport-de-situation-ndegN for N=1..60,fr,0,,WebSearch: SITREP CHOLERA REPUBLIQUE DU CONGO afro.who.int rapport de situation -> enumerated afro.who.int/fr/countries/congo/publication/epidemie-de-cholera-rapport-de-situation-ndegN for N=1..60,AI
62,MoH Congo DELM SITREP N12 Epidemies de Cholera Shigellose et fievre typhoide 10 August 2023,https://sante.gouv.cg/wp-content/uploads/2023/08/SITREP-national-12-du-10-08-2023.pdf,"Republic of Congo Ministry of Health, Direction de l'Epidemiologie et de la Lutte contre la Maladie, national SITREP N12 of the 2023 triple epidemic (cholera, shigellosis, typhoid fever), published 10 August 2023. Tableau I gives SUSPECTED cholera cases by department and health district; Tableau IV gives LABORATORY-CONFIRMED cholera cases by department and health district. This is the only source located that separates cholera from the other two pathogens at sub-national level.",2023-06-28 to 2023-08-10,"Sub-national surveillance (department / district sanitaire), cholera separated from shigellosis and typhoid",Active,Level 1,Pending,WebSearch: sante.gouv.cg cholera epidemie district sanitaire rapport,fr,0,,WebSearch: sante.gouv.cg cholera epidemie district sanitaire rapport,AI
63,WHO Congo Country Office / MoH Programme biennal de cooperation OMS-Congo 2015-2016 (national cholera epidemiology section 2.2.3.2),https://extranet.who.int/countryplanningcycles/sites/default/files/planning_cycle_repository/congo/programme_biennal_2015_2016_final_03_sept14_pro.pdf,"WHO Country Office Congo / Ministere de la Sante et de la Population biennial cooperation programme 2015-2016. Section 2.2.3.2 'Cholera' gives the department-level breakdown of the 2010-2011 cholera epidemic and names the departments most affected in 2012, plus the Pointe-Noire Oct 2012-Apr 2013 epidemic total. This is the only located source that splits the 2011 Congo cholera epidemic by department.",2010-01-01 to 2013-04-30,Retrospective national summary with department-level cholera case and death counts,Active,Level 2,Pending,WebSearch: Congo Brazzaville cholera 2011 2012 'Cuvette' 'Likouala' 'Plateaux' 775 cas 32 deces departements,fr,0,,WebSearch: Congo Brazzaville cholera 2011 2012 'Cuvette' 'Likouala' 'Plateaux' 775 cas 32 deces departements,AI
64,MSF Post-cholera situation remains poor in Republic of Congo 9 May 2007,https://www.msf.org/post-cholera-situation-remains-poor-republic-congo,"Medecins Sans Frontieres project update, 9 May 2007, closing out the MSF emergency intervention in the 2006-2007 Republic of Congo cholera epidemic. Gives the full-epidemic case and death totals split between Pointe-Noire and Brazzaville, and names the localities where MSF set up cholera treatment centres (Pointe-Noire, Brazzaville, Loudima in Bouenza, Pont de Niari in Niari).",2006-11-01 to 2007-04-30,End-of-epidemic department-level case and death totals,Active,Level 2,Pending,WebSearch: MSF 'post-cholera situation remains poor' Republic of Congo Pointe-Noire 2007 cases treated,en,0,,WebSearch: MSF 'post-cholera situation remains poor' Republic of Congo Pointe-Noire 2007 cases treated,AI
65,UN OCHA Humanitarian Situation Report Republic of Congo April-May 1998,https://reliefweb.int/report/congo/humanitarian-situation-report-republic-congo-apr-may-1998,"United Nations Office for the Coordination of Humanitarian Affairs bimonthly humanitarian situation report for the Republic of Congo covering April-May 1998. Paragraph 7 (Health and Nutrition) gives the cumulative cholera total for the Kouilou region / Pointe-Noire as of 6 May 1998, extending the 1997-98 coastal epidemic series two months beyond the last previously recorded figure (mid-March 1998).",1998-04-01 to 1998-05-31,Cumulative regional cholera case and death totals,Active,Level 2,Pending,WebSearch: Congo Brazzaville 1998 OCHA humanitarian situation report cholera Pointe-Noire Kouilou Niari cases March April,en,0,,WebSearch: Congo Brazzaville 1998 OCHA humanitarian situation report cholera Pointe-Noire Kouilou Niari cases March April,AI
66,MoH Congo DELM SITREP N18 Epidemies de Cholera Shigellose et fievre typhoide 20 September 2023 (final),https://sante.gouv.cg/wp-content/uploads/2023/09/SITREP-NATIONAL-18-DU-20-09-2023.pdf,"Republic of Congo Ministry of Health, Direction de l'Epidemiologie et de la Lutte contre la Maladie, closing national SITREP N18 of the 2023 cholera/shigellosis/typhoid triple epidemic, published 20 September 2023 with data to 19 September 2023. Tableau IV gives laboratory-confirmed cholera by department and health district; Tableau V gives confirmed cases, operated cases, deaths, probable cases and CFR for cholera by department and health district. Every department under surveillance is listed, including those with zero cholera.",2023-06-28 to 2023-09-19,"Final sub-national surveillance table of the 2023 triple epidemic, cholera separated by department and district sanitaire",Active,Level 1,Pending,Scraped https://sante.gouv.cg/?s=SITREP then followed the SITREP N18 landing page to its PDF,fr,0,,Scraped https://sante.gouv.cg/?s=SITREP then followed the SITREP N18 landing page to its PDF,AI
67,WHO Country Cooperation Strategy Congo 2009-2013 (Strategie de Cooperation de l'OMS avec les Pays 2009-2013 Republique du Congo) - national cholera epidemiology section,https://iris.who.int/handle/10665/136993,"WHO Congo country office. Section 'Le cholera' states: 'Apres les epidemies de cholera observees en 1998, 1999 et 2001 a Brazzaville et a Pointe-Noire, aucun cas n'a ete notifie sur l'ensemble du territoire de 2001 a 2005.' Also gives 2006Q4-2007 total 7353 cases/109 deaths across 7 named departments and a Feb-Jun 2008 Bouenza epidemic of 98 cases/1 death.",1998 to 2008,National cholera history narrative with case and death totals,Active,Level 1,Pending,IRIS DSpace REST discover: 'stratégie de coopération Congo' -> handle 10665/136993 -> PDF bitstream -> pdftotext -layout,fr,0,,IRIS DSpace REST discover: 'stratégie de coopération Congo' -> handle 10665/136993 -> PDF bitstream -> pdftotext -layout,AI
68,WHO Weekly Epidemiological Record No 6 6 February 1998 - Cholera-like diarrhoeal disease in the Congo / Newly infected areas,https://iris.who.int/handle/10665/230373,"WER weekly IHR notification section. Lists Congo (Kouilou Region, Pointe-Noire) under 'Newly infected areas as at 5 February 1998', i.e. WHO formally reclassified Kouilou from free-of-infection to infected. Reports 445 cases / 83 deaths 7 Nov 1997 - 27 Jan 1998.",1997-11-07 to 1998-02-05,"IHR weekly notification, newly infected areas list",Active,Level 1,Pending,IRIS DSpace REST discover: 'Congo cholera' -> handle 10665/230373,en/fr,0,,IRIS DSpace REST discover: 'Congo cholera' -> handle 10665/230373,AI
69,Yala F Dodin A Diana Y 1982 - Role de la contamination interhumaine lors de l'epidemie de cholera en Republique Populaire du Congo 1978-1979,https://pubmed.ncbi.nlm.nih.gov/7172355/,"Bull Soc Pathol Exot Filiales 1982;75(4):345-51. Abstract: 'The authors make an epidemiologic analysis of the first cholera cases notified by the Congo in 1978 and 1979.' Independent peer-reviewed confirmation that 1978 was Congo's FIRST cholera notification, corroborating the pre-1978 absence block (rows 28-35).",1978 to 1979,Peer-reviewed epidemiological analysis,Active,Level 1,Pending,PubMed MCP search_articles: 'cholera Congo Brazzaville epidemie' -> PMID 7172355,fr,0,,PubMed MCP search_articles: 'cholera Congo Brazzaville epidemie' -> PMID 7172355,AI
70,WHO Weekly Epidemiological Record annual cholera report - Cholera 2010 / Cholera 2010,https://iris.who.int/handle/10665/241791,"WER 2011 vol 86 no 31. Africa table lists Democratic Republic of the Congo (13 884 cases) and Cameroon (10 759) but does NOT list the Republic of the Congo, which submitted no annual cholera return for 2010 (absent from the WHO GHO series for 2010 as well).",2010-01-01 to 2010-12-31,WHO annual country cholera table,Active,Level 1,Pending,"IRIS DSpace REST discover: 'Cholera, 2010' -> handle 10665/241791 -> PDF bitstream",en/fr,0,,"IRIS DSpace REST discover: 'Cholera, 2010' -> handle 10665/241791 -> PDF bitstream",AI
71,WHO Global Cholera and AWD Dashboard - cholera_adm0_week FeatureServer weekly series for Congo (data layer last edited 2026-09-28),https://services.arcgis.com/5T5nSi527N4F7luB/arcgis/rest/services/cholera_adm0_week/FeatureServer/0/query?where=iso_3_code%3D%27COG%27&outFields=*&orderByFields=date_wk%20ASC&f=json,"WHO global cholera/AWD surveillance dashboard back-end (ArcGIS FeatureServer cholera_adm0_week), national weekly suspected cholera cases and deaths reported by the Republic of the Congo, with epiyr/epiwk, week-start date (date_wk, Monday), and cumulative cases/deaths since 2023. Congo series runs 2023 to the week of 7 Sep 2026; data layer lastEditDate 2026-09-28 08:21 UTC. 2025 wave weeks sum to 826 cases / 67 deaths, exactly matching the MoH SITREP 'Vague 2025' total, which validates the series and its week alignment (2025 epiwk 25 = week of 16 Jun 2025, containing the 21 Jun 2025 index case).",2023-07-24 to 2026-09-13,"Weekly national surveillance counts (suspected cholera cases, deaths)",Active,Level 1,Pending,"Direct retrieval (not WebSearch): ArcGIS REST query of WHO cholera_adm0_week FeatureServer, endpoint taken from py/fetch_who_epiweek_calendar.py",English,0,"Consistent with WHO AFRO Weekly Bulletins EW34-35/2026 (Congo cut-off 26 Jul 2026, 1709 cases) and WER 2026 No.35 Table 1 (Congo 881 cases/49 deaths 1 Jan-26 Jul 2026)","Direct retrieval (not WebSearch): ArcGIS REST query of WHO cholera_adm0_week FeatureServer, endpoint taken from py/fetch_who_epiweek_calendar.py",AI
72,WHO Weekly Epidemiological Record No 7 13 February 1998 - Diseases subject to the Regulations (cholera notifications received 6-12 February 1998) and Cholera in the Congo,https://iris.who.int/handle/10665/230386,"WER 1998 vol 73 No 7 (13 Feb 1998). Cholera notification table lists 'Congo(1) 31.I-3.II ... 40 0', footnote 1 'See note above'; the note 'Cholera in the Congo' (p.47) reports 485 cases / 83 deaths since the outbreak began on 27 November 1997, 4 areas of Pointe-Noire affected, outbreaks also at Madingo-Kayes and Kaka Mueka.",1997-11-27 to 1998-02-05,"Weekly notification table (Diseases subject to the Regulations / Maladies soumises au Reglement), national cholera cases and deaths notified to WHO under the IHR",Active,Level 1,Pending,"Direct retrieval (not WebSearch): WHO IRIS DSpace REST API full-text (TEXT bundle) harvest of every WER issue of the year, verified against the ORIGINAL PDF with pdftotext -layout",English/French,0,Same 485/83 figures as WHO DON 10 Feb 1998 (metadata Index 42),"Direct retrieval (not WebSearch): WHO IRIS DSpace REST API full-text (TEXT bundle) harvest of every WER issue of the year, verified against the ORIGINAL PDF with pdftotext -layout",AI
73,WHO Weekly Epidemiological Record No 9 27 February 1998 - Diseases subject to the Regulations (cholera notifications received 20-26 February 1998),https://iris.who.int/handle/10665/230398,WER 1998 vol 73 No 9 (27 Feb 1998). Cholera notification table lists 'Congo 4-16.II ... 278 2'.,1998-02-04 to 1998-02-16,"Weekly notification table (Diseases subject to the Regulations / Maladies soumises au Reglement), national cholera cases and deaths notified to WHO under the IHR",Active,Level 1,Pending,"Direct retrieval (not WebSearch): WHO IRIS DSpace REST API full-text (TEXT bundle) harvest of every WER issue of the year, verified against the ORIGINAL PDF with pdftotext -layout",English/French,0,OCHA Jan-Feb 1998 (metadata Index 44),"Direct retrieval (not WebSearch): WHO IRIS DSpace REST API full-text (TEXT bundle) harvest of every WER issue of the year, verified against the ORIGINAL PDF with pdftotext -layout",AI
74,WHO Weekly Epidemiological Record No 17 24 April 1998 - Diseases subject to the Regulations (cholera notifications received 17-23 April 1998),https://iris.who.int/handle/10665/230452,WER 1998 vol 73 No 17 (24 Apr 1998). Cholera notification table lists 'Congo 17.III-17.IV ... 1 139 61'.,1998-03-17 to 1998-04-17,"Weekly notification table (Diseases subject to the Regulations / Maladies soumises au Reglement), national cholera cases and deaths notified to WHO under the IHR",Active,Level 1,Pending,"Direct retrieval (not WebSearch): WHO IRIS DSpace REST API full-text (TEXT bundle) harvest of every WER issue of the year, verified against the ORIGINAL PDF with pdftotext -layout",English/French,0,"OCHA Apr-May 1998 (metadata Index 65, Pointe-Noire 1436 cases 16 Mar-6 May); WER 1998 No 39 (Pointe-Noire only, 18.III-4.VII, 1 793 cases, 1 death)","Direct retrieval (not WebSearch): WHO IRIS DSpace REST API full-text (TEXT bundle) harvest of every WER issue of the year, verified against the ORIGINAL PDF with pdftotext -layout",AI
75,WHO Weekly Epidemiological Record No 45 6 November 1998 - Diseases subject to the Regulations (cholera notifications received 30 October-5 November 1998),https://iris.who.int/handle/10665/230622,WER 1998 vol 73 No 45 (6 Nov 1998). Cholera notification table lists 'Congo 5.VII-25.VIII ... 47 9'.,1998-07-05 to 1998-08-25,"Weekly notification table (Diseases subject to the Regulations / Maladies soumises au Reglement), national cholera cases and deaths notified to WHO under the IHR",Active,Level 1,Pending,"Direct retrieval (not WebSearch): WHO IRIS DSpace REST API full-text (TEXT bundle) harvest of every WER issue of the year, verified against the ORIGINAL PDF with pdftotext -layout",English/French,0,WER Cholera 1998 annual total 3222 cases (JHU Index 4898),"Direct retrieval (not WebSearch): WHO IRIS DSpace REST API full-text (TEXT bundle) harvest of every WER issue of the year, verified against the ORIGINAL PDF with pdftotext -layout",AI
76,WHO Weekly Epidemiological Record No 21 28 May 1999 - Diseases subject to the Regulations (cholera notifications received 21-27 May 1999),https://iris.who.int/handle/10665/230810,WER 1999 vol 74 No 21 (28 May 1999). Cholera notification table lists 'Congo 1.I-30.IV ... 3 431 14'.,1999-01-01 to 1999-04-30,"Weekly notification table (Diseases subject to the Regulations / Maladies soumises au Reglement), national cholera cases and deaths notified to WHO under the IHR",Active,Level 1,Pending,"Direct retrieval (not WebSearch): WHO IRIS DSpace REST API full-text (TEXT bundle) harvest of every WER issue of the year, verified against the ORIGINAL PDF with pdftotext -layout",English/French,0,Sums exactly with WER 1999 No 30 to the WHO 1999 annual total 4813 cases / 20 deaths (WER Cholera 1999; WHO GHO; JHU Index 4899),"Direct retrieval (not WebSearch): WHO IRIS DSpace REST API full-text (TEXT bundle) harvest of every WER issue of the year, verified against the ORIGINAL PDF with pdftotext -layout",AI
77,WHO Weekly Epidemiological Record No 30 30 July 1999 - Diseases subject to the Regulations (cholera notifications received 23-29 July 1999),https://iris.who.int/handle/10665/230873,WER 1999 vol 74 No 30 (30 Jul 1999). Cholera notification table lists 'Congo 1.V-3.VII ... 1 382 6'.,1999-05-01 to 1999-07-03,"Weekly notification table (Diseases subject to the Regulations / Maladies soumises au Reglement), national cholera cases and deaths notified to WHO under the IHR",Active,Level 1,Pending,"Direct retrieval (not WebSearch): WHO IRIS DSpace REST API full-text (TEXT bundle) harvest of every WER issue of the year, verified against the ORIGINAL PDF with pdftotext -layout",English/French,0,Sums exactly with WER 1999 No 21 to the WHO 1999 annual total 4813 cases / 20 deaths,"Direct retrieval (not WebSearch): WHO IRIS DSpace REST API full-text (TEXT bundle) harvest of every WER issue of the year, verified against the ORIGINAL PDF with pdftotext -layout",AI
78,WHO Disease Outbreak News 17 March 1999 - Diarrhoeal disease/cholera in Congo,https://www.who.int/emergencies/disease-outbreak-news/item/1999_03_17c-en,"WHO DON 17 March 1999: 'WHO has been informed of an outbreak of diarrhoeal disease in Brazzaville, Congo. Some cholera cases have now been confirmed in this outbreak.' No counts.",1999-03-17,"Outbreak notice (presence, no count)",Active,Level 1,Pending,Direct retrieval (not WebSearch): who.int DON item URL pattern 1999_03_17c-en,English,0,,Direct retrieval (not WebSearch): who.int DON item URL pattern 1999_03_17c-en,AI
79,WHO Weekly Epidemiological Record No 46 17 November 1978 - Diseases subject to the Regulations (notifications received 10-16 November 1978) and newly infected areas as on 16 November 1978,https://iris.who.int/handle/10665/222201,WER 1978 vol 53 No 46. Cholera table: 'CONGO 6-12.X ... 14 4'. Newly infected areas as on 16 November 1978: 'CHOLERA - Africa - CONGO Bouenza Prefecture Loudima S. Pref. Pool Prefecture Mindouli S. Pref.' (scanned issue; OCR renders the date as '6.12.X').,1978-10-06 to 1978-11-16,Weekly notification table (Diseases subject to the Regulations) and newly infected areas list,Active,Level 1,Pending,Direct retrieval (not WebSearch): WHO IRIS DSpace REST full-text harvest of all WER 1978 and 1979 issues; values read from the ORIGINAL scanned PDF with pdftotext -layout,English/French,0,WER 'Cholera in 1978' (metadata Index 18) names Congo among countries newly infected in 1978; WHO annual 1978 total 51 cases / 14 deaths (JHU Index 4895),Direct retrieval (not WebSearch): WHO IRIS DSpace REST full-text harvest of all WER 1978 and 1979 issues; values read from the ORIGINAL scanned PDF with pdftotext -layout,AI
80,WHO Weekly Epidemiological Record No 50 15 December 1978 - Diseases subject to the Regulations (notifications received 8-14 December 1978),https://iris.who.int/handle/10665/222258,"WER 1978 vol 53 No 50. Cholera table, Congo block: '27.X-2.XI ... 7 0', '20-26.X' (value illegible in the scan), '13-19.X ... 22 6'.",1978-10-13 to 1978-11-02,Weekly notification table (Diseases subject to the Regulations) and newly infected areas list,Active,Level 1,Pending,Direct retrieval (not WebSearch): WHO IRIS DSpace REST full-text harvest of all WER 1978 and 1979 issues; values read from the ORIGINAL scanned PDF with pdftotext -layout,English/French,0,WER 'Cholera in 1978' (metadata Index 18) names Congo among countries newly infected in 1978; WHO annual 1978 total 51 cases / 14 deaths (JHU Index 4895),Direct retrieval (not WebSearch): WHO IRIS DSpace REST full-text harvest of all WER 1978 and 1979 issues; values read from the ORIGINAL scanned PDF with pdftotext -layout,AI
81,WHO Weekly Epidemiological Record No 3 19 January 1979 - Diseases subject to the Regulations (notifications received 12-18 January 1979),https://iris.who.int/handle/10665/222305,WER 1979 vol 54 No 3. Cholera table: 'CONGO 10-16.XII ... 3 0' (scan OCR '10-167CI').,1978-12-10 to 1978-12-16,Weekly notification table (Diseases subject to the Regulations) and newly infected areas list,Active,Level 1,Pending,Direct retrieval (not WebSearch): WHO IRIS DSpace REST full-text harvest of all WER 1978 and 1979 issues; values read from the ORIGINAL scanned PDF with pdftotext -layout,English/French,0,WER 'Cholera in 1978' (metadata Index 18) names Congo among countries newly infected in 1978; WHO annual 1978 total 51 cases / 14 deaths (JHU Index 4895),Direct retrieval (not WebSearch): WHO IRIS DSpace REST full-text harvest of all WER 1978 and 1979 issues; values read from the ORIGINAL scanned PDF with pdftotext -layout,AI
82,WHO Weekly Epidemiological Record No 7 16 February 2007 - IHR notifications of diseases received 9-15 February 2007 (cholera),https://iris.who.int/handle/10665/240871,"WER 2007 vol 82 No 7, p.60: 'Cholera / Cholera Africa / Afrique Congo 01.I-04.II ... 3097 50 Cases / Deaths'.",2007-01-01 to 2007-02-04,"IHR weekly notification table (Notifications of diseases received), national cholera cases and deaths",Active,Level 1,Pending,Direct retrieval (not WebSearch): WHO IRIS DSpace REST full-text harvest of all WER 2007 issues; values verified with pdftotext -layout on the ORIGINAL PDF,English/French,0,"WER 2007 annual index lists Congo cholera notifications on pp. 60, 76, 92, 116, 124, 140 (= issues 7, 9, 11, 13, 14, 16); JHU 2007 annual 7785 cases / 133 deaths (Index 4903); WHO CCS 2009-2013: Q4 2006 + 2007 total 7353 cases / 109 deaths",Direct retrieval (not WebSearch): WHO IRIS DSpace REST full-text harvest of all WER 2007 issues; values verified with pdftotext -layout on the ORIGINAL PDF,AI
83,WHO Weekly Epidemiological Record No 9 2 March 2007 - IHR notifications of diseases received 23 February-1 March 2007 (cholera),https://iris.who.int/handle/10665/240884,"WER 2007 vol 82 No 9, p.76: 'Congo 05-26.II ... 1993 20'.",2007-02-05 to 2007-02-26,"IHR weekly notification table (Notifications of diseases received), national cholera cases and deaths",Active,Level 1,Pending,Direct retrieval (not WebSearch): WHO IRIS DSpace REST full-text harvest of all WER 2007 issues; values verified with pdftotext -layout on the ORIGINAL PDF,English/French,0,"WER 2007 annual index lists Congo cholera notifications on pp. 60, 76, 92, 116, 124, 140 (= issues 7, 9, 11, 13, 14, 16); JHU 2007 annual 7785 cases / 133 deaths (Index 4903); WHO CCS 2009-2013: Q4 2006 + 2007 total 7353 cases / 109 deaths",Direct retrieval (not WebSearch): WHO IRIS DSpace REST full-text harvest of all WER 2007 issues; values verified with pdftotext -layout on the ORIGINAL PDF,AI
84,WHO Weekly Epidemiological Record No 11 16 March 2007 - IHR notifications of diseases received 9-15 March 2007 (cholera),https://iris.who.int/handle/10665/240893,"WER 2007 vol 82 No 11, p.92: 'Congo 27.II-07.III ... 667 0'.",2007-02-27 to 2007-03-07,"IHR weekly notification table (Notifications of diseases received), national cholera cases and deaths",Active,Level 1,Pending,Direct retrieval (not WebSearch): WHO IRIS DSpace REST full-text harvest of all WER 2007 issues; values verified with pdftotext -layout on the ORIGINAL PDF,English/French,0,"WER 2007 annual index lists Congo cholera notifications on pp. 60, 76, 92, 116, 124, 140 (= issues 7, 9, 11, 13, 14, 16); JHU 2007 annual 7785 cases / 133 deaths (Index 4903); WHO CCS 2009-2013: Q4 2006 + 2007 total 7353 cases / 109 deaths",Direct retrieval (not WebSearch): WHO IRIS DSpace REST full-text harvest of all WER 2007 issues; values verified with pdftotext -layout on the ORIGINAL PDF,AI
85,WHO Weekly Epidemiological Record No 13 30 March 2007 - IHR notifications of diseases received 23-29 March 2007 (cholera),https://iris.who.int/handle/10665/240909,"WER 2007 vol 82 No 13, p.116: 'Congo 08-22.III ... 383 0'.",2007-03-08 to 2007-03-22,"IHR weekly notification table (Notifications of diseases received), national cholera cases and deaths",Active,Level 1,Pending,Direct retrieval (not WebSearch): WHO IRIS DSpace REST full-text harvest of all WER 2007 issues; values verified with pdftotext -layout on the ORIGINAL PDF,English/French,0,"WER 2007 annual index lists Congo cholera notifications on pp. 60, 76, 92, 116, 124, 140 (= issues 7, 9, 11, 13, 14, 16); JHU 2007 annual 7785 cases / 133 deaths (Index 4903); WHO CCS 2009-2013: Q4 2006 + 2007 total 7353 cases / 109 deaths",Direct retrieval (not WebSearch): WHO IRIS DSpace REST full-text harvest of all WER 2007 issues; values verified with pdftotext -layout on the ORIGINAL PDF,AI
86,WHO Weekly Epidemiological Record No 14 6 April 2007 - IHR notifications of diseases received 30 March-5 April 2007 (cholera),https://iris.who.int/handle/10665/240914,"WER 2007 vol 82 No 14, p.124: 'Congo 23-25.III ... 34 7'.",2007-03-23 to 2007-03-25,"IHR weekly notification table (Notifications of diseases received), national cholera cases and deaths",Active,Level 1,Pending,Direct retrieval (not WebSearch): WHO IRIS DSpace REST full-text harvest of all WER 2007 issues; values verified with pdftotext -layout on the ORIGINAL PDF,English/French,0,"WER 2007 annual index lists Congo cholera notifications on pp. 60, 76, 92, 116, 124, 140 (= issues 7, 9, 11, 13, 14, 16); JHU 2007 annual 7785 cases / 133 deaths (Index 4903); WHO CCS 2009-2013: Q4 2006 + 2007 total 7353 cases / 109 deaths",Direct retrieval (not WebSearch): WHO IRIS DSpace REST full-text harvest of all WER 2007 issues; values verified with pdftotext -layout on the ORIGINAL PDF,AI
87,WHO Weekly Epidemiological Record No 16 20 April 2007 - IHR notifications of diseases received 13-19 April 2007 (cholera),https://iris.who.int/handle/10665/240920,"WER 2007 vol 82 No 16, p.140: 'Congo 26.III-01.IV ... 710 20'.",2007-03-26 to 2007-04-01,"IHR weekly notification table (Notifications of diseases received), national cholera cases and deaths",Active,Level 1,Pending,Direct retrieval (not WebSearch): WHO IRIS DSpace REST full-text harvest of all WER 2007 issues; values verified with pdftotext -layout on the ORIGINAL PDF,English/French,0,"WER 2007 annual index lists Congo cholera notifications on pp. 60, 76, 92, 116, 124, 140 (= issues 7, 9, 11, 13, 14, 16); JHU 2007 annual 7785 cases / 133 deaths (Index 4903); WHO CCS 2009-2013: Q4 2006 + 2007 total 7353 cases / 109 deaths",Direct retrieval (not WebSearch): WHO IRIS DSpace REST full-text harvest of all WER 2007 issues; values verified with pdftotext -layout on the ORIGINAL PDF,AI
88,"Africa CDC Epidemic Intelligence Weekly Report issue of 13 September 2026 (file dated 24 September 2026) - Cholera in Africa, Congo update",https://africacdc.org/download/africa-cdc-epidemic-intelligence-weekly-report-september-2026/,"Africa CDC continental Epidemic Intelligence Report, date of issue 2026-09-13 (PDF file name Africa-CDC-Epidemic-Intelligence_Weekly-Report_24-September-2026.pdf), p.9 'Cholera in Africa': 'Congo: From epidemiological weeks 34-36, the MoH reported 11 new suspected cases and no new deaths of cholera. This year, a total of 988 cases (22 confirmed; 966 suspected) and 65 deaths (CFR: 6.6%) of cholera were reported from six Departments in Congo. Since the beginning of this outbreak (June 2025), a total of 1,814 cases (88 confirmed; 1,726 suspected) and 132 deaths (CFR: 7.3%) were reported from six Departments in Congo.' Footnote: epidemiological week 37 = 7-13 September 2026, so EW36 ends 6 September 2026. Image-only PDF, read from rendered page images.",2025-06-21 to 2026-09-06,"Cumulative national cholera cases/deaths since outbreak start (MoH-reported), plus EW34-36 increment",Active,Level 1,Pending,WebSearch: Africa CDC weekly epidemic intelligence report September 2026 cholera Republic of Congo cases; then direct PDF download and page rendering (pdftoppm),English,0,"Same outbreak baseline as MoH SITREP N49 (1707 cases / 131 deaths at 28 Jul 2026, via UNICEF 3 Sep 2026, metadata Index 16); 2026 year-to-date 988 = 1814 - 826 (2025 wave). WHO dashboard cum_case at the week ending 6 Sep 2026 = 1883, minus 69 cases of the 2023 outbreak = 1814, an exact independent match.",WebSearch: Africa CDC weekly epidemic intelligence report September 2026 cholera Republic of Congo cases; then direct PDF download and page rendering (pdftoppm),AI
89,IFRC DREF MDRCG004 Final Report Republic of Congo Cholera Outbreak (May 2009),https://www.ifrc.org/docs/appeals/08/MDRCG004dfr.pdf,"IFRC DREF final report for the 2008 Bouenza (Loudima) cholera outbreak; gives locality counts for the 2008 outbreak (Loudima 82/3, Kinkassaka 22, Mouindi 3, Loutete 1, Madingou 1, Brazzaville 2) and for the earlier 527-case / 26-death episode in Bouenza localities (Loutete, Loudima, Madingou, Nkayi, Boko-Songho, Bouansa, Mabombo)",2006-12-01 to 2008-10-31,Sub-national locality cholera counts,Active,Level 2,Pending,"IFRC GO API appeal list country__iso3=COG -> appeal_document?appeal=1251 (Agent 2 batch 2, direct retrieval)",English,0,WHO CCS Congo 2009-2013 (metadata 67; Bouenza 98/1 Feb-Jun 2008); JHU 2008 national 156/4,"IFRC GO API appeal list country__iso3=COG -> appeal_document?appeal=1251 (Agent 2 batch 2, direct retrieval)",AI
90,IFRC DREF MDRCG004 Operation Update 1 (revision) Republic of Congo Cholera Outbreak (September 2008),https://www.ifrc.org/docs/appeals/08/MDRCG00401rev.pdf,"IFRC DREF operation update/revision extending the 2008 Loudima cholera operation to newly affected localities: Houdin (2 cases 19 Jul 2008), Sibiti (1 case 29 Jul 2008), Madingou (1 case 30 Jul 2008), Brazzaville (2 cases 17 Aug 2008); also states 208 cases and 8 deaths in Brazzaville in the 2007 outbreak",2008-07-01 to 2008-08-31,Sub-national locality cholera counts,Active,Level 2,Pending,"IFRC GO API appeal_document?appeal=1251 (Agent 2 batch 2, direct retrieval)",English,0,,"IFRC GO API appeal_document?appeal=1251 (Agent 2 batch 2, direct retrieval)",AI
91,"IFRC DREF MDRCG009 Operation Update 1 Republic of Congo Cholera Outbreak (February 2012) - MoH weekly cases by division, epi-weeks 21-51 of 2011",https://www.ifrc.org/docs/appeals/11/MDRCG00901.pdf,"IFRC DREF operation update reproducing two Ministry of Health tables as of 27 Dec 2011: (1) cases/confirmed/deaths/CFR and first/last case dates by division (Likouala, Sangha, Cuvette, Plateaux, Pool, Brazzaville; total 775/23/32); (2) weekly suspected cholera cases by division for epidemiological weeks 21-51 of 2011 (totals Likouala 182, Sangha 49, Cuvette 297, Plateaux 146, Brazzaville 84, Pool 17 = 775)",2011-05-23 to 2011-12-25,Weekly department-level suspected cholera cases,Active,Level 2,Pending,"IFRC GO API appeal_document?appeal=2981 (MDRCG009), Agent 2 batch 2 direct retrieval",English,0,WHO programme biennal 2015-2016 (metadata 63; Index 147-152); WHO DON 22 Jul 2011 (metadata 48); IFRC MDRCG009 final report (metadata 2),"IFRC GO API appeal_document?appeal=2981 (MDRCG009), Agent 2 batch 2 direct retrieval",AI
92,IFRC DREF MDRCG028 Republic of Congo Cholera Outbreak 2026 - DREF Operation document (April 2026) quoting MoH SITREP 36,https://go-api.ifrc.org/api/DownloadFile/94782/MDRCG028do,"IFRC DREF launch document (created 2026-04-09) quoting MoH SITREP 36 (published 27 March 2026): cumulative 1,074 cases (998 suspected, 76 confirmed) and 91 deaths as of 26 March 2026; 33 new suspected cases and 4 deaths during 12-26 March 2026, in Mossaka [DS grouping incl. Liranga health area] (16 cases, 4 deaths) and Ile Mbamou (17 cases). SITREP 36 itself is not published on afro.who.int or sante.gouv.cg.",2026-03-12 to 2026-03-26,District-level period increments (SITREP 36 content),Active,Level 2,Pending,"IFRC GO API appeal_document?appeal=4425 (Agent 2 batch 3, direct retrieval)",English,0,,"IFRC GO API appeal_document?appeal=4425 (Agent 2 batch 3, direct retrieval)",AI
93,"MoH Congo / WHO SITREP N01 Cholera Republique du Congo (cumul au 27 juillet 2025, report dated 28 July 2025)",https://sante.gouv.cg/wp-content/uploads/2025/08/SITREP-N°01-CHOLERA-REPUBLIQUE-DU-CONGO-AU-25-JUILLET-2025-VF.pdf,"First MoH cholera SITREP of the 2025 epidemic; Tableau I cases and deaths by department and health district: Ile Mbamou 166/13, DS Mossaka (Congo-Oubangui) 21/8, total 187/21; index case onset 21 June 2025",2025-06-21 to 2025-07-27,District-level cumulative cholera cases and deaths,Active,Level 1,Pending,sante.gouv.cg WordPress media REST API search=chol (Agent 2 batch 2/3),French,0,,sante.gouv.cg WordPress media REST API search=chol (Agent 2 batch 2/3),AI
94,"MoH Congo / WHO SITREP N02 Cholera Republique du Congo (au 30 juillet 2025, draft)",https://sante.gouv.cg/wp-content/uploads/2025/08/SITREP-N°02-CHOLERA-REPUBLIQUE-DU-CONGO-AU-31-JUILLET-2025-Draft.pdf,"MoH cholera SITREP N02 (file labelled Draft); Tableau I by department, district and locality: Ile Mbamou 188 cases (151 suspected, 31 probable, 6 confirmed), 13 deaths; DS Mossaka 32 cases / 11 deaths (Sossolo 17/3, Matoko 6/2, Loukolela 4/2, Mossaka 2/1, Botounou 1/1, Motimobiongo 1/1, Bokouango 1/1); total 220/24",2025-06-21 to 2025-07-30,District/locality cumulative cholera cases and deaths,Active,Level 1,Pending,sante.gouv.cg WordPress media REST API search=chol (Agent 2 batch 2/3),French,0,,sante.gouv.cg WordPress media REST API search=chol (Agent 2 batch 2/3),AI
95,MoH Congo / WHO SITREP N19 Cholera Republique du Congo (au 16 septembre 2025),https://www.afro.who.int/sites/default/files/2025-09/SIT%2019.pdf,"MoH/WHO cholera SITREP N19 (cumul au 16 septembre 2025), filed on afro.who.int as 'SIT 19.pdf' (linked from the ndeg19 landing page); Tableau I by department/DS/aire de sante: Ile Mbamou 301/12, DS Mossaka 405/52 (Loukolela 326/43, Liranga 42/5, Mossaka 34/2), Nkeni-Alima (DS Gamboma) 8 cases (7 suspected, 1 confirmed), 0 deaths - first appearance of Nkeni-Alima; total 724/65",2025-06-21 to 2025-09-16,District-level cumulative cholera cases and deaths,Active,Level 1,Pending,afro.who.int landing page epidemie-de-cholera-rapport-de-situation-ndeg19 (lead from Agent 1 WS7); Agent 2 batch 1/3,French,0,,afro.who.int landing page epidemie-de-cholera-rapport-de-situation-ndeg19 (lead from Agent 1 WS7); Agent 2 batch 1/3,AI
96,Regional Cholera Platform West and Central Africa (UNICEF/OCHA) - Cholera Outbreaks in Central and West Africa 2016 and 2017 Regional Updates (HDX weekly cases by country),https://data.humdata.org/dataset/cholera-outbreaks-in-central-and-west-africa-2016-regional-update,"HDX workbooks of weekly suspected cholera cases by country compiled by the Regional Cholera Platform WCA. Congo (COG) 2016: weeks 35-40 = 7, 2, 3, 1, 3, 2 (total 18), all other weeks 0; Congo 2017 (dataset cholera-outbreaks-in-central-and-west-africa-2017-regional-update): 0 in every week. Also 2012-2015 editions (national weekly series).",2016-01-01 to 2017-12-31,National weekly suspected cholera cases,Active,Level 2,Pending,"HDX CKAN package_search 'cholera congo' (Agent 2 batch 2/4, direct)",English,0,,"HDX CKAN package_search 'cholera congo' (Agent 2 batch 2/4, direct)",AI
97,MoH Congo / WHO SITREP N43 Cholera Republique du Congo (au 30 avril 2026),https://www.afro.who.int/sites/default/files/2026-05/SITREP_N43_CHOLERA_REPUBLIQUE_DU_CONGO_AU_01_%20MAI_2026.pdf,"MoH/WHO cholera SITREP N43 (cumul au 30 avril 2026): entry of a new health district, Pokola-Kabo-Pikounda (Sangha), with 17 cases (14 suspected, 3 confirmed), 0 deaths; Impfondo unchanged at 70/6; Ngo-Mpouya 40 cases / 5 deaths (5 confirmed)",2026-04-28 to 2026-04-30,District-level cumulative cholera cases and deaths,Active,Level 1,Pending,"afro.who.int landing page epidemie-de-cholera-rapport-de-situation-ndeg43 (Agent 2 batch 4, direct)",French,0,,"afro.who.int landing page epidemie-de-cholera-rapport-de-situation-ndeg43 (Agent 2 batch 4, direct)",AI
98,MoH Congo / WHO SITREP N12 Cholera Republique du Congo (au 22 aout 2025),https://www.afro.who.int/sites/default/files/2025-08/SITREP_N12_CHOLERA_REPUBLIQUE_DU_CONGO_AU_22_AOUT_2025.pdf,"MoH/WHO cholera SITREP N12 (cumul au 22 aout 2025); Tableau I by department/DS/aire de sante: Ile Mbamou 266/12 (10 confirmed), Talangai 10/1, DS Mossaka 205/22 (Loukolela 162/16, Liranga 26/2, Mossaka 14/2), total 481/35",2025-06-21 to 2025-08-22,District-level cumulative cholera cases and deaths,Active,Level 1,Pending,afro.who.int landing page ndeg12 (Agent 2 batch 1 Target E; re-extracted batch 4),French,0,,afro.who.int landing page ndeg12 (Agent 2 batch 1 Target E; re-extracted batch 4),AI
99,MoH Congo DELM Bulletin Epidemiologique Hebdomadaire SIMR Congo S52-2021 (27 Dec 2021-2 Jan 2022; cumulative S1-S52 2021),https://sante.gouv.cg/wp-content/uploads/2022/08/Bulletin-Epidemiologique-Hebdomadaire-SIMR-Congo-S52-2021.pdf,Ministry of Health (Direction de l'Epidemiologie et de la Lutte contre la Maladie) weekly SIMR bulletin; Tableau III cumulative S1-S52 2021 lists Cholera 0 suspected cases 0 deaths; Tableau IV laboratory S1-S52: 0 cholera samples received; week-52 EWARS completeness 34%,2021-01-04 to 2022-01-02,National IDSR/SIMR weekly bulletin with cumulative S1-S52 table of 18 epidemic-prone diseases,Active,Level 1,Pending,Direct retrieval: sante.gouv.cg WordPress media API search=SIMR (Agent 3 batch 1),French,0,,Direct retrieval: sante.gouv.cg WordPress media API search=SIMR (Agent 3 batch 1),AI
100,MoH Congo DELM Bulletin Epidemiologique Hebdomadaire SIMR Congo S26-2022 (27 Jun-3 Jul 2022; cumulative S1-S26 2022),https://sante.gouv.cg/wp-content/uploads/2022/08/Bulletin-Epidemiologique-Hebdomadaire-SIMR-Congo-S26-2022.pdf,"MoH weekly SIMR bulletin; Tableau III cumulative S1-S26 2022 Cholera 0 suspected 0 deaths; Tableau IV laboratory S1-S26 2022: 2 cholera samples received, 0 positive; week-26 completeness 54% (EWARS 43%)",2022-01-03 to 2022-07-03,National IDSR/SIMR weekly bulletin with cumulative S1-S26 table,Active,Level 1,Pending,Direct retrieval: sante.gouv.cg WordPress media API search=SIMR (Agent 3 batch 1),French,0,,Direct retrieval: sante.gouv.cg WordPress media API search=SIMR (Agent 3 batch 1),AI
101,MoH Congo DELM Bulletin Epidemiologique Hebdomadaire SIMR Congo SE28-2024 (8-14 Jul 2024; cumulative S1-S28 2024),https://sante.gouv.cg/wp-content/uploads/2024/07/Bulletin_Epidemiologique_Hebdomadaire_SIMR_Congo_SE_28.pdf,"MoH weekly SIMR bulletin; Tableau IV cumulative S1-S28 2024 of 18 epidemic-prone diseases lists Cholera 0 suspected cases; week-28 completeness 97% promptness 94%; SE11-2024 issue (cumulative S1-S11 Cholera 0, completeness 99%) consistent",2024-01-01 to 2024-07-14,National IDSR/SIMR weekly bulletin with cumulative S1-S28 table,Active,Level 1,Pending,Direct retrieval: sante.gouv.cg WordPress media API search=SIMR (Agent 3 batch 1),French,0,,Direct retrieval: sante.gouv.cg WordPress media API search=SIMR (Agent 3 batch 1),AI
102,MoH Congo DGELM Bulletin Epidemiologique Hebdomadaire SIMR Semaine 38 2018 (17-23 September 2018),https://sante.gouv.cg/wp-content/uploads/2022/08/Bulletin-Epidemiologique-Hebdo-SIMR-S38.pdf,"MoH weekly SIMR bulletin week 38 2018; section III.8 reports one RDT-positive (Crystal VC) cholera case from Ile Mbamou (DS Talangai, Brazzaville) received at CHU Brazzaville on 23 Sep 2018",2018-09-17 to 2018-09-23,National SIMR weekly bulletin (narrative + tables),Active,Level 1,Pending,Direct retrieval: sante.gouv.cg WordPress media API search=SIMR (Agent 3 batch 1),French,0,,Direct retrieval: sante.gouv.cg WordPress media API search=SIMR (Agent 3 batch 1),AI
103,"Regional Cholera Platform West and Central Africa (UNICEF/OCHA) - Cholera Outbreaks in Central and West Africa: 2013 Regional Update, weekly cases by country (HDX wca_Cases2013)",https://data.humdata.org/dataset/76efa106-bc65-4231-9306-67c0d8c020bd/resource/25058ffa-4b41-4d9a-b442-f7367d8d9920/download/wca_cases2013_regcholeraplatformwca.xlsx,UNICEF WCARO/OCHA regional cholera platform weekly case table; row COG/Congo weeks 1-52 2013 sums to 887; last positive week 26 (6 cases); weeks 27-52 all explicitly 0. HDX dataset created 2018-03-29 (data 2013).,2013-01-01 to 2013-12-29,"Weekly national suspected cholera cases by country, weeks 1-52 2013 (xlsx)",Active,Level 2,Pending,"Direct retrieval: HDX CKAN package cholera-outbreaks-in-central-and-west-africa-2013-regional-update (Agent 2 cache /tmp/COG_a2/wca2013.xlsx, re-read by Agent 3 batch 2)",English,0,,"Direct retrieval: HDX CKAN package cholera-outbreaks-in-central-and-west-africa-2013-regional-update (Agent 2 cache /tmp/COG_a2/wca2013.xlsx, re-read by Agent 3 batch 2)",AI
104,"WHO Weekly Epidemiological Record annual cholera report - Cholera, 2022 / Cholera, 2022 (Table 2: countries reporting 0 cases, zero reporting)",https://iris.who.int/handle/10665/372993,"WER 2023 annual cholera report for 2022. Table 2 'Countries reported 0 cholera cases and deaths in 2022, fulfilling the public health surveillance service of zero reporting' lists Congo among 14 African countries.",2022-01-01 to 2022-12-31,WHO annual global cholera report; Table 2 lists countries that formally reported 0 cholera cases and deaths for 2022,Active,Level 1,Pending,"Direct retrieval: WHO IRIS DSpace REST search 'Cholera, 2022' (Agent 3 batch 3)",English/French,0,,"Direct retrieval: WHO IRIS DSpace REST search 'Cholera, 2022' (Agent 3 batch 3)",AI
105,"Regional Cholera Platform West and Central Africa (UNICEF/OCHA) - Cholera Outbreaks in Central and West Africa: 2012 Regional Update, weekly cases by country (HDX wca_Cases2012)",https://data.humdata.org/dataset/97759b41-ba38-4051-954a-f651cb1ad8d4/resource/aca6aa56-5ecd-4926-9c03-42c3d94ee6ef/download/wca_cases2012_regcholeraplatformwca.xlsx,"UNICEF WCARO/OCHA regional cholera platform weekly case table; row COG/Congo 2012 sums to 1251; weeks 29-35 = 2,6,2,6,2,2,3; weeks 36-46 all explicitly 0; weeks 47-52 = 6,8,14,30,11,14 (Pointe-Noire onset).",2012-01-01 to 2012-12-30,"Weekly national suspected cholera cases by country, weeks 1-52 2012 (xlsx)",Active,Level 2,Pending,Direct retrieval: HDX CKAN package cholera-outbreaks-in-central-and-west-africa-2012-regional-update (Agent 2 cache /tmp/COG_a2/wca2012.xlsx); onset cross-check by WebSearch 'Pointe-Noire choléra épidémie début octobre/novembre 2012' (Agent 3 batch 3),English,0,,Direct retrieval: HDX CKAN package cholera-outbreaks-in-central-and-west-africa-2012-regional-update (Agent 2 cache /tmp/COG_a2/wca2012.xlsx); onset cross-check by WebSearch 'Pointe-Noire choléra épidémie début octobre/novembre 2012' (Agent 3 batch 3),AI
106,"MoH Congo Annuaire Statistique Sanitaire 2019-2020 (SNIS/DEP national health statistics yearbook; hospital morbidity by department, age and sex)",https://sante.gouv.cg/wp-content/uploads/2024/02/Annuaire-Statistique-Sanitaire-2019-2020.pdf,"Tableau 70 (Likouala 2019) Choléra total 9 cases 0 deaths; Tableau 73 (Brazzaville 2020) Choléra total 18 cases 0 deaths; no other department table lists cholera. Routine hospital morbidity coding, not IDSR notification.",2019-01-01 to 2020-12-31,Annual routine health-information statistics (163 pp.),Active,Level 1,Pending,WebSearch #5 'Congo choléra 2020 OR 2019 aucun cas ...' surfaced the yearbook page; PDF by direct retrieval (Agent 3 batch 4),French,0,,WebSearch #5 'Congo choléra 2020 OR 2019 aucun cas ...' surfaced the yearbook page; PDF by direct retrieval (Agent 3 batch 4),AI
107,MoH Congo Annuaire Statistique Sanitaire 2014 (SNIS/DEP national health statistics yearbook),https://sante.gouv.cg/wp-content/uploads/2021/09/Annuaire-Statistique-2014-.pdf,"Tableau 56 'Répartition des cas et décès de maladie sous surveillance hebdomadaire dans les HG en 2014': Choléra HG Loandjili 3 cases 0 deaths (total 3). Tableau 45 (surveillance intégrée by department) lists Choléra total 2728, epidemiologically implausible (no notified outbreak, zero weekly platform reports); treated as a coding artefact and not extracted.",2014-01-01 to 2014-12-31,Annual routine health-information statistics (116 pp.),Active,Level 1,Pending,Direct retrieval: sante.gouv.cg WordPress media API search=annuaire (Agent 3 batch 4),French,0,,Direct retrieval: sante.gouv.cg WordPress media API search=annuaire (Agent 3 batch 4),AI
108,"WHO Weekly Epidemiological Record annual cholera report - Cholera, 2024 / Cholera, 2024 (Table 2: countries reporting 0 cases, zero reporting)",https://iris.who.int/handle/10665/382542,"WER 2025 annual cholera report for 2024. Table 2 'Countries reported 0 cases and deaths in 2024, fulfilling the public health surveillance service of zero reporting' lists 'Republic of Congo' among 32 African countries.",2024-01-01 to 2024-12-31,WHO annual global cholera report; Table 2 lists countries that formally reported 0 cholera cases and deaths for 2024,Active,Level 1,Pending,"Direct retrieval: WHO IRIS DSpace REST search 'Cholera, 2024' (Agent 3 batch 4)",English/French,0,,"Direct retrieval: WHO IRIS DSpace REST search 'Cholera, 2024' (Agent 3 batch 4)",AI
109,MoH Congo Rapport de la revue du secteur de la santé (2021) - section 1 Le choléra (epidemics 2010-2016),https://sante.gouv.cg/wp-content/uploads/2021/09/RAPPORT-DE-LA-REVUE-DU-SECTEUR-DE-LA-SANTE.pdf,"Section 'Le choléra': 'De 2010 à 2016, le Congo a connu quatre épidémies de choléra' - 2010-2011 (775 cas, 32 décès), 2012 (1 035/50), octobre 2012-avril 2013 (1 092/12), 2016 Ile Mbamou (18 cas, 3 décès). Implies no epidemic between April 2013 and the 2016 event.",2010-01-01 to 2016-12-31,National health sector review; narrative enumeration of cholera epidemics 2010-2016,Active,Level 1,Pending,WebSearch #5 (Agent 3 batch 3) surfaced the report URL; PDF by direct retrieval (Agent 3 batch 4),French,0,,WebSearch #5 (Agent 3 batch 3) surfaced the report URL; PDF by direct retrieval (Agent 3 batch 4),AI
110,WHO Weekly Epidemiological Record No 44 3 November 1978 - Diseases subject to the Regulations (notifications received 27 October-2 November 1978),https://iris.who.int/handle/10665/222181,"WER vol. 53 No 44 (3 Nov 1978), p. 4 table 'Diseases subject to the Regulations', Cholera, Africa: CONGO 29.IX-5.X 1i 1 (i = imported case per table legend). Original scan WER5344.PDF (IRIS bitstream 78502406-c74d-434a-975c-42e6be6be274) read visually at 400 dpi because the OCR text layer renders the entry as '1/ 1'. Congo's first cholera notification of the seventh pandemic.",1978-09-29 to 1978-10-05,"Weekly IHR notification table (scanned, bilingual EN/FR)",Active,Level 1,Pending,Agent 4 direct retrieval: WHO IRIS DSpace REST discover search 'Weekly Epidemiological Record 1978 No 44' -> ORIGINAL bitstream -> pdftoppm -r 400 page 4 image read,en/fr,1,"WER 1978 No 46/50, WER 1979 No 3 (Index 79-81); WHO annual 1978 51 cases/14 deaths (JHU)",Agent 4 direct retrieval: WHO IRIS DSpace REST discover search 'Weekly Epidemiological Record 1978 No 44' -> ORIGINAL bitstream -> pdftoppm -r 400 page 4 image read,AI
111,"WHO Information note on the situation in Brazzaville - Update (28 January 1999, via ReliefWeb)",https://reliefweb.int/report/congo/who-information-note-situation-brazzaville-update,"WHO note of 28 Jan 1999 (first version 20 Jan 1999, reliefweb.int/report/congo/who-information-note-situation-brazzaville): 'There are no signs of the re-emergence of cholera in the country (reference is made to the re-introduction of cholera in the southern part of the country last year, an epidemic which was detected very late and had a case mortality rate of 50%).' No counts.",1999-01-01 to 1999-01-28,WHO country situation note (qualitative),Active,Level 1,Pending,"Agent 4 direct retrieval: ReliefWeb HTML search cholera Brazzaville, country C66, 1999 (curl with browser UA)",en,1,"Index 55, 57, 176; WHO DON 17 Mar 1999 (source 78)","Agent 4 direct retrieval: ReliefWeb HTML search cholera Brazzaville, country C66, 1999 (curl with browser UA)",AI
112,IRIN-CEA Weekly Round-Up 5-99 covering the period 30 Jan-4 Feb 1999 (via ReliefWeb),https://reliefweb.int/report/burundi/irin-cea-weekly-round-5-99-covering-period-30-jan-4-feb-1999,"IRIN-CEA 5-99, Republic of Congo section: Brazzaville IDP sites 'Cholera had been identified in the sites'; Pointe-Noire 'Cholera has been identified in the city'. No counts.",1999-01-30 to 1999-02-04,UN humanitarian news round-up (qualitative),Active,Level 3,Pending,"Agent 4 direct retrieval: ReliefWeb HTML search cholera Brazzaville, country C66, 1999",en,1,"Index 176, 55; source 78","Agent 4 direct retrieval: ReliefWeb HTML search cholera Brazzaville, country C66, 1999",AI
113,UNICEF Humanitarian Action Republic of Congo Donor Update 12 October 2000 (via ReliefWeb),https://reliefweb.int/report/congo/unicef-humanitarian-action-republic-congo-donor-update-12-oct-2000,"Section 'Controlling cholera epidemic in Likouala Region': 'A cholera epidemic occurred in the northern Likouala region in April, particularly in Impfondo with 13 positive cases detected. A mission from MoH, UNICEF-WHO-UNHCR, and CEMIR was organized to assist the Government ... The outbreak has been successfully contained, although it remains a major concern with the renewed influx of refugees from DRC.' Only located account of Congo's 2000 cholera event (WHO annual 2000: 9 cases / 2 deaths, no location).",2000-04-01 to 2000-10-12,UNICEF donor update (narrative with outbreak count),Active,Level 2,Pending,"Agent 4 direct retrieval: ReliefWeb HTML search 'choléra', country C66, 1998-2001 (curl with browser UA)",en,1,"WHO WER 'Cholera, 2000' (Congo 9/2); JHU 2000 annual row; PANA 4 Oct 2000 (Likouala diarrhoea, 1998 cholera deaths)","Agent 4 direct retrieval: ReliefWeb HTML search 'choléra', country C66, 1998-2001 (curl with browser UA)",AI
114,PANA (Pan African News Agency) Brazzaville estime payer un lourd tribut a la guerre en RDC 4 October 2000 (via ReliefWeb),https://reliefweb.int/report/congo/brazzaville-estime-payer-un-lourd-tribut-%C3%A0-la-guerre-en-rdc,"PANA dispatch on Likouala (DRC refugee influx along the Oubangui): '... la province connait une recrudescence de maladies comme le paludisme, les diarrhees ... Une epidemie de cholera avait fait une trentaine de morts dans la meme region en 1998, rappelle-t-on.' Approximate retrospective figure ('about thirty deaths'), no case count, no months.",1998-01-01 to 2000-10-04,"News agency dispatch (French; qualitative, approximate death count)",Active,Level 3,Pending,"Agent 4 direct retrieval: ReliefWeb HTML search 'choléra', country C66, 1998-2001",fr,1,UNICEF 12 Oct 2000 (Index 113); WHO 1998 annual 3222 cases / 22 deaths (JHU),"Agent 4 direct retrieval: ReliefWeb HTML search 'choléra', country C66, 1998-2001",AI
115,WHO Weekly Epidemiological Record No 21 25 May 1979 - Diseases subject to the Regulations (notifications received 18-24 May 1979) and newly infected areas as on 23 May 1979,https://iris.who.int/handle/10665/222519,"WER vol. 54 No 21 p.8: Cholera, Africa: 'CONGO 21.V 3 0'; 'Newly Infected Areas as on 23 May 1979 ... CHOLERA - Africa - CONGO Kouilou Prefecture Pointe-Noire S.Pref.' Pointe-Noire then stays on the infected-areas list (WER 1979 No 25, 29, 35). Verified on a 400-dpi render of the original scan; not found by earlier OCR-bundle sweeps.",1979-05-21 to 1979-05-23,"Weekly IHR notification table + newly infected areas list (scanned, bilingual EN/FR)",Active,Level 1,Pending,"Agent 4 direct retrieval: scripted sweep of WHO IRIS ORIGINAL PDFs of all WER 1979 issues (pdftotext -layout, regex C?O?N?G?O excluding Democratic), then pdftoppm -r 400 page 8",en/fr,1,"WHO annual 1979 = 5 cases / 0 deaths (JHU); WER 1979 No 3 (Index 81, 10-16 Dec 1978)","Agent 4 direct retrieval: scripted sweep of WHO IRIS ORIGINAL PDFs of all WER 1979 issues (pdftotext -layout, regex C?O?N?G?O excluding Democratic), then pdftoppm -r 400 page 8",AI
116,"USAID/OFDA Brazzaville Assessment Report (DART assessment November 1997; posted 12 January 1998, via ReliefWeb)",https://reliefweb.int/report/congo/brazzaville-assessment-report,"USAID Bureau for Humanitarian Assistance / OFDA team (M. Meredith, A. Henderson PhD MPH, S. Lillibridge MD, R. Shearing) post-war assessment of Brazzaville, Nov 1997: 'On November 13, MSF reported 8 confirmed cases of typhoid and 2 suspected cases cholera in the Makelekele hospital. These are the first cases of both diseases identified since the war. All patients lived in Brazzaville; none left the city during the war.' Also: 'Two cases of cholera and seven cases of typhoid fever were reported at Makelekele Hospital in mid-November. Preliminary investigations implicate water as the route of transmission.'",1997-11-01 to 1997-11-30,Donor-government humanitarian assessment (team incl. CDC epidemiologist),Active,Level 2,Pending,"Agent 4 direct retrieval: ReliefWeb HTML search 'cholera Pointe-Noire', country C66, 1998 (curl with browser UA)",en,1,WHO annual 1997 275/60 (JHU); UNICEF 3 Feb 1998; WHO DON 3/10 Feb 1998 (sources 43/42),"Agent 4 direct retrieval: ReliefWeb HTML search 'cholera Pointe-Noire', country C66, 1998 (curl with browser UA)",AI
117,UNICEF helps respond to cholera outbreak in Pointe Noire 3 February 1998 (UNICEF press release via ReliefWeb),https://reliefweb.int/report/congo/unicef-helps-respond-cholera-outbreak-pointe-noir,"'As of 27 January, a total of 445 cases had been reported in Pointe Noire since November 1997, with 83 deaths ... About 10 new cases are reported every day ... Cases of severe diarrhea were first reported in the area of Mvouti, 150 km northeast of Pointe Noire, as early as June 1997 ... The outbreak moved to Madingo-Kayes and then further south, with the first case of severe diarrhea reported in Pointe Noire on 7 November 1997. A total of 1,019 cases and 36 deaths were reported from the earlier outbreaks in Mvouti and Madingo-Kayes ... Laboratory analysis organized by WHO has confirmed the presence of cholera in the area.'",1997-06-01 to 1998-01-27,UNICEF press release (narrative with counts),Active,Level 2,Pending,"Agent 4 direct retrieval: ReliefWeb HTML search 'cholera Pointe-Noire', country C66, 1998",en,1,"WHO DON 3 Feb 1998 (source 43, same 445/83); WER 1998 No 6 (source 68); Index 57; WHO annual 1997 275/60","Agent 4 direct retrieval: ReliefWeb HTML search 'cholera Pointe-Noire', country C66, 1998",AI
118,IRIN ROC 130 cholera cases reported in the Pool region 8 May 2009 (via ReliefWeb),https://reliefweb.int/report/congo/roc-130-cholera-cases-reported-pool-region,"IRIN, Brazzaville 8 May 2009: 'At least 130 cases of cholera have been reported in the southern Pool region ... since April.' 'Since 4 April, we have detected 130 cases of cholera in the Pool' (Jean-Joseph Akouala, head of the epidemiological service, MoH, 6 May 2009); 'a lot of localities ... along the road and rail axes'; 'no deaths had been reported'; WHO confirmed the outbreak. Only located place/time attribution of Congo's 2009 cholera (WHO annual 2009: 93 cases / 0 deaths).",2009-04-04 to 2009-05-06,UN humanitarian news service dispatch quoting the MoH head of epidemiology,Active,Level 3,Pending,"Agent 4 direct retrieval: ReliefWeb HTML search cholera, country C66, 2007-06..2010-12",en,1,WHO EHA/AFRO weekly emergency update Vol 2 No 20-22 (Goma Tse Tse 71 cases); WHO annual 2009 93/0 (JHU),"Agent 4 direct retrieval: ReliefWeb HTML search cholera, country C66, 2007-06..2010-12",AI
119,WHO AFRO EHA Africa weekly emergency situation update Vol 2 No 20 18 May 2009 (via ReliefWeb),https://reliefweb.int/report/central-african-republic/africa-weekly-emergency-situation-update-vol-2-no-20,"Countries under surveillance: 'Congo: We are monitoring the situation ahead of the July presidential election. Cholera outbreak reported in the district of Goma Tse Tse, Region of Pool, 71 cases without death.' Same sentence repeated unchanged in Vol 2 No 21 (25 May 2009) and No 22 (1 Jun 2009); absent from No 18 (4 May 2009).",2009-04-04 to 2009-05-17,WHO Regional Office for Africa weekly emergency situation update,Active,Level 1,Pending,"Agent 4 direct retrieval: ReliefWeb HTML search cholera, country C66, 2007-06..2010-12",en,1,IRIN 8 May 2009 (Pool 130 cases); WHO annual 2009 93/0 (JHU),"Agent 4 direct retrieval: ReliefWeb HTML search cholera, country C66, 2007-06..2010-12",AI
120,"United Nations Consolidated Inter-Agency Flash Appeal for the Republic of Congo (1 November 1997, via ReliefWeb)",https://reliefweb.int/report/congo/united-nations-consolidated-inter-agency-flash-appeal-republic-congo,"Health section: 'The immediate major public health problems are diarrhoeal and skin diseases, malaria, acute respiratory infections and injuries ... Cases of cholera and measles have been reported in Oyo (400 km) and Camboma (300 km) in the north of the country.' ('Camboma' = Gamboma, Plateaux.) No counts.",1997-10-01 to 1997-11-01,UN inter-agency flash appeal (post-war health situation; qualitative),Active,Level 2,Pending,"Agent 4 direct retrieval: ReliefWeb HTML search 'cholera OR choléra', country C66, 1990-1997",en,1,USAID/OFDA Brazzaville report (Index 116); UNICEF 3 Feb 1998 (Index 117); WHO annual 1997 275/60,"Agent 4 direct retrieval: ReliefWeb HTML search 'cholera OR choléra', country C66, 1990-1997",AI
121,"WHO Weekly Epidemiological Record No 38 25 September 2026 - Cholera Annual Report 2025 (Tables 1-2, Congo)",https://iris.who.int/handle/10665/387694,"WER 2026 vol 101 No 38 (25 Sep 2026) Cholera Annual Report 2025. Table 1 Congo: 822 total cases, 0 imported, attack rate 12.8 per 100 000, 67 deaths, 11 facility deaths, facility CFR 1.3%. Table 2: 67 deaths = 11 facility + 56 community (83.6% community). Verifies the 2025 national wave (WHO dashboard 2025 sum 826/67; AI Index 15 808/67 to 16 Oct 2025). Used for verification only (no overlapping annual row written).",2025-01-01 to 2025-12-31,Annual national cholera totals,Active,Level 1,Pending,IRIS DSpace REST search of newest accessions (Agent 1 continuation batch 4 q5),English,0,,IRIS DSpace REST search of newest accessions (Agent 1 continuation batch 4 q5),AI
122,Ministere de la Sante Republique du Congo - Annuaire des Statistiques Sanitaires 2013 (section 2.4.3 b Cholera; Tableau 42 SIMR 2013 by department),https://sante.gouv.cg/wp-content/uploads/2021/05/Annuaire-Statistique-2013-VF.pdf,"SUPERSEDED - registered with a wrong URL (/2021/05/, HTTP 404) by Agent 1; the same MoH Annuaire 2013 is re-registered with the verified URL (/2021/09/, HTTP 200). Do not cite this entry.",2010-01-01 to 2013-12-31,National/departmental cholera narrative and integrated-surveillance table,Superseded,Level 1,Pending,"Agent 3 cache /tmp/COG_a3 (sante.gouv.cg WP media API), re-read by Agent 1 continuation batch 4 q16",French,0,,"Agent 3 cache /tmp/COG_a3 (sante.gouv.cg WP media API), re-read by Agent 1 continuation batch 4 q16",AI
123,Ministere de la Sante Republique du Congo - Annuaire des Statistiques Sanitaires 2013 (cholera narrative 2010-2013; Tableau 42 SIMR 2013 by department) - verified URL,https://sante.gouv.cg/wp-content/uploads/2021/09/Annuaire-Statistique-2013-VF.pdf,"MoH yearbook 2013 (uploaded 2021-09-09 per sante.gouv.cg WP media API). Narrative: 'De 2010 a 2011, 775 cas, avec 32 deces' (Cuvette 297, Likouala 182, Plateaux 148, Brazzaville 84, Sangha 49, Pool 17); 'En 2012, le pays a enregistre 1035 cas dont 50 deces ... Pointe-Noire, le Pool, les Plateaux, la Cuvette ouest et la Likouala'; Pointe-Noire 'd octobre 2012 a avril 2013, au total 1092 cas cumules et 12 deces'. Tableau 42 (SIMR 2013 by department) cholera row reconstructs to 2482 cases / 0 deaths incl. Cuvette 950 and Bouenza 327 with no known outbreak = artefact pattern (cf. Annuaire 2014 Tableau 45 = 2728); NOT extracted; Pointe-Noire 1071 in the same row. Tableau 54 HG weekly surveillance 2013: HG Loandjili cholera 3/0.",2010-01-01 to 2013-12-31,National/departmental cholera narrative and integrated-surveillance table,Active,Level 1,Pending,"Agent 3 cache /tmp/COG_a3 (sante.gouv.cg WP media API), re-read by Agent 1 continuation batch 4 q16",French,0,,"Agent 3 cache /tmp/COG_a3 (sante.gouv.cg WP media API), re-read by Agent 1 continuation batch 4 q16",AI
124,"WHO Weekly Epidemiological Record No 31 3 August 2007 - Cholera, 2006 (annual report; Table 1 Congo 175 cases 10 deaths)",https://iris.who.int/handle/10665/240979,"WER 2007 vol 82 No 31 pp 273-284 'Cholera, 2006'. Table 1 'Congo 175 10 5.71'. Narrative: 'Cases reported in the Congo (175 cases and 10 deaths) in an area neighbouring Cabinda province, Angola, are likely a cross-border consequence of this epidemic.' No dates given for the Congo cases.",2006-01-01 to 2006-12-31,Annual national cholera totals with narrative,Active,Level 1,Pending,"IRIS DSpace search '""Cholera, 2006""' (Agent 1 continuation batch 5 q1)",English/French,0,,"IRIS DSpace search '""Cholera, 2006""' (Agent 1 continuation batch 5 q1)",AI
125,"WHO Weekly Epidemiological Record No 31 1 August 2008 - Cholera, 2007 (annual report; Table 1 Congo 7785 cases 133 deaths; Map 2 Congo Nov 2006-Jun 2007)",https://iris.who.int/handle/10665/241184,"WER 2008 vol 83 No 31 pp 269-283 'Cholera, 2007'. Table 1 'Congo 7 785 133 1.71'. Narrative: 'In Congo, an outbreak that began at the end of December 2006 unfolded during the first quarter of 2007, generating 7785 cases including 133 deaths (CFR 1.7%)'. Map 2 'Cholera outbreak in Congo: attack rate, November 2006-June 2007' (data source MoH Congo).",2006-11-01 to 2007-12-31,Annual national cholera totals with narrative and map,Active,Level 1,Pending,"IRIS DSpace search '""Cholera, 2007""' (Agent 1 continuation batch 5 q2)",English/French,0,,"IRIS DSpace search '""Cholera, 2007""' (Agent 1 continuation batch 5 q2)",AI
126,"WHO Weekly Epidemiological Record No 31 31 July 2009 - Cholera, 2008 (annual report; Table 1 Congo 156 cases 4 deaths)",https://iris.who.int/handle/10665/241396,"WER 2009 vol 84 No 31 pp 309-324 'Cholera, 2008' (full issue, IRIS 10665/241396; the article is not indexed separately by title, which is why earlier title searches for 'Cholera, 2008' failed). Table 1 'Congo 156 4 2.56'. No Congo narrative.",2008-01-01 to 2008-12-31,Annual national cholera totals,Active,Level 1,Pending,"IRIS DSpace search result for '""Cholera, 2007""' listing WER 2009 vol 84 No 31 (Agent 1 continuation batch 5 q5)",English/French,0,,"IRIS DSpace search result for '""Cholera, 2007""' listing WER 2009 vol 84 No 31 (Agent 1 continuation batch 5 q5)",AI
127,"WHO Weekly Epidemiological Record No 31 30 July 2010 - Cholera, 2009 (annual report; Table 1 Congo 93 cases 0 deaths)",https://iris.who.int/handle/10665/241610,"WER 2010 vol 85 No 31 pp 293-306 'Cholera, 2009'. Table 1 'Congo 93 0 0' (cases, deaths, CFR). No Congo narrative.",2009-01-01 to 2009-12-31,Annual national cholera totals,Active,Level 1,Pending,"IRIS DSpace search '""Cholera, 2009""' (Agent 1 continuation batch 5 q7; Agent 3 had read the OCR text, Agent 1 read the original PDF with layout)",English/French,0,,"IRIS DSpace search '""Cholera, 2009""' (Agent 1 continuation batch 5 q7; Agent 3 had read the OCR text, Agent 1 read the original PDF with layout)",AI
128,"WHO Weekly Epidemiological Record No 31 3 August 2001 - Cholera, 2000 (annual report; Africa table Congo 9 cases 2 deaths)",https://iris.who.int/handle/10665/231588,"WER 2001 vol 76 No 31 pp 233-240 'Cholera, 2000' (corrigendum map at 10665/231598). Africa table: 'Congo ... 9 2'. No Congo narrative or location (read by Agent 4 batch 1 q13; registered by Agent 1).",2000-01-01 to 2000-12-31,Annual national cholera totals,Active,Level 1,Pending,"Agent 4 cache /tmp/COG_a4/c2000.txt (IRIS DSpace), registered by Agent 1 continuation batch 5 q8",English/French,0,,"Agent 4 cache /tmp/COG_a4/c2000.txt (IRIS DSpace), registered by Agent 1 continuation batch 5 q8",AI
129,United Nations Country Team - UN Plan Republic of Congo (Brazzaville) 2001-2002 (via ReliefWeb; Likouala health project sheet),https://reliefweb.int/report/congo/un-plan-republic-congo-brazzaville-2001-2002,"UN Plan 2001-2002 for the Republic of Congo (PDF 2.4 MB, ReliefWeb attachment congo_un_plan_2001-2002.pdf). Likouala refugee-response project sheet: 'Regular outbreaks of diarrhea occur in Likouala. In 1999, a cholera epidemic lead to the treatment of nine registered cases at the hospital in Impfondo, four of which ended in death.' Epidemic-surveillance project sheet (Pool, Bouenza, Niari, Lekoumou): 'During recent years, epidemics of cholera, shigellosis and other potentially epidemic diseases have regularly been recorded throughout the country.' No 2001 cholera statement (document dated January 2001).",1999-01-01 to 2000-12-31,UN country team planning document with project sheets,Active,Level 2,Pending,WebSearch 'MSF activity report 2001 OR 2002 Congo-Brazzaville cholera ...' surfaced the ReliefWeb page; PDF read by curl (Agent 1 continuation batch 5 q13),English,0,,WebSearch 'MSF activity report 2001 OR 2002 Congo-Brazzaville cholera ...' surfaced the ReliefWeb page; PDF read by curl (Agent 1 continuation batch 5 q13),AI
130,Ministere de la Sante Republique du Congo - Plan National de Developpement Sanitaire (PNDS) 2018-2022 (section 1.2.6.3 Maladies a potentiel epidemique - Le cholera),https://extranet.who.int/cpcd/sites/default/files/public_file_repository/COG_Congo_Plan-National-de-d%C3%A9veloppement-sanitaire-%28PNDS%29_2018-2022.pdf,"PNDS 2018-2022 (WHO country planning cycle database). 'De 2010 a 2016, le Congo a connu quatre epidemies de cholera ... Lors de l epidemie de 2010 a 2011, 775 cas ont ete enregistres dont 32 deces ... Celle de 2012 etait la plus importante avec 1035 cas dont 50 deces ... La troisieme epidemie d octobre 2012 a avril 2013 avait concernee 1092 cas dont 12 deces ... En 2016, 18 cas dont 3 deces soit une letalite de 16,7% avaient ete detectes dans le district administratif de l Ile Mbamou a cheval entre Kinshasa (RDC) et Brazzaville (Congo).' No statement on 2001 (Ebola is the only 2001 epidemic named). Second MoH source (after the 2021 sector review, Index 109) placing the 2016 outbreak on Ile Mbamou, against WHO DON488 (Mpouya, Plateaux).",2010-01-01 to 2016-12-31,National health plan with retrospective cholera epidemiology,Active,Level 1,Pending,WebSearch 'Plan national de developpement sanitaire 2007-2011 Congo Brazzaville cholera 2001 ...' (Agent 1 continuation batch 5 q19-q20),French,0,,WebSearch 'Plan national de developpement sanitaire 2007-2011 Congo Brazzaville cholera 2001 ...' (Agent 1 continuation batch 5 q19-q20),AI
131,"WHO AFRO Weekly Bulletin on Outbreaks and other Emergencies Week 30 (24-30 July 2023) - Cholera, Shigellosis and Typhoid fever in the Republic of Congo",https://iris.who.int/handle/10665/372200,"OEW30-2430072023.pdf p.4: 'From 28 June to 29 July 2023, a cumulative total of 1 689 cases with 37 deaths (case fatality ratio 2.2%) have been reported from five departments (Niari, Pointe Noire, Bouenza, Kouilou, and Brazzaville) ... disaggregated ... shigellosis (919 cases), typhoid fever (705 cases), and cholera (65 cases). Dolisie City in Niari department remains the epicentre of the outbreaks, reporting 93.8% (n = 61) of the cholera cases'. Index case 28 June 2023; outbreak declared 17 July 2023. The later bulletin (Week 33, 10665/372631) gives 2,270 gastroenteritis cases to 15 Aug 2023, of which 21 confirmed cholera.",2023-06-28 to 2023-07-29,"WHO regional weekly bulletin, event article",Active,Level 1,Pending,"IRIS DSpace search for AFRO weekly bulletins weeks 30-33 of 2023 (Agent 1 continuation batch 6 q7), tracing the '65 cases' quote in the legacy Agent 1 log",English,0,,"IRIS DSpace search for AFRO weekly bulletins weeks 30-33 of 2023 (Agent 1 continuation batch 6 q7), tracing the '65 cases' quote in the legacy Agent 1 log",AI
132,"Africa CDC Epidemic Intelligence Weekly Report 30 August 2026 (August 2026 download page; Cholera in Africa, Congo update to epidemiological week 33)",https://africacdc.org/download/africa-cdc-epidemic-intelligence-weekly-report-august-2026/,"File Africa-CDC_Epidemic-_Intelligence_Weekly_Report_30_August_2026.pdf, page 8 'Cholera in Africa' (read visually from a 200 dpi render): 'Congo: Between epidemiological weeks 24-33, the MoH reported 288 new suspected cases and five new deaths of cholera. This year, a total of 977 cases (22 confirmed; 955 suspected) and 65 deaths (CFR: 6.7%) of cholera were reported from six Departments in Congo. Since the beginning of this outbreak (June 2025), a total of 1,781 cases (88 confirmed; 1,684 suspected) and 132 deaths (CFR: 7.4%)' [the since-June-2025 figure is internally inconsistent: 88 + 1,684 = 1,772, and 977 + 826 (2025 wave) = 1,803]. The same page's summary line in the 2, 20, 24 and 28 August 2026 issues (same download page) still lists 'Congo (689; 60)' = 2026 year-to-date at epi-week 23, i.e. Africa CDC's Congo figures were not updated between EW23 and the 30 Aug issue.",2026-01-01 to 2026-08-16,Continental weekly epidemic intelligence report (image-only PDF),Active,Level 1,Pending,Africa CDC download pages July/August 2026 (9 image-only weekly issues) rendered with pdftoppm; Agent 1 continuation batch 7,English,0,,Africa CDC download pages July/August 2026 (9 image-only weekly issues) rendered with pdftoppm; Agent 1 continuation batch 7,AI
133,"WHO Weekly Epidemiological Record No 47 24 November 2000 - IHR notifications received 17-23 November 2000 (cholera, Congo 1.I-31.VII 2000)",https://iris.who.int/handle/10665/231347,"WER 2000 vol 75 No 47 p.384 'INTERNATIONAL HEALTH REGULATIONS ... Notifications of diseases received from 17 to 23 November 2000 ... Cholera ... Congo 1.I-31.VII ... 9 2' (cases, deaths). The only Republic-of-Congo cholera notification of 2000 (WER 2000 subject index H2: 'Congo, 384'); equals the WHO 2000 annual total (9/2) and bounds it to 1 Jan-31 Jul 2000. Missed by the batch-1 text sweep because the table header differs from the usual 'Diseases subject to the Regulations'.",2000-01-01 to 2000-07-31,WHO IHR cholera notification table,Active,Level 1,Pending,"WER 2000 No 51/52 subject index 'Notifications ... CHOLERA Africa ... Congo, 384' (Agent 1 continuation batch 8)",English/French,0,,"WER 2000 No 51/52 subject index 'Notifications ... CHOLERA Africa ... Congo, 384' (Agent 1 continuation batch 8)",AI
134,Les Depeches de Brazzaville 8 February 2007 via Sante tropicale (APIDPM) press review - Cholera. Le ministre de la Sante demande au comite de crise de renforcer ses activites,https://santetropicale.com/actus.asp?action=lire&id=2282,"Meeting of the Pointe-Noire/Kouilou cholera crisis committee with Health Minister Alphonse Gando at Loandjili general hospital, 8 Feb 2007. Departmental health director Constant Djaba: diarrhoea cases declared in arrondissement 4 (Loandjili) in November 2006, cholera recognised only from January 2007; 'Du 31 decembre au 16 janvier, nous avons enregistre 64 malades et 2 deces. Depuis le 28 janvier, la frequence est de 100 malades par jour avec 1 a 2 deces'; most affected arrondissement 3 Tie-Tie, then 1 and 4; arrondissement 2 least affected. Loandjili hospital physician: 285 patients (125 men, 160 women) with 6 deaths, plus 179 paediatric cases, since the start of the epidemic (facility admissions - not extracted as a geographic count).",2006-11-01 to 2007-02-08,National newspaper report of MoH crisis-committee meeting (press review reprint),Active,Level 3,Pending,WebSearch 'cholera Pointe-Noire etude retrospective cas hospitalises Loandjili OR Adolphe Sice OR CTC 2007 OR 2013 ...' (Agent 1 continuation batch 8),French,0,,WebSearch 'cholera Pointe-Noire etude retrospective cas hospitalises Loandjili OR Adolphe Sice OR CTC 2007 OR 2013 ...' (Agent 1 continuation batch 8),AI
135,"Les Depeches de Brazzaville 13 January 2018 via Sante tropicale (APIDPM) press review - interview with Dr Lambert Kitemo, Directeur general de l'epidemiologie et de la lutte contre les maladies (Le pays reactualise son plan de contingence pour l'epidemie de la grippe)",https://santetropicale.com/actus.asp?action=lire&id=24313,"Asked what Congo is doing about the cholera epidemic in the DRC, the MoH Director-General of epidemiology and disease control said on 13 Jan 2018: 'Le Congo n est pas en epidemie de cholera, le dernier cas remonte a septembre 2016, dont le foyer etait l Ile Mbamou.' Official statement of NO cholera case in Congo from October 2016 to 13 January 2018; also places the 2016 outbreak on Ile Mbamou (cf. PNDS 2018-2022, MoH sector review 2021 vs WHO DON488 Mpouya).",2016-09-01 to 2018-01-13,National newspaper interview with the MoH Director-General of epidemiology (press review reprint),Active,Level 3,Pending,WebSearch restricted to santetropicale.com/adiac-congo.com/lasemaineafricaine.net/aci.cg: 'Congo Brazzaville cholera dernier cas 2016 ile Mbamou 2017' (Agent 1 continuation batch 8),French,0,,WebSearch restricted to santetropicale.com/adiac-congo.com/lasemaineafricaine.net/aci.cg: 'Congo Brazzaville cholera dernier cas 2016 ile Mbamou 2017' (Agent 1 continuation batch 8),AI
136,Les Depeches de Brazzaville 20 October 2012 via Sante tropicale (APIDPM) press review - Sante publique: une vaste campagne de sensibilisation contre le cholera a Brazzaville,https://santetropicale.com/actus.asp?action=lire&id=14987,"WHO/MoH cholera awareness campaign in Brazzaville 23-26 Oct 2012 (Talangai, Poto-Poto, Ouenze), against a disease 'dont des cas residuels sont regulierement enregistres a Brazzaville et dans le pays'; 'Au cours de cette annee, les autorites sanitaires congolaises ont a plusieurs reprises signale des cas de cholera a Brazzaville, comme dans plusieurs regions du pays. Apres le drame cree par les explosions du 4 mars 2012 a Mpila, la representation de l OMS au Congo avait signale une dizaine de cas de cholera dans les sites d hebergement des sinistres.' Approximate count ('une dizaine') - recorded as presence, not a data row.",2012-03-04 to 2012-10-20,National newspaper report (press review reprint),Active,Level 3,Pending,WebSearch restricted to santetropicale.com: 'cholera Congo Brazzaville Pointe-Noire Depeches de Brazzaville revue de presse cas deces' (Agent 1 continuation batch 8),French,0,,WebSearch restricted to santetropicale.com: 'cholera Congo Brazzaville Pointe-Noire Depeches de Brazzaville revue de presse cas deces' (Agent 1 continuation batch 8),AI
137,"Les Depeches de Brazzaville (ADIAC) July 2013 - Pointe-Noire : la campagne de lutte contre l epidemie de cholera a atteint les resultats escomptes (interview with Dr Joseph Ngala, 22 July 2013)",https://www.adiac-congo.com/content/pointe-noire-la-campagne-de-lutte-contre-lepidemie-de-cholera-atteint-les-resultats,"Interview Monday 22 July 2013 with Dr Joseph Ngala, medecin chef au secteur operationnel des grandes endemies de Pointe-Noire: campaign since 20 Nov 2012 across the six arrondissements; 'sur 1.102 cas de personnes atteintes par cette maladie a Pointe-Noire pendant la periode allant de novembre 2012 a juin 2013, il y a eu au total 16 deces'; CFR 1.45%. Final Pointe-Noire total for the 2012-2013 epidemic (cf. IFRC 1,036/16 at 26 May 2013; MoH Annuaire 2013 1,092/12 Oct 2012-Apr 2013; WER 'Cholera, 2013' 1,624/221).",2012-11-20 to 2013-06-30,National newspaper interview with the Pointe-Noire endemic-diseases chief,Active,Level 3,Pending,ADIAC site search 'cholera' results page 36 (Agent 1 continuation batch 9),French,0,,ADIAC site search 'cholera' results page 36 (Agent 1 continuation batch 9),AI
138,"UNICEF/OCHA Regional Cholera Platform - Cholera outbreaks in Central and West Africa: 2016 Regional Update Week 36 (via ReliefWeb, 28 Sep 2016) - Focus on cholera alert in Congo Brazzaville",https://reliefweb.int/report/democratic-republic-congo/cholera-outbreaks-central-and-west-africa-2016-regional-update-2,"WCA_Cholera_Update_W36.pdf: 'As of 22/09/2016, the health authority insists that the situation in Congo, corresponds to a suspicion of cholera. 6 cases of cholera-like diarrhea have been notified by the Mbamou authorities, in the 37th epidemiological week (period between September 5th to 11th). All cases were from a camp called Assemblee. Because of the lack of adequate care in the island, 4 patients from DRC who were on route to seek medical care died while crossing river. The other 2 patients were admitted to the Talangai hospital in Brazzaville on 11/09/2016 ... The response plan has however been activated: 12/09/2016, the investigation team ...'. The Week 40 update (regional-update-4) tabulates Congo weekly 7, 2, 3, 1, 3, 2 = 18 cases / 3 deaths (CFR 16.7%, 'Results awaiting'); the Week 42 update: 'Active transmission seems to have stopped in ... Congo Republic'. Contemporaneous evidence that the 2016 outbreak was on ILE MBAMOU (Brazzaville).",2016-09-05 to 2016-09-22,Regional cholera platform weekly bulletin (EN/FR),Active,Level 2,Pending,ReliefWeb search 'Cholera outbreaks in Central and West Africa' Aug 2016-Jan 2017 (Agent 1 continuation batch 9),English/French,0,,ReliefWeb search 'Cholera outbreaks in Central and West Africa' Aug 2016-Jan 2017 (Agent 1 continuation batch 9),AI
139,"UNICEF/OCHA Regional Cholera Platform - Cholera Outbreaks in Central and West Africa: 2018 Regional Update Week 46 (via ReliefWeb, 30 Nov 2018) - weekly cases table",https://reliefweb.int/report/democratic-republic-congo/cholera-outbreaks-central-and-west-africa-2018-regional-update-18,"WCA Cholera_Update_W46_2018 COMPLETE.pdf, country table: 'Congo | W1-36 63 | W37 0 | W38 1 | W39 3 | W40 0 | W41 0 | W42 0 | W43 0 | W44 0 | W45 NA | W46 NA | ... W39 1 confirmed | 67 | 4 | 6.0%' (cases W1-36 cumulative, weekly cases W37-W46, last confirmation, total cases, deaths, CFR). Shows that the JHU/UNICEF 2018-09-17..11-04 values 34, 47, 52, 58, 59, 63, 63 are cumulatives, not weekly counts.",2018-01-01 to 2018-11-18,Regional cholera platform weekly table by country,Active,Level 2,Pending,ReliefWeb search 'Cholera outbreaks in Central and West Africa' Mar 2018-Jan 2019 (Agent 1 continuation batch 9),English/French,0,,ReliefWeb search 'Cholera outbreaks in Central and West Africa' Mar 2018-Jan 2019 (Agent 1 continuation batch 9),AI
140,"UNICEF/OCHA Regional Cholera Platform - Cholera Outbreaks in Central and West Africa: 2018 Regional Update Week 52 (via ReliefWeb, 11 Jan 2019) - weekly cases table",https://reliefweb.int/report/democratic-republic-congo/cholera-outbreaks-central-and-west-africa-2018-regional-update-21,"WCA Cholera_Update_W52_2018.pdf, country table: 'Congo | W1-42 67 | W43 0 | W44 0 | W45 0 | W46 0 | W47 0 | W48 0 | W49 0 | W50 0 | W51 0 | W52 NA | ... W39 1 confirmed | 67 | 4 | 6.0%'. Final 2018 platform total for Congo 67 cases / 4 deaths (WHO WER 2018: 60 / 3).",2018-01-01 to 2018-12-30,Regional cholera platform weekly table by country,Active,Level 2,Pending,ReliefWeb search 'Cholera outbreaks in Central and West Africa' Mar 2018-Jan 2019 (Agent 1 continuation batch 9),English/French,0,,ReliefWeb search 'Cholera outbreaks in Central and West Africa' Mar 2018-Jan 2019 (Agent 1 continuation batch 9),AI
141,"UNICEF/OCHA Regional Cholera Platform - Cholera Outbreaks in Central and West Africa: 2019 Regional Update Week 43 (via ReliefWeb, 8 Nov 2019) - weekly cases table",https://reliefweb.int/report/democratic-republic-congo/cholera-outbreaks-central-and-west-africa-2019-regional-update-15,"WCA Cholera_Update_W43-2019.pdf, country table: 'Congo | W1-25 0 | W26 0 | ... | W43 0 | - | - | 0' (all weeks 1-43 of 2019 explicitly 0; total 0). The Week 41 update (regional-update-14) still showed Congo W31-W41 as 'NA' (late reporting later filled with 0). Contradicts the JHU/UNICEF value of 67 for 2019-10-21..27 (= the platform's 2018 Congo total, 67, carried forward).",2019-01-01 to 2019-10-27,Regional cholera platform weekly table by country,Active,Level 2,Pending,ReliefWeb search 'Cholera outbreaks in Central and West Africa' Aug 2019-Jan 2020 (Agent 1 continuation batch 9),English/French,0,,ReliefWeb search 'Cholera outbreaks in Central and West Africa' Aug 2019-Jan 2020 (Agent 1 continuation batch 9),AI
142,"UNICEF/OCHA Regional Cholera Platform - Cholera Outbreaks in Central and West Africa: 2019 Regional Update Week 52 (via ReliefWeb, 4 Jul 2020) - weekly cases table",https://reliefweb.int/report/democratic-republic-congo/cholera-outbreaks-central-and-west-africa-2019-regional-update-17,"WCA Cholera_Update_W52_2019.pdf: 'Congo | W1-40 0 | W41 0 | W42 0 | W43 0 | W44 0 | W45 0 | W46 0 | W47 0 | W48-W52 (blank, not reported) | total 0'. The 2020 Week 1-53 update (regional-update-6) likewise shows Congo 0 in every week of 2020, although WER 'Cholera, 2020' says Congo did not report cholera data to WHO for 2020 (not used for a zero row).",2019-01-01 to 2019-11-24,Regional cholera platform weekly table by country,Active,Level 2,Pending,ReliefWeb search 'Cholera outbreaks in Central and West Africa' 2020-2021 listing (Agent 1 continuation batch 9),English/French,0,,ReliefWeb search 'Cholera outbreaks in Central and West Africa' 2020-2021 listing (Agent 1 continuation batch 9),AI
143,"Government of the Republic of Congo (via ReliefWeb, 6 June 2012) - Quelque 1.033 cas de cholera enregistres depuis janvier en Republique du Congo (citing a WHO report of 5 June 2012)",https://reliefweb.int/report/congo/quelque-1033-cas-de-chol%C3%A9ra-enregistr%C3%A9s-depuis-janvier-en-r%C3%A9publique-du-congo,"ReliefWeb source 'Govt. Rep. Congo', author Gaspard Lenckonov, 6 Jun 2012: 'Selon un rapport de l OMS, publie le 5 juin a Brazzaville ... Sur les 1.033 cas enregistres, il y a eu 35 deces ... Quelque 169 cas ont ete enregistres a Brazzaville, dont 8 cas de deces. Les derniers cas enregistres remontent au 31 mai dernier. Aucun cas de cholera n a encore ete signale dans les departements sud du pays. A Pointe-Noire, par exemple, les cas de maladie enregistres datent de 2007 ... l epidemie frappe le pays dans un rayon de 500 kilometres ... de Betou a Makotipoko, en passant par Impfondo, Liranga et Mossaka (Likouala, Cuvette)'. Corroborated by ACTED (ReliefWeb 2 Jul 2012: '1,033 cases were registered since January ... Brazzaville now has a count of 169 cases, including 8 deaths').",2012-01-01 to 2012-05-31,Government news item citing a WHO country-office report,Active,Level 2,Pending,ReliefWeb Congo-tagged 'cholera' listing Jan 2012-Jun 2013 (Agent 1 continuation batch 9),French,0,,ReliefWeb Congo-tagged 'cholera' listing Jan 2012-Jun 2013 (Agent 1 continuation batch 9),AI
144,WHO AFRO - Cholera: Situation in the WHO African Region as of 03 June 2013 (via ReliefWeb) - Table 1 cases and deaths by country,https://reliefweb.int/report/democratic-republic-congo/cholera-situation-who-african-region-03-june-2013,"Cholera-African-Region-as-of-03june2013.pdf, Table 1 'Cholera cases and deaths by country (01 January - 03 June 2013)'. The PDF text layer uses a shifted-glyph font (digits U+03EC-U+03F5 style), decoded as: DR Congo 18375 / 333 (1.8%), Angola 2276 / 84 (3.7%), Mozambique 1861 / 19 (1.0%), Congo 801 / 11 (1.4%), ... Total 25762 / 490 (1.9%). Congo = the Pointe-Noire epidemic. The companion report of 22 Aug 2012 lists only the six most affected countries (Congo not among them).",2013-01-01 to 2013-06-03,WHO regional cholera situation report,Active,Level 1,Pending,ReliefWeb Congo-tagged 'cholera' listing Jan 2012-Jun 2013 (Agent 1 continuation batch 9),English,0,,ReliefWeb Congo-tagged 'cholera' listing Jan 2012-Jun 2013 (Agent 1 continuation batch 9),AI
145,"UNICEF (via ReliefWeb, 12 June 2012) - In the Republic of the Congo, UNICEF and WHO launch initiatives to treat, combat and prevent cholera (Isle M'bamou)",https://reliefweb.int/report/congo/republic-congo-unicef-and-who-launch-initiatives-treat-combat-and-prevent-cholera,"Isle M'bamou, 12 June 2012: cholera outbreak on the island ('The cholera outbreak on Isle M bamou originated in northern DRC before moving down and across the river into the Republic of Congo. When the outbreak hit Brazzaville, squatter settlements with poor sanitation were badly affected'); CERF-funded chlorination points and latrines. Only count given is the stale 2011 national total (775 / 32). Presence evidence only.",2012-01-01 to 2012-06-12,UNICEF feature story,Active,Level 2,Pending,ReliefWeb Congo-tagged 'cholera' listing Jan 2012-Jun 2013 (Agent 1 continuation batch 9),English,0,,ReliefWeb Congo-tagged 'cholera' listing Jan 2012-Jun 2013 (Agent 1 continuation batch 9),AI
146,"IFRC DREF MDRCG014 Republic of Congo Cholera Epidemic (Pointe-Noire): DREF operation (15 Apr 2013) and Operation update no 1 (13 Jun 2013), via ReliefWeb",https://reliefweb.int/report/congo/republic-congo-cholera-epidemic-dref-n%C2%B0-mdrcg014-operation-update-n%C2%B0-1,"Pointe-Noire cholera epidemic bulletins by hospital: as of 6 Apr 2013 HG Loandjili 614, HG Adolphe Sice 42, HB Tie-Tie 0, total 656 cases / 15 deaths; as of 26 May 2013 Loandjili 985, Adolphe Sice 42, CSI Mbota 28, CSI Tchiniambi II 5, table total 1,071 (text: 'cumulative cases stood at 1,036, and 16 fatalities'); onset after the 17-18 Nov 2012 floods at two relocation sites; spread to Tchiamba-Nzassi (Kouilou) and Cabinda (Angola); MSF handed over to the MoH on 15 May 2013. Used for corroboration of Index 66/67/463 (no new geographic row); the 1,071 table total equals the MoH Annuaire 2013 SIMR Pointe-Noire figure.",2012-11-18 to 2013-05-26,IFRC DREF documents with MoH hospital bulletin tables,Active,Level 2,Pending,ReliefWeb Congo-tagged 'cholera' listing Jan 2012-Jun 2013 (Agent 1 continuation batch 10),English,0,,ReliefWeb Congo-tagged 'cholera' listing Jan 2012-Jun 2013 (Agent 1 continuation batch 10),AI
147,"Government of the Republic of Congo (via ReliefWeb, 25 Feb 2013) - Sante : De nouveaux cas de cholera signales a Pointe-Noire",https://reliefweb.int/report/congo/sant%C3%A9-de-nouveaux-cas-de-cholera-signal%C3%A9s-%C3%A0-pointe-noire,"'La capitale economique connait une nouvelle flambee des cas de cholera, notamment avec quelque 23 nouveaux cas enregistres a la suite des inondations sectorielles dues a la pluie du 17 fevrier dernier. Au total, 224 cas de cholera ont ete notifies dans la ville cotiere depuis novembre 2012 ... sur les 224 cas enregistres par les services sanitaires de Pointe-Noire, 192 ont deja regagne leur domicile, 6 sont decedes et 32 encore hospitalises' (Pr Alexis Elira Dokekias, DGS).",2012-11-20 to 2013-02-24,Government news item quoting the Director-General of Health,Active,Level 2,Pending,ReliefWeb Congo-tagged 'cholera' listing Jan 2012-Jun 2013 (Agent 1 continuation batch 10),French,0,,ReliefWeb Congo-tagged 'cholera' listing Jan 2012-Jun 2013 (Agent 1 continuation batch 10),AI
148,"IRIN (via ReliefWeb, 15 Mar 2013) - Cholera outbreak in Congo (Pointe-Noire)",https://reliefweb.int/report/congo/cholera-outbreak-congo,"IRIN 15 Mar 2013: Pointe-Noire outbreak 'that began in November 2012 ... infected at least 389 and killed 10, according to the health ministry and local authorities'; DGS Alexis Elira Dokekias: 'of all cases reported by the Pointe-Noire health services, 347 have already returned home, 10 have died, and 32 are still hospitalized'.",2012-11-20 to 2013-03-15,News agency report quoting the health ministry,Active,Level 3,Pending,ReliefWeb Congo-tagged 'cholera' listing Jan 2012-Jun 2013 (Agent 1 continuation batch 10),English,0,,ReliefWeb Congo-tagged 'cholera' listing Jan 2012-Jun 2013 (Agent 1 continuation batch 10),AI
149,"Government of the Republic of Congo (via ReliefWeb, 7 Jun 2012) - Les Brazzavillois invites a lutter contre le cholera (DDS Brazzaville press briefing)",https://reliefweb.int/report/congo/les-brazzavillois-invit%C3%A9s-lutter-contre-le-chol%C3%A9ra,"7 Jun 2012 press briefing by Jean Angouono-Moke, directeur departemental de la sante de Brazzaville: 'Depuis le debut de l annee 2012, la ville de Brazzaville connait une resurgence des cas de cholera. A ce jour, quelque 188 cas dont 13 deces ont ete enregistres tant chez les adultes que chez les enfants de moins de 15 ans.' (vs WHO report 5 Jun 2012: 169 / 8 to 31 May).",2012-01-01 to 2012-06-07,Government news item quoting the departmental health director,Active,Level 2,Pending,ReliefWeb Congo-tagged 'cholera' listing Jan 2012-Jun 2013 (Agent 1 continuation batch 10),French,0,,ReliefWeb Congo-tagged 'cholera' listing Jan 2012-Jun 2013 (Agent 1 continuation batch 10),AI
150,"IRIN (via ReliefWeb, 17 May 2007) - Congo: Poor health system catalysing cholera in southwest (Bouenza: Loudima, Loutete; national cholera crisis committee bulletin)",https://reliefweb.int/report/congo/congo-poor-health-system-catalysing-cholera-southwest,"'According to an epidemiological bulletin published by Congolese health authorities, 21 cases of the disease have been reported in Loutete, of whom seven died. Another 207 cases have been reported in Loudima, of whom eight died, since the beginning of May. The bulletin was produced by the national cholera crisis committee headed by Jeannine Bahou ... At least 6,480 people were affected in Pointe-Noire, of whom 62 died.' Dates the Bouenza (Loudima/Loutete) wave of the 2006-07 epidemic to May 2007.",2007-05-01 to 2007-05-17,News agency report quoting the national cholera crisis committee's epidemiological bulletin,Active,Level 3,Pending,ReliefWeb Congo-tagged 'cholera' listing 15 Mar-31 Dec 2007 (Agent 1 continuation batch 10),English,0,,ReliefWeb Congo-tagged 'cholera' listing 15 Mar-31 Dec 2007 (Agent 1 continuation batch 10),AI
151,"IRIN (via ReliefWeb, 21 Feb 2012) - Cholera continues spreading (Likouala)",https://reliefweb.int/report/congo/cholera-continues-spreading,"'Health authorities in the Republic of Congo have recorded 340 cases of cholera, nine of them fatal, since June 2011, in the northern district of Likouala ... The epidemic has struck a 500km-radius area stretching from Betou to Liranga, which includes the department's main town, Impofondo' (Dr Jean Martin Mabiala). Related: Radio Okapi 19 Mar 2012 (ReliefWeb 'Le cholera fait 12 victimes a Likouala'): 'douze personnes sur les cinq cents cas enregistres depuis le debut de cette annee dans la region de Likouala' (not written - exceeds the HDX national total for the same weeks).",2011-06-01 to 2012-02-21,News agency report quoting the Likouala health chief,Active,Level 3,Pending,ReliefWeb Congo-tagged cholera listing Jan-May 2012 (Agent 1 continuation batch 10),English,0,,ReliefWeb Congo-tagged cholera listing Jan-May 2012 (Agent 1 continuation batch 10),AI
152,"Government of the Republic of Congo (via ReliefWeb, 29 Mar 2012) - De nouveaux cas de cholera enregistres a Brazzaville (DGS press briefing 28 Mar 2012, Mpila explosion shelter sites)",https://reliefweb.int/report/congo/de-nouveaux-cas-de-chol%C3%A9ra-enregistr%C3%A9s-%C3%A0-brazzaville,"DGS Alexis Elira Dokekias, 28 Mar 2012: 'Depuis le 4 mars, nous avons treize cas de cholera suspects dont un cas confirme au niveau des sites et un deces' (shelter sites for ~14,000 people displaced by the 4 March 2012 Mpila explosions); 'Depuis mai 2011 ... cholera ... Likouala, la Cuvette, les Plateaux, le Pool et dans une partie de Brazzaville'. Conflicting counts: WHO representative (IRIN 2 Apr 2012) '10 confirmed cases'; humedica (11 Apr 2012) 'more than 20 cases ... eight of them confirmed'.",2012-03-04 to 2012-03-28,Government news item quoting the Director-General of Health,Active,Level 2,Pending,ReliefWeb Congo-tagged cholera listing Jan-May 2012 (Agent 1 continuation batch 10),French,0,,ReliefWeb Congo-tagged cholera listing Jan-May 2012 (Agent 1 continuation batch 10),AI
153,IFRC DREF MDRCG021 Final Report Republic of Congo Cholera Outbreak 2023 (published 17 Jul 2024) - quoting MoH Sitrep no. 19 as of 30 Oct 2023,https://go-api.ifrc.org/api/DownloadFile/84947/MDRCG021dfr,"IFRC DREF final report (operating timeframe 29 Jul-30 Nov 2023) for the 2023 cholera/shigellosis/typhoid outbreak centred on Dolisie (Niari). States that as of 30 Oct 2023, per MoH Sitrep no. 19, no suspected cases of the three epidemics had been reported since 20 Sep 2023 (week 38) and no positive cases since 4 Sep 2023 (week 36); 21 laboratory-confirmed cholera cases (17 Niari, 4 Pointe-Noire). Found via IFRC GO API appeal list for country 184 (Congo).",2023-06-28 to 2023-11-30,DREF final report; epidemic end statement,Active,Level 2,Pending,IFRC GO API /api/v2/appeal/?country=184 -> appeal_document for MDRCG021 (Agent 1 batch 11),English,0,,IFRC GO API /api/v2/appeal/?country=184 -> appeal_document for MDRCG021 (Agent 1 batch 11),AI
154,"IFRC DREF MDRCG010 Republic of Congo Cholera outbreak in Betou - DREF operation document (17 Feb 2012), Likouala situation table as of 6 Feb 2012",https://www.ifrc.org/docs/Appeals/12/MDRCG010.pdf,"IFRC DREF launch document for the Betou (Likouala) cholera outbreak: 'From 12 January to date, 57 new cases and 5 deaths have been registered in Betou'; table 'situation of cholera in Likouala division as of 6 February 2012': Liranga (Impfondo) 4 cases 0 deaths; Betou district including surrounding villages 53 cases 5 deaths; total 57 / 05. Also names Boyele and Enyele as having at least one case since January 2012.",2012-01-12 to 2012-02-06,DREF application; district case table,Active,Level 2,Pending,IFRC GO API appeal_document?appeal=2982 (MDRCG010) (Agent 1 batch 11),English,0,,IFRC GO API appeal_document?appeal=2982 (MDRCG010) (Agent 1 batch 11),AI
155,"IFRC DREF MDRCG009 Republic of Congo Cholera outbreak - DREF operation document (25 Oct 2011), MoH division table as of 12 Oct 2011 (week 40)",https://www.ifrc.org/docs/appeals/11/MDRCG009.pdf,"IFRC DREF launch document reproducing the Directorate General for Health table 'cholera situation in RoC by 12 October 2011 (week 40)': Likouala 143 cases 5 deaths (5 confirmed), Sangha 49/1 (5), Cuvette 296/10 (1), Plateaux 146/10 (0), Pool 2/0 (1), Brazzaville 72/4 (9); TOTAL 708 cases, 30 deaths, CFR 4.2%, 21 confirmed. Also: first 2 cases in Loukolela on 9 July 2011; 341 cases in late August.",2011-07-09 to 2011-10-12,DREF application; division case/death table,Active,Level 2,Pending,IFRC GO API appeal_document?appeal=2981 (MDRCG009) (Agent 1 batch 11),English,0,,IFRC GO API appeal_document?appeal=2981 (MDRCG009) (Agent 1 batch 11),AI
156,WHO Global Task Force on Cholera Control - Cholera Country Profile: Republic of the Congo (last update 3 September 2009),https://web.archive.org/web/20131025211445/http://www.who.int/cholera/countries/CongoCountryProfile2009.pdf,"WHO GTFCC 2-page country profile (archived copy of http://www.who.int/cholera/countries/CongoCountryProfile2009.pdf). Table of notified cholera cases/deaths/CFR by year: 1997 275/60, 1998 3222/22, 1999 4813/20, 2000 9/2, 2006 175/10, 2007 7295/110; chart 'NOTIFIED CHOLERA CASES/DEATHS/CFR FROM 1978 to 2008' (no notified cases 2001-2005). Narrative: first outbreak 1978; 'Between 1978 and 1996, no cholera case was reported'; Nov 1997-Jul 1998 Pointe-Noire outbreak (CFR 20% Nov 1997-Feb 1998); Brazzaville cases from Dec 1998, confirmed March 1999; Dec 2006 outbreak 7,098 cases/101 deaths over 5 months; 2008 Loudima (Bouenza) epidemic with cases in Houdin (2 on 19 July), Sibiti (1 on 29 July), Madingou (1 on 30 July). Page 2: weekly incidence by province 25 Dec 2006-15 Apr 2007 (chart only).",1978-2008,WHO country profile; annual notified cases table; outbreak narrative,Active,Level 1,Pending,Wayback CDX who.int/cholera/countries/* (Agent 1 batch 11),English,0,"Earlier edition: CHOLERA COUNTRY PROFILE REPUBLIC OF THE CONGO last update 25 Sept 2007 (http://www.who.int/cholera/countries/Congo%20Country%20Profile%202007.pdf, Wayback 20090616084454) - same table to 4 March 2007",Wayback CDX who.int/cholera/countries/* (Agent 1 batch 11),AI
157,WHO Weekly Epidemiological Record No 27 3 July 1998 - Cholera in 1997 (annual report; Table: Congo 275 cases 60 deaths),https://iris.who.int/handle/10665/230506,"WHO annual cholera report for 1997 (WER 1998, 73, 201-208; full issue handle 10665/230508). Country table of cases and deaths notified for 1997: 'Congo ... 275 60' (Democratic Republic of the Congo listed separately, 2 421 / 326). Congo's first cases were notified from 7 November 1997 (WER 1998 No 6), so the 1997 total belongs to the Nov-Dec 1997 onset of the 1997-98 Pointe-Noire epidemic.",1997-01-01 to 1997-12-31,WHO annual cholera report; national annual cases/deaths,Active,Level 1,Pending,IRIS discover 'Cholera in 1997' + full-issue bitstream (Agent 1 batch 12),English/French,0,,IRIS discover 'Cholera in 1997' + full-issue bitstream (Agent 1 batch 12),AI
158,"Ministere de la Sante Republique du Congo - Annuaire Statistique Sanitaire 2017-2018 (SNIS/DEP; Tableau 27 maladies infectieuses et parasitaires par departement 2017, Tableau 66 maladies infectieuses intestinales par departement 2018)",https://sante.gouv.cg/wp-content/uploads/2021/09/Annuaire-2017_2018_21_04_21-10h43VF.pdf,"National health statistics yearbook 2017-2018 (268 pp.). Chapter V Morbimortalite, section 5.2 Maladies sous surveillance epidemiologique et autres maladies: department tables of cases and deaths by sex. Cholera columns: 2017 (Tableau 27 suite et fin, p.119) Likouala 1 M + 1 F, Brazzaville 0 M + 3 F, all other departments 0, 0 deaths; 2018 (Tableau 66, p.142) Brazzaville 7 M + 1 F, others 0, 0 deaths. Routine SNIS morbidity coding, not IDSR notifications; no laboratory confirmation mentioned.",2017-01-01 to 2018-12-31,Annual department morbidity tables (routine health information),Active,Level 1,Pending,Direct retrieval: Agent 3 cache /tmp/COG_a3/Annuaire-2017_2018_21_04_21-10h43VF.pdf; pages 119 and 142 rendered with pdftoppm and read visually (Agent 2 continuation batch 5),French,0,,Direct retrieval: Agent 3 cache /tmp/COG_a3/Annuaire-2017_2018_21_04_21-10h43VF.pdf; pages 119 and 142 rendered with pdftoppm and read visually (Agent 2 continuation batch 5),AI
159,"IFRC DREF Bulletin MDRCG004 Republic of Congo Cholera Outbreak (launch, 9 July 2008) - Loudima and Mouindi June 2008 counts from MoH Disease Control Department bulletin of 25 June 2008",https://www.ifrc.org/docs/appeals/08/MDRCG004.pdf,"IFRC DREF operation launch document (GLIDE EP-2008-000100-COG), 4 pp. States: 'another 78 new cases and one death have been registered in Loudima since 5 June, 2008. In addition, 18 cases have been registered within the same period in the Mouindi village located some 50 km from Loudima. This brought the total of new cholera cases to 96 and one death as of 20 June, 2008. Seven new cases were registered as of 25 June, 2008 with two cases in Loudima and five in the Mouindi village, bringing the total number of cases to date to 103'; figures from 'The epidemiological bulletin on the epidemic in the Bouenza division, published by the Disease control department on 25 June 2008', confirmed by the Congolese Red Cross on 2 July.",2008-06-05 to 2008-06-25,Humanitarian DREF bulletin quoting MoH epidemiological bulletin,Active,Level 2,Pending,Direct retrieval: IFRC GO API appeal_document list for MDRCG004 (appeal id 1251) -> document_url; cached /tmp/COG_a2/MDRCG004.pdf (md5 identical to live file),English,0,,Direct retrieval: IFRC GO API appeal_document list for MDRCG004 (appeal id 1251) -> document_url; cached /tmp/COG_a2/MDRCG004.pdf (md5 identical to live file),AI
160,"Radio Okapi (via ReliefWeb, 28 Aug 2011) - Le cholera tue au Congo-Brazzaville (DGS Alexis Elira Dokekias: 344 cas, 20 deces; localites Lukolela, Mosaka, Liranga, Makotipoko)",https://reliefweb.int/report/congo/le-chol%C3%A9ra-tue-au-congo-brazzaville,"Radio Okapi news item quoting the Congolese Director General of Health: 'Vingt personnes sont mortes de cholera sur les 344 cas enregistres en Republique du Congo ... Parmi les vingt morts, deux sont de Brazzaville ... le cholera serait venu de la localite de Lukolela, dans la province de l'Equateur, en RDC. Par des flux migratoires, l'epidemie a atteint les localites de Mosaka, Liranga et Makotipoko, toutes riveraines du fleuve Congo.' Used for 2011 district-level presence.",2011-06-01 to 2011-08-28,News report quoting MoH,Active,Level 3,Pending,"Direct retrieval: ReliefWeb advanced search (C66, 2011-06-01..2012-01-31, 'cholera') listing",French,0,,"Direct retrieval: ReliefWeb advanced search (C66, 2011-06-01..2012-01-31, 'cholera') listing",AI
161,"Reuters (via ReliefWeb, 4 Feb 2007) - Congo cholera outbreak reaches capital Brazzaville (DG Health Damase Bozongo: 2,700 cases / 82 deaths; Brazzaville 9 cases / 4 deaths)",https://reliefweb.int/report/congo/congo-cholera-outbreak-reaches-capital-brazzaville,"Reuters wire quoting the Director-General of Health: 'Today we are at 82 dead and 2,700 recorded cases, in Pointe-Noire and the surrounding area ... but Brazzaville is also affected, with four dead out of nine recorded cases there'. Corroborated for Brazzaville deaths by IRIN 6 Feb 2007 ('Four of the dead were in Brazzaville'). The 82 national deaths conflict with WER (50 to 4 Feb) and MSF (56 in Pointe-Noire to end April) and are not used.",2007-01-01 to 2007-02-04,News wire quoting MoH,Active,Level 3,Pending,"Direct retrieval: ReliefWeb advanced search (C66, 2006-10-15..2007-03-15, 'cholera') listing",English,0,,"Direct retrieval: ReliefWeb advanced search (C66, 2006-10-15..2007-03-15, 'cholera') listing",AI
