iso_code,year,iso_week,week_start,week_end,sCh,deaths,source,confidence_weight,disaggregation_method
GHA,1970,2,1970-01-05,1970-01-11,0.0,0.0,AI,0.85,documented_zero
GHA,1970,3,1970-01-12,1970-01-18,0.0,0.0,AI,0.85,documented_zero
GHA,1970,4,1970-01-19,1970-01-25,0.0,0.0,AI,0.85,documented_zero
GHA,1970,5,1970-01-26,1970-02-01,0.0,0.0,AI,0.85,documented_zero
GHA,1970,6,1970-02-02,1970-02-08,0.0,0.0,AI,0.85,documented_zero
GHA,1970,7,1970-02-09,1970-02-15,0.0,0.0,AI,0.85,documented_zero
GHA,1970,8,1970-02-16,1970-02-22,0.0,0.0,AI,0.85,documented_zero
GHA,1970,9,1970-02-23,1970-03-01,0.0,0.0,AI,0.85,documented_zero
GHA,1970,10,1970-03-02,1970-03-08,0.0,0.0,AI,0.85,documented_zero
GHA,1970,11,1970-03-09,1970-03-15,0.0,0.0,AI,0.85,documented_zero
GHA,1970,12,1970-03-16,1970-03-22,0.0,0.0,AI,0.85,documented_zero
GHA,1970,13,1970-03-23,1970-03-29,0.0,0.0,AI,0.85,documented_zero
GHA,1970,14,1970-03-30,1970-04-05,0.0,0.0,AI,0.85,documented_zero
GHA,1970,15,1970-04-06,1970-04-12,0.0,0.0,AI,0.85,documented_zero
GHA,1970,16,1970-04-13,1970-04-19,0.0,0.0,AI,0.85,documented_zero
GHA,1970,17,1970-04-20,1970-04-26,0.0,0.0,AI,0.85,documented_zero
GHA,1970,18,1970-04-27,1970-05-03,0.0,0.0,AI,0.85,documented_zero
GHA,1970,19,1970-05-04,1970-05-10,0.0,0.0,AI,0.85,documented_zero
GHA,1970,20,1970-05-11,1970-05-17,0.0,0.0,AI,0.85,documented_zero
GHA,1970,21,1970-05-18,1970-05-24,0.0,0.0,AI,0.85,documented_zero
GHA,1970,22,1970-05-25,1970-05-31,0.0,0.0,AI,0.85,documented_zero
GHA,1970,23,1970-06-01,1970-06-07,0.0,0.0,AI,0.85,documented_zero
GHA,1970,24,1970-06-08,1970-06-14,0.0,0.0,AI,0.85,documented_zero
GHA,1970,25,1970-06-15,1970-06-21,0.0,0.0,AI,0.85,documented_zero
GHA,1970,26,1970-06-22,1970-06-28,0.0,0.0,AI,0.85,documented_zero
GHA,1970,27,1970-06-29,1970-07-05,0.0,0.0,AI,0.85,documented_zero
GHA,1970,28,1970-07-06,1970-07-12,0.0,0.0,AI,0.85,documented_zero
GHA,1970,29,1970-07-13,1970-07-19,0.0,0.0,AI,0.85,documented_zero
GHA,1970,30,1970-07-20,1970-07-26,0.0,0.0,AI,0.85,documented_zero
GHA,1970,31,1970-07-27,1970-08-02,0.0,0.0,AI,0.85,documented_zero
GHA,1970,32,1970-08-03,1970-08-09,0.0,0.0,AI,0.85,documented_zero
GHA,1970,33,1970-08-10,1970-08-16,0.0,0.0,AI,0.85,documented_zero
GHA,1970,34,1970-08-17,1970-08-23,0.2165,0.2165,AI,0.72,fourier_country_k1
GHA,1970,35,1970-08-24,1970-08-30,0.2379,0.2379,AI,0.72,fourier_country_k1
GHA,1970,36,1970-08-31,1970-09-06,0.2608,0.2608,AI,0.72,fourier_country_k1
GHA,1970,37,1970-09-07,1970-09-13,0.2848,0.2848,AI,0.72,fourier_country_k1
GHA,1970,38,1970-09-14,1970-09-20,0.0,0.0,AI,0.8,documented_zero
GHA,1970,39,1970-09-21,1970-09-27,0.0,0.0,AI,0.8,documented_zero
GHA,1970,40,1970-09-28,1970-10-04,0.0,0.0,AI,0.8,documented_zero
GHA,1970,41,1970-10-05,1970-10-11,0.0,0.0,AI,0.8,documented_zero
GHA,1970,42,1970-10-12,1970-10-18,0.2311,0.0,AI,0.72,fourier_country_k1
GHA,1970,43,1970-10-19,1970-10-25,0.2442,0.0,AI,0.72,fourier_country_k1
GHA,1970,44,1970-10-26,1970-11-01,0.2566,0.0,AI,0.72,fourier_country_k1
GHA,1970,45,1970-11-02,1970-11-08,0.268,0.0,AI,0.72,fourier_country_k1
GHA,1970,46,1970-11-09,1970-11-15,49.3497,2.8747,AI,0.72,fourier_country_k1
GHA,1970,47,1970-11-16,1970-11-22,50.9519,2.9681,AI,0.72,fourier_country_k1
GHA,1970,48,1970-11-23,1970-11-29,52.306,3.047,AI,0.72,fourier_country_k1
GHA,1970,49,1970-11-30,1970-12-06,53.3924,3.1102,AI,0.72,fourier_country_k1
GHA,1970,50,1970-12-07,1970-12-13,666.9977,36.0629,AI,0.72,fourier_country_k1
GHA,1970,51,1970-12-14,1970-12-20,673.242,36.4005,AI,0.72,fourier_country_k1
GHA,1970,52,1970-12-21,1970-12-27,675.7603,36.5366,AI,0.72,fourier_country_k1
GHA,1970,53,1970-12-28,1971-01-03,1353.0,116.0,AI,0.9,observed
GHA,1971,1,1971-01-04,1971-01-10,975.8433,57.1932,AI,0.72,fourier_country_k1
GHA,1971,2,1971-01-11,1971-01-17,968.6255,56.7702,AI,0.72,fourier_country_k1
GHA,1971,3,1971-01-18,1971-01-24,956.0954,56.0358,AI,0.72,fourier_country_k1
GHA,1971,4,1971-01-25,1971-01-31,938.4358,55.0008,AI,0.72,fourier_country_k1
GHA,1971,5,1971-02-01,1971-02-07,561.8902,18.6596,AI,0.72,fourier_country_k1
GHA,1971,6,1971-02-08,1971-02-14,545.2802,18.108,AI,0.72,fourier_country_k1
GHA,1971,7,1971-02-15,1971-02-21,526.1252,17.4719,AI,0.72,fourier_country_k1
GHA,1971,8,1971-02-22,1971-02-28,504.7044,16.7605,AI,0.72,fourier_country_k1
GHA,1971,9,1971-03-01,1971-03-07,379.1842,18.2117,AI,0.72,fourier_country_k1
GHA,1971,10,1971-03-08,1971-03-14,359.5,17.2663,AI,0.72,fourier_country_k1
GHA,1971,11,1971-03-15,1971-03-21,338.8326,16.2737,AI,0.72,fourier_country_k1
GHA,1971,12,1971-03-22,1971-03-28,317.4832,15.2483,AI,0.72,fourier_country_k1
GHA,1971,13,1971-03-29,1971-04-04,316.5951,15.1561,AI,0.72,fourier_country_k1
GHA,1971,14,1971-04-05,1971-04-11,293.2876,14.0404,AI,0.72,fourier_country_k1
GHA,1971,15,1971-04-12,1971-04-18,270.2623,12.9381,AI,0.72,fourier_country_k1
GHA,1971,16,1971-04-19,1971-04-25,247.855,11.8654,AI,0.72,fourier_country_k1
GHA,1971,17,1971-04-26,1971-05-02,210.4122,7.1569,AI,0.765,fourier_country_k1
GHA,1971,18,1971-05-03,1971-05-09,191.6334,6.5181,AI,0.765,fourier_country_k1
GHA,1971,19,1971-05-10,1971-05-16,174.2974,5.9285,AI,0.765,fourier_country_k1
GHA,1971,20,1971-05-17,1971-05-23,158.657,5.3965,AI,0.765,fourier_country_k1
GHA,1971,21,1971-05-24,1971-05-30,164.6071,7.8119,AI,0.765,fourier_country_k1
GHA,1971,22,1971-05-31,1971-06-06,151.4408,7.187,AI,0.765,fourier_country_k1
GHA,1971,23,1971-06-07,1971-06-13,140.8784,6.6858,AI,0.765,fourier_country_k1
GHA,1971,24,1971-06-14,1971-06-20,133.0737,6.3154,AI,0.765,fourier_country_k1
GHA,1971,25,1971-06-21,1971-06-27,188.2723,9.2511,AI,0.765,fourier_country_k1
GHA,1971,26,1971-06-28,1971-07-04,185.3493,9.1075,AI,0.765,fourier_country_k1
GHA,1971,27,1971-07-05,1971-07-11,186.7938,9.1784,AI,0.765,fourier_country_k1
GHA,1971,28,1971-07-12,1971-07-18,192.5846,9.463,AI,0.765,fourier_country_k1
GHA,1971,29,1971-07-19,1971-07-25,94.7641,4.2266,AI,0.765,fourier_country_k1
GHA,1971,30,1971-07-26,1971-08-01,101.3899,4.5221,AI,0.765,fourier_country_k1
GHA,1971,31,1971-08-02,1971-08-08,109.8437,4.8991,AI,0.765,fourier_country_k1
GHA,1971,32,1971-08-09,1971-08-15,120.0022,5.3522,AI,0.765,fourier_country_k1
GHA,1971,33,1971-08-16,1971-08-22,67.3653,4.7501,AI,0.765,fourier_country_k1
GHA,1971,34,1971-08-23,1971-08-29,74.0655,5.2226,AI,0.765,fourier_country_k1
GHA,1971,35,1971-08-30,1971-09-05,81.3768,5.7381,AI,0.765,fourier_country_k1
GHA,1971,36,1971-09-06,1971-09-12,89.1924,6.2892,AI,0.765,fourier_country_k1
GHA,1971,37,1971-09-13,1971-09-19,37.332,2.209,AI,0.765,fourier_country_k1
GHA,1971,38,1971-09-20,1971-09-26,40.5811,2.4012,AI,0.765,fourier_country_k1
GHA,1971,39,1971-09-27,1971-10-03,43.8866,2.5968,AI,0.765,fourier_country_k1
GHA,1971,40,1971-10-04,1971-10-10,47.2003,2.7929,AI,0.765,fourier_country_k1
GHA,1971,41,1971-10-11,1971-10-17,44.4224,2.5188,AI,0.765,fourier_country_k1
GHA,1971,42,1971-10-18,1971-10-24,47.2261,2.6778,AI,0.765,fourier_country_k1
GHA,1971,43,1971-10-25,1971-10-31,49.9117,2.83,AI,0.765,fourier_country_k1
GHA,1971,44,1971-11-01,1971-11-07,52.4399,2.9734,AI,0.765,fourier_country_k1
GHA,1971,45,1971-11-08,1971-11-14,28.0202,2.1371,AI,0.765,fourier_country_k1
GHA,1971,46,1971-11-15,1971-11-21,29.0973,2.2193,AI,0.765,fourier_country_k1
GHA,1971,47,1971-11-22,1971-11-28,30.042,2.2913,AI,0.765,fourier_country_k1
GHA,1971,48,1971-11-29,1971-12-05,30.8405,2.3522,AI,0.765,fourier_country_k1
GHA,1971,49,1971-12-06,1971-12-12,21.6326,0.9833,AI,0.765,fourier_country_k1
GHA,1971,50,1971-12-13,1971-12-19,21.9578,0.9981,AI,0.765,fourier_country_k1
GHA,1971,51,1971-12-20,1971-12-26,22.1634,1.0074,AI,0.765,fourier_country_k1
GHA,1971,52,1971-12-27,1972-01-02,22.2463,1.0112,AI,0.765,fourier_country_k1
GHA,1972,1,1972-01-03,1972-01-09,20.0812,1.5252,AI,0.765,fourier_country_k1
GHA,1972,2,1972-01-10,1972-01-16,19.9326,1.5139,AI,0.765,fourier_country_k1
GHA,1972,3,1972-01-17,1972-01-23,19.6748,1.4943,AI,0.765,fourier_country_k1
GHA,1972,4,1972-01-24,1972-01-30,19.3114,1.4667,AI,0.765,fourier_country_k1
GHA,1972,5,1972-01-31,1972-02-06,23.3902,1.3141,AI,0.765,fourier_country_k1
GHA,1972,6,1972-02-07,1972-02-13,22.6988,1.2752,AI,0.765,fourier_country_k1
GHA,1972,7,1972-02-14,1972-02-20,21.9014,1.2304,AI,0.765,fourier_country_k1
GHA,1972,8,1972-02-21,1972-02-27,21.0097,1.1803,AI,0.765,fourier_country_k1
GHA,1972,9,1972-02-28,1972-03-05,24.7353,1.9027,AI,0.765,fourier_country_k1
GHA,1972,10,1972-03-06,1972-03-12,23.4513,1.8039,AI,0.765,fourier_country_k1
GHA,1972,11,1972-03-13,1972-03-19,22.1031,1.7002,AI,0.765,fourier_country_k1
GHA,1972,12,1972-03-20,1972-03-26,20.7104,1.5931,AI,0.765,fourier_country_k1
GHA,1972,13,1972-03-27,1972-04-02,15.1561,0.842,AI,0.765,fourier_country_k1
GHA,1972,14,1972-04-03,1972-04-09,14.0404,0.78,AI,0.765,fourier_country_k1
GHA,1972,15,1972-04-10,1972-04-16,12.9381,0.7188,AI,0.765,fourier_country_k1
GHA,1972,16,1972-04-17,1972-04-23,11.8654,0.6592,AI,0.765,fourier_country_k1
GHA,1972,17,1972-04-24,1972-04-30,10.5922,0.2863,AI,0.765,fourier_country_k1
GHA,1972,18,1972-05-01,1972-05-07,9.6469,0.2607,AI,0.765,fourier_country_k1
GHA,1972,19,1972-05-08,1972-05-14,8.7742,0.2371,AI,0.765,fourier_country_k1
GHA,1972,20,1972-05-15,1972-05-21,7.9868,0.2159,AI,0.765,fourier_country_k1
GHA,1972,21,1972-05-22,1972-05-28,7.5329,0.279,AI,0.765,fourier_country_k1
GHA,1972,22,1972-05-29,1972-06-04,6.9303,0.2567,AI,0.765,fourier_country_k1
GHA,1972,23,1972-06-05,1972-06-11,6.447,0.2388,AI,0.765,fourier_country_k1
GHA,1972,24,1972-06-12,1972-06-18,6.0898,0.2255,AI,0.765,fourier_country_k1
GHA,1972,25,1972-06-19,1972-06-25,18.7522,0.0,AI,0.765,fourier_country_k1
GHA,1972,26,1972-06-26,1972-07-02,18.4611,0.0,AI,0.765,fourier_country_k1
GHA,1972,27,1972-07-03,1972-07-09,18.605,0.0,AI,0.765,fourier_country_k1
GHA,1972,28,1972-07-10,1972-07-16,19.1817,0.0,AI,0.765,fourier_country_k1
GHA,1972,29,1972-07-17,1972-07-23,11.7899,1.7796,AI,0.63,fourier_country_k1
GHA,1972,30,1972-07-24,1972-07-30,12.6142,1.904,AI,0.63,fourier_country_k1
GHA,1972,31,1972-07-31,1972-08-06,13.666,2.0628,AI,0.63,fourier_country_k1
GHA,1972,32,1972-08-07,1972-08-13,14.9299,2.2536,AI,0.63,fourier_country_k1
GHA,1972,33,1972-08-14,1972-08-20,2.1591,0.0,AI,0.765,fourier_country_k1
GHA,1972,34,1972-08-21,1972-08-27,2.3739,0.0,AI,0.765,fourier_country_k1
GHA,1972,35,1972-08-28,1972-09-03,2.6082,0.0,AI,0.765,fourier_country_k1
GHA,1972,36,1972-09-04,1972-09-10,2.8587,0.0,AI,0.765,fourier_country_k1
GHA,1972,37,1972-09-11,1972-09-17,10.8241,0.0,AI,0.765,fourier_country_k1
GHA,1972,38,1972-09-18,1972-09-24,11.7661,0.0,AI,0.765,fourier_country_k1
GHA,1972,39,1972-09-25,1972-10-01,12.7245,0.0,AI,0.765,fourier_country_k1
GHA,1972,40,1972-10-02,1972-10-08,13.6853,0.0,AI,0.765,fourier_country_k1
GHA,1972,41,1972-10-09,1972-10-15,2.0608,0.0,AI,0.765,fourier_country_k1
GHA,1972,42,1972-10-16,1972-10-22,2.1909,0.0,AI,0.765,fourier_country_k1
GHA,1972,43,1972-10-23,1972-10-29,2.3155,0.0,AI,0.765,fourier_country_k1
GHA,1972,44,1972-10-30,1972-11-05,2.4328,0.0,AI,0.765,fourier_country_k1
GHA,1972,45,1972-11-06,1972-11-12,7.5987,0.0,AI,0.765,fourier_country_k1
GHA,1972,46,1972-11-13,1972-11-19,7.8908,0.0,AI,0.765,fourier_country_k1
GHA,1972,47,1972-11-20,1972-11-26,8.147,0.0,AI,0.765,fourier_country_k1
GHA,1972,48,1972-11-27,1972-12-03,8.3635,0.0,AI,0.765,fourier_country_k1
GHA,1972,49,1972-12-04,1972-12-10,3.4415,0.2458,AI,0.765,fourier_country_k1
GHA,1972,50,1972-12-11,1972-12-17,3.4933,0.2495,AI,0.765,fourier_country_k1
GHA,1972,51,1972-12-18,1972-12-24,3.526,0.2519,AI,0.765,fourier_country_k1
GHA,1972,52,1972-12-25,1972-12-31,3.5392,0.2528,AI,0.765,fourier_country_k1
GHA,1973,1,1973-01-01,1973-01-07,20.3896,1.1746,JHU,0.5,fourier_country_k1
GHA,1973,2,1973-01-08,1973-01-14,20.2388,1.1659,JHU,0.5,fourier_country_k1
GHA,1973,3,1973-01-15,1973-01-21,19.977,1.1508,JHU,0.5,fourier_country_k1
GHA,1973,4,1973-01-22,1973-01-28,19.608,1.1296,JHU,0.5,fourier_country_k1
GHA,1973,5,1973-01-29,1973-02-04,19.1372,1.1024,JHU,0.5,fourier_country_k1
GHA,1973,6,1973-02-05,1973-02-11,18.5715,1.0698,JHU,0.5,fourier_country_k1
GHA,1973,7,1973-02-12,1973-02-18,17.9191,1.0323,JHU,0.5,fourier_country_k1
GHA,1973,8,1973-02-19,1973-02-25,17.1895,0.9902,JHU,0.5,fourier_country_k1
GHA,1973,9,1973-02-26,1973-03-04,16.3934,0.9444,JHU,0.5,fourier_country_k1
GHA,1973,10,1973-03-05,1973-03-11,15.5424,0.8954,JHU,0.5,fourier_country_k1
GHA,1973,11,1973-03-12,1973-03-18,14.6489,0.8439,JHU,0.5,fourier_country_k1
GHA,1973,12,1973-03-19,1973-03-25,13.7259,0.7907,JHU,0.5,fourier_country_k1
GHA,1973,13,1973-03-26,1973-04-01,12.7869,0.7366,JHU,0.5,fourier_country_k1
GHA,1973,14,1973-04-02,1973-04-08,11.8455,0.6824,JHU,0.5,fourier_country_k1
GHA,1973,15,1973-04-09,1973-04-15,10.9155,0.6288,JHU,0.5,fourier_country_k1
GHA,1973,16,1973-04-16,1973-04-22,10.0105,0.5767,JHU,0.5,fourier_country_k1
GHA,1973,17,1973-04-23,1973-04-29,9.1437,0.5267,JHU,0.5,fourier_country_k1
GHA,1973,18,1973-04-30,1973-05-06,8.3276,0.4797,JHU,0.5,fourier_country_k1
GHA,1973,19,1973-05-07,1973-05-13,7.5743,0.4363,JHU,0.5,fourier_country_k1
GHA,1973,20,1973-05-14,1973-05-20,6.8946,0.3972,JHU,0.5,fourier_country_k1
GHA,1973,21,1973-05-21,1973-05-27,6.2985,0.3628,JHU,0.5,fourier_country_k1
GHA,1973,22,1973-05-28,1973-06-03,5.7947,0.3338,JHU,0.5,fourier_country_k1
GHA,1973,23,1973-06-04,1973-06-10,5.3906,0.3105,JHU,0.5,fourier_country_k1
GHA,1973,24,1973-06-11,1973-06-17,5.0919,0.2933,JHU,0.5,fourier_country_k1
GHA,1973,25,1973-06-18,1973-06-24,4.9032,0.2825,JHU,0.5,fourier_country_k1
GHA,1973,26,1973-06-25,1973-07-01,4.8271,0.2781,JHU,0.5,fourier_country_k1
GHA,1973,27,1973-07-02,1973-07-08,4.8647,0.2802,JHU,0.5,fourier_country_k1
GHA,1973,28,1973-07-09,1973-07-15,5.0155,0.2889,JHU,0.5,fourier_country_k1
GHA,1973,29,1973-07-16,1973-07-22,5.2773,0.304,JHU,0.5,fourier_country_k1
GHA,1973,30,1973-07-23,1973-07-29,5.6463,0.3253,JHU,0.5,fourier_country_k1
GHA,1973,31,1973-07-30,1973-08-05,6.1171,0.3524,JHU,0.5,fourier_country_k1
GHA,1973,32,1973-08-06,1973-08-12,6.6828,0.385,JHU,0.5,fourier_country_k1
GHA,1973,33,1973-08-13,1973-08-19,7.3352,0.4226,JHU,0.5,fourier_country_k1
GHA,1973,34,1973-08-20,1973-08-26,8.0647,0.4646,JHU,0.5,fourier_country_k1
GHA,1973,35,1973-08-27,1973-09-02,8.8608,0.5104,JHU,0.5,fourier_country_k1
GHA,1973,36,1973-09-03,1973-09-09,9.7118,0.5595,JHU,0.5,fourier_country_k1
GHA,1973,37,1973-09-10,1973-09-16,10.6054,0.6109,JHU,0.5,fourier_country_k1
GHA,1973,38,1973-09-17,1973-09-23,11.5284,0.6641,JHU,0.5,fourier_country_k1
GHA,1973,39,1973-09-24,1973-09-30,12.4674,0.7182,JHU,0.5,fourier_country_k1
GHA,1973,40,1973-10-01,1973-10-07,13.4088,0.7724,JHU,0.5,fourier_country_k1
GHA,1973,41,1973-10-08,1973-10-14,14.3387,0.826,JHU,0.5,fourier_country_k1
GHA,1973,42,1973-10-15,1973-10-21,15.2437,0.8781,JHU,0.5,fourier_country_k1
GHA,1973,43,1973-10-22,1973-10-28,16.1106,0.9281,JHU,0.5,fourier_country_k1
GHA,1973,44,1973-10-29,1973-11-04,16.9266,0.9751,JHU,0.5,fourier_country_k1
GHA,1973,45,1973-11-05,1973-11-11,17.68,1.0185,JHU,0.5,fourier_country_k1
GHA,1973,46,1973-11-12,1973-11-18,18.3596,1.0576,JHU,0.5,fourier_country_k1
GHA,1973,47,1973-11-19,1973-11-25,18.9557,1.092,JHU,0.5,fourier_country_k1
GHA,1973,48,1973-11-26,1973-12-02,19.4595,1.121,JHU,0.5,fourier_country_k1
GHA,1973,49,1973-12-03,1973-12-09,19.8637,1.1443,JHU,0.5,fourier_country_k1
GHA,1973,50,1973-12-10,1973-12-16,20.1623,1.1615,JHU,0.5,fourier_country_k1
GHA,1973,51,1973-12-17,1973-12-23,20.3511,1.1724,JHU,0.5,fourier_country_k1
GHA,1973,52,1973-12-24,1973-12-30,20.4272,1.1768,JHU,0.5,fourier_country_k1
GHA,1974,1,1973-12-31,1974-01-06,20.3896,1.1746,JHU,0.5,fourier_country_k1
GHA,1974,2,1974-01-07,1974-01-13,6.6642,,AI,0.675,fourier_country_k1
GHA,1974,3,1974-01-14,1974-01-20,6.578,,AI,0.675,fourier_country_k1
GHA,1974,4,1974-01-21,1974-01-27,6.4565,,AI,0.675,fourier_country_k1
GHA,1974,5,1974-01-28,1974-02-03,6.3014,,AI,0.675,fourier_country_k1
GHA,1974,6,1974-02-04,1974-02-10,15.1066,,AI,0.675,fourier_country_k1
GHA,1974,7,1974-02-11,1974-02-17,14.5759,,AI,0.675,fourier_country_k1
GHA,1974,8,1974-02-18,1974-02-24,13.9825,,AI,0.675,fourier_country_k1
GHA,1974,9,1974-02-25,1974-03-03,13.3349,,AI,0.675,fourier_country_k1
GHA,1974,10,1974-03-04,1974-03-10,19.4609,,AI,0.675,fourier_country_k1
GHA,1974,11,1974-03-11,1974-03-17,18.3421,,AI,0.675,fourier_country_k1
GHA,1974,12,1974-03-18,1974-03-24,17.1864,,AI,0.675,fourier_country_k1
GHA,1974,13,1974-03-25,1974-03-31,16.0106,,AI,0.675,fourier_country_k1
GHA,1974,14,1974-04-01,1974-04-07,16.6737,,AI,0.675,fourier_country_k1
GHA,1974,15,1974-04-08,1974-04-14,15.3647,,AI,0.675,fourier_country_k1
GHA,1974,16,1974-04-15,1974-04-21,14.0908,,AI,0.675,fourier_country_k1
GHA,1974,17,1974-04-22,1974-04-28,12.8707,,AI,0.675,fourier_country_k1
GHA,1974,18,1974-04-29,1974-05-05,6.2969,,AI,0.675,fourier_country_k1
GHA,1974,19,1974-05-06,1974-05-12,5.7272,,AI,0.675,fourier_country_k1
GHA,1974,20,1974-05-13,1974-05-19,5.2133,,AI,0.675,fourier_country_k1
GHA,1974,21,1974-05-20,1974-05-26,4.7626,,AI,0.675,fourier_country_k1
GHA,1974,22,1974-05-27,1974-06-02,3.0095,,AI,0.675,fourier_country_k1
GHA,1974,23,1974-06-03,1974-06-09,2.7996,,AI,0.675,fourier_country_k1
GHA,1974,24,1974-06-10,1974-06-16,2.6445,,AI,0.675,fourier_country_k1
GHA,1974,25,1974-06-17,1974-06-23,12.6088,1.1821,AI,0.72,fourier_country_k1
GHA,1974,26,1974-06-24,1974-06-30,12.413,1.1637,AI,0.72,fourier_country_k1
GHA,1974,27,1974-07-01,1974-07-07,12.5098,1.1728,AI,0.72,fourier_country_k1
GHA,1974,28,1974-07-08,1974-07-14,12.8976,1.2091,AI,0.72,fourier_country_k1
GHA,1974,29,1974-07-15,1974-07-21,13.5708,1.2723,AI,0.72,fourier_country_k1
GHA,1974,30,1974-07-22,1974-07-28,9.1983,,AI,0.675,fourier_country_k1
GHA,1974,31,1974-07-29,1974-08-04,9.9652,,AI,0.675,fourier_country_k1
GHA,1974,32,1974-08-05,1974-08-11,10.8868,,AI,0.675,fourier_country_k1
GHA,1974,33,1974-08-12,1974-08-18,11.9496,,AI,0.675,fourier_country_k1
GHA,1974,34,1974-08-19,1974-08-25,18.0,4.0,AI,0.9,observed
GHA,1974,35,1974-08-26,1974-09-01,4.0,2.0,AI,0.9,observed
GHA,1974,36,1974-09-02,1974-09-08,7.0,1.0,AI,0.9,observed
GHA,1974,37,1974-09-09,1974-09-15,11.0,1.0,AI,0.9,observed
GHA,1974,38,1974-09-16,1974-09-22,7.0,2.0,AI,0.9,observed
GHA,1974,39,1974-09-23,1974-09-29,7.0,0.0,AI,0.9,observed
GHA,1974,40,1974-09-30,1974-10-06,7.3338,4.072,JHU,0.9,fourier_country_k1
GHA,1974,41,1974-10-07,1974-10-13,6.0,0.0,AI,0.9,observed
GHA,1974,42,1974-10-14,1974-10-20,2.0,2.0,AI,0.9,observed
GHA,1974,43,1974-10-21,1974-10-27,1.0,0.0,AI,0.9,observed
GHA,1974,44,1974-10-28,1974-11-03,10.0,2.0,AI,0.9,observed
GHA,1974,45,1974-11-04,1974-11-10,4.0,0.0,AI,0.9,observed
GHA,1974,46,1974-11-11,1974-11-17,10.0417,5.5756,JHU,0.9,fourier_country_k1
GHA,1974,47,1974-11-18,1974-11-24,1.0,0.0,AI,0.9,observed
GHA,1974,48,1974-11-25,1974-12-01,3.0,0.0,AI,0.9,observed
GHA,1974,49,1974-12-02,1974-12-08,2.0,0.0,AI,0.9,observed
GHA,1974,50,1974-12-09,1974-12-15,1.0,,AI,0.7,observed
GHA,1974,51,1974-12-16,1974-12-22,6.0,0.0,AI,0.9,observed
GHA,1974,52,1974-12-23,1974-12-29,11.1725,6.2034,JHU,0.9,fourier_country_k1
GHA,1975,1,1974-12-30,1975-01-05,2.0,0.0,AI,0.9,observed
GHA,1975,2,1975-01-06,1975-01-12,2.0,0.0,AI,0.9,observed
GHA,1975,3,1975-01-13,1975-01-19,1.0,0.0,AI,0.9,observed
GHA,1975,4,1975-01-20,1975-01-26,2.0,0.0,AI,0.9,observed
GHA,1975,5,1975-01-27,1975-02-02,4.2444,0.0,JHU,0.9,fourier_country_k1
GHA,1975,6,1975-02-03,1975-02-09,3.4454,0.0,AI,0.765,fourier_country_k1
GHA,1975,7,1975-02-10,1975-02-16,3.3243,0.0,AI,0.765,fourier_country_k1
GHA,1975,8,1975-02-17,1975-02-23,3.189,0.0,AI,0.765,fourier_country_k1
GHA,1975,9,1975-02-24,1975-03-02,3.0413,0.0,AI,0.765,fourier_country_k1
GHA,1975,10,1975-03-03,1975-03-09,5.756,0.5482,AI,0.765,fourier_country_k1
GHA,1975,11,1975-03-10,1975-03-16,5.4251,0.5167,AI,0.765,fourier_country_k1
GHA,1975,12,1975-03-17,1975-03-23,5.0833,0.4841,AI,0.765,fourier_country_k1
GHA,1975,13,1975-03-24,1975-03-30,4.7355,0.451,AI,0.765,fourier_country_k1
GHA,1975,14,1975-03-31,1975-04-06,3.1087,0.5652,AI,0.765,fourier_country_k1
GHA,1975,15,1975-04-07,1975-04-13,2.8646,0.5208,AI,0.765,fourier_country_k1
GHA,1975,16,1975-04-14,1975-04-20,2.6271,0.4777,AI,0.765,fourier_country_k1
GHA,1975,17,1975-04-21,1975-04-27,2.3996,0.4363,AI,0.765,fourier_country_k1
GHA,1975,18,1975-04-28,1975-05-04,5.2369,3.1421,AI,0.63,fourier_country_k1
GHA,1975,19,1975-05-05,1975-05-11,4.7631,2.8579,AI,0.63,fourier_country_k1
GHA,1975,20,1975-05-12,1975-05-18,5.0,0.0,AI,0.9,observed
GHA,1975,21,1975-05-19,1975-05-25,15.0,0.0,AI,0.9,observed
GHA,1975,22,1975-05-26,1975-06-01,7.0,0.0,AI,0.9,observed
GHA,1975,23,1975-06-02,1975-06-08,7.0,0.0,AI,0.9,observed
GHA,1975,24,1975-06-09,1975-06-15,9.0,0.0,AI,0.9,observed
GHA,1975,25,1975-06-16,1975-06-22,1.0875,0.0,JHU,0.9,fourier_country_k1
GHA,1975,26,1975-06-23,1975-06-29,8.5335,0.0,AI,0.765,fourier_country_k1
GHA,1975,27,1975-06-30,1975-07-06,8.6,0.0,AI,0.765,fourier_country_k1
GHA,1975,28,1975-07-07,1975-07-13,8.8666,0.0,AI,0.765,fourier_country_k1
GHA,1975,29,1975-07-14,1975-07-20,3.0,0.0,AI,0.9,observed
GHA,1975,30,1975-07-21,1975-07-27,3.0,0.0,AI,0.9,observed
GHA,1975,31,1975-07-28,1975-08-03,8.0,0.0,AI,0.9,observed
GHA,1975,32,1975-08-04,1975-08-10,2.0,0.0,AI,0.9,observed
GHA,1975,33,1975-08-11,1975-08-17,2.0,0.0,AI,0.9,observed
GHA,1975,34,1975-08-18,1975-08-24,3.0,0.0,AI,0.9,observed
GHA,1975,35,1975-08-25,1975-08-31,1.0,0.0,AI,0.9,observed
GHA,1975,36,1975-09-01,1975-09-07,2.0,0.0,AI,0.9,observed
GHA,1975,37,1975-09-08,1975-09-14,2.3522,0.0,JHU,0.9,fourier_country_k1
GHA,1975,38,1975-09-15,1975-09-21,0.0,0.0,AI,0.6,inferred_zero
GHA,1975,39,1975-09-22,1975-09-28,0.0,0.0,AI,0.6,inferred_zero
GHA,1975,40,1975-09-29,1975-10-05,2.0,0.0,AI,0.85,observed
GHA,1975,41,1975-10-06,1975-10-12,0.0,0.0,AI,0.6,inferred_zero
GHA,1975,42,1975-10-13,1975-10-19,1.0,0.0,AI,0.85,observed
GHA,1975,43,1975-10-20,1975-10-26,0.6353,0.0,AI,0.765,fourier_country_k1
GHA,1975,44,1975-10-27,1975-11-02,0.6675,0.0,AI,0.765,fourier_country_k1
GHA,1975,45,1975-11-03,1975-11-09,0.6972,0.0,AI,0.765,fourier_country_k1
GHA,1975,46,1975-11-10,1975-11-16,6.0,0.0,AI,0.85,observed
GHA,1975,47,1975-11-17,1975-11-23,7.0,0.0,AI,0.85,observed
GHA,1975,48,1975-11-24,1975-11-30,4.3159,0.0,JHU,0.9,fourier_country_k1
GHA,1975,49,1975-12-01,1975-12-07,1.0,0.0,AI,0.85,observed
GHA,1975,50,1975-12-08,1975-12-14,0.2479,0.0,AI,0.765,fourier_country_k1
GHA,1975,51,1975-12-15,1975-12-21,0.2502,0.0,AI,0.765,fourier_country_k1
GHA,1975,52,1975-12-22,1975-12-28,0.2512,0.0,AI,0.765,fourier_country_k1
GHA,1976,1,1975-12-29,1976-01-04,0.2507,0.0,AI,0.765,fourier_country_k1
GHA,1976,2,1976-01-05,1976-01-11,0.186,,AI,0.64,fourier_country_k1
GHA,1976,3,1976-01-12,1976-01-18,0.1836,,AI,0.64,fourier_country_k1
GHA,1976,4,1976-01-19,1976-01-25,0.1802,,AI,0.64,fourier_country_k1
GHA,1976,5,1976-01-26,1976-02-01,0.1759,,AI,0.64,fourier_country_k1
GHA,1976,6,1976-02-02,1976-02-08,0.1707,,AI,0.64,fourier_country_k1
GHA,1976,7,1976-02-09,1976-02-15,0.1647,,AI,0.64,fourier_country_k1
GHA,1976,8,1976-02-16,1976-02-22,0.158,,AI,0.64,fourier_country_k1
GHA,1976,9,1976-02-23,1976-02-29,0.1507,,AI,0.64,fourier_country_k1
GHA,1976,10,1976-03-01,1976-03-07,0.1429,,AI,0.64,fourier_country_k1
GHA,1976,11,1976-03-08,1976-03-14,0.1347,,AI,0.64,fourier_country_k1
GHA,1976,12,1976-03-15,1976-03-21,0.1262,,AI,0.64,fourier_country_k1
GHA,1976,13,1976-03-22,1976-03-28,0.1175,,AI,0.64,fourier_country_k1
GHA,1976,14,1976-03-29,1976-04-04,0.1089,,AI,0.64,fourier_country_k1
GHA,1976,15,1976-04-05,1976-04-11,2.4861,0.0,JHU,0.5,fourier_country_k1
GHA,1976,16,1976-04-12,1976-04-18,2.28,0.0,JHU,0.5,fourier_country_k1
GHA,1976,17,1976-04-19,1976-04-25,2.0825,0.0,JHU,0.5,fourier_country_k1
GHA,1976,18,1976-04-26,1976-05-02,1.8967,0.0,JHU,0.5,fourier_country_k1
GHA,1976,19,1976-05-03,1976-05-09,1.7251,0.0,JHU,0.5,fourier_country_k1
GHA,1976,20,1976-05-10,1976-05-16,1.5703,0.0,JHU,0.5,fourier_country_k1
GHA,1976,21,1976-05-17,1976-05-23,1.4345,0.0,JHU,0.5,fourier_country_k1
GHA,1976,22,1976-05-24,1976-05-30,1.3198,0.0,JHU,0.5,fourier_country_k1
GHA,1976,23,1976-05-31,1976-06-06,1.2277,0.0,JHU,0.5,fourier_country_k1
GHA,1976,24,1976-06-07,1976-06-13,1.1597,0.0,JHU,0.5,fourier_country_k1
GHA,1976,25,1976-06-14,1976-06-20,1.1167,0.0,JHU,0.5,fourier_country_k1
GHA,1976,26,1976-06-21,1976-06-27,1.0994,0.0,JHU,0.5,fourier_country_k1
GHA,1976,27,1976-06-28,1976-07-04,1.108,0.0,JHU,0.5,fourier_country_k1
GHA,1976,28,1976-07-05,1976-07-11,1.1423,0.0,JHU,0.5,fourier_country_k1
GHA,1976,29,1976-07-12,1976-07-18,1.2019,0.0,JHU,0.5,fourier_country_k1
GHA,1976,30,1976-07-19,1976-07-25,1.286,0.0,JHU,0.5,fourier_country_k1
GHA,1976,31,1976-07-26,1976-08-01,1.3932,0.0,JHU,0.5,fourier_country_k1
GHA,1976,32,1976-08-02,1976-08-08,1.522,0.0,JHU,0.5,fourier_country_k1
GHA,1976,33,1976-08-09,1976-08-15,1.6706,0.0,JHU,0.5,fourier_country_k1
GHA,1976,34,1976-08-16,1976-08-22,1.8368,0.0,JHU,0.5,fourier_country_k1
GHA,1976,35,1976-08-23,1976-08-29,2.0181,0.0,JHU,0.5,fourier_country_k1
GHA,1976,36,1976-08-30,1976-09-05,2.2119,0.0,JHU,0.5,fourier_country_k1
GHA,1976,37,1976-09-06,1976-09-12,2.4154,0.0,JHU,0.5,fourier_country_k1
GHA,1976,38,1976-09-13,1976-09-19,2.6257,0.0,JHU,0.5,fourier_country_k1
GHA,1976,39,1976-09-20,1976-09-26,2.8395,0.0,JHU,0.5,fourier_country_k1
GHA,1976,40,1976-09-27,1976-10-03,3.0539,0.0,JHU,0.5,fourier_country_k1
GHA,1976,41,1976-10-04,1976-10-10,3.2657,0.0,JHU,0.5,fourier_country_k1
GHA,1976,42,1976-10-11,1976-10-17,3.4719,0.0,JHU,0.5,fourier_country_k1
GHA,1976,43,1976-10-18,1976-10-24,3.6693,0.0,JHU,0.5,fourier_country_k1
GHA,1976,44,1976-10-25,1976-10-31,3.8552,0.0,JHU,0.5,fourier_country_k1
GHA,1976,45,1976-11-01,1976-11-07,4.0267,0.0,JHU,0.5,fourier_country_k1
GHA,1976,46,1976-11-08,1976-11-14,4.1815,0.0,JHU,0.5,fourier_country_k1
GHA,1976,47,1976-11-15,1976-11-21,4.3173,0.0,JHU,0.5,fourier_country_k1
GHA,1976,48,1976-11-22,1976-11-28,4.432,0.0,JHU,0.5,fourier_country_k1
GHA,1976,49,1976-11-29,1976-12-05,4.5241,0.0,JHU,0.5,fourier_country_k1
GHA,1976,50,1976-12-06,1976-12-12,4.5921,0.0,JHU,0.5,fourier_country_k1
GHA,1976,51,1976-12-13,1976-12-19,4.6351,0.0,JHU,0.5,fourier_country_k1
GHA,1976,52,1976-12-20,1976-12-26,4.6524,0.0,JHU,0.5,fourier_country_k1
GHA,1976,53,1976-12-27,1977-01-02,4.6524,0.0,JHU,0.5,fourier_country_k1
GHA,1977,1,1977-01-03,1977-01-09,16.0507,1.6298,AI,0.4,fourier_country_k1
GHA,1977,2,1977-01-10,1977-01-16,15.932,1.6177,AI,0.4,fourier_country_k1
GHA,1977,3,1977-01-17,1977-01-23,15.7259,1.5968,AI,0.4,fourier_country_k1
GHA,1977,4,1977-01-24,1977-01-30,15.4354,1.5673,AI,0.4,fourier_country_k1
GHA,1977,5,1977-01-31,1977-02-06,15.0648,1.5297,AI,0.4,fourier_country_k1
GHA,1977,6,1977-02-07,1977-02-13,14.6195,1.4844,AI,0.4,fourier_country_k1
GHA,1977,7,1977-02-14,1977-02-20,14.1059,1.4323,AI,0.4,fourier_country_k1
GHA,1977,8,1977-02-21,1977-02-27,13.5316,1.374,AI,0.4,fourier_country_k1
GHA,1977,9,1977-02-28,1977-03-06,12.9049,1.3103,AI,0.4,fourier_country_k1
GHA,1977,10,1977-03-07,1977-03-13,12.235,1.2423,AI,0.4,fourier_country_k1
GHA,1977,11,1977-03-14,1977-03-20,11.5316,1.1709,AI,0.4,fourier_country_k1
GHA,1977,12,1977-03-21,1977-03-27,10.805,1.0971,AI,0.4,fourier_country_k1
GHA,1977,13,1977-03-28,1977-04-03,10.0658,1.0221,AI,0.4,fourier_country_k1
GHA,1977,14,1977-04-04,1977-04-10,9.3248,0.9468,AI,0.4,fourier_country_k1
GHA,1977,15,1977-04-11,1977-04-17,8.5927,0.8725,AI,0.4,fourier_country_k1
GHA,1977,16,1977-04-18,1977-04-24,7.8803,0.8002,AI,0.4,fourier_country_k1
GHA,1977,17,1977-04-25,1977-05-01,7.1979,0.7309,AI,0.4,fourier_country_k1
GHA,1977,18,1977-05-02,1977-05-08,6.5555,0.6656,AI,0.4,fourier_country_k1
GHA,1977,19,1977-05-09,1977-05-15,5.9625,0.6054,AI,0.4,fourier_country_k1
GHA,1977,20,1977-05-16,1977-05-22,5.4274,0.5511,AI,0.4,fourier_country_k1
GHA,1977,21,1977-05-23,1977-05-29,4.9582,0.5034,AI,0.4,fourier_country_k1
GHA,1977,22,1977-05-30,1977-06-05,4.5616,0.4632,AI,0.4,fourier_country_k1
GHA,1977,23,1977-06-06,1977-06-12,4.2435,0.4309,AI,0.4,fourier_country_k1
GHA,1977,24,1977-06-13,1977-06-19,4.0084,0.407,AI,0.4,fourier_country_k1
GHA,1977,25,1977-06-20,1977-06-26,3.8598,0.3919,AI,0.4,fourier_country_k1
GHA,1977,26,1977-06-27,1977-07-03,3.7999,0.3858,AI,0.4,fourier_country_k1
GHA,1977,27,1977-07-04,1977-07-10,3.8295,0.3888,AI,0.4,fourier_country_k1
GHA,1977,28,1977-07-11,1977-07-17,3.9482,0.4009,AI,0.4,fourier_country_k1
GHA,1977,29,1977-07-18,1977-07-24,4.1543,0.4218,AI,0.4,fourier_country_k1
GHA,1977,30,1977-07-25,1977-07-31,4.4447,0.4513,AI,0.4,fourier_country_k1
GHA,1977,31,1977-08-01,1977-08-07,4.8153,0.4889,AI,0.4,fourier_country_k1
GHA,1977,32,1977-08-08,1977-08-14,5.2607,0.5342,AI,0.4,fourier_country_k1
GHA,1977,33,1977-08-15,1977-08-21,5.7742,0.5863,AI,0.4,fourier_country_k1
GHA,1977,34,1977-08-22,1977-08-28,6.3486,0.6446,AI,0.4,fourier_country_k1
GHA,1977,35,1977-08-29,1977-09-04,6.9752,0.7083,AI,0.4,fourier_country_k1
GHA,1977,36,1977-09-05,1977-09-11,7.6452,0.7763,AI,0.4,fourier_country_k1
GHA,1977,37,1977-09-12,1977-09-18,8.3485,0.8477,AI,0.4,fourier_country_k1
GHA,1977,38,1977-09-19,1977-09-25,9.0751,0.9215,AI,0.4,fourier_country_k1
GHA,1977,39,1977-09-26,1977-10-02,431.0,29.0,AI,0.9,observed
GHA,1977,40,1977-10-03,1977-10-09,483.0,29.0,AI,0.9,observed
GHA,1977,41,1977-10-10,1977-10-16,595.0,27.0,AI,0.9,observed
GHA,1977,42,1977-10-17,1977-10-23,631.0,24.0,AI,0.9,observed
GHA,1977,43,1977-10-24,1977-10-30,259.0,14.0,AI,0.9,observed
GHA,1977,44,1977-10-31,1977-11-06,375.0,8.0,AI,0.9,observed
GHA,1977,45,1977-11-07,1977-11-13,309.0,17.0,AI,0.9,observed
GHA,1977,46,1977-11-14,1977-11-20,443.0,15.0,AI,0.8,observed
GHA,1977,47,1977-11-21,1977-11-27,177.0,19.0,AI,0.9,observed
GHA,1977,48,1977-11-28,1977-12-04,608.0,26.0,AI,0.9,observed
GHA,1977,49,1977-12-05,1977-12-11,279.0,3.0,AI,0.9,observed
GHA,1977,50,1977-12-12,1977-12-18,306.0,16.0,AI,0.9,observed
GHA,1977,51,1977-12-19,1977-12-25,262.0,15.0,AI,0.9,observed
GHA,1977,52,1977-12-26,1978-01-01,182.0,5.0,AI,0.9,observed
GHA,1978,1,1978-01-02,1978-01-08,159.0,11.0,AI,0.9,observed
GHA,1978,2,1978-01-09,1978-01-15,67.0,2.0,AI,0.9,observed
GHA,1978,3,1978-01-16,1978-01-22,90.0,0.0,AI,0.9,observed
GHA,1978,4,1978-01-23,1978-01-29,34.0,5.0,AI,0.9,observed
GHA,1978,5,1978-01-30,1978-02-05,51.0,10.0,AI,0.7,observed
GHA,1978,6,1978-02-06,1978-02-12,61.0,3.0,AI,0.9,observed
GHA,1978,7,1978-02-13,1978-02-19,72.0,4.0,AI,0.9,observed
GHA,1978,8,1978-02-20,1978-02-26,0.0,0.0,none,0.5,assumed_zero
GHA,1978,9,1978-02-27,1978-03-05,105.0,2.0,AI,0.81,fourier_country_k1
GHA,1978,10,1978-03-06,1978-03-12,32.0,2.0,AI,0.9,observed
GHA,1978,11,1978-03-13,1978-03-19,44.0,2.0,AI,0.9,observed
GHA,1978,12,1978-03-20,1978-03-26,48.0,2.0,AI,0.9,observed
GHA,1978,13,1978-03-27,1978-04-02,18.0,2.0,AI,0.9,observed
GHA,1978,14,1978-04-03,1978-04-09,28.0,1.0,AI,0.9,observed
GHA,1978,15,1978-04-10,1978-04-16,25.0,2.0,AI,0.9,observed
GHA,1978,16,1978-04-17,1978-04-23,45.0,2.0,AI,0.9,observed
GHA,1978,17,1978-04-24,1978-04-30,33.0,5.0,AI,0.7,observed
GHA,1978,18,1978-05-01,1978-05-07,45.0,10.0,AI,0.7,observed
GHA,1978,19,1978-05-08,1978-05-14,30.0,1.0,AI,0.9,observed
GHA,1978,20,1978-05-15,1978-05-21,41.0,1.0,AI,0.9,observed
GHA,1978,21,1978-05-22,1978-05-28,0.0,0.0,none,0.5,assumed_zero
GHA,1978,22,1978-05-29,1978-06-04,0.0,0.0,none,0.5,assumed_zero
GHA,1978,23,1978-06-05,1978-06-11,39.1679,0.762,AI,0.72,fourier_country_k1
GHA,1978,24,1978-06-12,1978-06-18,36.998,0.7198,AI,0.72,fourier_country_k1
GHA,1978,25,1978-06-19,1978-06-25,35.6265,0.6931,AI,0.72,fourier_country_k1
GHA,1978,26,1978-06-26,1978-07-02,35.0734,0.6824,AI,0.72,fourier_country_k1
GHA,1978,27,1978-07-03,1978-07-09,35.3467,0.6877,AI,0.72,fourier_country_k1
GHA,1978,28,1978-07-10,1978-07-16,36.4425,0.709,AI,0.72,fourier_country_k1
GHA,1978,29,1978-07-17,1978-07-23,38.3448,0.746,AI,0.72,fourier_country_k1
GHA,1978,30,1978-07-24,1978-07-30,8.0,2.0,AI,0.7,observed
GHA,1978,31,1978-07-31,1978-08-06,17.0,2.0,AI,0.9,observed
GHA,1978,32,1978-08-07,1978-08-13,25.0,4.0,AI,0.7,observed
GHA,1978,33,1978-08-14,1978-08-20,0.0,0.0,none,0.5,assumed_zero
GHA,1978,34,1978-08-21,1978-08-27,15.0,1.0,AI,0.9,observed
GHA,1978,35,1978-08-28,1978-09-03,38.0,12.0,AI,0.7,observed
GHA,1978,36,1978-09-04,1978-09-10,16.0,1.0,AI,0.9,observed
GHA,1978,37,1978-09-11,1978-09-17,26.0,2.0,AI,0.9,observed
GHA,1978,38,1978-09-18,1978-09-24,10.0,0.0,AI,0.9,observed
GHA,1978,39,1978-09-25,1978-10-01,32.0,0.0,AI,0.9,observed
GHA,1978,40,1978-10-02,1978-10-08,16.0,1.0,AI,0.9,observed
GHA,1978,41,1978-10-09,1978-10-15,6.0,0.0,AI,0.9,observed
GHA,1978,42,1978-10-16,1978-10-22,18.0,2.0,AI,0.9,observed
GHA,1978,43,1978-10-23,1978-10-29,0.0,0.0,none,0.5,assumed_zero
GHA,1978,44,1978-10-30,1978-11-05,11.6982,1.1797,AI,0.72,fourier_country_k1
GHA,1978,45,1978-11-06,1978-11-12,12.2189,1.2322,AI,0.72,fourier_country_k1
GHA,1978,46,1978-11-13,1978-11-19,12.6886,1.2795,AI,0.72,fourier_country_k1
GHA,1978,47,1978-11-20,1978-11-26,13.1006,1.3211,AI,0.72,fourier_country_k1
GHA,1978,48,1978-11-27,1978-12-03,13.4487,1.3562,AI,0.72,fourier_country_k1
GHA,1978,49,1978-12-04,1978-12-10,13.7281,1.3843,AI,0.72,fourier_country_k1
GHA,1978,50,1978-12-11,1978-12-17,13.9345,1.4052,AI,0.72,fourier_country_k1
GHA,1978,51,1978-12-18,1978-12-24,14.0649,1.4183,AI,0.72,fourier_country_k1
GHA,1978,52,1978-12-25,1978-12-31,14.1175,1.4236,AI,0.72,fourier_country_k1
GHA,1979,1,1979-01-01,1979-01-07,71.8676,4.9216,AI,0.63,fourier_country_k1
GHA,1979,2,1979-01-08,1979-01-14,71.3361,4.8852,AI,0.63,fourier_country_k1
GHA,1979,3,1979-01-15,1979-01-21,70.4133,4.822,AI,0.63,fourier_country_k1
GHA,1979,4,1979-01-22,1979-01-28,69.1127,4.7329,AI,0.63,fourier_country_k1
GHA,1979,5,1979-01-29,1979-02-04,67.4533,4.6193,AI,0.63,fourier_country_k1
GHA,1979,6,1979-02-05,1979-02-11,65.4594,4.4827,AI,0.63,fourier_country_k1
GHA,1979,7,1979-02-12,1979-02-18,63.1599,4.3253,AI,0.63,fourier_country_k1
GHA,1979,8,1979-02-19,1979-02-25,60.5883,4.1492,AI,0.63,fourier_country_k1
GHA,1979,9,1979-02-26,1979-03-04,57.7823,3.957,AI,0.63,fourier_country_k1
GHA,1979,10,1979-03-05,1979-03-11,54.7827,3.7516,AI,0.63,fourier_country_k1
GHA,1979,11,1979-03-12,1979-03-18,51.6333,3.5359,AI,0.63,fourier_country_k1
GHA,1979,12,1979-03-19,1979-03-25,48.38,3.3131,AI,0.63,fourier_country_k1
GHA,1979,13,1979-03-26,1979-04-01,45.0701,3.0865,AI,0.63,fourier_country_k1
GHA,1979,14,1979-04-02,1979-04-08,41.7521,2.8592,AI,0.63,fourier_country_k1
GHA,1979,15,1979-04-09,1979-04-15,38.4742,2.6348,AI,0.63,fourier_country_k1
GHA,1979,16,1979-04-16,1979-04-22,35.2844,2.4163,AI,0.63,fourier_country_k1
GHA,1979,17,1979-04-23,1979-04-29,32.229,2.2071,AI,0.63,fourier_country_k1
GHA,1979,18,1979-04-30,1979-05-06,29.3526,2.0101,AI,0.63,fourier_country_k1
GHA,1979,19,1979-05-07,1979-05-13,26.6973,1.8283,AI,0.63,fourier_country_k1
GHA,1979,20,1979-05-14,1979-05-20,24.3016,1.6642,AI,0.63,fourier_country_k1
GHA,1979,21,1979-05-21,1979-05-27,22.2006,1.5203,AI,0.63,fourier_country_k1
GHA,1979,22,1979-05-28,1979-06-03,20.4248,1.3987,AI,0.63,fourier_country_k1
GHA,1979,23,1979-06-04,1979-06-10,19.0003,1.3012,AI,0.63,fourier_country_k1
GHA,1979,24,1979-06-11,1979-06-17,17.9477,1.2291,AI,0.63,fourier_country_k1
GHA,1979,25,1979-06-18,1979-06-24,17.2824,1.1835,AI,0.63,fourier_country_k1
GHA,1979,26,1979-06-25,1979-07-01,17.014,1.1651,AI,0.63,fourier_country_k1
GHA,1979,27,1979-07-02,1979-07-08,8.8535,0.4812,JHU,0.5,fourier_country_k1
GHA,1979,28,1979-07-09,1979-07-15,9.128,0.4961,JHU,0.5,fourier_country_k1
GHA,1979,29,1979-07-16,1979-07-22,9.6044,0.522,JHU,0.5,fourier_country_k1
GHA,1979,30,1979-07-23,1979-07-29,10.276,0.5585,JHU,0.5,fourier_country_k1
GHA,1979,31,1979-07-30,1979-08-05,11.1328,0.605,JHU,0.5,fourier_country_k1
GHA,1979,32,1979-08-06,1979-08-12,12.1624,0.661,JHU,0.5,fourier_country_k1
GHA,1979,33,1979-08-13,1979-08-19,13.3497,0.7255,JHU,0.5,fourier_country_k1
GHA,1979,34,1979-08-20,1979-08-26,14.6775,0.7977,JHU,0.5,fourier_country_k1
GHA,1979,35,1979-08-27,1979-09-02,16.1263,0.8764,JHU,0.5,fourier_country_k1
GHA,1979,36,1979-09-03,1979-09-09,17.6751,0.9606,JHU,0.5,fourier_country_k1
GHA,1979,37,1979-09-10,1979-09-16,19.3013,1.049,JHU,0.5,fourier_country_k1
GHA,1979,38,1979-09-17,1979-09-23,20.9811,1.1403,JHU,0.5,fourier_country_k1
GHA,1979,39,1979-09-24,1979-09-30,22.6901,1.2332,JHU,0.5,fourier_country_k1
GHA,1979,40,1979-10-01,1979-10-07,24.4034,1.3263,JHU,0.5,fourier_country_k1
GHA,1979,41,1979-10-08,1979-10-14,26.0959,1.4183,JHU,0.5,fourier_country_k1
GHA,1979,42,1979-10-15,1979-10-21,27.7429,1.5078,JHU,0.5,fourier_country_k1
GHA,1979,43,1979-10-22,1979-10-28,29.3206,1.5935,JHU,0.5,fourier_country_k1
GHA,1979,44,1979-10-29,1979-11-04,30.8057,1.6742,JHU,0.5,fourier_country_k1
GHA,1979,45,1979-11-05,1979-11-11,32.1768,1.7487,JHU,0.5,fourier_country_k1
GHA,1979,46,1979-11-12,1979-11-18,33.4138,1.816,JHU,0.5,fourier_country_k1
GHA,1979,47,1979-11-19,1979-11-25,34.4986,1.8749,JHU,0.5,fourier_country_k1
GHA,1979,48,1979-11-26,1979-12-02,35.4155,1.9248,JHU,0.5,fourier_country_k1
GHA,1979,49,1979-12-03,1979-12-09,36.1511,1.9647,JHU,0.5,fourier_country_k1
GHA,1979,50,1979-12-10,1979-12-16,36.6946,1.9943,JHU,0.5,fourier_country_k1
GHA,1979,51,1979-12-17,1979-12-23,37.0381,2.0129,JHU,0.5,fourier_country_k1
GHA,1979,52,1979-12-24,1979-12-30,37.1766,2.0205,JHU,0.5,fourier_country_k1
GHA,1980,1,1979-12-31,1980-01-06,37.1082,2.0167,JHU,0.5,fourier_country_k1
GHA,1980,2,1980-01-07,1980-01-13,10.9759,0.8371,AI,0.72,fourier_country_k1
GHA,1980,3,1980-01-14,1980-01-20,10.8339,0.8263,AI,0.72,fourier_country_k1
GHA,1980,4,1980-01-21,1980-01-27,10.6338,0.8111,AI,0.72,fourier_country_k1
GHA,1980,5,1980-01-28,1980-02-03,10.3785,0.7916,AI,0.72,fourier_country_k1
GHA,1980,6,1980-02-04,1980-02-10,10.0717,0.7682,AI,0.72,fourier_country_k1
GHA,1980,7,1980-02-11,1980-02-17,9.7179,0.7412,AI,0.72,fourier_country_k1
GHA,1980,8,1980-02-18,1980-02-24,9.3222,0.711,AI,0.72,fourier_country_k1
GHA,1980,9,1980-02-25,1980-03-02,8.8905,0.6781,AI,0.72,fourier_country_k1
GHA,1980,10,1980-03-03,1980-03-09,8.429,0.6429,AI,0.72,fourier_country_k1
GHA,1980,11,1980-03-10,1980-03-16,7.9444,0.6059,AI,0.72,fourier_country_k1
GHA,1980,12,1980-03-17,1980-03-23,7.4438,0.5677,AI,0.72,fourier_country_k1
GHA,1980,13,1980-03-24,1980-03-30,6.9346,0.5289,AI,0.72,fourier_country_k1
GHA,1980,14,1980-03-31,1980-04-06,6.424,0.49,AI,0.72,fourier_country_k1
GHA,1980,15,1980-04-07,1980-04-13,3.2733,0.0,AI,0.72,fourier_country_k1
GHA,1980,16,1980-04-14,1980-04-20,3.0019,0.0,AI,0.72,fourier_country_k1
GHA,1980,17,1980-04-21,1980-04-27,2.742,0.0,AI,0.72,fourier_country_k1
GHA,1980,18,1980-04-28,1980-05-04,2.4973,0.0,AI,0.72,fourier_country_k1
GHA,1980,19,1980-05-05,1980-05-11,2.2714,0.0,AI,0.72,fourier_country_k1
GHA,1980,20,1980-05-12,1980-05-18,2.0675,0.0,AI,0.72,fourier_country_k1
GHA,1980,21,1980-05-19,1980-05-25,1.8888,0.0,AI,0.72,fourier_country_k1
GHA,1980,22,1980-05-26,1980-06-01,1.7377,0.0,AI,0.72,fourier_country_k1
GHA,1980,23,1980-06-02,1980-06-08,1.6165,0.0,AI,0.72,fourier_country_k1
GHA,1980,24,1980-06-09,1980-06-15,1.527,0.0,AI,0.72,fourier_country_k1
GHA,1980,25,1980-06-16,1980-06-22,1.4703,0.0,AI,0.72,fourier_country_k1
GHA,1980,26,1980-06-23,1980-06-29,1.4475,0.0,AI,0.72,fourier_country_k1
GHA,1980,27,1980-06-30,1980-07-06,1.4588,0.0,AI,0.72,fourier_country_k1
GHA,1980,28,1980-07-07,1980-07-13,1.6527,0.1725,JHU,0.7,fourier_country_k1
GHA,1980,29,1980-07-14,1980-07-20,1.739,0.1815,JHU,0.7,fourier_country_k1
GHA,1980,30,1980-07-21,1980-07-27,1.8606,0.1941,JHU,0.7,fourier_country_k1
GHA,1980,31,1980-07-28,1980-08-03,2.0157,0.2103,JHU,0.7,fourier_country_k1
GHA,1980,32,1980-08-04,1980-08-10,2.2021,0.2298,JHU,0.7,fourier_country_k1
GHA,1980,33,1980-08-11,1980-08-17,2.4171,0.2522,JHU,0.7,fourier_country_k1
GHA,1980,34,1980-08-18,1980-08-24,2.6575,0.2773,JHU,0.7,fourier_country_k1
GHA,1980,35,1980-08-25,1980-08-31,2.9198,0.3047,JHU,0.7,fourier_country_k1
GHA,1980,36,1980-09-01,1980-09-07,3.2003,0.3339,JHU,0.7,fourier_country_k1
GHA,1980,37,1980-09-08,1980-09-14,3.4947,0.3647,JHU,0.7,fourier_country_k1
GHA,1980,38,1980-09-15,1980-09-21,3.7989,0.3964,JHU,0.7,fourier_country_k1
GHA,1980,39,1980-09-22,1980-09-28,4.1083,0.4287,JHU,0.7,fourier_country_k1
GHA,1980,40,1980-09-29,1980-10-05,4.4185,0.4611,JHU,0.7,fourier_country_k1
GHA,1980,41,1980-10-06,1980-10-12,4.7249,0.493,JHU,0.7,fourier_country_k1
GHA,1980,42,1980-10-13,1980-10-19,5.0232,0.5242,JHU,0.7,fourier_country_k1
GHA,1980,43,1980-10-20,1980-10-26,5.3088,0.554,JHU,0.7,fourier_country_k1
GHA,1980,44,1980-10-27,1980-11-02,5.5777,0.582,JHU,0.7,fourier_country_k1
GHA,1980,45,1980-11-03,1980-11-09,5.826,0.6079,JHU,0.7,fourier_country_k1
GHA,1980,46,1980-11-10,1980-11-16,6.0499,0.6313,JHU,0.7,fourier_country_k1
GHA,1980,47,1980-11-17,1980-11-23,6.2463,0.6518,JHU,0.7,fourier_country_k1
GHA,1980,48,1980-11-24,1980-11-30,6.4124,0.6691,JHU,0.7,fourier_country_k1
GHA,1980,49,1980-12-01,1980-12-07,6.5455,0.683,JHU,0.7,fourier_country_k1
GHA,1980,50,1980-12-08,1980-12-14,6.6439,0.6933,JHU,0.7,fourier_country_k1
GHA,1980,51,1980-12-15,1980-12-21,6.7061,0.6998,JHU,0.7,fourier_country_k1
GHA,1980,52,1980-12-22,1980-12-28,6.7312,0.7024,JHU,0.7,fourier_country_k1
GHA,1981,1,1980-12-29,1981-01-04,6.7188,0.7011,JHU,0.7,fourier_country_k1
GHA,1981,2,1981-01-05,1981-01-11,15.6583,0.8553,AI,0.63,fourier_country_k1
GHA,1981,3,1981-01-12,1981-01-18,15.4558,0.8442,AI,0.63,fourier_country_k1
GHA,1981,4,1981-01-19,1981-01-25,15.1703,0.8286,AI,0.63,fourier_country_k1
GHA,1981,5,1981-01-26,1981-02-01,14.8061,0.8087,AI,0.63,fourier_country_k1
GHA,1981,6,1981-02-02,1981-02-08,14.3684,0.7848,AI,0.63,fourier_country_k1
GHA,1981,7,1981-02-09,1981-02-15,13.8636,0.7573,AI,0.63,fourier_country_k1
GHA,1981,8,1981-02-16,1981-02-22,13.2992,0.7264,AI,0.63,fourier_country_k1
GHA,1981,9,1981-02-23,1981-03-01,12.6833,0.6928,AI,0.63,fourier_country_k1
GHA,1981,10,1981-03-02,1981-03-08,12.0249,0.6568,AI,0.63,fourier_country_k1
GHA,1981,11,1981-03-09,1981-03-15,11.3335,0.6191,AI,0.63,fourier_country_k1
GHA,1981,12,1981-03-16,1981-03-22,10.6194,0.5801,AI,0.63,fourier_country_k1
GHA,1981,13,1981-03-23,1981-03-29,9.8929,0.5404,AI,0.63,fourier_country_k1
GHA,1981,14,1981-03-30,1981-04-05,9.1646,0.5006,AI,0.63,fourier_country_k1
GHA,1981,15,1981-04-06,1981-04-12,8.4451,0.4613,AI,0.63,fourier_country_k1
GHA,1981,16,1981-04-13,1981-04-19,7.7449,0.423,AI,0.63,fourier_country_k1
GHA,1981,17,1981-04-20,1981-04-26,7.0743,0.3864,AI,0.63,fourier_country_k1
GHA,1981,18,1981-04-27,1981-05-03,6.4429,0.3519,AI,0.63,fourier_country_k1
GHA,1981,19,1981-05-04,1981-05-10,5.8601,0.3201,AI,0.63,fourier_country_k1
GHA,1981,20,1981-05-11,1981-05-17,5.3342,0.2914,AI,0.63,fourier_country_k1
GHA,1981,21,1981-05-18,1981-05-24,4.873,0.2662,AI,0.63,fourier_country_k1
GHA,1981,22,1981-05-25,1981-05-31,4.4833,0.2449,AI,0.63,fourier_country_k1
GHA,1981,23,1981-06-01,1981-06-07,4.1706,0.2278,AI,0.63,fourier_country_k1
GHA,1981,24,1981-06-08,1981-06-14,3.9395,0.2152,AI,0.63,fourier_country_k1
GHA,1981,25,1981-06-15,1981-06-21,3.7935,0.2072,AI,0.63,fourier_country_k1
GHA,1981,26,1981-06-22,1981-06-28,3.7346,0.204,AI,0.63,fourier_country_k1
GHA,1981,27,1981-06-29,1981-07-05,3.7637,0.2056,AI,0.63,fourier_country_k1
GHA,1981,28,1981-07-06,1981-07-12,10.1308,0.7041,JHU,0.7,fourier_country_k1
GHA,1981,29,1981-07-13,1981-07-19,10.6596,0.7409,JHU,0.7,fourier_country_k1
GHA,1981,30,1981-07-20,1981-07-26,11.4049,0.7927,JHU,0.7,fourier_country_k1
GHA,1981,31,1981-07-27,1981-08-02,12.3558,0.8588,JHU,0.7,fourier_country_k1
GHA,1981,32,1981-08-03,1981-08-09,13.4985,0.9382,JHU,0.7,fourier_country_k1
GHA,1981,33,1981-08-10,1981-08-16,14.8163,1.0298,JHU,0.7,fourier_country_k1
GHA,1981,34,1981-08-17,1981-08-23,16.2899,1.1322,JHU,0.7,fourier_country_k1
GHA,1981,35,1981-08-24,1981-08-30,17.898,1.244,JHU,0.7,fourier_country_k1
GHA,1981,36,1981-08-31,1981-09-06,19.6169,1.3634,JHU,0.7,fourier_country_k1
GHA,1981,37,1981-09-07,1981-09-13,21.4218,1.4889,JHU,0.7,fourier_country_k1
GHA,1981,38,1981-09-14,1981-09-20,23.2861,1.6185,JHU,0.7,fourier_country_k1
GHA,1981,39,1981-09-21,1981-09-27,25.1829,1.7503,JHU,0.7,fourier_country_k1
GHA,1981,40,1981-09-28,1981-10-04,27.0843,1.8825,JHU,0.7,fourier_country_k1
GHA,1981,41,1981-10-05,1981-10-11,28.9628,2.013,JHU,0.7,fourier_country_k1
GHA,1981,42,1981-10-12,1981-10-18,30.7908,2.1401,JHU,0.7,fourier_country_k1
GHA,1981,43,1981-10-19,1981-10-25,32.5417,2.2618,JHU,0.7,fourier_country_k1
GHA,1981,44,1981-10-26,1981-11-01,34.1901,2.3763,JHU,0.7,fourier_country_k1
GHA,1981,45,1981-11-02,1981-11-08,35.7118,2.4821,JHU,0.7,fourier_country_k1
GHA,1981,46,1981-11-09,1981-11-15,37.0846,2.5775,JHU,0.7,fourier_country_k1
GHA,1981,47,1981-11-16,1981-11-22,38.2887,2.6612,JHU,0.7,fourier_country_k1
GHA,1981,48,1981-11-23,1981-11-29,39.3063,2.7319,JHU,0.7,fourier_country_k1
GHA,1981,49,1981-11-30,1981-12-06,40.1226,2.7887,JHU,0.7,fourier_country_k1
GHA,1981,50,1981-12-07,1981-12-13,40.7259,2.8306,JHU,0.7,fourier_country_k1
GHA,1981,51,1981-12-14,1981-12-20,41.1071,2.8571,JHU,0.7,fourier_country_k1
GHA,1981,52,1981-12-21,1981-12-27,41.2609,2.8678,JHU,0.7,fourier_country_k1
GHA,1981,53,1981-12-28,1982-01-03,41.2609,2.8678,JHU,0.7,fourier_country_k1
GHA,1982,1,1982-01-04,1982-01-10,113.9242,34.5701,AI,0.72,fourier_country_k1
GHA,1982,2,1982-01-11,1982-01-17,113.0816,34.3144,AI,0.72,fourier_country_k1
GHA,1982,3,1982-01-18,1982-01-24,111.6188,33.8705,AI,0.72,fourier_country_k1
GHA,1982,4,1982-01-25,1982-01-31,109.5571,33.2449,AI,0.72,fourier_country_k1
GHA,1982,5,1982-02-01,1982-02-07,67.2797,,AI,0.81,fourier_country_k1
GHA,1982,6,1982-02-08,1982-02-14,65.2908,,AI,0.81,fourier_country_k1
GHA,1982,7,1982-02-15,1982-02-21,62.9972,,AI,0.81,fourier_country_k1
GHA,1982,8,1982-02-22,1982-02-28,60.4323,,AI,0.81,fourier_country_k1
GHA,1982,9,1982-03-01,1982-03-07,136.1307,,AI,0.72,fourier_country_k1
GHA,1982,10,1982-03-08,1982-03-14,129.0639,,AI,0.72,fourier_country_k1
GHA,1982,11,1982-03-15,1982-03-21,121.6441,,AI,0.72,fourier_country_k1
GHA,1982,12,1982-03-22,1982-03-28,113.9795,,AI,0.72,fourier_country_k1
GHA,1982,13,1982-03-29,1982-04-04,106.1818,,AI,0.72,fourier_country_k1
GHA,1982,14,1982-04-05,1982-04-11,57.369,,AI,0.81,fourier_country_k1
GHA,1982,15,1982-04-12,1982-04-18,52.8651,,AI,0.81,fourier_country_k1
GHA,1982,16,1982-04-19,1982-04-25,48.4821,,AI,0.81,fourier_country_k1
GHA,1982,17,1982-04-26,1982-05-02,44.2838,,AI,0.81,fourier_country_k1
GHA,1982,18,1982-05-03,1982-05-09,49.1689,,AI,0.72,fourier_country_k1
GHA,1982,19,1982-05-10,1982-05-16,44.7209,,AI,0.72,fourier_country_k1
GHA,1982,20,1982-05-17,1982-05-23,40.7079,,AI,0.72,fourier_country_k1
GHA,1982,21,1982-05-24,1982-05-30,37.1884,,AI,0.72,fourier_country_k1
GHA,1982,22,1982-05-31,1982-06-06,34.2139,,AI,0.72,fourier_country_k1
GHA,1982,23,1982-06-07,1982-06-13,77.6073,,AI,0.81,fourier_country_k1
GHA,1982,24,1982-06-14,1982-06-20,73.3079,,AI,0.81,fourier_country_k1
GHA,1982,25,1982-06-21,1982-06-27,70.5904,,AI,0.81,fourier_country_k1
GHA,1982,26,1982-06-28,1982-07-04,69.4944,,AI,0.81,fourier_country_k1
GHA,1982,27,1982-07-05,1982-07-11,131.8753,15.8866,JHU,0.7,fourier_country_k1
GHA,1982,28,1982-07-12,1982-07-18,135.9636,16.3791,JHU,0.7,fourier_country_k1
GHA,1982,29,1982-07-19,1982-07-25,143.0609,17.2341,JHU,0.7,fourier_country_k1
GHA,1982,30,1982-07-26,1982-08-01,153.0636,18.4391,JHU,0.7,fourier_country_k1
GHA,1982,31,1982-08-02,1982-08-08,165.8259,19.9765,JHU,0.7,fourier_country_k1
GHA,1982,32,1982-08-09,1982-08-15,181.1616,21.824,JHU,0.7,fourier_country_k1
GHA,1982,33,1982-08-16,1982-08-22,198.8472,23.9545,JHU,0.7,fourier_country_k1
GHA,1982,34,1982-08-23,1982-08-29,218.6248,26.3371,JHU,0.7,fourier_country_k1
GHA,1982,35,1982-08-30,1982-09-05,240.2059,28.9369,JHU,0.7,fourier_country_k1
GHA,1982,36,1982-09-06,1982-09-12,263.2759,31.7161,JHU,0.7,fourier_country_k1
GHA,1982,37,1982-09-13,1982-09-19,287.4982,34.6341,JHU,0.7,fourier_country_k1
GHA,1982,38,1982-09-20,1982-09-26,312.5198,37.6483,JHU,0.7,fourier_country_k1
GHA,1982,39,1982-09-27,1982-10-03,337.9758,40.7149,JHU,0.7,fourier_country_k1
GHA,1982,40,1982-10-04,1982-10-10,363.4949,43.7891,JHU,0.7,fourier_country_k1
GHA,1982,41,1982-10-11,1982-10-17,388.705,46.8261,JHU,0.7,fourier_country_k1
GHA,1982,42,1982-10-18,1982-10-24,413.2385,49.7816,JHU,0.7,fourier_country_k1
GHA,1982,43,1982-10-25,1982-10-31,436.7377,52.6125,JHU,0.7,fourier_country_k1
GHA,1982,44,1982-11-01,1982-11-07,458.8598,55.2775,JHU,0.7,fourier_country_k1
GHA,1982,45,1982-11-08,1982-11-14,479.2823,57.7377,JHU,0.7,fourier_country_k1
GHA,1982,46,1982-11-15,1982-11-21,497.7074,59.9573,JHU,0.7,fourier_country_k1
GHA,1982,47,1982-11-22,1982-11-28,513.8663,61.9039,JHU,0.7,fourier_country_k1
GHA,1982,48,1982-11-29,1982-12-05,527.5236,63.5492,JHU,0.7,fourier_country_k1
GHA,1982,49,1982-12-06,1982-12-12,538.4799,64.8691,JHU,0.7,fourier_country_k1
GHA,1982,50,1982-12-13,1982-12-19,546.5756,65.8443,JHU,0.7,fourier_country_k1
GHA,1982,51,1982-12-20,1982-12-26,551.6926,66.4608,JHU,0.7,fourier_country_k1
GHA,1982,52,1982-12-27,1983-01-02,553.7562,66.7094,JHU,0.7,fourier_country_k1
GHA,1983,1,1983-01-03,1983-01-09,230.6832,26.2484,AI,0.56,fourier_country_k1
GHA,1983,2,1983-01-10,1983-01-16,228.9769,26.0543,AI,0.56,fourier_country_k1
GHA,1983,3,1983-01-17,1983-01-23,226.0149,25.7172,AI,0.56,fourier_country_k1
GHA,1983,4,1983-01-24,1983-01-30,221.8403,25.2422,AI,0.56,fourier_country_k1
GHA,1983,5,1983-01-31,1983-02-06,216.514,24.6362,AI,0.56,fourier_country_k1
GHA,1983,6,1983-02-07,1983-02-13,210.1136,23.9079,AI,0.56,fourier_country_k1
GHA,1983,7,1983-02-14,1983-02-20,202.7326,23.068,AI,0.56,fourier_country_k1
GHA,1983,8,1983-02-21,1983-02-27,194.4785,22.1288,AI,0.56,fourier_country_k1
GHA,1983,9,1983-02-28,1983-03-06,185.4716,21.104,AI,0.56,fourier_country_k1
GHA,1983,10,1983-03-07,1983-03-13,175.8435,20.0084,AI,0.56,fourier_country_k1
GHA,1983,11,1983-03-14,1983-03-20,165.7343,18.8582,AI,0.56,fourier_country_k1
GHA,1983,12,1983-03-21,1983-03-27,155.2916,17.6699,AI,0.56,fourier_country_k1
GHA,1983,13,1983-03-28,1983-04-03,144.6676,16.4611,AI,0.56,fourier_country_k1
GHA,1983,14,1983-04-04,1983-04-10,134.0173,15.2492,AI,0.56,fourier_country_k1
GHA,1983,15,1983-04-11,1983-04-17,123.4959,14.0521,AI,0.56,fourier_country_k1
GHA,1983,16,1983-04-18,1983-04-24,113.2569,12.887,AI,0.56,fourier_country_k1
GHA,1983,17,1983-04-25,1983-05-01,103.4496,11.7711,AI,0.56,fourier_country_k1
GHA,1983,18,1983-05-02,1983-05-08,94.217,10.7205,AI,0.56,fourier_country_k1
GHA,1983,19,1983-05-09,1983-05-15,85.6937,9.7507,AI,0.56,fourier_country_k1
GHA,1983,20,1983-05-16,1983-05-22,78.0041,8.8757,AI,0.56,fourier_country_k1
GHA,1983,21,1983-05-23,1983-05-29,71.2602,8.1084,AI,0.56,fourier_country_k1
GHA,1983,22,1983-05-30,1983-06-05,65.5603,7.4598,AI,0.56,fourier_country_k1
GHA,1983,23,1983-06-06,1983-06-12,60.9877,6.9395,AI,0.56,fourier_country_k1
GHA,1983,24,1983-06-13,1983-06-19,57.609,6.5551,AI,0.56,fourier_country_k1
GHA,1983,25,1983-06-20,1983-06-26,55.4735,6.3121,AI,0.56,fourier_country_k1
GHA,1983,26,1983-06-27,1983-07-03,54.6122,6.2141,AI,0.56,fourier_country_k1
GHA,1983,27,1983-07-04,1983-07-10,153.2352,5.8791,JHU,0.7,fourier_country_k1
GHA,1983,28,1983-07-11,1983-07-17,157.9857,6.0613,JHU,0.7,fourier_country_k1
GHA,1983,29,1983-07-18,1983-07-24,166.2325,6.3777,JHU,0.7,fourier_country_k1
GHA,1983,30,1983-07-25,1983-07-31,177.8553,6.8237,JHU,0.7,fourier_country_k1
GHA,1983,31,1983-08-01,1983-08-07,192.6847,7.3926,JHU,0.7,fourier_country_k1
GHA,1983,32,1983-08-08,1983-08-14,210.5044,8.0763,JHU,0.7,fourier_country_k1
GHA,1983,33,1983-08-15,1983-08-21,231.0546,8.8647,JHU,0.7,fourier_country_k1
GHA,1983,34,1983-08-22,1983-08-28,254.0355,9.7464,JHU,0.7,fourier_country_k1
GHA,1983,35,1983-08-29,1983-09-04,279.1121,10.7085,JHU,0.7,fourier_country_k1
GHA,1983,36,1983-09-05,1983-09-11,305.9187,11.737,JHU,0.7,fourier_country_k1
GHA,1983,37,1983-09-12,1983-09-18,334.0644,12.8168,JHU,0.7,fourier_country_k1
GHA,1983,38,1983-09-19,1983-09-25,363.1388,13.9323,JHU,0.7,fourier_country_k1
GHA,1983,39,1983-09-26,1983-10-02,392.7178,15.0671,JHU,0.7,fourier_country_k1
GHA,1983,40,1983-10-03,1983-10-09,422.3703,16.2048,JHU,0.7,fourier_country_k1
GHA,1983,41,1983-10-10,1983-10-16,451.6637,17.3287,JHU,0.7,fourier_country_k1
GHA,1983,42,1983-10-17,1983-10-23,480.1709,18.4224,JHU,0.7,fourier_country_k1
GHA,1983,43,1983-10-24,1983-10-30,507.4762,19.47,JHU,0.7,fourier_country_k1
GHA,1983,44,1983-10-31,1983-11-06,533.1814,20.4562,JHU,0.7,fourier_country_k1
GHA,1983,45,1983-11-07,1983-11-13,556.9118,21.3667,JHU,0.7,fourier_country_k1
GHA,1983,46,1983-11-14,1983-11-20,578.3212,22.1881,JHU,0.7,fourier_country_k1
GHA,1983,47,1983-11-21,1983-11-27,597.0974,22.9084,JHU,0.7,fourier_country_k1
GHA,1983,48,1983-11-28,1983-12-04,612.9667,23.5173,JHU,0.7,fourier_country_k1
GHA,1983,49,1983-12-05,1983-12-11,625.6976,24.0057,JHU,0.7,fourier_country_k1
GHA,1983,50,1983-12-12,1983-12-18,635.1046,24.3666,JHU,0.7,fourier_country_k1
GHA,1983,51,1983-12-19,1983-12-25,641.0504,24.5948,JHU,0.7,fourier_country_k1
GHA,1983,52,1983-12-26,1984-01-01,643.4482,24.6868,JHU,0.7,fourier_country_k1
GHA,1984,1,1984-01-02,1984-01-08,49.0515,5.8609,AI,0.72,fourier_country_k1
GHA,1984,2,1984-01-09,1984-01-15,48.6887,5.8176,AI,0.72,fourier_country_k1
GHA,1984,3,1984-01-16,1984-01-22,48.0589,5.7423,AI,0.72,fourier_country_k1
GHA,1984,4,1984-01-23,1984-01-29,47.1712,5.6363,AI,0.72,fourier_country_k1
GHA,1984,5,1984-01-30,1984-02-05,46.0387,5.5009,AI,0.72,fourier_country_k1
GHA,1984,6,1984-02-06,1984-02-12,44.6777,5.3383,AI,0.72,fourier_country_k1
GHA,1984,7,1984-02-13,1984-02-19,43.1082,5.1508,AI,0.72,fourier_country_k1
GHA,1984,8,1984-02-20,1984-02-26,41.3531,4.9411,AI,0.72,fourier_country_k1
GHA,1984,9,1984-02-27,1984-03-04,39.438,4.7123,AI,0.72,fourier_country_k1
GHA,1984,10,1984-03-05,1984-03-11,37.3907,4.4676,AI,0.72,fourier_country_k1
GHA,1984,11,1984-03-12,1984-03-18,35.2411,4.2108,AI,0.72,fourier_country_k1
GHA,1984,12,1984-03-19,1984-03-25,33.0206,3.9455,AI,0.72,fourier_country_k1
GHA,1984,13,1984-03-26,1984-04-01,30.7615,3.6756,AI,0.72,fourier_country_k1
GHA,1984,14,1984-04-02,1984-04-08,17.5818,2.1977,AI,0.72,fourier_country_k1
GHA,1984,15,1984-04-09,1984-04-15,16.2015,2.0252,AI,0.72,fourier_country_k1
GHA,1984,16,1984-04-16,1984-04-22,14.8583,1.8573,AI,0.72,fourier_country_k1
GHA,1984,17,1984-04-23,1984-04-29,13.5716,1.6965,AI,0.72,fourier_country_k1
GHA,1984,18,1984-04-30,1984-05-06,12.3604,1.5451,AI,0.72,fourier_country_k1
GHA,1984,19,1984-05-07,1984-05-13,11.2422,1.4053,AI,0.72,fourier_country_k1
GHA,1984,20,1984-05-14,1984-05-20,10.2334,1.2792,AI,0.72,fourier_country_k1
GHA,1984,21,1984-05-21,1984-05-27,9.3487,1.1686,AI,0.72,fourier_country_k1
GHA,1984,22,1984-05-28,1984-06-03,8.6009,1.0751,AI,0.72,fourier_country_k1
GHA,1984,23,1984-06-04,1984-06-10,8.001,1.0001,AI,0.72,fourier_country_k1
GHA,1984,24,1984-06-11,1984-06-17,7.5578,0.9447,AI,0.72,fourier_country_k1
GHA,1984,25,1984-06-18,1984-06-24,7.2776,0.9097,AI,0.72,fourier_country_k1
GHA,1984,26,1984-06-25,1984-07-01,7.1646,0.8956,AI,0.72,fourier_country_k1
GHA,1984,27,1984-07-02,1984-07-08,4.4955,0.1237,JHU,0.5,fourier_country_k1
GHA,1984,28,1984-07-09,1984-07-15,4.6349,0.1276,JHU,0.5,fourier_country_k1
GHA,1984,29,1984-07-16,1984-07-22,4.8768,0.1342,JHU,0.5,fourier_country_k1
GHA,1984,30,1984-07-23,1984-07-29,5.2178,0.1436,JHU,0.5,fourier_country_k1
GHA,1984,31,1984-07-30,1984-08-05,5.6528,0.1556,JHU,0.5,fourier_country_k1
GHA,1984,32,1984-08-06,1984-08-12,6.1756,0.17,JHU,0.5,fourier_country_k1
GHA,1984,33,1984-08-13,1984-08-19,6.7785,0.1866,JHU,0.5,fourier_country_k1
GHA,1984,34,1984-08-20,1984-08-26,7.4527,0.2051,JHU,0.5,fourier_country_k1
GHA,1984,35,1984-08-27,1984-09-02,8.1884,0.2254,JHU,0.5,fourier_country_k1
GHA,1984,36,1984-09-03,1984-09-09,8.9748,0.247,JHU,0.5,fourier_country_k1
GHA,1984,37,1984-09-10,1984-09-16,9.8005,0.2697,JHU,0.5,fourier_country_k1
GHA,1984,38,1984-09-17,1984-09-23,10.6535,0.2932,JHU,0.5,fourier_country_k1
GHA,1984,39,1984-09-24,1984-09-30,11.5212,0.3171,JHU,0.5,fourier_country_k1
GHA,1984,40,1984-10-01,1984-10-07,12.3912,0.341,JHU,0.5,fourier_country_k1
GHA,1984,41,1984-10-08,1984-10-14,13.2505,0.3647,JHU,0.5,fourier_country_k1
GHA,1984,42,1984-10-15,1984-10-21,14.0869,0.3877,JHU,0.5,fourier_country_k1
GHA,1984,43,1984-10-22,1984-10-28,14.8879,0.4098,JHU,0.5,fourier_country_k1
GHA,1984,44,1984-10-29,1984-11-04,15.642,0.4305,JHU,0.5,fourier_country_k1
GHA,1984,45,1984-11-05,1984-11-11,16.3382,0.4497,JHU,0.5,fourier_country_k1
GHA,1984,46,1984-11-12,1984-11-18,16.9663,0.467,JHU,0.5,fourier_country_k1
GHA,1984,47,1984-11-19,1984-11-25,17.5172,0.4821,JHU,0.5,fourier_country_k1
GHA,1984,48,1984-11-26,1984-12-02,17.9827,0.4949,JHU,0.5,fourier_country_k1
GHA,1984,49,1984-12-03,1984-12-09,18.3562,0.5052,JHU,0.5,fourier_country_k1
GHA,1984,50,1984-12-10,1984-12-16,18.6322,0.5128,JHU,0.5,fourier_country_k1
GHA,1984,51,1984-12-17,1984-12-23,18.8066,0.5176,JHU,0.5,fourier_country_k1
GHA,1984,52,1984-12-24,1984-12-30,18.877,0.5195,JHU,0.5,fourier_country_k1
GHA,1985,1,1984-12-31,1985-01-06,18.8422,0.5186,JHU,0.5,fourier_country_k1
GHA,1985,2,1985-01-07,1985-01-13,1.6712,0.0,AI,0.63,fourier_country_k1
GHA,1985,3,1985-01-14,1985-01-20,1.6496,0.0,AI,0.63,fourier_country_k1
GHA,1985,4,1985-01-21,1985-01-27,1.6191,0.0,AI,0.63,fourier_country_k1
GHA,1985,5,1985-01-28,1985-02-03,1.5802,0.0,AI,0.63,fourier_country_k1
GHA,1985,6,1985-02-04,1985-02-10,1.5335,0.0,AI,0.63,fourier_country_k1
GHA,1985,7,1985-02-11,1985-02-17,1.4797,0.0,AI,0.63,fourier_country_k1
GHA,1985,8,1985-02-18,1985-02-24,1.4194,0.0,AI,0.63,fourier_country_k1
GHA,1985,9,1985-02-25,1985-03-03,1.3537,0.0,AI,0.63,fourier_country_k1
GHA,1985,10,1985-03-04,1985-03-10,1.2834,0.0,AI,0.63,fourier_country_k1
GHA,1985,11,1985-03-11,1985-03-17,1.2096,0.0,AI,0.63,fourier_country_k1
GHA,1985,12,1985-03-18,1985-03-24,1.1334,0.0,AI,0.63,fourier_country_k1
GHA,1985,13,1985-03-25,1985-03-31,1.0559,0.0,AI,0.63,fourier_country_k1
GHA,1985,14,1985-04-01,1985-04-07,0.9781,0.0,AI,0.63,fourier_country_k1
GHA,1985,15,1985-04-08,1985-04-14,0.9013,0.0,AI,0.63,fourier_country_k1
GHA,1985,16,1985-04-15,1985-04-21,0.8266,0.0,AI,0.63,fourier_country_k1
GHA,1985,17,1985-04-22,1985-04-28,0.755,0.0,AI,0.63,fourier_country_k1
GHA,1985,18,1985-04-29,1985-05-05,0.6877,0.0,AI,0.63,fourier_country_k1
GHA,1985,19,1985-05-06,1985-05-12,0.6254,0.0,AI,0.63,fourier_country_k1
GHA,1985,20,1985-05-13,1985-05-19,0.5693,0.0,AI,0.63,fourier_country_k1
GHA,1985,21,1985-05-20,1985-05-26,0.5201,0.0,AI,0.63,fourier_country_k1
GHA,1985,22,1985-05-27,1985-06-02,0.4785,0.0,AI,0.63,fourier_country_k1
GHA,1985,23,1985-06-03,1985-06-09,0.4451,0.0,AI,0.63,fourier_country_k1
GHA,1985,24,1985-06-10,1985-06-16,0.4205,0.0,AI,0.63,fourier_country_k1
GHA,1985,25,1985-06-17,1985-06-23,0.4049,0.0,AI,0.63,fourier_country_k1
GHA,1985,26,1985-06-24,1985-06-30,0.3986,0.0,AI,0.63,fourier_country_k1
GHA,1985,27,1985-07-01,1985-07-07,0.4812,0.0,JHU,0.5,fourier_country_k1
GHA,1985,28,1985-07-08,1985-07-14,0.4961,0.0,JHU,0.5,fourier_country_k1
GHA,1985,29,1985-07-15,1985-07-21,0.522,0.0,JHU,0.5,fourier_country_k1
GHA,1985,30,1985-07-22,1985-07-28,0.5585,0.0,JHU,0.5,fourier_country_k1
GHA,1985,31,1985-07-29,1985-08-04,0.605,0.0,JHU,0.5,fourier_country_k1
GHA,1985,32,1985-08-05,1985-08-11,0.661,0.0,JHU,0.5,fourier_country_k1
GHA,1985,33,1985-08-12,1985-08-18,0.7255,0.0,JHU,0.5,fourier_country_k1
GHA,1985,34,1985-08-19,1985-08-25,0.7977,0.0,JHU,0.5,fourier_country_k1
GHA,1985,35,1985-08-26,1985-09-01,0.8764,0.0,JHU,0.5,fourier_country_k1
GHA,1985,36,1985-09-02,1985-09-08,0.9606,0.0,JHU,0.5,fourier_country_k1
GHA,1985,37,1985-09-09,1985-09-15,1.049,0.0,JHU,0.5,fourier_country_k1
GHA,1985,38,1985-09-16,1985-09-22,1.1403,0.0,JHU,0.5,fourier_country_k1
GHA,1985,39,1985-09-23,1985-09-29,1.2332,0.0,JHU,0.5,fourier_country_k1
GHA,1985,40,1985-09-30,1985-10-06,1.3263,0.0,JHU,0.5,fourier_country_k1
GHA,1985,41,1985-10-07,1985-10-13,1.4183,0.0,JHU,0.5,fourier_country_k1
GHA,1985,42,1985-10-14,1985-10-20,1.5078,0.0,JHU,0.5,fourier_country_k1
GHA,1985,43,1985-10-21,1985-10-27,1.5935,0.0,JHU,0.5,fourier_country_k1
GHA,1985,44,1985-10-28,1985-11-03,1.6742,0.0,JHU,0.5,fourier_country_k1
GHA,1985,45,1985-11-04,1985-11-10,1.7487,0.0,JHU,0.5,fourier_country_k1
GHA,1985,46,1985-11-11,1985-11-17,1.816,0.0,JHU,0.5,fourier_country_k1
GHA,1985,47,1985-11-18,1985-11-24,1.8749,0.0,JHU,0.5,fourier_country_k1
GHA,1985,48,1985-11-25,1985-12-01,1.9248,0.0,JHU,0.5,fourier_country_k1
GHA,1985,49,1985-12-02,1985-12-08,1.9647,0.0,JHU,0.5,fourier_country_k1
GHA,1985,50,1985-12-09,1985-12-15,1.9943,0.0,JHU,0.5,fourier_country_k1
GHA,1985,51,1985-12-16,1985-12-22,2.0129,0.0,JHU,0.5,fourier_country_k1
GHA,1985,52,1985-12-23,1985-12-29,2.0205,0.0,JHU,0.5,fourier_country_k1
GHA,1986,1,1985-12-30,1986-01-05,2.0167,0.0,JHU,0.5,fourier_country_k1
GHA,1986,2,1986-01-06,1986-01-12,0.7706,,AI,0.425,fourier_country_k1
GHA,1986,3,1986-01-13,1986-01-19,0.7606,,AI,0.425,fourier_country_k1
GHA,1986,4,1986-01-20,1986-01-26,0.7466,,AI,0.425,fourier_country_k1
GHA,1986,5,1986-01-27,1986-02-02,0.7286,,AI,0.425,fourier_country_k1
GHA,1986,6,1986-02-03,1986-02-09,0.7071,,AI,0.425,fourier_country_k1
GHA,1986,7,1986-02-10,1986-02-16,0.6823,,AI,0.425,fourier_country_k1
GHA,1986,8,1986-02-17,1986-02-23,0.6545,,AI,0.425,fourier_country_k1
GHA,1986,9,1986-02-24,1986-03-02,0.6242,,AI,0.425,fourier_country_k1
GHA,1986,10,1986-03-03,1986-03-09,0.5918,,AI,0.425,fourier_country_k1
GHA,1986,11,1986-03-10,1986-03-16,0.5577,,AI,0.425,fourier_country_k1
GHA,1986,12,1986-03-17,1986-03-23,0.5226,,AI,0.425,fourier_country_k1
GHA,1986,13,1986-03-24,1986-03-30,0.4869,,AI,0.425,fourier_country_k1
GHA,1986,14,1986-03-31,1986-04-06,0.451,,AI,0.425,fourier_country_k1
GHA,1986,15,1986-04-07,1986-04-13,0.4156,,AI,0.425,fourier_country_k1
GHA,1986,16,1986-04-14,1986-04-20,0.3811,,AI,0.425,fourier_country_k1
GHA,1986,17,1986-04-21,1986-04-27,0.3481,,AI,0.425,fourier_country_k1
GHA,1986,18,1986-04-28,1986-05-04,0.3171,,AI,0.425,fourier_country_k1
GHA,1986,19,1986-05-05,1986-05-11,0.2884,,AI,0.425,fourier_country_k1
GHA,1986,20,1986-05-12,1986-05-18,0.2625,,AI,0.425,fourier_country_k1
GHA,1986,21,1986-05-19,1986-05-25,0.2398,,AI,0.425,fourier_country_k1
GHA,1986,22,1986-05-26,1986-06-01,0.2206,,AI,0.425,fourier_country_k1
GHA,1986,23,1986-06-02,1986-06-08,0.2052,,AI,0.425,fourier_country_k1
GHA,1986,24,1986-06-09,1986-06-15,0.1939,,AI,0.425,fourier_country_k1
GHA,1986,25,1986-06-16,1986-06-22,0.1867,,AI,0.425,fourier_country_k1
GHA,1986,26,1986-06-23,1986-06-29,0.1838,,AI,0.425,fourier_country_k1
GHA,1986,27,1986-06-30,1986-07-06,0.1852,,AI,0.425,fourier_country_k1
GHA,1986,28,1986-07-07,1986-07-13,0.191,,AI,0.425,fourier_country_k1
GHA,1986,29,1986-07-14,1986-07-20,0.2009,,AI,0.425,fourier_country_k1
GHA,1986,30,1986-07-21,1986-07-27,0.215,,AI,0.425,fourier_country_k1
GHA,1986,31,1986-07-28,1986-08-03,0.2329,,AI,0.425,fourier_country_k1
GHA,1986,32,1986-08-04,1986-08-10,0.2544,,AI,0.425,fourier_country_k1
GHA,1986,33,1986-08-11,1986-08-17,0.2793,,AI,0.425,fourier_country_k1
GHA,1986,34,1986-08-18,1986-08-24,0.3071,,AI,0.425,fourier_country_k1
GHA,1986,35,1986-08-25,1986-08-31,0.3374,,AI,0.425,fourier_country_k1
GHA,1986,36,1986-09-01,1986-09-07,0.3698,,AI,0.425,fourier_country_k1
GHA,1986,37,1986-09-08,1986-09-14,0.4038,,AI,0.425,fourier_country_k1
GHA,1986,38,1986-09-15,1986-09-21,0.4389,,AI,0.425,fourier_country_k1
GHA,1986,39,1986-09-22,1986-09-28,0.4747,,AI,0.425,fourier_country_k1
GHA,1986,40,1986-09-29,1986-10-05,0.5105,,AI,0.425,fourier_country_k1
GHA,1986,41,1986-10-06,1986-10-12,0.5459,,AI,0.425,fourier_country_k1
GHA,1986,42,1986-10-13,1986-10-19,0.5804,,AI,0.425,fourier_country_k1
GHA,1986,43,1986-10-20,1986-10-26,0.6134,,AI,0.425,fourier_country_k1
GHA,1986,44,1986-10-27,1986-11-02,0.6445,,AI,0.425,fourier_country_k1
GHA,1986,45,1986-11-03,1986-11-09,0.6732,,AI,0.425,fourier_country_k1
GHA,1986,46,1986-11-10,1986-11-16,0.699,,AI,0.425,fourier_country_k1
GHA,1986,47,1986-11-17,1986-11-23,0.7217,,AI,0.425,fourier_country_k1
GHA,1986,48,1986-11-24,1986-11-30,0.7409,,AI,0.425,fourier_country_k1
GHA,1986,49,1986-12-01,1986-12-07,0.7563,,AI,0.425,fourier_country_k1
GHA,1986,50,1986-12-08,1986-12-14,0.7677,,AI,0.425,fourier_country_k1
GHA,1986,51,1986-12-15,1986-12-21,0.7749,,AI,0.425,fourier_country_k1
GHA,1986,52,1986-12-22,1986-12-28,0.7778,,AI,0.425,fourier_country_k1
GHA,1987,1,1986-12-29,1987-01-04,0.7763,,AI,0.425,fourier_country_k1
GHA,1987,2,1987-01-05,1987-01-11,1.7876,,AI,0.425,fourier_country_k1
GHA,1987,3,1987-01-12,1987-01-18,1.7645,,AI,0.425,fourier_country_k1
GHA,1987,4,1987-01-19,1987-01-25,1.7319,,AI,0.425,fourier_country_k1
GHA,1987,5,1987-01-26,1987-02-01,1.6903,,AI,0.425,fourier_country_k1
GHA,1987,6,1987-02-02,1987-02-08,1.6404,,AI,0.425,fourier_country_k1
GHA,1987,7,1987-02-09,1987-02-15,1.5827,,AI,0.425,fourier_country_k1
GHA,1987,8,1987-02-16,1987-02-22,1.5183,,AI,0.425,fourier_country_k1
GHA,1987,9,1987-02-23,1987-03-01,1.448,,AI,0.425,fourier_country_k1
GHA,1987,10,1987-03-02,1987-03-08,1.3728,,AI,0.425,fourier_country_k1
GHA,1987,11,1987-03-09,1987-03-15,1.2939,,AI,0.425,fourier_country_k1
GHA,1987,12,1987-03-16,1987-03-22,1.2124,,AI,0.425,fourier_country_k1
GHA,1987,13,1987-03-23,1987-03-29,1.1294,,AI,0.425,fourier_country_k1
GHA,1987,14,1987-03-30,1987-04-05,1.0463,,AI,0.425,fourier_country_k1
GHA,1987,15,1987-04-06,1987-04-12,0.9641,,AI,0.425,fourier_country_k1
GHA,1987,16,1987-04-13,1987-04-19,0.8842,,AI,0.425,fourier_country_k1
GHA,1987,17,1987-04-20,1987-04-26,0.8076,,AI,0.425,fourier_country_k1
GHA,1987,18,1987-04-27,1987-05-03,0.7356,,AI,0.425,fourier_country_k1
GHA,1987,19,1987-05-04,1987-05-10,0.669,,AI,0.425,fourier_country_k1
GHA,1987,20,1987-05-11,1987-05-17,0.609,,AI,0.425,fourier_country_k1
GHA,1987,21,1987-05-18,1987-05-24,0.5563,,AI,0.425,fourier_country_k1
GHA,1987,22,1987-05-25,1987-05-31,0.5118,,AI,0.425,fourier_country_k1
GHA,1987,23,1987-06-01,1987-06-07,0.4761,,AI,0.425,fourier_country_k1
GHA,1987,24,1987-06-08,1987-06-14,0.4498,,AI,0.425,fourier_country_k1
GHA,1987,25,1987-06-15,1987-06-21,0.4331,,AI,0.425,fourier_country_k1
GHA,1987,26,1987-06-22,1987-06-28,0.4264,,AI,0.425,fourier_country_k1
GHA,1987,27,1987-06-29,1987-07-05,0.4297,,AI,0.425,fourier_country_k1
GHA,1987,28,1987-07-06,1987-07-12,0.443,,AI,0.425,fourier_country_k1
GHA,1987,29,1987-07-13,1987-07-19,0.4661,,AI,0.425,fourier_country_k1
GHA,1987,30,1987-07-20,1987-07-26,0.4987,,AI,0.425,fourier_country_k1
GHA,1987,31,1987-07-27,1987-08-02,0.5403,,AI,0.425,fourier_country_k1
GHA,1987,32,1987-08-03,1987-08-09,0.5903,,AI,0.425,fourier_country_k1
GHA,1987,33,1987-08-10,1987-08-16,0.6479,,AI,0.425,fourier_country_k1
GHA,1987,34,1987-08-17,1987-08-23,0.7123,,AI,0.425,fourier_country_k1
GHA,1987,35,1987-08-24,1987-08-30,0.7827,,AI,0.425,fourier_country_k1
GHA,1987,36,1987-08-31,1987-09-06,0.8578,,AI,0.425,fourier_country_k1
GHA,1987,37,1987-09-07,1987-09-13,0.9367,,AI,0.425,fourier_country_k1
GHA,1987,38,1987-09-14,1987-09-20,1.0183,,AI,0.425,fourier_country_k1
GHA,1987,39,1987-09-21,1987-09-27,1.1012,,AI,0.425,fourier_country_k1
GHA,1987,40,1987-09-28,1987-10-04,1.1844,,AI,0.425,fourier_country_k1
GHA,1987,41,1987-10-05,1987-10-11,1.2665,,AI,0.425,fourier_country_k1
GHA,1987,42,1987-10-12,1987-10-18,1.3464,,AI,0.425,fourier_country_k1
GHA,1987,43,1987-10-19,1987-10-25,1.423,,AI,0.425,fourier_country_k1
GHA,1987,44,1987-10-26,1987-11-01,1.4951,,AI,0.425,fourier_country_k1
GHA,1987,45,1987-11-02,1987-11-08,1.5616,,AI,0.425,fourier_country_k1
GHA,1987,46,1987-11-09,1987-11-15,1.6217,,AI,0.425,fourier_country_k1
GHA,1987,47,1987-11-16,1987-11-22,1.6743,,AI,0.425,fourier_country_k1
GHA,1987,48,1987-11-23,1987-11-29,1.7188,,AI,0.425,fourier_country_k1
GHA,1987,49,1987-11-30,1987-12-06,1.7545,,AI,0.425,fourier_country_k1
GHA,1987,50,1987-12-07,1987-12-13,1.7809,,AI,0.425,fourier_country_k1
GHA,1987,51,1987-12-14,1987-12-20,1.7976,,AI,0.425,fourier_country_k1
GHA,1987,52,1987-12-21,1987-12-27,1.8043,,AI,0.425,fourier_country_k1
GHA,1987,53,1987-12-28,1988-01-03,1.8043,,AI,0.425,fourier_country_k1
GHA,1988,1,1988-01-04,1988-01-10,0.5279,,AI,0.425,fourier_country_k1
GHA,1988,2,1988-01-11,1988-01-17,0.524,,AI,0.425,fourier_country_k1
GHA,1988,3,1988-01-18,1988-01-24,0.5172,,AI,0.425,fourier_country_k1
GHA,1988,4,1988-01-25,1988-01-31,0.5077,,AI,0.425,fourier_country_k1
GHA,1988,5,1988-02-01,1988-02-07,0.4955,,AI,0.425,fourier_country_k1
GHA,1988,6,1988-02-08,1988-02-14,0.4808,,AI,0.425,fourier_country_k1
GHA,1988,7,1988-02-15,1988-02-21,0.4639,,AI,0.425,fourier_country_k1
GHA,1988,8,1988-02-22,1988-02-28,0.445,,AI,0.425,fourier_country_k1
GHA,1988,9,1988-02-29,1988-03-06,0.4244,,AI,0.425,fourier_country_k1
GHA,1988,10,1988-03-07,1988-03-13,0.4024,,AI,0.425,fourier_country_k1
GHA,1988,11,1988-03-14,1988-03-20,0.3793,,AI,0.425,fourier_country_k1
GHA,1988,12,1988-03-21,1988-03-27,0.3554,,AI,0.425,fourier_country_k1
GHA,1988,13,1988-03-28,1988-04-03,0.3311,,AI,0.425,fourier_country_k1
GHA,1988,14,1988-04-04,1988-04-10,0.3067,,AI,0.425,fourier_country_k1
GHA,1988,15,1988-04-11,1988-04-17,0.2826,,AI,0.425,fourier_country_k1
GHA,1988,16,1988-04-18,1988-04-24,0.2592,,AI,0.425,fourier_country_k1
GHA,1988,17,1988-04-25,1988-05-01,0.2367,,AI,0.425,fourier_country_k1
GHA,1988,18,1988-05-02,1988-05-08,0.2156,,AI,0.425,fourier_country_k1
GHA,1988,19,1988-05-09,1988-05-15,0.1961,,AI,0.425,fourier_country_k1
GHA,1988,20,1988-05-16,1988-05-22,0.1785,,AI,0.425,fourier_country_k1
GHA,1988,21,1988-05-23,1988-05-29,0.1631,,AI,0.425,fourier_country_k1
GHA,1988,22,1988-05-30,1988-06-05,0.15,,AI,0.425,fourier_country_k1
GHA,1988,23,1988-06-06,1988-06-12,0.1396,,AI,0.425,fourier_country_k1
GHA,1988,24,1988-06-13,1988-06-19,0.1318,,AI,0.425,fourier_country_k1
GHA,1988,25,1988-06-20,1988-06-26,0.1269,,AI,0.425,fourier_country_k1
GHA,1988,26,1988-06-27,1988-07-03,0.125,,AI,0.425,fourier_country_k1
GHA,1988,27,1988-07-04,1988-07-10,0.1259,,AI,0.425,fourier_country_k1
GHA,1988,28,1988-07-11,1988-07-17,0.1299,,AI,0.425,fourier_country_k1
GHA,1988,29,1988-07-18,1988-07-24,0.1366,,AI,0.425,fourier_country_k1
GHA,1988,30,1988-07-25,1988-07-31,0.1462,,AI,0.425,fourier_country_k1
GHA,1988,31,1988-08-01,1988-08-07,0.1584,,AI,0.425,fourier_country_k1
GHA,1988,32,1988-08-08,1988-08-14,0.173,,AI,0.425,fourier_country_k1
GHA,1988,33,1988-08-15,1988-08-21,0.1899,,AI,0.425,fourier_country_k1
GHA,1988,34,1988-08-22,1988-08-28,0.2088,,AI,0.425,fourier_country_k1
GHA,1988,35,1988-08-29,1988-09-04,0.2294,,AI,0.425,fourier_country_k1
GHA,1988,36,1988-09-05,1988-09-11,0.2514,,AI,0.425,fourier_country_k1
GHA,1988,37,1988-09-12,1988-09-18,0.2746,,AI,0.425,fourier_country_k1
GHA,1988,38,1988-09-19,1988-09-25,0.2985,,AI,0.425,fourier_country_k1
GHA,1988,39,1988-09-26,1988-10-02,0.3228,,AI,0.425,fourier_country_k1
GHA,1988,40,1988-10-03,1988-10-09,0.3472,,AI,0.425,fourier_country_k1
GHA,1988,41,1988-10-10,1988-10-16,0.3712,,AI,0.425,fourier_country_k1
GHA,1988,42,1988-10-17,1988-10-23,0.3947,,AI,0.425,fourier_country_k1
GHA,1988,43,1988-10-24,1988-10-30,0.4171,,AI,0.425,fourier_country_k1
GHA,1988,44,1988-10-31,1988-11-06,0.4382,,AI,0.425,fourier_country_k1
GHA,1988,45,1988-11-07,1988-11-13,0.4577,,AI,0.425,fourier_country_k1
GHA,1988,46,1988-11-14,1988-11-20,0.4753,,AI,0.425,fourier_country_k1
GHA,1988,47,1988-11-21,1988-11-27,0.4908,,AI,0.425,fourier_country_k1
GHA,1988,48,1988-11-28,1988-12-04,0.5038,,AI,0.425,fourier_country_k1
GHA,1988,49,1988-12-05,1988-12-11,0.5143,,AI,0.425,fourier_country_k1
GHA,1988,50,1988-12-12,1988-12-18,0.522,,AI,0.425,fourier_country_k1
GHA,1988,51,1988-12-19,1988-12-25,0.5269,,AI,0.425,fourier_country_k1
GHA,1988,52,1988-12-26,1989-01-01,0.5289,,AI,0.425,fourier_country_k1
GHA,1989,1,1989-01-02,1989-01-08,3.6953,,AI,0.425,fourier_country_k1
GHA,1989,2,1989-01-09,1989-01-15,3.6679,,AI,0.425,fourier_country_k1
GHA,1989,3,1989-01-16,1989-01-22,3.6205,,AI,0.425,fourier_country_k1
GHA,1989,4,1989-01-23,1989-01-29,3.5536,,AI,0.425,fourier_country_k1
GHA,1989,5,1989-01-30,1989-02-05,3.4683,,AI,0.425,fourier_country_k1
GHA,1989,6,1989-02-06,1989-02-12,3.3658,,AI,0.425,fourier_country_k1
GHA,1989,7,1989-02-13,1989-02-19,3.2475,,AI,0.425,fourier_country_k1
GHA,1989,8,1989-02-20,1989-02-26,3.1153,,AI,0.425,fourier_country_k1
GHA,1989,9,1989-02-27,1989-03-05,2.971,,AI,0.425,fourier_country_k1
GHA,1989,10,1989-03-06,1989-03-12,2.8168,,AI,0.425,fourier_country_k1
GHA,1989,11,1989-03-13,1989-03-19,2.6549,,AI,0.425,fourier_country_k1
GHA,1989,12,1989-03-20,1989-03-26,2.4876,,AI,0.425,fourier_country_k1
GHA,1989,13,1989-03-27,1989-04-02,2.3174,,AI,0.425,fourier_country_k1
GHA,1989,14,1989-04-03,1989-04-09,2.1468,,AI,0.425,fourier_country_k1
GHA,1989,15,1989-04-10,1989-04-16,1.9783,,AI,0.425,fourier_country_k1
GHA,1989,16,1989-04-17,1989-04-23,1.8142,,AI,0.425,fourier_country_k1
GHA,1989,17,1989-04-24,1989-04-30,1.6571,,AI,0.425,fourier_country_k1
GHA,1989,18,1989-05-01,1989-05-07,1.5092,,AI,0.425,fourier_country_k1
GHA,1989,19,1989-05-08,1989-05-14,1.3727,,AI,0.425,fourier_country_k1
GHA,1989,20,1989-05-15,1989-05-21,1.2495,,AI,0.425,fourier_country_k1
GHA,1989,21,1989-05-22,1989-05-28,1.1415,,AI,0.425,fourier_country_k1
GHA,1989,22,1989-05-29,1989-06-04,1.0502,,AI,0.425,fourier_country_k1
GHA,1989,23,1989-06-05,1989-06-11,0.977,,AI,0.425,fourier_country_k1
GHA,1989,24,1989-06-12,1989-06-18,0.9228,,AI,0.425,fourier_country_k1
GHA,1989,25,1989-06-19,1989-06-25,0.8886,,AI,0.425,fourier_country_k1
GHA,1989,26,1989-06-26,1989-07-02,0.8748,,AI,0.425,fourier_country_k1
GHA,1989,27,1989-07-03,1989-07-09,0.8816,,AI,0.425,fourier_country_k1
GHA,1989,28,1989-07-10,1989-07-16,0.909,,AI,0.425,fourier_country_k1
GHA,1989,29,1989-07-17,1989-07-23,0.9564,,AI,0.425,fourier_country_k1
GHA,1989,30,1989-07-24,1989-07-30,1.0233,,AI,0.425,fourier_country_k1
GHA,1989,31,1989-07-31,1989-08-06,1.1086,,AI,0.425,fourier_country_k1
GHA,1989,32,1989-08-07,1989-08-13,1.2111,,AI,0.425,fourier_country_k1
GHA,1989,33,1989-08-14,1989-08-20,1.3294,,AI,0.425,fourier_country_k1
GHA,1989,34,1989-08-21,1989-08-27,1.4616,,AI,0.425,fourier_country_k1
GHA,1989,35,1989-08-28,1989-09-03,1.6059,,AI,0.425,fourier_country_k1
GHA,1989,36,1989-09-04,1989-09-10,1.7601,,AI,0.425,fourier_country_k1
GHA,1989,37,1989-09-11,1989-09-17,1.922,,AI,0.425,fourier_country_k1
GHA,1989,38,1989-09-18,1989-09-24,2.0893,,AI,0.425,fourier_country_k1
GHA,1989,39,1989-09-25,1989-10-01,2.2595,,AI,0.425,fourier_country_k1
GHA,1989,40,1989-10-02,1989-10-08,2.4301,,AI,0.425,fourier_country_k1
GHA,1989,41,1989-10-09,1989-10-15,2.5987,,AI,0.425,fourier_country_k1
GHA,1989,42,1989-10-16,1989-10-22,2.7627,,AI,0.425,fourier_country_k1
GHA,1989,43,1989-10-23,1989-10-29,2.9198,,AI,0.425,fourier_country_k1
GHA,1989,44,1989-10-30,1989-11-05,3.0677,,AI,0.425,fourier_country_k1
GHA,1989,45,1989-11-06,1989-11-12,3.2042,,AI,0.425,fourier_country_k1
GHA,1989,46,1989-11-13,1989-11-19,3.3274,,AI,0.425,fourier_country_k1
GHA,1989,47,1989-11-20,1989-11-26,3.4354,,AI,0.425,fourier_country_k1
GHA,1989,48,1989-11-27,1989-12-03,3.5267,,AI,0.425,fourier_country_k1
GHA,1989,49,1989-12-04,1989-12-10,3.6,,AI,0.425,fourier_country_k1
GHA,1989,50,1989-12-11,1989-12-17,3.6541,,AI,0.425,fourier_country_k1
GHA,1989,51,1989-12-18,1989-12-24,3.6883,,AI,0.425,fourier_country_k1
GHA,1989,52,1989-12-25,1989-12-31,3.7021,,AI,0.425,fourier_country_k1
GHA,1990,1,1990-01-01,1990-01-07,91.0302,1.6434,JHU,0.5,fourier_country_k1
GHA,1990,2,1990-01-08,1990-01-14,90.3568,1.6313,JHU,0.5,fourier_country_k1
GHA,1990,3,1990-01-15,1990-01-21,89.188,1.6102,JHU,0.5,fourier_country_k1
GHA,1990,4,1990-01-22,1990-01-28,87.5407,1.5804,JHU,0.5,fourier_country_k1
GHA,1990,5,1990-01-29,1990-02-04,85.4388,1.5425,JHU,0.5,fourier_country_k1
GHA,1990,6,1990-02-05,1990-02-11,82.9132,1.4969,JHU,0.5,fourier_country_k1
GHA,1990,7,1990-02-12,1990-02-18,80.0005,1.4443,JHU,0.5,fourier_country_k1
GHA,1990,8,1990-02-19,1990-02-25,76.7434,1.3855,JHU,0.5,fourier_country_k1
GHA,1990,9,1990-02-26,1990-03-04,73.1892,1.3213,JHU,0.5,fourier_country_k1
GHA,1990,10,1990-03-05,1990-03-11,69.3898,1.2527,JHU,0.5,fourier_country_k1
GHA,1990,11,1990-03-12,1990-03-18,65.4006,1.1807,JHU,0.5,fourier_country_k1
GHA,1990,12,1990-03-19,1990-03-25,61.2798,1.1063,JHU,0.5,fourier_country_k1
GHA,1990,13,1990-03-26,1990-04-01,57.0875,1.0306,JHU,0.5,fourier_country_k1
GHA,1990,14,1990-04-02,1990-04-08,52.8847,0.9548,JHU,0.5,fourier_country_k1
GHA,1990,15,1990-04-09,1990-04-15,48.7329,0.8798,JHU,0.5,fourier_country_k1
GHA,1990,16,1990-04-16,1990-04-22,44.6924,0.8069,JHU,0.5,fourier_country_k1
GHA,1990,17,1990-04-23,1990-04-29,40.8224,0.737,JHU,0.5,fourier_country_k1
GHA,1990,18,1990-04-30,1990-05-06,37.1791,0.6712,JHU,0.5,fourier_country_k1
GHA,1990,19,1990-05-07,1990-05-13,33.8157,0.6105,JHU,0.5,fourier_country_k1
GHA,1990,20,1990-05-14,1990-05-20,30.7813,0.5557,JHU,0.5,fourier_country_k1
GHA,1990,21,1990-05-21,1990-05-27,28.1201,0.5077,JHU,0.5,fourier_country_k1
GHA,1990,22,1990-05-28,1990-06-03,25.8708,0.4671,JHU,0.5,fourier_country_k1
GHA,1990,23,1990-06-04,1990-06-10,24.0664,0.4345,JHU,0.5,fourier_country_k1
GHA,1990,24,1990-06-11,1990-06-17,22.7332,0.4104,JHU,0.5,fourier_country_k1
GHA,1990,25,1990-06-18,1990-06-24,21.8905,0.3952,JHU,0.5,fourier_country_k1
GHA,1990,26,1990-06-25,1990-07-01,21.5506,0.3891,JHU,0.5,fourier_country_k1
GHA,1990,27,1990-07-02,1990-07-08,21.7185,0.3921,JHU,0.5,fourier_country_k1
GHA,1990,28,1990-07-09,1990-07-15,22.3918,0.4043,JHU,0.5,fourier_country_k1
GHA,1990,29,1990-07-16,1990-07-22,20.8802,0.5957,AI,0.42,fourier_country_k1
GHA,1990,30,1990-07-23,1990-07-29,22.3402,0.6373,AI,0.42,fourier_country_k1
GHA,1990,31,1990-07-30,1990-08-05,24.2029,0.6905,AI,0.42,fourier_country_k1
GHA,1990,32,1990-08-06,1990-08-12,26.4412,0.7543,AI,0.42,fourier_country_k1
GHA,1990,33,1990-08-13,1990-08-19,29.0225,0.828,AI,0.42,fourier_country_k1
GHA,1990,34,1990-08-20,1990-08-26,31.9091,0.9103,AI,0.42,fourier_country_k1
GHA,1990,35,1990-08-27,1990-09-02,35.0589,1.0002,AI,0.42,fourier_country_k1
GHA,1990,36,1990-09-03,1990-09-09,38.426,1.0962,AI,0.42,fourier_country_k1
GHA,1990,37,1990-09-10,1990-09-16,41.9614,1.1971,AI,0.42,fourier_country_k1
GHA,1990,38,1990-09-17,1990-09-23,45.6134,1.3013,AI,0.42,fourier_country_k1
GHA,1990,39,1990-09-24,1990-09-30,49.3288,1.4073,AI,0.42,fourier_country_k1
GHA,1990,40,1990-10-01,1990-10-07,53.0534,1.5135,AI,0.42,fourier_country_k1
GHA,1990,41,1990-10-08,1990-10-14,56.7329,1.6185,AI,0.42,fourier_country_k1
GHA,1990,42,1990-10-15,1990-10-21,60.3136,1.7207,AI,0.42,fourier_country_k1
GHA,1990,43,1990-10-22,1990-10-28,63.7434,1.8185,AI,0.42,fourier_country_k1
GHA,1990,44,1990-10-29,1990-11-04,66.9722,1.9106,AI,0.42,fourier_country_k1
GHA,1990,45,1990-11-05,1990-11-11,78.933,1.425,JHU,0.5,fourier_country_k1
GHA,1990,46,1990-11-12,1990-11-18,81.9674,1.4798,JHU,0.5,fourier_country_k1
GHA,1990,47,1990-11-19,1990-11-25,84.6286,1.5279,JHU,0.5,fourier_country_k1
GHA,1990,48,1990-11-26,1990-12-02,86.8778,1.5685,JHU,0.5,fourier_country_k1
GHA,1990,49,1990-12-03,1990-12-09,88.6822,1.601,JHU,0.5,fourier_country_k1
GHA,1990,50,1990-12-10,1990-12-16,90.0155,1.6251,JHU,0.5,fourier_country_k1
GHA,1990,51,1990-12-17,1990-12-23,90.8582,1.6403,JHU,0.5,fourier_country_k1
GHA,1990,52,1990-12-24,1990-12-30,91.1981,1.6465,JHU,0.5,fourier_country_k1
GHA,1991,1,1990-12-31,1991-01-06,91.0302,1.6434,JHU,0.5,fourier_country_k1
GHA,1991,2,1991-01-07,1991-01-13,434.0466,12.0996,AI,0.63,fourier_country_k1
GHA,1991,3,1991-01-14,1991-01-20,428.4318,11.943,AI,0.63,fourier_country_k1
GHA,1991,4,1991-01-21,1991-01-27,420.5184,11.7224,AI,0.63,fourier_country_k1
GHA,1991,5,1991-01-28,1991-02-03,410.4219,11.441,AI,0.63,fourier_country_k1
GHA,1991,6,1991-02-04,1991-02-10,398.2895,11.1028,AI,0.63,fourier_country_k1
GHA,1991,7,1991-02-11,1991-02-17,384.2981,10.7128,AI,0.63,fourier_country_k1
GHA,1991,8,1991-02-18,1991-02-24,368.6516,10.2766,AI,0.63,fourier_country_k1
GHA,1991,9,1991-02-25,1991-03-03,351.5784,9.8007,AI,0.63,fourier_country_k1
GHA,1991,10,1991-03-04,1991-03-10,333.3273,9.2919,AI,0.63,fourier_country_k1
GHA,1991,11,1991-03-11,1991-03-17,314.1645,8.7577,AI,0.63,fourier_country_k1
GHA,1991,12,1991-03-18,1991-03-24,294.3694,8.2059,AI,0.63,fourier_country_k1
GHA,1991,13,1991-03-25,1991-03-31,274.2307,7.6445,AI,0.63,fourier_country_k1
GHA,1991,14,1991-04-01,1991-04-07,254.042,7.0817,AI,0.63,fourier_country_k1
GHA,1991,15,1991-04-08,1991-04-14,234.0978,6.5258,AI,0.63,fourier_country_k1
GHA,1991,16,1991-04-15,1991-04-21,214.6888,5.9847,AI,0.63,fourier_country_k1
GHA,1991,17,1991-04-22,1991-04-28,196.0982,5.4665,AI,0.63,fourier_country_k1
GHA,1991,18,1991-04-29,1991-05-05,178.5969,4.9786,AI,0.63,fourier_country_k1
GHA,1991,19,1991-05-06,1991-05-12,162.4402,4.5282,AI,0.63,fourier_country_k1
GHA,1991,20,1991-05-13,1991-05-19,147.8638,4.1219,AI,0.63,fourier_country_k1
GHA,1991,21,1991-05-20,1991-05-26,135.0801,3.7655,AI,0.63,fourier_country_k1
GHA,1991,22,1991-05-27,1991-06-02,124.2756,3.4643,AI,0.63,fourier_country_k1
GHA,1991,23,1991-06-03,1991-06-09,115.6078,3.2227,AI,0.63,fourier_country_k1
GHA,1991,24,1991-06-10,1991-06-16,109.2032,3.0442,AI,0.63,fourier_country_k1
GHA,1991,25,1991-06-17,1991-06-23,105.155,2.9313,AI,0.63,fourier_country_k1
GHA,1991,26,1991-06-24,1991-06-30,103.5224,2.8858,AI,0.63,fourier_country_k1
GHA,1991,27,1991-07-01,1991-07-07,220.0,6.0,AI,0.9,observed
GHA,1991,28,1991-07-08,1991-07-14,77.752,0.682,JHU,0.9,fourier_country_k1
GHA,1991,29,1991-07-15,1991-07-21,243.0558,7.4786,AI,0.68,fourier_country_k1
GHA,1991,30,1991-07-22,1991-07-28,260.0501,8.0015,AI,0.68,fourier_country_k1
GHA,1991,31,1991-07-29,1991-08-04,281.7328,8.6687,AI,0.68,fourier_country_k1
GHA,1991,32,1991-08-05,1991-08-11,307.7878,9.4704,AI,0.68,fourier_country_k1
GHA,1991,33,1991-08-12,1991-08-18,337.835,10.3949,AI,0.68,fourier_country_k1
GHA,1991,34,1991-08-19,1991-08-25,371.4365,11.4288,AI,0.68,fourier_country_k1
GHA,1991,35,1991-08-26,1991-09-01,408.1021,12.557,AI,0.68,fourier_country_k1
GHA,1991,36,1991-09-02,1991-09-08,253.4273,12.5036,AI,0.81,fourier_country_k1
GHA,1991,37,1991-09-09,1991-09-15,276.7436,13.654,AI,0.81,fourier_country_k1
GHA,1991,38,1991-09-16,1991-09-22,300.8292,14.8424,AI,0.81,fourier_country_k1
GHA,1991,39,1991-09-23,1991-09-29,364.273,22.3214,AI,0.765,fourier_country_k1
GHA,1991,40,1991-09-30,1991-10-06,391.7777,24.0068,AI,0.765,fourier_country_k1
GHA,1991,41,1991-10-07,1991-10-13,418.9493,25.6718,AI,0.765,fourier_country_k1
GHA,1991,42,1991-10-14,1991-10-20,143.1802,2.531,AI,0.72,fourier_country_k1
GHA,1991,43,1991-10-21,1991-10-27,151.3222,2.6749,AI,0.72,fourier_country_k1
GHA,1991,44,1991-10-28,1991-11-03,158.9872,2.8104,AI,0.72,fourier_country_k1
GHA,1991,45,1991-11-04,1991-11-10,166.0632,2.9355,AI,0.72,fourier_country_k1
GHA,1991,46,1991-11-11,1991-11-17,172.4472,3.0483,AI,0.72,fourier_country_k1
GHA,1991,47,1991-11-18,1991-11-24,102.7034,4.3498,AI,0.72,fourier_country_k1
GHA,1991,48,1991-11-25,1991-12-01,105.433,4.4654,AI,0.72,fourier_country_k1
GHA,1991,49,1991-12-02,1991-12-08,107.6228,4.5581,AI,0.72,fourier_country_k1
GHA,1991,50,1991-12-09,1991-12-15,109.2408,4.6267,AI,0.72,fourier_country_k1
GHA,1991,51,1991-12-16,1991-12-22,315.4903,2.7675,JHU,0.9,fourier_country_k1
GHA,1991,52,1991-12-23,1991-12-29,316.6704,2.7778,JHU,0.9,fourier_country_k1
GHA,1992,1,1991-12-30,1992-01-05,316.0873,2.7727,JHU,0.9,fourier_country_k1
GHA,1992,2,1992-01-06,1992-01-12,14.6992,1.1701,AI,0.63,fourier_country_k1
GHA,1992,3,1992-01-13,1992-01-19,14.5091,1.155,AI,0.63,fourier_country_k1
GHA,1992,4,1992-01-20,1992-01-26,14.2411,1.1336,AI,0.63,fourier_country_k1
GHA,1992,5,1992-01-27,1992-02-02,13.8992,1.1064,AI,0.63,fourier_country_k1
GHA,1992,6,1992-02-03,1992-02-09,13.4883,1.0737,AI,0.63,fourier_country_k1
GHA,1992,7,1992-02-10,1992-02-16,13.0145,1.036,AI,0.63,fourier_country_k1
GHA,1992,8,1992-02-17,1992-02-23,12.4846,0.9938,AI,0.63,fourier_country_k1
GHA,1992,9,1992-02-24,1992-03-01,11.9064,0.9478,AI,0.63,fourier_country_k1
GHA,1992,10,1992-03-02,1992-03-08,11.2883,0.8986,AI,0.63,fourier_country_k1
GHA,1992,11,1992-03-09,1992-03-15,10.6394,0.8469,AI,0.63,fourier_country_k1
GHA,1992,12,1992-03-16,1992-03-22,9.969,0.7936,AI,0.63,fourier_country_k1
GHA,1992,13,1992-03-23,1992-03-29,9.287,0.7393,AI,0.63,fourier_country_k1
GHA,1992,14,1992-03-30,1992-04-05,8.6033,0.6848,AI,0.63,fourier_country_k1
GHA,1992,15,1992-04-06,1992-04-12,7.9278,0.6311,AI,0.63,fourier_country_k1
GHA,1992,16,1992-04-13,1992-04-19,7.2706,0.5788,AI,0.63,fourier_country_k1
GHA,1992,17,1992-04-20,1992-04-26,6.641,0.5286,AI,0.63,fourier_country_k1
GHA,1992,18,1992-04-27,1992-05-03,6.0483,0.4815,AI,0.63,fourier_country_k1
GHA,1992,19,1992-05-04,1992-05-10,5.5011,0.4379,AI,0.63,fourier_country_k1
GHA,1992,20,1992-05-11,1992-05-17,5.0075,0.3986,AI,0.63,fourier_country_k1
GHA,1992,21,1992-05-18,1992-05-24,4.5746,0.3641,AI,0.63,fourier_country_k1
GHA,1992,22,1992-05-25,1992-05-31,0.4118,0.1068,JHU,0.5,fourier_country_k1
GHA,1992,23,1992-06-01,1992-06-07,0.3831,0.0993,JHU,0.5,fourier_country_k1
GHA,1992,24,1992-06-08,1992-06-14,0.3619,0.0938,JHU,0.5,fourier_country_k1
GHA,1992,25,1992-06-15,1992-06-21,0.3485,0.0903,JHU,0.5,fourier_country_k1
GHA,1992,26,1992-06-22,1992-06-28,0.3431,0.0889,JHU,0.5,fourier_country_k1
GHA,1992,27,1992-06-29,1992-07-05,0.3457,0.0896,JHU,0.5,fourier_country_k1
GHA,1992,28,1992-07-06,1992-07-12,0.3565,0.0924,JHU,0.5,fourier_country_k1
GHA,1992,29,1992-07-13,1992-07-19,0.3751,0.0972,JHU,0.5,fourier_country_k1
GHA,1992,30,1992-07-20,1992-07-26,0.4013,0.104,JHU,0.5,fourier_country_k1
GHA,1992,31,1992-07-27,1992-08-02,0.4347,0.1127,JHU,0.5,fourier_country_k1
GHA,1992,32,1992-08-03,1992-08-09,0.475,0.1231,JHU,0.5,fourier_country_k1
GHA,1992,33,1992-08-10,1992-08-16,0.5213,0.1352,JHU,0.5,fourier_country_k1
GHA,1992,34,1992-08-17,1992-08-23,0.5732,0.1486,JHU,0.5,fourier_country_k1
GHA,1992,35,1992-08-24,1992-08-30,0.6298,0.1633,JHU,0.5,fourier_country_k1
GHA,1992,36,1992-08-31,1992-09-06,0.6902,0.1789,JHU,0.5,fourier_country_k1
GHA,1992,37,1992-09-07,1992-09-13,0.7537,0.1954,JHU,0.5,fourier_country_k1
GHA,1992,38,1992-09-14,1992-09-20,0.8193,0.2124,JHU,0.5,fourier_country_k1
GHA,1992,39,1992-09-21,1992-09-27,0.8861,0.2297,JHU,0.5,fourier_country_k1
GHA,1992,40,1992-09-28,1992-10-04,0.953,0.2471,JHU,0.5,fourier_country_k1
GHA,1992,41,1992-10-05,1992-10-11,1.0191,0.2642,JHU,0.5,fourier_country_k1
GHA,1992,42,1992-10-12,1992-10-18,1.0834,0.2809,JHU,0.5,fourier_country_k1
GHA,1992,43,1992-10-19,1992-10-25,1.145,0.2969,JHU,0.5,fourier_country_k1
GHA,1992,44,1992-10-26,1992-11-01,1.203,0.3119,JHU,0.5,fourier_country_k1
GHA,1992,45,1992-11-02,1992-11-08,1.2565,0.3258,JHU,0.5,fourier_country_k1
GHA,1992,46,1992-11-09,1992-11-15,1.3048,0.3383,JHU,0.5,fourier_country_k1
GHA,1992,47,1992-11-16,1992-11-22,1.3472,0.3493,JHU,0.5,fourier_country_k1
GHA,1992,48,1992-11-23,1992-11-29,1.383,0.3586,JHU,0.5,fourier_country_k1
GHA,1992,49,1992-11-30,1992-12-06,1.4117,0.366,JHU,0.5,fourier_country_k1
GHA,1992,50,1992-12-07,1992-12-13,1.433,0.3715,JHU,0.5,fourier_country_k1
GHA,1992,51,1992-12-14,1992-12-20,1.4464,0.375,JHU,0.5,fourier_country_k1
GHA,1992,52,1992-12-21,1992-12-27,1.4518,0.3764,JHU,0.5,fourier_country_k1
GHA,1992,53,1992-12-28,1993-01-03,1.4518,0.3764,JHU,0.5,fourier_country_k1
GHA,1993,1,1993-01-04,1993-01-10,0.0,0.0,JHU,0.6,inferred_zero
GHA,1993,2,1993-01-11,1993-01-17,0.0,0.0,JHU,0.6,inferred_zero
GHA,1993,3,1993-01-18,1993-01-24,0.0,0.0,JHU,0.6,inferred_zero
GHA,1993,4,1993-01-25,1993-01-31,0.0,0.0,JHU,0.6,inferred_zero
GHA,1993,5,1993-02-01,1993-02-07,0.0,0.0,JHU,0.6,inferred_zero
GHA,1993,6,1993-02-08,1993-02-14,0.0,0.0,JHU,0.6,inferred_zero
GHA,1993,7,1993-02-15,1993-02-21,0.0,0.0,JHU,0.6,inferred_zero
GHA,1993,8,1993-02-22,1993-02-28,0.0,0.0,JHU,0.6,inferred_zero
GHA,1993,9,1993-03-01,1993-03-07,0.0,0.0,JHU,0.6,inferred_zero
GHA,1993,10,1993-03-08,1993-03-14,0.0,0.0,JHU,0.6,inferred_zero
GHA,1993,11,1993-03-15,1993-03-21,0.0,0.0,JHU,0.6,inferred_zero
GHA,1993,12,1993-03-22,1993-03-28,0.0,0.0,JHU,0.6,inferred_zero
GHA,1993,13,1993-03-29,1993-04-04,0.0,0.0,JHU,0.6,inferred_zero
GHA,1993,14,1993-04-05,1993-04-11,0.5652,0.0,AI,0.81,fourier_country_k1
GHA,1993,15,1993-04-12,1993-04-18,0.5208,0.0,AI,0.81,fourier_country_k1
GHA,1993,16,1993-04-19,1993-04-25,0.4777,0.0,AI,0.81,fourier_country_k1
GHA,1993,17,1993-04-26,1993-05-02,0.4363,0.0,AI,0.81,fourier_country_k1
GHA,1993,18,1993-05-03,1993-05-09,1.7598,0.16,AI,0.56,fourier_country_k1
GHA,1993,19,1993-05-10,1993-05-16,1.6006,0.1455,AI,0.56,fourier_country_k1
GHA,1993,20,1993-05-17,1993-05-23,1.457,0.1325,AI,0.56,fourier_country_k1
GHA,1993,21,1993-05-24,1993-05-30,1.331,0.121,AI,0.56,fourier_country_k1
GHA,1993,22,1993-05-31,1993-06-06,1.2246,0.1113,AI,0.56,fourier_country_k1
GHA,1993,23,1993-06-07,1993-06-13,1.1392,0.1036,AI,0.56,fourier_country_k1
GHA,1993,24,1993-06-14,1993-06-20,1.076,0.0978,AI,0.56,fourier_country_k1
GHA,1993,25,1993-06-21,1993-06-27,1.0362,0.0942,AI,0.56,fourier_country_k1
GHA,1993,26,1993-06-28,1993-07-04,1.0201,0.0927,AI,0.56,fourier_country_k1
GHA,1993,27,1993-07-05,1993-07-11,1.028,0.0935,AI,0.56,fourier_country_k1
GHA,1993,28,1993-07-12,1993-07-18,1.0599,0.0964,AI,0.56,fourier_country_k1
GHA,1993,29,1993-07-19,1993-07-25,1.1152,0.1014,AI,0.56,fourier_country_k1
GHA,1993,30,1993-07-26,1993-08-01,1.1932,0.1085,AI,0.56,fourier_country_k1
GHA,1993,31,1993-08-02,1993-08-08,1.2927,0.1175,AI,0.56,fourier_country_k1
GHA,1993,32,1993-08-09,1993-08-15,1.4122,0.1284,AI,0.56,fourier_country_k1
GHA,1993,33,1993-08-16,1993-08-22,1.5501,0.1409,AI,0.56,fourier_country_k1
GHA,1993,34,1993-08-23,1993-08-29,1.7043,0.1549,AI,0.56,fourier_country_k1
GHA,1993,35,1993-08-30,1993-09-05,95.895,1.4313,AI,0.81,fourier_country_k1
GHA,1993,36,1993-09-06,1993-09-12,105.105,1.5687,AI,0.81,fourier_country_k1
GHA,1993,37,1993-09-13,1993-09-19,48.7812,1.3163,AI,0.595,fourier_country_k1
GHA,1993,38,1993-09-20,1993-09-26,53.0267,1.4308,AI,0.595,fourier_country_k1
GHA,1993,39,1993-09-27,1993-10-03,57.3459,1.5474,AI,0.595,fourier_country_k1
GHA,1993,40,1993-10-04,1993-10-10,61.6759,1.6642,AI,0.595,fourier_country_k1
GHA,1993,41,1993-10-11,1993-10-17,65.9534,1.7796,AI,0.595,fourier_country_k1
GHA,1993,42,1993-10-18,1993-10-24,70.1161,1.8919,AI,0.595,fourier_country_k1
GHA,1993,43,1993-10-25,1993-10-31,74.1033,1.9995,AI,0.595,fourier_country_k1
GHA,1993,44,1993-11-01,1993-11-07,77.8569,2.1008,AI,0.595,fourier_country_k1
GHA,1993,45,1993-11-08,1993-11-14,81.322,2.1943,AI,0.595,fourier_country_k1
GHA,1993,46,1993-11-15,1993-11-21,84.4483,2.2787,AI,0.595,fourier_country_k1
GHA,1993,47,1993-11-22,1993-11-28,87.1901,2.3526,AI,0.595,fourier_country_k1
GHA,1993,48,1993-11-29,1993-12-05,89.5074,2.4152,AI,0.595,fourier_country_k1
GHA,1993,49,1993-12-06,1993-12-12,91.3664,2.4653,AI,0.595,fourier_country_k1
GHA,1993,50,1993-12-13,1993-12-19,92.74,2.5024,AI,0.595,fourier_country_k1
GHA,1993,51,1993-12-20,1993-12-26,93.6082,2.5258,AI,0.595,fourier_country_k1
GHA,1993,52,1993-12-27,1994-01-02,93.9584,2.5353,AI,0.595,fourier_country_k1
GHA,1994,1,1994-01-03,1994-01-09,90.259,1.8846,AI,0.63,fourier_country_k1
GHA,1994,2,1994-01-10,1994-01-16,89.5914,1.8707,AI,0.63,fourier_country_k1
GHA,1994,3,1994-01-17,1994-01-23,88.4324,1.8465,AI,0.63,fourier_country_k1
GHA,1994,4,1994-01-24,1994-01-30,86.799,1.8124,AI,0.63,fourier_country_k1
GHA,1994,5,1994-01-31,1994-02-06,84.715,1.7688,AI,0.63,fourier_country_k1
GHA,1994,6,1994-02-07,1994-02-13,82.2108,1.7166,AI,0.63,fourier_country_k1
GHA,1994,7,1994-02-14,1994-02-20,79.3228,1.6563,AI,0.63,fourier_country_k1
GHA,1994,8,1994-02-21,1994-02-27,76.0932,1.5888,AI,0.63,fourier_country_k1
GHA,1994,9,1994-02-28,1994-03-06,72.5691,1.5152,AI,0.63,fourier_country_k1
GHA,1994,10,1994-03-07,1994-03-13,68.8019,1.4366,AI,0.63,fourier_country_k1
GHA,1994,11,1994-03-14,1994-03-20,64.8465,1.354,AI,0.63,fourier_country_k1
GHA,1994,12,1994-03-21,1994-03-27,60.7606,1.2687,AI,0.63,fourier_country_k1
GHA,1994,13,1994-03-28,1994-04-03,56.6038,1.1819,AI,0.63,fourier_country_k1
GHA,1994,14,1994-04-04,1994-04-10,52.4367,1.0949,AI,0.63,fourier_country_k1
GHA,1994,15,1994-04-11,1994-04-17,48.32,1.0089,AI,0.63,fourier_country_k1
GHA,1994,16,1994-04-18,1994-04-24,44.3138,0.9253,AI,0.63,fourier_country_k1
GHA,1994,17,1994-04-25,1994-05-01,40.4765,0.8451,AI,0.63,fourier_country_k1
GHA,1994,18,1994-05-02,1994-05-08,36.8641,0.7697,AI,0.63,fourier_country_k1
GHA,1994,19,1994-05-09,1994-05-15,33.5292,0.7001,AI,0.63,fourier_country_k1
GHA,1994,20,1994-05-16,1994-05-22,30.5205,0.6373,AI,0.63,fourier_country_k1
GHA,1994,21,1994-05-23,1994-05-29,27.8818,0.5822,AI,0.63,fourier_country_k1
GHA,1994,22,1994-05-30,1994-06-05,25.6517,0.5356,AI,0.63,fourier_country_k1
GHA,1994,23,1994-06-06,1994-06-12,30.6219,0.6571,AI,0.72,fourier_country_k1
GHA,1994,24,1994-06-13,1994-06-19,28.9255,0.6207,AI,0.72,fourier_country_k1
GHA,1994,25,1994-06-20,1994-06-26,27.8532,0.5977,AI,0.72,fourier_country_k1
GHA,1994,26,1994-06-27,1994-07-03,27.4208,0.5884,AI,0.72,fourier_country_k1
GHA,1994,27,1994-07-04,1994-07-10,27.6345,0.593,AI,0.72,fourier_country_k1
GHA,1994,28,1994-07-11,1994-07-17,28.4912,0.6114,AI,0.72,fourier_country_k1
GHA,1994,29,1994-07-18,1994-07-24,29.9784,0.6433,AI,0.72,fourier_country_k1
GHA,1994,30,1994-07-25,1994-07-31,32.0745,0.6883,AI,0.72,fourier_country_k1
GHA,1994,31,1994-08-01,1994-08-07,2.1146,0.4093,AI,0.72,fourier_country_k1
GHA,1994,32,1994-08-08,1994-08-14,2.3101,0.4472,AI,0.72,fourier_country_k1
GHA,1994,33,1994-08-15,1994-08-21,2.5357,0.4908,AI,0.72,fourier_country_k1
GHA,1994,34,1994-08-22,1994-08-28,2.7879,0.5397,AI,0.72,fourier_country_k1
GHA,1994,35,1994-08-29,1994-09-04,3.0631,0.5929,AI,0.72,fourier_country_k1
GHA,1994,36,1994-09-05,1994-09-11,3.3572,0.6499,AI,0.72,fourier_country_k1
GHA,1994,37,1994-09-12,1994-09-18,3.6661,0.7097,AI,0.72,fourier_country_k1
GHA,1994,38,1994-09-19,1994-09-25,3.9852,0.7714,AI,0.72,fourier_country_k1
GHA,1994,39,1994-09-26,1994-10-02,4.3098,0.8343,AI,0.72,fourier_country_k1
GHA,1994,40,1994-10-03,1994-10-09,17.0423,0.2544,AI,0.72,fourier_country_k1
GHA,1994,41,1994-10-10,1994-10-16,18.2243,0.272,AI,0.72,fourier_country_k1
GHA,1994,42,1994-10-17,1994-10-23,19.3745,0.2892,AI,0.72,fourier_country_k1
GHA,1994,43,1994-10-24,1994-10-30,20.4763,0.3056,AI,0.72,fourier_country_k1
GHA,1994,44,1994-10-31,1994-11-06,21.5135,0.3211,AI,0.72,fourier_country_k1
GHA,1994,45,1994-11-07,1994-11-13,22.471,0.3354,AI,0.72,fourier_country_k1
GHA,1994,46,1994-11-14,1994-11-20,23.3348,0.3483,AI,0.72,fourier_country_k1
GHA,1994,47,1994-11-21,1994-11-27,24.0924,0.3596,AI,0.72,fourier_country_k1
GHA,1994,48,1994-11-28,1994-12-04,24.7327,0.3691,AI,0.72,fourier_country_k1
GHA,1994,49,1994-12-05,1994-12-11,25.2464,0.3768,AI,0.72,fourier_country_k1
GHA,1994,50,1994-12-12,1994-12-18,25.626,0.3825,AI,0.72,fourier_country_k1
GHA,1994,51,1994-12-19,1994-12-25,25.8659,0.3861,AI,0.72,fourier_country_k1
GHA,1994,52,1994-12-26,1995-01-01,396.8703,11.5548,JHU,0.9,fourier_country_k1
GHA,1995,1,1995-01-02,1995-01-08,11.0719,0.6017,AI,0.72,fourier_country_k1
GHA,1995,2,1995-01-09,1995-01-15,10.99,0.5973,AI,0.72,fourier_country_k1
GHA,1995,3,1995-01-16,1995-01-22,10.8478,0.5896,AI,0.72,fourier_country_k1
GHA,1995,4,1995-01-23,1995-01-29,10.6475,0.5787,AI,0.72,fourier_country_k1
GHA,1995,5,1995-01-30,1995-02-05,10.3918,0.5648,AI,0.72,fourier_country_k1
GHA,1995,6,1995-02-06,1995-02-12,10.0846,0.5481,AI,0.72,fourier_country_k1
GHA,1995,7,1995-02-13,1995-02-19,9.7304,0.5288,AI,0.72,fourier_country_k1
GHA,1995,8,1995-02-20,1995-02-26,9.3342,0.5073,AI,0.72,fourier_country_k1
GHA,1995,9,1995-02-27,1995-03-05,8.9019,0.4838,AI,0.72,fourier_country_k1
GHA,1995,10,1995-03-06,1995-03-12,45.1188,0.7556,AI,0.63,fourier_country_k1
GHA,1995,11,1995-03-13,1995-03-19,42.525,0.7121,AI,0.63,fourier_country_k1
GHA,1995,12,1995-03-20,1995-03-26,39.8455,0.6673,AI,0.63,fourier_country_k1
GHA,1995,13,1995-03-27,1995-04-02,37.1196,0.6216,AI,0.63,fourier_country_k1
GHA,1995,14,1995-04-03,1995-04-09,34.3868,0.5759,AI,0.63,fourier_country_k1
GHA,1995,15,1995-04-10,1995-04-16,31.6872,0.5306,AI,0.63,fourier_country_k1
GHA,1995,16,1995-04-17,1995-04-23,29.06,0.4867,AI,0.63,fourier_country_k1
GHA,1995,17,1995-04-24,1995-04-30,26.5436,0.4445,AI,0.63,fourier_country_k1
GHA,1995,18,1995-05-01,1995-05-07,24.1747,0.4048,AI,0.63,fourier_country_k1
GHA,1995,19,1995-05-08,1995-05-14,21.9877,0.3682,AI,0.63,fourier_country_k1
GHA,1995,20,1995-05-15,1995-05-21,20.0147,0.3352,AI,0.63,fourier_country_k1
GHA,1995,21,1995-05-22,1995-05-28,18.2843,0.3062,AI,0.63,fourier_country_k1
GHA,1995,22,1995-05-29,1995-06-04,16.8218,0.2817,AI,0.63,fourier_country_k1
GHA,1995,23,1995-06-05,1995-06-11,15.6485,0.2621,AI,0.63,fourier_country_k1
GHA,1995,24,1995-06-12,1995-06-18,14.7816,0.2475,AI,0.63,fourier_country_k1
GHA,1995,25,1995-06-19,1995-06-25,46.3519,1.0881,AI,0.72,fourier_country_k1
GHA,1995,26,1995-06-26,1995-07-02,45.6322,1.0712,AI,0.72,fourier_country_k1
GHA,1995,27,1995-07-03,1995-07-09,45.9879,1.0795,AI,0.72,fourier_country_k1
GHA,1995,28,1995-07-10,1995-07-16,47.4135,1.113,AI,0.72,fourier_country_k1
GHA,1995,29,1995-07-17,1995-07-23,49.8885,1.1711,AI,0.72,fourier_country_k1
GHA,1995,30,1995-07-24,1995-07-30,53.3767,1.253,AI,0.72,fourier_country_k1
GHA,1995,31,1995-07-31,1995-08-06,57.8272,1.3574,AI,0.72,fourier_country_k1
GHA,1995,32,1995-08-07,1995-08-13,63.1751,1.483,AI,0.72,fourier_country_k1
GHA,1995,33,1995-08-14,1995-08-20,69.3425,1.6278,AI,0.72,fourier_country_k1
GHA,1995,34,1995-08-21,1995-08-27,76.2393,1.7897,AI,0.72,fourier_country_k1
GHA,1995,35,1995-08-28,1995-09-03,83.7652,1.9663,AI,0.72,fourier_country_k1
GHA,1995,36,1995-09-04,1995-09-10,45.6186,0.7977,AI,0.72,fourier_country_k1
GHA,1995,37,1995-09-11,1995-09-17,49.8157,0.8711,AI,0.72,fourier_country_k1
GHA,1995,38,1995-09-18,1995-09-24,54.1512,0.9469,AI,0.72,fourier_country_k1
GHA,1995,39,1995-09-25,1995-10-01,58.5621,1.024,AI,0.72,fourier_country_k1
GHA,1995,40,1995-10-02,1995-10-08,62.9838,1.1014,AI,0.72,fourier_country_k1
GHA,1995,41,1995-10-09,1995-10-15,67.3521,1.1777,AI,0.72,fourier_country_k1
GHA,1995,42,1995-10-16,1995-10-22,71.6031,1.2521,AI,0.72,fourier_country_k1
GHA,1995,43,1995-10-23,1995-10-29,75.6748,1.3233,AI,0.72,fourier_country_k1
GHA,1995,44,1995-10-30,1995-11-05,79.508,1.3903,AI,0.72,fourier_country_k1
GHA,1995,45,1995-11-06,1995-11-12,83.0467,1.4522,AI,0.72,fourier_country_k1
GHA,1995,46,1995-11-13,1995-11-19,86.2392,1.508,AI,0.72,fourier_country_k1
GHA,1995,47,1995-11-20,1995-11-26,89.0391,1.557,AI,0.72,fourier_country_k1
GHA,1995,48,1995-11-27,1995-12-03,91.4056,1.5983,AI,0.72,fourier_country_k1
GHA,1995,49,1995-12-04,1995-12-10,647.5021,12.2912,JHU,0.9,fourier_country_k1
GHA,1995,50,1995-12-11,1995-12-17,657.2368,12.476,JHU,0.9,fourier_country_k1
GHA,1995,51,1995-12-18,1995-12-24,663.3898,12.5928,JHU,0.9,fourier_country_k1
GHA,1995,52,1995-12-25,1995-12-31,665.8713,12.6399,JHU,0.9,fourier_country_k1
GHA,1996,1,1996-01-01,1996-01-07,5.0984,0.0,AI,0.56,fourier_country_k1
GHA,1996,2,1996-01-08,1996-01-14,5.0607,0.0,AI,0.56,fourier_country_k1
GHA,1996,3,1996-01-15,1996-01-21,4.9952,0.0,AI,0.56,fourier_country_k1
GHA,1996,4,1996-01-22,1996-01-28,4.9029,0.0,AI,0.56,fourier_country_k1
GHA,1996,5,1996-01-29,1996-02-04,4.7852,0.0,AI,0.56,fourier_country_k1
GHA,1996,6,1996-02-05,1996-02-11,4.6438,0.0,AI,0.56,fourier_country_k1
GHA,1996,7,1996-02-12,1996-02-18,4.4806,0.0,AI,0.56,fourier_country_k1
GHA,1996,8,1996-02-19,1996-02-25,4.2982,0.0,AI,0.56,fourier_country_k1
GHA,1996,9,1996-02-26,1996-03-03,4.0991,0.0,AI,0.56,fourier_country_k1
GHA,1996,10,1996-03-04,1996-03-10,3.8864,0.0,AI,0.56,fourier_country_k1
GHA,1996,11,1996-03-11,1996-03-17,3.6629,0.0,AI,0.56,fourier_country_k1
GHA,1996,12,1996-03-18,1996-03-24,3.4321,0.0,AI,0.56,fourier_country_k1
GHA,1996,13,1996-03-25,1996-03-31,3.1973,0.0,AI,0.56,fourier_country_k1
GHA,1996,14,1996-04-01,1996-04-07,2.9619,0.0,AI,0.56,fourier_country_k1
GHA,1996,15,1996-04-08,1996-04-14,2.7294,0.0,AI,0.56,fourier_country_k1
GHA,1996,16,1996-04-15,1996-04-21,2.5031,0.0,AI,0.56,fourier_country_k1
GHA,1996,17,1996-04-22,1996-04-28,2.2864,0.0,AI,0.56,fourier_country_k1
GHA,1996,18,1996-04-29,1996-05-05,2.0823,0.0,AI,0.56,fourier_country_k1
GHA,1996,19,1996-05-06,1996-05-12,1.8939,0.0,AI,0.56,fourier_country_k1
GHA,1996,20,1996-05-13,1996-05-19,45.3862,2.0682,AI,0.72,fourier_country_k1
GHA,1996,21,1996-05-20,1996-05-26,41.4623,1.8894,AI,0.72,fourier_country_k1
GHA,1996,22,1996-05-27,1996-06-02,38.1459,1.7383,AI,0.72,fourier_country_k1
GHA,1996,23,1996-06-03,1996-06-09,35.4854,1.6171,AI,0.72,fourier_country_k1
GHA,1996,24,1996-06-10,1996-06-16,33.5195,1.5275,AI,0.72,fourier_country_k1
GHA,1996,25,1996-06-17,1996-06-23,32.2769,1.4708,AI,0.72,fourier_country_k1
GHA,1996,26,1996-06-24,1996-06-30,31.7758,1.448,AI,0.72,fourier_country_k1
GHA,1996,27,1996-07-01,1996-07-07,32.0234,1.4593,AI,0.72,fourier_country_k1
GHA,1996,28,1996-07-08,1996-07-14,33.0162,1.5045,AI,0.72,fourier_country_k1
GHA,1996,29,1996-07-15,1996-07-21,34.7397,1.5831,AI,0.72,fourier_country_k1
GHA,1996,30,1996-07-22,1996-07-28,37.1686,1.6938,AI,0.72,fourier_country_k1
GHA,1996,31,1996-07-29,1996-08-04,32.9256,1.0524,AI,0.72,fourier_country_k1
GHA,1996,32,1996-08-05,1996-08-11,35.9706,1.1497,AI,0.72,fourier_country_k1
GHA,1996,33,1996-08-12,1996-08-18,39.4822,1.262,AI,0.72,fourier_country_k1
GHA,1996,34,1996-08-19,1996-08-25,43.4091,1.3875,AI,0.72,fourier_country_k1
GHA,1996,35,1996-08-26,1996-09-01,47.6941,1.5245,AI,0.72,fourier_country_k1
GHA,1996,36,1996-09-02,1996-09-08,52.2748,1.6709,AI,0.72,fourier_country_k1
GHA,1996,37,1996-09-09,1996-09-15,57.0843,1.8246,AI,0.72,fourier_country_k1
GHA,1996,38,1996-09-16,1996-09-22,62.0525,1.9834,AI,0.72,fourier_country_k1
GHA,1996,39,1996-09-23,1996-09-29,67.1069,2.145,AI,0.72,fourier_country_k1
GHA,1996,40,1996-09-30,1996-10-06,14.4382,0.0533,AI,0.56,fourier_country_k1
GHA,1996,41,1996-10-07,1996-10-13,15.4396,0.057,AI,0.56,fourier_country_k1
GHA,1996,42,1996-10-14,1996-10-20,16.4141,0.0606,AI,0.56,fourier_country_k1
GHA,1996,43,1996-10-21,1996-10-27,17.3475,0.064,AI,0.56,fourier_country_k1
GHA,1996,44,1996-10-28,1996-11-03,18.2262,0.0673,AI,0.56,fourier_country_k1
GHA,1996,45,1996-11-04,1996-11-10,19.0374,0.0702,AI,0.56,fourier_country_k1
GHA,1996,46,1996-11-11,1996-11-17,19.7692,0.0729,AI,0.56,fourier_country_k1
GHA,1996,47,1996-11-18,1996-11-24,20.4111,0.0753,AI,0.56,fourier_country_k1
GHA,1996,48,1996-11-25,1996-12-01,20.9536,0.0773,AI,0.56,fourier_country_k1
GHA,1996,49,1996-12-02,1996-12-08,21.3887,0.0789,AI,0.56,fourier_country_k1
GHA,1996,50,1996-12-09,1996-12-15,21.7103,0.0801,AI,0.56,fourier_country_k1
GHA,1996,51,1996-12-16,1996-12-22,21.9136,0.0809,AI,0.56,fourier_country_k1
GHA,1996,52,1996-12-23,1996-12-29,21.9955,0.0812,AI,0.56,fourier_country_k1
GHA,1997,1,1996-12-30,1997-01-05,21.955,0.081,AI,0.56,fourier_country_k1
GHA,1997,2,1997-01-06,1997-01-12,8.2838,0.5432,AI,0.72,fourier_country_k1
GHA,1997,3,1997-01-13,1997-01-19,8.1766,0.5362,AI,0.72,fourier_country_k1
GHA,1997,4,1997-01-20,1997-01-26,8.0256,0.5263,AI,0.72,fourier_country_k1
GHA,1997,5,1997-01-27,1997-02-02,7.8329,0.5136,AI,0.72,fourier_country_k1
GHA,1997,6,1997-02-03,1997-02-09,7.6013,0.4984,AI,0.72,fourier_country_k1
GHA,1997,7,1997-02-10,1997-02-16,7.3343,0.4809,AI,0.72,fourier_country_k1
GHA,1997,8,1997-02-17,1997-02-23,7.0357,0.4614,AI,0.72,fourier_country_k1
GHA,1997,9,1997-02-24,1997-03-02,6.7099,0.44,AI,0.72,fourier_country_k1
GHA,1997,10,1997-03-03,1997-03-09,16.5364,0.4469,AI,0.4,fourier_country_k1
GHA,1997,11,1997-03-10,1997-03-16,15.5857,0.4212,AI,0.4,fourier_country_k1
GHA,1997,12,1997-03-17,1997-03-23,14.6037,0.3947,AI,0.4,fourier_country_k1
GHA,1997,13,1997-03-24,1997-03-30,13.6046,0.3677,AI,0.4,fourier_country_k1
GHA,1997,14,1997-03-31,1997-04-06,12.6031,0.3406,AI,0.4,fourier_country_k1
GHA,1997,15,1997-04-07,1997-04-13,11.6136,0.3139,AI,0.4,fourier_country_k1
GHA,1997,16,1997-04-14,1997-04-20,10.6507,0.2879,AI,0.4,fourier_country_k1
GHA,1997,17,1997-04-21,1997-04-27,9.7285,0.2629,AI,0.4,fourier_country_k1
GHA,1997,18,1997-04-28,1997-05-04,8.8602,0.2395,AI,0.4,fourier_country_k1
GHA,1997,19,1997-05-05,1997-05-11,8.0587,0.2178,AI,0.4,fourier_country_k1
GHA,1997,20,1997-05-12,1997-05-18,7.3355,0.1983,AI,0.4,fourier_country_k1
GHA,1997,21,1997-05-19,1997-05-25,6.7013,0.1811,AI,0.4,fourier_country_k1
GHA,1997,22,1997-05-26,1997-06-01,6.1653,0.1666,AI,0.4,fourier_country_k1
GHA,1997,23,1997-06-02,1997-06-08,5.7353,0.155,AI,0.4,fourier_country_k1
GHA,1997,24,1997-06-09,1997-06-15,5.4176,0.1464,AI,0.4,fourier_country_k1
GHA,1997,25,1997-06-16,1997-06-22,5.2168,0.141,AI,0.4,fourier_country_k1
GHA,1997,26,1997-06-23,1997-06-29,5.1358,0.1388,AI,0.4,fourier_country_k1
GHA,1997,27,1997-06-30,1997-07-06,5.1758,0.1399,AI,0.4,fourier_country_k1
GHA,1997,28,1997-07-07,1997-07-13,5.3362,0.1442,AI,0.4,fourier_country_k1
GHA,1997,29,1997-07-14,1997-07-20,5.6148,0.1518,AI,0.4,fourier_country_k1
GHA,1997,30,1997-07-21,1997-07-27,6.0074,0.1624,AI,0.4,fourier_country_k1
GHA,1997,31,1997-07-28,1997-08-03,6.5083,0.1759,AI,0.4,fourier_country_k1
GHA,1997,32,1997-08-04,1997-08-10,7.1102,0.1922,AI,0.4,fourier_country_k1
GHA,1997,33,1997-08-11,1997-08-17,7.8043,0.2109,AI,0.4,fourier_country_k1
GHA,1997,34,1997-08-18,1997-08-24,8.5805,0.2319,AI,0.4,fourier_country_k1
GHA,1997,35,1997-08-25,1997-08-31,9.4275,0.2548,AI,0.4,fourier_country_k1
GHA,1997,36,1997-09-01,1997-09-07,10.3329,0.2793,AI,0.4,fourier_country_k1
GHA,1997,37,1997-09-08,1997-09-14,11.2836,0.305,AI,0.4,fourier_country_k1
GHA,1997,38,1997-09-15,1997-09-21,12.2656,0.3315,AI,0.4,fourier_country_k1
GHA,1997,39,1997-09-22,1997-09-28,2.7848,0.0472,AI,0.63,fourier_country_k1
GHA,1997,40,1997-09-29,1997-10-05,2.995,0.0508,AI,0.63,fourier_country_k1
GHA,1997,41,1997-10-06,1997-10-12,3.2027,0.0543,AI,0.63,fourier_country_k1
GHA,1997,42,1997-10-13,1997-10-19,3.4049,0.0577,AI,0.63,fourier_country_k1
GHA,1997,43,1997-10-20,1997-10-26,3.5985,0.061,AI,0.63,fourier_country_k1
GHA,1997,44,1997-10-27,1997-11-02,3.7808,0.0641,AI,0.63,fourier_country_k1
GHA,1997,45,1997-11-03,1997-11-09,3.949,0.0669,AI,0.63,fourier_country_k1
GHA,1997,46,1997-11-10,1997-11-16,4.1009,0.0695,AI,0.63,fourier_country_k1
GHA,1997,47,1997-11-17,1997-11-23,4.234,0.0718,AI,0.63,fourier_country_k1
GHA,1997,48,1997-11-24,1997-11-30,4.3465,0.0737,AI,0.63,fourier_country_k1
GHA,1997,49,1997-12-01,1997-12-07,4.4368,0.0752,AI,0.63,fourier_country_k1
GHA,1997,50,1997-12-08,1997-12-14,4.5035,0.0763,AI,0.63,fourier_country_k1
GHA,1997,51,1997-12-15,1997-12-21,4.5457,0.077,AI,0.63,fourier_country_k1
GHA,1997,52,1997-12-22,1997-12-28,4.5627,0.0773,AI,0.63,fourier_country_k1
GHA,1998,1,1997-12-29,1998-01-04,4.5543,0.0772,AI,0.63,fourier_country_k1
GHA,1998,2,1998-01-05,1998-01-11,0.0,0.0,JHU,0.6,inferred_zero
GHA,1998,3,1998-01-12,1998-01-18,0.0,0.0,JHU,0.6,inferred_zero
GHA,1998,4,1998-01-19,1998-01-25,0.0,0.0,JHU,0.6,inferred_zero
GHA,1998,5,1998-01-26,1998-02-01,0.0,0.0,JHU,0.6,inferred_zero
GHA,1998,6,1998-02-02,1998-02-08,0.0,0.0,JHU,0.6,inferred_zero
GHA,1998,7,1998-02-09,1998-02-15,0.0,0.0,JHU,0.6,inferred_zero
GHA,1998,8,1998-02-16,1998-02-22,0.0,0.0,JHU,0.6,inferred_zero
GHA,1998,9,1998-02-23,1998-03-01,0.0,0.0,JHU,0.6,inferred_zero
GHA,1998,10,1998-03-02,1998-03-08,0.0,0.0,JHU,0.6,inferred_zero
GHA,1998,11,1998-03-09,1998-03-15,0.0,0.0,JHU,0.6,inferred_zero
GHA,1998,12,1998-03-16,1998-03-22,0.0,0.0,JHU,0.6,inferred_zero
GHA,1998,13,1998-03-23,1998-03-29,0.0,0.0,JHU,0.6,inferred_zero
GHA,1998,14,1998-03-30,1998-04-05,0.0,0.0,JHU,0.6,inferred_zero
GHA,1998,15,1998-04-06,1998-04-12,11.3711,0.5686,AI,0.81,fourier_country_k1
GHA,1998,16,1998-04-13,1998-04-19,10.4283,0.5214,AI,0.81,fourier_country_k1
GHA,1998,17,1998-04-20,1998-04-26,9.5253,0.4763,AI,0.81,fourier_country_k1
GHA,1998,18,1998-04-27,1998-05-03,8.6752,0.4338,AI,0.81,fourier_country_k1
GHA,1998,19,1998-05-04,1998-05-10,0.0,0.0,JHU,0.6,inferred_zero
GHA,1998,20,1998-05-11,1998-05-17,8.6546,0.9384,AI,0.72,fourier_country_k1
GHA,1998,21,1998-05-18,1998-05-24,7.9063,0.8573,AI,0.72,fourier_country_k1
GHA,1998,22,1998-05-25,1998-05-31,7.2739,0.7887,AI,0.72,fourier_country_k1
GHA,1998,23,1998-06-01,1998-06-07,6.7666,0.7337,AI,0.72,fourier_country_k1
GHA,1998,24,1998-06-08,1998-06-14,6.3917,0.6931,AI,0.72,fourier_country_k1
GHA,1998,25,1998-06-15,1998-06-21,6.1548,0.6674,AI,0.72,fourier_country_k1
GHA,1998,26,1998-06-22,1998-06-28,6.0592,0.657,AI,0.72,fourier_country_k1
GHA,1998,27,1998-06-29,1998-07-05,6.1065,0.6621,AI,0.72,fourier_country_k1
GHA,1998,28,1998-07-06,1998-07-12,6.2958,0.6827,AI,0.72,fourier_country_k1
GHA,1998,29,1998-07-13,1998-07-19,6.6244,0.7183,AI,0.72,fourier_country_k1
GHA,1998,30,1998-07-20,1998-07-26,7.0876,0.7685,AI,0.72,fourier_country_k1
GHA,1998,31,1998-07-27,1998-08-02,7.6785,0.8326,AI,0.72,fourier_country_k1
GHA,1998,32,1998-08-03,1998-08-09,13.9426,1.2772,AI,0.64,fourier_country_k1
GHA,1998,33,1998-08-10,1998-08-16,15.3037,1.4019,AI,0.64,fourier_country_k1
GHA,1998,34,1998-08-17,1998-08-23,16.8259,1.5413,AI,0.64,fourier_country_k1
GHA,1998,35,1998-08-24,1998-08-30,18.4868,1.6934,AI,0.64,fourier_country_k1
GHA,1998,36,1998-08-31,1998-09-06,20.2623,1.8561,AI,0.64,fourier_country_k1
GHA,1998,37,1998-09-07,1998-09-13,22.1265,2.0269,AI,0.64,fourier_country_k1
GHA,1998,38,1998-09-14,1998-09-20,24.0522,2.2033,AI,0.64,fourier_country_k1
GHA,1998,39,1998-09-21,1998-09-27,715.4883,20.236,AI,0.81,fourier_country_k1
GHA,1998,40,1998-09-28,1998-10-04,769.5117,21.764,AI,0.81,fourier_country_k1
GHA,1998,41,1998-10-05,1998-10-11,358.3659,8.7866,AI,0.81,fourier_country_k1
GHA,1998,42,1998-10-12,1998-10-18,380.9845,9.3411,AI,0.81,fourier_country_k1
GHA,1998,43,1998-10-19,1998-10-25,402.6495,9.8723,AI,0.81,fourier_country_k1
GHA,1998,44,1998-10-26,1998-11-01,70.2015,1.9322,AI,0.72,fourier_country_k1
GHA,1998,45,1998-11-02,1998-11-08,73.326,2.0181,AI,0.72,fourier_country_k1
GHA,1998,46,1998-11-09,1998-11-15,76.1449,2.0957,AI,0.72,fourier_country_k1
GHA,1998,47,1998-11-16,1998-11-22,78.6171,2.1638,AI,0.72,fourier_country_k1
GHA,1998,48,1998-11-23,1998-11-29,80.7065,2.2213,AI,0.72,fourier_country_k1
GHA,1998,49,1998-11-30,1998-12-06,82.3827,2.2674,AI,0.72,fourier_country_k1
GHA,1998,50,1998-12-07,1998-12-13,83.6213,2.3015,AI,0.72,fourier_country_k1
GHA,1998,51,1998-12-14,1998-12-20,0.0,0.0,JHU,0.6,inferred_zero
GHA,1998,52,1998-12-21,1998-12-27,0.0,0.0,JHU,0.6,inferred_zero
GHA,1998,53,1998-12-28,1999-01-03,0.0,0.0,JHU,0.6,inferred_zero
GHA,1999,1,1999-01-04,1999-01-10,220.2218,5.2381,AI,0.56,fourier_country_k1
GHA,1999,2,1999-01-11,1999-01-17,218.5929,5.1994,AI,0.56,fourier_country_k1
GHA,1999,3,1999-01-18,1999-01-24,215.7652,5.1321,AI,0.56,fourier_country_k1
GHA,1999,4,1999-01-25,1999-01-31,211.7799,5.0373,AI,0.56,fourier_country_k1
GHA,1999,5,1999-02-01,1999-02-07,206.6951,4.9164,AI,0.56,fourier_country_k1
GHA,1999,6,1999-02-08,1999-02-14,200.585,4.771,AI,0.56,fourier_country_k1
GHA,1999,7,1999-02-15,1999-02-21,193.5387,4.6034,AI,0.56,fourier_country_k1
GHA,1999,8,1999-02-22,1999-02-28,185.6589,4.416,AI,0.56,fourier_country_k1
GHA,1999,9,1999-03-01,1999-03-07,177.0606,4.2115,AI,0.56,fourier_country_k1
GHA,1999,10,1999-03-08,1999-03-14,167.869,3.9929,AI,0.56,fourier_country_k1
GHA,1999,11,1999-03-15,1999-03-21,158.2183,3.7633,AI,0.56,fourier_country_k1
GHA,1999,12,1999-03-22,1999-03-28,148.2492,3.5262,AI,0.56,fourier_country_k1
GHA,1999,13,1999-03-29,1999-04-04,138.107,3.285,AI,0.56,fourier_country_k1
GHA,1999,14,1999-04-05,1999-04-11,127.9397,3.0431,AI,0.56,fourier_country_k1
GHA,1999,15,1999-04-12,1999-04-18,117.8954,2.8042,AI,0.56,fourier_country_k1
GHA,1999,16,1999-04-19,1999-04-25,108.1208,2.5717,AI,0.56,fourier_country_k1
GHA,1999,17,1999-04-26,1999-05-02,98.7582,2.349,AI,0.56,fourier_country_k1
GHA,1999,18,1999-05-03,1999-05-09,89.9443,2.1394,AI,0.56,fourier_country_k1
GHA,1999,19,1999-05-10,1999-05-16,0.0,0.0,AI,0.6,inferred_zero
GHA,1999,20,1999-05-17,1999-05-23,0.0,0.0,AI,0.6,inferred_zero
GHA,1999,21,1999-05-24,1999-05-30,0.0,0.0,AI,0.6,inferred_zero
GHA,1999,22,1999-05-31,1999-06-06,0.0,0.0,AI,0.6,inferred_zero
GHA,1999,23,1999-06-07,1999-06-13,19.27,1.0511,AI,0.81,fourier_country_k1
GHA,1999,24,1999-06-14,1999-06-20,18.2024,0.9929,AI,0.81,fourier_country_k1
GHA,1999,25,1999-06-21,1999-06-27,17.5276,0.9561,AI,0.81,fourier_country_k1
GHA,1999,26,1999-06-28,1999-07-04,476.6427,12.9495,AI,0.81,fourier_country_k1
GHA,1999,27,1999-07-05,1999-07-11,480.3573,13.0505,AI,0.81,fourier_country_k1
GHA,1999,28,1999-07-12,1999-07-18,0.0,0.0,AI,0.6,inferred_zero
GHA,1999,29,1999-07-19,1999-07-25,0.0,0.0,AI,0.6,inferred_zero
GHA,1999,30,1999-07-26,1999-08-01,0.0,0.0,AI,0.6,inferred_zero
GHA,1999,31,1999-08-02,1999-08-08,0.0,0.0,AI,0.6,inferred_zero
GHA,1999,32,1999-08-09,1999-08-15,0.0,0.0,AI,0.6,inferred_zero
GHA,1999,33,1999-08-16,1999-08-22,0.0,0.0,AI,0.6,inferred_zero
GHA,1999,34,1999-08-23,1999-08-29,0.0,0.0,AI,0.6,inferred_zero
GHA,1999,35,1999-08-30,1999-09-05,762.5205,27.6449,AI,0.765,fourier_country_k1
GHA,1999,36,1999-09-06,1999-09-12,835.7548,30.3,AI,0.765,fourier_country_k1
GHA,1999,37,1999-09-13,1999-09-19,912.6475,33.0877,AI,0.765,fourier_country_k1
GHA,1999,38,1999-09-20,1999-09-26,992.0772,35.9674,AI,0.765,fourier_country_k1
GHA,1999,39,1999-09-27,1999-10-03,85.0579,1.2275,AI,0.63,fourier_country_k1
GHA,1999,40,1999-10-04,1999-10-10,91.4803,1.3202,AI,0.63,fourier_country_k1
GHA,1999,41,1999-10-11,1999-10-17,97.8249,1.4118,AI,0.63,fourier_country_k1
GHA,1999,42,1999-10-18,1999-10-24,103.9992,1.5009,AI,0.63,fourier_country_k1
GHA,1999,43,1999-10-25,1999-10-31,109.9132,1.5862,AI,0.63,fourier_country_k1
GHA,1999,44,1999-11-01,1999-11-07,115.4806,1.6666,AI,0.63,fourier_country_k1
GHA,1999,45,1999-11-08,1999-11-14,120.6203,1.7408,AI,0.63,fourier_country_k1
GHA,1999,46,1999-11-15,1999-11-21,125.2573,1.8077,AI,0.63,fourier_country_k1
GHA,1999,47,1999-11-22,1999-11-28,129.324,1.8664,AI,0.63,fourier_country_k1
GHA,1999,48,1999-11-29,1999-12-05,132.7611,1.916,AI,0.63,fourier_country_k1
GHA,1999,49,1999-12-06,1999-12-12,135.5185,1.9558,AI,0.63,fourier_country_k1
GHA,1999,50,1999-12-13,1999-12-19,137.5559,1.9852,AI,0.63,fourier_country_k1
GHA,1999,51,1999-12-20,1999-12-26,138.8437,2.0038,AI,0.63,fourier_country_k1
GHA,1999,52,1999-12-27,2000-01-02,139.3631,2.0113,AI,0.63,fourier_country_k1
GHA,2000,1,2000-01-03,2000-01-09,50.6247,0.1436,AI,0.63,fourier_country_k1
GHA,2000,2,2000-01-10,2000-01-16,50.2503,0.1426,AI,0.63,fourier_country_k1
GHA,2000,3,2000-01-17,2000-01-23,49.6003,0.1407,AI,0.63,fourier_country_k1
GHA,2000,4,2000-01-24,2000-01-30,48.6841,0.1381,AI,0.63,fourier_country_k1
GHA,2000,5,2000-01-31,2000-02-06,47.5152,0.1348,AI,0.63,fourier_country_k1
GHA,2000,6,2000-02-07,2000-02-13,46.1106,0.1308,AI,0.63,fourier_country_k1
GHA,2000,7,2000-02-14,2000-02-20,44.4908,0.1262,AI,0.63,fourier_country_k1
GHA,2000,8,2000-02-21,2000-02-27,42.6794,0.1211,AI,0.63,fourier_country_k1
GHA,2000,9,2000-02-28,2000-03-05,40.7028,0.1155,AI,0.63,fourier_country_k1
GHA,2000,10,2000-03-06,2000-03-12,38.5899,0.1095,AI,0.63,fourier_country_k1
GHA,2000,11,2000-03-13,2000-03-19,36.3713,0.1032,AI,0.63,fourier_country_k1
GHA,2000,12,2000-03-20,2000-03-26,34.0796,0.0967,AI,0.63,fourier_country_k1
GHA,2000,13,2000-03-27,2000-04-02,31.7481,0.0901,AI,0.63,fourier_country_k1
GHA,2000,14,2000-04-03,2000-04-09,29.4109,0.0834,AI,0.63,fourier_country_k1
GHA,2000,15,2000-04-10,2000-04-16,27.1019,0.0769,AI,0.63,fourier_country_k1
GHA,2000,16,2000-04-17,2000-04-23,24.8549,0.0705,AI,0.63,fourier_country_k1
GHA,2000,17,2000-04-24,2000-04-30,22.7026,0.0644,AI,0.63,fourier_country_k1
GHA,2000,18,2000-05-01,2000-05-07,20.6765,0.0587,AI,0.63,fourier_country_k1
GHA,2000,19,2000-05-08,2000-05-14,18.806,0.0534,AI,0.63,fourier_country_k1
GHA,2000,20,2000-05-15,2000-05-21,98.2836,1.2035,AI,0.72,fourier_country_k1
GHA,2000,21,2000-05-22,2000-05-28,89.7864,1.0994,AI,0.72,fourier_country_k1
GHA,2000,22,2000-05-29,2000-06-04,82.6048,1.0115,AI,0.72,fourier_country_k1
GHA,2000,23,2000-06-05,2000-06-11,76.8434,0.9409,AI,0.72,fourier_country_k1
GHA,2000,24,2000-06-12,2000-06-18,72.5863,0.8888,AI,0.72,fourier_country_k1
GHA,2000,25,2000-06-19,2000-06-25,69.8955,0.8559,AI,0.72,fourier_country_k1
GHA,2000,26,2000-06-26,2000-07-02,39.6908,0.8176,AI,0.63,fourier_country_k1
GHA,2000,27,2000-07-03,2000-07-09,40.0001,0.8239,AI,0.63,fourier_country_k1
GHA,2000,28,2000-07-10,2000-07-16,41.2402,0.8495,AI,0.63,fourier_country_k1
GHA,2000,29,2000-07-17,2000-07-23,43.3929,0.8938,AI,0.63,fourier_country_k1
GHA,2000,30,2000-07-24,2000-07-30,46.4269,0.9563,AI,0.63,fourier_country_k1
GHA,2000,31,2000-07-31,2000-08-06,50.298,1.036,AI,0.63,fourier_country_k1
GHA,2000,32,2000-08-07,2000-08-13,54.9496,1.1319,AI,0.63,fourier_country_k1
GHA,2000,33,2000-08-14,2000-08-20,60.3139,1.2423,AI,0.63,fourier_country_k1
GHA,2000,34,2000-08-21,2000-08-27,66.3128,1.3659,AI,0.63,fourier_country_k1
GHA,2000,35,2000-08-28,2000-09-03,72.8588,1.5007,AI,0.63,fourier_country_k1
GHA,2000,36,2000-09-04,2000-09-10,79.8563,1.6449,AI,0.63,fourier_country_k1
GHA,2000,37,2000-09-11,2000-09-17,87.2034,1.7962,AI,0.63,fourier_country_k1
GHA,2000,38,2000-09-18,2000-09-24,94.7929,1.9525,AI,0.63,fourier_country_k1
GHA,2000,39,2000-09-25,2000-10-01,102.5141,2.1116,AI,0.63,fourier_country_k1
GHA,2000,40,2000-10-02,2000-10-08,110.2545,2.271,AI,0.63,fourier_country_k1
GHA,2000,41,2000-10-09,2000-10-15,117.9012,2.4285,AI,0.63,fourier_country_k1
GHA,2000,42,2000-10-16,2000-10-22,125.3427,2.5818,AI,0.63,fourier_country_k1
GHA,2000,43,2000-10-23,2000-10-29,132.4704,2.7286,AI,0.63,fourier_country_k1
GHA,2000,44,2000-10-30,2000-11-05,139.1804,2.8668,AI,0.63,fourier_country_k1
GHA,2000,45,2000-11-06,2000-11-12,121.0,10.0,AI,0.85,observed
GHA,2000,46,2000-11-13,2000-11-19,107.0,2.0,AI,0.85,observed
GHA,2000,47,2000-11-20,2000-11-26,44.0,5.0,AI,0.85,observed
GHA,2000,48,2000-11-27,2000-12-03,84.0,2.0,AI,0.85,observed
GHA,2000,49,2000-12-04,2000-12-10,80.0,2.0,AI,0.85,observed
GHA,2000,50,2000-12-11,2000-12-17,66.0,1.0,AI,0.85,observed
GHA,2000,51,2000-12-18,2000-12-24,29.0,0.0,AI,0.85,observed
GHA,2000,52,2000-12-25,2000-12-31,100.0,13.0,AI,0.85,observed
GHA,2001,1,2001-01-01,2001-01-07,123.0,6.0,AI,0.8,observed
GHA,2001,2,2001-01-08,2001-01-14,168.0,8.0,AI,0.8,observed
GHA,2001,3,2001-01-15,2001-01-21,155.0,5.0,AI,0.8,observed
GHA,2001,4,2001-01-22,2001-01-28,114.0,11.0,AI,0.8,observed
GHA,2001,5,2001-01-29,2001-02-04,134.0,4.0,AI,0.8,observed
GHA,2001,6,2001-02-05,2001-02-11,37.0,2.0,AI,0.8,observed
GHA,2001,7,2001-02-12,2001-02-18,18.0,0.0,AI,0.8,observed
GHA,2001,8,2001-02-19,2001-02-25,36.0,0.0,AI,0.8,observed
GHA,2001,9,2001-02-26,2001-03-04,56.0,2.0,AI,0.8,observed
GHA,2001,10,2001-03-05,2001-03-11,124.0,4.0,AI,0.8,observed
GHA,2001,11,2001-03-12,2001-03-18,33.0,0.0,AI,0.8,observed
GHA,2001,12,2001-03-19,2001-03-25,30.0,2.0,AI,0.8,observed
GHA,2001,13,2001-03-26,2001-04-01,63.0,2.0,AI,0.8,observed
GHA,2001,14,2001-04-02,2001-04-08,17.0,0.0,AI,0.8,observed
GHA,2001,15,2001-04-09,2001-04-15,33.0,0.0,AI,0.8,observed
GHA,2001,16,2001-04-16,2001-04-22,47.0,1.0,AI,0.8,observed
GHA,2001,17,2001-04-23,2001-04-29,30.0,0.0,AI,0.8,observed
GHA,2001,18,2001-04-30,2001-05-06,25.0,0.0,AI,0.8,observed
GHA,2001,19,2001-05-07,2001-05-13,30.0,0.0,AI,0.8,observed
GHA,2001,20,2001-05-14,2001-05-20,14.0,1.0,AI,0.8,observed
GHA,2001,21,2001-05-21,2001-05-27,54.0,4.0,AI,0.8,observed
GHA,2001,22,2001-05-28,2001-06-03,139.0,4.0,AI,0.8,observed
GHA,2001,23,2001-06-04,2001-06-10,160.0,2.0,AI,0.8,observed
GHA,2001,24,2001-06-11,2001-06-17,61.0,1.0,AI,0.8,observed
GHA,2001,25,2001-06-18,2001-06-24,45.0,0.0,AI,0.8,observed
GHA,2001,26,2001-06-25,2001-07-01,91.0,0.0,AI,0.8,observed
GHA,2001,27,2001-07-02,2001-07-08,175.0,0.0,AI,0.8,observed
GHA,2001,28,2001-07-09,2001-07-15,70.1683,1.5877,JHU,0.665,fourier_country_k1
GHA,2001,29,2001-07-16,2001-07-22,73.8311,1.6705,JHU,0.665,fourier_country_k1
GHA,2001,30,2001-07-23,2001-07-29,78.9933,1.7873,JHU,0.665,fourier_country_k1
GHA,2001,31,2001-07-30,2001-08-05,85.5797,1.9364,JHU,0.665,fourier_country_k1
GHA,2001,32,2001-08-06,2001-08-12,93.4942,2.1154,JHU,0.665,fourier_country_k1
GHA,2001,33,2001-08-13,2001-08-19,102.6214,2.3219,JHU,0.665,fourier_country_k1
GHA,2001,34,2001-08-20,2001-08-26,112.8282,2.5529,JHU,0.665,fourier_country_k1
GHA,2001,35,2001-08-27,2001-09-02,123.9658,2.8049,JHU,0.665,fourier_country_k1
GHA,2001,36,2001-09-03,2001-09-09,135.8718,3.0743,JHU,0.665,fourier_country_k1
GHA,2001,37,2001-09-10,2001-09-16,148.3725,3.3571,JHU,0.665,fourier_country_k1
GHA,2001,38,2001-09-17,2001-09-23,161.2857,3.6493,JHU,0.665,fourier_country_k1
GHA,2001,39,2001-09-24,2001-09-30,174.4231,3.9466,JHU,0.665,fourier_country_k1
GHA,2001,40,2001-10-01,2001-10-07,187.593,4.2445,JHU,0.665,fourier_country_k1
GHA,2001,41,2001-10-08,2001-10-14,200.6035,4.5389,JHU,0.665,fourier_country_k1
GHA,2001,42,2001-10-15,2001-10-21,213.2648,4.8254,JHU,0.665,fourier_country_k1
GHA,2001,43,2001-10-22,2001-10-28,225.3922,5.0998,JHU,0.665,fourier_country_k1
GHA,2001,44,2001-10-29,2001-11-04,236.8091,5.3581,JHU,0.665,fourier_country_k1
GHA,2001,45,2001-11-05,2001-11-11,247.3487,5.5966,JHU,0.665,fourier_country_k1
GHA,2001,46,2001-11-12,2001-11-18,256.8576,5.8118,JHU,0.665,fourier_country_k1
GHA,2001,47,2001-11-19,2001-11-25,265.1969,6.0004,JHU,0.665,fourier_country_k1
GHA,2001,48,2001-11-26,2001-12-02,272.2452,6.1599,JHU,0.665,fourier_country_k1
GHA,2001,49,2001-12-03,2001-12-09,277.8995,6.2879,JHU,0.665,fourier_country_k1
GHA,2001,50,2001-12-10,2001-12-16,282.0776,6.3824,JHU,0.665,fourier_country_k1
GHA,2001,51,2001-12-17,2001-12-23,284.7183,6.4421,JHU,0.665,fourier_country_k1
GHA,2001,52,2001-12-24,2001-12-30,285.7833,6.4662,JHU,0.665,fourier_country_k1
GHA,2002,1,2001-12-31,2002-01-06,10.5735,0.1521,AI,0.42,fourier_country_k1
GHA,2002,2,2002-01-07,2002-01-13,10.4953,0.151,AI,0.42,fourier_country_k1
GHA,2002,3,2002-01-14,2002-01-20,10.3595,0.1491,AI,0.42,fourier_country_k1
GHA,2002,4,2002-01-21,2002-01-27,10.1682,0.1463,AI,0.42,fourier_country_k1
GHA,2002,5,2002-01-28,2002-02-03,9.924,0.1428,AI,0.42,fourier_country_k1
GHA,2002,6,2002-02-04,2002-02-10,9.6307,0.1386,AI,0.42,fourier_country_k1
GHA,2002,7,2002-02-11,2002-02-17,9.2924,0.1337,AI,0.42,fourier_country_k1
GHA,2002,8,2002-02-18,2002-02-24,8.914,0.1283,AI,0.42,fourier_country_k1
GHA,2002,9,2002-02-25,2002-03-03,8.5012,0.1223,AI,0.42,fourier_country_k1
GHA,2002,10,2002-03-04,2002-03-10,8.0599,0.116,AI,0.42,fourier_country_k1
GHA,2002,11,2002-03-11,2002-03-17,7.5965,0.1093,AI,0.42,fourier_country_k1
GHA,2002,12,2002-03-18,2002-03-24,7.1179,0.1024,AI,0.42,fourier_country_k1
GHA,2002,13,2002-03-25,2002-03-31,6.6309,0.0954,AI,0.42,fourier_country_k1
GHA,2002,14,2002-04-01,2002-04-07,6.1428,0.0884,AI,0.42,fourier_country_k1
GHA,2002,15,2002-04-08,2002-04-14,5.6605,0.0814,AI,0.42,fourier_country_k1
GHA,2002,16,2002-04-15,2002-04-21,5.1912,0.0747,AI,0.42,fourier_country_k1
GHA,2002,17,2002-04-22,2002-04-28,4.7417,0.0682,AI,0.42,fourier_country_k1
GHA,2002,18,2002-04-29,2002-05-05,189.8333,,AI,0.4,fourier_country_k1
GHA,2002,19,2002-05-06,2002-05-12,172.6601,,AI,0.4,fourier_country_k1
GHA,2002,20,2002-05-13,2002-05-19,157.1666,,AI,0.4,fourier_country_k1
GHA,2002,21,2002-05-20,2002-05-26,7.9641,0.5083,AI,0.72,fourier_country_k1
GHA,2002,22,2002-05-27,2002-06-02,7.3271,0.4677,AI,0.72,fourier_country_k1
GHA,2002,23,2002-06-03,2002-06-09,6.816,0.4351,AI,0.72,fourier_country_k1
GHA,2002,24,2002-06-10,2002-06-16,6.4384,0.411,AI,0.72,fourier_country_k1
GHA,2002,25,2002-06-17,2002-06-23,6.1998,0.3957,AI,0.72,fourier_country_k1
GHA,2002,26,2002-06-24,2002-06-30,6.1035,0.3896,AI,0.72,fourier_country_k1
GHA,2002,27,2002-07-01,2002-07-07,6.1511,0.3926,AI,0.72,fourier_country_k1
GHA,2002,28,2002-07-08,2002-07-14,114.3309,,AI,0.4,fourier_country_k1
GHA,2002,29,2002-07-15,2002-07-21,120.2989,,AI,0.4,fourier_country_k1
GHA,2002,30,2002-07-22,2002-07-28,128.7101,,AI,0.4,fourier_country_k1
GHA,2002,31,2002-07-29,2002-08-04,173.0,0.0,AI,0.8,observed
GHA,2002,32,2002-08-05,2002-08-11,170.0,0.0,AI,0.8,observed
GHA,2002,33,2002-08-12,2002-08-18,135.0,0.0,AI,0.8,observed
GHA,2002,34,2002-08-19,2002-08-25,240.0,2.0,AI,0.9,observed
GHA,2002,35,2002-08-26,2002-09-01,121.0,0.0,AI,0.8,observed
GHA,2002,36,2002-09-02,2002-09-08,54.0,0.0,AI,0.8,observed
GHA,2002,37,2002-09-09,2002-09-15,90.0,1.0,AI,0.8,observed
GHA,2002,38,2002-09-16,2002-09-22,60.0,0.0,AI,0.8,observed
GHA,2002,39,2002-09-23,2002-09-29,105.0,2.0,AI,0.8,observed
GHA,2002,40,2002-09-30,2002-10-06,74.4841,3.0716,JHU,0.8,fourier_country_k1
GHA,2002,41,2002-10-07,2002-10-13,79.6499,3.2846,JHU,0.8,fourier_country_k1
GHA,2002,42,2002-10-14,2002-10-20,84.6771,3.4919,JHU,0.8,fourier_country_k1
GHA,2002,43,2002-10-21,2002-10-27,89.4923,3.6905,JHU,0.8,fourier_country_k1
GHA,2002,44,2002-10-28,2002-11-03,94.0254,3.8774,JHU,0.8,fourier_country_k1
GHA,2002,45,2002-11-04,2002-11-10,98.2102,4.05,JHU,0.8,fourier_country_k1
GHA,2002,46,2002-11-11,2002-11-17,101.9857,4.2057,JHU,0.8,fourier_country_k1
GHA,2002,47,2002-11-18,2002-11-24,105.2968,4.3422,JHU,0.8,fourier_country_k1
GHA,2002,48,2002-11-25,2002-12-01,108.0954,4.4576,JHU,0.8,fourier_country_k1
GHA,2002,49,2002-12-02,2002-12-08,110.3404,4.5502,JHU,0.8,fourier_country_k1
GHA,2002,50,2002-12-09,2002-12-15,111.9993,4.6186,JHU,0.8,fourier_country_k1
GHA,2002,51,2002-12-16,2002-12-22,113.0479,4.6619,JHU,0.8,fourier_country_k1
GHA,2002,52,2002-12-23,2002-12-29,113.4707,4.6793,JHU,0.8,fourier_country_k1
GHA,2003,1,2002-12-30,2003-01-05,8.0297,0.0,AI,0.72,fourier_country_k1
GHA,2003,2,2003-01-06,2003-01-12,7.9703,0.0,AI,0.72,fourier_country_k1
GHA,2003,3,2003-01-13,2003-01-19,13.0,0.0,AI,0.8,observed
GHA,2003,4,2003-01-20,2003-01-26,8.0,0.0,AI,0.8,observed
GHA,2003,5,2003-01-27,2003-02-02,3.0,0.0,AI,0.8,observed
GHA,2003,6,2003-02-03,2003-02-09,5.0,0.0,AI,0.8,observed
GHA,2003,7,2003-02-10,2003-02-16,22.0,0.0,AI,0.8,observed
GHA,2003,8,2003-02-17,2003-02-23,13.0,0.0,AI,0.8,observed
GHA,2003,9,2003-02-24,2003-03-02,9.0,0.0,AI,0.8,observed
GHA,2003,10,2003-03-03,2003-03-09,13.0,0.0,AI,0.8,observed
GHA,2003,11,2003-03-10,2003-03-16,4.0,0.0,AI,0.8,observed
GHA,2003,12,2003-03-17,2003-03-23,8.0,0.0,AI,0.8,observed
GHA,2003,13,2003-03-24,2003-03-30,6.8211,0.2436,AI,0.4,fourier_country_k1
GHA,2003,14,2003-03-31,2003-04-06,6.3189,0.2257,AI,0.4,fourier_country_k1
GHA,2003,15,2003-04-07,2003-04-13,5.8229,0.208,AI,0.4,fourier_country_k1
GHA,2003,16,2003-04-14,2003-04-20,5.3401,0.1907,AI,0.4,fourier_country_k1
GHA,2003,17,2003-04-21,2003-04-27,4.8777,0.1742,AI,0.4,fourier_country_k1
GHA,2003,18,2003-04-28,2003-05-04,4.4424,0.1587,AI,0.4,fourier_country_k1
GHA,2003,19,2003-05-05,2003-05-11,4.0405,0.1443,AI,0.4,fourier_country_k1
GHA,2003,20,2003-05-12,2003-05-18,3.6779,0.1314,AI,0.4,fourier_country_k1
GHA,2003,21,2003-05-19,2003-05-25,3.3599,0.12,AI,0.4,fourier_country_k1
GHA,2003,22,2003-05-26,2003-06-01,3.0912,0.1104,AI,0.4,fourier_country_k1
GHA,2003,23,2003-06-02,2003-06-08,2.8756,0.1027,AI,0.4,fourier_country_k1
GHA,2003,24,2003-06-09,2003-06-15,2.7163,0.097,AI,0.4,fourier_country_k1
GHA,2003,25,2003-06-16,2003-06-22,2.6156,0.0934,AI,0.4,fourier_country_k1
GHA,2003,26,2003-06-23,2003-06-29,0.0,0.0,AI,0.8,observed
GHA,2003,27,2003-06-30,2003-07-06,4.0,0.0,AI,0.8,observed
GHA,2003,28,2003-07-07,2003-07-13,0.0,0.0,AI,0.8,documented_zero
GHA,2003,29,2003-07-14,2003-07-20,0.0,0.0,AI,0.8,documented_zero
GHA,2003,30,2003-07-21,2003-07-27,5.7599,0.0,AI,0.45,fourier_country_k1
GHA,2003,31,2003-07-28,2003-08-03,6.2401,0.0,AI,0.45,fourier_country_k1
GHA,2003,32,2003-08-04,2003-08-10,5.0,1.0,AI,0.75,observed
GHA,2003,33,2003-08-11,2003-08-17,1.0,0.0,AI,0.8,observed
GHA,2003,34,2003-08-18,2003-08-24,6.0,0.0,AI,0.8,observed
GHA,2003,35,2003-08-25,2003-08-31,0.0,0.0,AI,0.8,documented_zero
GHA,2003,36,2003-09-01,2003-09-07,0.0,0.0,AI,0.8,documented_zero
GHA,2003,37,2003-09-08,2003-09-14,0.0,0.0,AI,0.8,documented_zero
GHA,2003,38,2003-09-15,2003-09-21,0.0,0.0,AI,0.8,documented_zero
GHA,2003,39,2003-09-22,2003-09-28,0.0,0.0,AI,0.8,documented_zero
GHA,2003,40,2003-09-29,2003-10-05,0.0,0.0,AI,0.8,documented_zero
GHA,2003,41,2003-10-06,2003-10-12,0.0,0.0,AI,0.8,documented_zero
GHA,2003,42,2003-10-13,2003-10-19,4.0,1.0,AI,0.8,observed
GHA,2003,43,2003-10-20,2003-10-26,1.0,0.0,AI,0.8,observed
GHA,2003,44,2003-10-27,2003-11-02,0.0,0.0,AI,0.8,observed
GHA,2003,45,2003-11-03,2003-11-09,1.0,0.0,AI,0.8,observed
GHA,2003,46,2003-11-10,2003-11-16,0.0,0.0,AI,0.8,observed
GHA,2003,47,2003-11-17,2003-11-23,0.0,0.0,JHU,0.6,inferred_zero
GHA,2003,48,2003-11-24,2003-11-30,0.0,0.0,JHU,0.6,inferred_zero
GHA,2003,49,2003-12-01,2003-12-07,0.0,0.0,JHU,0.6,inferred_zero
GHA,2003,50,2003-12-08,2003-12-14,0.0,0.0,JHU,0.6,inferred_zero
GHA,2003,51,2003-12-15,2003-12-21,0.0,0.0,JHU,0.6,inferred_zero
GHA,2003,52,2003-12-22,2003-12-28,0.0,0.0,JHU,0.6,inferred_zero
GHA,2004,1,2003-12-29,2004-01-04,25.0,,AI,0.5,observed
GHA,2004,2,2004-01-05,2004-01-11,30.0,,AI,0.5,observed
GHA,2004,3,2004-01-12,2004-01-18,57.0,,AI,0.5,observed
GHA,2004,4,2004-01-19,2004-01-25,53.0,,AI,0.5,observed
GHA,2004,5,2004-01-26,2004-02-01,86.0,,AI,0.5,observed
GHA,2004,6,2004-02-02,2004-02-08,52.0,,AI,0.5,observed
GHA,2004,7,2004-02-09,2004-02-15,27.0,,AI,0.5,observed
GHA,2004,8,2004-02-16,2004-02-22,18.0,,AI,0.5,observed
GHA,2004,9,2004-02-23,2004-02-29,17.0,,AI,0.5,observed
GHA,2004,10,2004-03-01,2004-03-07,23.0,,AI,0.5,observed
GHA,2004,11,2004-03-08,2004-03-14,19.0,,AI,0.5,observed
GHA,2004,12,2004-03-15,2004-03-21,4.0,,AI,0.5,observed
GHA,2004,13,2004-03-22,2004-03-28,11.7102,0.1761,AI,0.56,fourier_country_k1
GHA,2004,14,2004-03-29,2004-04-04,10.8481,0.1631,AI,0.56,fourier_country_k1
GHA,2004,15,2004-04-05,2004-04-11,3.0,,AI,0.5,observed
GHA,2004,16,2004-04-12,2004-04-18,9.1676,0.1379,AI,0.56,fourier_country_k1
GHA,2004,17,2004-04-19,2004-04-25,1.0,,AI,0.5,observed
GHA,2004,18,2004-04-26,2004-05-02,7.6264,0.1147,AI,0.56,fourier_country_k1
GHA,2004,19,2004-05-03,2004-05-09,6.9365,0.1043,AI,0.56,fourier_country_k1
GHA,2004,20,2004-05-10,2004-05-16,6.3141,0.0949,AI,0.56,fourier_country_k1
GHA,2004,21,2004-05-17,2004-05-23,2.0,,AI,0.5,observed
GHA,2004,22,2004-05-24,2004-05-30,1.0,,AI,0.5,observed
GHA,2004,23,2004-05-31,2004-06-06,4.9367,0.0742,AI,0.56,fourier_country_k1
GHA,2004,24,2004-06-07,2004-06-13,4.6632,0.0701,AI,0.56,fourier_country_k1
GHA,2004,25,2004-06-14,2004-06-20,4.4903,0.0675,AI,0.56,fourier_country_k1
GHA,2004,26,2004-06-21,2004-06-27,4.4206,0.0665,AI,0.56,fourier_country_k1
GHA,2004,27,2004-06-28,2004-07-04,4.4551,0.067,AI,0.56,fourier_country_k1
GHA,2004,28,2004-07-05,2004-07-11,4.5932,0.0691,AI,0.56,fourier_country_k1
GHA,2004,29,2004-07-12,2004-07-18,4.8329,0.0727,AI,0.56,fourier_country_k1
GHA,2004,30,2004-07-19,2004-07-25,5.1709,0.0778,AI,0.56,fourier_country_k1
GHA,2004,31,2004-07-26,2004-08-01,5.602,0.0842,AI,0.56,fourier_country_k1
GHA,2004,32,2004-08-02,2004-08-08,6.1201,0.092,AI,0.56,fourier_country_k1
GHA,2004,33,2004-08-09,2004-08-15,6.7175,0.101,AI,0.56,fourier_country_k1
GHA,2004,34,2004-08-16,2004-08-22,7.3857,0.1111,AI,0.56,fourier_country_k1
GHA,2004,35,2004-08-23,2004-08-29,8.1147,0.122,AI,0.56,fourier_country_k1
GHA,2004,36,2004-08-30,2004-09-05,8.8941,0.1337,AI,0.56,fourier_country_k1
GHA,2004,37,2004-09-06,2004-09-12,0.0,0.0,JHU,0.6,inferred_zero
GHA,2004,38,2004-09-13,2004-09-19,0.0,0.0,JHU,0.6,inferred_zero
GHA,2004,39,2004-09-20,2004-09-26,0.0,0.0,JHU,0.6,inferred_zero
GHA,2004,40,2004-09-27,2004-10-03,0.0,0.0,JHU,0.6,inferred_zero
GHA,2004,41,2004-10-04,2004-10-10,0.0,0.0,JHU,0.6,inferred_zero
GHA,2004,42,2004-10-11,2004-10-17,0.0,0.0,JHU,0.6,inferred_zero
GHA,2004,43,2004-10-18,2004-10-24,0.0,0.0,JHU,0.6,inferred_zero
GHA,2004,44,2004-10-25,2004-10-31,0.0,0.0,JHU,0.6,inferred_zero
GHA,2004,45,2004-11-01,2004-11-07,0.0,0.0,JHU,0.6,inferred_zero
GHA,2004,46,2004-11-08,2004-11-14,0.0,0.0,JHU,0.6,inferred_zero
GHA,2004,47,2004-11-15,2004-11-21,0.0,0.0,JHU,0.6,inferred_zero
GHA,2004,48,2004-11-22,2004-11-28,0.0,0.0,JHU,0.6,inferred_zero
GHA,2004,49,2004-11-29,2004-12-05,0.0,0.0,JHU,0.6,inferred_zero
GHA,2004,50,2004-12-06,2004-12-12,0.0,0.0,JHU,0.6,inferred_zero
GHA,2004,51,2004-12-13,2004-12-19,5.0,,AI,0.5,observed
GHA,2004,52,2004-12-20,2004-12-26,2.0,,AI,0.5,observed
GHA,2004,53,2004-12-27,2005-01-02,0.0,0.0,JHU,0.6,inferred_zero
GHA,2005,1,2005-01-03,2005-01-09,0.0,0.0,JHU,0.6,inferred_zero
GHA,2005,2,2005-01-10,2005-01-16,0.0,0.0,JHU,0.6,inferred_zero
GHA,2005,3,2005-01-17,2005-01-23,7.5348,0.1853,AI,0.35,fourier_country_k1
GHA,2005,4,2005-01-24,2005-01-30,7.3957,0.1819,AI,0.35,fourier_country_k1
GHA,2005,5,2005-01-31,2005-02-06,7.2181,0.1775,AI,0.35,fourier_country_k1
GHA,2005,6,2005-02-07,2005-02-13,7.0047,0.1722,AI,0.35,fourier_country_k1
GHA,2005,7,2005-02-14,2005-02-20,6.7587,0.1662,AI,0.35,fourier_country_k1
GHA,2005,8,2005-02-21,2005-02-27,6.4835,0.1594,AI,0.35,fourier_country_k1
GHA,2005,9,2005-02-28,2005-03-06,6.1832,0.152,AI,0.35,fourier_country_k1
GHA,2005,10,2005-03-07,2005-03-13,5.8622,0.1442,AI,0.35,fourier_country_k1
GHA,2005,11,2005-03-14,2005-03-20,5.5252,0.1359,AI,0.35,fourier_country_k1
GHA,2005,12,2005-03-21,2005-03-27,5.1771,0.1273,AI,0.35,fourier_country_k1
GHA,2005,13,2005-03-28,2005-04-03,4.8229,0.1186,AI,0.35,fourier_country_k1
GHA,2005,14,2005-04-04,2005-04-10,4.4678,0.1099,AI,0.35,fourier_country_k1
GHA,2005,15,2005-04-11,2005-04-17,4.1171,0.1012,AI,0.35,fourier_country_k1
GHA,2005,16,2005-04-18,2005-04-24,3.7757,0.0928,AI,0.35,fourier_country_k1
GHA,2005,17,2005-04-25,2005-05-01,3.4488,0.0848,AI,0.35,fourier_country_k1
GHA,2005,18,2005-05-02,2005-05-08,3.141,0.0772,AI,0.35,fourier_country_k1
GHA,2005,19,2005-05-09,2005-05-15,2.8568,0.0703,AI,0.35,fourier_country_k1
GHA,2005,20,2005-05-16,2005-05-22,2.6005,0.0639,AI,0.35,fourier_country_k1
GHA,2005,21,2005-05-23,2005-05-29,2.3757,0.0584,AI,0.35,fourier_country_k1
GHA,2005,22,2005-05-30,2005-06-05,2.1856,0.0537,AI,0.35,fourier_country_k1
GHA,2005,23,2005-06-06,2005-06-12,2.0332,0.05,AI,0.35,fourier_country_k1
GHA,2005,24,2005-06-13,2005-06-19,1.9206,0.0472,AI,0.35,fourier_country_k1
GHA,2005,25,2005-06-20,2005-06-26,1.8494,0.0455,AI,0.35,fourier_country_k1
GHA,2005,26,2005-06-27,2005-07-03,1.8207,0.0448,AI,0.35,fourier_country_k1
GHA,2005,27,2005-07-04,2005-07-10,1.8348,0.0451,AI,0.35,fourier_country_k1
GHA,2005,28,2005-07-11,2005-07-17,1.8917,0.0465,AI,0.35,fourier_country_k1
GHA,2005,29,2005-07-18,2005-07-24,1.9905,0.0489,AI,0.35,fourier_country_k1
GHA,2005,30,2005-07-25,2005-07-31,2.1296,0.0524,AI,0.35,fourier_country_k1
GHA,2005,31,2005-08-01,2005-08-07,2.3072,0.0567,AI,0.35,fourier_country_k1
GHA,2005,32,2005-08-08,2005-08-14,2.5206,0.062,AI,0.35,fourier_country_k1
GHA,2005,33,2005-08-15,2005-08-21,2.7666,0.068,AI,0.35,fourier_country_k1
GHA,2005,34,2005-08-22,2005-08-28,0.0,0.0,JHU,0.6,inferred_zero
GHA,2005,35,2005-08-29,2005-09-04,0.0,0.0,JHU,0.6,inferred_zero
GHA,2005,36,2005-09-05,2005-09-11,0.0,0.0,JHU,0.6,inferred_zero
GHA,2005,37,2005-09-12,2005-09-18,229.402,3.2594,AI,0.72,fourier_country_k1
GHA,2005,38,2005-09-19,2005-09-25,249.3673,3.543,AI,0.72,fourier_country_k1
GHA,2005,39,2005-09-26,2005-10-02,269.6792,3.8316,AI,0.72,fourier_country_k1
GHA,2005,40,2005-10-03,2005-10-09,290.0416,4.1209,AI,0.72,fourier_country_k1
GHA,2005,41,2005-10-10,2005-10-16,310.1573,4.4067,AI,0.72,fourier_country_k1
GHA,2005,42,2005-10-17,2005-10-23,329.7332,4.6849,AI,0.72,fourier_country_k1
GHA,2005,43,2005-10-24,2005-10-30,348.4838,4.9513,AI,0.72,fourier_country_k1
GHA,2005,44,2005-10-31,2005-11-06,366.1356,5.2021,AI,0.72,fourier_country_k1
GHA,2005,45,2005-11-07,2005-11-13,183.5558,4.0368,AI,0.54,fourier_country_k1
GHA,2005,46,2005-11-14,2005-11-20,190.6122,4.192,AI,0.54,fourier_country_k1
GHA,2005,47,2005-11-21,2005-11-27,196.8008,4.3281,AI,0.54,fourier_country_k1
GHA,2005,48,2005-11-28,2005-12-04,202.0312,4.4431,AI,0.54,fourier_country_k1
GHA,2005,49,2005-12-05,2005-12-11,0.0,0.0,JHU,0.6,inferred_zero
GHA,2005,50,2005-12-12,2005-12-18,0.0,0.0,JHU,0.6,inferred_zero
GHA,2005,51,2005-12-19,2005-12-25,0.0,0.0,JHU,0.6,inferred_zero
GHA,2005,52,2005-12-26,2006-01-01,0.0,0.0,JHU,0.6,inferred_zero
GHA,2006,1,2006-01-02,2006-01-08,119.7169,5.0603,AI,0.63,fourier_country_k1
GHA,2006,2,2006-01-09,2006-01-15,118.8314,5.0228,AI,0.63,fourier_country_k1
GHA,2006,3,2006-01-16,2006-01-22,117.2942,4.9579,AI,0.63,fourier_country_k1
GHA,2006,4,2006-01-23,2006-01-29,115.1277,4.8663,AI,0.63,fourier_country_k1
GHA,2006,5,2006-01-30,2006-02-05,112.3635,4.7494,AI,0.63,fourier_country_k1
GHA,2006,6,2006-02-06,2006-02-12,109.042,4.6091,AI,0.63,fourier_country_k1
GHA,2006,7,2006-02-13,2006-02-19,105.2114,4.4471,AI,0.63,fourier_country_k1
GHA,2006,8,2006-02-20,2006-02-26,100.9278,4.2661,AI,0.63,fourier_country_k1
GHA,2006,9,2006-02-27,2006-03-05,96.2536,4.0685,AI,0.63,fourier_country_k1
GHA,2006,10,2006-03-06,2006-03-12,91.2569,3.8573,AI,0.63,fourier_country_k1
GHA,2006,11,2006-03-13,2006-03-19,86.0106,3.6355,AI,0.63,fourier_country_k1
GHA,2006,12,2006-03-20,2006-03-26,80.5912,3.4065,AI,0.63,fourier_country_k1
GHA,2006,13,2006-03-27,2006-04-02,75.0777,3.1734,AI,0.63,fourier_country_k1
GHA,2006,14,2006-04-03,2006-04-09,69.5505,2.9398,AI,0.63,fourier_country_k1
GHA,2006,15,2006-04-10,2006-04-16,64.0903,2.709,AI,0.63,fourier_country_k1
GHA,2006,16,2006-04-17,2006-04-23,58.7766,2.4844,AI,0.63,fourier_country_k1
GHA,2006,17,2006-04-24,2006-04-30,53.6869,2.2693,AI,0.63,fourier_country_k1
GHA,2006,18,2006-05-01,2006-05-07,48.8955,2.0667,AI,0.63,fourier_country_k1
GHA,2006,19,2006-05-08,2006-05-14,44.4722,1.8798,AI,0.63,fourier_country_k1
GHA,2006,20,2006-05-15,2006-05-21,40.4815,1.7111,AI,0.63,fourier_country_k1
GHA,2006,21,2006-05-22,2006-05-28,36.9816,1.5632,AI,0.63,fourier_country_k1
GHA,2006,22,2006-05-29,2006-06-04,34.0236,1.4381,AI,0.63,fourier_country_k1
GHA,2006,23,2006-06-05,2006-06-11,31.6506,1.3378,AI,0.63,fourier_country_k1
GHA,2006,24,2006-06-12,2006-06-18,29.8972,1.2637,AI,0.63,fourier_country_k1
GHA,2006,25,2006-06-19,2006-06-25,28.7889,1.2169,AI,0.63,fourier_country_k1
GHA,2006,26,2006-06-26,2006-07-02,21.2321,0.3995,AI,0.3,fourier_country_k1
GHA,2006,27,2006-07-03,2006-07-09,21.3976,0.4026,AI,0.3,fourier_country_k1
GHA,2006,28,2006-07-10,2006-07-16,22.061,0.4151,AI,0.3,fourier_country_k1
GHA,2006,29,2006-07-17,2006-07-23,23.2125,0.4368,AI,0.3,fourier_country_k1
GHA,2006,30,2006-07-24,2006-07-30,24.8355,0.4673,AI,0.3,fourier_country_k1
GHA,2006,31,2006-07-31,2006-08-06,26.9063,0.5063,AI,0.3,fourier_country_k1
GHA,2006,32,2006-08-07,2006-08-13,29.3946,0.5531,AI,0.3,fourier_country_k1
GHA,2006,33,2006-08-14,2006-08-20,32.2642,0.6071,AI,0.3,fourier_country_k1
GHA,2006,34,2006-08-21,2006-08-27,35.4733,0.6675,AI,0.3,fourier_country_k1
GHA,2006,35,2006-08-28,2006-09-03,38.9749,0.7334,AI,0.3,fourier_country_k1
GHA,2006,36,2006-09-04,2006-09-10,42.7182,0.8038,AI,0.3,fourier_country_k1
GHA,2006,37,2006-09-11,2006-09-17,46.6484,0.8778,AI,0.3,fourier_country_k1
GHA,2006,38,2006-09-18,2006-09-24,50.7083,0.9542,AI,0.3,fourier_country_k1
GHA,2006,39,2006-09-25,2006-10-01,54.8387,1.0319,AI,0.3,fourier_country_k1
GHA,2006,40,2006-10-02,2006-10-08,58.9794,1.1098,AI,0.3,fourier_country_k1
GHA,2006,41,2006-10-09,2006-10-15,63.0699,1.1868,AI,0.3,fourier_country_k1
GHA,2006,42,2006-10-16,2006-10-22,67.0506,1.2617,AI,0.3,fourier_country_k1
GHA,2006,43,2006-10-23,2006-10-29,70.8635,1.3335,AI,0.3,fourier_country_k1
GHA,2006,44,2006-10-30,2006-11-05,74.4529,1.401,AI,0.3,fourier_country_k1
GHA,2006,45,2006-11-06,2006-11-12,77.7666,1.4633,AI,0.3,fourier_country_k1
GHA,2006,46,2006-11-13,2006-11-19,80.7562,1.5196,AI,0.3,fourier_country_k1
GHA,2006,47,2006-11-20,2006-11-26,83.3781,1.5689,AI,0.3,fourier_country_k1
GHA,2006,48,2006-11-27,2006-12-03,85.594,1.6106,AI,0.3,fourier_country_k1
GHA,2006,49,2006-12-04,2006-12-10,87.3718,1.6441,AI,0.3,fourier_country_k1
GHA,2006,50,2006-12-11,2006-12-17,88.6854,1.6688,AI,0.3,fourier_country_k1
GHA,2006,51,2006-12-18,2006-12-24,89.5156,1.6844,AI,0.3,fourier_country_k1
GHA,2006,52,2006-12-25,2006-12-31,89.8505,1.6907,AI,0.3,fourier_country_k1
GHA,2007,1,2007-01-01,2007-01-07,5.391,0.5421,JHU,0.5,fourier_country_k1
GHA,2007,2,2007-01-08,2007-01-14,5.3512,0.5381,JHU,0.5,fourier_country_k1
GHA,2007,3,2007-01-15,2007-01-21,5.2819,0.5311,JHU,0.5,fourier_country_k1
GHA,2007,4,2007-01-22,2007-01-28,5.1844,0.5213,JHU,0.5,fourier_country_k1
GHA,2007,5,2007-01-29,2007-02-04,5.0599,0.5088,JHU,0.5,fourier_country_k1
GHA,2007,6,2007-02-05,2007-02-11,4.9103,0.4938,JHU,0.5,fourier_country_k1
GHA,2007,7,2007-02-12,2007-02-18,4.7378,0.4764,JHU,0.5,fourier_country_k1
GHA,2007,8,2007-02-19,2007-02-25,4.5449,0.457,JHU,0.5,fourier_country_k1
GHA,2007,9,2007-02-26,2007-03-04,4.3345,0.4359,JHU,0.5,fourier_country_k1
GHA,2007,10,2007-03-05,2007-03-11,4.1094,0.4132,JHU,0.5,fourier_country_k1
GHA,2007,11,2007-03-12,2007-03-18,3.8732,0.3895,JHU,0.5,fourier_country_k1
GHA,2007,12,2007-03-19,2007-03-25,3.6291,0.3649,JHU,0.5,fourier_country_k1
GHA,2007,13,2007-03-26,2007-04-01,3.3809,0.34,JHU,0.5,fourier_country_k1
GHA,2007,14,2007-04-02,2007-04-08,3.132,0.3149,JHU,0.5,fourier_country_k1
GHA,2007,15,2007-04-09,2007-04-15,2.8861,0.2902,JHU,0.5,fourier_country_k1
GHA,2007,16,2007-04-16,2007-04-22,2.6468,0.2662,JHU,0.5,fourier_country_k1
GHA,2007,17,2007-04-23,2007-04-29,2.4176,0.2431,JHU,0.5,fourier_country_k1
GHA,2007,18,2007-04-30,2007-05-06,2.2018,0.2214,JHU,0.5,fourier_country_k1
GHA,2007,19,2007-05-07,2007-05-13,2.0027,0.2014,JHU,0.5,fourier_country_k1
GHA,2007,20,2007-05-14,2007-05-20,1.8229,0.1833,JHU,0.5,fourier_country_k1
GHA,2007,21,2007-05-21,2007-05-27,1.6653,0.1675,JHU,0.5,fourier_country_k1
GHA,2007,22,2007-05-28,2007-06-03,1.5321,0.1541,JHU,0.5,fourier_country_k1
GHA,2007,23,2007-06-04,2007-06-10,1.4253,0.1433,JHU,0.5,fourier_country_k1
GHA,2007,24,2007-06-11,2007-06-17,1.3463,0.1354,JHU,0.5,fourier_country_k1
GHA,2007,25,2007-06-18,2007-06-24,1.2964,0.1304,JHU,0.5,fourier_country_k1
GHA,2007,26,2007-06-25,2007-07-01,1.2763,0.1283,JHU,0.5,fourier_country_k1
GHA,2007,27,2007-07-02,2007-07-08,1.2862,0.1293,JHU,0.5,fourier_country_k1
GHA,2007,28,2007-07-09,2007-07-15,1.3261,0.1334,JHU,0.5,fourier_country_k1
GHA,2007,29,2007-07-16,2007-07-22,1.3953,0.1403,JHU,0.5,fourier_country_k1
GHA,2007,30,2007-07-23,2007-07-29,1.4929,0.1501,JHU,0.5,fourier_country_k1
GHA,2007,31,2007-07-30,2007-08-05,1.6174,0.1626,JHU,0.5,fourier_country_k1
GHA,2007,32,2007-08-06,2007-08-12,1.7669,0.1777,JHU,0.5,fourier_country_k1
GHA,2007,33,2007-08-13,2007-08-19,1.9394,0.195,JHU,0.5,fourier_country_k1
GHA,2007,34,2007-08-20,2007-08-26,2.1323,0.2144,JHU,0.5,fourier_country_k1
GHA,2007,35,2007-08-27,2007-09-02,2.3428,0.2356,JHU,0.5,fourier_country_k1
GHA,2007,36,2007-09-03,2007-09-09,2.5678,0.2582,JHU,0.5,fourier_country_k1
GHA,2007,37,2007-09-10,2007-09-16,2.8041,0.282,JHU,0.5,fourier_country_k1
GHA,2007,38,2007-09-17,2007-09-23,3.0481,0.3065,JHU,0.5,fourier_country_k1
GHA,2007,39,2007-09-24,2007-09-30,3.2964,0.3315,JHU,0.5,fourier_country_k1
GHA,2007,40,2007-10-01,2007-10-07,3.5453,0.3565,JHU,0.5,fourier_country_k1
GHA,2007,41,2007-10-08,2007-10-14,3.7912,0.3812,JHU,0.5,fourier_country_k1
GHA,2007,42,2007-10-15,2007-10-21,4.0305,0.4053,JHU,0.5,fourier_country_k1
GHA,2007,43,2007-10-22,2007-10-28,4.2597,0.4283,JHU,0.5,fourier_country_k1
GHA,2007,44,2007-10-29,2007-11-04,4.4754,0.45,JHU,0.5,fourier_country_k1
GHA,2007,45,2007-11-05,2007-11-11,4.6746,0.4701,JHU,0.5,fourier_country_k1
GHA,2007,46,2007-11-12,2007-11-18,4.8543,0.4881,JHU,0.5,fourier_country_k1
GHA,2007,47,2007-11-19,2007-11-25,5.0119,0.504,JHU,0.5,fourier_country_k1
GHA,2007,48,2007-11-26,2007-12-02,5.1451,0.5174,JHU,0.5,fourier_country_k1
GHA,2007,49,2007-12-03,2007-12-09,5.252,0.5281,JHU,0.5,fourier_country_k1
GHA,2007,50,2007-12-10,2007-12-16,5.331,0.5361,JHU,0.5,fourier_country_k1
GHA,2007,51,2007-12-17,2007-12-23,5.3809,0.5411,JHU,0.5,fourier_country_k1
GHA,2007,52,2007-12-24,2007-12-30,5.401,0.5431,JHU,0.5,fourier_country_k1
GHA,2008,1,2007-12-31,2008-01-06,5.391,0.5421,JHU,0.5,fourier_country_k1
GHA,2008,2,2008-01-07,2008-01-13,37.6966,0.7706,JHU,0.5,fourier_country_k1
GHA,2008,3,2008-01-14,2008-01-20,37.209,0.7606,JHU,0.5,fourier_country_k1
GHA,2008,4,2008-01-21,2008-01-27,36.5217,0.7466,JHU,0.5,fourier_country_k1
GHA,2008,5,2008-01-28,2008-02-03,35.6449,0.7286,JHU,0.5,fourier_country_k1
GHA,2008,6,2008-02-04,2008-02-10,34.5912,0.7071,JHU,0.5,fourier_country_k1
GHA,2008,7,2008-02-11,2008-02-17,33.376,0.6823,JHU,0.5,fourier_country_k1
GHA,2008,8,2008-02-18,2008-02-24,32.0171,0.6545,JHU,0.5,fourier_country_k1
GHA,2008,9,2008-02-25,2008-03-02,30.5343,0.6242,JHU,0.5,fourier_country_k1
GHA,2008,10,2008-03-03,2008-03-09,28.9492,0.5918,JHU,0.5,fourier_country_k1
GHA,2008,11,2008-03-10,2008-03-16,27.285,0.5577,JHU,0.5,fourier_country_k1
GHA,2008,12,2008-03-17,2008-03-23,25.5658,0.5226,JHU,0.5,fourier_country_k1
GHA,2008,13,2008-03-24,2008-03-30,23.8167,0.4869,JHU,0.5,fourier_country_k1
GHA,2008,14,2008-03-31,2008-04-06,22.0634,0.451,JHU,0.5,fourier_country_k1
GHA,2008,15,2008-04-07,2008-04-13,20.3312,0.4156,JHU,0.5,fourier_country_k1
GHA,2008,16,2008-04-14,2008-04-20,18.6456,0.3811,JHU,0.5,fourier_country_k1
GHA,2008,17,2008-04-21,2008-04-27,17.031,0.3481,JHU,0.5,fourier_country_k1
GHA,2008,18,2008-04-28,2008-05-04,15.511,0.3171,JHU,0.5,fourier_country_k1
GHA,2008,19,2008-05-05,2008-05-11,14.1078,0.2884,JHU,0.5,fourier_country_k1
GHA,2008,20,2008-05-12,2008-05-18,12.8419,0.2625,JHU,0.5,fourier_country_k1
GHA,2008,21,2008-05-19,2008-05-25,11.7316,0.2398,JHU,0.5,fourier_country_k1
GHA,2008,22,2008-05-26,2008-06-01,10.7932,0.2206,JHU,0.5,fourier_country_k1
GHA,2008,23,2008-06-02,2008-06-08,10.0405,0.2052,JHU,0.5,fourier_country_k1
GHA,2008,24,2008-06-09,2008-06-15,9.4842,0.1939,JHU,0.5,fourier_country_k1
GHA,2008,25,2008-06-16,2008-06-22,9.1326,0.1867,JHU,0.5,fourier_country_k1
GHA,2008,26,2008-06-23,2008-06-29,8.9909,0.1838,JHU,0.5,fourier_country_k1
GHA,2008,27,2008-06-30,2008-07-06,9.0609,0.1852,JHU,0.5,fourier_country_k1
GHA,2008,28,2008-07-07,2008-07-13,9.3418,0.191,JHU,0.5,fourier_country_k1
GHA,2008,29,2008-07-14,2008-07-20,9.8295,0.2009,JHU,0.5,fourier_country_k1
GHA,2008,30,2008-07-21,2008-07-27,10.5167,0.215,JHU,0.5,fourier_country_k1
GHA,2008,31,2008-07-28,2008-08-03,11.3936,0.2329,JHU,0.5,fourier_country_k1
GHA,2008,32,2008-08-04,2008-08-10,12.4473,0.2544,JHU,0.5,fourier_country_k1
GHA,2008,33,2008-08-11,2008-08-17,13.6624,0.2793,JHU,0.5,fourier_country_k1
GHA,2008,34,2008-08-18,2008-08-24,15.0213,0.3071,JHU,0.5,fourier_country_k1
GHA,2008,35,2008-08-25,2008-08-31,16.5041,0.3374,JHU,0.5,fourier_country_k1
GHA,2008,36,2008-09-01,2008-09-07,18.0892,0.3698,JHU,0.5,fourier_country_k1
GHA,2008,37,2008-09-08,2008-09-14,19.7535,0.4038,JHU,0.5,fourier_country_k1
GHA,2008,38,2008-09-15,2008-09-21,21.4727,0.4389,JHU,0.5,fourier_country_k1
GHA,2008,39,2008-09-22,2008-09-28,23.2217,0.4747,JHU,0.5,fourier_country_k1
GHA,2008,40,2008-09-29,2008-10-05,24.9751,0.5105,JHU,0.5,fourier_country_k1
GHA,2008,41,2008-10-06,2008-10-12,50.3391,1.2911,AI,0.44,fourier_country_k1
GHA,2008,42,2008-10-13,2008-10-19,53.5163,1.3726,AI,0.44,fourier_country_k1
GHA,2008,43,2008-10-20,2008-10-26,56.5596,1.4507,AI,0.44,fourier_country_k1
GHA,2008,44,2008-10-27,2008-11-02,59.4245,1.5241,AI,0.44,fourier_country_k1
GHA,2008,45,2008-11-03,2008-11-09,62.0693,1.592,AI,0.44,fourier_country_k1
GHA,2008,46,2008-11-10,2008-11-16,64.4554,1.6532,AI,0.44,fourier_country_k1
GHA,2008,47,2008-11-17,2008-11-23,66.5481,1.7068,AI,0.44,fourier_country_k1
GHA,2008,48,2008-11-24,2008-11-30,68.3168,1.7522,AI,0.44,fourier_country_k1
GHA,2008,49,2008-12-01,2008-12-07,69.7357,1.7886,AI,0.44,fourier_country_k1
GHA,2008,50,2008-12-08,2008-12-14,70.7841,1.8155,AI,0.44,fourier_country_k1
GHA,2008,51,2008-12-15,2008-12-21,71.4468,1.8325,AI,0.44,fourier_country_k1
GHA,2008,52,2008-12-22,2008-12-28,71.714,1.8393,AI,0.44,fourier_country_k1
GHA,2009,1,2008-12-29,2009-01-04,152.0,,AI,0.4,observed
GHA,2009,2,2009-01-05,2009-01-11,156.0,,AI,0.4,observed
GHA,2009,3,2009-01-12,2009-01-18,164.0,,AI,0.4,observed
GHA,2009,4,2009-01-19,2009-01-25,146.0,,AI,0.4,observed
GHA,2009,5,2009-01-26,2009-02-01,98.0,,AI,0.4,observed
GHA,2009,6,2009-02-02,2009-02-08,84.0,,AI,0.4,observed
GHA,2009,7,2009-02-09,2009-02-15,16.0299,0.292,JHU,0.5,fourier_country_k1
GHA,2009,8,2009-02-16,2009-02-22,15.3772,0.2802,JHU,0.5,fourier_country_k1
GHA,2009,9,2009-02-23,2009-03-01,14.6651,0.2672,JHU,0.5,fourier_country_k1
GHA,2009,10,2009-03-02,2009-03-08,13.9038,0.2533,JHU,0.5,fourier_country_k1
GHA,2009,11,2009-03-09,2009-03-15,13.1044,0.2387,JHU,0.5,fourier_country_k1
GHA,2009,12,2009-03-16,2009-03-22,12.2788,0.2237,JHU,0.5,fourier_country_k1
GHA,2009,13,2009-03-23,2009-03-29,11.4387,0.2084,JHU,0.5,fourier_country_k1
GHA,2009,14,2009-03-30,2009-04-05,10.5966,0.1931,JHU,0.5,fourier_country_k1
GHA,2009,15,2009-04-06,2009-04-12,9.7647,0.1779,JHU,0.5,fourier_country_k1
GHA,2009,16,2009-04-13,2009-04-19,8.9551,0.1631,JHU,0.5,fourier_country_k1
GHA,2009,17,2009-04-20,2009-04-26,8.1797,0.149,JHU,0.5,fourier_country_k1
GHA,2009,18,2009-04-27,2009-05-03,7.4496,0.1357,JHU,0.5,fourier_country_k1
GHA,2009,19,2009-05-04,2009-05-10,6.7757,0.1234,JHU,0.5,fourier_country_k1
GHA,2009,20,2009-05-11,2009-05-17,0.0,0.0,AI,0.55,observed
GHA,2009,21,2009-05-18,2009-05-24,5.6345,0.1027,JHU,0.5,fourier_country_k1
GHA,2009,22,2009-05-25,2009-05-31,5.1838,0.0944,JHU,0.5,fourier_country_k1
GHA,2009,23,2009-06-01,2009-06-07,4.8222,0.0879,JHU,0.5,fourier_country_k1
GHA,2009,24,2009-06-08,2009-06-14,4.5551,0.083,JHU,0.5,fourier_country_k1
GHA,2009,25,2009-06-15,2009-06-21,4.3862,0.0799,JHU,0.5,fourier_country_k1
GHA,2009,26,2009-06-22,2009-06-28,4.3181,0.0787,JHU,0.5,fourier_country_k1
GHA,2009,27,2009-06-29,2009-07-05,4.3518,0.0793,JHU,0.5,fourier_country_k1
GHA,2009,28,2009-07-06,2009-07-12,4.4867,0.0817,JHU,0.5,fourier_country_k1
GHA,2009,29,2009-07-13,2009-07-19,4.7209,0.086,JHU,0.5,fourier_country_k1
GHA,2009,30,2009-07-20,2009-07-26,5.051,0.092,JHU,0.5,fourier_country_k1
GHA,2009,31,2009-07-27,2009-08-02,5.4721,0.0997,JHU,0.5,fourier_country_k1
GHA,2009,32,2009-08-03,2009-08-09,5.9782,0.1089,JHU,0.5,fourier_country_k1
GHA,2009,33,2009-08-10,2009-08-16,6.5618,0.1195,JHU,0.5,fourier_country_k1
GHA,2009,34,2009-08-17,2009-08-23,7.2145,0.1314,JHU,0.5,fourier_country_k1
GHA,2009,35,2009-08-24,2009-08-30,7.9266,0.1444,JHU,0.5,fourier_country_k1
GHA,2009,36,2009-08-31,2009-09-06,8.6879,0.1583,JHU,0.5,fourier_country_k1
GHA,2009,37,2009-09-07,2009-09-13,9.4872,0.1728,JHU,0.5,fourier_country_k1
GHA,2009,38,2009-09-14,2009-09-20,10.3129,0.1879,JHU,0.5,fourier_country_k1
GHA,2009,39,2009-09-21,2009-09-27,11.1529,0.2032,JHU,0.5,fourier_country_k1
GHA,2009,40,2009-09-28,2009-10-04,11.9951,0.2185,JHU,0.5,fourier_country_k1
GHA,2009,41,2009-10-05,2009-10-11,12.827,0.2337,JHU,0.5,fourier_country_k1
GHA,2009,42,2009-10-12,2009-10-18,13.6366,0.2484,JHU,0.5,fourier_country_k1
GHA,2009,43,2009-10-19,2009-10-25,14.412,0.2626,JHU,0.5,fourier_country_k1
GHA,2009,44,2009-10-26,2009-11-01,15.142,0.2759,JHU,0.5,fourier_country_k1
GHA,2009,45,2009-11-02,2009-11-08,15.816,0.2881,JHU,0.5,fourier_country_k1
GHA,2009,46,2009-11-09,2009-11-15,16.424,0.2992,JHU,0.5,fourier_country_k1
GHA,2009,47,2009-11-16,2009-11-22,16.9572,0.3089,JHU,0.5,fourier_country_k1
GHA,2009,48,2009-11-23,2009-11-29,17.4079,0.3171,JHU,0.5,fourier_country_k1
GHA,2009,49,2009-11-30,2009-12-06,17.7694,0.3237,JHU,0.5,fourier_country_k1
GHA,2009,50,2009-12-07,2009-12-13,18.0366,0.3286,JHU,0.5,fourier_country_k1
GHA,2009,51,2009-12-14,2009-12-20,18.2054,0.3317,JHU,0.5,fourier_country_k1
GHA,2009,52,2009-12-21,2009-12-27,18.2735,0.3329,JHU,0.5,fourier_country_k1
GHA,2009,53,2009-12-28,2010-01-03,18.2735,0.3329,JHU,0.5,fourier_country_k1
GHA,2010,1,2010-01-04,2010-01-10,0.5787,0.0,JHU,0.5,fourier_country_k1
GHA,2010,2,2010-01-11,2010-01-17,0.5744,0.0,JHU,0.5,fourier_country_k1
GHA,2010,3,2010-01-18,2010-01-24,0.567,0.0,JHU,0.5,fourier_country_k1
GHA,2010,4,2010-01-25,2010-01-31,0.5565,0.0,JHU,0.5,fourier_country_k1
GHA,2010,5,2010-02-01,2010-02-07,0.5432,0.0,JHU,0.5,fourier_country_k1
GHA,2010,6,2010-02-08,2010-02-14,0.5271,0.0,JHU,0.5,fourier_country_k1
GHA,2010,7,2010-02-15,2010-02-21,0.5086,0.0,JHU,0.5,fourier_country_k1
GHA,2010,8,2010-02-22,2010-02-28,0.4879,0.0,JHU,0.5,fourier_country_k1
GHA,2010,9,2010-03-01,2010-03-07,0.4653,0.0,JHU,0.5,fourier_country_k1
GHA,2010,10,2010-03-08,2010-03-14,0.4411,0.0,JHU,0.5,fourier_country_k1
GHA,2010,11,2010-03-15,2010-03-21,0.4158,0.0,JHU,0.5,fourier_country_k1
GHA,2010,12,2010-03-22,2010-03-28,0.3896,0.0,JHU,0.5,fourier_country_k1
GHA,2010,13,2010-03-29,2010-04-04,0.3629,0.0,JHU,0.5,fourier_country_k1
GHA,2010,14,2010-04-05,2010-04-11,0.3362,0.0,JHU,0.5,fourier_country_k1
GHA,2010,15,2010-04-12,2010-04-18,0.3098,0.0,JHU,0.5,fourier_country_k1
GHA,2010,16,2010-04-19,2010-04-25,0.2841,0.0,JHU,0.5,fourier_country_k1
GHA,2010,17,2010-04-26,2010-05-02,0.2595,0.0,JHU,0.5,fourier_country_k1
GHA,2010,18,2010-05-03,2010-05-09,0.2364,0.0,JHU,0.5,fourier_country_k1
GHA,2010,19,2010-05-10,2010-05-16,0.215,0.0,JHU,0.5,fourier_country_k1
GHA,2010,20,2010-05-17,2010-05-23,0.0,0.0,AI,0.6,observed
GHA,2010,21,2010-05-24,2010-05-30,0.1788,0.0,JHU,0.5,fourier_country_k1
GHA,2010,22,2010-05-31,2010-06-06,0.1645,0.0,JHU,0.5,fourier_country_k1
GHA,2010,23,2010-06-07,2010-06-13,0.153,0.0,JHU,0.5,fourier_country_k1
GHA,2010,24,2010-06-14,2010-06-20,0.1445,0.0,JHU,0.5,fourier_country_k1
GHA,2010,25,2010-06-21,2010-06-27,0.1392,0.0,JHU,0.5,fourier_country_k1
GHA,2010,26,2010-06-28,2010-07-04,0.137,0.0,JHU,0.5,fourier_country_k1
GHA,2010,27,2010-07-05,2010-07-11,0.1381,0.0,JHU,0.5,fourier_country_k1
GHA,2010,28,2010-07-12,2010-07-18,0.1424,0.0,JHU,0.5,fourier_country_k1
GHA,2010,29,2010-07-19,2010-07-25,0.1498,0.0,JHU,0.5,fourier_country_k1
GHA,2010,30,2010-07-26,2010-08-01,0.1603,0.0,JHU,0.5,fourier_country_k1
GHA,2010,31,2010-08-02,2010-08-08,0.1736,0.0,JHU,0.5,fourier_country_k1
GHA,2010,32,2010-08-09,2010-08-15,0.1897,0.0,JHU,0.5,fourier_country_k1
GHA,2010,33,2010-08-16,2010-08-22,0.2082,0.0,JHU,0.5,fourier_country_k1
GHA,2010,34,2010-08-23,2010-08-29,0.2289,0.0,JHU,0.5,fourier_country_k1
GHA,2010,35,2010-08-30,2010-09-05,0.2515,0.0,JHU,0.5,fourier_country_k1
GHA,2010,36,2010-09-06,2010-09-12,17.3045,0.4977,AI,0.72,fourier_country_k1
GHA,2010,37,2010-09-13,2010-09-19,18.8966,0.5435,AI,0.72,fourier_country_k1
GHA,2010,38,2010-09-20,2010-09-26,20.5412,0.5908,AI,0.72,fourier_country_k1
GHA,2010,39,2010-09-27,2010-10-03,22.2143,0.6389,AI,0.72,fourier_country_k1
GHA,2010,40,2010-10-04,2010-10-10,16.2722,0.0,JHU,0.76,fourier_country_k1
GHA,2010,41,2010-10-11,2010-10-17,17.4007,0.0,JHU,0.76,fourier_country_k1
GHA,2010,42,2010-10-18,2010-10-24,18.499,0.0,JHU,0.76,fourier_country_k1
GHA,2010,43,2010-10-25,2010-10-31,19.551,0.0,JHU,0.76,fourier_country_k1
GHA,2010,44,2010-11-01,2010-11-07,20.5413,0.0,JHU,0.76,fourier_country_k1
GHA,2010,45,2010-11-08,2010-11-14,21.4555,0.0,JHU,0.76,fourier_country_k1
GHA,2010,46,2010-11-15,2010-11-21,22.2803,0.0,JHU,0.76,fourier_country_k1
GHA,2010,47,2010-11-22,2010-11-28,33.7752,0.9714,AI,0.72,fourier_country_k1
GHA,2010,48,2010-11-29,2010-12-05,34.6729,0.9972,AI,0.72,fourier_country_k1
GHA,2010,49,2010-12-06,2010-12-12,35.393,1.0179,AI,0.72,fourier_country_k1
GHA,2010,50,2010-12-13,2010-12-19,35.9251,1.0332,AI,0.72,fourier_country_k1
GHA,2010,51,2010-12-20,2010-12-26,36.2614,1.0429,AI,0.72,fourier_country_k1
GHA,2010,52,2010-12-27,2011-01-02,36.3971,1.0468,AI,0.72,fourier_country_k1
GHA,2011,1,2011-01-03,2011-01-09,14.0,,AI,0.45,observed
GHA,2011,2,2011-01-10,2011-01-16,22.0,,AI,0.45,observed
GHA,2011,3,2011-01-17,2011-01-23,40.0,,AI,0.45,observed
GHA,2011,4,2011-01-24,2011-01-30,189.0,,AI,0.45,observed
GHA,2011,5,2011-01-31,2011-02-06,328.0,,AI,0.45,observed
GHA,2011,6,2011-02-07,2011-02-13,341.0,,AI,0.45,observed
GHA,2011,7,2011-02-14,2011-02-20,516.0,,AI,0.45,observed
GHA,2011,8,2011-02-21,2011-02-27,660.0,,AI,0.45,observed
GHA,2011,9,2011-02-28,2011-03-06,612.0,,AI,0.45,observed
GHA,2011,10,2011-03-07,2011-03-13,717.0,,AI,0.45,observed
GHA,2011,11,2011-03-14,2011-03-20,674.0,,AI,0.45,observed
GHA,2011,12,2011-03-21,2011-03-27,526.0,,AI,0.45,observed
GHA,2011,13,2011-03-28,2011-04-03,663.0,,AI,0.45,observed
GHA,2011,14,2011-04-04,2011-04-10,593.0,,AI,0.45,observed
GHA,2011,15,2011-04-11,2011-04-17,442.0,,AI,0.45,observed
GHA,2011,16,2011-04-18,2011-04-24,324.0,,AI,0.45,observed
GHA,2011,17,2011-04-25,2011-05-01,234.0,,AI,0.45,observed
GHA,2011,18,2011-05-02,2011-05-08,160.0,,AI,0.45,observed
GHA,2011,19,2011-05-09,2011-05-15,103.0,,AI,0.45,observed
GHA,2011,20,2011-05-16,2011-05-22,88.0,,AI,0.45,observed
GHA,2011,21,2011-05-23,2011-05-29,111.0,,AI,0.45,observed
GHA,2011,22,2011-05-30,2011-06-05,78.0,,AI,0.45,observed
GHA,2011,23,2011-06-06,2011-06-12,90.0,,AI,0.45,observed
GHA,2011,24,2011-06-13,2011-06-19,93.0,,AI,0.45,observed
GHA,2011,25,2011-06-20,2011-06-26,122.0,,AI,0.45,observed
GHA,2011,26,2011-06-27,2011-07-03,66.0,,AI,0.45,observed
GHA,2011,27,2011-07-04,2011-07-10,119.0,,AI,0.45,observed
GHA,2011,28,2011-07-11,2011-07-17,121.0,,AI,0.45,observed
GHA,2011,29,2011-07-18,2011-07-24,98.0,,AI,0.45,observed
GHA,2011,30,2011-07-25,2011-07-31,90.0,,AI,0.45,observed
GHA,2011,31,2011-08-01,2011-08-07,72.0,,AI,0.45,observed
GHA,2011,32,2011-08-08,2011-08-14,67.0,,AI,0.45,observed
GHA,2011,33,2011-08-15,2011-08-21,97.0,,AI,0.45,observed
GHA,2011,34,2011-08-22,2011-08-28,77.0,,AI,0.45,observed
GHA,2011,35,2011-08-29,2011-09-04,65.0,,AI,0.45,observed
GHA,2011,36,2011-09-05,2011-09-11,121.0,,AI,0.45,observed
GHA,2011,37,2011-09-12,2011-09-18,88.0,,AI,0.45,observed
GHA,2011,38,2011-09-19,2011-09-25,80.0,,AI,0.45,observed
GHA,2011,39,2011-09-26,2011-10-02,69.0,,AI,0.45,observed
GHA,2011,40,2011-10-03,2011-10-09,33.0,,AI,0.45,observed
GHA,2011,41,2011-10-10,2011-10-16,16.0,,AI,0.45,observed
GHA,2011,42,2011-10-17,2011-10-23,31.0,,AI,0.45,observed
GHA,2011,43,2011-10-24,2011-10-30,69.0,,AI,0.45,observed
GHA,2011,44,2011-10-31,2011-11-06,89.0,,AI,0.45,observed
GHA,2011,45,2011-11-07,2011-11-13,58.0,,AI,0.45,observed
GHA,2011,46,2011-11-14,2011-11-20,57.0,,AI,0.45,observed
GHA,2011,47,2011-11-21,2011-11-27,32.0,,AI,0.45,observed
GHA,2011,48,2011-11-28,2011-12-04,37.0,,AI,0.45,observed
GHA,2011,49,2011-12-05,2011-12-11,27.0,,AI,0.45,observed
GHA,2011,50,2011-12-12,2011-12-18,25.0,,AI,0.45,observed
GHA,2011,51,2011-12-19,2011-12-25,24.0,,AI,0.45,observed
GHA,2011,52,2011-12-26,2012-01-01,30.0,,AI,0.45,observed
GHA,2012,1,2012-01-02,2012-01-08,1.0,,AI,0.9,observed
GHA,2012,2,2012-01-09,2012-01-15,18.0,,AI,0.9,observed
GHA,2012,3,2012-01-16,2012-01-22,15.0,,AI,0.9,observed
GHA,2012,4,2012-01-23,2012-01-29,23.0,,AI,0.9,observed
GHA,2012,5,2012-01-30,2012-02-05,16.0,,AI,0.9,observed
GHA,2012,6,2012-02-06,2012-02-12,12.0,,AI,0.9,observed
GHA,2012,7,2012-02-13,2012-02-19,13.0,,AI,0.9,observed
GHA,2012,8,2012-02-20,2012-02-26,23.0,,AI,0.9,observed
GHA,2012,9,2012-02-27,2012-03-04,15.0,,AI,0.9,observed
GHA,2012,10,2012-03-05,2012-03-11,15.0,,AI,0.9,observed
GHA,2012,11,2012-03-12,2012-03-18,27.0,,AI,0.9,observed
GHA,2012,12,2012-03-19,2012-03-25,69.0,,AI,0.9,observed
GHA,2012,13,2012-03-26,2012-04-01,289.0,,AI,0.9,observed
GHA,2012,14,2012-04-02,2012-04-08,618.0,,AI,0.9,observed
GHA,2012,15,2012-04-09,2012-04-15,563.0,,AI,0.9,observed
GHA,2012,16,2012-04-16,2012-04-22,564.0,,AI,0.9,observed
GHA,2012,17,2012-04-23,2012-04-29,510.0,,AI,0.9,observed
GHA,2012,18,2012-04-30,2012-05-06,282.0,,AI,0.9,observed
GHA,2012,19,2012-05-07,2012-05-13,147.0,,AI,0.75,observed
GHA,2012,20,2012-05-14,2012-05-20,297.0,,AI,0.75,observed
GHA,2012,21,2012-05-21,2012-05-27,162.0,3.0,AI,0.9,observed
GHA,2012,22,2012-05-28,2012-06-03,235.0,4.0,AI,0.9,observed
GHA,2012,23,2012-06-04,2012-06-10,151.0,1.0,AI,0.9,observed
GHA,2012,24,2012-06-11,2012-06-17,145.0,,AI,0.75,observed
GHA,2012,25,2012-06-18,2012-06-24,224.0,,AI,0.75,observed
GHA,2012,26,2012-06-25,2012-07-01,129.0,,AI,0.75,observed
GHA,2012,27,2012-07-02,2012-07-08,176.0,,AI,0.75,observed
GHA,2012,28,2012-07-09,2012-07-15,153.0,,AI,0.75,observed
GHA,2012,29,2012-07-16,2012-07-22,91.0,,AI,0.75,observed
GHA,2012,30,2012-07-23,2012-07-29,60.0,,AI,0.75,observed
GHA,2012,31,2012-07-30,2012-08-05,102.0,,AI,0.75,observed
GHA,2012,32,2012-08-06,2012-08-12,104.0,,AI,0.75,observed
GHA,2012,33,2012-08-13,2012-08-19,119.0,,AI,0.75,observed
GHA,2012,34,2012-08-20,2012-08-26,122.0,,AI,0.75,observed
GHA,2012,35,2012-08-27,2012-09-02,48.0,,AI,0.75,observed
GHA,2012,36,2012-09-03,2012-09-09,231.0,,AI,0.75,observed
GHA,2012,37,2012-09-10,2012-09-16,700.0,,AI,0.75,observed
GHA,2012,38,2012-09-17,2012-09-23,438.0,,AI,0.75,observed
GHA,2012,39,2012-09-24,2012-09-30,354.0,,AI,0.75,observed
GHA,2012,40,2012-10-01,2012-10-07,344.0,,AI,0.75,observed
GHA,2012,41,2012-10-08,2012-10-14,316.0,,AI,0.75,observed
GHA,2012,42,2012-10-15,2012-10-21,236.0,,AI,0.75,observed
GHA,2012,43,2012-10-22,2012-10-28,231.0,,AI,0.75,observed
GHA,2012,44,2012-10-29,2012-11-04,216.0,,AI,0.75,observed
GHA,2012,45,2012-11-05,2012-11-11,196.0,,AI,0.75,observed
GHA,2012,46,2012-11-12,2012-11-18,129.0,,AI,0.75,observed
GHA,2012,47,2012-11-19,2012-11-25,144.0,,AI,0.75,observed
GHA,2012,48,2012-11-26,2012-12-02,135.0,,AI,0.75,observed
GHA,2012,49,2012-12-03,2012-12-09,132.0,,AI,0.75,observed
GHA,2012,50,2012-12-10,2012-12-16,83.0,,AI,0.75,observed
GHA,2012,51,2012-12-17,2012-12-23,66.0,,AI,0.75,observed
GHA,2012,52,2012-12-24,2012-12-30,0.0,0.0,none,0.5,assumed_zero
GHA,2013,1,2012-12-31,2013-01-06,0.0,0.0,none,0.5,assumed_zero
GHA,2013,2,2013-01-07,2013-01-13,2.2625,,AI,0.68,fourier_country_k1
GHA,2013,3,2013-01-14,2013-01-20,2.2333,,AI,0.68,fourier_country_k1
GHA,2013,4,2013-01-21,2013-01-27,2.192,,AI,0.68,fourier_country_k1
GHA,2013,5,2013-01-28,2013-02-03,2.1394,,AI,0.68,fourier_country_k1
GHA,2013,6,2013-02-04,2013-02-10,2.0762,,AI,0.68,fourier_country_k1
GHA,2013,7,2013-02-11,2013-02-17,2.0032,,AI,0.68,fourier_country_k1
GHA,2013,8,2013-02-18,2013-02-24,1.9217,,AI,0.68,fourier_country_k1
GHA,2013,9,2013-02-25,2013-03-03,1.8327,,AI,0.68,fourier_country_k1
GHA,2013,10,2013-03-04,2013-03-10,1.7375,,AI,0.68,fourier_country_k1
GHA,2013,11,2013-03-11,2013-03-17,1.6376,,AI,0.68,fourier_country_k1
GHA,2013,12,2013-03-18,2013-03-24,1.5344,,AI,0.68,fourier_country_k1
GHA,2013,13,2013-03-25,2013-03-31,1.4295,,AI,0.68,fourier_country_k1
GHA,2013,14,2013-04-01,2013-04-07,0.5765,,AI,0.68,fourier_country_k1
GHA,2013,15,2013-04-08,2013-04-14,0.5312,,AI,0.68,fourier_country_k1
GHA,2013,16,2013-04-15,2013-04-21,0.4872,,AI,0.68,fourier_country_k1
GHA,2013,17,2013-04-22,2013-04-28,0.445,,AI,0.68,fourier_country_k1
GHA,2013,18,2013-04-29,2013-05-05,0.4053,,AI,0.68,fourier_country_k1
GHA,2013,19,2013-05-06,2013-05-12,0.3686,,AI,0.68,fourier_country_k1
GHA,2013,20,2013-05-13,2013-05-19,0.3355,,AI,0.68,fourier_country_k1
GHA,2013,21,2013-05-20,2013-05-26,0.3065,,AI,0.68,fourier_country_k1
GHA,2013,22,2013-05-27,2013-06-02,0.282,,AI,0.68,fourier_country_k1
GHA,2013,23,2013-06-03,2013-06-09,0.2623,,AI,0.68,fourier_country_k1
GHA,2013,24,2013-06-10,2013-06-16,0.3177,0.0,JHU,0.5,fourier_country_k1
GHA,2013,25,2013-06-17,2013-06-23,0.3059,0.0,JHU,0.5,fourier_country_k1
GHA,2013,26,2013-06-24,2013-06-30,0.3011,0.0,JHU,0.5,fourier_country_k1
GHA,2013,27,2013-07-01,2013-07-07,0.3035,0.0,JHU,0.5,fourier_country_k1
GHA,2013,28,2013-07-08,2013-07-14,0.3129,0.0,JHU,0.5,fourier_country_k1
GHA,2013,29,2013-07-15,2013-07-21,0.3292,0.0,JHU,0.5,fourier_country_k1
GHA,2013,30,2013-07-22,2013-07-28,0.3522,0.0,JHU,0.5,fourier_country_k1
GHA,2013,31,2013-07-29,2013-08-04,0.3816,0.0,JHU,0.5,fourier_country_k1
GHA,2013,32,2013-08-05,2013-08-11,0.4169,0.0,JHU,0.5,fourier_country_k1
GHA,2013,33,2013-08-12,2013-08-18,0.4576,0.0,JHU,0.5,fourier_country_k1
GHA,2013,34,2013-08-19,2013-08-25,0.5031,0.0,JHU,0.5,fourier_country_k1
GHA,2013,35,2013-08-26,2013-09-01,0.5528,0.0,JHU,0.5,fourier_country_k1
GHA,2013,36,2013-09-02,2013-09-08,0.6059,0.0,JHU,0.5,fourier_country_k1
GHA,2013,37,2013-09-09,2013-09-15,0.6616,0.0,JHU,0.5,fourier_country_k1
GHA,2013,38,2013-09-16,2013-09-22,0.7192,0.0,JHU,0.5,fourier_country_k1
GHA,2013,39,2013-09-23,2013-09-29,0.7778,0.0,JHU,0.5,fourier_country_k1
GHA,2013,40,2013-09-30,2013-10-06,0.8365,0.0,JHU,0.5,fourier_country_k1
GHA,2013,41,2013-10-07,2013-10-13,0.8945,0.0,JHU,0.5,fourier_country_k1
GHA,2013,42,2013-10-14,2013-10-20,0.951,0.0,JHU,0.5,fourier_country_k1
GHA,2013,43,2013-10-21,2013-10-27,1.0051,0.0,JHU,0.5,fourier_country_k1
GHA,2013,44,2013-10-28,2013-11-03,1.056,0.0,JHU,0.5,fourier_country_k1
GHA,2013,45,2013-11-04,2013-11-10,1.103,0.0,JHU,0.5,fourier_country_k1
GHA,2013,46,2013-11-11,2013-11-17,1.1454,0.0,JHU,0.5,fourier_country_k1
GHA,2013,47,2013-11-18,2013-11-24,1.1826,0.0,JHU,0.5,fourier_country_k1
GHA,2013,48,2013-11-25,2013-12-01,1.214,0.0,JHU,0.5,fourier_country_k1
GHA,2013,49,2013-12-02,2013-12-08,1.2392,0.0,JHU,0.5,fourier_country_k1
GHA,2013,50,2013-12-09,2013-12-15,1.2578,0.0,JHU,0.5,fourier_country_k1
GHA,2013,51,2013-12-16,2013-12-22,1.2696,0.0,JHU,0.5,fourier_country_k1
GHA,2013,52,2013-12-23,2013-12-29,1.2744,0.0,JHU,0.5,fourier_country_k1
GHA,2014,1,2013-12-30,2014-01-05,1.272,0.0,JHU,0.5,fourier_country_k1
GHA,2014,2,2014-01-06,2014-01-12,0.0,0.0,AI,0.9,documented_zero
GHA,2014,3,2014-01-13,2014-01-19,0.0,0.0,AI,0.9,documented_zero
GHA,2014,4,2014-01-20,2014-01-26,0.0,0.0,AI,0.9,documented_zero
GHA,2014,5,2014-01-27,2014-02-02,0.0,0.0,AI,0.9,documented_zero
GHA,2014,6,2014-02-03,2014-02-09,0.0,0.0,AI,0.9,documented_zero
GHA,2014,7,2014-02-10,2014-02-16,0.0,0.0,AI,0.9,documented_zero
GHA,2014,8,2014-02-17,2014-02-23,0.0,0.0,AI,0.9,documented_zero
GHA,2014,9,2014-02-24,2014-03-02,0.0,0.0,AI,0.9,documented_zero
GHA,2014,10,2014-03-03,2014-03-09,0.0,0.0,AI,0.9,documented_zero
GHA,2014,11,2014-03-10,2014-03-16,0.0,,JHU,0.9,observed
GHA,2014,12,2014-03-17,2014-03-23,0.0,,JHU,0.9,observed
GHA,2014,13,2014-03-24,2014-03-30,0.0,,JHU,0.9,observed
GHA,2014,14,2014-03-31,2014-04-06,0.0,,JHU,0.9,observed
GHA,2014,15,2014-04-07,2014-04-13,0.0,,JHU,0.9,observed
GHA,2014,16,2014-04-14,2014-04-20,0.0,,JHU,0.9,observed
GHA,2014,17,2014-04-21,2014-04-27,0.0,,JHU,0.9,observed
GHA,2014,18,2014-04-28,2014-05-04,0.0,,JHU,0.9,observed
GHA,2014,19,2014-05-05,2014-05-11,2.0,,JHU,0.9,observed
GHA,2014,20,2014-05-12,2014-05-18,0.0,,JHU,0.9,observed
GHA,2014,21,2014-05-19,2014-05-25,0.0,,JHU,0.9,observed
GHA,2014,22,2014-05-26,2014-06-01,0.0,,JHU,0.9,observed
GHA,2014,23,2014-06-02,2014-06-08,0.0,,JHU,0.9,observed
GHA,2014,24,2014-06-09,2014-06-15,6.0,,JHU,0.9,observed
GHA,2014,25,2014-06-16,2014-06-22,3.0,,JHU,0.9,observed
GHA,2014,26,2014-06-23,2014-06-29,17.0,,JHU,0.9,observed
GHA,2014,27,2014-06-30,2014-07-06,36.0,,JHU,0.9,observed
GHA,2014,28,2014-07-07,2014-07-13,35.0,,JHU,0.9,observed
GHA,2014,29,2014-07-14,2014-07-20,273.0,,JHU,0.9,observed
GHA,2014,30,2014-07-21,2014-07-27,491.0,,JHU,0.9,observed
GHA,2014,31,2014-07-28,2014-08-03,1100.0,,JHU,0.9,observed
GHA,2014,32,2014-08-04,2014-08-10,2150.0,,JHU,0.9,observed
GHA,2014,33,2014-08-11,2014-08-17,2013.0,,JHU,0.9,observed
GHA,2014,34,2014-08-18,2014-08-24,2558.0,,JHU,0.9,observed
GHA,2014,35,2014-08-25,2014-08-31,2897.0,,JHU,0.9,observed
GHA,2014,36,2014-09-01,2014-09-07,2647.0,,JHU,0.9,observed
GHA,2014,37,2014-09-08,2014-09-14,2488.0,,JHU,0.9,observed
GHA,2014,38,2014-09-15,2014-09-21,1877.0,,JHU,0.9,observed
GHA,2014,39,2014-09-22,2014-09-28,1952.0,,JHU,0.9,observed
GHA,2014,40,2014-09-29,2014-10-05,1965.0,,JHU,0.9,observed
GHA,2014,41,2014-10-06,2014-10-12,1557.0,,JHU,0.9,observed
GHA,2014,42,2014-10-13,2014-10-19,1254.0,,JHU,0.9,observed
GHA,2014,43,2014-10-20,2014-10-26,1456.0,,JHU,0.9,observed
GHA,2014,44,2014-10-27,2014-11-02,1009.0,,JHU,0.9,observed
GHA,2014,45,2014-11-03,2014-11-09,661.0,,JHU,0.9,observed
GHA,2014,46,2014-11-10,2014-11-16,426.0,,JHU,0.9,observed
GHA,2014,47,2014-11-17,2014-11-23,414.0,,JHU,0.9,observed
GHA,2014,48,2014-11-24,2014-11-30,318.0,,JHU,0.9,observed
GHA,2014,49,2014-12-01,2014-12-07,104.0,,JHU,0.9,observed
GHA,2014,50,2014-12-08,2014-12-14,141.0,0.0,AI,0.8,observed
GHA,2014,51,2014-12-15,2014-12-21,120.0,0.0,AI,0.8,observed
GHA,2014,52,2014-12-22,2014-12-28,103.0,1.0,AI,0.8,observed
GHA,2015,1,2014-12-29,2015-01-04,102.0,0.0,AI,0.9,observed
GHA,2015,2,2015-01-05,2015-01-11,42.0,0.0,AI,0.9,observed
GHA,2015,3,2015-01-12,2015-01-18,10.0,0.0,AI,0.9,observed
GHA,2015,4,2015-01-19,2015-01-25,4.0,0.0,AI,0.9,observed
GHA,2015,5,2015-01-26,2015-02-01,16.0,0.0,AI,0.9,observed
GHA,2015,6,2015-02-02,2015-02-08,22.0,0.0,AI,0.9,observed
GHA,2015,7,2015-02-09,2015-02-15,40.0,2.0,AI,0.9,observed
GHA,2015,8,2015-02-16,2015-02-22,38.0,1.0,AI,0.9,observed
GHA,2015,9,2015-02-23,2015-03-01,60.0,0.0,AI,0.9,observed
GHA,2015,10,2015-03-02,2015-03-08,107.0,1.0,AI,0.9,observed
GHA,2015,11,2015-03-09,2015-03-15,85.0,0.0,AI,0.9,observed
GHA,2015,12,2015-03-16,2015-03-22,55.0,0.0,AI,0.9,observed
GHA,2015,13,2015-03-23,2015-03-29,36.0,1.0,AI,0.9,observed
GHA,2015,14,2015-03-30,2015-04-05,13.0,0.0,AI,0.9,observed
GHA,2015,15,2015-04-06,2015-04-12,8.0,0.0,AI,0.9,observed
GHA,2015,16,2015-04-13,2015-04-19,10.0,0.0,AI,0.9,observed
GHA,2015,17,2015-04-20,2015-04-26,4.0,0.0,AI,0.9,observed
GHA,2015,18,2015-04-27,2015-05-03,6.0,0.0,AI,0.9,observed
GHA,2015,19,2015-05-04,2015-05-10,6.0,0.0,AI,0.9,observed
GHA,2015,20,2015-05-11,2015-05-17,7.0,0.0,AI,0.9,observed
GHA,2015,21,2015-05-18,2015-05-24,3.0,0.0,AI,0.8,observed
GHA,2015,22,2015-05-25,2015-05-31,0.0,0.0,AI,0.85,observed
GHA,2015,23,2015-06-01,2015-06-07,1.0,0.0,AI,0.9,observed
GHA,2015,24,2015-06-08,2015-06-14,25.0,1.0,AI,0.9,observed
GHA,2015,25,2015-06-15,2015-06-21,18.0,0.0,AI,0.9,observed
GHA,2015,26,2015-06-22,2015-06-28,0.0,0.0,AI,0.85,observed
GHA,2015,27,2015-06-29,2015-07-05,8.0,0.0,AI,0.9,observed
GHA,2015,28,2015-07-06,2015-07-12,4.0,0.0,AI,0.9,observed
GHA,2015,29,2015-07-13,2015-07-19,4.0,0.0,AI,0.9,observed
GHA,2015,30,2015-07-20,2015-07-26,6.0,0.0,AI,0.9,observed
GHA,2015,31,2015-07-27,2015-08-02,9.0,,JHU,0.9,observed
GHA,2015,32,2015-08-03,2015-08-09,0.0,,JHU,0.9,observed
GHA,2015,33,2015-08-10,2015-08-16,0.0,,JHU,0.9,observed
GHA,2015,34,2015-08-17,2015-08-23,0.0,,JHU,0.9,observed
GHA,2015,35,2015-08-24,2015-08-30,8.0,,JHU,0.9,observed
GHA,2015,36,2015-08-31,2015-09-06,6.0,,JHU,0.9,observed
GHA,2015,37,2015-09-07,2015-09-13,2.0,,JHU,0.9,observed
GHA,2015,38,2015-09-14,2015-09-20,2.0,,JHU,0.9,observed
GHA,2015,39,2015-09-21,2015-09-27,1.0,,JHU,0.9,observed
GHA,2015,40,2015-09-28,2015-10-04,1.0,,JHU,0.9,observed
GHA,2015,41,2015-10-05,2015-10-11,0.0,,JHU,0.9,observed
GHA,2015,42,2015-10-12,2015-10-18,0.0,,JHU,0.9,observed
GHA,2015,43,2015-10-19,2015-10-25,2.0,,JHU,0.9,observed
GHA,2015,44,2015-10-26,2015-11-01,0.0,,JHU,0.9,observed
GHA,2015,45,2015-11-02,2015-11-08,0.0,,JHU,0.9,observed
GHA,2015,46,2015-11-09,2015-11-15,0.0,,JHU,0.9,observed
GHA,2015,47,2015-11-16,2015-11-22,0.0,,JHU,0.9,observed
GHA,2015,48,2015-11-23,2015-11-29,0.0,,JHU,0.9,observed
GHA,2015,49,2015-11-30,2015-12-06,0.0,,JHU,0.9,observed
GHA,2015,50,2015-12-07,2015-12-13,0.0,,JHU,0.9,observed
GHA,2015,51,2015-12-14,2015-12-20,0.0,,JHU,0.9,observed
GHA,2015,52,2015-12-21,2015-12-27,0.0,,JHU,0.9,observed
GHA,2015,53,2015-12-28,2016-01-03,0.0,,JHU,0.9,observed
GHA,2016,1,2016-01-04,2016-01-10,0.0,,JHU,0.9,observed
GHA,2016,2,2016-01-11,2016-01-17,0.0,,JHU,0.9,observed
GHA,2016,3,2016-01-18,2016-01-24,0.0,,JHU,0.9,observed
GHA,2016,4,2016-01-25,2016-01-31,0.0,,JHU,0.9,observed
GHA,2016,5,2016-02-01,2016-02-07,0.0,,JHU,0.9,observed
GHA,2016,6,2016-02-08,2016-02-14,0.0,,JHU,0.9,observed
GHA,2016,7,2016-02-15,2016-02-21,0.0,,JHU,0.9,observed
GHA,2016,8,2016-02-22,2016-02-28,0.0,,JHU,0.9,observed
GHA,2016,9,2016-02-29,2016-03-06,0.0,,JHU,0.9,observed
GHA,2016,10,2016-03-07,2016-03-13,0.0,,JHU,0.9,observed
GHA,2016,11,2016-03-14,2016-03-20,0.0,,JHU,0.9,observed
GHA,2016,12,2016-03-21,2016-03-27,0.0,,JHU,0.9,observed
GHA,2016,13,2016-03-28,2016-04-03,1.0,,JHU,0.9,observed
GHA,2016,14,2016-04-04,2016-04-10,0.0,,JHU,0.9,observed
GHA,2016,15,2016-04-11,2016-04-17,0.0,,JHU,0.9,observed
GHA,2016,16,2016-04-18,2016-04-24,0.0,,JHU,0.9,observed
GHA,2016,17,2016-04-25,2016-05-01,0.0,,JHU,0.9,observed
GHA,2016,18,2016-05-02,2016-05-08,0.0,,JHU,0.9,observed
GHA,2016,19,2016-05-09,2016-05-15,0.0,,JHU,0.9,observed
GHA,2016,20,2016-05-16,2016-05-22,0.0,,JHU,0.9,observed
GHA,2016,21,2016-05-23,2016-05-29,0.0,,JHU,0.9,observed
GHA,2016,22,2016-05-30,2016-06-05,0.0,,JHU,0.9,observed
GHA,2016,23,2016-06-06,2016-06-12,0.0,,JHU,0.9,observed
GHA,2016,24,2016-06-13,2016-06-19,0.0,,JHU,0.9,observed
GHA,2016,25,2016-06-20,2016-06-26,0.0,,JHU,0.9,observed
GHA,2016,26,2016-06-27,2016-07-03,0.0,,JHU,0.9,observed
GHA,2016,27,2016-07-04,2016-07-10,0.0,,JHU,0.9,observed
GHA,2016,28,2016-07-11,2016-07-17,0.0,,JHU,0.9,observed
GHA,2016,29,2016-07-18,2016-07-24,0.0,,JHU,0.9,observed
GHA,2016,30,2016-07-25,2016-07-31,0.0,,JHU,0.9,observed
GHA,2016,31,2016-08-01,2016-08-07,0.0,,JHU,0.9,observed
GHA,2016,32,2016-08-08,2016-08-14,1.0,,JHU,0.9,observed
GHA,2016,33,2016-08-15,2016-08-21,0.0,,JHU,0.9,observed
GHA,2016,34,2016-08-22,2016-08-28,0.0,,JHU,0.9,observed
GHA,2016,35,2016-08-29,2016-09-04,0.0,,JHU,0.9,observed
GHA,2016,36,2016-09-05,2016-09-11,2.0,,JHU,0.9,observed
GHA,2016,37,2016-09-12,2016-09-18,0.0,,JHU,0.9,observed
GHA,2016,38,2016-09-19,2016-09-25,0.0,,JHU,0.9,observed
GHA,2016,39,2016-09-26,2016-10-02,0.0,,JHU,0.9,observed
GHA,2016,40,2016-10-03,2016-10-09,0.0,,JHU,0.9,observed
GHA,2016,41,2016-10-10,2016-10-16,3.0,,JHU,0.9,observed
GHA,2016,42,2016-10-17,2016-10-23,114.0,,JHU,0.9,observed
GHA,2016,43,2016-10-24,2016-10-30,112.0,,JHU,0.9,observed
GHA,2016,44,2016-10-31,2016-11-06,131.0,,JHU,0.9,observed
GHA,2016,45,2016-11-07,2016-11-13,151.0,,JHU,0.9,observed
GHA,2016,46,2016-11-14,2016-11-20,61.0,,JHU,0.9,observed
GHA,2016,47,2016-11-21,2016-11-27,26.0,,JHU,0.9,observed
GHA,2016,48,2016-11-28,2016-12-04,0.0,0.0,none,0.5,assumed_zero
GHA,2016,49,2016-12-05,2016-12-11,0.0,0.0,none,0.5,assumed_zero
GHA,2016,50,2016-12-12,2016-12-18,16.0,,JHU,0.9,observed
GHA,2016,51,2016-12-19,2016-12-25,3.0,,JHU,0.9,observed
GHA,2016,52,2016-12-26,2017-01-01,0.0,,JHU,0.9,observed
GHA,2017,1,2017-01-02,2017-01-08,4.0,,JHU,0.9,observed
GHA,2017,2,2017-01-09,2017-01-15,0.0,,JHU,0.9,observed
GHA,2017,3,2017-01-16,2017-01-22,0.0,,JHU,0.9,observed
GHA,2017,4,2017-01-23,2017-01-29,0.0,,JHU,0.9,observed
GHA,2017,5,2017-01-30,2017-02-05,0.0,,JHU,0.9,observed
GHA,2017,6,2017-02-06,2017-02-12,0.0,,JHU,0.9,observed
GHA,2017,7,2017-02-13,2017-02-19,0.0,,JHU,0.9,observed
GHA,2017,8,2017-02-20,2017-02-26,2.0,,JHU,0.9,observed
GHA,2017,9,2017-02-27,2017-03-05,0.0,,JHU,0.9,observed
GHA,2017,10,2017-03-06,2017-03-12,0.0,,JHU,0.9,observed
GHA,2017,11,2017-03-13,2017-03-19,0.0,,JHU,0.9,observed
GHA,2017,12,2017-03-20,2017-03-26,0.0,,JHU,0.9,observed
GHA,2017,13,2017-03-27,2017-04-02,0.0,,JHU,0.9,observed
GHA,2017,14,2017-04-03,2017-04-09,0.0,,JHU,0.9,observed
GHA,2017,15,2017-04-10,2017-04-16,0.0,,JHU,0.9,observed
GHA,2017,16,2017-04-17,2017-04-23,0.0,,JHU,0.9,observed
GHA,2017,17,2017-04-24,2017-04-30,2.0,,JHU,0.9,observed
GHA,2017,18,2017-05-01,2017-05-07,0.0,,JHU,0.9,observed
GHA,2017,19,2017-05-08,2017-05-14,0.0,,JHU,0.9,observed
GHA,2017,20,2017-05-15,2017-05-21,2.0,,JHU,0.9,observed
GHA,2017,21,2017-05-22,2017-05-28,0.0,,JHU,0.9,observed
GHA,2017,22,2017-05-29,2017-06-04,0.0,,JHU,0.9,observed
GHA,2017,23,2017-06-05,2017-06-11,0.0,,JHU,0.9,observed
GHA,2017,24,2017-06-12,2017-06-18,0.0,,JHU,0.9,observed
GHA,2017,25,2017-06-19,2017-06-25,0.0,,JHU,0.9,observed
GHA,2017,26,2017-06-26,2017-07-02,0.0,,JHU,0.9,observed
GHA,2017,27,2017-07-03,2017-07-09,0.0,,JHU,0.9,observed
GHA,2017,28,2017-07-10,2017-07-16,0.0,,JHU,0.9,observed
GHA,2017,29,2017-07-17,2017-07-23,0.0,,JHU,0.9,observed
GHA,2017,30,2017-07-24,2017-07-30,0.0,,JHU,0.9,observed
GHA,2017,31,2017-07-31,2017-08-06,0.0,,JHU,0.9,observed
GHA,2017,32,2017-08-07,2017-08-13,0.0,,JHU,0.9,observed
GHA,2017,33,2017-08-14,2017-08-20,0.0,,JHU,0.9,observed
GHA,2017,34,2017-08-21,2017-08-27,0.0,,JHU,0.9,observed
GHA,2017,35,2017-08-28,2017-09-03,0.0,,JHU,0.9,observed
GHA,2017,36,2017-09-04,2017-09-10,1.0,,JHU,0.9,observed
GHA,2017,37,2017-09-11,2017-09-17,0.0,,JHU,0.9,observed
GHA,2017,38,2017-09-18,2017-09-24,0.0,,JHU,0.9,observed
GHA,2017,39,2017-09-25,2017-10-01,0.0,,JHU,0.9,observed
GHA,2017,40,2017-10-02,2017-10-08,0.0,0.0,JHU,0.9,observed
GHA,2017,41,2017-10-09,2017-10-15,0.0,0.0,JHU,0.9,observed
GHA,2017,42,2017-10-16,2017-10-22,0.0,0.0,JHU,0.9,observed
GHA,2017,43,2017-10-23,2017-10-29,0.0,0.0,JHU,0.9,observed
GHA,2017,44,2017-10-30,2017-11-05,0.0,0.0,JHU,0.9,observed
GHA,2017,45,2017-11-06,2017-11-12,0.0,0.0,JHU,0.9,observed
GHA,2017,46,2017-11-13,2017-11-19,0.0,0.0,JHU,0.9,observed
GHA,2017,47,2017-11-20,2017-11-26,0.0,0.0,JHU,0.9,observed
GHA,2017,48,2017-11-27,2017-12-03,0.0,0.0,JHU,0.9,observed
GHA,2017,49,2017-12-04,2017-12-10,0.0,0.0,JHU,0.9,observed
GHA,2017,50,2017-12-11,2017-12-17,0.0,0.0,JHU,0.9,observed
GHA,2017,51,2017-12-18,2017-12-24,0.0,0.0,JHU,0.9,observed
GHA,2017,52,2017-12-25,2017-12-31,0.0,0.0,JHU,0.9,observed
GHA,2018,1,2018-01-01,2018-01-07,0.0,0.0,JHU,0.9,observed
GHA,2018,2,2018-01-08,2018-01-14,0.0,0.0,JHU,0.9,observed
GHA,2018,3,2018-01-15,2018-01-21,0.0,0.0,JHU,0.9,observed
GHA,2018,4,2018-01-22,2018-01-28,0.0,0.0,JHU,0.9,observed
GHA,2018,5,2018-01-29,2018-02-04,0.0,0.0,JHU,0.9,observed
GHA,2018,6,2018-02-05,2018-02-11,0.0,0.0,JHU,0.9,observed
GHA,2018,7,2018-02-12,2018-02-18,0.0,0.0,JHU,0.9,observed
GHA,2018,8,2018-02-19,2018-02-25,0.0,0.0,JHU,0.9,observed
GHA,2018,9,2018-02-26,2018-03-04,0.0,0.0,JHU,0.9,observed
GHA,2018,10,2018-03-05,2018-03-11,0.0,0.0,JHU,0.9,observed
GHA,2018,11,2018-03-12,2018-03-18,0.0,0.0,JHU,0.9,observed
GHA,2018,12,2018-03-19,2018-03-25,0.0,0.0,JHU,0.9,observed
GHA,2018,13,2018-03-26,2018-04-01,0.0,0.0,JHU,0.9,observed
GHA,2018,14,2018-04-02,2018-04-08,0.0,0.0,JHU,0.9,observed
GHA,2018,15,2018-04-09,2018-04-15,0.0,0.0,JHU,0.9,observed
GHA,2018,16,2018-04-16,2018-04-22,0.0,0.0,JHU,0.9,observed
GHA,2018,17,2018-04-23,2018-04-29,0.0,0.0,JHU,0.9,observed
GHA,2018,18,2018-04-30,2018-05-06,0.0,0.0,JHU,0.9,observed
GHA,2018,19,2018-05-07,2018-05-13,0.0,0.0,JHU,0.9,observed
GHA,2018,20,2018-05-14,2018-05-20,0.0,0.0,JHU,0.9,observed
GHA,2018,21,2018-05-21,2018-05-27,0.0,0.0,JHU,0.9,observed
GHA,2018,22,2018-05-28,2018-06-03,0.0,0.0,JHU,0.9,observed
GHA,2018,23,2018-06-04,2018-06-10,0.0,0.0,JHU,0.9,observed
GHA,2018,24,2018-06-11,2018-06-17,0.0,0.0,JHU,0.9,observed
GHA,2018,25,2018-06-18,2018-06-24,0.0,0.0,JHU,0.9,observed
GHA,2018,26,2018-06-25,2018-07-01,0.0,0.0,JHU,0.9,observed
GHA,2018,27,2018-07-02,2018-07-08,0.0,0.0,JHU,0.9,observed
GHA,2018,28,2018-07-09,2018-07-15,0.0,0.0,JHU,0.9,observed
GHA,2018,29,2018-07-16,2018-07-22,0.0,0.0,JHU,0.9,observed
GHA,2018,30,2018-07-23,2018-07-29,0.0,0.0,JHU,0.9,observed
GHA,2018,31,2018-07-30,2018-08-05,0.0,0.0,JHU,0.9,observed
GHA,2018,32,2018-08-06,2018-08-12,0.0,0.0,JHU,0.9,observed
GHA,2018,33,2018-08-13,2018-08-19,0.0,0.0,JHU,0.9,observed
GHA,2018,34,2018-08-20,2018-08-26,0.0,0.0,JHU,0.9,observed
GHA,2018,35,2018-08-27,2018-09-02,0.0,0.0,JHU,0.9,observed
GHA,2018,36,2018-09-03,2018-09-09,0.0,0.0,JHU,0.9,observed
GHA,2018,37,2018-09-10,2018-09-16,0.0,0.0,JHU,0.9,observed
GHA,2018,38,2018-09-17,2018-09-23,0.0,0.0,JHU,0.9,observed
GHA,2018,39,2018-09-24,2018-09-30,0.0,0.0,JHU,0.9,observed
GHA,2018,40,2018-10-01,2018-10-07,0.0,0.0,JHU,0.9,observed
GHA,2018,41,2018-10-08,2018-10-14,0.0,0.0,JHU,0.9,observed
GHA,2018,42,2018-10-15,2018-10-21,2.0,0.0,JHU,0.9,observed
GHA,2018,43,2018-10-22,2018-10-28,0.0,0.0,JHU,0.9,observed
GHA,2018,44,2018-10-29,2018-11-04,0.0,0.0,JHU,0.9,observed
GHA,2018,45,2018-11-05,2018-11-11,0.0,0.0,JHU,0.9,observed
GHA,2018,46,2018-11-12,2018-11-18,0.0,0.0,JHU,0.9,observed
GHA,2018,47,2018-11-19,2018-11-25,0.0,,JHU,0.9,observed
GHA,2018,48,2018-11-26,2018-12-02,0.0,,JHU,0.9,observed
GHA,2018,49,2018-12-03,2018-12-09,0.0,,JHU,0.9,observed
GHA,2018,50,2018-12-10,2018-12-16,0.0,,JHU,0.9,observed
GHA,2018,51,2018-12-17,2018-12-23,0.0,0.0,JHU,0.9,observed
GHA,2018,52,2018-12-24,2018-12-30,0.0,0.0,JHU,0.9,observed
GHA,2019,1,2018-12-31,2019-01-06,0.0,0.0,JHU,0.9,observed
GHA,2019,2,2019-01-07,2019-01-13,0.0,0.0,JHU,0.9,observed
GHA,2019,3,2019-01-14,2019-01-20,0.0,0.0,JHU,0.9,observed
GHA,2019,4,2019-01-21,2019-01-27,0.0,0.0,JHU,0.9,observed
GHA,2019,5,2019-01-28,2019-02-03,0.0,0.0,JHU,0.9,observed
GHA,2019,6,2019-02-04,2019-02-10,0.0,0.0,JHU,0.9,observed
GHA,2019,7,2019-02-11,2019-02-17,0.0,0.0,JHU,0.9,observed
GHA,2019,8,2019-02-18,2019-02-24,0.0,0.0,JHU,0.9,observed
GHA,2019,9,2019-02-25,2019-03-03,0.0,0.0,JHU,0.9,observed
GHA,2019,10,2019-03-04,2019-03-10,0.0,0.0,JHU,0.9,observed
GHA,2019,11,2019-03-11,2019-03-17,0.0,0.0,JHU,0.9,observed
GHA,2019,12,2019-03-18,2019-03-24,0.0,0.0,JHU,0.9,observed
GHA,2019,13,2019-03-25,2019-03-31,0.0,0.0,JHU,0.9,observed
GHA,2019,14,2019-04-01,2019-04-07,0.0,0.0,JHU,0.9,observed
GHA,2019,15,2019-04-08,2019-04-14,0.0,0.0,JHU,0.9,observed
GHA,2019,16,2019-04-15,2019-04-21,0.0,0.0,JHU,0.9,observed
GHA,2019,17,2019-04-22,2019-04-28,0.0,0.0,JHU,0.9,observed
GHA,2019,18,2019-04-29,2019-05-05,0.0,0.0,JHU,0.9,observed
GHA,2019,19,2019-05-06,2019-05-12,0.0,0.0,JHU,0.9,observed
GHA,2019,20,2019-05-13,2019-05-19,0.0,0.0,JHU,0.9,observed
GHA,2019,21,2019-05-20,2019-05-26,0.0,0.0,JHU,0.9,observed
GHA,2019,22,2019-05-27,2019-06-02,0.0,0.0,JHU,0.9,observed
GHA,2019,23,2019-06-03,2019-06-09,0.0,0.0,JHU,0.9,observed
GHA,2019,24,2019-06-10,2019-06-16,0.0,0.0,JHU,0.9,observed
GHA,2019,25,2019-06-17,2019-06-23,0.0,0.0,JHU,0.9,observed
GHA,2019,26,2019-06-24,2019-06-30,0.0,0.0,JHU,0.9,observed
GHA,2019,27,2019-07-01,2019-07-07,0.0,0.0,JHU,0.9,observed
GHA,2019,28,2019-07-08,2019-07-14,0.0,0.0,JHU,0.9,observed
GHA,2019,29,2019-07-15,2019-07-21,0.0,0.0,JHU,0.9,observed
GHA,2019,30,2019-07-22,2019-07-28,0.0,0.0,JHU,0.9,observed
GHA,2019,31,2019-07-29,2019-08-04,0.0,0.0,JHU,0.9,observed
GHA,2019,32,2019-08-05,2019-08-11,0.0,0.0,JHU,0.9,observed
GHA,2019,33,2019-08-12,2019-08-18,0.0,0.0,JHU,0.9,observed
GHA,2019,34,2019-08-19,2019-08-25,0.0,0.0,JHU,0.9,observed
GHA,2019,35,2019-08-26,2019-09-01,0.0,0.0,JHU,0.9,observed
GHA,2019,36,2019-09-02,2019-09-08,0.0,0.0,JHU,0.9,observed
GHA,2019,37,2019-09-09,2019-09-15,0.0,0.0,JHU,0.9,observed
GHA,2019,38,2019-09-16,2019-09-22,0.0,0.0,JHU,0.9,observed
GHA,2019,39,2019-09-23,2019-09-29,0.0,0.0,JHU,0.9,observed
GHA,2019,40,2019-09-30,2019-10-06,0.0,0.0,JHU,0.9,observed
GHA,2019,41,2019-10-07,2019-10-13,0.0,0.0,JHU,0.9,observed
GHA,2019,42,2019-10-14,2019-10-20,0.0,0.0,JHU,0.9,observed
GHA,2019,43,2019-10-21,2019-10-27,0.0,0.0,JHU,0.9,observed
GHA,2019,44,2019-10-28,2019-11-03,0.0,0.0,JHU,0.9,observed
GHA,2019,45,2019-11-04,2019-11-10,0.0,0.0,JHU,0.9,observed
GHA,2019,46,2019-11-11,2019-11-17,0.0,0.0,JHU,0.9,observed
GHA,2019,47,2019-11-18,2019-11-24,0.0,0.0,JHU,0.9,observed
GHA,2019,48,2019-11-25,2019-12-01,0.0,0.0,JHU,0.9,observed
GHA,2019,49,2019-12-02,2019-12-08,0.0,0.0,JHU,0.9,observed
GHA,2019,50,2019-12-09,2019-12-15,0.0,0.0,JHU,0.9,observed
GHA,2019,51,2019-12-16,2019-12-22,0.0,0.0,JHU,0.9,observed
GHA,2019,52,2019-12-23,2019-12-29,0.0,0.0,JHU,0.9,observed
GHA,2020,1,2019-12-30,2020-01-05,0.0,0.0,none,0.5,assumed_zero
GHA,2020,2,2020-01-06,2020-01-12,0.0,0.0,AI,0.6,documented_zero
GHA,2020,3,2020-01-13,2020-01-19,0.0,0.0,AI,0.6,documented_zero
GHA,2020,4,2020-01-20,2020-01-26,0.0,0.0,AI,0.6,documented_zero
GHA,2020,5,2020-01-27,2020-02-02,0.0,0.0,AI,0.6,documented_zero
GHA,2020,6,2020-02-03,2020-02-09,0.0,0.0,AI,0.6,documented_zero
GHA,2020,7,2020-02-10,2020-02-16,0.0,0.0,AI,0.6,documented_zero
GHA,2020,8,2020-02-17,2020-02-23,0.0,0.0,AI,0.6,documented_zero
GHA,2020,9,2020-02-24,2020-03-01,0.0,0.0,AI,0.6,documented_zero
GHA,2020,10,2020-03-02,2020-03-08,0.0,0.0,AI,0.6,documented_zero
GHA,2020,11,2020-03-09,2020-03-15,0.0,0.0,AI,0.6,documented_zero
GHA,2020,12,2020-03-16,2020-03-22,0.0,0.0,AI,0.6,documented_zero
GHA,2020,13,2020-03-23,2020-03-29,0.0,0.0,AI,0.6,documented_zero
GHA,2020,14,2020-03-30,2020-04-05,0.0,0.0,AI,0.6,documented_zero
GHA,2020,15,2020-04-06,2020-04-12,0.0,0.0,AI,0.6,documented_zero
GHA,2020,16,2020-04-13,2020-04-19,0.0,0.0,AI,0.6,documented_zero
GHA,2020,17,2020-04-20,2020-04-26,0.0,0.0,AI,0.6,documented_zero
GHA,2020,18,2020-04-27,2020-05-03,0.0,0.0,AI,0.6,documented_zero
GHA,2020,19,2020-05-04,2020-05-10,0.0,0.0,AI,0.6,documented_zero
GHA,2020,20,2020-05-11,2020-05-17,0.0,0.0,AI,0.6,documented_zero
GHA,2020,21,2020-05-18,2020-05-24,0.0,0.0,AI,0.95,documented_zero
GHA,2020,22,2020-05-25,2020-05-31,0.0,0.0,AI,0.95,documented_zero
GHA,2020,23,2020-06-01,2020-06-07,0.0,0.0,AI,0.95,documented_zero
GHA,2020,24,2020-06-08,2020-06-14,0.0,,JHU,0.9,observed
GHA,2020,25,2020-06-15,2020-06-21,0.0,,JHU,0.9,observed
GHA,2020,26,2020-06-22,2020-06-28,0.0,,JHU,0.9,observed
GHA,2020,27,2020-06-29,2020-07-05,0.0,,JHU,0.9,observed
GHA,2020,28,2020-07-06,2020-07-12,0.0,,JHU,0.9,observed
GHA,2020,29,2020-07-13,2020-07-19,0.0,,JHU,0.9,observed
GHA,2020,30,2020-07-20,2020-07-26,0.0,,JHU,0.9,observed
GHA,2020,31,2020-07-27,2020-08-02,0.0,,JHU,0.9,observed
GHA,2020,32,2020-08-03,2020-08-09,0.0,,JHU,0.9,observed
GHA,2020,33,2020-08-10,2020-08-16,0.0,,JHU,0.9,observed
GHA,2020,34,2020-08-17,2020-08-23,0.0,,JHU,0.9,observed
GHA,2020,35,2020-08-24,2020-08-30,0.0,,JHU,0.9,observed
GHA,2020,36,2020-08-31,2020-09-06,0.0,0.0,AI,0.6,observed
GHA,2020,37,2020-09-07,2020-09-13,0.0,0.0,AI,0.95,documented_zero
GHA,2020,38,2020-09-14,2020-09-20,0.0,0.0,AI,0.95,documented_zero
GHA,2020,39,2020-09-21,2020-09-27,0.0,0.0,AI,0.95,documented_zero
GHA,2020,40,2020-09-28,2020-10-04,0.0,0.0,AI,0.95,documented_zero
GHA,2020,41,2020-10-05,2020-10-11,0.0,0.0,AI,0.95,documented_zero
GHA,2020,42,2020-10-12,2020-10-18,0.0,0.0,AI,0.95,documented_zero
GHA,2020,43,2020-10-19,2020-10-25,0.0,0.0,AI,0.95,documented_zero
GHA,2020,44,2020-10-26,2020-11-01,0.0,0.0,AI,0.95,documented_zero
GHA,2020,45,2020-11-02,2020-11-08,0.0,0.0,AI,0.95,documented_zero
GHA,2020,46,2020-11-09,2020-11-15,0.0,,JHU,0.9,observed
GHA,2020,47,2020-11-16,2020-11-22,0.0,,JHU,0.9,observed
GHA,2020,48,2020-11-23,2020-11-29,0.0,,JHU,0.9,observed
GHA,2020,49,2020-11-30,2020-12-06,0.0,,JHU,0.9,observed
GHA,2020,50,2020-12-07,2020-12-13,0.0,,JHU,0.9,observed
GHA,2020,51,2020-12-14,2020-12-20,0.0,,JHU,0.9,observed
GHA,2020,52,2020-12-21,2020-12-27,0.0,,JHU,0.9,observed
GHA,2020,53,2020-12-28,2021-01-03,0.0,,JHU,0.9,observed
GHA,2021,1,2021-01-04,2021-01-10,0.0,,JHU,0.9,observed
GHA,2021,2,2021-01-11,2021-01-17,0.0,,JHU,0.9,observed
GHA,2021,3,2021-01-18,2021-01-24,0.0,,JHU,0.9,observed
GHA,2021,4,2021-01-25,2021-01-31,0.0,,JHU,0.9,observed
GHA,2021,5,2021-02-01,2021-02-07,0.0,,JHU,0.9,observed
GHA,2021,6,2021-02-08,2021-02-14,0.0,,JHU,0.9,observed
GHA,2021,7,2021-02-15,2021-02-21,0.0,,JHU,0.9,observed
GHA,2021,8,2021-02-22,2021-02-28,0.0,,JHU,0.9,observed
GHA,2021,9,2021-03-01,2021-03-07,0.0,,JHU,0.9,observed
GHA,2021,10,2021-03-08,2021-03-14,0.0,0.0,AI,0.95,documented_zero
GHA,2021,11,2021-03-15,2021-03-21,0.0,0.0,AI,0.95,documented_zero
GHA,2021,12,2021-03-22,2021-03-28,0.0,0.0,AI,0.95,documented_zero
GHA,2021,13,2021-03-29,2021-04-04,0.0,0.0,AI,0.95,documented_zero
GHA,2021,14,2021-04-05,2021-04-11,0.0,0.0,AI,0.95,documented_zero
GHA,2021,15,2021-04-12,2021-04-18,0.0,0.0,AI,0.95,documented_zero
GHA,2021,16,2021-04-19,2021-04-25,0.0,0.0,AI,0.95,documented_zero
GHA,2021,17,2021-04-26,2021-05-02,0.0,0.0,AI,0.95,documented_zero
GHA,2021,18,2021-05-03,2021-05-09,0.0,0.0,AI,0.95,documented_zero
GHA,2021,19,2021-05-10,2021-05-16,0.0,0.0,AI,0.95,documented_zero
GHA,2021,20,2021-05-17,2021-05-23,0.0,0.0,AI,0.95,documented_zero
GHA,2021,21,2021-05-24,2021-05-30,0.0,0.0,AI,0.95,documented_zero
GHA,2021,22,2021-05-31,2021-06-06,0.0,0.0,AI,0.95,documented_zero
GHA,2021,23,2021-06-07,2021-06-13,0.0,0.0,AI,0.95,documented_zero
GHA,2021,24,2021-06-14,2021-06-20,0.0,0.0,AI,0.95,documented_zero
GHA,2021,25,2021-06-21,2021-06-27,0.0,0.0,AI,0.3,documented_zero
GHA,2021,26,2021-06-28,2021-07-04,0.0,0.0,AI,0.3,documented_zero
GHA,2021,27,2021-07-05,2021-07-11,0.0,0.0,AI,0.3,documented_zero
GHA,2021,28,2021-07-12,2021-07-18,0.0,0.0,AI,0.3,documented_zero
GHA,2021,29,2021-07-19,2021-07-25,0.0,0.0,AI,0.3,documented_zero
GHA,2021,30,2021-07-26,2021-08-01,0.0,0.0,AI,0.3,documented_zero
GHA,2021,31,2021-08-02,2021-08-08,0.0,0.0,AI,0.3,documented_zero
GHA,2021,32,2021-08-09,2021-08-15,0.0,0.0,AI,0.3,documented_zero
GHA,2021,33,2021-08-16,2021-08-22,0.0,0.0,AI,0.3,documented_zero
GHA,2021,34,2021-08-23,2021-08-29,0.0,0.0,AI,0.3,documented_zero
GHA,2021,35,2021-08-30,2021-09-05,0.0,0.0,AI,0.3,documented_zero
GHA,2021,36,2021-09-06,2021-09-12,0.0,0.0,AI,0.3,documented_zero
GHA,2021,37,2021-09-13,2021-09-19,0.0,0.0,AI,0.3,documented_zero
GHA,2021,38,2021-09-20,2021-09-26,0.0,0.0,AI,0.3,documented_zero
GHA,2021,39,2021-09-27,2021-10-03,0.0,0.0,AI,0.3,documented_zero
GHA,2021,40,2021-10-04,2021-10-10,0.0,0.0,AI,0.3,documented_zero
GHA,2021,41,2021-10-11,2021-10-17,0.0,0.0,AI,0.3,documented_zero
GHA,2021,42,2021-10-18,2021-10-24,0.1665,0.0,JHU,0.8,fourier_country_k1
GHA,2021,43,2021-10-25,2021-10-31,0.176,0.0,JHU,0.8,fourier_country_k1
GHA,2021,44,2021-11-01,2021-11-07,0.1849,0.0,JHU,0.8,fourier_country_k1
GHA,2021,45,2021-11-08,2021-11-14,0.1931,0.0,JHU,0.8,fourier_country_k1
GHA,2021,46,2021-11-15,2021-11-21,0.2005,0.0,JHU,0.8,fourier_country_k1
GHA,2021,47,2021-11-22,2021-11-28,0.207,0.0,JHU,0.8,fourier_country_k1
GHA,2021,48,2021-11-29,2021-12-05,0.2125,0.0,JHU,0.8,fourier_country_k1
GHA,2021,49,2021-12-06,2021-12-12,0.217,0.0,JHU,0.8,fourier_country_k1
GHA,2021,50,2021-12-13,2021-12-19,0.2202,0.0,JHU,0.8,fourier_country_k1
GHA,2021,51,2021-12-20,2021-12-26,0.2223,0.0,JHU,0.8,fourier_country_k1
GHA,2021,52,2021-12-27,2022-01-02,0.0,,JHU,0.9,observed
GHA,2022,1,2022-01-03,2022-01-09,0.0,,JHU,0.9,observed
GHA,2022,2,2022-01-10,2022-01-16,0.0,,JHU,0.9,observed
GHA,2022,3,2022-01-17,2022-01-23,0.0,,JHU,0.9,observed
GHA,2022,4,2022-01-24,2022-01-30,0.0,,JHU,0.9,observed
GHA,2022,5,2022-01-31,2022-02-06,0.0,,JHU,0.9,observed
GHA,2022,6,2022-02-07,2022-02-13,0.0,,JHU,0.9,observed
GHA,2022,7,2022-02-14,2022-02-20,0.0,,JHU,0.9,observed
GHA,2022,8,2022-02-21,2022-02-27,0.0,,JHU,0.9,observed
GHA,2022,9,2022-02-28,2022-03-06,0.0,,JHU,0.9,observed
GHA,2022,10,2022-03-07,2022-03-13,0.0,,JHU,0.9,observed
GHA,2022,11,2022-03-14,2022-03-20,0.0,,JHU,0.9,observed
GHA,2022,12,2022-03-21,2022-03-27,0.0,,JHU,0.9,observed
GHA,2022,13,2022-03-28,2022-04-03,0.0,,JHU,0.9,observed
GHA,2022,14,2022-04-04,2022-04-10,0.0,,JHU,0.9,observed
GHA,2022,15,2022-04-11,2022-04-17,0.0,,JHU,0.9,observed
GHA,2022,16,2022-04-18,2022-04-24,0.0,0.0,AI,0.95,documented_zero
GHA,2022,17,2022-04-25,2022-05-01,0.0,0.0,AI,0.95,documented_zero
GHA,2022,18,2022-05-02,2022-05-08,0.0,0.0,AI,0.95,documented_zero
GHA,2022,19,2022-05-09,2022-05-15,0.0,0.0,AI,0.95,documented_zero
GHA,2022,20,2022-05-16,2022-05-22,0.0,0.0,AI,0.95,documented_zero
GHA,2022,21,2022-05-23,2022-05-29,0.0,0.0,AI,0.95,documented_zero
GHA,2022,22,2022-05-30,2022-06-05,0.0,0.0,AI,0.95,documented_zero
GHA,2022,23,2022-06-06,2022-06-12,0.0,0.0,AI,0.95,documented_zero
GHA,2022,24,2022-06-13,2022-06-19,0.0,0.0,AI,0.95,documented_zero
GHA,2022,25,2022-06-20,2022-06-26,0.0,0.0,AI,0.95,documented_zero
GHA,2022,26,2022-06-27,2022-07-03,0.0,0.0,AI,0.95,documented_zero
GHA,2022,27,2022-07-04,2022-07-10,0.0,0.0,AI,0.95,documented_zero
GHA,2022,28,2022-07-11,2022-07-17,0.0,0.0,AI,0.95,documented_zero
GHA,2022,29,2022-07-18,2022-07-24,0.0,0.0,AI,0.95,documented_zero
GHA,2022,30,2022-07-25,2022-07-31,0.0,0.0,AI,0.95,documented_zero
GHA,2022,31,2022-08-01,2022-08-07,0.0,0.0,AI,0.95,documented_zero
GHA,2022,32,2022-08-08,2022-08-14,0.0,0.0,AI,0.95,documented_zero
GHA,2022,33,2022-08-15,2022-08-21,0.0,0.0,AI,0.95,documented_zero
GHA,2022,34,2022-08-22,2022-08-28,0.0,0.0,AI,0.95,documented_zero
GHA,2022,35,2022-08-29,2022-09-04,0.0,0.0,AI,0.95,documented_zero
GHA,2022,36,2022-09-05,2022-09-11,0.0,0.0,AI,0.95,documented_zero
GHA,2022,37,2022-09-12,2022-09-18,0.0,0.0,AI,0.95,documented_zero
GHA,2022,38,2022-09-19,2022-09-25,0.0,0.0,AI,0.95,documented_zero
GHA,2022,39,2022-09-26,2022-10-02,0.0,0.0,AI,0.95,documented_zero
GHA,2022,40,2022-10-03,2022-10-09,0.0,0.0,AI,0.95,documented_zero
GHA,2022,41,2022-10-10,2022-10-16,0.0,0.0,AI,0.95,documented_zero
GHA,2022,42,2022-10-17,2022-10-23,0.0,0.0,AI,0.95,documented_zero
GHA,2022,43,2022-10-24,2022-10-30,0.0,0.0,AI,0.95,documented_zero
GHA,2022,44,2022-10-31,2022-11-06,0.0,0.0,AI,0.95,documented_zero
GHA,2022,45,2022-11-07,2022-11-13,0.0,0.0,AI,0.95,documented_zero
GHA,2022,46,2022-11-14,2022-11-20,0.0,0.0,AI,0.95,documented_zero
GHA,2022,47,2022-11-21,2022-11-27,0.0,0.0,AI,0.95,documented_zero
GHA,2022,48,2022-11-28,2022-12-04,0.0,0.0,AI,0.95,documented_zero
GHA,2022,49,2022-12-05,2022-12-11,0.0,0.0,AI,0.95,documented_zero
GHA,2022,50,2022-12-12,2022-12-18,0.0,0.0,AI,0.95,documented_zero
GHA,2022,51,2022-12-19,2022-12-25,0.0,0.0,AI,0.95,documented_zero
GHA,2022,52,2022-12-26,2023-01-01,0.0,0.0,AI,0.95,documented_zero
GHA,2023,1,2023-01-02,2023-01-08,0.0,0.0,JHU,0.9,observed
GHA,2023,2,2023-01-09,2023-01-15,0.0,0.0,JHU,0.9,observed
GHA,2023,3,2023-01-16,2023-01-22,0.0,0.0,JHU,0.9,observed
GHA,2023,4,2023-01-23,2023-01-29,0.0,0.0,JHU,0.9,observed
GHA,2023,5,2023-01-30,2023-02-05,0.0,0.0,JHU,0.9,observed
GHA,2023,6,2023-02-06,2023-02-12,0.0,0.0,JHU,0.9,observed
GHA,2023,7,2023-02-13,2023-02-19,0.0,0.0,JHU,0.9,observed
GHA,2023,8,2023-02-20,2023-02-26,0.0,0.0,JHU,0.9,observed
GHA,2023,9,2023-02-27,2023-03-05,0.0,0.0,JHU,0.9,observed
GHA,2023,10,2023-03-06,2023-03-12,0.0,0.0,JHU,0.9,observed
GHA,2023,11,2023-03-13,2023-03-19,0.0,0.0,JHU,0.9,observed
GHA,2023,12,2023-03-20,2023-03-26,0.0,0.0,JHU,0.9,observed
GHA,2023,13,2023-03-27,2023-04-02,0.0,0.0,JHU,0.9,observed
GHA,2023,14,2023-04-03,2023-04-09,0.0,0.0,JHU,0.9,observed
GHA,2023,15,2023-04-10,2023-04-16,0.0,0.0,JHU,0.9,observed
GHA,2023,16,2023-04-17,2023-04-23,0.0,0.0,JHU,0.9,observed
GHA,2023,17,2023-04-24,2023-04-30,0.0,0.0,JHU,0.9,observed
GHA,2023,18,2023-05-01,2023-05-07,0.0,0.0,JHU,0.9,observed
GHA,2023,19,2023-05-08,2023-05-14,0.0,0.0,JHU,0.9,observed
GHA,2023,20,2023-05-15,2023-05-21,0.0,0.0,JHU,0.9,observed
GHA,2023,21,2023-05-22,2023-05-28,0.0,0.0,JHU,0.9,observed
GHA,2023,22,2023-05-29,2023-06-04,0.0,0.0,JHU,0.9,observed
GHA,2023,23,2023-06-05,2023-06-11,0.0,0.0,JHU,0.9,observed
GHA,2023,24,2023-06-12,2023-06-18,0.0,0.0,JHU,0.9,observed
GHA,2023,25,2023-06-19,2023-06-25,0.0,0.0,JHU,0.9,observed
GHA,2023,26,2023-06-26,2023-07-02,0.0,0.0,JHU,0.9,observed
GHA,2023,27,2023-07-03,2023-07-09,0.0,0.0,JHU,0.9,observed
GHA,2023,28,2023-07-10,2023-07-16,0.0,0.0,JHU,0.9,observed
GHA,2023,29,2023-07-17,2023-07-23,0.0,0.0,JHU,0.9,observed
GHA,2023,30,2023-07-24,2023-07-30,0.0,0.0,JHU,0.9,observed
GHA,2023,31,2023-07-31,2023-08-06,0.0,0.0,JHU,0.9,observed
GHA,2023,32,2023-08-07,2023-08-13,0.0,0.0,JHU,0.9,observed
GHA,2023,33,2023-08-14,2023-08-20,0.0,0.0,JHU,0.9,observed
GHA,2023,34,2023-08-21,2023-08-27,0.0,0.0,JHU,0.9,observed
GHA,2023,35,2023-08-28,2023-09-03,0.0,0.0,JHU,0.9,observed
GHA,2023,36,2023-09-04,2023-09-10,0.0,0.0,JHU,0.9,observed
GHA,2023,37,2023-09-11,2023-09-17,0.0,0.0,JHU,0.9,observed
GHA,2023,38,2023-09-18,2023-09-24,0.0,0.0,JHU,0.9,observed
GHA,2023,39,2023-09-25,2023-10-01,0.0,0.0,JHU,0.9,observed
GHA,2023,40,2023-10-02,2023-10-08,0.0,0.0,JHU,0.9,observed
GHA,2023,41,2023-10-09,2023-10-15,0.0,0.0,JHU,0.9,observed
GHA,2023,42,2023-10-16,2023-10-22,0.0,0.0,JHU,0.9,observed
GHA,2023,43,2023-10-23,2023-10-29,0.0,0.0,JHU,0.9,observed
GHA,2023,44,2023-10-30,2023-11-05,0.0,0.0,JHU,0.9,observed
GHA,2023,45,2023-11-06,2023-11-12,0.0,0.0,JHU,0.9,observed
GHA,2023,46,2023-11-13,2023-11-19,0.0,0.0,JHU,0.9,observed
GHA,2023,47,2023-11-20,2023-11-26,0.0,0.0,JHU,0.9,observed
GHA,2023,48,2023-11-27,2023-12-03,0.0,0.0,JHU,0.9,observed
GHA,2023,49,2023-12-04,2023-12-10,0.0,0.0,JHU,0.9,observed
GHA,2023,50,2023-12-11,2023-12-17,0.0,0.0,JHU,0.9,observed
GHA,2023,51,2023-12-18,2023-12-24,0.0,0.0,JHU,0.9,observed
GHA,2023,52,2023-12-25,2023-12-31,0.0,0.0,AI,0.85,documented_zero
GHA,2024,1,2024-01-01,2024-01-07,0.0,0.0,JHU,0.9,observed
GHA,2024,2,2024-01-08,2024-01-14,0.0,0.0,JHU,0.9,observed
GHA,2024,3,2024-01-15,2024-01-21,0.0,0.0,JHU,0.9,observed
GHA,2024,4,2024-01-22,2024-01-28,0.0,0.0,JHU,0.9,observed
GHA,2024,5,2024-01-29,2024-02-04,0.0,0.0,JHU,0.9,observed
GHA,2024,6,2024-02-05,2024-02-11,0.0,0.0,JHU,0.9,observed
GHA,2024,7,2024-02-12,2024-02-18,0.0,0.0,JHU,0.9,observed
GHA,2024,8,2024-02-19,2024-02-25,0.0,0.0,JHU,0.9,observed
GHA,2024,9,2024-02-26,2024-03-03,0.0,0.0,JHU,0.9,observed
GHA,2024,10,2024-03-04,2024-03-10,0.0,0.0,JHU,0.9,observed
GHA,2024,11,2024-03-11,2024-03-17,0.0,0.0,JHU,0.9,observed
GHA,2024,12,2024-03-18,2024-03-24,0.0,0.0,JHU,0.9,observed
GHA,2024,13,2024-03-25,2024-03-31,0.0,0.0,JHU,0.9,observed
GHA,2024,14,2024-04-01,2024-04-07,0.0,0.0,JHU,0.6,inferred_zero
GHA,2024,15,2024-04-08,2024-04-14,0.0,0.0,JHU,0.6,inferred_zero
GHA,2024,16,2024-04-15,2024-04-21,0.0,0.0,JHU,0.6,inferred_zero
GHA,2024,17,2024-04-22,2024-04-28,0.0,0.0,JHU,0.6,inferred_zero
GHA,2024,18,2024-04-29,2024-05-05,0.0,0.0,JHU,0.6,inferred_zero
GHA,2024,19,2024-05-06,2024-05-12,0.0,0.0,JHU,0.6,inferred_zero
GHA,2024,20,2024-05-13,2024-05-19,0.0,0.0,JHU,0.6,inferred_zero
GHA,2024,21,2024-05-20,2024-05-26,0.0,0.0,JHU,0.6,inferred_zero
GHA,2024,22,2024-05-27,2024-06-02,0.0,0.0,JHU,0.6,inferred_zero
GHA,2024,23,2024-06-03,2024-06-09,0.0,0.0,JHU,0.6,inferred_zero
GHA,2024,24,2024-06-10,2024-06-16,0.0,0.0,JHU,0.6,inferred_zero
GHA,2024,25,2024-06-17,2024-06-23,0.0,0.0,JHU,0.6,inferred_zero
GHA,2024,26,2024-06-24,2024-06-30,0.0,0.0,JHU,0.6,inferred_zero
GHA,2024,27,2024-07-01,2024-07-07,0.0,0.0,JHU,0.6,inferred_zero
GHA,2024,28,2024-07-08,2024-07-14,0.0,0.0,JHU,0.6,inferred_zero
GHA,2024,29,2024-07-15,2024-07-21,0.0,0.0,JHU,0.6,inferred_zero
GHA,2024,30,2024-07-22,2024-07-28,0.0,0.0,JHU,0.6,inferred_zero
GHA,2024,31,2024-07-29,2024-08-04,0.0,0.0,JHU,0.6,inferred_zero
GHA,2024,32,2024-08-05,2024-08-11,0.0,0.0,JHU,0.6,inferred_zero
GHA,2024,33,2024-08-12,2024-08-18,0.0,0.0,JHU,0.6,inferred_zero
GHA,2024,34,2024-08-19,2024-08-25,2.0,,WHO,0.9,observed
GHA,2024,35,2024-08-26,2024-09-01,0.0,0.0,AI,0.6,inferred_zero
GHA,2024,36,2024-09-02,2024-09-08,0.0,0.0,AI,0.6,inferred_zero
GHA,2024,37,2024-09-09,2024-09-15,0.0,0.0,AI,0.6,inferred_zero
GHA,2024,38,2024-09-16,2024-09-22,0.0,0.0,AI,0.6,inferred_zero
GHA,2024,39,2024-09-23,2024-09-29,0.0,0.0,AI,0.6,inferred_zero
GHA,2024,40,2024-09-30,2024-10-06,93.0,1.0,AI,0.8,observed
GHA,2024,41,2024-10-07,2024-10-13,9.0,,WHO,0.9,observed
GHA,2024,42,2024-10-14,2024-10-20,199.857,0.6315,AI,0.81,fourier_country_k1
GHA,2024,43,2024-10-21,2024-10-27,211.222,0.6674,AI,0.81,fourier_country_k1
GHA,2024,44,2024-10-28,2024-11-03,221.921,0.7012,AI,0.81,fourier_country_k1
GHA,2024,45,2024-11-04,2024-11-10,1506.0,12.0,WHO,0.9,observed
GHA,2024,46,2024-11-11,2024-11-17,209.0,4.0,WHO,0.9,observed
GHA,2024,47,2024-11-18,2024-11-24,518.0,2.0,WHO,0.9,observed
GHA,2024,48,2024-11-25,2024-12-01,303.0,4.0,WHO,0.9,observed
GHA,2024,49,2024-12-02,2024-12-08,423.0,1.0,WHO,0.9,observed
GHA,2024,50,2024-12-09,2024-12-15,322.0,4.0,WHO,0.9,observed
GHA,2024,51,2024-12-16,2024-12-22,1052.0,7.0,WHO,0.9,observed
GHA,2024,52,2024-12-23,2024-12-29,274.0,3.0,WHO,0.9,observed
GHA,2025,1,2024-12-30,2025-01-05,0.0,0.0,JHU,0.6,inferred_zero
GHA,2025,2,2025-01-06,2025-01-12,572.0,3.0,WHO,0.9,observed
GHA,2025,3,2025-01-13,2025-01-19,103.0,2.0,WHO,0.9,observed
GHA,2025,4,2025-01-20,2025-01-26,0.0,0.0,none,0.5,assumed_zero
GHA,2025,5,2025-01-27,2025-02-02,532.0,3.0,WHO,0.9,observed
GHA,2025,6,2025-02-03,2025-02-09,64.0,1.0,WHO,0.9,observed
GHA,2025,7,2025-02-10,2025-02-16,145.0,0.0,AI,0.81,fourier_country_k1
GHA,2025,8,2025-02-17,2025-02-23,624.0,3.0,WHO,0.9,observed
GHA,2025,9,2025-02-24,2025-03-02,0.0,0.0,none,0.5,assumed_zero
GHA,2025,10,2025-03-03,2025-03-09,262.0,,WHO,0.9,observed
GHA,2025,11,2025-03-10,2025-03-16,0.0,0.0,none,0.5,assumed_zero
GHA,2025,12,2025-03-17,2025-03-23,182.0,2.0,WHO,0.9,observed
GHA,2025,13,2025-03-24,2025-03-30,67.0,,WHO,0.9,observed
GHA,2025,14,2025-03-31,2025-04-06,44.0,,WHO,0.9,observed
GHA,2025,15,2025-04-07,2025-04-13,18.0,,WHO,0.9,observed
GHA,2025,16,2025-04-14,2025-04-20,6.0,,WHO,0.9,observed
GHA,2025,17,2025-04-21,2025-04-27,0.0,0.0,none,0.5,assumed_zero
GHA,2025,18,2025-04-28,2025-05-04,6.0,,WHO,0.9,observed
GHA,2025,19,2025-05-05,2025-05-11,0.0,0.0,AI,0.85,observed
GHA,2025,20,2025-05-12,2025-05-18,2.0,,AI,0.95,observed
GHA,2025,21,2025-05-19,2025-05-25,0.0,0.0,AI,0.85,observed
GHA,2025,22,2025-05-26,2025-06-01,0.0,0.0,AI,0.85,observed
GHA,2025,23,2025-06-02,2025-06-08,0.0,0.0,AI,0.85,observed
GHA,2025,24,2025-06-09,2025-06-15,0.0,0.0,AI,0.85,observed
GHA,2025,25,2025-06-16,2025-06-22,0.0,0.0,AI,0.85,observed
GHA,2025,26,2025-06-23,2025-06-29,2.0,,AI,0.95,observed
GHA,2025,27,2025-06-30,2025-07-06,11.0,,AI,0.95,observed
GHA,2025,28,2025-07-07,2025-07-13,11.0,,AI,0.95,observed
GHA,2025,29,2025-07-14,2025-07-20,12.0,,AI,0.95,observed
GHA,2025,30,2025-07-21,2025-07-27,10.0,,AI,0.95,observed
GHA,2025,31,2025-07-28,2025-08-03,6.0,,AI,0.95,observed
GHA,2025,32,2025-08-04,2025-08-10,11.0,,AI,0.95,observed
GHA,2025,33,2025-08-11,2025-08-17,2.0,,AI,0.95,observed
GHA,2025,34,2025-08-18,2025-08-24,4.0,,AI,0.95,observed
GHA,2025,35,2025-08-25,2025-08-31,3.0,,AI,0.95,observed
GHA,2025,36,2025-09-01,2025-09-07,4.0,,AI,0.95,observed
GHA,2025,37,2025-09-08,2025-09-14,1.226,0.0,AI,0.81,fourier_country_k1
GHA,2025,38,2025-09-15,2025-09-21,1.3327,0.0,AI,0.81,fourier_country_k1
GHA,2025,39,2025-09-22,2025-09-28,1.4413,0.0,AI,0.81,fourier_country_k1
GHA,2025,40,2025-09-29,2025-10-05,10.89,0.0,AI,0.855,fourier_country_k1
GHA,2025,41,2025-10-06,2025-10-12,11.6453,0.0,AI,0.855,fourier_country_k1
GHA,2025,42,2025-10-13,2025-10-19,12.3803,0.0,AI,0.855,fourier_country_k1
GHA,2025,43,2025-10-20,2025-10-26,13.0843,0.0,AI,0.855,fourier_country_k1
GHA,2025,44,2025-10-27,2025-11-02,0.0,0.0,AI,0.55,inferred_zero
GHA,2025,45,2025-11-03,2025-11-09,0.0,0.0,AI,0.55,inferred_zero
GHA,2025,46,2025-11-10,2025-11-16,0.0,0.0,AI,0.55,inferred_zero
GHA,2025,47,2025-11-17,2025-11-23,0.0,0.0,AI,0.55,inferred_zero
GHA,2025,48,2025-11-24,2025-11-30,0.0,0.0,AI,0.55,inferred_zero
GHA,2025,49,2025-12-01,2025-12-07,0.0,0.0,AI,0.55,inferred_zero
GHA,2025,50,2025-12-08,2025-12-14,0.0,0.0,AI,0.55,inferred_zero
GHA,2025,51,2025-12-15,2025-12-21,0.0,0.0,AI,0.55,inferred_zero
GHA,2025,52,2025-12-22,2025-12-28,0.0,0.0,AI,0.55,inferred_zero
GHA,2026,1,2025-12-29,2026-01-04,0.0,0.0,AI,0.85,observed
GHA,2026,2,2026-01-05,2026-01-11,0.0,0.0,AI,0.85,observed
GHA,2026,3,2026-01-12,2026-01-18,0.0,0.0,AI,0.85,observed
GHA,2026,4,2026-01-19,2026-01-25,0.0,0.0,AI,0.85,observed
GHA,2026,5,2026-01-26,2026-02-01,0.0,0.0,AI,0.9,observed
GHA,2026,6,2026-02-02,2026-02-08,0.0,0.0,AI,0.9,observed
GHA,2026,7,2026-02-09,2026-02-15,0.0,0.0,AI,0.6,inferred_zero
GHA,2026,8,2026-02-16,2026-02-22,0.0,0.0,AI,0.9,observed
GHA,2026,9,2026-02-23,2026-03-01,0.0,0.0,AI,0.9,observed
GHA,2026,10,2026-03-02,2026-03-08,0.0,0.0,AI,0.85,observed
GHA,2026,11,2026-03-09,2026-03-15,0.0,0.0,AI,0.9,observed
GHA,2026,12,2026-03-16,2026-03-22,0.0,0.0,AI,0.85,observed
GHA,2026,13,2026-03-23,2026-03-29,0.0,0.0,AI,0.85,observed
GHA,2026,14,2026-03-30,2026-04-05,0.0,0.0,AI,0.9,observed
GHA,2026,15,2026-04-06,2026-04-12,0.0,0.0,AI,0.85,observed
GHA,2026,16,2026-04-13,2026-04-19,0.0,0.0,AI,0.85,observed
GHA,2026,17,2026-04-20,2026-04-26,0.0,0.0,AI,0.85,observed
GHA,2026,18,2026-04-27,2026-05-03,0.0,0.0,AI,0.9,observed
GHA,2026,19,2026-05-04,2026-05-10,0.0,0.0,AI,0.9,observed
GHA,2026,20,2026-05-11,2026-05-17,0.0,0.0,AI,0.9,observed
GHA,2026,21,2026-05-18,2026-05-24,0.0,0.0,AI,0.75,observed
GHA,2026,22,2026-05-25,2026-05-31,0.0,0.0,AI,0.85,observed
GHA,2026,23,2026-06-01,2026-06-07,0.0,0.0,AI,0.85,observed
GHA,2026,24,2026-06-08,2026-06-14,0.0,0.0,AI,0.9,observed
GHA,2026,25,2026-06-15,2026-06-21,0.0,0.0,AI,0.85,observed
GHA,2026,26,2026-06-22,2026-06-28,0.0,0.0,AI,0.85,observed
GHA,2026,27,2026-06-29,2026-07-05,0.0,0.0,AI,0.85,observed
GHA,2026,28,2026-07-06,2026-07-12,0.0,0.0,AI,0.85,observed
GHA,2026,29,2026-07-13,2026-07-19,0.0,0.0,AI,0.85,observed
GHA,2026,30,2026-07-20,2026-07-26,0.0,0.0,AI,0.8,observed
GHA,2026,31,2026-07-27,2026-08-02,0.0,0.0,AI,0.9,documented_zero
GHA,2026,32,2026-08-03,2026-08-09,0.0,0.0,AI,0.9,documented_zero
GHA,2026,33,2026-08-10,2026-08-16,0.0,0.0,AI,0.9,documented_zero
GHA,2026,34,2026-08-17,2026-08-23,0.0,0.0,AI,0.9,documented_zero
GHA,2026,35,2026-08-24,2026-08-30,0.0,0.0,AI,0.9,observed
