iso_code,year,iso_week,week_start,week_end,sCh,deaths,source,confidence_weight,disaggregation_method
ETH,1970,1,1969-12-29,1970-01-04,5.5458,0.4698,JHU,0.7,fourier_country_k2
ETH,1970,2,1970-01-05,1970-01-11,6.7416,0.5711,JHU,0.7,fourier_country_k2
ETH,1970,3,1970-01-12,1970-01-18,8.1923,0.6939,JHU,0.7,fourier_country_k2
ETH,1970,4,1970-01-19,1970-01-25,9.8265,0.8324,JHU,0.7,fourier_country_k2
ETH,1970,5,1970-01-26,1970-02-01,11.5662,0.9797,JHU,0.7,fourier_country_k2
ETH,1970,6,1970-02-02,1970-02-08,13.3314,1.1292,JHU,0.7,fourier_country_k2
ETH,1970,7,1970-02-09,1970-02-15,15.0439,1.2743,JHU,0.7,fourier_country_k2
ETH,1970,8,1970-02-16,1970-02-22,16.6321,1.4088,JHU,0.7,fourier_country_k2
ETH,1970,9,1970-02-23,1970-03-01,18.0342,1.5276,JHU,0.7,fourier_country_k2
ETH,1970,10,1970-03-02,1970-03-08,19.202,1.6265,JHU,0.7,fourier_country_k2
ETH,1970,11,1970-03-09,1970-03-15,20.1023,1.7028,JHU,0.7,fourier_country_k2
ETH,1970,12,1970-03-16,1970-03-22,20.7194,1.7551,JHU,0.7,fourier_country_k2
ETH,1970,13,1970-03-23,1970-03-29,21.0544,1.7834,JHU,0.7,fourier_country_k2
ETH,1970,14,1970-03-30,1970-04-05,21.1256,1.7895,JHU,0.7,fourier_country_k2
ETH,1970,15,1970-04-06,1970-04-12,20.9661,1.7759,JHU,0.7,fourier_country_k2
ETH,1970,16,1970-04-13,1970-04-19,20.6217,1.7468,JHU,0.7,fourier_country_k2
ETH,1970,17,1970-04-20,1970-04-26,20.1478,1.7066,JHU,0.7,fourier_country_k2
ETH,1970,18,1970-04-27,1970-05-03,19.6053,1.6607,JHU,0.7,fourier_country_k2
ETH,1970,19,1970-05-04,1970-05-10,19.057,1.6142,JHU,0.7,fourier_country_k2
ETH,1970,20,1970-05-11,1970-05-17,18.5632,1.5724,JHU,0.7,fourier_country_k2
ETH,1970,21,1970-05-18,1970-05-24,18.1777,1.5398,JHU,0.7,fourier_country_k2
ETH,1970,22,1970-05-25,1970-05-31,17.9448,1.52,JHU,0.7,fourier_country_k2
ETH,1970,23,1970-06-01,1970-06-07,17.8957,1.5159,JHU,0.7,fourier_country_k2
ETH,1970,24,1970-06-08,1970-06-14,18.0471,1.5287,JHU,0.7,fourier_country_k2
ETH,1970,25,1970-06-15,1970-06-21,18.3997,1.5586,JHU,0.7,fourier_country_k2
ETH,1970,26,1970-06-22,1970-06-28,18.938,1.6042,JHU,0.7,fourier_country_k2
ETH,1970,27,1970-06-29,1970-07-05,19.631,1.6629,JHU,0.7,fourier_country_k2
ETH,1970,28,1970-07-06,1970-07-12,20.4345,1.7309,JHU,0.7,fourier_country_k2
ETH,1970,29,1970-07-13,1970-07-19,21.2933,1.8037,JHU,0.7,fourier_country_k2
ETH,1970,30,1970-07-20,1970-07-26,22.1445,1.8758,JHU,0.7,fourier_country_k2
ETH,1970,31,1970-07-27,1970-08-02,22.9216,1.9416,JHU,0.7,fourier_country_k2
ETH,1970,32,1970-08-03,1970-08-09,23.5586,1.9956,JHU,0.7,fourier_country_k2
ETH,1970,33,1970-08-10,1970-08-16,23.9938,2.0324,JHU,0.7,fourier_country_k2
ETH,1970,34,1970-08-17,1970-08-23,24.1741,2.0477,JHU,0.7,fourier_country_k2
ETH,1970,35,1970-08-24,1970-08-30,24.0585,2.0379,JHU,0.7,fourier_country_k2
ETH,1970,36,1970-08-31,1970-09-06,23.6206,2.0008,JHU,0.7,fourier_country_k2
ETH,1970,37,1970-09-07,1970-09-13,22.8508,1.9356,JHU,0.7,fourier_country_k2
ETH,1970,38,1970-09-14,1970-09-20,21.7577,1.843,JHU,0.7,fourier_country_k2
ETH,1970,39,1970-09-21,1970-09-27,20.3674,1.7252,JHU,0.7,fourier_country_k2
ETH,1970,40,1970-09-28,1970-10-04,18.7233,1.586,JHU,0.7,fourier_country_k2
ETH,1970,41,1970-10-05,1970-10-11,16.8835,1.4301,JHU,0.7,fourier_country_k2
ETH,1970,42,1970-10-12,1970-10-18,14.9184,1.2637,JHU,0.7,fourier_country_k2
ETH,1970,43,1970-10-19,1970-10-25,12.9069,1.0933,JHU,0.7,fourier_country_k2
ETH,1970,44,1970-10-26,1970-11-01,10.9325,0.926,JHU,0.7,fourier_country_k2
ETH,1970,45,1970-11-02,1970-11-08,9.0787,0.769,JHU,0.7,fourier_country_k2
ETH,1970,46,1970-11-09,1970-11-15,7.4248,0.6289,JHU,0.7,fourier_country_k2
ETH,1970,47,1970-11-16,1970-11-22,6.0418,0.5118,JHU,0.7,fourier_country_k2
ETH,1970,48,1970-11-23,1970-11-29,4.9882,0.4225,JHU,0.7,fourier_country_k2
ETH,1970,49,1970-11-30,1970-12-06,4.3075,0.3649,JHU,0.7,fourier_country_k2
ETH,1970,50,1970-12-07,1970-12-13,4.0254,0.341,JHU,0.7,fourier_country_k2
ETH,1970,51,1970-12-14,1970-12-20,4.1489,0.3514,JHU,0.7,fourier_country_k2
ETH,1970,52,1970-12-21,1970-12-27,4.6659,0.3952,JHU,0.7,fourier_country_k2
ETH,1970,53,1970-12-28,1971-01-03,4.6659,0.3952,JHU,0.7,fourier_country_k2
ETH,1971,1,1971-01-04,1971-01-10,14.269,0.809,JHU,0.7,fourier_country_k2
ETH,1971,2,1971-01-11,1971-01-17,17.3457,0.9835,JHU,0.7,fourier_country_k2
ETH,1971,3,1971-01-18,1971-01-24,21.0783,1.1951,JHU,0.7,fourier_country_k2
ETH,1971,4,1971-01-25,1971-01-31,25.283,1.4335,JHU,0.7,fourier_country_k2
ETH,1971,5,1971-02-01,1971-02-07,29.7592,1.6873,JHU,0.7,fourier_country_k2
ETH,1971,6,1971-02-08,1971-02-14,34.3008,1.9448,JHU,0.7,fourier_country_k2
ETH,1971,7,1971-02-15,1971-02-21,38.707,2.1946,JHU,0.7,fourier_country_k2
ETH,1971,8,1971-02-22,1971-02-28,42.7933,2.4263,JHU,0.7,fourier_country_k2
ETH,1971,9,1971-03-01,1971-03-07,46.4011,2.6309,JHU,0.7,fourier_country_k2
ETH,1971,10,1971-03-08,1971-03-14,49.4056,2.8012,JHU,0.7,fourier_country_k2
ETH,1971,11,1971-03-15,1971-03-21,51.7221,2.9326,JHU,0.7,fourier_country_k2
ETH,1971,12,1971-03-22,1971-03-28,53.3097,3.0226,JHU,0.7,fourier_country_k2
ETH,1971,13,1971-03-29,1971-04-04,54.1718,3.0715,JHU,0.7,fourier_country_k2
ETH,1971,14,1971-04-05,1971-04-11,54.3549,3.0819,JHU,0.7,fourier_country_k2
ETH,1971,15,1971-04-12,1971-04-18,53.9445,3.0586,JHU,0.7,fourier_country_k2
ETH,1971,16,1971-04-19,1971-04-25,53.0584,3.0083,JHU,0.7,fourier_country_k2
ETH,1971,17,1971-04-26,1971-05-02,51.8391,2.9392,JHU,0.7,fourier_country_k2
ETH,1971,18,1971-05-03,1971-05-09,50.4434,2.8601,JHU,0.7,fourier_country_k2
ETH,1971,19,1971-05-10,1971-05-16,49.0327,2.7801,JHU,0.7,fourier_country_k2
ETH,1971,20,1971-05-17,1971-05-23,47.762,2.708,JHU,0.7,fourier_country_k2
ETH,1971,21,1971-05-24,1971-05-30,46.7702,2.6518,JHU,0.7,fourier_country_k2
ETH,1971,22,1971-05-31,1971-06-06,46.1708,2.6178,JHU,0.7,fourier_country_k2
ETH,1971,23,1971-06-07,1971-06-13,46.0446,2.6107,JHU,0.7,fourier_country_k2
ETH,1971,24,1971-06-14,1971-06-20,46.4343,2.6328,JHU,0.7,fourier_country_k2
ETH,1971,25,1971-06-21,1971-06-27,47.3415,2.6842,JHU,0.7,fourier_country_k2
ETH,1971,26,1971-06-28,1971-07-04,48.7263,2.7627,JHU,0.7,fourier_country_k2
ETH,1971,27,1971-07-05,1971-07-11,50.5095,2.8638,JHU,0.7,fourier_country_k2
ETH,1971,28,1971-07-12,1971-07-18,52.5769,2.981,JHU,0.7,fourier_country_k2
ETH,1971,29,1971-07-19,1971-07-25,54.7864,3.1063,JHU,0.7,fourier_country_k2
ETH,1971,30,1971-07-26,1971-08-01,56.9765,3.2305,JHU,0.7,fourier_country_k2
ETH,1971,31,1971-08-02,1971-08-08,58.976,3.3439,JHU,0.7,fourier_country_k2
ETH,1971,32,1971-08-09,1971-08-15,60.6149,3.4368,JHU,0.7,fourier_country_k2
ETH,1971,33,1971-08-16,1971-08-22,61.7346,3.5003,JHU,0.7,fourier_country_k2
ETH,1971,34,1971-08-23,1971-08-29,62.1986,3.5266,JHU,0.7,fourier_country_k2
ETH,1971,35,1971-08-30,1971-09-05,61.9011,3.5097,JHU,0.7,fourier_country_k2
ETH,1971,36,1971-09-06,1971-09-12,60.7743,3.4458,JHU,0.7,fourier_country_k2
ETH,1971,37,1971-09-13,1971-09-19,58.7938,3.3335,JHU,0.7,fourier_country_k2
ETH,1971,38,1971-09-20,1971-09-26,55.9812,3.1741,JHU,0.7,fourier_country_k2
ETH,1971,39,1971-09-27,1971-10-03,52.4042,2.9712,JHU,0.7,fourier_country_k2
ETH,1971,40,1971-10-04,1971-10-10,48.1739,2.7314,JHU,0.7,fourier_country_k2
ETH,1971,41,1971-10-11,1971-10-17,43.4402,2.463,JHU,0.7,fourier_country_k2
ETH,1971,42,1971-10-18,1971-10-24,38.3842,2.1763,JHU,0.7,fourier_country_k2
ETH,1971,43,1971-10-25,1971-10-31,33.2087,1.8829,JHU,0.7,fourier_country_k2
ETH,1971,44,1971-11-01,1971-11-07,28.1286,1.5949,JHU,0.7,fourier_country_k2
ETH,1971,45,1971-11-08,1971-11-14,23.3589,1.3244,JHU,0.7,fourier_country_k2
ETH,1971,46,1971-11-15,1971-11-21,19.1036,1.0832,JHU,0.7,fourier_country_k2
ETH,1971,47,1971-11-22,1971-11-28,15.5451,0.8814,JHU,0.7,fourier_country_k2
ETH,1971,48,1971-11-29,1971-12-05,12.8343,0.7277,JHU,0.7,fourier_country_k2
ETH,1971,49,1971-12-06,1971-12-12,11.0828,0.6284,JHU,0.7,fourier_country_k2
ETH,1971,50,1971-12-13,1971-12-19,10.3571,0.5872,JHU,0.7,fourier_country_k2
ETH,1971,51,1971-12-20,1971-12-26,10.6749,0.6053,JHU,0.7,fourier_country_k2
ETH,1971,52,1971-12-27,1972-01-02,12.0051,0.6807,JHU,0.7,fourier_country_k2
ETH,1972,1,1972-01-03,1972-01-09,0.0,0.0,AI,0.7,documented_zero
ETH,1972,2,1972-01-10,1972-01-16,0.0,0.0,AI,0.7,documented_zero
ETH,1972,3,1972-01-17,1972-01-23,0.0,0.0,AI,0.7,documented_zero
ETH,1972,4,1972-01-24,1972-01-30,0.0,0.0,AI,0.7,documented_zero
ETH,1972,5,1972-01-31,1972-02-06,0.0,0.0,AI,0.7,documented_zero
ETH,1972,6,1972-02-07,1972-02-13,0.0,0.0,AI,0.7,documented_zero
ETH,1972,7,1972-02-14,1972-02-20,0.0,0.0,AI,0.7,documented_zero
ETH,1972,8,1972-02-21,1972-02-27,0.0,0.0,AI,0.7,documented_zero
ETH,1972,9,1972-02-28,1972-03-05,0.0,0.0,AI,0.7,documented_zero
ETH,1972,10,1972-03-06,1972-03-12,0.0,0.0,AI,0.7,documented_zero
ETH,1972,11,1972-03-13,1972-03-19,0.0,0.0,AI,0.7,documented_zero
ETH,1972,12,1972-03-20,1972-03-26,0.0,0.0,AI,0.7,documented_zero
ETH,1972,13,1972-03-27,1972-04-02,0.0,0.0,AI,0.7,documented_zero
ETH,1972,14,1972-04-03,1972-04-09,0.0,0.0,AI,0.7,documented_zero
ETH,1972,15,1972-04-10,1972-04-16,0.0,0.0,AI,0.7,documented_zero
ETH,1972,16,1972-04-17,1972-04-23,0.0,0.0,AI,0.7,documented_zero
ETH,1972,17,1972-04-24,1972-04-30,0.0,0.0,AI,0.7,documented_zero
ETH,1972,18,1972-05-01,1972-05-07,0.0,0.0,AI,0.7,documented_zero
ETH,1972,19,1972-05-08,1972-05-14,0.0,0.0,AI,0.7,documented_zero
ETH,1972,20,1972-05-15,1972-05-21,0.0,0.0,AI,0.7,documented_zero
ETH,1972,21,1972-05-22,1972-05-28,0.0,0.0,AI,0.7,documented_zero
ETH,1972,22,1972-05-29,1972-06-04,0.0,0.0,AI,0.7,documented_zero
ETH,1972,23,1972-06-05,1972-06-11,0.0,0.0,AI,0.7,documented_zero
ETH,1972,24,1972-06-12,1972-06-18,0.0,0.0,AI,0.7,documented_zero
ETH,1972,25,1972-06-19,1972-06-25,0.0,0.0,AI,0.7,documented_zero
ETH,1972,26,1972-06-26,1972-07-02,0.0,0.0,AI,0.7,documented_zero
ETH,1972,27,1972-07-03,1972-07-09,0.0,0.0,AI,0.7,documented_zero
ETH,1972,28,1972-07-10,1972-07-16,0.0,0.0,AI,0.7,documented_zero
ETH,1972,29,1972-07-17,1972-07-23,0.0,0.0,AI,0.7,documented_zero
ETH,1972,30,1972-07-24,1972-07-30,0.0,0.0,AI,0.7,documented_zero
ETH,1972,31,1972-07-31,1972-08-06,0.0,0.0,AI,0.7,documented_zero
ETH,1972,32,1972-08-07,1972-08-13,0.0,0.0,AI,0.7,documented_zero
ETH,1972,33,1972-08-14,1972-08-20,0.0,0.0,AI,0.7,documented_zero
ETH,1972,34,1972-08-21,1972-08-27,0.0,0.0,AI,0.7,documented_zero
ETH,1972,35,1972-08-28,1972-09-03,0.0,0.0,AI,0.7,documented_zero
ETH,1972,36,1972-09-04,1972-09-10,0.0,0.0,AI,0.7,documented_zero
ETH,1972,37,1972-09-11,1972-09-17,0.0,0.0,AI,0.7,documented_zero
ETH,1972,38,1972-09-18,1972-09-24,0.0,0.0,AI,0.7,documented_zero
ETH,1972,39,1972-09-25,1972-10-01,0.0,0.0,AI,0.7,documented_zero
ETH,1972,40,1972-10-02,1972-10-08,0.0,0.0,AI,0.7,documented_zero
ETH,1972,41,1972-10-09,1972-10-15,0.0,0.0,AI,0.7,documented_zero
ETH,1972,42,1972-10-16,1972-10-22,0.0,0.0,AI,0.7,documented_zero
ETH,1972,43,1972-10-23,1972-10-29,0.0,0.0,AI,0.7,documented_zero
ETH,1972,44,1972-10-30,1972-11-05,0.0,0.0,AI,0.7,documented_zero
ETH,1972,45,1972-11-06,1972-11-12,0.0,0.0,AI,0.7,documented_zero
ETH,1972,46,1972-11-13,1972-11-19,0.0,0.0,AI,0.7,documented_zero
ETH,1972,47,1972-11-20,1972-11-26,0.0,0.0,AI,0.7,documented_zero
ETH,1972,48,1972-11-27,1972-12-03,0.0,0.0,AI,0.7,documented_zero
ETH,1972,49,1972-12-04,1972-12-10,0.0,0.0,AI,0.7,documented_zero
ETH,1972,50,1972-12-11,1972-12-17,0.0,0.0,AI,0.7,documented_zero
ETH,1972,51,1972-12-18,1972-12-24,0.0,0.0,AI,0.7,documented_zero
ETH,1972,52,1972-12-25,1972-12-31,0.0,0.0,AI,0.7,documented_zero
ETH,1973,1,1973-01-01,1973-01-07,0.0,0.0,AI,0.7,documented_zero
ETH,1973,2,1973-01-08,1973-01-14,0.0,0.0,AI,0.7,documented_zero
ETH,1973,3,1973-01-15,1973-01-21,0.0,0.0,AI,0.7,documented_zero
ETH,1973,4,1973-01-22,1973-01-28,0.0,0.0,AI,0.7,documented_zero
ETH,1973,5,1973-01-29,1973-02-04,0.0,0.0,AI,0.7,documented_zero
ETH,1973,6,1973-02-05,1973-02-11,0.0,0.0,AI,0.7,documented_zero
ETH,1973,7,1973-02-12,1973-02-18,0.0,0.0,AI,0.7,documented_zero
ETH,1973,8,1973-02-19,1973-02-25,0.0,0.0,AI,0.7,documented_zero
ETH,1973,9,1973-02-26,1973-03-04,0.0,0.0,AI,0.7,documented_zero
ETH,1973,10,1973-03-05,1973-03-11,0.0,0.0,AI,0.7,documented_zero
ETH,1973,11,1973-03-12,1973-03-18,0.0,0.0,AI,0.7,documented_zero
ETH,1973,12,1973-03-19,1973-03-25,0.0,0.0,AI,0.7,documented_zero
ETH,1973,13,1973-03-26,1973-04-01,0.0,0.0,AI,0.7,documented_zero
ETH,1973,14,1973-04-02,1973-04-08,0.0,0.0,AI,0.7,documented_zero
ETH,1973,15,1973-04-09,1973-04-15,0.0,0.0,AI,0.7,documented_zero
ETH,1973,16,1973-04-16,1973-04-22,0.0,0.0,AI,0.7,documented_zero
ETH,1973,17,1973-04-23,1973-04-29,0.0,0.0,AI,0.7,documented_zero
ETH,1973,18,1973-04-30,1973-05-06,0.0,0.0,AI,0.7,documented_zero
ETH,1973,19,1973-05-07,1973-05-13,0.0,0.0,AI,0.7,documented_zero
ETH,1973,20,1973-05-14,1973-05-20,0.0,0.0,AI,0.7,documented_zero
ETH,1973,21,1973-05-21,1973-05-27,0.0,0.0,AI,0.7,documented_zero
ETH,1973,22,1973-05-28,1973-06-03,0.0,0.0,AI,0.7,documented_zero
ETH,1973,23,1973-06-04,1973-06-10,0.0,0.0,AI,0.7,documented_zero
ETH,1973,24,1973-06-11,1973-06-17,0.0,0.0,AI,0.7,documented_zero
ETH,1973,25,1973-06-18,1973-06-24,0.0,0.0,AI,0.7,documented_zero
ETH,1973,26,1973-06-25,1973-07-01,0.0,0.0,AI,0.7,documented_zero
ETH,1973,27,1973-07-02,1973-07-08,0.0,0.0,AI,0.7,documented_zero
ETH,1973,28,1973-07-09,1973-07-15,0.0,0.0,AI,0.7,documented_zero
ETH,1973,29,1973-07-16,1973-07-22,0.0,0.0,AI,0.7,documented_zero
ETH,1973,30,1973-07-23,1973-07-29,0.0,0.0,AI,0.7,documented_zero
ETH,1973,31,1973-07-30,1973-08-05,0.0,0.0,AI,0.7,documented_zero
ETH,1973,32,1973-08-06,1973-08-12,0.0,0.0,AI,0.7,documented_zero
ETH,1973,33,1973-08-13,1973-08-19,0.0,0.0,AI,0.7,documented_zero
ETH,1973,34,1973-08-20,1973-08-26,0.0,0.0,AI,0.7,documented_zero
ETH,1973,35,1973-08-27,1973-09-02,0.0,0.0,AI,0.7,documented_zero
ETH,1973,36,1973-09-03,1973-09-09,0.0,0.0,AI,0.7,documented_zero
ETH,1973,37,1973-09-10,1973-09-16,0.0,0.0,AI,0.7,documented_zero
ETH,1973,38,1973-09-17,1973-09-23,0.0,0.0,AI,0.7,documented_zero
ETH,1973,39,1973-09-24,1973-09-30,0.0,0.0,AI,0.7,documented_zero
ETH,1973,40,1973-10-01,1973-10-07,0.0,0.0,AI,0.7,documented_zero
ETH,1973,41,1973-10-08,1973-10-14,0.0,0.0,AI,0.7,documented_zero
ETH,1973,42,1973-10-15,1973-10-21,0.0,0.0,AI,0.7,documented_zero
ETH,1973,43,1973-10-22,1973-10-28,0.0,0.0,AI,0.7,documented_zero
ETH,1973,44,1973-10-29,1973-11-04,0.0,0.0,AI,0.7,documented_zero
ETH,1973,45,1973-11-05,1973-11-11,0.0,0.0,AI,0.7,documented_zero
ETH,1973,46,1973-11-12,1973-11-18,0.0,0.0,AI,0.7,documented_zero
ETH,1973,47,1973-11-19,1973-11-25,0.0,0.0,AI,0.7,documented_zero
ETH,1973,48,1973-11-26,1973-12-02,0.0,0.0,AI,0.7,documented_zero
ETH,1973,49,1973-12-03,1973-12-09,0.0,0.0,AI,0.7,documented_zero
ETH,1973,50,1973-12-10,1973-12-16,0.0,0.0,AI,0.7,documented_zero
ETH,1973,51,1973-12-17,1973-12-23,0.0,0.0,AI,0.7,documented_zero
ETH,1973,52,1973-12-24,1973-12-30,0.0,0.0,AI,0.7,documented_zero
ETH,1974,1,1973-12-31,1974-01-06,0.0,0.0,AI,0.7,documented_zero
ETH,1974,2,1974-01-07,1974-01-13,0.0,0.0,AI,0.7,documented_zero
ETH,1974,3,1974-01-14,1974-01-20,0.0,0.0,AI,0.7,documented_zero
ETH,1974,4,1974-01-21,1974-01-27,0.0,0.0,AI,0.7,documented_zero
ETH,1974,5,1974-01-28,1974-02-03,0.0,0.0,AI,0.7,documented_zero
ETH,1974,6,1974-02-04,1974-02-10,0.0,0.0,AI,0.7,documented_zero
ETH,1974,7,1974-02-11,1974-02-17,0.0,0.0,AI,0.7,documented_zero
ETH,1974,8,1974-02-18,1974-02-24,0.0,0.0,AI,0.7,documented_zero
ETH,1974,9,1974-02-25,1974-03-03,0.0,0.0,AI,0.7,documented_zero
ETH,1974,10,1974-03-04,1974-03-10,0.0,0.0,AI,0.7,documented_zero
ETH,1974,11,1974-03-11,1974-03-17,0.0,0.0,AI,0.7,documented_zero
ETH,1974,12,1974-03-18,1974-03-24,0.0,0.0,AI,0.7,documented_zero
ETH,1974,13,1974-03-25,1974-03-31,0.0,0.0,AI,0.7,documented_zero
ETH,1974,14,1974-04-01,1974-04-07,0.0,0.0,AI,0.7,documented_zero
ETH,1974,15,1974-04-08,1974-04-14,0.0,0.0,AI,0.7,documented_zero
ETH,1974,16,1974-04-15,1974-04-21,0.0,0.0,AI,0.7,documented_zero
ETH,1974,17,1974-04-22,1974-04-28,0.0,0.0,AI,0.7,documented_zero
ETH,1974,18,1974-04-29,1974-05-05,0.0,0.0,AI,0.7,documented_zero
ETH,1974,19,1974-05-06,1974-05-12,0.0,0.0,AI,0.7,documented_zero
ETH,1974,20,1974-05-13,1974-05-19,0.0,0.0,AI,0.7,documented_zero
ETH,1974,21,1974-05-20,1974-05-26,0.0,0.0,AI,0.7,documented_zero
ETH,1974,22,1974-05-27,1974-06-02,0.0,0.0,AI,0.7,documented_zero
ETH,1974,23,1974-06-03,1974-06-09,0.0,0.0,AI,0.7,documented_zero
ETH,1974,24,1974-06-10,1974-06-16,0.0,0.0,AI,0.7,documented_zero
ETH,1974,25,1974-06-17,1974-06-23,0.0,0.0,AI,0.7,documented_zero
ETH,1974,26,1974-06-24,1974-06-30,0.0,0.0,AI,0.7,documented_zero
ETH,1974,27,1974-07-01,1974-07-07,0.0,0.0,AI,0.7,documented_zero
ETH,1974,28,1974-07-08,1974-07-14,0.0,0.0,AI,0.7,documented_zero
ETH,1974,29,1974-07-15,1974-07-21,0.0,0.0,AI,0.7,documented_zero
ETH,1974,30,1974-07-22,1974-07-28,0.0,0.0,AI,0.7,documented_zero
ETH,1974,31,1974-07-29,1974-08-04,0.0,0.0,AI,0.7,documented_zero
ETH,1974,32,1974-08-05,1974-08-11,0.0,0.0,AI,0.7,documented_zero
ETH,1974,33,1974-08-12,1974-08-18,0.0,0.0,AI,0.7,documented_zero
ETH,1974,34,1974-08-19,1974-08-25,0.0,0.0,AI,0.7,documented_zero
ETH,1974,35,1974-08-26,1974-09-01,0.0,0.0,AI,0.7,documented_zero
ETH,1974,36,1974-09-02,1974-09-08,0.0,0.0,AI,0.7,documented_zero
ETH,1974,37,1974-09-09,1974-09-15,0.0,0.0,AI,0.7,documented_zero
ETH,1974,38,1974-09-16,1974-09-22,0.0,0.0,AI,0.7,documented_zero
ETH,1974,39,1974-09-23,1974-09-29,0.0,0.0,AI,0.7,documented_zero
ETH,1974,40,1974-09-30,1974-10-06,0.0,0.0,AI,0.7,documented_zero
ETH,1974,41,1974-10-07,1974-10-13,0.0,0.0,AI,0.7,documented_zero
ETH,1974,42,1974-10-14,1974-10-20,0.0,0.0,AI,0.7,documented_zero
ETH,1974,43,1974-10-21,1974-10-27,0.0,0.0,AI,0.7,documented_zero
ETH,1974,44,1974-10-28,1974-11-03,0.0,0.0,AI,0.7,documented_zero
ETH,1974,45,1974-11-04,1974-11-10,0.0,0.0,AI,0.7,documented_zero
ETH,1974,46,1974-11-11,1974-11-17,0.0,0.0,AI,0.7,documented_zero
ETH,1974,47,1974-11-18,1974-11-24,0.0,0.0,AI,0.7,documented_zero
ETH,1974,48,1974-11-25,1974-12-01,0.0,0.0,AI,0.7,documented_zero
ETH,1974,49,1974-12-02,1974-12-08,0.0,0.0,AI,0.7,documented_zero
ETH,1974,50,1974-12-09,1974-12-15,0.0,0.0,AI,0.7,documented_zero
ETH,1974,51,1974-12-16,1974-12-22,0.0,0.0,AI,0.7,documented_zero
ETH,1974,52,1974-12-23,1974-12-29,0.0,0.0,AI,0.7,documented_zero
ETH,1975,1,1974-12-30,1975-01-05,0.0,0.0,AI,0.7,documented_zero
ETH,1975,2,1975-01-06,1975-01-12,0.0,0.0,AI,0.7,documented_zero
ETH,1975,3,1975-01-13,1975-01-19,0.0,0.0,AI,0.7,documented_zero
ETH,1975,4,1975-01-20,1975-01-26,0.0,0.0,AI,0.7,documented_zero
ETH,1975,5,1975-01-27,1975-02-02,0.0,0.0,AI,0.7,documented_zero
ETH,1975,6,1975-02-03,1975-02-09,0.0,0.0,AI,0.7,documented_zero
ETH,1975,7,1975-02-10,1975-02-16,0.0,0.0,AI,0.7,documented_zero
ETH,1975,8,1975-02-17,1975-02-23,0.0,0.0,AI,0.7,documented_zero
ETH,1975,9,1975-02-24,1975-03-02,0.0,0.0,AI,0.7,documented_zero
ETH,1975,10,1975-03-03,1975-03-09,0.0,0.0,AI,0.7,documented_zero
ETH,1975,11,1975-03-10,1975-03-16,0.0,0.0,AI,0.7,documented_zero
ETH,1975,12,1975-03-17,1975-03-23,0.0,0.0,AI,0.7,documented_zero
ETH,1975,13,1975-03-24,1975-03-30,0.0,0.0,AI,0.7,documented_zero
ETH,1975,14,1975-03-31,1975-04-06,0.0,0.0,AI,0.7,documented_zero
ETH,1975,15,1975-04-07,1975-04-13,0.0,0.0,AI,0.7,documented_zero
ETH,1975,16,1975-04-14,1975-04-20,0.0,0.0,AI,0.7,documented_zero
ETH,1975,17,1975-04-21,1975-04-27,0.0,0.0,AI,0.7,documented_zero
ETH,1975,18,1975-04-28,1975-05-04,0.0,0.0,AI,0.7,documented_zero
ETH,1975,19,1975-05-05,1975-05-11,0.0,0.0,AI,0.7,documented_zero
ETH,1975,20,1975-05-12,1975-05-18,0.0,0.0,AI,0.7,documented_zero
ETH,1975,21,1975-05-19,1975-05-25,0.0,0.0,AI,0.7,documented_zero
ETH,1975,22,1975-05-26,1975-06-01,0.0,0.0,AI,0.7,documented_zero
ETH,1975,23,1975-06-02,1975-06-08,0.0,0.0,AI,0.7,documented_zero
ETH,1975,24,1975-06-09,1975-06-15,0.0,0.0,AI,0.7,documented_zero
ETH,1975,25,1975-06-16,1975-06-22,0.0,0.0,AI,0.7,documented_zero
ETH,1975,26,1975-06-23,1975-06-29,0.0,0.0,AI,0.7,documented_zero
ETH,1975,27,1975-06-30,1975-07-06,0.0,0.0,AI,0.7,documented_zero
ETH,1975,28,1975-07-07,1975-07-13,0.0,0.0,AI,0.7,documented_zero
ETH,1975,29,1975-07-14,1975-07-20,0.0,0.0,AI,0.7,documented_zero
ETH,1975,30,1975-07-21,1975-07-27,0.0,0.0,AI,0.7,documented_zero
ETH,1975,31,1975-07-28,1975-08-03,0.0,0.0,AI,0.7,documented_zero
ETH,1975,32,1975-08-04,1975-08-10,0.0,0.0,AI,0.7,documented_zero
ETH,1975,33,1975-08-11,1975-08-17,0.0,0.0,AI,0.7,documented_zero
ETH,1975,34,1975-08-18,1975-08-24,0.0,0.0,AI,0.7,documented_zero
ETH,1975,35,1975-08-25,1975-08-31,0.0,0.0,AI,0.7,documented_zero
ETH,1975,36,1975-09-01,1975-09-07,0.0,0.0,AI,0.7,documented_zero
ETH,1975,37,1975-09-08,1975-09-14,0.0,0.0,AI,0.7,documented_zero
ETH,1975,38,1975-09-15,1975-09-21,0.0,0.0,AI,0.7,documented_zero
ETH,1975,39,1975-09-22,1975-09-28,0.0,0.0,AI,0.7,documented_zero
ETH,1975,40,1975-09-29,1975-10-05,0.0,0.0,AI,0.7,documented_zero
ETH,1975,41,1975-10-06,1975-10-12,0.0,0.0,AI,0.7,documented_zero
ETH,1975,42,1975-10-13,1975-10-19,0.0,0.0,AI,0.7,documented_zero
ETH,1975,43,1975-10-20,1975-10-26,0.0,0.0,AI,0.7,documented_zero
ETH,1975,44,1975-10-27,1975-11-02,0.0,0.0,AI,0.7,documented_zero
ETH,1975,45,1975-11-03,1975-11-09,0.0,0.0,AI,0.7,documented_zero
ETH,1975,46,1975-11-10,1975-11-16,0.0,0.0,AI,0.7,documented_zero
ETH,1975,47,1975-11-17,1975-11-23,0.0,0.0,AI,0.7,documented_zero
ETH,1975,48,1975-11-24,1975-11-30,0.0,0.0,AI,0.7,documented_zero
ETH,1975,49,1975-12-01,1975-12-07,0.0,0.0,AI,0.7,documented_zero
ETH,1975,50,1975-12-08,1975-12-14,0.0,0.0,AI,0.7,documented_zero
ETH,1975,51,1975-12-15,1975-12-21,0.0,0.0,AI,0.7,documented_zero
ETH,1975,52,1975-12-22,1975-12-28,0.0,0.0,AI,0.7,documented_zero
ETH,1976,1,1975-12-29,1976-01-04,0.0,0.0,AI,0.7,documented_zero
ETH,1976,2,1976-01-05,1976-01-11,0.0,0.0,AI,0.7,documented_zero
ETH,1976,3,1976-01-12,1976-01-18,0.0,0.0,AI,0.7,documented_zero
ETH,1976,4,1976-01-19,1976-01-25,0.0,0.0,AI,0.7,documented_zero
ETH,1976,5,1976-01-26,1976-02-01,0.0,0.0,AI,0.7,documented_zero
ETH,1976,6,1976-02-02,1976-02-08,0.0,0.0,AI,0.7,documented_zero
ETH,1976,7,1976-02-09,1976-02-15,0.0,0.0,AI,0.7,documented_zero
ETH,1976,8,1976-02-16,1976-02-22,0.0,0.0,AI,0.7,documented_zero
ETH,1976,9,1976-02-23,1976-02-29,0.0,0.0,AI,0.7,documented_zero
ETH,1976,10,1976-03-01,1976-03-07,0.0,0.0,AI,0.7,documented_zero
ETH,1976,11,1976-03-08,1976-03-14,0.0,0.0,AI,0.7,documented_zero
ETH,1976,12,1976-03-15,1976-03-21,0.0,0.0,AI,0.7,documented_zero
ETH,1976,13,1976-03-22,1976-03-28,0.0,0.0,AI,0.7,documented_zero
ETH,1976,14,1976-03-29,1976-04-04,0.0,0.0,AI,0.7,documented_zero
ETH,1976,15,1976-04-05,1976-04-11,0.0,0.0,AI,0.7,documented_zero
ETH,1976,16,1976-04-12,1976-04-18,0.0,0.0,AI,0.7,documented_zero
ETH,1976,17,1976-04-19,1976-04-25,0.0,0.0,AI,0.7,documented_zero
ETH,1976,18,1976-04-26,1976-05-02,0.0,0.0,AI,0.7,documented_zero
ETH,1976,19,1976-05-03,1976-05-09,0.0,0.0,AI,0.7,documented_zero
ETH,1976,20,1976-05-10,1976-05-16,0.0,0.0,AI,0.7,documented_zero
ETH,1976,21,1976-05-17,1976-05-23,0.0,0.0,AI,0.7,documented_zero
ETH,1976,22,1976-05-24,1976-05-30,0.0,0.0,AI,0.7,documented_zero
ETH,1976,23,1976-05-31,1976-06-06,0.0,0.0,AI,0.7,documented_zero
ETH,1976,24,1976-06-07,1976-06-13,0.0,0.0,AI,0.7,documented_zero
ETH,1976,25,1976-06-14,1976-06-20,0.0,0.0,AI,0.7,documented_zero
ETH,1976,26,1976-06-21,1976-06-27,0.0,0.0,AI,0.7,documented_zero
ETH,1976,27,1976-06-28,1976-07-04,0.0,0.0,AI,0.7,documented_zero
ETH,1976,28,1976-07-05,1976-07-11,0.0,0.0,AI,0.7,documented_zero
ETH,1976,29,1976-07-12,1976-07-18,0.0,0.0,AI,0.7,documented_zero
ETH,1976,30,1976-07-19,1976-07-25,0.0,0.0,AI,0.7,documented_zero
ETH,1976,31,1976-07-26,1976-08-01,0.0,0.0,AI,0.7,documented_zero
ETH,1976,32,1976-08-02,1976-08-08,0.0,0.0,AI,0.7,documented_zero
ETH,1976,33,1976-08-09,1976-08-15,0.0,0.0,AI,0.7,documented_zero
ETH,1976,34,1976-08-16,1976-08-22,0.0,0.0,AI,0.7,documented_zero
ETH,1976,35,1976-08-23,1976-08-29,0.0,0.0,AI,0.7,documented_zero
ETH,1976,36,1976-08-30,1976-09-05,0.0,0.0,AI,0.7,documented_zero
ETH,1976,37,1976-09-06,1976-09-12,0.0,0.0,AI,0.7,documented_zero
ETH,1976,38,1976-09-13,1976-09-19,0.0,0.0,AI,0.7,documented_zero
ETH,1976,39,1976-09-20,1976-09-26,0.0,0.0,AI,0.7,documented_zero
ETH,1976,40,1976-09-27,1976-10-03,0.0,0.0,AI,0.7,documented_zero
ETH,1976,41,1976-10-04,1976-10-10,0.0,0.0,AI,0.7,documented_zero
ETH,1976,42,1976-10-11,1976-10-17,0.0,0.0,AI,0.7,documented_zero
ETH,1976,43,1976-10-18,1976-10-24,0.0,0.0,AI,0.7,documented_zero
ETH,1976,44,1976-10-25,1976-10-31,0.0,0.0,AI,0.7,documented_zero
ETH,1976,45,1976-11-01,1976-11-07,0.0,0.0,AI,0.7,documented_zero
ETH,1976,46,1976-11-08,1976-11-14,0.0,0.0,AI,0.7,documented_zero
ETH,1976,47,1976-11-15,1976-11-21,0.0,0.0,AI,0.7,documented_zero
ETH,1976,48,1976-11-22,1976-11-28,0.0,0.0,AI,0.7,documented_zero
ETH,1976,49,1976-11-29,1976-12-05,0.0,0.0,AI,0.7,documented_zero
ETH,1976,50,1976-12-06,1976-12-12,0.0,0.0,AI,0.7,documented_zero
ETH,1976,51,1976-12-13,1976-12-19,0.0,0.0,AI,0.7,documented_zero
ETH,1976,52,1976-12-20,1976-12-26,0.0,0.0,AI,0.7,documented_zero
ETH,1976,53,1976-12-27,1977-01-02,0.0,0.0,AI,0.7,documented_zero
ETH,1977,1,1977-01-03,1977-01-09,0.0,0.0,AI,0.7,documented_zero
ETH,1977,2,1977-01-10,1977-01-16,0.0,0.0,AI,0.7,documented_zero
ETH,1977,3,1977-01-17,1977-01-23,0.0,0.0,AI,0.7,documented_zero
ETH,1977,4,1977-01-24,1977-01-30,0.0,0.0,AI,0.7,documented_zero
ETH,1977,5,1977-01-31,1977-02-06,0.0,0.0,AI,0.7,documented_zero
ETH,1977,6,1977-02-07,1977-02-13,0.0,0.0,AI,0.7,documented_zero
ETH,1977,7,1977-02-14,1977-02-20,0.0,0.0,AI,0.7,documented_zero
ETH,1977,8,1977-02-21,1977-02-27,0.0,0.0,AI,0.7,documented_zero
ETH,1977,9,1977-02-28,1977-03-06,0.0,0.0,AI,0.7,documented_zero
ETH,1977,10,1977-03-07,1977-03-13,0.0,0.0,AI,0.7,documented_zero
ETH,1977,11,1977-03-14,1977-03-20,0.0,0.0,AI,0.7,documented_zero
ETH,1977,12,1977-03-21,1977-03-27,0.0,0.0,AI,0.7,documented_zero
ETH,1977,13,1977-03-28,1977-04-03,0.0,0.0,AI,0.7,documented_zero
ETH,1977,14,1977-04-04,1977-04-10,0.0,0.0,AI,0.7,documented_zero
ETH,1977,15,1977-04-11,1977-04-17,0.0,0.0,AI,0.7,documented_zero
ETH,1977,16,1977-04-18,1977-04-24,0.0,0.0,AI,0.7,documented_zero
ETH,1977,17,1977-04-25,1977-05-01,0.0,0.0,AI,0.7,documented_zero
ETH,1977,18,1977-05-02,1977-05-08,0.0,0.0,AI,0.7,documented_zero
ETH,1977,19,1977-05-09,1977-05-15,0.0,0.0,AI,0.7,documented_zero
ETH,1977,20,1977-05-16,1977-05-22,0.0,0.0,AI,0.7,documented_zero
ETH,1977,21,1977-05-23,1977-05-29,0.0,0.0,AI,0.7,documented_zero
ETH,1977,22,1977-05-30,1977-06-05,0.0,0.0,AI,0.7,documented_zero
ETH,1977,23,1977-06-06,1977-06-12,0.0,0.0,AI,0.7,documented_zero
ETH,1977,24,1977-06-13,1977-06-19,0.0,0.0,AI,0.7,documented_zero
ETH,1977,25,1977-06-20,1977-06-26,0.0,0.0,AI,0.7,documented_zero
ETH,1977,26,1977-06-27,1977-07-03,0.0,0.0,AI,0.7,documented_zero
ETH,1977,27,1977-07-04,1977-07-10,0.0,0.0,AI,0.7,documented_zero
ETH,1977,28,1977-07-11,1977-07-17,0.0,0.0,AI,0.7,documented_zero
ETH,1977,29,1977-07-18,1977-07-24,0.0,0.0,AI,0.7,documented_zero
ETH,1977,30,1977-07-25,1977-07-31,0.0,0.0,AI,0.7,documented_zero
ETH,1977,31,1977-08-01,1977-08-07,0.0,0.0,AI,0.7,documented_zero
ETH,1977,32,1977-08-08,1977-08-14,0.0,0.0,AI,0.7,documented_zero
ETH,1977,33,1977-08-15,1977-08-21,0.0,0.0,AI,0.7,documented_zero
ETH,1977,34,1977-08-22,1977-08-28,0.0,0.0,AI,0.7,documented_zero
ETH,1977,35,1977-08-29,1977-09-04,0.0,0.0,AI,0.7,documented_zero
ETH,1977,36,1977-09-05,1977-09-11,0.0,0.0,AI,0.7,documented_zero
ETH,1977,37,1977-09-12,1977-09-18,0.0,0.0,AI,0.7,documented_zero
ETH,1977,38,1977-09-19,1977-09-25,0.0,0.0,AI,0.7,documented_zero
ETH,1977,39,1977-09-26,1977-10-02,0.0,0.0,AI,0.7,documented_zero
ETH,1977,40,1977-10-03,1977-10-09,0.0,0.0,AI,0.7,documented_zero
ETH,1977,41,1977-10-10,1977-10-16,0.0,0.0,AI,0.7,documented_zero
ETH,1977,42,1977-10-17,1977-10-23,0.0,0.0,AI,0.7,documented_zero
ETH,1977,43,1977-10-24,1977-10-30,0.0,0.0,AI,0.7,documented_zero
ETH,1977,44,1977-10-31,1977-11-06,0.0,0.0,AI,0.7,documented_zero
ETH,1977,45,1977-11-07,1977-11-13,0.0,0.0,AI,0.7,documented_zero
ETH,1977,46,1977-11-14,1977-11-20,0.0,0.0,AI,0.7,documented_zero
ETH,1977,47,1977-11-21,1977-11-27,0.0,0.0,AI,0.7,documented_zero
ETH,1977,48,1977-11-28,1977-12-04,0.0,0.0,AI,0.7,documented_zero
ETH,1977,49,1977-12-05,1977-12-11,0.0,0.0,AI,0.7,documented_zero
ETH,1977,50,1977-12-12,1977-12-18,0.0,0.0,AI,0.7,documented_zero
ETH,1977,51,1977-12-19,1977-12-25,0.0,0.0,AI,0.7,documented_zero
ETH,1977,52,1977-12-26,1978-01-01,0.0,0.0,AI,0.7,documented_zero
ETH,1978,1,1978-01-02,1978-01-08,0.0,0.0,AI,0.7,documented_zero
ETH,1978,2,1978-01-09,1978-01-15,0.0,0.0,AI,0.7,documented_zero
ETH,1978,3,1978-01-16,1978-01-22,0.0,0.0,AI,0.7,documented_zero
ETH,1978,4,1978-01-23,1978-01-29,0.0,0.0,AI,0.7,documented_zero
ETH,1978,5,1978-01-30,1978-02-05,0.0,0.0,AI,0.7,documented_zero
ETH,1978,6,1978-02-06,1978-02-12,0.0,0.0,AI,0.7,documented_zero
ETH,1978,7,1978-02-13,1978-02-19,0.0,0.0,AI,0.7,documented_zero
ETH,1978,8,1978-02-20,1978-02-26,0.0,0.0,AI,0.7,documented_zero
ETH,1978,9,1978-02-27,1978-03-05,0.0,0.0,AI,0.7,documented_zero
ETH,1978,10,1978-03-06,1978-03-12,0.0,0.0,AI,0.7,documented_zero
ETH,1978,11,1978-03-13,1978-03-19,0.0,0.0,AI,0.7,documented_zero
ETH,1978,12,1978-03-20,1978-03-26,0.0,0.0,AI,0.7,documented_zero
ETH,1978,13,1978-03-27,1978-04-02,0.0,0.0,AI,0.7,documented_zero
ETH,1978,14,1978-04-03,1978-04-09,0.0,0.0,AI,0.7,documented_zero
ETH,1978,15,1978-04-10,1978-04-16,0.0,0.0,AI,0.7,documented_zero
ETH,1978,16,1978-04-17,1978-04-23,0.0,0.0,AI,0.7,documented_zero
ETH,1978,17,1978-04-24,1978-04-30,0.0,0.0,AI,0.7,documented_zero
ETH,1978,18,1978-05-01,1978-05-07,0.0,0.0,AI,0.7,documented_zero
ETH,1978,19,1978-05-08,1978-05-14,0.0,0.0,AI,0.7,documented_zero
ETH,1978,20,1978-05-15,1978-05-21,0.0,0.0,AI,0.7,documented_zero
ETH,1978,21,1978-05-22,1978-05-28,0.0,0.0,AI,0.7,documented_zero
ETH,1978,22,1978-05-29,1978-06-04,0.0,0.0,AI,0.7,documented_zero
ETH,1978,23,1978-06-05,1978-06-11,0.0,0.0,AI,0.7,documented_zero
ETH,1978,24,1978-06-12,1978-06-18,0.0,0.0,AI,0.7,documented_zero
ETH,1978,25,1978-06-19,1978-06-25,0.0,0.0,AI,0.7,documented_zero
ETH,1978,26,1978-06-26,1978-07-02,0.0,0.0,AI,0.7,documented_zero
ETH,1978,27,1978-07-03,1978-07-09,0.0,0.0,AI,0.7,documented_zero
ETH,1978,28,1978-07-10,1978-07-16,0.0,0.0,AI,0.7,documented_zero
ETH,1978,29,1978-07-17,1978-07-23,0.0,0.0,AI,0.7,documented_zero
ETH,1978,30,1978-07-24,1978-07-30,0.0,0.0,AI,0.7,documented_zero
ETH,1978,31,1978-07-31,1978-08-06,0.0,0.0,AI,0.7,documented_zero
ETH,1978,32,1978-08-07,1978-08-13,0.0,0.0,AI,0.7,documented_zero
ETH,1978,33,1978-08-14,1978-08-20,0.0,0.0,AI,0.7,documented_zero
ETH,1978,34,1978-08-21,1978-08-27,0.0,0.0,AI,0.7,documented_zero
ETH,1978,35,1978-08-28,1978-09-03,0.0,0.0,AI,0.7,documented_zero
ETH,1978,36,1978-09-04,1978-09-10,0.0,0.0,AI,0.7,documented_zero
ETH,1978,37,1978-09-11,1978-09-17,0.0,0.0,AI,0.7,documented_zero
ETH,1978,38,1978-09-18,1978-09-24,0.0,0.0,AI,0.7,documented_zero
ETH,1978,39,1978-09-25,1978-10-01,0.0,0.0,AI,0.7,documented_zero
ETH,1978,40,1978-10-02,1978-10-08,0.0,0.0,AI,0.7,documented_zero
ETH,1978,41,1978-10-09,1978-10-15,0.0,0.0,AI,0.7,documented_zero
ETH,1978,42,1978-10-16,1978-10-22,0.0,0.0,AI,0.7,documented_zero
ETH,1978,43,1978-10-23,1978-10-29,0.0,0.0,AI,0.7,documented_zero
ETH,1978,44,1978-10-30,1978-11-05,0.0,0.0,AI,0.7,documented_zero
ETH,1978,45,1978-11-06,1978-11-12,0.0,0.0,AI,0.7,documented_zero
ETH,1978,46,1978-11-13,1978-11-19,0.0,0.0,AI,0.7,documented_zero
ETH,1978,47,1978-11-20,1978-11-26,0.0,0.0,AI,0.7,documented_zero
ETH,1978,48,1978-11-27,1978-12-03,0.0,0.0,AI,0.7,documented_zero
ETH,1978,49,1978-12-04,1978-12-10,0.0,0.0,AI,0.7,documented_zero
ETH,1978,50,1978-12-11,1978-12-17,0.0,0.0,AI,0.7,documented_zero
ETH,1978,51,1978-12-18,1978-12-24,0.0,0.0,AI,0.7,documented_zero
ETH,1978,52,1978-12-25,1978-12-31,0.0,0.0,AI,0.7,documented_zero
ETH,1979,1,1979-01-01,1979-01-07,0.0,0.0,AI,0.7,documented_zero
ETH,1979,2,1979-01-08,1979-01-14,0.0,0.0,AI,0.7,documented_zero
ETH,1979,3,1979-01-15,1979-01-21,0.0,0.0,AI,0.7,documented_zero
ETH,1979,4,1979-01-22,1979-01-28,0.0,0.0,AI,0.7,documented_zero
ETH,1979,5,1979-01-29,1979-02-04,0.0,0.0,AI,0.7,documented_zero
ETH,1979,6,1979-02-05,1979-02-11,0.0,0.0,AI,0.7,documented_zero
ETH,1979,7,1979-02-12,1979-02-18,0.0,0.0,AI,0.7,documented_zero
ETH,1979,8,1979-02-19,1979-02-25,0.0,0.0,AI,0.7,documented_zero
ETH,1979,9,1979-02-26,1979-03-04,0.0,0.0,AI,0.7,documented_zero
ETH,1979,10,1979-03-05,1979-03-11,0.0,0.0,AI,0.7,documented_zero
ETH,1979,11,1979-03-12,1979-03-18,0.0,0.0,AI,0.7,documented_zero
ETH,1979,12,1979-03-19,1979-03-25,0.0,0.0,AI,0.7,documented_zero
ETH,1979,13,1979-03-26,1979-04-01,0.0,0.0,AI,0.7,documented_zero
ETH,1979,14,1979-04-02,1979-04-08,0.0,0.0,AI,0.7,documented_zero
ETH,1979,15,1979-04-09,1979-04-15,0.0,0.0,AI,0.7,documented_zero
ETH,1979,16,1979-04-16,1979-04-22,0.0,0.0,AI,0.7,documented_zero
ETH,1979,17,1979-04-23,1979-04-29,0.0,0.0,AI,0.7,documented_zero
ETH,1979,18,1979-04-30,1979-05-06,0.0,0.0,AI,0.7,documented_zero
ETH,1979,19,1979-05-07,1979-05-13,0.0,0.0,AI,0.7,documented_zero
ETH,1979,20,1979-05-14,1979-05-20,0.0,0.0,AI,0.7,documented_zero
ETH,1979,21,1979-05-21,1979-05-27,0.0,0.0,AI,0.7,documented_zero
ETH,1979,22,1979-05-28,1979-06-03,0.0,0.0,AI,0.7,documented_zero
ETH,1979,23,1979-06-04,1979-06-10,0.0,0.0,AI,0.7,documented_zero
ETH,1979,24,1979-06-11,1979-06-17,0.0,0.0,AI,0.7,documented_zero
ETH,1979,25,1979-06-18,1979-06-24,0.0,0.0,AI,0.7,documented_zero
ETH,1979,26,1979-06-25,1979-07-01,0.0,0.0,AI,0.7,documented_zero
ETH,1979,27,1979-07-02,1979-07-08,0.0,0.0,AI,0.7,documented_zero
ETH,1979,28,1979-07-09,1979-07-15,0.0,0.0,AI,0.7,documented_zero
ETH,1979,29,1979-07-16,1979-07-22,0.0,0.0,AI,0.7,documented_zero
ETH,1979,30,1979-07-23,1979-07-29,0.0,0.0,AI,0.7,documented_zero
ETH,1979,31,1979-07-30,1979-08-05,0.0,0.0,AI,0.7,documented_zero
ETH,1979,32,1979-08-06,1979-08-12,0.0,0.0,AI,0.7,documented_zero
ETH,1979,33,1979-08-13,1979-08-19,0.0,0.0,AI,0.7,documented_zero
ETH,1979,34,1979-08-20,1979-08-26,0.0,0.0,AI,0.7,documented_zero
ETH,1979,35,1979-08-27,1979-09-02,0.0,0.0,AI,0.7,documented_zero
ETH,1979,36,1979-09-03,1979-09-09,0.0,0.0,AI,0.7,documented_zero
ETH,1979,37,1979-09-10,1979-09-16,0.0,0.0,AI,0.7,documented_zero
ETH,1979,38,1979-09-17,1979-09-23,0.0,0.0,AI,0.7,documented_zero
ETH,1979,39,1979-09-24,1979-09-30,0.0,0.0,AI,0.7,documented_zero
ETH,1979,40,1979-10-01,1979-10-07,0.0,0.0,AI,0.7,documented_zero
ETH,1979,41,1979-10-08,1979-10-14,0.0,0.0,AI,0.7,documented_zero
ETH,1979,42,1979-10-15,1979-10-21,0.0,0.0,AI,0.7,documented_zero
ETH,1979,43,1979-10-22,1979-10-28,0.0,0.0,AI,0.7,documented_zero
ETH,1979,44,1979-10-29,1979-11-04,0.0,0.0,AI,0.7,documented_zero
ETH,1979,45,1979-11-05,1979-11-11,0.0,0.0,AI,0.7,documented_zero
ETH,1979,46,1979-11-12,1979-11-18,0.0,0.0,AI,0.7,documented_zero
ETH,1979,47,1979-11-19,1979-11-25,0.0,0.0,AI,0.7,documented_zero
ETH,1979,48,1979-11-26,1979-12-02,0.0,0.0,AI,0.7,documented_zero
ETH,1979,49,1979-12-03,1979-12-09,0.0,0.0,AI,0.7,documented_zero
ETH,1979,50,1979-12-10,1979-12-16,0.0,0.0,AI,0.7,documented_zero
ETH,1979,51,1979-12-17,1979-12-23,0.0,0.0,AI,0.7,documented_zero
ETH,1979,52,1979-12-24,1979-12-30,0.0,0.0,AI,0.7,documented_zero
ETH,1980,1,1979-12-31,1980-01-06,0.0,0.0,AI,0.7,documented_zero
ETH,1980,2,1980-01-07,1980-01-13,0.0,0.0,AI,0.7,documented_zero
ETH,1980,3,1980-01-14,1980-01-20,0.0,0.0,AI,0.7,documented_zero
ETH,1980,4,1980-01-21,1980-01-27,0.0,0.0,AI,0.7,documented_zero
ETH,1980,5,1980-01-28,1980-02-03,0.0,0.0,AI,0.7,documented_zero
ETH,1980,6,1980-02-04,1980-02-10,0.0,0.0,AI,0.7,documented_zero
ETH,1980,7,1980-02-11,1980-02-17,0.0,0.0,AI,0.7,documented_zero
ETH,1980,8,1980-02-18,1980-02-24,0.0,0.0,AI,0.7,documented_zero
ETH,1980,9,1980-02-25,1980-03-02,0.0,0.0,AI,0.7,documented_zero
ETH,1980,10,1980-03-03,1980-03-09,0.0,0.0,AI,0.7,documented_zero
ETH,1980,11,1980-03-10,1980-03-16,0.0,0.0,AI,0.7,documented_zero
ETH,1980,12,1980-03-17,1980-03-23,0.0,0.0,AI,0.7,documented_zero
ETH,1980,13,1980-03-24,1980-03-30,0.0,0.0,AI,0.7,documented_zero
ETH,1980,14,1980-03-31,1980-04-06,0.0,0.0,AI,0.7,documented_zero
ETH,1980,15,1980-04-07,1980-04-13,0.0,0.0,AI,0.7,documented_zero
ETH,1980,16,1980-04-14,1980-04-20,0.0,0.0,AI,0.7,documented_zero
ETH,1980,17,1980-04-21,1980-04-27,0.0,0.0,AI,0.7,documented_zero
ETH,1980,18,1980-04-28,1980-05-04,0.0,0.0,AI,0.7,documented_zero
ETH,1980,19,1980-05-05,1980-05-11,0.0,0.0,AI,0.7,documented_zero
ETH,1980,20,1980-05-12,1980-05-18,0.0,0.0,AI,0.7,documented_zero
ETH,1980,21,1980-05-19,1980-05-25,0.0,0.0,AI,0.7,documented_zero
ETH,1980,22,1980-05-26,1980-06-01,0.0,0.0,AI,0.7,documented_zero
ETH,1980,23,1980-06-02,1980-06-08,0.0,0.0,AI,0.7,documented_zero
ETH,1980,24,1980-06-09,1980-06-15,0.0,0.0,AI,0.7,documented_zero
ETH,1980,25,1980-06-16,1980-06-22,0.0,0.0,AI,0.7,documented_zero
ETH,1980,26,1980-06-23,1980-06-29,0.0,0.0,AI,0.7,documented_zero
ETH,1980,27,1980-06-30,1980-07-06,0.0,0.0,AI,0.7,documented_zero
ETH,1980,28,1980-07-07,1980-07-13,0.0,0.0,AI,0.7,documented_zero
ETH,1980,29,1980-07-14,1980-07-20,0.0,0.0,AI,0.7,documented_zero
ETH,1980,30,1980-07-21,1980-07-27,0.0,0.0,AI,0.7,documented_zero
ETH,1980,31,1980-07-28,1980-08-03,0.0,0.0,AI,0.7,documented_zero
ETH,1980,32,1980-08-04,1980-08-10,0.0,0.0,AI,0.7,documented_zero
ETH,1980,33,1980-08-11,1980-08-17,0.0,0.0,AI,0.7,documented_zero
ETH,1980,34,1980-08-18,1980-08-24,0.0,0.0,AI,0.7,documented_zero
ETH,1980,35,1980-08-25,1980-08-31,0.0,0.0,AI,0.7,documented_zero
ETH,1980,36,1980-09-01,1980-09-07,0.0,0.0,AI,0.7,documented_zero
ETH,1980,37,1980-09-08,1980-09-14,0.0,0.0,AI,0.7,documented_zero
ETH,1980,38,1980-09-15,1980-09-21,0.0,0.0,AI,0.7,documented_zero
ETH,1980,39,1980-09-22,1980-09-28,0.0,0.0,AI,0.7,documented_zero
ETH,1980,40,1980-09-29,1980-10-05,0.0,0.0,AI,0.7,documented_zero
ETH,1980,41,1980-10-06,1980-10-12,0.0,0.0,AI,0.7,documented_zero
ETH,1980,42,1980-10-13,1980-10-19,0.0,0.0,AI,0.7,documented_zero
ETH,1980,43,1980-10-20,1980-10-26,0.0,0.0,AI,0.7,documented_zero
ETH,1980,44,1980-10-27,1980-11-02,0.0,0.0,AI,0.7,documented_zero
ETH,1980,45,1980-11-03,1980-11-09,0.0,0.0,AI,0.7,documented_zero
ETH,1980,46,1980-11-10,1980-11-16,0.0,0.0,AI,0.7,documented_zero
ETH,1980,47,1980-11-17,1980-11-23,0.0,0.0,AI,0.7,documented_zero
ETH,1980,48,1980-11-24,1980-11-30,0.0,0.0,AI,0.7,documented_zero
ETH,1980,49,1980-12-01,1980-12-07,0.0,0.0,AI,0.7,documented_zero
ETH,1980,50,1980-12-08,1980-12-14,0.0,0.0,AI,0.7,documented_zero
ETH,1980,51,1980-12-15,1980-12-21,0.0,0.0,AI,0.7,documented_zero
ETH,1980,52,1980-12-22,1980-12-28,0.0,0.0,AI,0.7,documented_zero
ETH,1981,1,1980-12-29,1981-01-04,0.0,0.0,AI,0.7,documented_zero
ETH,1981,2,1981-01-05,1981-01-11,0.0,0.0,AI,0.7,documented_zero
ETH,1981,3,1981-01-12,1981-01-18,0.0,0.0,AI,0.7,documented_zero
ETH,1981,4,1981-01-19,1981-01-25,0.0,0.0,AI,0.7,documented_zero
ETH,1981,5,1981-01-26,1981-02-01,0.0,0.0,AI,0.7,documented_zero
ETH,1981,6,1981-02-02,1981-02-08,0.0,0.0,AI,0.7,documented_zero
ETH,1981,7,1981-02-09,1981-02-15,0.0,0.0,AI,0.7,documented_zero
ETH,1981,8,1981-02-16,1981-02-22,0.0,0.0,AI,0.7,documented_zero
ETH,1981,9,1981-02-23,1981-03-01,0.0,0.0,AI,0.7,documented_zero
ETH,1981,10,1981-03-02,1981-03-08,0.0,0.0,AI,0.7,documented_zero
ETH,1981,11,1981-03-09,1981-03-15,0.0,0.0,AI,0.7,documented_zero
ETH,1981,12,1981-03-16,1981-03-22,0.0,0.0,AI,0.7,documented_zero
ETH,1981,13,1981-03-23,1981-03-29,0.0,0.0,AI,0.7,documented_zero
ETH,1981,14,1981-03-30,1981-04-05,0.0,0.0,AI,0.7,documented_zero
ETH,1981,15,1981-04-06,1981-04-12,0.0,0.0,AI,0.7,documented_zero
ETH,1981,16,1981-04-13,1981-04-19,0.0,0.0,AI,0.7,documented_zero
ETH,1981,17,1981-04-20,1981-04-26,0.0,0.0,AI,0.7,documented_zero
ETH,1981,18,1981-04-27,1981-05-03,0.0,0.0,AI,0.7,documented_zero
ETH,1981,19,1981-05-04,1981-05-10,0.0,0.0,AI,0.7,documented_zero
ETH,1981,20,1981-05-11,1981-05-17,0.0,0.0,AI,0.7,documented_zero
ETH,1981,21,1981-05-18,1981-05-24,0.0,0.0,AI,0.7,documented_zero
ETH,1981,22,1981-05-25,1981-05-31,0.0,0.0,AI,0.7,documented_zero
ETH,1981,23,1981-06-01,1981-06-07,0.0,0.0,AI,0.7,documented_zero
ETH,1981,24,1981-06-08,1981-06-14,0.0,0.0,AI,0.7,documented_zero
ETH,1981,25,1981-06-15,1981-06-21,0.0,0.0,AI,0.7,documented_zero
ETH,1981,26,1981-06-22,1981-06-28,0.0,0.0,AI,0.7,documented_zero
ETH,1981,27,1981-06-29,1981-07-05,0.0,0.0,AI,0.7,documented_zero
ETH,1981,28,1981-07-06,1981-07-12,0.0,0.0,AI,0.7,documented_zero
ETH,1981,29,1981-07-13,1981-07-19,0.0,0.0,AI,0.7,documented_zero
ETH,1981,30,1981-07-20,1981-07-26,0.0,0.0,AI,0.7,documented_zero
ETH,1981,31,1981-07-27,1981-08-02,0.0,0.0,AI,0.7,documented_zero
ETH,1981,32,1981-08-03,1981-08-09,0.0,0.0,AI,0.7,documented_zero
ETH,1981,33,1981-08-10,1981-08-16,0.0,0.0,AI,0.7,documented_zero
ETH,1981,34,1981-08-17,1981-08-23,0.0,0.0,AI,0.7,documented_zero
ETH,1981,35,1981-08-24,1981-08-30,0.0,0.0,AI,0.7,documented_zero
ETH,1981,36,1981-08-31,1981-09-06,0.0,0.0,AI,0.7,documented_zero
ETH,1981,37,1981-09-07,1981-09-13,0.0,0.0,AI,0.7,documented_zero
ETH,1981,38,1981-09-14,1981-09-20,0.0,0.0,AI,0.7,documented_zero
ETH,1981,39,1981-09-21,1981-09-27,0.0,0.0,AI,0.7,documented_zero
ETH,1981,40,1981-09-28,1981-10-04,0.0,0.0,AI,0.7,documented_zero
ETH,1981,41,1981-10-05,1981-10-11,0.0,0.0,AI,0.7,documented_zero
ETH,1981,42,1981-10-12,1981-10-18,0.0,0.0,AI,0.7,documented_zero
ETH,1981,43,1981-10-19,1981-10-25,0.0,0.0,AI,0.7,documented_zero
ETH,1981,44,1981-10-26,1981-11-01,0.0,0.0,AI,0.7,documented_zero
ETH,1981,45,1981-11-02,1981-11-08,0.0,0.0,AI,0.7,documented_zero
ETH,1981,46,1981-11-09,1981-11-15,0.0,0.0,AI,0.7,documented_zero
ETH,1981,47,1981-11-16,1981-11-22,0.0,0.0,AI,0.7,documented_zero
ETH,1981,48,1981-11-23,1981-11-29,0.0,0.0,AI,0.7,documented_zero
ETH,1981,49,1981-11-30,1981-12-06,0.0,0.0,AI,0.7,documented_zero
ETH,1981,50,1981-12-07,1981-12-13,0.0,0.0,AI,0.7,documented_zero
ETH,1981,51,1981-12-14,1981-12-20,0.0,0.0,AI,0.7,documented_zero
ETH,1981,52,1981-12-21,1981-12-27,0.0,0.0,AI,0.7,documented_zero
ETH,1981,53,1981-12-28,1982-01-03,0.0,0.0,JHU,1.0,documented_zero
ETH,1982,1,1982-01-04,1982-01-10,0.0,0.0,JHU,1.0,documented_zero
ETH,1982,2,1982-01-11,1982-01-17,0.0,0.0,JHU,1.0,documented_zero
ETH,1982,3,1982-01-18,1982-01-24,0.0,0.0,JHU,1.0,documented_zero
ETH,1982,4,1982-01-25,1982-01-31,0.0,0.0,JHU,1.0,documented_zero
ETH,1982,5,1982-02-01,1982-02-07,0.0,0.0,JHU,1.0,documented_zero
ETH,1982,6,1982-02-08,1982-02-14,0.0,0.0,JHU,1.0,documented_zero
ETH,1982,7,1982-02-15,1982-02-21,0.0,0.0,JHU,1.0,documented_zero
ETH,1982,8,1982-02-22,1982-02-28,0.0,0.0,JHU,1.0,documented_zero
ETH,1982,9,1982-03-01,1982-03-07,0.0,0.0,JHU,1.0,documented_zero
ETH,1982,10,1982-03-08,1982-03-14,0.0,0.0,JHU,1.0,documented_zero
ETH,1982,11,1982-03-15,1982-03-21,0.0,0.0,JHU,1.0,documented_zero
ETH,1982,12,1982-03-22,1982-03-28,0.0,0.0,JHU,1.0,documented_zero
ETH,1982,13,1982-03-29,1982-04-04,0.0,0.0,JHU,1.0,documented_zero
ETH,1982,14,1982-04-05,1982-04-11,0.0,0.0,JHU,1.0,documented_zero
ETH,1982,15,1982-04-12,1982-04-18,0.0,0.0,JHU,1.0,documented_zero
ETH,1982,16,1982-04-19,1982-04-25,0.0,0.0,JHU,1.0,documented_zero
ETH,1982,17,1982-04-26,1982-05-02,0.0,0.0,JHU,1.0,documented_zero
ETH,1982,18,1982-05-03,1982-05-09,0.0,0.0,JHU,1.0,documented_zero
ETH,1982,19,1982-05-10,1982-05-16,0.0,0.0,JHU,1.0,documented_zero
ETH,1982,20,1982-05-17,1982-05-23,0.0,0.0,JHU,1.0,documented_zero
ETH,1982,21,1982-05-24,1982-05-30,0.0,0.0,JHU,1.0,documented_zero
ETH,1982,22,1982-05-31,1982-06-06,0.0,0.0,JHU,1.0,documented_zero
ETH,1982,23,1982-06-07,1982-06-13,0.0,0.0,JHU,1.0,documented_zero
ETH,1982,24,1982-06-14,1982-06-20,0.0,0.0,JHU,1.0,documented_zero
ETH,1982,25,1982-06-21,1982-06-27,0.0,0.0,JHU,1.0,documented_zero
ETH,1982,26,1982-06-28,1982-07-04,0.0,0.0,JHU,1.0,documented_zero
ETH,1982,27,1982-07-05,1982-07-11,0.0,0.0,JHU,1.0,documented_zero
ETH,1982,28,1982-07-12,1982-07-18,0.0,0.0,JHU,1.0,documented_zero
ETH,1982,29,1982-07-19,1982-07-25,0.0,0.0,JHU,1.0,documented_zero
ETH,1982,30,1982-07-26,1982-08-01,0.0,0.0,JHU,1.0,documented_zero
ETH,1982,31,1982-08-02,1982-08-08,0.0,0.0,JHU,1.0,documented_zero
ETH,1982,32,1982-08-09,1982-08-15,0.0,0.0,JHU,1.0,documented_zero
ETH,1982,33,1982-08-16,1982-08-22,0.0,0.0,JHU,1.0,documented_zero
ETH,1982,34,1982-08-23,1982-08-29,0.0,0.0,JHU,1.0,documented_zero
ETH,1982,35,1982-08-30,1982-09-05,0.0,0.0,JHU,1.0,documented_zero
ETH,1982,36,1982-09-06,1982-09-12,0.0,0.0,JHU,1.0,documented_zero
ETH,1982,37,1982-09-13,1982-09-19,0.0,0.0,JHU,1.0,documented_zero
ETH,1982,38,1982-09-20,1982-09-26,0.0,0.0,JHU,1.0,documented_zero
ETH,1982,39,1982-09-27,1982-10-03,0.0,0.0,JHU,1.0,documented_zero
ETH,1982,40,1982-10-04,1982-10-10,0.0,0.0,JHU,1.0,documented_zero
ETH,1982,41,1982-10-11,1982-10-17,0.0,0.0,JHU,1.0,documented_zero
ETH,1982,42,1982-10-18,1982-10-24,0.0,0.0,JHU,1.0,documented_zero
ETH,1982,43,1982-10-25,1982-10-31,0.0,0.0,JHU,1.0,documented_zero
ETH,1982,44,1982-11-01,1982-11-07,0.0,0.0,JHU,1.0,documented_zero
ETH,1982,45,1982-11-08,1982-11-14,0.0,0.0,JHU,1.0,documented_zero
ETH,1982,46,1982-11-15,1982-11-21,0.0,0.0,JHU,1.0,documented_zero
ETH,1982,47,1982-11-22,1982-11-28,0.0,0.0,JHU,1.0,documented_zero
ETH,1982,48,1982-11-29,1982-12-05,0.0,0.0,JHU,1.0,documented_zero
ETH,1982,49,1982-12-06,1982-12-12,0.0,0.0,JHU,1.0,documented_zero
ETH,1982,50,1982-12-13,1982-12-19,0.0,0.0,JHU,1.0,documented_zero
ETH,1982,51,1982-12-20,1982-12-26,0.0,0.0,JHU,1.0,documented_zero
ETH,1982,52,1982-12-27,1983-01-02,0.0,0.0,JHU,1.0,documented_zero
ETH,1983,1,1983-01-03,1983-01-09,0.0,0.0,AI,0.7,documented_zero
ETH,1983,2,1983-01-10,1983-01-16,0.0,0.0,AI,0.7,documented_zero
ETH,1983,3,1983-01-17,1983-01-23,0.0,0.0,AI,0.7,documented_zero
ETH,1983,4,1983-01-24,1983-01-30,0.0,0.0,AI,0.7,documented_zero
ETH,1983,5,1983-01-31,1983-02-06,0.0,0.0,AI,0.7,documented_zero
ETH,1983,6,1983-02-07,1983-02-13,0.0,0.0,AI,0.7,documented_zero
ETH,1983,7,1983-02-14,1983-02-20,0.0,0.0,AI,0.7,documented_zero
ETH,1983,8,1983-02-21,1983-02-27,0.0,0.0,AI,0.7,documented_zero
ETH,1983,9,1983-02-28,1983-03-06,0.0,0.0,AI,0.7,documented_zero
ETH,1983,10,1983-03-07,1983-03-13,0.0,0.0,AI,0.7,documented_zero
ETH,1983,11,1983-03-14,1983-03-20,0.0,0.0,AI,0.7,documented_zero
ETH,1983,12,1983-03-21,1983-03-27,0.0,0.0,AI,0.7,documented_zero
ETH,1983,13,1983-03-28,1983-04-03,0.0,0.0,AI,0.7,documented_zero
ETH,1983,14,1983-04-04,1983-04-10,0.0,0.0,AI,0.7,documented_zero
ETH,1983,15,1983-04-11,1983-04-17,0.0,0.0,AI,0.7,documented_zero
ETH,1983,16,1983-04-18,1983-04-24,0.0,0.0,AI,0.7,documented_zero
ETH,1983,17,1983-04-25,1983-05-01,0.0,0.0,AI,0.7,documented_zero
ETH,1983,18,1983-05-02,1983-05-08,0.0,0.0,AI,0.7,documented_zero
ETH,1983,19,1983-05-09,1983-05-15,0.0,0.0,AI,0.7,documented_zero
ETH,1983,20,1983-05-16,1983-05-22,0.0,0.0,AI,0.7,documented_zero
ETH,1983,21,1983-05-23,1983-05-29,0.0,0.0,AI,0.7,documented_zero
ETH,1983,22,1983-05-30,1983-06-05,0.0,0.0,AI,0.7,documented_zero
ETH,1983,23,1983-06-06,1983-06-12,0.0,0.0,AI,0.7,documented_zero
ETH,1983,24,1983-06-13,1983-06-19,0.0,0.0,AI,0.7,documented_zero
ETH,1983,25,1983-06-20,1983-06-26,0.0,0.0,AI,0.7,documented_zero
ETH,1983,26,1983-06-27,1983-07-03,0.0,0.0,AI,0.7,documented_zero
ETH,1983,27,1983-07-04,1983-07-10,0.0,0.0,AI,0.7,documented_zero
ETH,1983,28,1983-07-11,1983-07-17,0.0,0.0,AI,0.7,documented_zero
ETH,1983,29,1983-07-18,1983-07-24,0.0,0.0,AI,0.7,documented_zero
ETH,1983,30,1983-07-25,1983-07-31,0.0,0.0,AI,0.7,documented_zero
ETH,1983,31,1983-08-01,1983-08-07,0.0,0.0,AI,0.7,documented_zero
ETH,1983,32,1983-08-08,1983-08-14,0.0,0.0,AI,0.7,documented_zero
ETH,1983,33,1983-08-15,1983-08-21,0.0,0.0,AI,0.7,documented_zero
ETH,1983,34,1983-08-22,1983-08-28,0.0,0.0,AI,0.7,documented_zero
ETH,1983,35,1983-08-29,1983-09-04,0.0,0.0,AI,0.7,documented_zero
ETH,1983,36,1983-09-05,1983-09-11,0.0,0.0,AI,0.7,documented_zero
ETH,1983,37,1983-09-12,1983-09-18,0.0,0.0,AI,0.7,documented_zero
ETH,1983,38,1983-09-19,1983-09-25,0.0,0.0,AI,0.7,documented_zero
ETH,1983,39,1983-09-26,1983-10-02,0.0,0.0,AI,0.7,documented_zero
ETH,1983,40,1983-10-03,1983-10-09,0.0,0.0,AI,0.7,documented_zero
ETH,1983,41,1983-10-10,1983-10-16,0.0,0.0,AI,0.7,documented_zero
ETH,1983,42,1983-10-17,1983-10-23,0.0,0.0,AI,0.7,documented_zero
ETH,1983,43,1983-10-24,1983-10-30,0.0,0.0,AI,0.7,documented_zero
ETH,1983,44,1983-10-31,1983-11-06,0.0,0.0,AI,0.7,documented_zero
ETH,1983,45,1983-11-07,1983-11-13,0.0,0.0,AI,0.7,documented_zero
ETH,1983,46,1983-11-14,1983-11-20,0.0,0.0,AI,0.7,documented_zero
ETH,1983,47,1983-11-21,1983-11-27,0.0,0.0,AI,0.7,documented_zero
ETH,1983,48,1983-11-28,1983-12-04,0.0,0.0,AI,0.7,documented_zero
ETH,1983,49,1983-12-05,1983-12-11,0.0,0.0,AI,0.7,documented_zero
ETH,1983,50,1983-12-12,1983-12-18,0.0,0.0,AI,0.7,documented_zero
ETH,1983,51,1983-12-19,1983-12-25,0.0,0.0,AI,0.7,documented_zero
ETH,1983,52,1983-12-26,1984-01-01,0.0,0.0,AI,0.7,documented_zero
ETH,1984,1,1984-01-02,1984-01-08,0.0,0.0,AI,0.7,documented_zero
ETH,1984,2,1984-01-09,1984-01-15,0.0,0.0,AI,0.7,documented_zero
ETH,1984,3,1984-01-16,1984-01-22,0.0,0.0,AI,0.7,documented_zero
ETH,1984,4,1984-01-23,1984-01-29,0.0,0.0,AI,0.7,documented_zero
ETH,1984,5,1984-01-30,1984-02-05,0.0,0.0,AI,0.7,documented_zero
ETH,1984,6,1984-02-06,1984-02-12,0.0,0.0,AI,0.7,documented_zero
ETH,1984,7,1984-02-13,1984-02-19,0.0,0.0,AI,0.7,documented_zero
ETH,1984,8,1984-02-20,1984-02-26,0.0,0.0,AI,0.7,documented_zero
ETH,1984,9,1984-02-27,1984-03-04,0.0,0.0,AI,0.7,documented_zero
ETH,1984,10,1984-03-05,1984-03-11,0.0,0.0,AI,0.7,documented_zero
ETH,1984,11,1984-03-12,1984-03-18,0.0,0.0,AI,0.7,documented_zero
ETH,1984,12,1984-03-19,1984-03-25,0.0,0.0,AI,0.7,documented_zero
ETH,1984,13,1984-03-26,1984-04-01,0.0,0.0,AI,0.7,documented_zero
ETH,1984,14,1984-04-02,1984-04-08,0.0,0.0,AI,0.7,documented_zero
ETH,1984,15,1984-04-09,1984-04-15,0.0,0.0,AI,0.7,documented_zero
ETH,1984,16,1984-04-16,1984-04-22,0.0,0.0,AI,0.7,documented_zero
ETH,1984,17,1984-04-23,1984-04-29,0.0,0.0,AI,0.7,documented_zero
ETH,1984,18,1984-04-30,1984-05-06,0.0,0.0,AI,0.7,documented_zero
ETH,1984,19,1984-05-07,1984-05-13,0.0,0.0,AI,0.7,documented_zero
ETH,1984,20,1984-05-14,1984-05-20,0.0,0.0,AI,0.7,documented_zero
ETH,1984,21,1984-05-21,1984-05-27,0.0,0.0,AI,0.7,documented_zero
ETH,1984,22,1984-05-28,1984-06-03,0.0,0.0,AI,0.7,documented_zero
ETH,1984,23,1984-06-04,1984-06-10,0.0,0.0,AI,0.7,documented_zero
ETH,1984,24,1984-06-11,1984-06-17,0.0,0.0,AI,0.7,documented_zero
ETH,1984,25,1984-06-18,1984-06-24,0.0,0.0,AI,0.7,documented_zero
ETH,1984,26,1984-06-25,1984-07-01,0.0,0.0,AI,0.7,documented_zero
ETH,1984,27,1984-07-02,1984-07-08,0.0,0.0,AI,0.7,documented_zero
ETH,1984,28,1984-07-09,1984-07-15,0.0,0.0,AI,0.7,documented_zero
ETH,1984,29,1984-07-16,1984-07-22,0.0,0.0,AI,0.7,documented_zero
ETH,1984,30,1984-07-23,1984-07-29,0.0,0.0,AI,0.7,documented_zero
ETH,1984,31,1984-07-30,1984-08-05,0.0,0.0,AI,0.7,documented_zero
ETH,1984,32,1984-08-06,1984-08-12,0.0,0.0,AI,0.7,documented_zero
ETH,1984,33,1984-08-13,1984-08-19,0.0,0.0,AI,0.7,documented_zero
ETH,1984,34,1984-08-20,1984-08-26,0.0,0.0,AI,0.7,documented_zero
ETH,1984,35,1984-08-27,1984-09-02,0.0,0.0,AI,0.7,documented_zero
ETH,1984,36,1984-09-03,1984-09-09,0.0,0.0,AI,0.7,documented_zero
ETH,1984,37,1984-09-10,1984-09-16,0.0,0.0,AI,0.7,documented_zero
ETH,1984,38,1984-09-17,1984-09-23,0.0,0.0,AI,0.7,documented_zero
ETH,1984,39,1984-09-24,1984-09-30,0.0,0.0,AI,0.7,documented_zero
ETH,1984,40,1984-10-01,1984-10-07,0.0,0.0,AI,0.7,documented_zero
ETH,1984,41,1984-10-08,1984-10-14,0.0,0.0,AI,0.7,documented_zero
ETH,1984,42,1984-10-15,1984-10-21,0.0,0.0,AI,0.7,documented_zero
ETH,1984,43,1984-10-22,1984-10-28,0.0,0.0,AI,0.7,documented_zero
ETH,1984,44,1984-10-29,1984-11-04,0.0,0.0,AI,0.7,documented_zero
ETH,1984,45,1984-11-05,1984-11-11,0.0,0.0,AI,0.7,documented_zero
ETH,1984,46,1984-11-12,1984-11-18,0.0,0.0,AI,0.7,documented_zero
ETH,1984,47,1984-11-19,1984-11-25,0.0,0.0,AI,0.7,documented_zero
ETH,1984,48,1984-11-26,1984-12-02,0.0,0.0,AI,0.7,documented_zero
ETH,1984,49,1984-12-03,1984-12-09,0.0,0.0,AI,0.7,documented_zero
ETH,1984,50,1984-12-10,1984-12-16,0.0,0.0,AI,0.7,documented_zero
ETH,1984,51,1984-12-17,1984-12-23,0.0,0.0,AI,0.7,documented_zero
ETH,1984,52,1984-12-24,1984-12-30,0.0,0.0,AI,0.7,documented_zero
ETH,1985,1,1984-12-31,1985-01-06,0.0,0.0,AI,0.7,documented_zero
ETH,1985,2,1985-01-07,1985-01-13,0.0,0.0,AI,0.7,documented_zero
ETH,1985,3,1985-01-14,1985-01-20,0.0,0.0,AI,0.7,documented_zero
ETH,1985,4,1985-01-21,1985-01-27,0.0,0.0,AI,0.7,documented_zero
ETH,1985,5,1985-01-28,1985-02-03,0.0,0.0,AI,0.7,documented_zero
ETH,1985,6,1985-02-04,1985-02-10,0.0,0.0,AI,0.7,documented_zero
ETH,1985,7,1985-02-11,1985-02-17,0.0,0.0,AI,0.7,documented_zero
ETH,1985,8,1985-02-18,1985-02-24,0.0,0.0,AI,0.7,documented_zero
ETH,1985,9,1985-02-25,1985-03-03,0.0,0.0,AI,0.7,documented_zero
ETH,1985,10,1985-03-04,1985-03-10,0.0,0.0,AI,0.7,documented_zero
ETH,1985,11,1985-03-11,1985-03-17,0.0,0.0,AI,0.7,documented_zero
ETH,1985,12,1985-03-18,1985-03-24,0.0,0.0,AI,0.7,documented_zero
ETH,1985,13,1985-03-25,1985-03-31,0.0,0.0,AI,0.7,documented_zero
ETH,1985,14,1985-04-01,1985-04-07,0.0,0.0,AI,0.7,documented_zero
ETH,1985,15,1985-04-08,1985-04-14,0.0,0.0,AI,0.7,documented_zero
ETH,1985,16,1985-04-15,1985-04-21,0.0,0.0,AI,0.7,documented_zero
ETH,1985,17,1985-04-22,1985-04-28,0.0,0.0,AI,0.7,documented_zero
ETH,1985,18,1985-04-29,1985-05-05,0.0,0.0,AI,0.7,documented_zero
ETH,1985,19,1985-05-06,1985-05-12,0.0,0.0,AI,0.7,documented_zero
ETH,1985,20,1985-05-13,1985-05-19,0.0,0.0,AI,0.7,documented_zero
ETH,1985,21,1985-05-20,1985-05-26,0.0,0.0,AI,0.7,documented_zero
ETH,1985,22,1985-05-27,1985-06-02,0.0,0.0,AI,0.7,documented_zero
ETH,1985,23,1985-06-03,1985-06-09,0.0,0.0,AI,0.7,documented_zero
ETH,1985,24,1985-06-10,1985-06-16,0.0,0.0,AI,0.7,documented_zero
ETH,1985,25,1985-06-17,1985-06-23,0.0,0.0,AI,0.7,documented_zero
ETH,1985,26,1985-06-24,1985-06-30,0.0,0.0,AI,0.7,documented_zero
ETH,1985,27,1985-07-01,1985-07-07,0.0,0.0,AI,0.7,documented_zero
ETH,1985,28,1985-07-08,1985-07-14,0.0,0.0,AI,0.7,documented_zero
ETH,1985,29,1985-07-15,1985-07-21,0.0,0.0,AI,0.7,documented_zero
ETH,1985,30,1985-07-22,1985-07-28,0.0,0.0,AI,0.7,documented_zero
ETH,1985,31,1985-07-29,1985-08-04,0.0,0.0,AI,0.7,documented_zero
ETH,1985,32,1985-08-05,1985-08-11,0.0,0.0,AI,0.7,documented_zero
ETH,1985,33,1985-08-12,1985-08-18,0.0,0.0,AI,0.7,documented_zero
ETH,1985,34,1985-08-19,1985-08-25,0.0,0.0,AI,0.7,documented_zero
ETH,1985,35,1985-08-26,1985-09-01,0.0,0.0,AI,0.7,documented_zero
ETH,1985,36,1985-09-02,1985-09-08,0.0,0.0,AI,0.7,documented_zero
ETH,1985,37,1985-09-09,1985-09-15,0.0,0.0,AI,0.7,documented_zero
ETH,1985,38,1985-09-16,1985-09-22,0.0,0.0,AI,0.7,documented_zero
ETH,1985,39,1985-09-23,1985-09-29,0.0,0.0,AI,0.7,documented_zero
ETH,1985,40,1985-09-30,1985-10-06,0.0,0.0,AI,0.7,documented_zero
ETH,1985,41,1985-10-07,1985-10-13,0.0,0.0,AI,0.7,documented_zero
ETH,1985,42,1985-10-14,1985-10-20,0.0,0.0,AI,0.7,documented_zero
ETH,1985,43,1985-10-21,1985-10-27,0.0,0.0,AI,0.7,documented_zero
ETH,1985,44,1985-10-28,1985-11-03,0.0,0.0,AI,0.7,documented_zero
ETH,1985,45,1985-11-04,1985-11-10,0.0,0.0,AI,0.7,documented_zero
ETH,1985,46,1985-11-11,1985-11-17,0.0,0.0,AI,0.7,documented_zero
ETH,1985,47,1985-11-18,1985-11-24,0.0,0.0,AI,0.7,documented_zero
ETH,1985,48,1985-11-25,1985-12-01,0.0,0.0,AI,0.7,documented_zero
ETH,1985,49,1985-12-02,1985-12-08,0.0,0.0,AI,0.7,documented_zero
ETH,1985,50,1985-12-09,1985-12-15,0.0,0.0,AI,0.7,documented_zero
ETH,1985,51,1985-12-16,1985-12-22,0.0,0.0,AI,0.7,documented_zero
ETH,1985,52,1985-12-23,1985-12-29,0.0,0.0,AI,0.7,documented_zero
ETH,1986,1,1985-12-30,1986-01-05,0.0,0.0,AI,0.7,documented_zero
ETH,1986,2,1986-01-06,1986-01-12,0.0,0.0,AI,0.7,documented_zero
ETH,1986,3,1986-01-13,1986-01-19,0.0,0.0,AI,0.7,documented_zero
ETH,1986,4,1986-01-20,1986-01-26,0.0,0.0,AI,0.7,documented_zero
ETH,1986,5,1986-01-27,1986-02-02,0.0,0.0,AI,0.7,documented_zero
ETH,1986,6,1986-02-03,1986-02-09,0.0,0.0,AI,0.7,documented_zero
ETH,1986,7,1986-02-10,1986-02-16,0.0,0.0,AI,0.7,documented_zero
ETH,1986,8,1986-02-17,1986-02-23,0.0,0.0,AI,0.7,documented_zero
ETH,1986,9,1986-02-24,1986-03-02,0.0,0.0,AI,0.7,documented_zero
ETH,1986,10,1986-03-03,1986-03-09,0.0,0.0,AI,0.7,documented_zero
ETH,1986,11,1986-03-10,1986-03-16,0.0,0.0,AI,0.7,documented_zero
ETH,1986,12,1986-03-17,1986-03-23,0.0,0.0,AI,0.7,documented_zero
ETH,1986,13,1986-03-24,1986-03-30,0.0,0.0,AI,0.7,documented_zero
ETH,1986,14,1986-03-31,1986-04-06,0.0,0.0,AI,0.7,documented_zero
ETH,1986,15,1986-04-07,1986-04-13,0.0,0.0,AI,0.7,documented_zero
ETH,1986,16,1986-04-14,1986-04-20,0.0,0.0,AI,0.7,documented_zero
ETH,1986,17,1986-04-21,1986-04-27,0.0,0.0,AI,0.7,documented_zero
ETH,1986,18,1986-04-28,1986-05-04,0.0,0.0,AI,0.7,documented_zero
ETH,1986,19,1986-05-05,1986-05-11,0.0,0.0,AI,0.7,documented_zero
ETH,1986,20,1986-05-12,1986-05-18,0.0,0.0,AI,0.7,documented_zero
ETH,1986,21,1986-05-19,1986-05-25,0.0,0.0,AI,0.7,documented_zero
ETH,1986,22,1986-05-26,1986-06-01,0.0,0.0,AI,0.7,documented_zero
ETH,1986,23,1986-06-02,1986-06-08,0.0,0.0,AI,0.7,documented_zero
ETH,1986,24,1986-06-09,1986-06-15,0.0,0.0,AI,0.7,documented_zero
ETH,1986,25,1986-06-16,1986-06-22,0.0,0.0,AI,0.7,documented_zero
ETH,1986,26,1986-06-23,1986-06-29,0.0,0.0,AI,0.7,documented_zero
ETH,1986,27,1986-06-30,1986-07-06,0.0,0.0,AI,0.7,documented_zero
ETH,1986,28,1986-07-07,1986-07-13,0.0,0.0,AI,0.7,documented_zero
ETH,1986,29,1986-07-14,1986-07-20,0.0,0.0,AI,0.7,documented_zero
ETH,1986,30,1986-07-21,1986-07-27,0.0,0.0,AI,0.7,documented_zero
ETH,1986,31,1986-07-28,1986-08-03,0.0,0.0,AI,0.7,documented_zero
ETH,1986,32,1986-08-04,1986-08-10,0.0,0.0,AI,0.7,documented_zero
ETH,1986,33,1986-08-11,1986-08-17,0.0,0.0,AI,0.7,documented_zero
ETH,1986,34,1986-08-18,1986-08-24,0.0,0.0,AI,0.7,documented_zero
ETH,1986,35,1986-08-25,1986-08-31,0.0,0.0,AI,0.7,documented_zero
ETH,1986,36,1986-09-01,1986-09-07,0.0,0.0,AI,0.7,documented_zero
ETH,1986,37,1986-09-08,1986-09-14,0.0,0.0,AI,0.7,documented_zero
ETH,1986,38,1986-09-15,1986-09-21,0.0,0.0,AI,0.7,documented_zero
ETH,1986,39,1986-09-22,1986-09-28,0.0,0.0,AI,0.7,documented_zero
ETH,1986,40,1986-09-29,1986-10-05,0.0,0.0,AI,0.7,documented_zero
ETH,1986,41,1986-10-06,1986-10-12,0.0,0.0,AI,0.7,documented_zero
ETH,1986,42,1986-10-13,1986-10-19,0.0,0.0,AI,0.7,documented_zero
ETH,1986,43,1986-10-20,1986-10-26,0.0,0.0,AI,0.7,documented_zero
ETH,1986,44,1986-10-27,1986-11-02,0.0,0.0,AI,0.7,documented_zero
ETH,1986,45,1986-11-03,1986-11-09,0.0,0.0,AI,0.7,documented_zero
ETH,1986,46,1986-11-10,1986-11-16,0.0,0.0,AI,0.7,documented_zero
ETH,1986,47,1986-11-17,1986-11-23,0.0,0.0,AI,0.7,documented_zero
ETH,1986,48,1986-11-24,1986-11-30,0.0,0.0,AI,0.7,documented_zero
ETH,1986,49,1986-12-01,1986-12-07,0.0,0.0,AI,0.7,documented_zero
ETH,1986,50,1986-12-08,1986-12-14,0.0,0.0,AI,0.7,documented_zero
ETH,1986,51,1986-12-15,1986-12-21,0.0,0.0,AI,0.7,documented_zero
ETH,1986,52,1986-12-22,1986-12-28,0.0,0.0,AI,0.7,documented_zero
ETH,1987,1,1986-12-29,1987-01-04,0.0,0.0,AI,0.7,documented_zero
ETH,1987,2,1987-01-05,1987-01-11,0.0,0.0,AI,0.7,documented_zero
ETH,1987,3,1987-01-12,1987-01-18,0.0,0.0,AI,0.7,documented_zero
ETH,1987,4,1987-01-19,1987-01-25,0.0,0.0,AI,0.7,documented_zero
ETH,1987,5,1987-01-26,1987-02-01,0.0,0.0,AI,0.7,documented_zero
ETH,1987,6,1987-02-02,1987-02-08,0.0,0.0,AI,0.7,documented_zero
ETH,1987,7,1987-02-09,1987-02-15,0.0,0.0,AI,0.7,documented_zero
ETH,1987,8,1987-02-16,1987-02-22,0.0,0.0,AI,0.7,documented_zero
ETH,1987,9,1987-02-23,1987-03-01,0.0,0.0,AI,0.7,documented_zero
ETH,1987,10,1987-03-02,1987-03-08,0.0,0.0,AI,0.7,documented_zero
ETH,1987,11,1987-03-09,1987-03-15,0.0,0.0,AI,0.7,documented_zero
ETH,1987,12,1987-03-16,1987-03-22,0.0,0.0,AI,0.7,documented_zero
ETH,1987,13,1987-03-23,1987-03-29,0.0,0.0,AI,0.7,documented_zero
ETH,1987,14,1987-03-30,1987-04-05,0.0,0.0,AI,0.7,documented_zero
ETH,1987,15,1987-04-06,1987-04-12,0.0,0.0,AI,0.7,documented_zero
ETH,1987,16,1987-04-13,1987-04-19,0.0,0.0,AI,0.7,documented_zero
ETH,1987,17,1987-04-20,1987-04-26,0.0,0.0,AI,0.7,documented_zero
ETH,1987,18,1987-04-27,1987-05-03,0.0,0.0,AI,0.7,documented_zero
ETH,1987,19,1987-05-04,1987-05-10,0.0,0.0,AI,0.7,documented_zero
ETH,1987,20,1987-05-11,1987-05-17,0.0,0.0,AI,0.7,documented_zero
ETH,1987,21,1987-05-18,1987-05-24,0.0,0.0,AI,0.7,documented_zero
ETH,1987,22,1987-05-25,1987-05-31,0.0,0.0,AI,0.7,documented_zero
ETH,1987,23,1987-06-01,1987-06-07,0.0,0.0,AI,0.7,documented_zero
ETH,1987,24,1987-06-08,1987-06-14,0.0,0.0,AI,0.7,documented_zero
ETH,1987,25,1987-06-15,1987-06-21,0.0,0.0,AI,0.7,documented_zero
ETH,1987,26,1987-06-22,1987-06-28,0.0,0.0,AI,0.7,documented_zero
ETH,1987,27,1987-06-29,1987-07-05,0.0,0.0,AI,0.7,documented_zero
ETH,1987,28,1987-07-06,1987-07-12,0.0,0.0,AI,0.7,documented_zero
ETH,1987,29,1987-07-13,1987-07-19,0.0,0.0,AI,0.7,documented_zero
ETH,1987,30,1987-07-20,1987-07-26,0.0,0.0,AI,0.7,documented_zero
ETH,1987,31,1987-07-27,1987-08-02,0.0,0.0,AI,0.7,documented_zero
ETH,1987,32,1987-08-03,1987-08-09,0.0,0.0,AI,0.7,documented_zero
ETH,1987,33,1987-08-10,1987-08-16,0.0,0.0,AI,0.7,documented_zero
ETH,1987,34,1987-08-17,1987-08-23,0.0,0.0,AI,0.7,documented_zero
ETH,1987,35,1987-08-24,1987-08-30,0.0,0.0,AI,0.7,documented_zero
ETH,1987,36,1987-08-31,1987-09-06,0.0,0.0,AI,0.7,documented_zero
ETH,1987,37,1987-09-07,1987-09-13,0.0,0.0,AI,0.7,documented_zero
ETH,1987,38,1987-09-14,1987-09-20,0.0,0.0,AI,0.7,documented_zero
ETH,1987,39,1987-09-21,1987-09-27,0.0,0.0,AI,0.7,documented_zero
ETH,1987,40,1987-09-28,1987-10-04,0.0,0.0,AI,0.7,documented_zero
ETH,1987,41,1987-10-05,1987-10-11,0.0,0.0,AI,0.7,documented_zero
ETH,1987,42,1987-10-12,1987-10-18,0.0,0.0,AI,0.7,documented_zero
ETH,1987,43,1987-10-19,1987-10-25,0.0,0.0,AI,0.7,documented_zero
ETH,1987,44,1987-10-26,1987-11-01,0.0,0.0,AI,0.7,documented_zero
ETH,1987,45,1987-11-02,1987-11-08,0.0,0.0,AI,0.7,documented_zero
ETH,1987,46,1987-11-09,1987-11-15,0.0,0.0,AI,0.7,documented_zero
ETH,1987,47,1987-11-16,1987-11-22,0.0,0.0,AI,0.7,documented_zero
ETH,1987,48,1987-11-23,1987-11-29,0.0,0.0,AI,0.7,documented_zero
ETH,1987,49,1987-11-30,1987-12-06,0.0,0.0,AI,0.7,documented_zero
ETH,1987,50,1987-12-07,1987-12-13,0.0,0.0,AI,0.7,documented_zero
ETH,1987,51,1987-12-14,1987-12-20,0.0,0.0,AI,0.7,documented_zero
ETH,1987,52,1987-12-21,1987-12-27,0.0,0.0,AI,0.7,documented_zero
ETH,1987,53,1987-12-28,1988-01-03,0.0,0.0,AI,0.7,documented_zero
ETH,1988,1,1988-01-04,1988-01-10,0.0,0.0,AI,0.7,documented_zero
ETH,1988,2,1988-01-11,1988-01-17,0.0,0.0,AI,0.7,documented_zero
ETH,1988,3,1988-01-18,1988-01-24,0.0,0.0,AI,0.7,documented_zero
ETH,1988,4,1988-01-25,1988-01-31,0.0,0.0,AI,0.7,documented_zero
ETH,1988,5,1988-02-01,1988-02-07,0.0,0.0,AI,0.7,documented_zero
ETH,1988,6,1988-02-08,1988-02-14,0.0,0.0,AI,0.7,documented_zero
ETH,1988,7,1988-02-15,1988-02-21,0.0,0.0,AI,0.7,documented_zero
ETH,1988,8,1988-02-22,1988-02-28,0.0,0.0,AI,0.7,documented_zero
ETH,1988,9,1988-02-29,1988-03-06,0.0,0.0,AI,0.7,documented_zero
ETH,1988,10,1988-03-07,1988-03-13,0.0,0.0,AI,0.7,documented_zero
ETH,1988,11,1988-03-14,1988-03-20,0.0,0.0,AI,0.7,documented_zero
ETH,1988,12,1988-03-21,1988-03-27,0.0,0.0,AI,0.7,documented_zero
ETH,1988,13,1988-03-28,1988-04-03,0.0,0.0,AI,0.7,documented_zero
ETH,1988,14,1988-04-04,1988-04-10,0.0,0.0,AI,0.7,documented_zero
ETH,1988,15,1988-04-11,1988-04-17,0.0,0.0,AI,0.7,documented_zero
ETH,1988,16,1988-04-18,1988-04-24,0.0,0.0,AI,0.7,documented_zero
ETH,1988,17,1988-04-25,1988-05-01,0.0,0.0,AI,0.7,documented_zero
ETH,1988,18,1988-05-02,1988-05-08,0.0,0.0,AI,0.7,documented_zero
ETH,1988,19,1988-05-09,1988-05-15,0.0,0.0,AI,0.7,documented_zero
ETH,1988,20,1988-05-16,1988-05-22,0.0,0.0,AI,0.7,documented_zero
ETH,1988,21,1988-05-23,1988-05-29,0.0,0.0,AI,0.7,documented_zero
ETH,1988,22,1988-05-30,1988-06-05,0.0,0.0,AI,0.7,documented_zero
ETH,1988,23,1988-06-06,1988-06-12,0.0,0.0,AI,0.7,documented_zero
ETH,1988,24,1988-06-13,1988-06-19,0.0,0.0,AI,0.7,documented_zero
ETH,1988,25,1988-06-20,1988-06-26,0.0,0.0,AI,0.7,documented_zero
ETH,1988,26,1988-06-27,1988-07-03,0.0,0.0,AI,0.7,documented_zero
ETH,1988,27,1988-07-04,1988-07-10,0.0,0.0,AI,0.7,documented_zero
ETH,1988,28,1988-07-11,1988-07-17,0.0,0.0,AI,0.7,documented_zero
ETH,1988,29,1988-07-18,1988-07-24,0.0,0.0,AI,0.7,documented_zero
ETH,1988,30,1988-07-25,1988-07-31,0.0,0.0,AI,0.7,documented_zero
ETH,1988,31,1988-08-01,1988-08-07,0.0,0.0,AI,0.7,documented_zero
ETH,1988,32,1988-08-08,1988-08-14,0.0,0.0,AI,0.7,documented_zero
ETH,1988,33,1988-08-15,1988-08-21,0.0,0.0,AI,0.7,documented_zero
ETH,1988,34,1988-08-22,1988-08-28,0.0,0.0,AI,0.7,documented_zero
ETH,1988,35,1988-08-29,1988-09-04,0.0,0.0,AI,0.7,documented_zero
ETH,1988,36,1988-09-05,1988-09-11,0.0,0.0,AI,0.7,documented_zero
ETH,1988,37,1988-09-12,1988-09-18,0.0,0.0,AI,0.7,documented_zero
ETH,1988,38,1988-09-19,1988-09-25,0.0,0.0,AI,0.7,documented_zero
ETH,1988,39,1988-09-26,1988-10-02,0.0,0.0,AI,0.7,documented_zero
ETH,1988,40,1988-10-03,1988-10-09,0.0,0.0,AI,0.7,documented_zero
ETH,1988,41,1988-10-10,1988-10-16,0.0,0.0,AI,0.7,documented_zero
ETH,1988,42,1988-10-17,1988-10-23,0.0,0.0,AI,0.7,documented_zero
ETH,1988,43,1988-10-24,1988-10-30,0.0,0.0,AI,0.7,documented_zero
ETH,1988,44,1988-10-31,1988-11-06,0.0,0.0,AI,0.7,documented_zero
ETH,1988,45,1988-11-07,1988-11-13,0.0,0.0,AI,0.7,documented_zero
ETH,1988,46,1988-11-14,1988-11-20,0.0,0.0,AI,0.7,documented_zero
ETH,1988,47,1988-11-21,1988-11-27,0.0,0.0,AI,0.7,documented_zero
ETH,1988,48,1988-11-28,1988-12-04,0.0,0.0,AI,0.7,documented_zero
ETH,1988,49,1988-12-05,1988-12-11,0.0,0.0,AI,0.7,documented_zero
ETH,1988,50,1988-12-12,1988-12-18,0.0,0.0,AI,0.7,documented_zero
ETH,1988,51,1988-12-19,1988-12-25,0.0,0.0,AI,0.7,documented_zero
ETH,1988,52,1988-12-26,1989-01-01,0.0,0.0,AI,0.7,documented_zero
ETH,1989,1,1989-01-02,1989-01-08,0.0,0.0,AI,0.7,documented_zero
ETH,1989,2,1989-01-09,1989-01-15,0.0,0.0,AI,0.7,documented_zero
ETH,1989,3,1989-01-16,1989-01-22,0.0,0.0,AI,0.7,documented_zero
ETH,1989,4,1989-01-23,1989-01-29,0.0,0.0,AI,0.7,documented_zero
ETH,1989,5,1989-01-30,1989-02-05,0.0,0.0,AI,0.7,documented_zero
ETH,1989,6,1989-02-06,1989-02-12,0.0,0.0,AI,0.7,documented_zero
ETH,1989,7,1989-02-13,1989-02-19,0.0,0.0,AI,0.7,documented_zero
ETH,1989,8,1989-02-20,1989-02-26,0.0,0.0,AI,0.7,documented_zero
ETH,1989,9,1989-02-27,1989-03-05,0.0,0.0,AI,0.7,documented_zero
ETH,1989,10,1989-03-06,1989-03-12,0.0,0.0,AI,0.7,documented_zero
ETH,1989,11,1989-03-13,1989-03-19,0.0,0.0,AI,0.7,documented_zero
ETH,1989,12,1989-03-20,1989-03-26,0.0,0.0,AI,0.7,documented_zero
ETH,1989,13,1989-03-27,1989-04-02,0.0,0.0,AI,0.7,documented_zero
ETH,1989,14,1989-04-03,1989-04-09,0.0,0.0,AI,0.7,documented_zero
ETH,1989,15,1989-04-10,1989-04-16,0.0,0.0,AI,0.7,documented_zero
ETH,1989,16,1989-04-17,1989-04-23,0.0,0.0,AI,0.7,documented_zero
ETH,1989,17,1989-04-24,1989-04-30,0.0,0.0,AI,0.7,documented_zero
ETH,1989,18,1989-05-01,1989-05-07,0.0,0.0,AI,0.7,documented_zero
ETH,1989,19,1989-05-08,1989-05-14,0.0,0.0,AI,0.7,documented_zero
ETH,1989,20,1989-05-15,1989-05-21,0.0,0.0,AI,0.7,documented_zero
ETH,1989,21,1989-05-22,1989-05-28,0.0,0.0,AI,0.7,documented_zero
ETH,1989,22,1989-05-29,1989-06-04,0.0,0.0,AI,0.7,documented_zero
ETH,1989,23,1989-06-05,1989-06-11,0.0,0.0,AI,0.7,documented_zero
ETH,1989,24,1989-06-12,1989-06-18,0.0,0.0,AI,0.7,documented_zero
ETH,1989,25,1989-06-19,1989-06-25,0.0,0.0,AI,0.7,documented_zero
ETH,1989,26,1989-06-26,1989-07-02,0.0,0.0,AI,0.7,documented_zero
ETH,1989,27,1989-07-03,1989-07-09,0.0,0.0,AI,0.7,documented_zero
ETH,1989,28,1989-07-10,1989-07-16,0.0,0.0,AI,0.7,documented_zero
ETH,1989,29,1989-07-17,1989-07-23,0.0,0.0,AI,0.7,documented_zero
ETH,1989,30,1989-07-24,1989-07-30,0.0,0.0,AI,0.7,documented_zero
ETH,1989,31,1989-07-31,1989-08-06,0.0,0.0,AI,0.7,documented_zero
ETH,1989,32,1989-08-07,1989-08-13,0.0,0.0,AI,0.7,documented_zero
ETH,1989,33,1989-08-14,1989-08-20,0.0,0.0,AI,0.7,documented_zero
ETH,1989,34,1989-08-21,1989-08-27,0.0,0.0,AI,0.7,documented_zero
ETH,1989,35,1989-08-28,1989-09-03,0.0,0.0,AI,0.7,documented_zero
ETH,1989,36,1989-09-04,1989-09-10,0.0,0.0,AI,0.7,documented_zero
ETH,1989,37,1989-09-11,1989-09-17,0.0,0.0,AI,0.7,documented_zero
ETH,1989,38,1989-09-18,1989-09-24,0.0,0.0,AI,0.7,documented_zero
ETH,1989,39,1989-09-25,1989-10-01,0.0,0.0,AI,0.7,documented_zero
ETH,1989,40,1989-10-02,1989-10-08,0.0,0.0,AI,0.7,documented_zero
ETH,1989,41,1989-10-09,1989-10-15,0.0,0.0,AI,0.7,documented_zero
ETH,1989,42,1989-10-16,1989-10-22,0.0,0.0,AI,0.7,documented_zero
ETH,1989,43,1989-10-23,1989-10-29,0.0,0.0,AI,0.7,documented_zero
ETH,1989,44,1989-10-30,1989-11-05,0.0,0.0,AI,0.7,documented_zero
ETH,1989,45,1989-11-06,1989-11-12,0.0,0.0,AI,0.7,documented_zero
ETH,1989,46,1989-11-13,1989-11-19,0.0,0.0,AI,0.7,documented_zero
ETH,1989,47,1989-11-20,1989-11-26,0.0,0.0,AI,0.7,documented_zero
ETH,1989,48,1989-11-27,1989-12-03,0.0,0.0,AI,0.7,documented_zero
ETH,1989,49,1989-12-04,1989-12-10,0.0,0.0,AI,0.7,documented_zero
ETH,1989,50,1989-12-11,1989-12-17,0.0,0.0,AI,0.7,documented_zero
ETH,1989,51,1989-12-18,1989-12-24,0.0,0.0,AI,0.7,documented_zero
ETH,1989,52,1989-12-25,1989-12-31,0.0,0.0,AI,0.7,documented_zero
ETH,1990,1,1990-01-01,1990-01-07,0.0,0.0,AI,0.7,documented_zero
ETH,1990,2,1990-01-08,1990-01-14,0.0,0.0,AI,0.7,documented_zero
ETH,1990,3,1990-01-15,1990-01-21,0.0,0.0,AI,0.7,documented_zero
ETH,1990,4,1990-01-22,1990-01-28,0.0,0.0,AI,0.7,documented_zero
ETH,1990,5,1990-01-29,1990-02-04,0.0,0.0,AI,0.7,documented_zero
ETH,1990,6,1990-02-05,1990-02-11,0.0,0.0,AI,0.7,documented_zero
ETH,1990,7,1990-02-12,1990-02-18,0.0,0.0,AI,0.7,documented_zero
ETH,1990,8,1990-02-19,1990-02-25,0.0,0.0,AI,0.7,documented_zero
ETH,1990,9,1990-02-26,1990-03-04,0.0,0.0,AI,0.7,documented_zero
ETH,1990,10,1990-03-05,1990-03-11,0.0,0.0,AI,0.7,documented_zero
ETH,1990,11,1990-03-12,1990-03-18,0.0,0.0,AI,0.7,documented_zero
ETH,1990,12,1990-03-19,1990-03-25,0.0,0.0,AI,0.7,documented_zero
ETH,1990,13,1990-03-26,1990-04-01,0.0,0.0,AI,0.7,documented_zero
ETH,1990,14,1990-04-02,1990-04-08,0.0,0.0,AI,0.7,documented_zero
ETH,1990,15,1990-04-09,1990-04-15,0.0,0.0,AI,0.7,documented_zero
ETH,1990,16,1990-04-16,1990-04-22,0.0,0.0,AI,0.7,documented_zero
ETH,1990,17,1990-04-23,1990-04-29,0.0,0.0,AI,0.7,documented_zero
ETH,1990,18,1990-04-30,1990-05-06,0.0,0.0,AI,0.7,documented_zero
ETH,1990,19,1990-05-07,1990-05-13,0.0,0.0,AI,0.7,documented_zero
ETH,1990,20,1990-05-14,1990-05-20,0.0,0.0,AI,0.7,documented_zero
ETH,1990,21,1990-05-21,1990-05-27,0.0,0.0,AI,0.7,documented_zero
ETH,1990,22,1990-05-28,1990-06-03,0.0,0.0,AI,0.7,documented_zero
ETH,1990,23,1990-06-04,1990-06-10,0.0,0.0,AI,0.7,documented_zero
ETH,1990,24,1990-06-11,1990-06-17,0.0,0.0,AI,0.7,documented_zero
ETH,1990,25,1990-06-18,1990-06-24,0.0,0.0,AI,0.7,documented_zero
ETH,1990,26,1990-06-25,1990-07-01,0.0,0.0,AI,0.7,documented_zero
ETH,1990,27,1990-07-02,1990-07-08,0.0,0.0,AI,0.7,documented_zero
ETH,1990,28,1990-07-09,1990-07-15,0.0,0.0,AI,0.7,documented_zero
ETH,1990,29,1990-07-16,1990-07-22,0.0,0.0,AI,0.7,documented_zero
ETH,1990,30,1990-07-23,1990-07-29,0.0,0.0,AI,0.7,documented_zero
ETH,1990,31,1990-07-30,1990-08-05,0.0,0.0,AI,0.7,documented_zero
ETH,1990,32,1990-08-06,1990-08-12,0.0,0.0,AI,0.7,documented_zero
ETH,1990,33,1990-08-13,1990-08-19,0.0,0.0,AI,0.7,documented_zero
ETH,1990,34,1990-08-20,1990-08-26,0.0,0.0,AI,0.7,documented_zero
ETH,1990,35,1990-08-27,1990-09-02,0.0,0.0,AI,0.7,documented_zero
ETH,1990,36,1990-09-03,1990-09-09,0.0,0.0,AI,0.7,documented_zero
ETH,1990,37,1990-09-10,1990-09-16,0.0,0.0,AI,0.7,documented_zero
ETH,1990,38,1990-09-17,1990-09-23,0.0,0.0,AI,0.7,documented_zero
ETH,1990,39,1990-09-24,1990-09-30,0.0,0.0,AI,0.7,documented_zero
ETH,1990,40,1990-10-01,1990-10-07,0.0,0.0,AI,0.7,documented_zero
ETH,1990,41,1990-10-08,1990-10-14,0.0,0.0,AI,0.7,documented_zero
ETH,1990,42,1990-10-15,1990-10-21,0.0,0.0,AI,0.7,documented_zero
ETH,1990,43,1990-10-22,1990-10-28,0.0,0.0,AI,0.7,documented_zero
ETH,1990,44,1990-10-29,1990-11-04,0.0,0.0,AI,0.7,documented_zero
ETH,1990,45,1990-11-05,1990-11-11,0.0,0.0,AI,0.7,documented_zero
ETH,1990,46,1990-11-12,1990-11-18,0.0,0.0,AI,0.7,documented_zero
ETH,1990,47,1990-11-19,1990-11-25,0.0,0.0,AI,0.7,documented_zero
ETH,1990,48,1990-11-26,1990-12-02,0.0,0.0,AI,0.7,documented_zero
ETH,1990,49,1990-12-03,1990-12-09,0.0,0.0,AI,0.7,documented_zero
ETH,1990,50,1990-12-10,1990-12-16,0.0,0.0,AI,0.7,documented_zero
ETH,1990,51,1990-12-17,1990-12-23,0.0,0.0,AI,0.7,documented_zero
ETH,1990,52,1990-12-24,1990-12-30,0.0,0.0,AI,0.7,documented_zero
ETH,1991,1,1990-12-31,1991-01-06,0.0,0.0,AI,0.7,documented_zero
ETH,1991,2,1991-01-07,1991-01-13,0.0,0.0,AI,0.7,documented_zero
ETH,1991,3,1991-01-14,1991-01-20,0.0,0.0,AI,0.7,documented_zero
ETH,1991,4,1991-01-21,1991-01-27,0.0,0.0,AI,0.7,documented_zero
ETH,1991,5,1991-01-28,1991-02-03,0.0,0.0,AI,0.7,documented_zero
ETH,1991,6,1991-02-04,1991-02-10,0.0,0.0,AI,0.7,documented_zero
ETH,1991,7,1991-02-11,1991-02-17,0.0,0.0,AI,0.7,documented_zero
ETH,1991,8,1991-02-18,1991-02-24,0.0,0.0,AI,0.7,documented_zero
ETH,1991,9,1991-02-25,1991-03-03,0.0,0.0,AI,0.7,documented_zero
ETH,1991,10,1991-03-04,1991-03-10,0.0,0.0,AI,0.7,documented_zero
ETH,1991,11,1991-03-11,1991-03-17,0.0,0.0,AI,0.7,documented_zero
ETH,1991,12,1991-03-18,1991-03-24,0.0,0.0,AI,0.7,documented_zero
ETH,1991,13,1991-03-25,1991-03-31,0.0,0.0,AI,0.7,documented_zero
ETH,1991,14,1991-04-01,1991-04-07,0.0,0.0,AI,0.7,documented_zero
ETH,1991,15,1991-04-08,1991-04-14,0.0,0.0,AI,0.7,documented_zero
ETH,1991,16,1991-04-15,1991-04-21,0.0,0.0,AI,0.7,documented_zero
ETH,1991,17,1991-04-22,1991-04-28,0.0,0.0,AI,0.7,documented_zero
ETH,1991,18,1991-04-29,1991-05-05,0.0,0.0,AI,0.7,documented_zero
ETH,1991,19,1991-05-06,1991-05-12,0.0,0.0,AI,0.7,documented_zero
ETH,1991,20,1991-05-13,1991-05-19,0.0,0.0,AI,0.7,documented_zero
ETH,1991,21,1991-05-20,1991-05-26,0.0,0.0,AI,0.7,documented_zero
ETH,1991,22,1991-05-27,1991-06-02,0.0,0.0,AI,0.7,documented_zero
ETH,1991,23,1991-06-03,1991-06-09,0.0,0.0,AI,0.7,documented_zero
ETH,1991,24,1991-06-10,1991-06-16,0.0,0.0,AI,0.7,documented_zero
ETH,1991,25,1991-06-17,1991-06-23,0.0,0.0,AI,0.7,documented_zero
ETH,1991,26,1991-06-24,1991-06-30,0.0,0.0,AI,0.7,documented_zero
ETH,1991,27,1991-07-01,1991-07-07,0.0,0.0,AI,0.7,documented_zero
ETH,1991,28,1991-07-08,1991-07-14,0.0,0.0,AI,0.7,documented_zero
ETH,1991,29,1991-07-15,1991-07-21,0.0,0.0,AI,0.7,documented_zero
ETH,1991,30,1991-07-22,1991-07-28,0.0,0.0,AI,0.7,documented_zero
ETH,1991,31,1991-07-29,1991-08-04,0.0,0.0,AI,0.7,documented_zero
ETH,1991,32,1991-08-05,1991-08-11,0.0,0.0,AI,0.7,documented_zero
ETH,1991,33,1991-08-12,1991-08-18,0.0,0.0,AI,0.7,documented_zero
ETH,1991,34,1991-08-19,1991-08-25,0.0,0.0,AI,0.7,documented_zero
ETH,1991,35,1991-08-26,1991-09-01,0.0,0.0,AI,0.7,documented_zero
ETH,1991,36,1991-09-02,1991-09-08,0.0,0.0,AI,0.7,documented_zero
ETH,1991,37,1991-09-09,1991-09-15,0.0,0.0,AI,0.7,documented_zero
ETH,1991,38,1991-09-16,1991-09-22,0.0,0.0,AI,0.7,documented_zero
ETH,1991,39,1991-09-23,1991-09-29,0.0,0.0,AI,0.7,documented_zero
ETH,1991,40,1991-09-30,1991-10-06,0.0,0.0,AI,0.7,documented_zero
ETH,1991,41,1991-10-07,1991-10-13,0.0,0.0,AI,0.7,documented_zero
ETH,1991,42,1991-10-14,1991-10-20,0.0,0.0,AI,0.7,documented_zero
ETH,1991,43,1991-10-21,1991-10-27,0.0,0.0,AI,0.7,documented_zero
ETH,1991,44,1991-10-28,1991-11-03,0.0,0.0,AI,0.7,documented_zero
ETH,1991,45,1991-11-04,1991-11-10,0.0,0.0,AI,0.7,documented_zero
ETH,1991,46,1991-11-11,1991-11-17,0.0,0.0,AI,0.7,documented_zero
ETH,1991,47,1991-11-18,1991-11-24,0.0,0.0,AI,0.7,documented_zero
ETH,1991,48,1991-11-25,1991-12-01,0.0,0.0,AI,0.7,documented_zero
ETH,1991,49,1991-12-02,1991-12-08,0.0,0.0,AI,0.7,documented_zero
ETH,1991,50,1991-12-09,1991-12-15,0.0,0.0,AI,0.7,documented_zero
ETH,1991,51,1991-12-16,1991-12-22,0.0,0.0,AI,0.7,documented_zero
ETH,1991,52,1991-12-23,1991-12-29,0.0,0.0,AI,0.7,documented_zero
ETH,1992,1,1991-12-30,1992-01-05,0.0,0.0,AI,0.7,documented_zero
ETH,1992,2,1992-01-06,1992-01-12,0.0,0.0,AI,0.7,documented_zero
ETH,1992,3,1992-01-13,1992-01-19,0.0,0.0,AI,0.7,documented_zero
ETH,1992,4,1992-01-20,1992-01-26,0.0,0.0,AI,0.7,documented_zero
ETH,1992,5,1992-01-27,1992-02-02,0.0,0.0,AI,0.7,documented_zero
ETH,1992,6,1992-02-03,1992-02-09,0.0,0.0,AI,0.7,documented_zero
ETH,1992,7,1992-02-10,1992-02-16,0.0,0.0,AI,0.7,documented_zero
ETH,1992,8,1992-02-17,1992-02-23,0.0,0.0,AI,0.7,documented_zero
ETH,1992,9,1992-02-24,1992-03-01,0.0,0.0,AI,0.7,documented_zero
ETH,1992,10,1992-03-02,1992-03-08,0.0,0.0,AI,0.7,documented_zero
ETH,1992,11,1992-03-09,1992-03-15,0.0,0.0,AI,0.7,documented_zero
ETH,1992,12,1992-03-16,1992-03-22,0.0,0.0,AI,0.7,documented_zero
ETH,1992,13,1992-03-23,1992-03-29,0.0,0.0,AI,0.7,documented_zero
ETH,1992,14,1992-03-30,1992-04-05,0.0,0.0,AI,0.7,documented_zero
ETH,1992,15,1992-04-06,1992-04-12,0.0,0.0,AI,0.7,documented_zero
ETH,1992,16,1992-04-13,1992-04-19,0.0,0.0,AI,0.7,documented_zero
ETH,1992,17,1992-04-20,1992-04-26,0.0,0.0,AI,0.7,documented_zero
ETH,1992,18,1992-04-27,1992-05-03,0.0,0.0,AI,0.7,documented_zero
ETH,1992,19,1992-05-04,1992-05-10,0.0,0.0,AI,0.7,documented_zero
ETH,1992,20,1992-05-11,1992-05-17,0.0,0.0,AI,0.7,documented_zero
ETH,1992,21,1992-05-18,1992-05-24,0.0,0.0,AI,0.7,documented_zero
ETH,1992,22,1992-05-25,1992-05-31,0.0,0.0,AI,0.7,documented_zero
ETH,1992,23,1992-06-01,1992-06-07,0.0,0.0,AI,0.7,documented_zero
ETH,1992,24,1992-06-08,1992-06-14,0.0,0.0,AI,0.7,documented_zero
ETH,1992,25,1992-06-15,1992-06-21,0.0,0.0,AI,0.7,documented_zero
ETH,1992,26,1992-06-22,1992-06-28,0.0,0.0,AI,0.7,documented_zero
ETH,1992,27,1992-06-29,1992-07-05,0.0,0.0,AI,0.7,documented_zero
ETH,1992,28,1992-07-06,1992-07-12,0.0,0.0,AI,0.7,documented_zero
ETH,1992,29,1992-07-13,1992-07-19,0.0,0.0,AI,0.7,documented_zero
ETH,1992,30,1992-07-20,1992-07-26,0.0,0.0,AI,0.7,documented_zero
ETH,1992,31,1992-07-27,1992-08-02,0.0,0.0,AI,0.7,documented_zero
ETH,1992,32,1992-08-03,1992-08-09,0.0,0.0,AI,0.7,documented_zero
ETH,1992,33,1992-08-10,1992-08-16,0.0,0.0,AI,0.7,documented_zero
ETH,1992,34,1992-08-17,1992-08-23,0.0,0.0,AI,0.7,documented_zero
ETH,1992,35,1992-08-24,1992-08-30,0.0,0.0,AI,0.7,documented_zero
ETH,1992,36,1992-08-31,1992-09-06,0.0,0.0,AI,0.7,documented_zero
ETH,1992,37,1992-09-07,1992-09-13,0.0,0.0,AI,0.7,documented_zero
ETH,1992,38,1992-09-14,1992-09-20,0.0,0.0,AI,0.7,documented_zero
ETH,1992,39,1992-09-21,1992-09-27,0.0,0.0,AI,0.7,documented_zero
ETH,1992,40,1992-09-28,1992-10-04,0.0,0.0,AI,0.7,documented_zero
ETH,1992,41,1992-10-05,1992-10-11,0.0,0.0,AI,0.7,documented_zero
ETH,1992,42,1992-10-12,1992-10-18,0.0,0.0,AI,0.7,documented_zero
ETH,1992,43,1992-10-19,1992-10-25,0.0,0.0,AI,0.7,documented_zero
ETH,1992,44,1992-10-26,1992-11-01,0.0,0.0,AI,0.7,documented_zero
ETH,1992,45,1992-11-02,1992-11-08,0.0,0.0,AI,0.7,documented_zero
ETH,1992,46,1992-11-09,1992-11-15,0.0,0.0,AI,0.7,documented_zero
ETH,1992,47,1992-11-16,1992-11-22,0.0,0.0,AI,0.7,documented_zero
ETH,1992,48,1992-11-23,1992-11-29,0.0,0.0,AI,0.7,documented_zero
ETH,1992,49,1992-11-30,1992-12-06,0.0,0.0,AI,0.7,documented_zero
ETH,1992,50,1992-12-07,1992-12-13,0.0,0.0,AI,0.7,documented_zero
ETH,1992,51,1992-12-14,1992-12-20,0.0,0.0,AI,0.7,documented_zero
ETH,1992,52,1992-12-21,1992-12-27,0.0,0.0,AI,0.7,documented_zero
ETH,1992,53,1992-12-28,1993-01-03,0.0,0.0,AI,0.7,documented_zero
ETH,1993,1,1993-01-04,1993-01-10,0.0,0.0,AI,0.7,documented_zero
ETH,1993,2,1993-01-11,1993-01-17,0.0,0.0,AI,0.7,documented_zero
ETH,1993,3,1993-01-18,1993-01-24,0.0,0.0,AI,0.7,documented_zero
ETH,1993,4,1993-01-25,1993-01-31,0.0,0.0,AI,0.7,documented_zero
ETH,1993,5,1993-02-01,1993-02-07,0.0,0.0,AI,0.7,documented_zero
ETH,1993,6,1993-02-08,1993-02-14,0.0,0.0,AI,0.7,documented_zero
ETH,1993,7,1993-02-15,1993-02-21,0.0,0.0,AI,0.7,documented_zero
ETH,1993,8,1993-02-22,1993-02-28,0.0,0.0,AI,0.7,documented_zero
ETH,1993,9,1993-03-01,1993-03-07,0.0,0.0,AI,0.7,documented_zero
ETH,1993,10,1993-03-08,1993-03-14,0.0,0.0,AI,0.7,documented_zero
ETH,1993,11,1993-03-15,1993-03-21,0.0,0.0,AI,0.7,documented_zero
ETH,1993,12,1993-03-22,1993-03-28,0.0,0.0,AI,0.7,documented_zero
ETH,1993,13,1993-03-29,1993-04-04,0.0,0.0,AI,0.7,documented_zero
ETH,1993,14,1993-04-05,1993-04-11,0.0,0.0,AI,0.7,documented_zero
ETH,1993,15,1993-04-12,1993-04-18,0.0,0.0,AI,0.7,documented_zero
ETH,1993,16,1993-04-19,1993-04-25,0.0,0.0,AI,0.7,documented_zero
ETH,1993,17,1993-04-26,1993-05-02,0.0,0.0,AI,0.7,documented_zero
ETH,1993,18,1993-05-03,1993-05-09,0.0,0.0,AI,0.7,documented_zero
ETH,1993,19,1993-05-10,1993-05-16,0.0,0.0,AI,0.7,documented_zero
ETH,1993,20,1993-05-17,1993-05-23,0.0,0.0,AI,0.7,documented_zero
ETH,1993,21,1993-05-24,1993-05-30,0.0,0.0,AI,0.7,documented_zero
ETH,1993,22,1993-05-31,1993-06-06,0.0,0.0,AI,0.7,documented_zero
ETH,1993,23,1993-06-07,1993-06-13,0.0,0.0,AI,0.7,documented_zero
ETH,1993,24,1993-06-14,1993-06-20,0.0,0.0,AI,0.7,documented_zero
ETH,1993,25,1993-06-21,1993-06-27,0.0,0.0,AI,0.7,documented_zero
ETH,1993,26,1993-06-28,1993-07-04,0.0,0.0,AI,0.7,documented_zero
ETH,1993,27,1993-07-05,1993-07-11,0.0,0.0,AI,0.7,documented_zero
ETH,1993,28,1993-07-12,1993-07-18,0.0,0.0,AI,0.7,documented_zero
ETH,1993,29,1993-07-19,1993-07-25,0.0,0.0,AI,0.7,documented_zero
ETH,1993,30,1993-07-26,1993-08-01,0.0,0.0,AI,0.7,documented_zero
ETH,1993,31,1993-08-02,1993-08-08,0.0,0.0,AI,0.7,documented_zero
ETH,1993,32,1993-08-09,1993-08-15,0.0,0.0,AI,0.7,documented_zero
ETH,1993,33,1993-08-16,1993-08-22,0.0,0.0,AI,0.7,documented_zero
ETH,1993,34,1993-08-23,1993-08-29,0.0,0.0,AI,0.7,documented_zero
ETH,1993,35,1993-08-30,1993-09-05,0.0,0.0,AI,0.7,documented_zero
ETH,1993,36,1993-09-06,1993-09-12,0.0,0.0,AI,0.7,documented_zero
ETH,1993,37,1993-09-13,1993-09-19,0.0,0.0,AI,0.7,documented_zero
ETH,1993,38,1993-09-20,1993-09-26,0.0,0.0,AI,0.7,documented_zero
ETH,1993,39,1993-09-27,1993-10-03,0.0,0.0,AI,0.7,documented_zero
ETH,1993,40,1993-10-04,1993-10-10,0.0,0.0,AI,0.7,documented_zero
ETH,1993,41,1993-10-11,1993-10-17,0.0,0.0,AI,0.7,documented_zero
ETH,1993,42,1993-10-18,1993-10-24,0.0,0.0,AI,0.7,documented_zero
ETH,1993,43,1993-10-25,1993-10-31,0.0,0.0,AI,0.7,documented_zero
ETH,1993,44,1993-11-01,1993-11-07,0.0,0.0,AI,0.7,documented_zero
ETH,1993,45,1993-11-08,1993-11-14,0.0,0.0,AI,0.7,documented_zero
ETH,1993,46,1993-11-15,1993-11-21,0.0,0.0,AI,0.7,documented_zero
ETH,1993,47,1993-11-22,1993-11-28,0.0,0.0,AI,0.7,documented_zero
ETH,1993,48,1993-11-29,1993-12-05,0.0,0.0,AI,0.7,documented_zero
ETH,1993,49,1993-12-06,1993-12-12,0.0,0.0,AI,0.7,documented_zero
ETH,1993,50,1993-12-13,1993-12-19,0.0,0.0,AI,0.7,documented_zero
ETH,1993,51,1993-12-20,1993-12-26,0.0,0.0,AI,0.7,documented_zero
ETH,1993,52,1993-12-27,1994-01-02,0.0,0.0,AI,0.7,documented_zero
ETH,1994,1,1994-01-03,1994-01-09,0.0,0.0,AI,0.7,documented_zero
ETH,1994,2,1994-01-10,1994-01-16,0.0,0.0,AI,0.7,documented_zero
ETH,1994,3,1994-01-17,1994-01-23,0.0,0.0,AI,0.7,documented_zero
ETH,1994,4,1994-01-24,1994-01-30,0.0,0.0,AI,0.7,documented_zero
ETH,1994,5,1994-01-31,1994-02-06,0.0,0.0,AI,0.7,documented_zero
ETH,1994,6,1994-02-07,1994-02-13,0.0,0.0,AI,0.7,documented_zero
ETH,1994,7,1994-02-14,1994-02-20,0.0,0.0,AI,0.7,documented_zero
ETH,1994,8,1994-02-21,1994-02-27,0.0,0.0,AI,0.7,documented_zero
ETH,1994,9,1994-02-28,1994-03-06,0.0,0.0,AI,0.7,documented_zero
ETH,1994,10,1994-03-07,1994-03-13,0.0,0.0,AI,0.7,documented_zero
ETH,1994,11,1994-03-14,1994-03-20,0.0,0.0,AI,0.7,documented_zero
ETH,1994,12,1994-03-21,1994-03-27,0.0,0.0,AI,0.7,documented_zero
ETH,1994,13,1994-03-28,1994-04-03,0.0,0.0,AI,0.7,documented_zero
ETH,1994,14,1994-04-04,1994-04-10,0.0,0.0,AI,0.7,documented_zero
ETH,1994,15,1994-04-11,1994-04-17,0.0,0.0,AI,0.7,documented_zero
ETH,1994,16,1994-04-18,1994-04-24,0.0,0.0,AI,0.7,documented_zero
ETH,1994,17,1994-04-25,1994-05-01,0.0,0.0,AI,0.7,documented_zero
ETH,1994,18,1994-05-02,1994-05-08,0.0,0.0,AI,0.7,documented_zero
ETH,1994,19,1994-05-09,1994-05-15,0.0,0.0,AI,0.7,documented_zero
ETH,1994,20,1994-05-16,1994-05-22,0.0,0.0,AI,0.7,documented_zero
ETH,1994,21,1994-05-23,1994-05-29,0.0,0.0,AI,0.7,documented_zero
ETH,1994,22,1994-05-30,1994-06-05,0.0,0.0,AI,0.7,documented_zero
ETH,1994,23,1994-06-06,1994-06-12,0.0,0.0,AI,0.7,documented_zero
ETH,1994,24,1994-06-13,1994-06-19,0.0,0.0,AI,0.7,documented_zero
ETH,1994,25,1994-06-20,1994-06-26,0.0,0.0,AI,0.7,documented_zero
ETH,1994,26,1994-06-27,1994-07-03,0.0,0.0,AI,0.7,documented_zero
ETH,1994,27,1994-07-04,1994-07-10,0.0,0.0,AI,0.7,documented_zero
ETH,1994,28,1994-07-11,1994-07-17,0.0,0.0,AI,0.7,documented_zero
ETH,1994,29,1994-07-18,1994-07-24,0.0,0.0,AI,0.7,documented_zero
ETH,1994,30,1994-07-25,1994-07-31,0.0,0.0,AI,0.7,documented_zero
ETH,1994,31,1994-08-01,1994-08-07,0.0,0.0,AI,0.7,documented_zero
ETH,1994,32,1994-08-08,1994-08-14,0.0,0.0,AI,0.7,documented_zero
ETH,1994,33,1994-08-15,1994-08-21,0.0,0.0,AI,0.7,documented_zero
ETH,1994,34,1994-08-22,1994-08-28,0.0,0.0,AI,0.7,documented_zero
ETH,1994,35,1994-08-29,1994-09-04,0.0,0.0,AI,0.7,documented_zero
ETH,1994,36,1994-09-05,1994-09-11,0.0,0.0,AI,0.7,documented_zero
ETH,1994,37,1994-09-12,1994-09-18,0.0,0.0,AI,0.7,documented_zero
ETH,1994,38,1994-09-19,1994-09-25,0.0,0.0,AI,0.7,documented_zero
ETH,1994,39,1994-09-26,1994-10-02,0.0,0.0,AI,0.7,documented_zero
ETH,1994,40,1994-10-03,1994-10-09,0.0,0.0,AI,0.7,documented_zero
ETH,1994,41,1994-10-10,1994-10-16,0.0,0.0,AI,0.7,documented_zero
ETH,1994,42,1994-10-17,1994-10-23,0.0,0.0,AI,0.7,documented_zero
ETH,1994,43,1994-10-24,1994-10-30,0.0,0.0,AI,0.7,documented_zero
ETH,1994,44,1994-10-31,1994-11-06,0.0,0.0,AI,0.7,documented_zero
ETH,1994,45,1994-11-07,1994-11-13,0.0,0.0,AI,0.7,documented_zero
ETH,1994,46,1994-11-14,1994-11-20,0.0,0.0,AI,0.7,documented_zero
ETH,1994,47,1994-11-21,1994-11-27,0.0,0.0,AI,0.7,documented_zero
ETH,1994,48,1994-11-28,1994-12-04,0.0,0.0,AI,0.7,documented_zero
ETH,1994,49,1994-12-05,1994-12-11,0.0,0.0,AI,0.7,documented_zero
ETH,1994,50,1994-12-12,1994-12-18,0.0,0.0,AI,0.7,documented_zero
ETH,1994,51,1994-12-19,1994-12-25,0.0,0.0,AI,0.7,documented_zero
ETH,1994,52,1994-12-26,1995-01-01,0.0,0.0,AI,0.7,documented_zero
ETH,1995,1,1995-01-02,1995-01-08,0.0,0.0,AI,0.7,documented_zero
ETH,1995,2,1995-01-09,1995-01-15,0.0,0.0,AI,0.7,documented_zero
ETH,1995,3,1995-01-16,1995-01-22,0.0,0.0,AI,0.7,documented_zero
ETH,1995,4,1995-01-23,1995-01-29,0.0,0.0,AI,0.7,documented_zero
ETH,1995,5,1995-01-30,1995-02-05,0.0,0.0,AI,0.7,documented_zero
ETH,1995,6,1995-02-06,1995-02-12,0.0,0.0,AI,0.7,documented_zero
ETH,1995,7,1995-02-13,1995-02-19,0.0,0.0,AI,0.7,documented_zero
ETH,1995,8,1995-02-20,1995-02-26,0.0,0.0,AI,0.7,documented_zero
ETH,1995,9,1995-02-27,1995-03-05,0.0,0.0,AI,0.7,documented_zero
ETH,1995,10,1995-03-06,1995-03-12,0.0,0.0,AI,0.7,documented_zero
ETH,1995,11,1995-03-13,1995-03-19,0.0,0.0,AI,0.7,documented_zero
ETH,1995,12,1995-03-20,1995-03-26,0.0,0.0,AI,0.7,documented_zero
ETH,1995,13,1995-03-27,1995-04-02,0.0,0.0,AI,0.7,documented_zero
ETH,1995,14,1995-04-03,1995-04-09,0.0,0.0,AI,0.7,documented_zero
ETH,1995,15,1995-04-10,1995-04-16,0.0,0.0,AI,0.7,documented_zero
ETH,1995,16,1995-04-17,1995-04-23,0.0,0.0,AI,0.7,documented_zero
ETH,1995,17,1995-04-24,1995-04-30,0.0,0.0,AI,0.7,documented_zero
ETH,1995,18,1995-05-01,1995-05-07,0.0,0.0,AI,0.7,documented_zero
ETH,1995,19,1995-05-08,1995-05-14,0.0,0.0,AI,0.7,documented_zero
ETH,1995,20,1995-05-15,1995-05-21,0.0,0.0,AI,0.7,documented_zero
ETH,1995,21,1995-05-22,1995-05-28,0.0,0.0,AI,0.7,documented_zero
ETH,1995,22,1995-05-29,1995-06-04,0.0,0.0,AI,0.7,documented_zero
ETH,1995,23,1995-06-05,1995-06-11,0.0,0.0,AI,0.7,documented_zero
ETH,1995,24,1995-06-12,1995-06-18,0.0,0.0,AI,0.7,documented_zero
ETH,1995,25,1995-06-19,1995-06-25,0.0,0.0,AI,0.7,documented_zero
ETH,1995,26,1995-06-26,1995-07-02,0.0,0.0,AI,0.7,documented_zero
ETH,1995,27,1995-07-03,1995-07-09,0.0,0.0,AI,0.7,documented_zero
ETH,1995,28,1995-07-10,1995-07-16,0.0,0.0,AI,0.7,documented_zero
ETH,1995,29,1995-07-17,1995-07-23,0.0,0.0,AI,0.7,documented_zero
ETH,1995,30,1995-07-24,1995-07-30,0.0,0.0,AI,0.7,documented_zero
ETH,1995,31,1995-07-31,1995-08-06,0.0,0.0,AI,0.7,documented_zero
ETH,1995,32,1995-08-07,1995-08-13,0.0,0.0,AI,0.7,documented_zero
ETH,1995,33,1995-08-14,1995-08-20,0.0,0.0,AI,0.7,documented_zero
ETH,1995,34,1995-08-21,1995-08-27,0.0,0.0,AI,0.7,documented_zero
ETH,1995,35,1995-08-28,1995-09-03,0.0,0.0,AI,0.7,documented_zero
ETH,1995,36,1995-09-04,1995-09-10,0.0,0.0,AI,0.7,documented_zero
ETH,1995,37,1995-09-11,1995-09-17,0.0,0.0,AI,0.7,documented_zero
ETH,1995,38,1995-09-18,1995-09-24,0.0,0.0,AI,0.7,documented_zero
ETH,1995,39,1995-09-25,1995-10-01,0.0,0.0,AI,0.7,documented_zero
ETH,1995,40,1995-10-02,1995-10-08,0.0,0.0,AI,0.7,documented_zero
ETH,1995,41,1995-10-09,1995-10-15,0.0,0.0,AI,0.7,documented_zero
ETH,1995,42,1995-10-16,1995-10-22,0.0,0.0,AI,0.7,documented_zero
ETH,1995,43,1995-10-23,1995-10-29,0.0,0.0,AI,0.7,documented_zero
ETH,1995,44,1995-10-30,1995-11-05,0.0,0.0,AI,0.7,documented_zero
ETH,1995,45,1995-11-06,1995-11-12,0.0,0.0,AI,0.7,documented_zero
ETH,1995,46,1995-11-13,1995-11-19,0.0,0.0,AI,0.7,documented_zero
ETH,1995,47,1995-11-20,1995-11-26,0.0,0.0,AI,0.7,documented_zero
ETH,1995,48,1995-11-27,1995-12-03,0.0,0.0,AI,0.7,documented_zero
ETH,1995,49,1995-12-04,1995-12-10,0.0,0.0,AI,0.7,documented_zero
ETH,1995,50,1995-12-11,1995-12-17,0.0,0.0,AI,0.7,documented_zero
ETH,1995,51,1995-12-18,1995-12-24,0.0,0.0,AI,0.7,documented_zero
ETH,1995,52,1995-12-25,1995-12-31,0.0,0.0,AI,0.7,documented_zero
ETH,1996,1,1996-01-01,1996-01-07,0.0,0.0,AI,0.7,documented_zero
ETH,1996,2,1996-01-08,1996-01-14,0.0,0.0,AI,0.7,documented_zero
ETH,1996,3,1996-01-15,1996-01-21,0.0,0.0,AI,0.7,documented_zero
ETH,1996,4,1996-01-22,1996-01-28,0.0,0.0,AI,0.7,documented_zero
ETH,1996,5,1996-01-29,1996-02-04,0.0,0.0,AI,0.7,documented_zero
ETH,1996,6,1996-02-05,1996-02-11,0.0,0.0,AI,0.7,documented_zero
ETH,1996,7,1996-02-12,1996-02-18,0.0,0.0,AI,0.7,documented_zero
ETH,1996,8,1996-02-19,1996-02-25,0.0,0.0,AI,0.7,documented_zero
ETH,1996,9,1996-02-26,1996-03-03,0.0,0.0,AI,0.7,documented_zero
ETH,1996,10,1996-03-04,1996-03-10,0.0,0.0,AI,0.7,documented_zero
ETH,1996,11,1996-03-11,1996-03-17,0.0,0.0,AI,0.7,documented_zero
ETH,1996,12,1996-03-18,1996-03-24,0.0,0.0,AI,0.7,documented_zero
ETH,1996,13,1996-03-25,1996-03-31,0.0,0.0,AI,0.7,documented_zero
ETH,1996,14,1996-04-01,1996-04-07,0.0,0.0,AI,0.7,documented_zero
ETH,1996,15,1996-04-08,1996-04-14,0.0,0.0,AI,0.7,documented_zero
ETH,1996,16,1996-04-15,1996-04-21,0.0,0.0,AI,0.7,documented_zero
ETH,1996,17,1996-04-22,1996-04-28,0.0,0.0,AI,0.7,documented_zero
ETH,1996,18,1996-04-29,1996-05-05,0.0,0.0,AI,0.7,documented_zero
ETH,1996,19,1996-05-06,1996-05-12,0.0,0.0,AI,0.7,documented_zero
ETH,1996,20,1996-05-13,1996-05-19,0.0,0.0,AI,0.7,documented_zero
ETH,1996,21,1996-05-20,1996-05-26,0.0,0.0,AI,0.7,documented_zero
ETH,1996,22,1996-05-27,1996-06-02,0.0,0.0,AI,0.7,documented_zero
ETH,1996,23,1996-06-03,1996-06-09,0.0,0.0,AI,0.7,documented_zero
ETH,1996,24,1996-06-10,1996-06-16,0.0,0.0,AI,0.7,documented_zero
ETH,1996,25,1996-06-17,1996-06-23,0.0,0.0,AI,0.7,documented_zero
ETH,1996,26,1996-06-24,1996-06-30,0.0,0.0,AI,0.7,documented_zero
ETH,1996,27,1996-07-01,1996-07-07,0.0,0.0,AI,0.7,documented_zero
ETH,1996,28,1996-07-08,1996-07-14,0.0,0.0,AI,0.7,documented_zero
ETH,1996,29,1996-07-15,1996-07-21,0.0,0.0,AI,0.7,documented_zero
ETH,1996,30,1996-07-22,1996-07-28,0.0,0.0,AI,0.7,documented_zero
ETH,1996,31,1996-07-29,1996-08-04,0.0,0.0,AI,0.7,documented_zero
ETH,1996,32,1996-08-05,1996-08-11,0.0,0.0,AI,0.7,documented_zero
ETH,1996,33,1996-08-12,1996-08-18,0.0,0.0,AI,0.7,documented_zero
ETH,1996,34,1996-08-19,1996-08-25,0.0,0.0,AI,0.7,documented_zero
ETH,1996,35,1996-08-26,1996-09-01,0.0,0.0,AI,0.7,documented_zero
ETH,1996,36,1996-09-02,1996-09-08,0.0,0.0,AI,0.7,documented_zero
ETH,1996,37,1996-09-09,1996-09-15,0.0,0.0,AI,0.7,documented_zero
ETH,1996,38,1996-09-16,1996-09-22,0.0,0.0,AI,0.7,documented_zero
ETH,1996,39,1996-09-23,1996-09-29,0.0,0.0,AI,0.7,documented_zero
ETH,1996,40,1996-09-30,1996-10-06,0.0,0.0,AI,0.7,documented_zero
ETH,1996,41,1996-10-07,1996-10-13,0.0,0.0,AI,0.7,documented_zero
ETH,1996,42,1996-10-14,1996-10-20,0.0,0.0,AI,0.7,documented_zero
ETH,1996,43,1996-10-21,1996-10-27,0.0,0.0,AI,0.7,documented_zero
ETH,1996,44,1996-10-28,1996-11-03,0.0,0.0,AI,0.7,documented_zero
ETH,1996,45,1996-11-04,1996-11-10,0.0,0.0,AI,0.7,documented_zero
ETH,1996,46,1996-11-11,1996-11-17,0.0,0.0,AI,0.7,documented_zero
ETH,1996,47,1996-11-18,1996-11-24,0.0,0.0,AI,0.7,documented_zero
ETH,1996,48,1996-11-25,1996-12-01,0.0,0.0,AI,0.7,documented_zero
ETH,1996,49,1996-12-02,1996-12-08,0.0,0.0,AI,0.7,documented_zero
ETH,1996,50,1996-12-09,1996-12-15,0.0,0.0,AI,0.7,documented_zero
ETH,1996,51,1996-12-16,1996-12-22,0.0,0.0,AI,0.7,documented_zero
ETH,1996,52,1996-12-23,1996-12-29,0.0,0.0,AI,0.7,documented_zero
ETH,1997,1,1996-12-30,1997-01-05,0.0,0.0,AI,0.7,documented_zero
ETH,1997,2,1997-01-06,1997-01-12,0.0,0.0,AI,0.7,documented_zero
ETH,1997,3,1997-01-13,1997-01-19,0.0,0.0,AI,0.7,documented_zero
ETH,1997,4,1997-01-20,1997-01-26,0.0,0.0,AI,0.7,documented_zero
ETH,1997,5,1997-01-27,1997-02-02,0.0,0.0,AI,0.7,documented_zero
ETH,1997,6,1997-02-03,1997-02-09,0.0,0.0,AI,0.7,documented_zero
ETH,1997,7,1997-02-10,1997-02-16,0.0,0.0,AI,0.7,documented_zero
ETH,1997,8,1997-02-17,1997-02-23,0.0,0.0,AI,0.7,documented_zero
ETH,1997,9,1997-02-24,1997-03-02,0.0,0.0,AI,0.7,documented_zero
ETH,1997,10,1997-03-03,1997-03-09,0.0,0.0,AI,0.7,documented_zero
ETH,1997,11,1997-03-10,1997-03-16,0.0,0.0,AI,0.7,documented_zero
ETH,1997,12,1997-03-17,1997-03-23,0.0,0.0,AI,0.7,documented_zero
ETH,1997,13,1997-03-24,1997-03-30,0.0,0.0,AI,0.7,documented_zero
ETH,1997,14,1997-03-31,1997-04-06,0.0,0.0,AI,0.7,documented_zero
ETH,1997,15,1997-04-07,1997-04-13,0.0,0.0,AI,0.7,documented_zero
ETH,1997,16,1997-04-14,1997-04-20,0.0,0.0,AI,0.7,documented_zero
ETH,1997,17,1997-04-21,1997-04-27,0.0,0.0,AI,0.7,documented_zero
ETH,1997,18,1997-04-28,1997-05-04,0.0,0.0,AI,0.7,documented_zero
ETH,1997,19,1997-05-05,1997-05-11,0.0,0.0,AI,0.7,documented_zero
ETH,1997,20,1997-05-12,1997-05-18,0.0,0.0,AI,0.7,documented_zero
ETH,1997,21,1997-05-19,1997-05-25,0.0,0.0,AI,0.7,documented_zero
ETH,1997,22,1997-05-26,1997-06-01,0.0,0.0,AI,0.7,documented_zero
ETH,1997,23,1997-06-02,1997-06-08,0.0,0.0,AI,0.7,documented_zero
ETH,1997,24,1997-06-09,1997-06-15,0.0,0.0,AI,0.7,documented_zero
ETH,1997,25,1997-06-16,1997-06-22,0.0,0.0,AI,0.7,documented_zero
ETH,1997,26,1997-06-23,1997-06-29,0.0,0.0,AI,0.7,documented_zero
ETH,1997,27,1997-06-30,1997-07-06,0.0,0.0,AI,0.7,documented_zero
ETH,1997,28,1997-07-07,1997-07-13,0.0,0.0,AI,0.7,documented_zero
ETH,1997,29,1997-07-14,1997-07-20,0.0,0.0,AI,0.7,documented_zero
ETH,1997,30,1997-07-21,1997-07-27,0.0,0.0,AI,0.7,documented_zero
ETH,1997,31,1997-07-28,1997-08-03,0.0,0.0,AI,0.7,documented_zero
ETH,1997,32,1997-08-04,1997-08-10,0.0,0.0,AI,0.7,documented_zero
ETH,1997,33,1997-08-11,1997-08-17,0.0,0.0,AI,0.7,documented_zero
ETH,1997,34,1997-08-18,1997-08-24,0.0,0.0,AI,0.7,documented_zero
ETH,1997,35,1997-08-25,1997-08-31,0.0,0.0,AI,0.7,documented_zero
ETH,1997,36,1997-09-01,1997-09-07,0.0,0.0,AI,0.7,documented_zero
ETH,1997,37,1997-09-08,1997-09-14,0.0,0.0,AI,0.7,documented_zero
ETH,1997,38,1997-09-15,1997-09-21,0.0,0.0,AI,0.7,documented_zero
ETH,1997,39,1997-09-22,1997-09-28,0.0,0.0,AI,0.7,documented_zero
ETH,1997,40,1997-09-29,1997-10-05,0.0,0.0,AI,0.7,documented_zero
ETH,1997,41,1997-10-06,1997-10-12,0.0,0.0,AI,0.7,documented_zero
ETH,1997,42,1997-10-13,1997-10-19,0.0,0.0,AI,0.7,documented_zero
ETH,1997,43,1997-10-20,1997-10-26,0.0,0.0,AI,0.7,documented_zero
ETH,1997,44,1997-10-27,1997-11-02,0.0,0.0,AI,0.7,documented_zero
ETH,1997,45,1997-11-03,1997-11-09,0.0,0.0,AI,0.7,documented_zero
ETH,1997,46,1997-11-10,1997-11-16,0.0,0.0,AI,0.7,documented_zero
ETH,1997,47,1997-11-17,1997-11-23,0.0,0.0,AI,0.7,documented_zero
ETH,1997,48,1997-11-24,1997-11-30,0.0,0.0,AI,0.7,documented_zero
ETH,1997,49,1997-12-01,1997-12-07,0.0,0.0,AI,0.7,documented_zero
ETH,1997,50,1997-12-08,1997-12-14,0.0,0.0,AI,0.7,documented_zero
ETH,1997,51,1997-12-15,1997-12-21,0.0,0.0,AI,0.7,documented_zero
ETH,1997,52,1997-12-22,1997-12-28,0.0,0.0,AI,0.7,documented_zero
ETH,1998,1,1997-12-29,1998-01-04,0.0,0.0,AI,0.7,documented_zero
ETH,1998,2,1998-01-05,1998-01-11,0.0,0.0,none,0.5,assumed_zero
ETH,1998,3,1998-01-12,1998-01-18,0.0,0.0,none,0.5,assumed_zero
ETH,1998,4,1998-01-19,1998-01-25,0.0,0.0,none,0.5,assumed_zero
ETH,1998,5,1998-01-26,1998-02-01,0.0,0.0,none,0.5,assumed_zero
ETH,1998,6,1998-02-02,1998-02-08,0.0,0.0,none,0.5,assumed_zero
ETH,1998,7,1998-02-09,1998-02-15,0.0,0.0,none,0.5,assumed_zero
ETH,1998,8,1998-02-16,1998-02-22,0.0,0.0,none,0.5,assumed_zero
ETH,1998,9,1998-02-23,1998-03-01,0.0,0.0,none,0.5,assumed_zero
ETH,1998,10,1998-03-02,1998-03-08,0.0,0.0,none,0.5,assumed_zero
ETH,1998,11,1998-03-09,1998-03-15,0.0,0.0,none,0.5,assumed_zero
ETH,1998,12,1998-03-16,1998-03-22,0.0,0.0,none,0.5,assumed_zero
ETH,1998,13,1998-03-23,1998-03-29,0.0,0.0,none,0.5,assumed_zero
ETH,1998,14,1998-03-30,1998-04-05,0.0,0.0,none,0.5,assumed_zero
ETH,1998,15,1998-04-06,1998-04-12,0.0,0.0,none,0.5,assumed_zero
ETH,1998,16,1998-04-13,1998-04-19,0.0,0.0,none,0.5,assumed_zero
ETH,1998,17,1998-04-20,1998-04-26,0.0,0.0,none,0.5,assumed_zero
ETH,1998,18,1998-04-27,1998-05-03,0.0,0.0,none,0.5,assumed_zero
ETH,1998,19,1998-05-04,1998-05-10,0.0,0.0,none,0.5,assumed_zero
ETH,1998,20,1998-05-11,1998-05-17,0.0,0.0,none,0.5,assumed_zero
ETH,1998,21,1998-05-18,1998-05-24,0.0,0.0,none,0.5,assumed_zero
ETH,1998,22,1998-05-25,1998-05-31,0.0,0.0,none,0.5,assumed_zero
ETH,1998,23,1998-06-01,1998-06-07,0.0,0.0,none,0.5,assumed_zero
ETH,1998,24,1998-06-08,1998-06-14,0.0,0.0,none,0.5,assumed_zero
ETH,1998,25,1998-06-15,1998-06-21,0.0,0.0,none,0.5,assumed_zero
ETH,1998,26,1998-06-22,1998-06-28,0.0,0.0,none,0.5,assumed_zero
ETH,1998,27,1998-06-29,1998-07-05,0.0,0.0,none,0.5,assumed_zero
ETH,1998,28,1998-07-06,1998-07-12,0.0,0.0,none,0.5,assumed_zero
ETH,1998,29,1998-07-13,1998-07-19,0.0,0.0,none,0.5,assumed_zero
ETH,1998,30,1998-07-20,1998-07-26,0.0,0.0,none,0.5,assumed_zero
ETH,1998,31,1998-07-27,1998-08-02,0.0,0.0,none,0.5,assumed_zero
ETH,1998,32,1998-08-03,1998-08-09,0.0,0.0,none,0.5,assumed_zero
ETH,1998,33,1998-08-10,1998-08-16,0.0,0.0,none,0.5,assumed_zero
ETH,1998,34,1998-08-17,1998-08-23,0.0,0.0,none,0.5,assumed_zero
ETH,1998,35,1998-08-24,1998-08-30,0.0,0.0,none,0.5,assumed_zero
ETH,1998,36,1998-08-31,1998-09-06,0.0,0.0,none,0.5,assumed_zero
ETH,1998,37,1998-09-07,1998-09-13,0.0,0.0,none,0.5,assumed_zero
ETH,1998,38,1998-09-14,1998-09-20,0.0,0.0,none,0.5,assumed_zero
ETH,1998,39,1998-09-21,1998-09-27,0.0,0.0,none,0.5,assumed_zero
ETH,1998,40,1998-09-28,1998-10-04,0.0,0.0,none,0.5,assumed_zero
ETH,1998,41,1998-10-05,1998-10-11,0.0,0.0,none,0.5,assumed_zero
ETH,1998,42,1998-10-12,1998-10-18,0.0,0.0,none,0.5,assumed_zero
ETH,1998,43,1998-10-19,1998-10-25,0.0,0.0,none,0.5,assumed_zero
ETH,1998,44,1998-10-26,1998-11-01,0.0,0.0,none,0.5,assumed_zero
ETH,1998,45,1998-11-02,1998-11-08,0.0,0.0,none,0.5,assumed_zero
ETH,1998,46,1998-11-09,1998-11-15,0.0,0.0,none,0.5,assumed_zero
ETH,1998,47,1998-11-16,1998-11-22,0.0,0.0,none,0.5,assumed_zero
ETH,1998,48,1998-11-23,1998-11-29,0.0,0.0,none,0.5,assumed_zero
ETH,1998,49,1998-11-30,1998-12-06,0.0,0.0,none,0.5,assumed_zero
ETH,1998,50,1998-12-07,1998-12-13,0.0,0.0,none,0.5,assumed_zero
ETH,1998,51,1998-12-14,1998-12-20,0.0,0.0,none,0.5,assumed_zero
ETH,1998,52,1998-12-21,1998-12-27,0.0,0.0,none,0.5,assumed_zero
ETH,1998,53,1998-12-28,1999-01-03,0.0,0.0,AI,0.7,documented_zero
ETH,1999,1,1999-01-04,1999-01-10,0.0,0.0,AI,0.7,documented_zero
ETH,1999,2,1999-01-11,1999-01-17,0.0,0.0,AI,0.7,documented_zero
ETH,1999,3,1999-01-18,1999-01-24,0.0,0.0,AI,0.7,documented_zero
ETH,1999,4,1999-01-25,1999-01-31,0.0,0.0,AI,0.7,documented_zero
ETH,1999,5,1999-02-01,1999-02-07,0.0,0.0,AI,0.7,documented_zero
ETH,1999,6,1999-02-08,1999-02-14,0.0,0.0,AI,0.7,documented_zero
ETH,1999,7,1999-02-15,1999-02-21,0.0,0.0,AI,0.7,documented_zero
ETH,1999,8,1999-02-22,1999-02-28,0.0,0.0,AI,0.7,documented_zero
ETH,1999,9,1999-03-01,1999-03-07,0.0,0.0,AI,0.7,documented_zero
ETH,1999,10,1999-03-08,1999-03-14,0.0,0.0,AI,0.7,documented_zero
ETH,1999,11,1999-03-15,1999-03-21,0.0,0.0,AI,0.7,documented_zero
ETH,1999,12,1999-03-22,1999-03-28,0.0,0.0,AI,0.7,documented_zero
ETH,1999,13,1999-03-29,1999-04-04,0.0,0.0,AI,0.7,documented_zero
ETH,1999,14,1999-04-05,1999-04-11,0.0,0.0,AI,0.7,documented_zero
ETH,1999,15,1999-04-12,1999-04-18,0.0,0.0,AI,0.7,documented_zero
ETH,1999,16,1999-04-19,1999-04-25,0.0,0.0,AI,0.7,documented_zero
ETH,1999,17,1999-04-26,1999-05-02,0.0,0.0,AI,0.7,documented_zero
ETH,1999,18,1999-05-03,1999-05-09,0.0,0.0,AI,0.7,documented_zero
ETH,1999,19,1999-05-10,1999-05-16,0.0,0.0,AI,0.7,documented_zero
ETH,1999,20,1999-05-17,1999-05-23,0.0,0.0,AI,0.7,documented_zero
ETH,1999,21,1999-05-24,1999-05-30,0.0,0.0,AI,0.7,documented_zero
ETH,1999,22,1999-05-31,1999-06-06,0.0,0.0,AI,0.7,documented_zero
ETH,1999,23,1999-06-07,1999-06-13,0.0,0.0,AI,0.7,documented_zero
ETH,1999,24,1999-06-14,1999-06-20,0.0,0.0,AI,0.7,documented_zero
ETH,1999,25,1999-06-21,1999-06-27,0.0,0.0,AI,0.7,documented_zero
ETH,1999,26,1999-06-28,1999-07-04,0.0,0.0,AI,0.7,documented_zero
ETH,1999,27,1999-07-05,1999-07-11,0.0,0.0,AI,0.7,documented_zero
ETH,1999,28,1999-07-12,1999-07-18,0.0,0.0,AI,0.7,documented_zero
ETH,1999,29,1999-07-19,1999-07-25,0.0,0.0,AI,0.7,documented_zero
ETH,1999,30,1999-07-26,1999-08-01,0.0,0.0,AI,0.7,documented_zero
ETH,1999,31,1999-08-02,1999-08-08,0.0,0.0,AI,0.7,documented_zero
ETH,1999,32,1999-08-09,1999-08-15,0.0,0.0,AI,0.7,documented_zero
ETH,1999,33,1999-08-16,1999-08-22,0.0,0.0,AI,0.7,documented_zero
ETH,1999,34,1999-08-23,1999-08-29,0.0,0.0,AI,0.7,documented_zero
ETH,1999,35,1999-08-30,1999-09-05,0.0,0.0,AI,0.7,documented_zero
ETH,1999,36,1999-09-06,1999-09-12,0.0,0.0,AI,0.7,documented_zero
ETH,1999,37,1999-09-13,1999-09-19,0.0,0.0,AI,0.7,documented_zero
ETH,1999,38,1999-09-20,1999-09-26,0.0,0.0,AI,0.7,documented_zero
ETH,1999,39,1999-09-27,1999-10-03,0.0,0.0,AI,0.7,documented_zero
ETH,1999,40,1999-10-04,1999-10-10,0.0,0.0,AI,0.7,documented_zero
ETH,1999,41,1999-10-11,1999-10-17,0.0,0.0,AI,0.7,documented_zero
ETH,1999,42,1999-10-18,1999-10-24,0.0,0.0,AI,0.7,documented_zero
ETH,1999,43,1999-10-25,1999-10-31,0.0,0.0,AI,0.7,documented_zero
ETH,1999,44,1999-11-01,1999-11-07,0.0,0.0,AI,0.7,documented_zero
ETH,1999,45,1999-11-08,1999-11-14,0.0,0.0,AI,0.7,documented_zero
ETH,1999,46,1999-11-15,1999-11-21,0.0,0.0,AI,0.7,documented_zero
ETH,1999,47,1999-11-22,1999-11-28,0.0,0.0,AI,0.7,documented_zero
ETH,1999,48,1999-11-29,1999-12-05,0.0,0.0,AI,0.7,documented_zero
ETH,1999,49,1999-12-06,1999-12-12,0.0,0.0,AI,0.7,documented_zero
ETH,1999,50,1999-12-13,1999-12-19,0.0,0.0,AI,0.7,documented_zero
ETH,1999,51,1999-12-20,1999-12-26,0.0,0.0,AI,0.7,documented_zero
ETH,1999,52,1999-12-27,2000-01-02,0.0,0.0,AI,0.7,documented_zero
ETH,2000,1,2000-01-03,2000-01-09,0.0,0.0,AI,0.7,documented_zero
ETH,2000,2,2000-01-10,2000-01-16,0.0,0.0,AI,0.7,documented_zero
ETH,2000,3,2000-01-17,2000-01-23,0.0,0.0,AI,0.7,documented_zero
ETH,2000,4,2000-01-24,2000-01-30,0.0,0.0,AI,0.7,documented_zero
ETH,2000,5,2000-01-31,2000-02-06,0.0,0.0,AI,0.7,documented_zero
ETH,2000,6,2000-02-07,2000-02-13,0.0,0.0,AI,0.7,documented_zero
ETH,2000,7,2000-02-14,2000-02-20,0.0,0.0,AI,0.7,documented_zero
ETH,2000,8,2000-02-21,2000-02-27,0.0,0.0,AI,0.7,documented_zero
ETH,2000,9,2000-02-28,2000-03-05,0.0,0.0,AI,0.7,documented_zero
ETH,2000,10,2000-03-06,2000-03-12,0.0,0.0,AI,0.7,documented_zero
ETH,2000,11,2000-03-13,2000-03-19,0.0,0.0,AI,0.7,documented_zero
ETH,2000,12,2000-03-20,2000-03-26,0.0,0.0,AI,0.7,documented_zero
ETH,2000,13,2000-03-27,2000-04-02,0.0,0.0,AI,0.7,documented_zero
ETH,2000,14,2000-04-03,2000-04-09,0.0,0.0,AI,0.7,documented_zero
ETH,2000,15,2000-04-10,2000-04-16,0.0,0.0,AI,0.7,documented_zero
ETH,2000,16,2000-04-17,2000-04-23,0.0,0.0,AI,0.7,documented_zero
ETH,2000,17,2000-04-24,2000-04-30,0.0,0.0,AI,0.7,documented_zero
ETH,2000,18,2000-05-01,2000-05-07,0.0,0.0,AI,0.7,documented_zero
ETH,2000,19,2000-05-08,2000-05-14,0.0,0.0,AI,0.7,documented_zero
ETH,2000,20,2000-05-15,2000-05-21,0.0,0.0,AI,0.7,documented_zero
ETH,2000,21,2000-05-22,2000-05-28,0.0,0.0,AI,0.7,documented_zero
ETH,2000,22,2000-05-29,2000-06-04,0.0,0.0,AI,0.7,documented_zero
ETH,2000,23,2000-06-05,2000-06-11,0.0,0.0,AI,0.7,documented_zero
ETH,2000,24,2000-06-12,2000-06-18,0.0,0.0,AI,0.7,documented_zero
ETH,2000,25,2000-06-19,2000-06-25,0.0,0.0,AI,0.7,documented_zero
ETH,2000,26,2000-06-26,2000-07-02,0.0,0.0,AI,0.7,documented_zero
ETH,2000,27,2000-07-03,2000-07-09,0.0,0.0,AI,0.7,documented_zero
ETH,2000,28,2000-07-10,2000-07-16,0.0,0.0,AI,0.7,documented_zero
ETH,2000,29,2000-07-17,2000-07-23,0.0,0.0,AI,0.7,documented_zero
ETH,2000,30,2000-07-24,2000-07-30,0.0,0.0,AI,0.7,documented_zero
ETH,2000,31,2000-07-31,2000-08-06,0.0,0.0,AI,0.7,documented_zero
ETH,2000,32,2000-08-07,2000-08-13,0.0,0.0,AI,0.7,documented_zero
ETH,2000,33,2000-08-14,2000-08-20,0.0,0.0,AI,0.7,documented_zero
ETH,2000,34,2000-08-21,2000-08-27,0.0,0.0,AI,0.7,documented_zero
ETH,2000,35,2000-08-28,2000-09-03,0.0,0.0,AI,0.7,documented_zero
ETH,2000,36,2000-09-04,2000-09-10,0.0,0.0,AI,0.7,documented_zero
ETH,2000,37,2000-09-11,2000-09-17,0.0,0.0,AI,0.7,documented_zero
ETH,2000,38,2000-09-18,2000-09-24,0.0,0.0,AI,0.7,documented_zero
ETH,2000,39,2000-09-25,2000-10-01,0.0,0.0,AI,0.7,documented_zero
ETH,2000,40,2000-10-02,2000-10-08,0.0,0.0,AI,0.7,documented_zero
ETH,2000,41,2000-10-09,2000-10-15,0.0,0.0,AI,0.7,documented_zero
ETH,2000,42,2000-10-16,2000-10-22,0.0,0.0,AI,0.7,documented_zero
ETH,2000,43,2000-10-23,2000-10-29,0.0,0.0,AI,0.7,documented_zero
ETH,2000,44,2000-10-30,2000-11-05,0.0,0.0,AI,0.7,documented_zero
ETH,2000,45,2000-11-06,2000-11-12,0.0,0.0,AI,0.7,documented_zero
ETH,2000,46,2000-11-13,2000-11-19,0.0,0.0,AI,0.7,documented_zero
ETH,2000,47,2000-11-20,2000-11-26,0.0,0.0,AI,0.7,documented_zero
ETH,2000,48,2000-11-27,2000-12-03,0.0,0.0,AI,0.7,documented_zero
ETH,2000,49,2000-12-04,2000-12-10,0.0,0.0,AI,0.7,documented_zero
ETH,2000,50,2000-12-11,2000-12-17,0.0,0.0,AI,0.7,documented_zero
ETH,2000,51,2000-12-18,2000-12-24,0.0,0.0,AI,0.7,documented_zero
ETH,2000,52,2000-12-25,2000-12-31,0.0,0.0,AI,0.7,documented_zero
ETH,2001,1,2001-01-01,2001-01-07,0.0,0.0,AI,0.7,documented_zero
ETH,2001,2,2001-01-08,2001-01-14,0.0,0.0,AI,0.7,documented_zero
ETH,2001,3,2001-01-15,2001-01-21,0.0,0.0,AI,0.7,documented_zero
ETH,2001,4,2001-01-22,2001-01-28,0.0,0.0,AI,0.7,documented_zero
ETH,2001,5,2001-01-29,2001-02-04,0.0,0.0,AI,0.7,documented_zero
ETH,2001,6,2001-02-05,2001-02-11,0.0,0.0,AI,0.7,documented_zero
ETH,2001,7,2001-02-12,2001-02-18,0.0,0.0,AI,0.7,documented_zero
ETH,2001,8,2001-02-19,2001-02-25,0.0,0.0,AI,0.7,documented_zero
ETH,2001,9,2001-02-26,2001-03-04,0.0,0.0,AI,0.7,documented_zero
ETH,2001,10,2001-03-05,2001-03-11,0.0,0.0,AI,0.7,documented_zero
ETH,2001,11,2001-03-12,2001-03-18,0.0,0.0,AI,0.7,documented_zero
ETH,2001,12,2001-03-19,2001-03-25,0.0,0.0,AI,0.7,documented_zero
ETH,2001,13,2001-03-26,2001-04-01,0.0,0.0,AI,0.7,documented_zero
ETH,2001,14,2001-04-02,2001-04-08,0.0,0.0,AI,0.7,documented_zero
ETH,2001,15,2001-04-09,2001-04-15,0.0,0.0,AI,0.7,documented_zero
ETH,2001,16,2001-04-16,2001-04-22,0.0,0.0,AI,0.7,documented_zero
ETH,2001,17,2001-04-23,2001-04-29,0.0,0.0,AI,0.7,documented_zero
ETH,2001,18,2001-04-30,2001-05-06,0.0,0.0,AI,0.7,documented_zero
ETH,2001,19,2001-05-07,2001-05-13,0.0,0.0,AI,0.7,documented_zero
ETH,2001,20,2001-05-14,2001-05-20,0.0,0.0,AI,0.7,documented_zero
ETH,2001,21,2001-05-21,2001-05-27,0.0,0.0,AI,0.7,documented_zero
ETH,2001,22,2001-05-28,2001-06-03,0.0,0.0,AI,0.7,documented_zero
ETH,2001,23,2001-06-04,2001-06-10,0.0,0.0,AI,0.7,documented_zero
ETH,2001,24,2001-06-11,2001-06-17,0.0,0.0,AI,0.7,documented_zero
ETH,2001,25,2001-06-18,2001-06-24,0.0,0.0,AI,0.7,documented_zero
ETH,2001,26,2001-06-25,2001-07-01,0.0,0.0,AI,0.7,documented_zero
ETH,2001,27,2001-07-02,2001-07-08,0.0,0.0,AI,0.7,documented_zero
ETH,2001,28,2001-07-09,2001-07-15,0.0,0.0,AI,0.7,documented_zero
ETH,2001,29,2001-07-16,2001-07-22,0.0,0.0,AI,0.7,documented_zero
ETH,2001,30,2001-07-23,2001-07-29,0.0,0.0,AI,0.7,documented_zero
ETH,2001,31,2001-07-30,2001-08-05,0.0,0.0,AI,0.7,documented_zero
ETH,2001,32,2001-08-06,2001-08-12,0.0,0.0,AI,0.7,documented_zero
ETH,2001,33,2001-08-13,2001-08-19,0.0,0.0,AI,0.7,documented_zero
ETH,2001,34,2001-08-20,2001-08-26,0.0,0.0,AI,0.7,documented_zero
ETH,2001,35,2001-08-27,2001-09-02,0.0,0.0,AI,0.7,documented_zero
ETH,2001,36,2001-09-03,2001-09-09,0.0,0.0,AI,0.7,documented_zero
ETH,2001,37,2001-09-10,2001-09-16,0.0,0.0,AI,0.7,documented_zero
ETH,2001,38,2001-09-17,2001-09-23,0.0,0.0,AI,0.7,documented_zero
ETH,2001,39,2001-09-24,2001-09-30,0.0,0.0,AI,0.7,documented_zero
ETH,2001,40,2001-10-01,2001-10-07,0.0,0.0,AI,0.7,documented_zero
ETH,2001,41,2001-10-08,2001-10-14,0.0,0.0,AI,0.7,documented_zero
ETH,2001,42,2001-10-15,2001-10-21,0.0,0.0,AI,0.7,documented_zero
ETH,2001,43,2001-10-22,2001-10-28,0.0,0.0,AI,0.7,documented_zero
ETH,2001,44,2001-10-29,2001-11-04,0.0,0.0,AI,0.7,documented_zero
ETH,2001,45,2001-11-05,2001-11-11,0.0,0.0,AI,0.7,documented_zero
ETH,2001,46,2001-11-12,2001-11-18,0.0,0.0,AI,0.7,documented_zero
ETH,2001,47,2001-11-19,2001-11-25,0.0,0.0,AI,0.7,documented_zero
ETH,2001,48,2001-11-26,2001-12-02,0.0,0.0,AI,0.7,documented_zero
ETH,2001,49,2001-12-03,2001-12-09,0.0,0.0,AI,0.7,documented_zero
ETH,2001,50,2001-12-10,2001-12-16,0.0,0.0,AI,0.7,documented_zero
ETH,2001,51,2001-12-17,2001-12-23,0.0,0.0,AI,0.7,documented_zero
ETH,2001,52,2001-12-24,2001-12-30,0.0,0.0,AI,0.7,documented_zero
ETH,2002,1,2001-12-31,2002-01-06,0.0,0.0,AI,0.7,documented_zero
ETH,2002,2,2002-01-07,2002-01-13,0.0,0.0,AI,0.7,documented_zero
ETH,2002,3,2002-01-14,2002-01-20,0.0,0.0,AI,0.7,documented_zero
ETH,2002,4,2002-01-21,2002-01-27,0.0,0.0,AI,0.7,documented_zero
ETH,2002,5,2002-01-28,2002-02-03,0.0,0.0,AI,0.7,documented_zero
ETH,2002,6,2002-02-04,2002-02-10,0.0,0.0,AI,0.7,documented_zero
ETH,2002,7,2002-02-11,2002-02-17,0.0,0.0,AI,0.7,documented_zero
ETH,2002,8,2002-02-18,2002-02-24,0.0,0.0,AI,0.7,documented_zero
ETH,2002,9,2002-02-25,2002-03-03,0.0,0.0,AI,0.7,documented_zero
ETH,2002,10,2002-03-04,2002-03-10,0.0,0.0,AI,0.7,documented_zero
ETH,2002,11,2002-03-11,2002-03-17,0.0,0.0,AI,0.7,documented_zero
ETH,2002,12,2002-03-18,2002-03-24,0.0,0.0,AI,0.7,documented_zero
ETH,2002,13,2002-03-25,2002-03-31,0.0,0.0,AI,0.7,documented_zero
ETH,2002,14,2002-04-01,2002-04-07,0.0,0.0,AI,0.7,documented_zero
ETH,2002,15,2002-04-08,2002-04-14,0.0,0.0,AI,0.7,documented_zero
ETH,2002,16,2002-04-15,2002-04-21,0.0,0.0,AI,0.7,documented_zero
ETH,2002,17,2002-04-22,2002-04-28,0.0,0.0,AI,0.7,documented_zero
ETH,2002,18,2002-04-29,2002-05-05,0.0,0.0,AI,0.7,documented_zero
ETH,2002,19,2002-05-06,2002-05-12,0.0,0.0,AI,0.7,documented_zero
ETH,2002,20,2002-05-13,2002-05-19,0.0,0.0,AI,0.7,documented_zero
ETH,2002,21,2002-05-20,2002-05-26,0.0,0.0,AI,0.7,documented_zero
ETH,2002,22,2002-05-27,2002-06-02,0.0,0.0,AI,0.7,documented_zero
ETH,2002,23,2002-06-03,2002-06-09,0.0,0.0,AI,0.7,documented_zero
ETH,2002,24,2002-06-10,2002-06-16,0.0,0.0,AI,0.7,documented_zero
ETH,2002,25,2002-06-17,2002-06-23,0.0,0.0,AI,0.7,documented_zero
ETH,2002,26,2002-06-24,2002-06-30,0.0,0.0,AI,0.7,documented_zero
ETH,2002,27,2002-07-01,2002-07-07,0.0,0.0,AI,0.7,documented_zero
ETH,2002,28,2002-07-08,2002-07-14,0.0,0.0,AI,0.7,documented_zero
ETH,2002,29,2002-07-15,2002-07-21,0.0,0.0,AI,0.7,documented_zero
ETH,2002,30,2002-07-22,2002-07-28,0.0,0.0,AI,0.7,documented_zero
ETH,2002,31,2002-07-29,2002-08-04,0.0,0.0,AI,0.7,documented_zero
ETH,2002,32,2002-08-05,2002-08-11,0.0,0.0,AI,0.7,documented_zero
ETH,2002,33,2002-08-12,2002-08-18,0.0,0.0,AI,0.7,documented_zero
ETH,2002,34,2002-08-19,2002-08-25,0.0,0.0,AI,0.7,documented_zero
ETH,2002,35,2002-08-26,2002-09-01,0.0,0.0,AI,0.7,documented_zero
ETH,2002,36,2002-09-02,2002-09-08,0.0,0.0,AI,0.7,documented_zero
ETH,2002,37,2002-09-09,2002-09-15,0.0,0.0,AI,0.7,documented_zero
ETH,2002,38,2002-09-16,2002-09-22,0.0,0.0,AI,0.7,documented_zero
ETH,2002,39,2002-09-23,2002-09-29,0.0,0.0,AI,0.7,documented_zero
ETH,2002,40,2002-09-30,2002-10-06,0.0,0.0,AI,0.7,documented_zero
ETH,2002,41,2002-10-07,2002-10-13,0.0,0.0,AI,0.7,documented_zero
ETH,2002,42,2002-10-14,2002-10-20,0.0,0.0,AI,0.7,documented_zero
ETH,2002,43,2002-10-21,2002-10-27,0.0,0.0,AI,0.7,documented_zero
ETH,2002,44,2002-10-28,2002-11-03,0.0,0.0,AI,0.7,documented_zero
ETH,2002,45,2002-11-04,2002-11-10,0.0,0.0,AI,0.7,documented_zero
ETH,2002,46,2002-11-11,2002-11-17,0.0,0.0,AI,0.7,documented_zero
ETH,2002,47,2002-11-18,2002-11-24,0.0,0.0,AI,0.7,documented_zero
ETH,2002,48,2002-11-25,2002-12-01,0.0,0.0,AI,0.7,documented_zero
ETH,2002,49,2002-12-02,2002-12-08,0.0,0.0,AI,0.7,documented_zero
ETH,2002,50,2002-12-09,2002-12-15,0.0,0.0,AI,0.7,documented_zero
ETH,2002,51,2002-12-16,2002-12-22,0.0,0.0,AI,0.7,documented_zero
ETH,2002,52,2002-12-23,2002-12-29,0.0,0.0,AI,0.7,documented_zero
ETH,2003,1,2002-12-30,2003-01-05,0.0,0.0,AI,0.7,documented_zero
ETH,2003,2,2003-01-06,2003-01-12,0.0,0.0,AI,0.7,documented_zero
ETH,2003,3,2003-01-13,2003-01-19,0.0,0.0,AI,0.7,documented_zero
ETH,2003,4,2003-01-20,2003-01-26,0.0,0.0,AI,0.7,documented_zero
ETH,2003,5,2003-01-27,2003-02-02,0.0,0.0,AI,0.7,documented_zero
ETH,2003,6,2003-02-03,2003-02-09,0.0,0.0,AI,0.7,documented_zero
ETH,2003,7,2003-02-10,2003-02-16,0.0,0.0,AI,0.7,documented_zero
ETH,2003,8,2003-02-17,2003-02-23,0.0,0.0,AI,0.7,documented_zero
ETH,2003,9,2003-02-24,2003-03-02,0.0,0.0,AI,0.7,documented_zero
ETH,2003,10,2003-03-03,2003-03-09,0.0,0.0,AI,0.7,documented_zero
ETH,2003,11,2003-03-10,2003-03-16,0.0,0.0,AI,0.7,documented_zero
ETH,2003,12,2003-03-17,2003-03-23,0.0,0.0,AI,0.7,documented_zero
ETH,2003,13,2003-03-24,2003-03-30,0.0,0.0,AI,0.7,documented_zero
ETH,2003,14,2003-03-31,2003-04-06,0.0,0.0,AI,0.7,documented_zero
ETH,2003,15,2003-04-07,2003-04-13,0.0,0.0,AI,0.7,documented_zero
ETH,2003,16,2003-04-14,2003-04-20,0.0,0.0,AI,0.7,documented_zero
ETH,2003,17,2003-04-21,2003-04-27,0.0,0.0,AI,0.7,documented_zero
ETH,2003,18,2003-04-28,2003-05-04,0.0,0.0,AI,0.7,documented_zero
ETH,2003,19,2003-05-05,2003-05-11,0.0,0.0,AI,0.7,documented_zero
ETH,2003,20,2003-05-12,2003-05-18,0.0,0.0,AI,0.7,documented_zero
ETH,2003,21,2003-05-19,2003-05-25,0.0,0.0,AI,0.7,documented_zero
ETH,2003,22,2003-05-26,2003-06-01,0.0,0.0,AI,0.7,documented_zero
ETH,2003,23,2003-06-02,2003-06-08,0.0,0.0,AI,0.7,documented_zero
ETH,2003,24,2003-06-09,2003-06-15,0.0,0.0,AI,0.7,documented_zero
ETH,2003,25,2003-06-16,2003-06-22,0.0,0.0,AI,0.7,documented_zero
ETH,2003,26,2003-06-23,2003-06-29,0.0,0.0,AI,0.7,documented_zero
ETH,2003,27,2003-06-30,2003-07-06,0.0,0.0,AI,0.7,documented_zero
ETH,2003,28,2003-07-07,2003-07-13,0.0,0.0,AI,0.7,documented_zero
ETH,2003,29,2003-07-14,2003-07-20,0.0,0.0,AI,0.7,documented_zero
ETH,2003,30,2003-07-21,2003-07-27,0.0,0.0,AI,0.7,documented_zero
ETH,2003,31,2003-07-28,2003-08-03,0.0,0.0,AI,0.7,documented_zero
ETH,2003,32,2003-08-04,2003-08-10,0.0,0.0,AI,0.7,documented_zero
ETH,2003,33,2003-08-11,2003-08-17,0.0,0.0,AI,0.7,documented_zero
ETH,2003,34,2003-08-18,2003-08-24,0.0,0.0,AI,0.7,documented_zero
ETH,2003,35,2003-08-25,2003-08-31,0.0,0.0,AI,0.7,documented_zero
ETH,2003,36,2003-09-01,2003-09-07,0.0,0.0,AI,0.7,documented_zero
ETH,2003,37,2003-09-08,2003-09-14,0.0,0.0,AI,0.7,documented_zero
ETH,2003,38,2003-09-15,2003-09-21,0.0,0.0,AI,0.7,documented_zero
ETH,2003,39,2003-09-22,2003-09-28,0.0,0.0,AI,0.7,documented_zero
ETH,2003,40,2003-09-29,2003-10-05,0.0,0.0,AI,0.7,documented_zero
ETH,2003,41,2003-10-06,2003-10-12,0.0,0.0,AI,0.7,documented_zero
ETH,2003,42,2003-10-13,2003-10-19,0.0,0.0,AI,0.7,documented_zero
ETH,2003,43,2003-10-20,2003-10-26,0.0,0.0,AI,0.7,documented_zero
ETH,2003,44,2003-10-27,2003-11-02,0.0,0.0,AI,0.7,documented_zero
ETH,2003,45,2003-11-03,2003-11-09,0.0,0.0,AI,0.7,documented_zero
ETH,2003,46,2003-11-10,2003-11-16,0.0,0.0,AI,0.7,documented_zero
ETH,2003,47,2003-11-17,2003-11-23,0.0,0.0,AI,0.7,documented_zero
ETH,2003,48,2003-11-24,2003-11-30,0.0,0.0,AI,0.7,documented_zero
ETH,2003,49,2003-12-01,2003-12-07,0.0,0.0,AI,0.7,documented_zero
ETH,2003,50,2003-12-08,2003-12-14,0.0,0.0,AI,0.7,documented_zero
ETH,2003,51,2003-12-15,2003-12-21,0.0,0.0,AI,0.7,documented_zero
ETH,2003,52,2003-12-22,2003-12-28,0.0,0.0,AI,0.7,documented_zero
ETH,2004,1,2003-12-29,2004-01-04,0.1044,0.0,JHU,0.7,fourier_country_k2
ETH,2004,2,2004-01-05,2004-01-11,0.1269,0.0,JHU,0.7,fourier_country_k2
ETH,2004,3,2004-01-12,2004-01-18,0.1542,0.0,JHU,0.7,fourier_country_k2
ETH,2004,4,2004-01-19,2004-01-25,0.185,0.0,JHU,0.7,fourier_country_k2
ETH,2004,5,2004-01-26,2004-02-01,0.2177,0.0,JHU,0.7,fourier_country_k2
ETH,2004,6,2004-02-02,2004-02-08,0.2509,0.0,JHU,0.7,fourier_country_k2
ETH,2004,7,2004-02-09,2004-02-15,0.2832,0.0,JHU,0.7,fourier_country_k2
ETH,2004,8,2004-02-16,2004-02-22,0.3131,0.0,JHU,0.7,fourier_country_k2
ETH,2004,9,2004-02-23,2004-02-29,0.3395,0.0,JHU,0.7,fourier_country_k2
ETH,2004,10,2004-03-01,2004-03-07,0.3614,0.0,JHU,0.7,fourier_country_k2
ETH,2004,11,2004-03-08,2004-03-14,0.3784,0.0,JHU,0.7,fourier_country_k2
ETH,2004,12,2004-03-15,2004-03-21,0.39,0.0,JHU,0.7,fourier_country_k2
ETH,2004,13,2004-03-22,2004-03-28,0.3963,0.0,JHU,0.7,fourier_country_k2
ETH,2004,14,2004-03-29,2004-04-04,0.3977,0.0,JHU,0.7,fourier_country_k2
ETH,2004,15,2004-04-05,2004-04-11,0.3947,0.0,JHU,0.7,fourier_country_k2
ETH,2004,16,2004-04-12,2004-04-18,0.3882,0.0,JHU,0.7,fourier_country_k2
ETH,2004,17,2004-04-19,2004-04-25,0.3793,0.0,JHU,0.7,fourier_country_k2
ETH,2004,18,2004-04-26,2004-05-02,0.369,0.0,JHU,0.7,fourier_country_k2
ETH,2004,19,2004-05-03,2004-05-09,0.3587,0.0,JHU,0.7,fourier_country_k2
ETH,2004,20,2004-05-10,2004-05-16,0.3494,0.0,JHU,0.7,fourier_country_k2
ETH,2004,21,2004-05-17,2004-05-23,0.3422,0.0,JHU,0.7,fourier_country_k2
ETH,2004,22,2004-05-24,2004-05-30,0.3378,0.0,JHU,0.7,fourier_country_k2
ETH,2004,23,2004-05-31,2004-06-06,0.3369,0.0,JHU,0.7,fourier_country_k2
ETH,2004,24,2004-06-07,2004-06-13,0.3397,0.0,JHU,0.7,fourier_country_k2
ETH,2004,25,2004-06-14,2004-06-20,0.3463,0.0,JHU,0.7,fourier_country_k2
ETH,2004,26,2004-06-21,2004-06-27,0.3565,0.0,JHU,0.7,fourier_country_k2
ETH,2004,27,2004-06-28,2004-07-04,0.3695,0.0,JHU,0.7,fourier_country_k2
ETH,2004,28,2004-07-05,2004-07-11,0.3847,0.0,JHU,0.7,fourier_country_k2
ETH,2004,29,2004-07-12,2004-07-18,0.4008,0.0,JHU,0.7,fourier_country_k2
ETH,2004,30,2004-07-19,2004-07-25,0.4168,0.0,JHU,0.7,fourier_country_k2
ETH,2004,31,2004-07-26,2004-08-01,0.4315,0.0,JHU,0.7,fourier_country_k2
ETH,2004,32,2004-08-02,2004-08-08,0.4435,0.0,JHU,0.7,fourier_country_k2
ETH,2004,33,2004-08-09,2004-08-15,0.4516,0.0,JHU,0.7,fourier_country_k2
ETH,2004,34,2004-08-16,2004-08-22,0.455,0.0,JHU,0.7,fourier_country_k2
ETH,2004,35,2004-08-23,2004-08-29,0.4529,0.0,JHU,0.7,fourier_country_k2
ETH,2004,36,2004-08-30,2004-09-05,0.4446,0.0,JHU,0.7,fourier_country_k2
ETH,2004,37,2004-09-06,2004-09-12,0.4301,0.0,JHU,0.7,fourier_country_k2
ETH,2004,38,2004-09-13,2004-09-19,0.4096,0.0,JHU,0.7,fourier_country_k2
ETH,2004,39,2004-09-20,2004-09-26,0.3834,0.0,JHU,0.7,fourier_country_k2
ETH,2004,40,2004-09-27,2004-10-03,0.3524,0.0,JHU,0.7,fourier_country_k2
ETH,2004,41,2004-10-04,2004-10-10,0.3178,0.0,JHU,0.7,fourier_country_k2
ETH,2004,42,2004-10-11,2004-10-17,0.2808,0.0,JHU,0.7,fourier_country_k2
ETH,2004,43,2004-10-18,2004-10-24,0.243,0.0,JHU,0.7,fourier_country_k2
ETH,2004,44,2004-10-25,2004-10-31,0.2058,0.0,JHU,0.7,fourier_country_k2
ETH,2004,45,2004-11-01,2004-11-07,0.1709,0.0,JHU,0.7,fourier_country_k2
ETH,2004,46,2004-11-08,2004-11-14,0.1398,0.0,JHU,0.7,fourier_country_k2
ETH,2004,47,2004-11-15,2004-11-21,0.1137,0.0,JHU,0.7,fourier_country_k2
ETH,2004,48,2004-11-22,2004-11-28,0.0939,0.0,JHU,0.7,fourier_country_k2
ETH,2004,49,2004-11-29,2004-12-05,0.0811,0.0,JHU,0.7,fourier_country_k2
ETH,2004,50,2004-12-06,2004-12-12,0.0758,0.0,JHU,0.7,fourier_country_k2
ETH,2004,51,2004-12-13,2004-12-19,0.0781,0.0,JHU,0.7,fourier_country_k2
ETH,2004,52,2004-12-20,2004-12-26,0.0878,0.0,JHU,0.7,fourier_country_k2
ETH,2004,53,2004-12-27,2005-01-02,0.0878,0.0,JHU,0.7,fourier_country_k2
ETH,2005,1,2005-01-03,2005-01-09,0.0,0.0,JHU,1.0,documented_zero
ETH,2005,2,2005-01-10,2005-01-16,0.0,0.0,JHU,1.0,documented_zero
ETH,2005,3,2005-01-17,2005-01-23,0.0,0.0,JHU,1.0,documented_zero
ETH,2005,4,2005-01-24,2005-01-30,0.0,0.0,JHU,1.0,documented_zero
ETH,2005,5,2005-01-31,2005-02-06,0.0,0.0,JHU,1.0,documented_zero
ETH,2005,6,2005-02-07,2005-02-13,0.0,0.0,JHU,1.0,documented_zero
ETH,2005,7,2005-02-14,2005-02-20,0.0,0.0,JHU,1.0,documented_zero
ETH,2005,8,2005-02-21,2005-02-27,0.0,0.0,JHU,1.0,documented_zero
ETH,2005,9,2005-02-28,2005-03-06,0.0,0.0,JHU,1.0,documented_zero
ETH,2005,10,2005-03-07,2005-03-13,0.0,0.0,JHU,1.0,documented_zero
ETH,2005,11,2005-03-14,2005-03-20,0.0,0.0,JHU,1.0,documented_zero
ETH,2005,12,2005-03-21,2005-03-27,0.0,0.0,JHU,1.0,documented_zero
ETH,2005,13,2005-03-28,2005-04-03,0.0,0.0,JHU,1.0,documented_zero
ETH,2005,14,2005-04-04,2005-04-10,0.0,0.0,JHU,1.0,documented_zero
ETH,2005,15,2005-04-11,2005-04-17,0.0,0.0,JHU,1.0,documented_zero
ETH,2005,16,2005-04-18,2005-04-24,0.0,0.0,JHU,1.0,documented_zero
ETH,2005,17,2005-04-25,2005-05-01,0.0,0.0,JHU,1.0,documented_zero
ETH,2005,18,2005-05-02,2005-05-08,0.0,0.0,JHU,1.0,documented_zero
ETH,2005,19,2005-05-09,2005-05-15,0.0,0.0,JHU,1.0,documented_zero
ETH,2005,20,2005-05-16,2005-05-22,0.0,0.0,JHU,1.0,documented_zero
ETH,2005,21,2005-05-23,2005-05-29,0.0,0.0,JHU,1.0,documented_zero
ETH,2005,22,2005-05-30,2005-06-05,0.0,0.0,JHU,1.0,documented_zero
ETH,2005,23,2005-06-06,2005-06-12,0.0,0.0,JHU,1.0,documented_zero
ETH,2005,24,2005-06-13,2005-06-19,0.0,0.0,JHU,1.0,documented_zero
ETH,2005,25,2005-06-20,2005-06-26,0.0,0.0,JHU,1.0,documented_zero
ETH,2005,26,2005-06-27,2005-07-03,0.0,0.0,JHU,1.0,documented_zero
ETH,2005,27,2005-07-04,2005-07-10,0.0,0.0,JHU,1.0,documented_zero
ETH,2005,28,2005-07-11,2005-07-17,0.0,0.0,JHU,1.0,documented_zero
ETH,2005,29,2005-07-18,2005-07-24,0.0,0.0,JHU,1.0,documented_zero
ETH,2005,30,2005-07-25,2005-07-31,0.0,0.0,JHU,1.0,documented_zero
ETH,2005,31,2005-08-01,2005-08-07,0.0,0.0,JHU,1.0,documented_zero
ETH,2005,32,2005-08-08,2005-08-14,0.0,0.0,JHU,1.0,documented_zero
ETH,2005,33,2005-08-15,2005-08-21,0.0,0.0,JHU,1.0,documented_zero
ETH,2005,34,2005-08-22,2005-08-28,0.0,0.0,JHU,1.0,documented_zero
ETH,2005,35,2005-08-29,2005-09-04,0.0,0.0,JHU,1.0,documented_zero
ETH,2005,36,2005-09-05,2005-09-11,0.0,0.0,JHU,1.0,documented_zero
ETH,2005,37,2005-09-12,2005-09-18,0.0,0.0,JHU,1.0,documented_zero
ETH,2005,38,2005-09-19,2005-09-25,0.0,0.0,JHU,1.0,documented_zero
ETH,2005,39,2005-09-26,2005-10-02,0.0,0.0,JHU,1.0,documented_zero
ETH,2005,40,2005-10-03,2005-10-09,0.0,0.0,JHU,1.0,documented_zero
ETH,2005,41,2005-10-10,2005-10-16,0.0,0.0,JHU,1.0,documented_zero
ETH,2005,42,2005-10-17,2005-10-23,0.0,0.0,JHU,1.0,documented_zero
ETH,2005,43,2005-10-24,2005-10-30,0.0,0.0,JHU,1.0,documented_zero
ETH,2005,44,2005-10-31,2005-11-06,0.0,0.0,JHU,1.0,documented_zero
ETH,2005,45,2005-11-07,2005-11-13,0.0,0.0,JHU,1.0,documented_zero
ETH,2005,46,2005-11-14,2005-11-20,0.0,0.0,JHU,1.0,documented_zero
ETH,2005,47,2005-11-21,2005-11-27,0.0,0.0,JHU,1.0,documented_zero
ETH,2005,48,2005-11-28,2005-12-04,0.0,0.0,JHU,1.0,documented_zero
ETH,2005,49,2005-12-05,2005-12-11,0.0,0.0,JHU,1.0,documented_zero
ETH,2005,50,2005-12-12,2005-12-18,0.0,0.0,JHU,1.0,documented_zero
ETH,2005,51,2005-12-19,2005-12-25,0.0,0.0,JHU,1.0,documented_zero
ETH,2005,52,2005-12-26,2006-01-01,0.0,0.0,JHU,1.0,documented_zero
ETH,2006,1,2006-01-02,2006-01-08,0.0,0.0,JHU,0.95,observed
ETH,2006,2,2006-01-09,2006-01-15,0.0,0.0,JHU,0.95,observed
ETH,2006,3,2006-01-16,2006-01-22,0.0,0.0,JHU,0.95,observed
ETH,2006,4,2006-01-23,2006-01-29,0.0,0.0,JHU,0.95,observed
ETH,2006,5,2006-01-30,2006-02-05,0.0,0.0,JHU,0.95,observed
ETH,2006,6,2006-02-06,2006-02-12,0.0,0.0,JHU,0.95,observed
ETH,2006,7,2006-02-13,2006-02-19,0.0,0.0,JHU,0.95,observed
ETH,2006,8,2006-02-20,2006-02-26,0.0,0.0,JHU,0.95,observed
ETH,2006,9,2006-02-27,2006-03-05,0.0,0.0,JHU,0.95,observed
ETH,2006,10,2006-03-06,2006-03-12,0.0,0.0,JHU,0.95,observed
ETH,2006,11,2006-03-13,2006-03-19,0.0,0.0,JHU,0.95,observed
ETH,2006,12,2006-03-20,2006-03-26,0.0,0.0,JHU,0.95,observed
ETH,2006,13,2006-03-27,2006-04-02,0.0,0.0,JHU,0.95,observed
ETH,2006,14,2006-04-03,2006-04-09,0.0,0.0,JHU,0.95,observed
ETH,2006,15,2006-04-10,2006-04-16,0.0,0.0,JHU,0.95,observed
ETH,2006,16,2006-04-17,2006-04-23,0.0,0.0,JHU,0.95,observed
ETH,2006,17,2006-04-24,2006-04-30,0.0,0.0,JHU,0.95,observed
ETH,2006,18,2006-05-01,2006-05-07,0.0,0.0,JHU,0.95,observed
ETH,2006,19,2006-05-08,2006-05-14,0.0,0.0,JHU,0.95,observed
ETH,2006,20,2006-05-15,2006-05-21,0.0,0.0,JHU,0.95,observed
ETH,2006,21,2006-05-22,2006-05-28,0.0,0.0,JHU,0.95,observed
ETH,2006,22,2006-05-29,2006-06-04,0.0,0.0,JHU,0.95,observed
ETH,2006,23,2006-06-05,2006-06-11,0.0,0.0,JHU,0.95,observed
ETH,2006,24,2006-06-12,2006-06-18,0.0,0.0,JHU,0.95,observed
ETH,2006,25,2006-06-19,2006-06-25,53.0,1.0,JHU,0.95,observed
ETH,2006,26,2006-06-26,2006-07-02,382.0,2.0,JHU,0.95,observed
ETH,2006,27,2006-07-03,2006-07-09,1144.0,6.0,JHU,0.95,observed
ETH,2006,28,2006-07-10,2006-07-16,1858.0,5.0,JHU,0.95,observed
ETH,2006,29,2006-07-17,2006-07-23,1575.0,9.0,JHU,0.95,observed
ETH,2006,30,2006-07-24,2006-07-30,1595.0,13.0,JHU,0.95,observed
ETH,2006,31,2006-07-31,2006-08-06,1791.0,13.0,JHU,0.95,observed
ETH,2006,32,2006-08-07,2006-08-13,1787.0,28.0,JHU,0.95,observed
ETH,2006,33,2006-08-14,2006-08-20,1667.0,36.0,JHU,0.95,observed
ETH,2006,34,2006-08-21,2006-08-27,1749.0,29.0,JHU,0.95,observed
ETH,2006,35,2006-08-28,2006-09-03,2193.0,21.0,JHU,0.95,observed
ETH,2006,36,2006-09-04,2006-09-10,2623.0,18.0,JHU,0.95,observed
ETH,2006,37,2006-09-11,2006-09-17,2088.0,17.0,JHU,0.95,observed
ETH,2006,38,2006-09-18,2006-09-24,1525.0,14.0,JHU,0.95,observed
ETH,2006,39,2006-09-25,2006-10-01,1919.0,30.0,JHU,0.95,observed
ETH,2006,40,2006-10-02,2006-10-08,2593.0,45.0,JHU,0.95,observed
ETH,2006,41,2006-10-09,2006-10-15,3058.0,35.0,JHU,0.95,observed
ETH,2006,42,2006-10-16,2006-10-22,2885.0,20.0,JHU,0.95,observed
ETH,2006,43,2006-10-23,2006-10-29,2398.0,11.0,JHU,0.95,observed
ETH,2006,44,2006-10-30,2006-11-05,1810.0,10.0,JHU,0.95,observed
ETH,2006,45,2006-11-06,2006-11-12,1435.0,5.0,JHU,0.95,observed
ETH,2006,46,2006-11-13,2006-11-19,1225.0,6.0,JHU,0.95,observed
ETH,2006,47,2006-11-20,2006-11-26,1104.0,8.0,JHU,0.95,observed
ETH,2006,48,2006-11-27,2006-12-03,1079.0,10.0,JHU,0.95,observed
ETH,2006,49,2006-12-04,2006-12-10,1034.0,12.0,JHU,0.95,observed
ETH,2006,50,2006-12-11,2006-12-17,1179.0,11.0,JHU,0.95,observed
ETH,2006,51,2006-12-18,2006-12-24,1218.0,12.0,JHU,0.95,observed
ETH,2006,52,2006-12-25,2006-12-31,1311.0,6.0,JHU,0.95,observed
ETH,2007,1,2007-01-01,2007-01-07,1355.0,9.0,JHU,0.95,observed
ETH,2007,2,2007-01-08,2007-01-14,1223.0,12.0,JHU,0.95,observed
ETH,2007,3,2007-01-15,2007-01-21,1154.0,11.0,JHU,0.95,observed
ETH,2007,4,2007-01-22,2007-01-28,1351.0,21.0,JHU,0.95,observed
ETH,2007,5,2007-01-29,2007-02-04,1787.0,34.0,JHU,0.95,observed
ETH,2007,6,2007-02-05,2007-02-11,2152.0,43.0,JHU,0.95,observed
ETH,2007,7,2007-02-12,2007-02-18,1777.0,32.0,JHU,0.95,observed
ETH,2007,8,2007-02-19,2007-02-25,1305.0,26.0,JHU,0.95,observed
ETH,2007,9,2007-02-26,2007-03-04,1053.0,22.0,JHU,0.95,observed
ETH,2007,10,2007-03-05,2007-03-11,1107.0,28.0,JHU,0.95,observed
ETH,2007,11,2007-03-12,2007-03-18,1171.0,12.0,JHU,0.95,observed
ETH,2007,12,2007-03-19,2007-03-25,1100.0,7.0,JHU,0.95,observed
ETH,2007,13,2007-03-26,2007-04-01,943.0,7.0,JHU,0.95,observed
ETH,2007,14,2007-04-02,2007-04-08,919.0,4.0,JHU,0.95,observed
ETH,2007,15,2007-04-09,2007-04-15,1022.0,9.0,JHU,0.95,observed
ETH,2007,16,2007-04-16,2007-04-22,804.0,7.0,JHU,0.95,observed
ETH,2007,17,2007-04-23,2007-04-29,901.0,4.0,JHU,0.95,observed
ETH,2007,18,2007-04-30,2007-05-06,1239.0,6.0,JHU,0.95,observed
ETH,2007,19,2007-05-07,2007-05-13,1276.0,17.0,JHU,0.95,observed
ETH,2007,20,2007-05-14,2007-05-20,1253.0,21.0,JHU,0.95,observed
ETH,2007,21,2007-05-21,2007-05-27,1013.0,17.0,JHU,0.95,observed
ETH,2007,22,2007-05-28,2007-06-03,806.0,13.0,JHU,0.95,observed
ETH,2007,23,2007-06-04,2007-06-10,820.0,10.0,JHU,0.95,observed
ETH,2007,24,2007-06-11,2007-06-17,990.0,1.0,JHU,0.95,observed
ETH,2007,25,2007-06-18,2007-06-24,905.0,1.0,JHU,0.95,observed
ETH,2007,26,2007-06-25,2007-07-01,1330.0,2.0,JHU,0.95,observed
ETH,2007,27,2007-07-02,2007-07-08,778.0,1.0,JHU,0.95,observed
ETH,2007,28,2007-07-09,2007-07-15,520.0,0.0,JHU,0.95,observed
ETH,2007,29,2007-07-16,2007-07-22,1811.0,0.0,JHU,0.95,observed
ETH,2007,30,2007-07-23,2007-07-29,545.0,12.0,JHU,0.95,observed
ETH,2007,31,2007-07-30,2007-08-05,594.0,8.0,JHU,0.95,observed
ETH,2007,32,2007-08-06,2007-08-12,797.0,8.0,JHU,0.95,observed
ETH,2007,33,2007-08-13,2007-08-19,583.0,5.0,JHU,0.95,observed
ETH,2007,34,2007-08-20,2007-08-26,1075.0,7.0,JHU,0.95,observed
ETH,2007,35,2007-08-27,2007-09-02,1091.0,17.0,JHU,0.95,observed
ETH,2007,36,2007-09-03,2007-09-09,894.0,13.0,JHU,0.95,observed
ETH,2007,37,2007-09-10,2007-09-16,680.0,18.0,JHU,0.95,observed
ETH,2007,38,2007-09-17,2007-09-23,642.0,19.0,JHU,0.95,observed
ETH,2007,39,2007-09-24,2007-09-30,831.0,15.0,JHU,0.95,observed
ETH,2007,40,2007-10-01,2007-10-07,1010.0,8.0,JHU,0.95,observed
ETH,2007,41,2007-10-08,2007-10-14,817.0,6.0,JHU,0.95,observed
ETH,2007,42,2007-10-15,2007-10-21,583.0,10.0,JHU,0.95,observed
ETH,2007,43,2007-10-22,2007-10-28,253.0,8.0,JHU,0.95,observed
ETH,2007,44,2007-10-29,2007-11-04,185.0,5.0,JHU,0.95,observed
ETH,2007,45,2007-11-05,2007-11-11,123.0,3.0,JHU,0.95,observed
ETH,2007,46,2007-11-12,2007-11-18,82.0,1.0,JHU,0.95,observed
ETH,2007,47,2007-11-19,2007-11-25,104.0,4.0,JHU,0.95,observed
ETH,2007,48,2007-11-26,2007-12-02,11.0,0.0,JHU,0.95,observed
ETH,2007,49,2007-12-03,2007-12-09,16.0,1.0,JHU,0.95,observed
ETH,2007,50,2007-12-10,2007-12-16,36.0,0.0,JHU,0.95,observed
ETH,2007,51,2007-12-17,2007-12-23,50.0,0.0,JHU,0.95,observed
ETH,2007,52,2007-12-24,2007-12-30,14.0,0.0,JHU,0.95,observed
ETH,2008,1,2007-12-31,2008-01-06,25.1715,0.1499,JHU,0.7,fourier_country_k2
ETH,2008,2,2008-01-07,2008-01-13,30.599,0.1822,JHU,0.7,fourier_country_k2
ETH,2008,3,2008-01-14,2008-01-20,37.1834,0.2214,JHU,0.7,fourier_country_k2
ETH,2008,4,2008-01-21,2008-01-27,44.6007,0.2656,JHU,0.7,fourier_country_k2
ETH,2008,5,2008-01-28,2008-02-03,52.4971,0.3126,JHU,0.7,fourier_country_k2
ETH,2008,6,2008-02-04,2008-02-10,60.5088,0.3604,JHU,0.7,fourier_country_k2
ETH,2008,7,2008-02-11,2008-02-17,68.2817,0.4066,JHU,0.7,fourier_country_k2
ETH,2008,8,2008-02-18,2008-02-24,75.4902,0.4496,JHU,0.7,fourier_country_k2
ETH,2008,9,2008-02-25,2008-03-02,81.8544,0.4875,JHU,0.7,fourier_country_k2
ETH,2008,10,2008-03-03,2008-03-09,87.1545,0.519,JHU,0.7,fourier_country_k2
ETH,2008,11,2008-03-10,2008-03-16,91.2411,0.5434,JHU,0.7,fourier_country_k2
ETH,2008,12,2008-03-17,2008-03-23,94.0417,0.5601,JHU,0.7,fourier_country_k2
ETH,2008,13,2008-03-24,2008-03-30,95.5625,0.5691,JHU,0.7,fourier_country_k2
ETH,2008,14,2008-03-31,2008-04-06,95.8855,0.571,JHU,0.7,fourier_country_k2
ETH,2008,15,2008-04-07,2008-04-13,95.1614,0.5667,JHU,0.7,fourier_country_k2
ETH,2008,16,2008-04-14,2008-04-20,93.5984,0.5574,JHU,0.7,fourier_country_k2
ETH,2008,17,2008-04-21,2008-04-27,91.4474,0.5446,JHU,0.7,fourier_country_k2
ETH,2008,18,2008-04-28,2008-05-04,88.9853,0.5299,JHU,0.7,fourier_country_k2
ETH,2008,19,2008-05-05,2008-05-11,86.4967,0.5151,JHU,0.7,fourier_country_k2
ETH,2008,20,2008-05-12,2008-05-18,84.2552,0.5018,JHU,0.7,fourier_country_k2
ETH,2008,21,2008-05-19,2008-05-25,82.5056,0.4914,JHU,0.7,fourier_country_k2
ETH,2008,22,2008-05-26,2008-06-01,81.4482,0.4851,JHU,0.7,fourier_country_k2
ETH,2008,23,2008-06-02,2008-06-08,81.2256,0.4837,JHU,0.7,fourier_country_k2
ETH,2008,24,2008-06-09,2008-06-15,81.913,0.4878,JHU,0.7,fourier_country_k2
ETH,2008,25,2008-06-16,2008-06-22,83.5133,0.4974,JHU,0.7,fourier_country_k2
ETH,2008,26,2008-06-23,2008-06-29,85.9562,0.5119,JHU,0.7,fourier_country_k2
ETH,2008,27,2008-06-30,2008-07-06,89.1019,0.5306,JHU,0.7,fourier_country_k2
ETH,2008,28,2008-07-07,2008-07-13,92.7489,0.5524,JHU,0.7,fourier_country_k2
ETH,2008,29,2008-07-14,2008-07-20,96.6467,0.5756,JHU,0.7,fourier_country_k2
ETH,2008,30,2008-07-21,2008-07-27,100.5102,0.5986,JHU,0.7,fourier_country_k2
ETH,2008,31,2008-07-28,2008-08-03,104.0375,0.6196,JHU,0.7,fourier_country_k2
ETH,2008,32,2008-08-04,2008-08-10,106.9285,0.6368,JHU,0.7,fourier_country_k2
ETH,2008,33,2008-08-11,2008-08-17,108.9038,0.6486,JHU,0.7,fourier_country_k2
ETH,2008,34,2008-08-18,2008-08-24,109.7223,0.6534,JHU,0.7,fourier_country_k2
ETH,2008,35,2008-08-25,2008-08-31,109.1975,0.6503,JHU,0.7,fourier_country_k2
ETH,2008,36,2008-09-01,2008-09-07,107.2097,0.6385,JHU,0.7,fourier_country_k2
ETH,2008,37,2008-09-08,2008-09-14,103.716,0.6177,JHU,0.7,fourier_country_k2
ETH,2008,38,2008-09-15,2008-09-21,98.7544,0.5881,JHU,0.7,fourier_country_k2
ETH,2008,39,2008-09-22,2008-09-28,92.4443,0.5505,JHU,0.7,fourier_country_k2
ETH,2008,40,2008-09-29,2008-10-05,84.9818,0.5061,JHU,0.7,fourier_country_k2
ETH,2008,41,2008-10-06,2008-10-12,76.6313,0.4564,JHU,0.7,fourier_country_k2
ETH,2008,42,2008-10-13,2008-10-19,67.7121,0.4033,JHU,0.7,fourier_country_k2
ETH,2008,43,2008-10-20,2008-10-26,58.5823,0.3489,JHU,0.7,fourier_country_k2
ETH,2008,44,2008-10-27,2008-11-02,49.6207,0.2955,JHU,0.7,fourier_country_k2
ETH,2008,45,2008-11-03,2008-11-09,41.2066,0.2454,JHU,0.7,fourier_country_k2
ETH,2008,46,2008-11-10,2008-11-16,33.7,0.2007,JHU,0.7,fourier_country_k2
ETH,2008,47,2008-11-17,2008-11-23,27.4226,0.1633,JHU,0.7,fourier_country_k2
ETH,2008,48,2008-11-24,2008-11-30,22.6406,0.1348,JHU,0.7,fourier_country_k2
ETH,2008,49,2008-12-01,2008-12-07,19.5508,0.1164,JHU,0.7,fourier_country_k2
ETH,2008,50,2008-12-08,2008-12-14,18.2705,0.1088,JHU,0.7,fourier_country_k2
ETH,2008,51,2008-12-15,2008-12-21,18.8312,0.1121,JHU,0.7,fourier_country_k2
ETH,2008,52,2008-12-22,2008-12-28,21.1777,0.1261,JHU,0.7,fourier_country_k2
ETH,2009,1,2008-12-29,2009-01-04,25.1715,0.1499,JHU,0.7,fourier_country_k2
ETH,2009,2,2009-01-05,2009-01-11,249.907,3.4422,JHU,0.7,fourier_country_k2
ETH,2009,3,2009-01-12,2009-01-18,303.6835,4.1829,JHU,0.7,fourier_country_k2
ETH,2009,4,2009-01-19,2009-01-25,364.2618,5.0173,JHU,0.7,fourier_country_k2
ETH,2009,5,2009-01-26,2009-02-01,428.753,5.9056,JHU,0.7,fourier_country_k2
ETH,2009,6,2009-02-02,2009-02-08,494.186,6.8068,JHU,0.7,fourier_country_k2
ETH,2009,7,2009-02-09,2009-02-15,557.6682,7.6812,JHU,0.7,fourier_country_k2
ETH,2009,8,2009-02-16,2009-02-22,616.5411,8.4921,JHU,0.7,fourier_country_k2
ETH,2009,9,2009-02-23,2009-03-01,668.519,9.2081,JHU,0.7,fourier_country_k2
ETH,2009,10,2009-03-02,2009-03-08,711.806,9.8043,JHU,0.7,fourier_country_k2
ETH,2009,11,2009-03-09,2009-03-15,745.1819,10.264,JHU,0.7,fourier_country_k2
ETH,2009,12,2009-03-16,2009-03-22,768.0547,10.5791,JHU,0.7,fourier_country_k2
ETH,2009,13,2009-03-23,2009-03-29,780.475,10.7501,JHU,0.7,fourier_country_k2
ETH,2009,14,2009-03-30,2009-04-05,783.1132,10.7865,JHU,0.7,fourier_country_k2
ETH,2009,15,2009-04-06,2009-04-12,777.1999,10.705,JHU,0.7,fourier_country_k2
ETH,2009,16,2009-04-13,2009-04-19,764.4346,10.5292,JHU,0.7,fourier_country_k2
ETH,2009,17,2009-04-20,2009-04-26,746.867,10.2872,JHU,0.7,fourier_country_k2
ETH,2009,18,2009-04-27,2009-05-03,726.7586,10.0103,JHU,0.7,fourier_country_k2
ETH,2009,19,2009-05-04,2009-05-10,706.4336,9.7303,JHU,0.7,fourier_country_k2
ETH,2009,20,2009-05-11,2009-05-17,688.1266,9.4781,JHU,0.7,fourier_country_k2
ETH,2009,21,2009-05-18,2009-05-24,673.8375,9.2813,JHU,0.7,fourier_country_k2
ETH,2009,22,2009-05-25,2009-05-31,665.2016,9.1624,JHU,0.7,fourier_country_k2
ETH,2009,23,2009-06-01,2009-06-07,663.3831,9.1373,JHU,0.7,fourier_country_k2
ETH,2009,24,2009-06-08,2009-06-14,668.9972,9.2147,JHU,0.7,fourier_country_k2
ETH,2009,25,2009-06-15,2009-06-21,682.0676,9.3947,JHU,0.7,fourier_country_k2
ETH,2009,26,2009-06-22,2009-06-28,702.0194,9.6695,JHU,0.7,fourier_country_k2
ETH,2009,27,2009-06-29,2009-07-05,727.7103,10.0234,JHU,0.7,fourier_country_k2
ETH,2009,28,2009-07-06,2009-07-12,757.4964,10.4336,JHU,0.7,fourier_country_k2
ETH,2009,29,2009-07-13,2009-07-19,789.3302,10.8721,JHU,0.7,fourier_country_k2
ETH,2009,30,2009-07-20,2009-07-26,820.8839,11.3067,JHU,0.7,fourier_country_k2
ETH,2009,31,2009-07-27,2009-08-02,849.692,11.7035,JHU,0.7,fourier_country_k2
ETH,2009,32,2009-08-03,2009-08-09,873.3035,12.0287,JHU,0.7,fourier_country_k2
ETH,2009,33,2009-08-10,2009-08-16,889.436,12.251,JHU,0.7,fourier_country_k2
ETH,2009,34,2009-08-17,2009-08-23,896.1211,12.343,JHU,0.7,fourier_country_k2
ETH,2009,35,2009-08-24,2009-08-30,891.8345,12.284,JHU,0.7,fourier_country_k2
ETH,2009,36,2009-08-31,2009-09-06,875.6004,12.0604,JHU,0.7,fourier_country_k2
ETH,2009,37,2009-09-07,2009-09-13,847.0668,11.6674,JHU,0.7,fourier_country_k2
ETH,2009,38,2009-09-14,2009-09-20,806.5443,11.1092,JHU,0.7,fourier_country_k2
ETH,2009,39,2009-09-21,2009-09-27,755.0081,10.3994,JHU,0.7,fourier_country_k2
ETH,2009,40,2009-09-28,2009-10-04,694.0611,9.5599,JHU,0.7,fourier_country_k2
ETH,2009,41,2009-10-05,2009-10-11,625.8612,8.6205,JHU,0.7,fourier_country_k2
ETH,2009,42,2009-10-12,2009-10-18,553.0162,7.6172,JHU,0.7,fourier_country_k2
ETH,2009,43,2009-10-19,2009-10-25,478.4518,6.5901,JHU,0.7,fourier_country_k2
ETH,2009,44,2009-10-26,2009-11-01,405.2608,5.582,JHU,0.7,fourier_country_k2
ETH,2009,45,2009-11-02,2009-11-08,336.5413,4.6355,JHU,0.7,fourier_country_k2
ETH,2009,46,2009-11-09,2009-11-15,275.2337,3.791,JHU,0.7,fourier_country_k2
ETH,2009,47,2009-11-16,2009-11-22,223.9648,3.0849,JHU,0.7,fourier_country_k2
ETH,2009,48,2009-11-23,2009-11-29,184.9094,2.5469,JHU,0.7,fourier_country_k2
ETH,2009,49,2009-11-30,2009-12-06,159.675,2.1993,JHU,0.7,fourier_country_k2
ETH,2009,50,2009-12-07,2009-12-13,149.2185,2.0553,JHU,0.7,fourier_country_k2
ETH,2009,51,2009-12-14,2009-12-20,153.7978,2.1184,JHU,0.7,fourier_country_k2
ETH,2009,52,2009-12-21,2009-12-27,172.9619,2.3823,JHU,0.7,fourier_country_k2
ETH,2009,53,2009-12-28,2010-01-03,172.9619,2.3823,JHU,0.7,fourier_country_k2
ETH,2010,1,2010-01-04,2010-01-10,10.9742,0.137,JHU,0.7,fourier_country_k2
ETH,2010,2,2010-01-11,2010-01-17,13.3404,0.1666,JHU,0.7,fourier_country_k2
ETH,2010,3,2010-01-18,2010-01-24,16.2111,0.2024,JHU,0.7,fourier_country_k2
ETH,2010,4,2010-01-25,2010-01-31,19.4449,0.2428,JHU,0.7,fourier_country_k2
ETH,2010,5,2010-02-01,2010-02-07,22.8875,0.2858,JHU,0.7,fourier_country_k2
ETH,2010,6,2010-02-08,2010-02-14,26.3804,0.3294,JHU,0.7,fourier_country_k2
ETH,2010,7,2010-02-15,2010-02-21,29.7692,0.3717,JHU,0.7,fourier_country_k2
ETH,2010,8,2010-02-22,2010-02-28,32.9119,0.4109,JHU,0.7,fourier_country_k2
ETH,2010,9,2010-03-01,2010-03-07,35.6866,0.4456,JHU,0.7,fourier_country_k2
ETH,2010,10,2010-03-08,2010-03-14,37.9973,0.4744,JHU,0.7,fourier_country_k2
ETH,2010,11,2010-03-15,2010-03-21,39.779,0.4966,JHU,0.7,fourier_country_k2
ETH,2010,12,2010-03-22,2010-03-28,41.0,0.5119,JHU,0.7,fourier_country_k2
ETH,2010,13,2010-03-29,2010-04-04,41.663,0.5202,JHU,0.7,fourier_country_k2
ETH,2010,14,2010-04-05,2010-04-11,41.8038,0.5219,JHU,0.7,fourier_country_k2
ETH,2010,15,2010-04-12,2010-04-18,41.4882,0.518,JHU,0.7,fourier_country_k2
ETH,2010,16,2010-04-19,2010-04-25,40.8067,0.5095,JHU,0.7,fourier_country_k2
ETH,2010,17,2010-04-26,2010-05-02,39.8689,0.4978,JHU,0.7,fourier_country_k2
ETH,2010,18,2010-05-03,2010-05-09,38.7955,0.4844,JHU,0.7,fourier_country_k2
ETH,2010,19,2010-05-10,2010-05-16,37.7105,0.4708,JHU,0.7,fourier_country_k2
ETH,2010,20,2010-05-17,2010-05-23,36.7333,0.4586,JHU,0.7,fourier_country_k2
ETH,2010,21,2010-05-24,2010-05-30,35.9705,0.4491,JHU,0.7,fourier_country_k2
ETH,2010,22,2010-05-31,2010-06-06,35.5095,0.4433,JHU,0.7,fourier_country_k2
ETH,2010,23,2010-06-07,2010-06-13,35.4124,0.4421,JHU,0.7,fourier_country_k2
ETH,2010,24,2010-06-14,2010-06-20,35.7121,0.4459,JHU,0.7,fourier_country_k2
ETH,2010,25,2010-06-21,2010-06-27,36.4098,0.4546,JHU,0.7,fourier_country_k2
ETH,2010,26,2010-06-28,2010-07-04,37.4749,0.4679,JHU,0.7,fourier_country_k2
ETH,2010,27,2010-07-05,2010-07-11,38.8463,0.485,JHU,0.7,fourier_country_k2
ETH,2010,28,2010-07-12,2010-07-18,40.4364,0.5049,JHU,0.7,fourier_country_k2
ETH,2010,29,2010-07-19,2010-07-25,42.1357,0.5261,JHU,0.7,fourier_country_k2
ETH,2010,30,2010-07-26,2010-08-01,43.8201,0.5471,JHU,0.7,fourier_country_k2
ETH,2010,31,2010-08-02,2010-08-08,45.3579,0.5663,JHU,0.7,fourier_country_k2
ETH,2010,32,2010-08-09,2010-08-15,46.6183,0.582,JHU,0.7,fourier_country_k2
ETH,2010,33,2010-08-16,2010-08-22,47.4795,0.5928,JHU,0.7,fourier_country_k2
ETH,2010,34,2010-08-23,2010-08-29,47.8364,0.5972,JHU,0.7,fourier_country_k2
ETH,2010,35,2010-08-30,2010-09-05,47.6075,0.5944,JHU,0.7,fourier_country_k2
ETH,2010,36,2010-09-06,2010-09-12,46.7409,0.5836,JHU,0.7,fourier_country_k2
ETH,2010,37,2010-09-13,2010-09-19,45.2178,0.5645,JHU,0.7,fourier_country_k2
ETH,2010,38,2010-09-20,2010-09-26,43.0546,0.5375,JHU,0.7,fourier_country_k2
ETH,2010,39,2010-09-27,2010-10-03,40.3035,0.5032,JHU,0.7,fourier_country_k2
ETH,2010,40,2010-10-04,2010-10-10,37.0501,0.4626,JHU,0.7,fourier_country_k2
ETH,2010,41,2010-10-11,2010-10-17,33.4095,0.4171,JHU,0.7,fourier_country_k2
ETH,2010,42,2010-10-18,2010-10-24,29.5209,0.3686,JHU,0.7,fourier_country_k2
ETH,2010,43,2010-10-25,2010-10-31,25.5405,0.3189,JHU,0.7,fourier_country_k2
ETH,2010,44,2010-11-01,2010-11-07,21.6335,0.2701,JHU,0.7,fourier_country_k2
ETH,2010,45,2010-11-08,2010-11-14,17.9651,0.2243,JHU,0.7,fourier_country_k2
ETH,2010,46,2010-11-15,2010-11-21,14.6924,0.1834,JHU,0.7,fourier_country_k2
ETH,2010,47,2010-11-22,2010-11-28,11.9556,0.1493,JHU,0.7,fourier_country_k2
ETH,2010,48,2010-11-29,2010-12-05,9.8708,0.1232,JHU,0.7,fourier_country_k2
ETH,2010,49,2010-12-06,2010-12-12,8.5237,0.1064,JHU,0.7,fourier_country_k2
ETH,2010,50,2010-12-13,2010-12-19,7.9655,0.0995,JHU,0.7,fourier_country_k2
ETH,2010,51,2010-12-20,2010-12-26,8.21,0.1025,JHU,0.7,fourier_country_k2
ETH,2010,52,2010-12-27,2011-01-02,9.233,0.1153,JHU,0.7,fourier_country_k2
ETH,2011,1,2011-01-03,2011-01-09,0.0,0.0,JHU,0.7,documented_zero
ETH,2011,2,2011-01-10,2011-01-16,0.0,0.0,JHU,0.7,documented_zero
ETH,2011,3,2011-01-17,2011-01-23,0.0,0.0,JHU,0.7,documented_zero
ETH,2011,4,2011-01-24,2011-01-30,0.0,0.0,JHU,0.7,documented_zero
ETH,2011,5,2011-01-31,2011-02-06,0.0,0.0,JHU,0.7,documented_zero
ETH,2011,6,2011-02-07,2011-02-13,0.0,0.0,JHU,0.7,documented_zero
ETH,2011,7,2011-02-14,2011-02-20,0.0,0.0,JHU,0.7,documented_zero
ETH,2011,8,2011-02-21,2011-02-27,0.0,0.0,JHU,0.7,documented_zero
ETH,2011,9,2011-02-28,2011-03-06,0.0,0.0,JHU,0.7,documented_zero
ETH,2011,10,2011-03-07,2011-03-13,0.0,0.0,JHU,0.7,documented_zero
ETH,2011,11,2011-03-14,2011-03-20,0.0,0.0,JHU,0.7,documented_zero
ETH,2011,12,2011-03-21,2011-03-27,0.0,0.0,JHU,0.7,documented_zero
ETH,2011,13,2011-03-28,2011-04-03,0.0,0.0,JHU,0.7,documented_zero
ETH,2011,14,2011-04-04,2011-04-10,0.0,0.0,JHU,0.7,documented_zero
ETH,2011,15,2011-04-11,2011-04-17,0.0,0.0,JHU,0.7,documented_zero
ETH,2011,16,2011-04-18,2011-04-24,0.0,0.0,JHU,0.7,documented_zero
ETH,2011,17,2011-04-25,2011-05-01,0.0,0.0,JHU,0.7,documented_zero
ETH,2011,18,2011-05-02,2011-05-08,0.0,0.0,JHU,0.7,documented_zero
ETH,2011,19,2011-05-09,2011-05-15,0.0,0.0,JHU,0.7,documented_zero
ETH,2011,20,2011-05-16,2011-05-22,0.0,0.0,JHU,0.7,documented_zero
ETH,2011,21,2011-05-23,2011-05-29,0.0,0.0,JHU,0.7,documented_zero
ETH,2011,22,2011-05-30,2011-06-05,0.0,0.0,JHU,0.7,documented_zero
ETH,2011,23,2011-06-06,2011-06-12,0.0,0.0,JHU,0.7,documented_zero
ETH,2011,24,2011-06-13,2011-06-19,0.0,0.0,JHU,0.7,documented_zero
ETH,2011,25,2011-06-20,2011-06-26,0.0,0.0,JHU,0.7,documented_zero
ETH,2011,26,2011-06-27,2011-07-03,0.0,0.0,JHU,0.7,documented_zero
ETH,2011,27,2011-07-04,2011-07-10,0.0,0.0,JHU,0.7,documented_zero
ETH,2011,28,2011-07-11,2011-07-17,0.0,0.0,JHU,0.7,documented_zero
ETH,2011,29,2011-07-18,2011-07-24,0.0,0.0,JHU,0.7,documented_zero
ETH,2011,30,2011-07-25,2011-07-31,0.0,0.0,JHU,0.7,documented_zero
ETH,2011,31,2011-08-01,2011-08-07,0.0,0.0,JHU,0.7,documented_zero
ETH,2011,32,2011-08-08,2011-08-14,0.0,0.0,JHU,0.7,documented_zero
ETH,2011,33,2011-08-15,2011-08-21,0.0,0.0,JHU,0.7,documented_zero
ETH,2011,34,2011-08-22,2011-08-28,0.0,0.0,JHU,0.7,documented_zero
ETH,2011,35,2011-08-29,2011-09-04,0.0,0.0,JHU,0.7,documented_zero
ETH,2011,36,2011-09-05,2011-09-11,0.0,0.0,JHU,0.7,documented_zero
ETH,2011,37,2011-09-12,2011-09-18,0.0,0.0,JHU,0.7,documented_zero
ETH,2011,38,2011-09-19,2011-09-25,0.0,0.0,JHU,0.7,documented_zero
ETH,2011,39,2011-09-26,2011-10-02,0.0,0.0,JHU,0.7,documented_zero
ETH,2011,40,2011-10-03,2011-10-09,0.0,0.0,JHU,0.7,documented_zero
ETH,2011,41,2011-10-10,2011-10-16,0.0,0.0,JHU,0.7,documented_zero
ETH,2011,42,2011-10-17,2011-10-23,0.0,0.0,JHU,0.7,documented_zero
ETH,2011,43,2011-10-24,2011-10-30,0.0,0.0,JHU,0.7,documented_zero
ETH,2011,44,2011-10-31,2011-11-06,0.0,0.0,JHU,0.7,documented_zero
ETH,2011,45,2011-11-07,2011-11-13,0.0,0.0,JHU,0.7,documented_zero
ETH,2011,46,2011-11-14,2011-11-20,0.0,0.0,JHU,0.7,documented_zero
ETH,2011,47,2011-11-21,2011-11-27,0.0,0.0,JHU,0.7,documented_zero
ETH,2011,48,2011-11-28,2011-12-04,0.0,0.0,JHU,0.7,documented_zero
ETH,2011,49,2011-12-05,2011-12-11,0.0,0.0,JHU,0.7,documented_zero
ETH,2011,50,2011-12-12,2011-12-18,0.0,0.0,JHU,0.7,documented_zero
ETH,2011,51,2011-12-19,2011-12-25,0.0,0.0,JHU,0.7,documented_zero
ETH,2011,52,2011-12-26,2012-01-01,0.0,0.0,JHU,0.7,documented_zero
ETH,2012,1,2012-01-02,2012-01-08,0.0,0.0,JHU,0.7,documented_zero
ETH,2012,2,2012-01-09,2012-01-15,0.0,0.0,JHU,0.7,documented_zero
ETH,2012,3,2012-01-16,2012-01-22,0.0,0.0,JHU,0.7,documented_zero
ETH,2012,4,2012-01-23,2012-01-29,0.0,0.0,JHU,0.7,documented_zero
ETH,2012,5,2012-01-30,2012-02-05,0.0,0.0,JHU,0.7,documented_zero
ETH,2012,6,2012-02-06,2012-02-12,0.0,0.0,JHU,0.7,documented_zero
ETH,2012,7,2012-02-13,2012-02-19,0.0,0.0,JHU,0.7,documented_zero
ETH,2012,8,2012-02-20,2012-02-26,0.0,0.0,JHU,0.7,documented_zero
ETH,2012,9,2012-02-27,2012-03-04,0.0,0.0,JHU,0.7,documented_zero
ETH,2012,10,2012-03-05,2012-03-11,0.0,0.0,JHU,0.7,documented_zero
ETH,2012,11,2012-03-12,2012-03-18,0.0,0.0,JHU,0.7,documented_zero
ETH,2012,12,2012-03-19,2012-03-25,0.0,0.0,JHU,0.7,documented_zero
ETH,2012,13,2012-03-26,2012-04-01,0.0,0.0,JHU,0.7,documented_zero
ETH,2012,14,2012-04-02,2012-04-08,0.0,0.0,JHU,0.7,documented_zero
ETH,2012,15,2012-04-09,2012-04-15,0.0,0.0,JHU,0.7,documented_zero
ETH,2012,16,2012-04-16,2012-04-22,0.0,0.0,JHU,0.7,documented_zero
ETH,2012,17,2012-04-23,2012-04-29,0.0,0.0,JHU,0.7,documented_zero
ETH,2012,18,2012-04-30,2012-05-06,0.0,0.0,JHU,0.7,documented_zero
ETH,2012,19,2012-05-07,2012-05-13,0.0,0.0,JHU,0.7,documented_zero
ETH,2012,20,2012-05-14,2012-05-20,0.0,0.0,JHU,0.7,documented_zero
ETH,2012,21,2012-05-21,2012-05-27,0.0,0.0,JHU,0.7,documented_zero
ETH,2012,22,2012-05-28,2012-06-03,0.0,0.0,JHU,0.7,documented_zero
ETH,2012,23,2012-06-04,2012-06-10,0.0,0.0,JHU,0.7,documented_zero
ETH,2012,24,2012-06-11,2012-06-17,0.0,0.0,JHU,0.7,documented_zero
ETH,2012,25,2012-06-18,2012-06-24,0.0,0.0,JHU,0.7,documented_zero
ETH,2012,26,2012-06-25,2012-07-01,0.0,0.0,JHU,0.7,documented_zero
ETH,2012,27,2012-07-02,2012-07-08,0.0,0.0,JHU,0.7,documented_zero
ETH,2012,28,2012-07-09,2012-07-15,0.0,0.0,JHU,0.7,documented_zero
ETH,2012,29,2012-07-16,2012-07-22,0.0,0.0,JHU,0.7,documented_zero
ETH,2012,30,2012-07-23,2012-07-29,0.0,0.0,JHU,0.7,documented_zero
ETH,2012,31,2012-07-30,2012-08-05,0.0,0.0,JHU,0.7,documented_zero
ETH,2012,32,2012-08-06,2012-08-12,0.0,0.0,JHU,0.7,documented_zero
ETH,2012,33,2012-08-13,2012-08-19,0.0,0.0,JHU,0.7,documented_zero
ETH,2012,34,2012-08-20,2012-08-26,0.0,0.0,JHU,0.7,documented_zero
ETH,2012,35,2012-08-27,2012-09-02,0.0,0.0,JHU,0.7,documented_zero
ETH,2012,36,2012-09-03,2012-09-09,0.0,0.0,JHU,0.7,documented_zero
ETH,2012,37,2012-09-10,2012-09-16,0.0,0.0,JHU,0.7,documented_zero
ETH,2012,38,2012-09-17,2012-09-23,0.0,0.0,JHU,0.7,documented_zero
ETH,2012,39,2012-09-24,2012-09-30,0.0,0.0,JHU,0.7,documented_zero
ETH,2012,40,2012-10-01,2012-10-07,0.0,0.0,JHU,0.7,documented_zero
ETH,2012,41,2012-10-08,2012-10-14,0.0,0.0,JHU,0.7,documented_zero
ETH,2012,42,2012-10-15,2012-10-21,0.0,0.0,JHU,0.7,documented_zero
ETH,2012,43,2012-10-22,2012-10-28,0.0,0.0,JHU,0.7,documented_zero
ETH,2012,44,2012-10-29,2012-11-04,0.0,0.0,JHU,0.7,documented_zero
ETH,2012,45,2012-11-05,2012-11-11,0.0,0.0,JHU,0.7,documented_zero
ETH,2012,46,2012-11-12,2012-11-18,0.0,0.0,JHU,0.7,documented_zero
ETH,2012,47,2012-11-19,2012-11-25,0.0,0.0,JHU,0.7,documented_zero
ETH,2012,48,2012-11-26,2012-12-02,0.0,0.0,JHU,0.7,documented_zero
ETH,2012,49,2012-12-03,2012-12-09,0.0,0.0,JHU,0.7,documented_zero
ETH,2012,50,2012-12-10,2012-12-16,0.0,0.0,JHU,0.7,documented_zero
ETH,2012,51,2012-12-17,2012-12-23,0.0,0.0,JHU,0.7,documented_zero
ETH,2012,52,2012-12-24,2012-12-30,0.0,0.0,JHU,0.7,documented_zero
ETH,2013,1,2012-12-31,2013-01-06,0.0,0.0,JHU,0.7,documented_zero
ETH,2013,2,2013-01-07,2013-01-13,0.0,0.0,JHU,0.7,documented_zero
ETH,2013,3,2013-01-14,2013-01-20,0.0,0.0,JHU,0.7,documented_zero
ETH,2013,4,2013-01-21,2013-01-27,0.0,0.0,JHU,0.7,documented_zero
ETH,2013,5,2013-01-28,2013-02-03,0.0,0.0,JHU,0.7,documented_zero
ETH,2013,6,2013-02-04,2013-02-10,0.0,0.0,JHU,0.7,documented_zero
ETH,2013,7,2013-02-11,2013-02-17,0.0,0.0,JHU,0.7,documented_zero
ETH,2013,8,2013-02-18,2013-02-24,0.0,0.0,JHU,0.7,documented_zero
ETH,2013,9,2013-02-25,2013-03-03,0.0,0.0,JHU,0.7,documented_zero
ETH,2013,10,2013-03-04,2013-03-10,0.0,0.0,JHU,0.7,documented_zero
ETH,2013,11,2013-03-11,2013-03-17,0.0,0.0,JHU,0.7,documented_zero
ETH,2013,12,2013-03-18,2013-03-24,0.0,0.0,JHU,0.7,documented_zero
ETH,2013,13,2013-03-25,2013-03-31,0.0,0.0,JHU,0.7,documented_zero
ETH,2013,14,2013-04-01,2013-04-07,0.0,0.0,JHU,0.7,documented_zero
ETH,2013,15,2013-04-08,2013-04-14,0.0,0.0,JHU,0.7,documented_zero
ETH,2013,16,2013-04-15,2013-04-21,0.0,0.0,JHU,0.7,documented_zero
ETH,2013,17,2013-04-22,2013-04-28,0.0,0.0,JHU,0.7,documented_zero
ETH,2013,18,2013-04-29,2013-05-05,0.0,0.0,JHU,0.7,documented_zero
ETH,2013,19,2013-05-06,2013-05-12,0.0,0.0,JHU,0.7,documented_zero
ETH,2013,20,2013-05-13,2013-05-19,0.0,0.0,JHU,0.7,documented_zero
ETH,2013,21,2013-05-20,2013-05-26,0.0,0.0,JHU,0.7,documented_zero
ETH,2013,22,2013-05-27,2013-06-02,0.0,0.0,JHU,0.7,documented_zero
ETH,2013,23,2013-06-03,2013-06-09,0.0,0.0,JHU,0.7,documented_zero
ETH,2013,24,2013-06-10,2013-06-16,0.0,0.0,JHU,0.7,documented_zero
ETH,2013,25,2013-06-17,2013-06-23,0.0,0.0,JHU,0.7,documented_zero
ETH,2013,26,2013-06-24,2013-06-30,0.0,0.0,JHU,0.7,documented_zero
ETH,2013,27,2013-07-01,2013-07-07,0.0,0.0,JHU,0.7,documented_zero
ETH,2013,28,2013-07-08,2013-07-14,0.0,0.0,JHU,0.7,documented_zero
ETH,2013,29,2013-07-15,2013-07-21,0.0,0.0,JHU,0.7,documented_zero
ETH,2013,30,2013-07-22,2013-07-28,0.0,0.0,JHU,0.7,documented_zero
ETH,2013,31,2013-07-29,2013-08-04,0.0,0.0,JHU,0.7,documented_zero
ETH,2013,32,2013-08-05,2013-08-11,0.0,0.0,JHU,0.7,documented_zero
ETH,2013,33,2013-08-12,2013-08-18,0.0,0.0,JHU,0.7,documented_zero
ETH,2013,34,2013-08-19,2013-08-25,0.0,0.0,JHU,0.7,documented_zero
ETH,2013,35,2013-08-26,2013-09-01,0.0,0.0,JHU,0.7,documented_zero
ETH,2013,36,2013-09-02,2013-09-08,0.0,0.0,JHU,0.7,documented_zero
ETH,2013,37,2013-09-09,2013-09-15,0.0,0.0,JHU,0.7,documented_zero
ETH,2013,38,2013-09-16,2013-09-22,0.0,0.0,JHU,0.7,documented_zero
ETH,2013,39,2013-09-23,2013-09-29,0.0,0.0,JHU,0.7,documented_zero
ETH,2013,40,2013-09-30,2013-10-06,0.0,0.0,JHU,0.7,documented_zero
ETH,2013,41,2013-10-07,2013-10-13,0.0,0.0,JHU,0.7,documented_zero
ETH,2013,42,2013-10-14,2013-10-20,0.0,0.0,JHU,0.7,documented_zero
ETH,2013,43,2013-10-21,2013-10-27,0.0,0.0,JHU,0.7,documented_zero
ETH,2013,44,2013-10-28,2013-11-03,0.0,0.0,JHU,0.7,documented_zero
ETH,2013,45,2013-11-04,2013-11-10,0.0,0.0,JHU,0.7,documented_zero
ETH,2013,46,2013-11-11,2013-11-17,0.0,0.0,JHU,0.7,documented_zero
ETH,2013,47,2013-11-18,2013-11-24,0.0,0.0,JHU,0.7,documented_zero
ETH,2013,48,2013-11-25,2013-12-01,0.0,0.0,JHU,0.7,documented_zero
ETH,2013,49,2013-12-02,2013-12-08,0.0,0.0,JHU,0.7,documented_zero
ETH,2013,50,2013-12-09,2013-12-15,0.0,0.0,JHU,0.7,documented_zero
ETH,2013,51,2013-12-16,2013-12-22,0.0,0.0,JHU,0.7,documented_zero
ETH,2013,52,2013-12-23,2013-12-29,0.0,0.0,JHU,0.7,documented_zero
ETH,2014,1,2013-12-30,2014-01-05,0.0,0.0,JHU,0.7,documented_zero
ETH,2014,2,2014-01-06,2014-01-12,0.0,0.0,JHU,0.7,documented_zero
ETH,2014,3,2014-01-13,2014-01-19,0.0,0.0,JHU,0.7,documented_zero
ETH,2014,4,2014-01-20,2014-01-26,0.0,0.0,JHU,0.7,documented_zero
ETH,2014,5,2014-01-27,2014-02-02,0.0,0.0,JHU,0.7,documented_zero
ETH,2014,6,2014-02-03,2014-02-09,0.0,0.0,JHU,0.7,documented_zero
ETH,2014,7,2014-02-10,2014-02-16,0.0,0.0,JHU,0.7,documented_zero
ETH,2014,8,2014-02-17,2014-02-23,0.0,0.0,JHU,0.7,documented_zero
ETH,2014,9,2014-02-24,2014-03-02,0.0,0.0,JHU,0.7,documented_zero
ETH,2014,10,2014-03-03,2014-03-09,0.0,0.0,JHU,0.7,documented_zero
ETH,2014,11,2014-03-10,2014-03-16,0.0,0.0,JHU,0.7,documented_zero
ETH,2014,12,2014-03-17,2014-03-23,0.0,0.0,JHU,0.7,documented_zero
ETH,2014,13,2014-03-24,2014-03-30,0.0,0.0,JHU,0.7,documented_zero
ETH,2014,14,2014-03-31,2014-04-06,0.0,0.0,JHU,0.7,documented_zero
ETH,2014,15,2014-04-07,2014-04-13,0.0,0.0,JHU,0.7,documented_zero
ETH,2014,16,2014-04-14,2014-04-20,0.0,0.0,JHU,0.7,documented_zero
ETH,2014,17,2014-04-21,2014-04-27,0.0,0.0,JHU,0.7,documented_zero
ETH,2014,18,2014-04-28,2014-05-04,0.0,0.0,JHU,0.7,documented_zero
ETH,2014,19,2014-05-05,2014-05-11,0.0,0.0,JHU,0.7,documented_zero
ETH,2014,20,2014-05-12,2014-05-18,0.0,0.0,JHU,0.7,documented_zero
ETH,2014,21,2014-05-19,2014-05-25,0.0,0.0,JHU,0.7,documented_zero
ETH,2014,22,2014-05-26,2014-06-01,0.0,0.0,JHU,0.7,documented_zero
ETH,2014,23,2014-06-02,2014-06-08,0.0,0.0,JHU,0.7,documented_zero
ETH,2014,24,2014-06-09,2014-06-15,0.0,0.0,JHU,0.7,documented_zero
ETH,2014,25,2014-06-16,2014-06-22,0.0,0.0,JHU,0.7,documented_zero
ETH,2014,26,2014-06-23,2014-06-29,0.0,0.0,JHU,0.7,documented_zero
ETH,2014,27,2014-06-30,2014-07-06,0.0,0.0,JHU,0.7,documented_zero
ETH,2014,28,2014-07-07,2014-07-13,0.0,0.0,JHU,0.7,documented_zero
ETH,2014,29,2014-07-14,2014-07-20,0.0,0.0,JHU,0.7,documented_zero
ETH,2014,30,2014-07-21,2014-07-27,0.0,0.0,JHU,0.7,documented_zero
ETH,2014,31,2014-07-28,2014-08-03,0.0,0.0,JHU,0.7,documented_zero
ETH,2014,32,2014-08-04,2014-08-10,0.0,0.0,JHU,0.7,documented_zero
ETH,2014,33,2014-08-11,2014-08-17,0.0,0.0,JHU,0.7,documented_zero
ETH,2014,34,2014-08-18,2014-08-24,0.0,0.0,JHU,0.7,documented_zero
ETH,2014,35,2014-08-25,2014-08-31,0.0,0.0,JHU,0.7,documented_zero
ETH,2014,36,2014-09-01,2014-09-07,0.0,0.0,JHU,0.7,documented_zero
ETH,2014,37,2014-09-08,2014-09-14,0.0,0.0,JHU,0.7,documented_zero
ETH,2014,38,2014-09-15,2014-09-21,0.0,0.0,JHU,0.7,documented_zero
ETH,2014,39,2014-09-22,2014-09-28,0.0,0.0,JHU,0.7,documented_zero
ETH,2014,40,2014-09-29,2014-10-05,0.0,0.0,JHU,0.7,documented_zero
ETH,2014,41,2014-10-06,2014-10-12,0.0,0.0,JHU,0.7,documented_zero
ETH,2014,42,2014-10-13,2014-10-19,0.0,0.0,JHU,0.7,documented_zero
ETH,2014,43,2014-10-20,2014-10-26,0.0,0.0,JHU,0.7,documented_zero
ETH,2014,44,2014-10-27,2014-11-02,0.0,0.0,JHU,0.7,documented_zero
ETH,2014,45,2014-11-03,2014-11-09,0.0,0.0,JHU,0.7,documented_zero
ETH,2014,46,2014-11-10,2014-11-16,0.0,0.0,JHU,0.7,documented_zero
ETH,2014,47,2014-11-17,2014-11-23,0.0,0.0,JHU,0.7,documented_zero
ETH,2014,48,2014-11-24,2014-11-30,0.0,0.0,JHU,0.7,documented_zero
ETH,2014,49,2014-12-01,2014-12-07,0.0,0.0,JHU,0.7,documented_zero
ETH,2014,50,2014-12-08,2014-12-14,0.0,0.0,JHU,0.7,documented_zero
ETH,2014,51,2014-12-15,2014-12-21,0.0,0.0,JHU,0.7,documented_zero
ETH,2014,52,2014-12-22,2014-12-28,0.0,0.0,JHU,0.7,documented_zero
ETH,2015,1,2014-12-29,2015-01-04,0.0,0.0,JHU,0.7,documented_zero
ETH,2015,2,2015-01-05,2015-01-11,1.0591,0.0174,JHU,0.665,fourier_country_k2
ETH,2015,3,2015-01-12,2015-01-18,1.287,0.0211,JHU,0.665,fourier_country_k2
ETH,2015,4,2015-01-19,2015-01-25,1.5437,0.0253,JHU,0.665,fourier_country_k2
ETH,2015,5,2015-01-26,2015-02-01,1.817,0.0298,JHU,0.665,fourier_country_k2
ETH,2015,6,2015-02-02,2015-02-08,2.0943,0.0343,JHU,0.665,fourier_country_k2
ETH,2015,7,2015-02-09,2015-02-15,2.3633,0.0387,JHU,0.665,fourier_country_k2
ETH,2015,8,2015-02-16,2015-02-22,2.6128,0.0428,JHU,0.665,fourier_country_k2
ETH,2015,9,2015-02-23,2015-03-01,2.8331,0.0464,JHU,0.665,fourier_country_k2
ETH,2015,10,2015-03-02,2015-03-08,3.0166,0.0495,JHU,0.665,fourier_country_k2
ETH,2015,11,2015-03-09,2015-03-15,3.158,0.0518,JHU,0.665,fourier_country_k2
ETH,2015,12,2015-03-16,2015-03-22,3.2549,0.0534,JHU,0.665,fourier_country_k2
ETH,2015,13,2015-03-23,2015-03-29,3.3076,0.0542,JHU,0.665,fourier_country_k2
ETH,2015,14,2015-03-30,2015-04-05,3.3187,0.0544,JHU,0.665,fourier_country_k2
ETH,2015,15,2015-04-06,2015-04-12,3.2937,0.054,JHU,0.665,fourier_country_k2
ETH,2015,16,2015-04-13,2015-04-19,3.2396,0.0531,JHU,0.665,fourier_country_k2
ETH,2015,17,2015-04-20,2015-04-26,3.1651,0.0519,JHU,0.665,fourier_country_k2
ETH,2015,18,2015-04-27,2015-05-03,3.0799,0.0505,JHU,0.665,fourier_country_k2
ETH,2015,19,2015-05-04,2015-05-10,2.9938,0.0491,JHU,0.665,fourier_country_k2
ETH,2015,20,2015-05-11,2015-05-17,2.9162,0.0478,JHU,0.665,fourier_country_k2
ETH,2015,21,2015-05-18,2015-05-24,2.8557,0.0468,JHU,0.665,fourier_country_k2
ETH,2015,22,2015-05-25,2015-05-31,2.8191,0.0462,JHU,0.665,fourier_country_k2
ETH,2015,23,2015-06-01,2015-06-07,2.8113,0.0461,JHU,0.665,fourier_country_k2
ETH,2015,24,2015-06-08,2015-06-14,2.8351,0.0465,JHU,0.665,fourier_country_k2
ETH,2015,25,2015-06-15,2015-06-21,2.8905,0.0474,JHU,0.665,fourier_country_k2
ETH,2015,26,2015-06-22,2015-06-28,2.9751,0.0488,JHU,0.665,fourier_country_k2
ETH,2015,27,2015-06-29,2015-07-05,3.084,0.0506,JHU,0.665,fourier_country_k2
ETH,2015,28,2015-07-06,2015-07-12,3.2102,0.0526,JHU,0.665,fourier_country_k2
ETH,2015,29,2015-07-13,2015-07-19,3.3451,0.0548,JHU,0.665,fourier_country_k2
ETH,2015,30,2015-07-20,2015-07-26,3.4788,0.057,JHU,0.665,fourier_country_k2
ETH,2015,31,2015-07-27,2015-08-02,3.6009,0.059,JHU,0.665,fourier_country_k2
ETH,2015,32,2015-08-03,2015-08-09,3.701,0.0607,JHU,0.665,fourier_country_k2
ETH,2015,33,2015-08-10,2015-08-16,3.7693,0.0618,JHU,0.665,fourier_country_k2
ETH,2015,34,2015-08-17,2015-08-23,3.7977,0.0623,JHU,0.665,fourier_country_k2
ETH,2015,35,2015-08-24,2015-08-30,3.0,,JHU,0.95,observed
ETH,2015,36,2015-08-31,2015-09-06,3.7107,0.0608,JHU,0.665,fourier_country_k2
ETH,2015,37,2015-09-07,2015-09-13,3.5898,0.0588,JHU,0.665,fourier_country_k2
ETH,2015,38,2015-09-14,2015-09-20,3.418,0.056,JHU,0.665,fourier_country_k2
ETH,2015,39,2015-09-21,2015-09-27,3.1996,0.0525,JHU,0.665,fourier_country_k2
ETH,2015,40,2015-09-28,2015-10-04,2.9414,0.0482,JHU,0.665,fourier_country_k2
ETH,2015,41,2015-10-05,2015-10-11,2.6523,0.0435,JHU,0.665,fourier_country_k2
ETH,2015,42,2015-10-12,2015-10-18,2.3436,0.0384,JHU,0.665,fourier_country_k2
ETH,2015,43,2015-10-19,2015-10-25,2.0276,0.0332,JHU,0.665,fourier_country_k2
ETH,2015,44,2015-10-26,2015-11-01,1.7175,0.0282,JHU,0.665,fourier_country_k2
ETH,2015,45,2015-11-02,2015-11-08,0.0,,JHU,0.95,observed
ETH,2015,46,2015-11-09,2015-11-15,0.0,,JHU,0.95,observed
ETH,2015,47,2015-11-16,2015-11-22,25.0,,JHU,0.95,observed
ETH,2015,48,2015-11-23,2015-11-29,38.0,,JHU,0.95,observed
ETH,2015,49,2015-11-30,2015-12-06,88.0,,JHU,0.95,observed
ETH,2015,50,2015-12-07,2015-12-13,38.0,,JHU,0.95,observed
ETH,2015,51,2015-12-14,2015-12-20,0.0,,JHU,0.95,observed
ETH,2015,52,2015-12-21,2015-12-27,0.0,,JHU,0.95,observed
ETH,2015,53,2015-12-28,2016-01-03,0.0,,JHU,0.95,observed
ETH,2016,1,2016-01-04,2016-01-10,13.0,,JHU,0.95,observed
ETH,2016,2,2016-01-11,2016-01-17,13.0,,JHU,0.95,observed
ETH,2016,3,2016-01-18,2016-01-24,13.0,,JHU,0.95,observed
ETH,2016,4,2016-01-25,2016-01-31,13.0,,JHU,0.95,observed
ETH,2016,5,2016-02-01,2016-02-07,63.0,,JHU,0.95,observed
ETH,2016,6,2016-02-08,2016-02-14,38.0,,JHU,0.95,observed
ETH,2016,7,2016-02-15,2016-02-21,25.0,,JHU,0.95,observed
ETH,2016,8,2016-02-22,2016-02-28,50.0,,JHU,0.95,observed
ETH,2016,9,2016-02-29,2016-03-06,126.0,,JHU,0.95,observed
ETH,2016,10,2016-03-07,2016-03-13,327.0,,JHU,0.95,observed
ETH,2016,11,2016-03-14,2016-03-20,138.0,,JHU,0.95,observed
ETH,2016,12,2016-03-21,2016-03-27,126.0,,JHU,0.95,observed
ETH,2016,13,2016-03-28,2016-04-03,75.0,,JHU,0.95,observed
ETH,2016,14,2016-04-04,2016-04-10,88.0,,JHU,0.95,observed
ETH,2016,15,2016-04-11,2016-04-17,50.0,,JHU,0.95,observed
ETH,2016,16,2016-04-18,2016-04-24,63.0,,JHU,0.95,observed
ETH,2016,17,2016-04-25,2016-05-01,38.0,,JHU,0.95,observed
ETH,2016,18,2016-05-02,2016-05-08,113.0,,JHU,0.95,observed
ETH,2016,19,2016-05-09,2016-05-15,176.0,,JHU,0.95,observed
ETH,2016,20,2016-05-16,2016-05-22,327.0,,JHU,0.95,observed
ETH,2016,21,2016-05-23,2016-05-29,151.0,,JHU,0.95,observed
ETH,2016,22,2016-05-30,2016-06-05,88.0,,JHU,0.95,observed
ETH,2016,23,2016-06-06,2016-06-12,101.0,,JHU,0.95,observed
ETH,2016,24,2016-06-13,2016-06-19,314.0,,JHU,0.95,observed
ETH,2016,25,2016-06-20,2016-06-26,779.0,,JHU,0.95,observed
ETH,2016,26,2016-06-27,2016-07-03,666.0,,JHU,0.95,observed
ETH,2016,27,2016-07-04,2016-07-10,1206.0,,JHU,0.95,observed
ETH,2016,28,2016-07-11,2016-07-17,1131.0,,JHU,0.95,observed
ETH,2016,29,2016-07-18,2016-07-24,1669.0,,JHU,0.95,observed
ETH,2016,30,2016-07-25,2016-07-31,1445.0,,JHU,0.95,observed
ETH,2016,31,2016-08-01,2016-08-07,1450.0,,JHU,0.95,observed
ETH,2016,32,2016-08-08,2016-08-14,1570.0,,JHU,0.95,observed
ETH,2016,33,2016-08-15,2016-08-21,2203.0,,JHU,0.95,observed
ETH,2016,34,2016-08-22,2016-08-28,1269.0,,JHU,0.95,observed
ETH,2016,35,2016-08-29,2016-09-04,1143.0,,JHU,0.95,observed
ETH,2016,36,2016-09-05,2016-09-11,1525.0,,JHU,0.95,observed
ETH,2016,37,2016-09-12,2016-09-18,1344.0,,JHU,0.95,observed
ETH,2016,38,2016-09-19,2016-09-25,1231.0,,JHU,0.95,observed
ETH,2016,39,2016-09-26,2016-10-02,1030.0,,JHU,0.95,observed
ETH,2016,40,2016-10-03,2016-10-09,955.0,,JHU,0.95,observed
ETH,2016,41,2016-10-10,2016-10-16,992.0,,JHU,0.95,observed
ETH,2016,42,2016-10-17,2016-10-23,1055.0,,JHU,0.95,observed
ETH,2016,43,2016-10-24,2016-10-30,1080.0,,JHU,0.95,observed
ETH,2016,44,2016-10-31,2016-11-06,704.0,,JHU,0.95,observed
ETH,2016,45,2016-11-07,2016-11-13,477.0,,JHU,0.95,observed
ETH,2016,46,2016-11-14,2016-11-20,226.0,,JHU,0.95,observed
ETH,2016,47,2016-11-21,2016-11-27,264.0,,JHU,0.95,observed
ETH,2016,48,2016-11-28,2016-12-04,214.0,,JHU,0.95,observed
ETH,2016,49,2016-12-05,2016-12-11,264.0,,JHU,0.95,observed
ETH,2016,50,2016-12-12,2016-12-18,339.0,,JHU,0.95,observed
ETH,2016,51,2016-12-19,2016-12-25,251.0,,JHU,0.95,observed
ETH,2016,52,2016-12-26,2017-01-01,151.0,,JHU,0.95,observed
ETH,2017,1,2017-01-02,2017-01-08,314.0,,JHU,0.95,observed
ETH,2017,2,2017-01-09,2017-01-15,176.0,,JHU,0.95,observed
ETH,2017,3,2017-01-16,2017-01-22,151.0,,JHU,0.95,observed
ETH,2017,4,2017-01-23,2017-01-29,126.0,,JHU,0.95,observed
ETH,2017,5,2017-01-30,2017-02-05,339.0,,JHU,0.95,observed
ETH,2017,6,2017-02-06,2017-02-12,239.0,,JHU,0.95,observed
ETH,2017,7,2017-02-13,2017-02-19,503.0,,JHU,0.95,observed
ETH,2017,8,2017-02-20,2017-02-26,440.0,,JHU,0.95,observed
ETH,2017,9,2017-02-27,2017-03-05,503.0,,JHU,0.95,observed
ETH,2017,10,2017-03-06,2017-03-12,515.0,,JHU,0.95,observed
ETH,2017,11,2017-03-13,2017-03-19,678.0,,JHU,0.95,observed
ETH,2017,12,2017-03-20,2017-03-26,4358.0,,JHU,0.68,observed
ETH,2017,13,2017-03-27,2017-04-02,4104.0,,JHU,0.68,observed
ETH,2017,14,2017-04-03,2017-04-09,4200.0,,JHU,0.68,observed
ETH,2017,15,2017-04-10,2017-04-16,113.0,,JHU,0.95,observed
ETH,2017,16,2017-04-17,2017-04-23,50.0,,JHU,0.95,observed
ETH,2017,17,2017-04-24,2017-04-30,13.0,,JHU,0.95,observed
ETH,2017,18,2017-05-01,2017-05-07,63.0,,JHU,0.95,observed
ETH,2017,19,2017-05-08,2017-05-14,50.0,,JHU,0.95,observed
ETH,2017,20,2017-05-15,2017-05-21,63.0,,JHU,0.95,observed
ETH,2017,21,2017-05-22,2017-05-28,38.0,,JHU,0.95,observed
ETH,2017,22,2017-05-29,2017-06-04,239.0,,JHU,0.95,observed
ETH,2017,23,2017-06-05,2017-06-11,251.0,,JHU,0.95,observed
ETH,2017,24,2017-06-12,2017-06-18,63.0,,JHU,0.95,observed
ETH,2017,25,2017-06-19,2017-06-25,528.0,,JHU,0.97,observed
ETH,2017,26,2017-06-26,2017-07-02,235.0,,JHU,0.97,observed
ETH,2017,27,2017-07-03,2017-07-09,275.0,,JHU,0.97,observed
ETH,2017,28,2017-07-10,2017-07-16,331.0,,JHU,0.68,observed
ETH,2017,29,2017-07-17,2017-07-23,190.0,,JHU,0.68,observed
ETH,2017,30,2017-07-24,2017-07-30,1238.5814,,AI,0.665,fourier_country_k2
ETH,2017,31,2017-07-31,2017-08-06,491.0,,JHU,0.97,observed
ETH,2017,32,2017-08-07,2017-08-13,1317.6742,,AI,0.665,fourier_country_k2
ETH,2017,33,2017-08-14,2017-08-20,1342.0155,,AI,0.665,fourier_country_k2
ETH,2017,34,2017-08-21,2017-08-27,803.0,,JHU,0.97,observed
ETH,2017,35,2017-08-28,2017-09-03,1345.6344,,AI,0.665,fourier_country_k2
ETH,2017,36,2017-09-04,2017-09-10,1321.1398,,AI,0.665,fourier_country_k2
ETH,2017,37,2017-09-11,2017-09-17,576.0,,JHU,0.97,observed
ETH,2017,38,2017-09-18,2017-09-24,405.0,,JHU,0.97,observed
ETH,2017,39,2017-09-25,2017-10-01,1139.1855,,AI,0.665,fourier_country_k2
ETH,2017,40,2017-10-02,2017-10-08,1047.2263,,AI,0.665,fourier_country_k2
ETH,2017,41,2017-10-09,2017-10-15,521.0,,JHU,0.97,observed
ETH,2017,42,2017-10-16,2017-10-22,342.0,,JHU,0.97,observed
ETH,2017,43,2017-10-23,2017-10-29,721.9067,,AI,0.665,fourier_country_k2
ETH,2017,44,2017-10-30,2017-11-05,285.0,,JHU,0.97,observed
ETH,2017,45,2017-11-06,2017-11-12,507.7866,,AI,0.665,fourier_country_k2
ETH,2017,46,2017-11-13,2017-11-19,415.2832,,AI,0.665,fourier_country_k2
ETH,2017,47,2017-11-20,2017-11-26,337.9268,,AI,0.665,fourier_country_k2
ETH,2017,48,2017-11-27,2017-12-03,61.0,,JHU,0.97,observed
ETH,2017,49,2017-12-04,2017-12-10,240.9238,,AI,0.665,fourier_country_k2
ETH,2017,50,2017-12-11,2017-12-17,225.1467,,AI,0.665,fourier_country_k2
ETH,2017,51,2017-12-18,2017-12-24,232.0561,,AI,0.665,fourier_country_k2
ETH,2017,52,2017-12-25,2017-12-31,260.9716,,AI,0.665,fourier_country_k2
ETH,2018,1,2018-01-01,2018-01-07,15.3882,0.2658,JHU,0.679,fourier_country_k2
ETH,2018,2,2018-01-08,2018-01-14,18.7062,0.3231,JHU,0.679,fourier_country_k2
ETH,2018,3,2018-01-15,2018-01-21,22.7315,0.3927,JHU,0.679,fourier_country_k2
ETH,2018,4,2018-01-22,2018-01-28,27.2659,0.471,JHU,0.679,fourier_country_k2
ETH,2018,5,2018-01-29,2018-02-04,32.0933,0.5544,JHU,0.679,fourier_country_k2
ETH,2018,6,2018-02-05,2018-02-11,36.9911,0.639,JHU,0.679,fourier_country_k2
ETH,2018,7,2018-02-12,2018-02-18,41.7429,0.7211,JHU,0.679,fourier_country_k2
ETH,2018,8,2018-02-19,2018-02-25,46.1497,0.7972,JHU,0.679,fourier_country_k2
ETH,2018,9,2018-02-26,2018-03-04,50.0404,0.8644,JHU,0.679,fourier_country_k2
ETH,2018,10,2018-03-05,2018-03-11,53.2805,0.9204,JHU,0.679,fourier_country_k2
ETH,2018,11,2018-03-12,2018-03-18,55.7788,0.9635,JHU,0.679,fourier_country_k2
ETH,2018,12,2018-03-19,2018-03-25,13.0,,JHU,0.97,observed
ETH,2018,13,2018-03-26,2018-04-01,4.0,,JHU,0.97,observed
ETH,2018,14,2018-04-02,2018-04-08,58.6181,1.0126,JHU,0.679,fourier_country_k2
ETH,2018,15,2018-04-09,2018-04-15,58.1754,1.005,JHU,0.679,fourier_country_k2
ETH,2018,16,2018-04-16,2018-04-22,57.2199,0.9884,JHU,0.679,fourier_country_k2
ETH,2018,17,2018-04-23,2018-04-29,55.9049,0.9657,JHU,0.679,fourier_country_k2
ETH,2018,18,2018-04-30,2018-05-06,54.3998,0.9397,JHU,0.679,fourier_country_k2
ETH,2018,19,2018-05-07,2018-05-13,52.8784,0.9134,JHU,0.679,fourier_country_k2
ETH,2018,20,2018-05-14,2018-05-20,51.5081,0.8898,JHU,0.679,fourier_country_k2
ETH,2018,21,2018-05-21,2018-05-27,28.0,,JHU,0.68,observed
ETH,2018,22,2018-05-28,2018-06-03,49.7921,0.8601,JHU,0.679,fourier_country_k2
ETH,2018,23,2018-06-04,2018-06-10,49.656,0.8578,JHU,0.679,fourier_country_k2
ETH,2018,24,2018-06-11,2018-06-17,50.0762,0.865,JHU,0.679,fourier_country_k2
ETH,2018,25,2018-06-18,2018-06-24,51.0545,0.8819,JHU,0.679,fourier_country_k2
ETH,2018,26,2018-06-25,2018-07-01,52.548,0.9077,JHU,0.679,fourier_country_k2
ETH,2018,27,2018-07-02,2018-07-08,55.4481,0.8088,JHU,0.679,fourier_country_k2
ETH,2018,28,2018-07-09,2018-07-15,57.7177,0.8419,JHU,0.679,fourier_country_k2
ETH,2018,29,2018-07-16,2018-07-22,60.1432,0.8773,JHU,0.679,fourier_country_k2
ETH,2018,30,2018-07-23,2018-07-29,46.0,,JHU,0.68,observed
ETH,2018,31,2018-07-30,2018-08-05,97.13,,JHU,0.679,fourier_country_k2
ETH,2018,32,2018-08-06,2018-08-12,99.8291,,JHU,0.679,fourier_country_k2
ETH,2018,33,2018-08-13,2018-08-19,101.6732,,JHU,0.679,fourier_country_k2
ETH,2018,34,2018-08-20,2018-08-26,102.4374,,JHU,0.679,fourier_country_k2
ETH,2018,35,2018-08-27,2018-09-02,101.9474,,JHU,0.679,fourier_country_k2
ETH,2018,36,2018-09-03,2018-09-09,100.0917,,JHU,0.679,fourier_country_k2
ETH,2018,37,2018-09-10,2018-09-16,96.8299,,JHU,0.679,fourier_country_k2
ETH,2018,38,2018-09-17,2018-09-23,92.1977,,JHU,0.679,fourier_country_k2
ETH,2018,39,2018-09-24,2018-09-30,86.3065,,JHU,0.679,fourier_country_k2
ETH,2018,40,2018-10-01,2018-10-07,79.3395,,JHU,0.679,fourier_country_k2
ETH,2018,41,2018-10-08,2018-10-14,48.0,,JHU,0.97,observed
ETH,2018,42,2018-10-15,2018-10-21,63.2164,,JHU,0.679,fourier_country_k2
ETH,2018,43,2018-10-22,2018-10-28,54.6928,,JHU,0.679,fourier_country_k2
ETH,2018,44,2018-10-29,2018-11-04,46.3262,,JHU,0.679,fourier_country_k2
ETH,2018,45,2018-11-05,2018-11-11,38.4707,,JHU,0.679,fourier_country_k2
ETH,2018,46,2018-11-12,2018-11-18,0.0,0.0,JHU,0.97,documented_zero
ETH,2018,47,2018-11-19,2018-11-25,0.0,0.0,JHU,0.97,documented_zero
ETH,2018,48,2018-11-26,2018-12-02,0.0,0.0,JHU,0.97,documented_zero
ETH,2018,49,2018-12-03,2018-12-09,0.0,0.0,JHU,0.97,documented_zero
ETH,2018,50,2018-12-10,2018-12-16,0.0,0.0,JHU,0.97,documented_zero
ETH,2018,51,2018-12-17,2018-12-23,0.0,0.0,JHU,0.97,documented_zero
ETH,2018,52,2018-12-24,2018-12-30,17.8711,,AI,0.63,fourier_country_k2
ETH,2019,1,2018-12-31,2019-01-06,17.0439,0.2346,JHU,0.7,fourier_country_k2
ETH,2019,2,2019-01-07,2019-01-13,20.7189,0.2852,JHU,0.7,fourier_country_k2
ETH,2019,3,2019-01-14,2019-01-20,25.1773,0.3466,JHU,0.7,fourier_country_k2
ETH,2019,4,2019-01-21,2019-01-27,30.1996,0.4157,JHU,0.7,fourier_country_k2
ETH,2019,5,2019-01-28,2019-02-03,35.5463,0.4894,JHU,0.7,fourier_country_k2
ETH,2019,6,2019-02-04,2019-02-10,40.9712,0.564,JHU,0.7,fourier_country_k2
ETH,2019,7,2019-02-11,2019-02-17,46.2342,0.6365,JHU,0.7,fourier_country_k2
ETH,2019,8,2019-02-18,2019-02-24,51.1152,0.7037,JHU,0.7,fourier_country_k2
ETH,2019,9,2019-02-25,2019-03-03,55.4245,0.763,JHU,0.7,fourier_country_k2
ETH,2019,10,2019-03-04,2019-03-10,59.0132,0.8124,JHU,0.7,fourier_country_k2
ETH,2019,11,2019-03-11,2019-03-17,61.7803,0.8505,JHU,0.7,fourier_country_k2
ETH,2019,12,2019-03-18,2019-03-24,63.6766,0.8766,JHU,0.7,fourier_country_k2
ETH,2019,13,2019-03-25,2019-03-31,64.7063,0.8908,JHU,0.7,fourier_country_k2
ETH,2019,14,2019-04-01,2019-04-07,64.925,0.8938,JHU,0.7,fourier_country_k2
ETH,2019,15,2019-04-08,2019-04-14,64.4348,0.8871,JHU,0.7,fourier_country_k2
ETH,2019,16,2019-04-15,2019-04-21,63.3765,0.8725,JHU,0.7,fourier_country_k2
ETH,2019,17,2019-04-22,2019-04-28,0.4319,0.4319,JHU,0.665,fourier_country_k2
ETH,2019,18,2019-04-29,2019-05-05,0.4202,0.4202,JHU,0.665,fourier_country_k2
ETH,2019,19,2019-05-06,2019-05-12,0.4085,0.4085,JHU,0.665,fourier_country_k2
ETH,2019,20,2019-05-13,2019-05-19,0.3979,0.3979,JHU,0.665,fourier_country_k2
ETH,2019,21,2019-05-20,2019-05-26,0.3896,0.3896,JHU,0.665,fourier_country_k2
ETH,2019,22,2019-05-27,2019-06-02,0.3846,0.3846,JHU,0.665,fourier_country_k2
ETH,2019,23,2019-06-03,2019-06-09,0.3836,0.3836,JHU,0.665,fourier_country_k2
ETH,2019,24,2019-06-10,2019-06-16,0.3868,0.3868,JHU,0.665,fourier_country_k2
ETH,2019,25,2019-06-17,2019-06-23,0.3944,0.3944,JHU,0.665,fourier_country_k2
ETH,2019,26,2019-06-24,2019-06-30,0.4059,0.4059,JHU,0.665,fourier_country_k2
ETH,2019,27,2019-07-01,2019-07-07,0.4208,0.4208,JHU,0.665,fourier_country_k2
ETH,2019,28,2019-07-08,2019-07-14,0.438,0.438,JHU,0.665,fourier_country_k2
ETH,2019,29,2019-07-15,2019-07-21,0.4564,0.4564,JHU,0.665,fourier_country_k2
ETH,2019,30,2019-07-22,2019-07-28,0.4747,0.4747,JHU,0.665,fourier_country_k2
ETH,2019,31,2019-07-29,2019-08-04,0.4913,0.4913,JHU,0.665,fourier_country_k2
ETH,2019,32,2019-08-05,2019-08-11,0.505,0.505,JHU,0.665,fourier_country_k2
ETH,2019,33,2019-08-12,2019-08-18,0.5143,0.5143,JHU,0.665,fourier_country_k2
ETH,2019,34,2019-08-19,2019-08-25,0.5182,0.5182,JHU,0.665,fourier_country_k2
ETH,2019,35,2019-08-26,2019-09-01,0.5157,0.5157,JHU,0.665,fourier_country_k2
ETH,2019,36,2019-09-02,2019-09-08,0.5063,0.5063,JHU,0.665,fourier_country_k2
ETH,2019,37,2019-09-09,2019-09-15,0.4898,0.4898,JHU,0.665,fourier_country_k2
ETH,2019,38,2019-09-16,2019-09-22,0.4664,0.4664,JHU,0.665,fourier_country_k2
ETH,2019,39,2019-09-23,2019-09-29,0.4366,0.4366,JHU,0.665,fourier_country_k2
ETH,2019,40,2019-09-30,2019-10-06,0.4013,0.4013,JHU,0.665,fourier_country_k2
ETH,2019,41,2019-10-07,2019-10-13,0.3619,0.3619,JHU,0.665,fourier_country_k2
ETH,2019,42,2019-10-14,2019-10-20,45.8485,0.6312,JHU,0.7,fourier_country_k2
ETH,2019,43,2019-10-21,2019-10-27,39.6667,0.5461,JHU,0.7,fourier_country_k2
ETH,2019,44,2019-10-28,2019-11-03,33.5987,0.4625,JHU,0.7,fourier_country_k2
ETH,2019,45,2019-11-04,2019-11-10,27.9014,0.3841,JHU,0.7,fourier_country_k2
ETH,2019,46,2019-11-11,2019-11-17,22.8186,0.3141,JHU,0.7,fourier_country_k2
ETH,2019,47,2019-11-18,2019-11-24,18.5681,0.2556,JHU,0.7,fourier_country_k2
ETH,2019,48,2019-11-25,2019-12-01,15.3302,0.211,JHU,0.7,fourier_country_k2
ETH,2019,49,2019-12-02,2019-12-08,13.2381,0.1822,JHU,0.7,fourier_country_k2
ETH,2019,50,2019-12-09,2019-12-15,12.3712,0.1703,JHU,0.7,fourier_country_k2
ETH,2019,51,2019-12-16,2019-12-22,12.7508,0.1755,JHU,0.7,fourier_country_k2
ETH,2019,52,2019-12-23,2019-12-29,14.3396,0.1974,JHU,0.7,fourier_country_k2
ETH,2020,1,2019-12-30,2020-01-05,17.0439,0.2346,JHU,0.7,fourier_country_k2
ETH,2020,2,2020-01-06,2020-01-12,96.9679,1.3959,JHU,0.7,fourier_country_k2
ETH,2020,3,2020-01-13,2020-01-19,117.8341,1.6963,JHU,0.7,fourier_country_k2
ETH,2020,4,2020-01-20,2020-01-26,141.3394,2.0347,JHU,0.7,fourier_country_k2
ETH,2020,5,2020-01-27,2020-02-02,166.3631,2.3949,JHU,0.7,fourier_country_k2
ETH,2020,6,2020-02-03,2020-02-09,191.7521,2.7604,JHU,0.7,fourier_country_k2
ETH,2020,7,2020-02-10,2020-02-16,216.3843,3.115,JHU,0.7,fourier_country_k2
ETH,2020,8,2020-02-17,2020-02-23,239.2279,3.4438,JHU,0.7,fourier_country_k2
ETH,2020,9,2020-02-24,2020-03-01,259.3962,3.7342,JHU,0.7,fourier_country_k2
ETH,2020,10,2020-03-02,2020-03-08,276.1922,3.9759,JHU,0.7,fourier_country_k2
ETH,2020,11,2020-03-09,2020-03-15,289.1426,4.1624,JHU,0.7,fourier_country_k2
ETH,2020,12,2020-03-16,2020-03-22,298.0176,4.2901,JHU,0.7,fourier_country_k2
ETH,2020,13,2020-03-23,2020-03-29,302.8369,4.3595,JHU,0.7,fourier_country_k2
ETH,2020,14,2020-03-30,2020-04-05,303.8605,4.3742,JHU,0.7,fourier_country_k2
ETH,2020,15,2020-04-06,2020-04-12,301.5661,4.3412,JHU,0.7,fourier_country_k2
ETH,2020,16,2020-04-13,2020-04-19,296.6129,4.2699,JHU,0.7,fourier_country_k2
ETH,2020,17,2020-04-20,2020-04-26,289.7964,4.1718,JHU,0.7,fourier_country_k2
ETH,2020,18,2020-04-27,2020-05-03,281.9941,4.0595,JHU,0.7,fourier_country_k2
ETH,2020,19,2020-05-04,2020-05-10,274.1076,3.9459,JHU,0.7,fourier_country_k2
ETH,2020,20,2020-05-11,2020-05-17,267.0042,3.8437,JHU,0.7,fourier_country_k2
ETH,2020,21,2020-05-18,2020-05-24,261.4598,3.7639,JHU,0.7,fourier_country_k2
ETH,2020,22,2020-05-25,2020-05-31,258.109,3.7156,JHU,0.7,fourier_country_k2
ETH,2020,23,2020-06-01,2020-06-07,257.4033,3.7055,JHU,0.7,fourier_country_k2
ETH,2020,24,2020-06-08,2020-06-14,259.5817,3.7368,JHU,0.7,fourier_country_k2
ETH,2020,25,2020-06-15,2020-06-21,264.6532,3.8098,JHU,0.7,fourier_country_k2
ETH,2020,26,2020-06-22,2020-06-28,272.3949,3.9213,JHU,0.7,fourier_country_k2
ETH,2020,27,2020-06-29,2020-07-05,282.3633,4.0648,JHU,0.7,fourier_country_k2
ETH,2020,28,2020-07-06,2020-07-12,293.9208,4.2312,JHU,0.7,fourier_country_k2
ETH,2020,29,2020-07-13,2020-07-19,306.2728,4.409,JHU,0.7,fourier_country_k2
ETH,2020,30,2020-07-20,2020-07-26,318.5162,4.5852,JHU,0.7,fourier_country_k2
ETH,2020,31,2020-07-27,2020-08-02,329.6942,4.7461,JHU,0.7,fourier_country_k2
ETH,2020,32,2020-08-03,2020-08-09,338.8558,4.878,JHU,0.7,fourier_country_k2
ETH,2020,33,2020-08-10,2020-08-16,345.1155,4.9681,JHU,0.7,fourier_country_k2
ETH,2020,34,2020-08-17,2020-08-23,347.7094,5.0055,JHU,0.7,fourier_country_k2
ETH,2020,35,2020-08-24,2020-08-30,346.0461,4.9815,JHU,0.7,fourier_country_k2
ETH,2020,36,2020-08-31,2020-09-06,339.7471,4.8908,JHU,0.7,fourier_country_k2
ETH,2020,37,2020-09-07,2020-09-13,328.6756,4.7315,JHU,0.7,fourier_country_k2
ETH,2020,38,2020-09-14,2020-09-20,312.9522,4.5051,JHU,0.7,fourier_country_k2
ETH,2020,39,2020-09-21,2020-09-27,292.9553,4.2173,JHU,0.7,fourier_country_k2
ETH,2020,40,2020-09-28,2020-10-04,269.3069,3.8768,JHU,0.7,fourier_country_k2
ETH,2020,41,2020-10-05,2020-10-11,242.8442,3.4959,JHU,0.7,fourier_country_k2
ETH,2020,42,2020-10-12,2020-10-18,214.5792,3.089,JHU,0.7,fourier_country_k2
ETH,2020,43,2020-10-19,2020-10-25,185.647,2.6725,JHU,0.7,fourier_country_k2
ETH,2020,44,2020-10-26,2020-11-01,157.2477,2.2637,JHU,0.7,fourier_country_k2
ETH,2020,45,2020-11-02,2020-11-08,130.5835,1.8798,JHU,0.7,fourier_country_k2
ETH,2020,46,2020-11-09,2020-11-15,106.7951,1.5374,JHU,0.7,fourier_country_k2
ETH,2020,47,2020-11-16,2020-11-22,86.902,1.251,JHU,0.7,fourier_country_k2
ETH,2020,48,2020-11-23,2020-11-29,71.7478,1.0328,JHU,0.7,fourier_country_k2
ETH,2020,49,2020-11-30,2020-12-06,61.9565,0.8919,JHU,0.7,fourier_country_k2
ETH,2020,50,2020-12-07,2020-12-13,57.8992,0.8335,JHU,0.7,fourier_country_k2
ETH,2020,51,2020-12-14,2020-12-20,59.676,0.8591,JHU,0.7,fourier_country_k2
ETH,2020,52,2020-12-21,2020-12-27,67.112,0.9661,JHU,0.7,fourier_country_k2
ETH,2020,53,2020-12-28,2021-01-03,67.112,0.9661,JHU,0.7,fourier_country_k2
ETH,2021,1,2021-01-04,2021-01-10,4.3975,0.0457,JHU,0.7,fourier_country_k2
ETH,2021,2,2021-01-11,2021-01-17,5.3457,0.0555,JHU,0.7,fourier_country_k2
ETH,2021,3,2021-01-18,2021-01-24,6.496,0.0675,JHU,0.7,fourier_country_k2
ETH,2021,4,2021-01-25,2021-01-31,7.7918,0.0809,JHU,0.7,fourier_country_k2
ETH,2021,5,2021-02-01,2021-02-07,9.1713,0.0953,JHU,0.7,fourier_country_k2
ETH,2021,6,2021-02-08,2021-02-14,10.571,0.1098,JHU,0.7,fourier_country_k2
ETH,2021,7,2021-02-15,2021-02-21,11.9289,0.1239,JHU,0.7,fourier_country_k2
ETH,2021,8,2021-02-22,2021-02-28,13.1883,0.137,JHU,0.7,fourier_country_k2
ETH,2021,9,2021-03-01,2021-03-07,14.3001,0.1485,JHU,0.7,fourier_country_k2
ETH,2021,10,2021-03-08,2021-03-14,15.226,0.1581,JHU,0.7,fourier_country_k2
ETH,2021,11,2021-03-15,2021-03-21,15.94,0.1655,JHU,0.7,fourier_country_k2
ETH,2021,12,2021-03-22,2021-03-28,16.4292,0.1706,JHU,0.7,fourier_country_k2
ETH,2021,13,2021-03-29,2021-04-04,16.6949,0.1734,JHU,0.7,fourier_country_k2
ETH,2021,14,2021-04-05,2021-04-11,16.7513,0.174,JHU,0.7,fourier_country_k2
ETH,2021,15,2021-04-12,2021-04-18,16.6249,0.1727,JHU,0.7,fourier_country_k2
ETH,2021,16,2021-04-19,2021-04-25,16.3518,0.1698,JHU,0.7,fourier_country_k2
ETH,2021,17,2021-04-26,2021-05-02,15.976,0.1659,JHU,0.7,fourier_country_k2
ETH,2021,18,2021-05-03,2021-05-09,15.5459,0.1615,JHU,0.7,fourier_country_k2
ETH,2021,19,2021-05-10,2021-05-16,15.1111,0.1569,JHU,0.7,fourier_country_k2
ETH,2021,20,2021-05-17,2021-05-23,14.7195,0.1529,JHU,0.7,fourier_country_k2
ETH,2021,21,2021-05-24,2021-05-30,14.4139,0.1497,JHU,0.7,fourier_country_k2
ETH,2021,22,2021-05-31,2021-06-06,14.2291,0.1478,JHU,0.7,fourier_country_k2
ETH,2021,23,2021-06-07,2021-06-13,14.1902,0.1474,JHU,0.7,fourier_country_k2
ETH,2021,24,2021-06-14,2021-06-20,14.3103,0.1486,JHU,0.7,fourier_country_k2
ETH,2021,25,2021-06-21,2021-06-27,14.5899,0.1515,JHU,0.7,fourier_country_k2
ETH,2021,26,2021-06-28,2021-07-04,15.0167,0.156,JHU,0.7,fourier_country_k2
ETH,2021,27,2021-07-05,2021-07-11,15.5662,0.1617,JHU,0.7,fourier_country_k2
ETH,2021,28,2021-07-12,2021-07-18,16.2034,0.1683,JHU,0.7,fourier_country_k2
ETH,2021,29,2021-07-19,2021-07-25,16.8843,0.1754,JHU,0.7,fourier_country_k2
ETH,2021,30,2021-07-26,2021-08-01,17.5593,0.1824,JHU,0.7,fourier_country_k2
ETH,2021,31,2021-08-02,2021-08-08,18.1755,0.1888,JHU,0.7,fourier_country_k2
ETH,2021,32,2021-08-09,2021-08-15,18.6806,0.194,JHU,0.7,fourier_country_k2
ETH,2021,33,2021-08-16,2021-08-22,19.0257,0.1976,JHU,0.7,fourier_country_k2
ETH,2021,34,2021-08-23,2021-08-29,19.1687,0.1991,JHU,0.7,fourier_country_k2
ETH,2021,35,2021-08-30,2021-09-05,19.077,0.1981,JHU,0.7,fourier_country_k2
ETH,2021,36,2021-09-06,2021-09-12,18.7297,0.1945,JHU,0.7,fourier_country_k2
ETH,2021,37,2021-09-13,2021-09-19,18.1194,0.1882,JHU,0.7,fourier_country_k2
ETH,2021,38,2021-09-20,2021-09-26,17.2526,0.1792,JHU,0.7,fourier_country_k2
ETH,2021,39,2021-09-27,2021-10-03,16.1502,0.1677,JHU,0.7,fourier_country_k2
ETH,2021,40,2021-10-04,2021-10-10,14.8465,0.1542,JHU,0.7,fourier_country_k2
ETH,2021,41,2021-10-11,2021-10-17,13.3876,0.139,JHU,0.7,fourier_country_k2
ETH,2021,42,2021-10-18,2021-10-24,11.8294,0.1229,JHU,0.7,fourier_country_k2
ETH,2021,43,2021-10-25,2021-10-31,10.2344,0.1063,JHU,0.7,fourier_country_k2
ETH,2021,44,2021-11-01,2021-11-07,8.6688,0.09,JHU,0.7,fourier_country_k2
ETH,2021,45,2021-11-08,2021-11-14,7.1989,0.0748,JHU,0.7,fourier_country_k2
ETH,2021,46,2021-11-15,2021-11-21,5.8874,0.0611,JHU,0.7,fourier_country_k2
ETH,2021,47,2021-11-22,2021-11-28,4.7908,0.0498,JHU,0.7,fourier_country_k2
ETH,2021,48,2021-11-29,2021-12-05,3.9553,0.0411,JHU,0.7,fourier_country_k2
ETH,2021,49,2021-12-06,2021-12-12,3.4156,0.0355,JHU,0.7,fourier_country_k2
ETH,2021,50,2021-12-13,2021-12-19,3.1919,0.0332,JHU,0.7,fourier_country_k2
ETH,2021,51,2021-12-20,2021-12-26,3.2898,0.0342,JHU,0.7,fourier_country_k2
ETH,2021,52,2021-12-27,2022-01-02,3.6998,0.0384,JHU,0.7,fourier_country_k2
ETH,2022,1,2022-01-03,2022-01-09,5.5197,0.1762,JHU,0.7,fourier_country_k2
ETH,2022,2,2022-01-10,2022-01-16,6.7099,0.2141,JHU,0.7,fourier_country_k2
ETH,2022,3,2022-01-17,2022-01-23,8.1537,0.2602,JHU,0.7,fourier_country_k2
ETH,2022,4,2022-01-24,2022-01-30,9.7802,0.3121,JHU,0.7,fourier_country_k2
ETH,2022,5,2022-01-31,2022-02-06,11.5118,0.3674,JHU,0.7,fourier_country_k2
ETH,2022,6,2022-02-07,2022-02-13,13.2686,0.4235,JHU,0.7,fourier_country_k2
ETH,2022,7,2022-02-14,2022-02-20,14.9731,0.4779,JHU,0.7,fourier_country_k2
ETH,2022,8,2022-02-21,2022-02-27,16.5538,0.5283,JHU,0.7,fourier_country_k2
ETH,2022,9,2022-02-28,2022-03-06,17.9494,0.5729,JHU,0.7,fourier_country_k2
ETH,2022,10,2022-03-07,2022-03-13,19.1116,0.6099,JHU,0.7,fourier_country_k2
ETH,2022,11,2022-03-14,2022-03-20,20.0077,0.6385,JHU,0.7,fourier_country_k2
ETH,2022,12,2022-03-21,2022-03-27,20.6219,0.6581,JHU,0.7,fourier_country_k2
ETH,2022,13,2022-03-28,2022-04-03,20.9553,0.6688,JHU,0.7,fourier_country_k2
ETH,2022,14,2022-04-04,2022-04-10,21.0262,0.671,JHU,0.7,fourier_country_k2
ETH,2022,15,2022-04-11,2022-04-17,20.8674,0.666,JHU,0.7,fourier_country_k2
ETH,2022,16,2022-04-18,2022-04-24,20.5247,0.655,JHU,0.7,fourier_country_k2
ETH,2022,17,2022-04-25,2022-05-01,20.053,0.64,JHU,0.7,fourier_country_k2
ETH,2022,18,2022-05-02,2022-05-08,19.5131,0.6228,JHU,0.7,fourier_country_k2
ETH,2022,19,2022-05-09,2022-05-15,18.9674,0.6053,JHU,0.7,fourier_country_k2
ETH,2022,20,2022-05-16,2022-05-22,18.4758,0.5897,JHU,0.7,fourier_country_k2
ETH,2022,21,2022-05-23,2022-05-29,18.0922,0.5774,JHU,0.7,fourier_country_k2
ETH,2022,22,2022-05-30,2022-06-05,17.8603,0.57,JHU,0.7,fourier_country_k2
ETH,2022,23,2022-06-06,2022-06-12,17.8115,0.5685,JHU,0.7,fourier_country_k2
ETH,2022,24,2022-06-13,2022-06-19,17.9622,0.5733,JHU,0.7,fourier_country_k2
ETH,2022,25,2022-06-20,2022-06-26,18.3132,0.5845,JHU,0.7,fourier_country_k2
ETH,2022,26,2022-06-27,2022-07-03,18.8489,0.6016,JHU,0.7,fourier_country_k2
ETH,2022,27,2022-07-04,2022-07-10,19.5386,0.6236,JHU,0.7,fourier_country_k2
ETH,2022,28,2022-07-11,2022-07-17,20.3384,0.6491,JHU,0.7,fourier_country_k2
ETH,2022,29,2022-07-18,2022-07-24,21.1931,0.6764,JHU,0.7,fourier_country_k2
ETH,2022,30,2022-07-25,2022-07-31,22.0403,0.7034,JHU,0.7,fourier_country_k2
ETH,2022,31,2022-08-01,2022-08-07,22.8138,0.7281,JHU,0.7,fourier_country_k2
ETH,2022,32,2022-08-08,2022-08-14,23.4477,0.7483,JHU,0.7,fourier_country_k2
ETH,2022,33,2022-08-15,2022-08-21,23.8809,0.7622,JHU,0.7,fourier_country_k2
ETH,2022,34,2022-08-22,2022-08-28,24.0604,0.7679,JHU,0.7,fourier_country_k2
ETH,2022,35,2022-08-29,2022-09-04,23.9453,0.7642,JHU,0.7,fourier_country_k2
ETH,2022,36,2022-09-05,2022-09-11,23.5094,0.7503,JHU,0.7,fourier_country_k2
ETH,2022,37,2022-09-12,2022-09-18,22.7433,0.7258,JHU,0.7,fourier_country_k2
ETH,2022,38,2022-09-19,2022-09-25,21.6553,0.6911,JHU,0.7,fourier_country_k2
ETH,2022,39,2022-09-26,2022-10-02,20.2716,0.647,JHU,0.7,fourier_country_k2
ETH,2022,40,2022-10-03,2022-10-09,18.6352,0.5947,JHU,0.7,fourier_country_k2
ETH,2022,41,2022-10-10,2022-10-16,16.804,0.5363,JHU,0.7,fourier_country_k2
ETH,2022,42,2022-10-17,2022-10-23,14.8482,0.4739,JHU,0.7,fourier_country_k2
ETH,2022,43,2022-10-24,2022-10-30,12.8462,0.41,JHU,0.7,fourier_country_k2
ETH,2022,44,2022-10-31,2022-11-06,10.881,0.3473,JHU,0.7,fourier_country_k2
ETH,2022,45,2022-11-07,2022-11-13,9.036,0.2884,JHU,0.7,fourier_country_k2
ETH,2022,46,2022-11-14,2022-11-20,7.3899,0.2358,JHU,0.7,fourier_country_k2
ETH,2022,47,2022-11-21,2022-11-27,6.0133,0.1919,JHU,0.7,fourier_country_k2
ETH,2022,48,2022-11-28,2022-12-04,4.9647,0.1584,JHU,0.7,fourier_country_k2
ETH,2022,49,2022-12-05,2022-12-11,4.2872,0.1368,JHU,0.7,fourier_country_k2
ETH,2022,50,2022-12-12,2022-12-18,4.0064,0.1279,JHU,0.7,fourier_country_k2
ETH,2022,51,2022-12-19,2022-12-25,4.1294,0.1318,JHU,0.7,fourier_country_k2
ETH,2022,52,2022-12-26,2023-01-01,4.6439,0.1482,JHU,0.7,fourier_country_k2
ETH,2023,1,2023-01-02,2023-01-08,107.0,1.0,WHO,0.9,observed
ETH,2023,2,2023-01-09,2023-01-15,58.0,,WHO,0.9,observed
ETH,2023,3,2023-01-16,2023-01-22,74.0,2.0,WHO,0.9,observed
ETH,2023,4,2023-01-23,2023-01-29,56.0,,WHO,0.9,observed
ETH,2023,5,2023-01-30,2023-02-05,53.0,,WHO,0.9,observed
ETH,2023,6,2023-02-06,2023-02-12,126.0,7.0,WHO,0.9,observed
ETH,2023,7,2023-02-13,2023-02-19,126.0,3.0,WHO,0.9,observed
ETH,2023,8,2023-02-20,2023-02-26,150.0,,WHO,0.9,observed
ETH,2023,9,2023-02-27,2023-03-05,160.0,3.0,WHO,0.9,observed
ETH,2023,10,2023-03-06,2023-03-12,151.0,1.0,WHO,0.9,observed
ETH,2023,11,2023-03-13,2023-03-19,379.0,6.0,WHO,0.9,observed
ETH,2023,12,2023-03-20,2023-03-26,326.0,7.0,WHO,0.9,observed
ETH,2023,13,2023-03-27,2023-04-02,542.0,7.0,WHO,0.9,observed
ETH,2023,14,2023-04-03,2023-04-09,616.0,5.0,WHO,0.9,observed
ETH,2023,15,2023-04-10,2023-04-16,688.0,6.0,WHO,0.9,observed
ETH,2023,16,2023-04-17,2023-04-23,937.0,8.0,WHO,0.9,observed
ETH,2023,17,2023-04-24,2023-04-30,752.0,10.0,WHO,0.9,observed
ETH,2023,18,2023-05-01,2023-05-07,553.0,9.0,WHO,0.9,observed
ETH,2023,19,2023-05-08,2023-05-14,653.0,12.0,WHO,0.9,observed
ETH,2023,20,2023-05-15,2023-05-21,879.0,9.0,WHO,0.9,observed
ETH,2023,21,2023-05-22,2023-05-28,1018.0,12.0,WHO,0.9,observed
ETH,2023,22,2023-05-29,2023-06-04,1007.0,13.0,WHO,0.9,observed
ETH,2023,23,2023-06-05,2023-06-11,975.0,10.0,WHO,0.9,observed
ETH,2023,24,2023-06-12,2023-06-18,725.0,9.0,WHO,0.9,observed
ETH,2023,25,2023-06-19,2023-06-25,554.0,5.0,WHO,0.9,observed
ETH,2023,26,2023-06-26,2023-07-02,445.0,3.0,WHO,0.9,observed
ETH,2023,27,2023-07-03,2023-07-09,513.0,4.0,WHO,0.9,observed
ETH,2023,28,2023-07-10,2023-07-16,1836.0,21.0,WHO,0.9,observed
ETH,2023,29,2023-07-17,2023-07-23,1200.0,26.0,WHO,0.9,observed
ETH,2023,30,2023-07-24,2023-07-30,543.0,9.0,WHO,0.9,observed
ETH,2023,31,2023-07-31,2023-08-06,783.0,2.0,WHO,0.9,observed
ETH,2023,32,2023-08-07,2023-08-13,990.0,23.0,WHO,0.9,observed
ETH,2023,33,2023-08-14,2023-08-20,838.0,12.0,WHO,0.9,observed
ETH,2023,34,2023-08-21,2023-08-27,857.0,18.0,WHO,0.9,observed
ETH,2023,35,2023-08-28,2023-09-03,832.0,6.0,WHO,0.9,observed
ETH,2023,36,2023-09-04,2023-09-10,897.0,18.0,WHO,0.9,observed
ETH,2023,37,2023-09-11,2023-09-17,1094.0,27.0,WHO,0.9,observed
ETH,2023,38,2023-09-18,2023-09-24,855.0,15.0,WHO,0.9,observed
ETH,2023,39,2023-09-25,2023-10-01,603.0,3.0,WHO,0.9,observed
ETH,2023,40,2023-10-02,2023-10-08,593.0,4.0,WHO,0.9,observed
ETH,2023,41,2023-10-09,2023-10-15,454.0,7.0,WHO,0.9,observed
ETH,2023,42,2023-10-16,2023-10-22,508.0,8.0,WHO,0.9,observed
ETH,2023,43,2023-10-23,2023-10-29,407.0,5.0,WHO,0.9,observed
ETH,2023,44,2023-10-30,2023-11-05,750.0,14.0,WHO,0.9,observed
ETH,2023,45,2023-11-06,2023-11-12,416.0,6.0,WHO,0.9,observed
ETH,2023,46,2023-11-13,2023-11-19,458.0,7.0,WHO,0.9,observed
ETH,2023,47,2023-11-20,2023-11-26,723.0,27.0,WHO,0.9,observed
ETH,2023,48,2023-11-27,2023-12-03,393.0,7.0,WHO,0.9,observed
ETH,2023,49,2023-12-04,2023-12-10,352.0,8.0,WHO,0.9,observed
ETH,2023,50,2023-12-11,2023-12-17,564.0,2.0,WHO,0.9,observed
ETH,2023,51,2023-12-18,2023-12-24,367.0,8.0,WHO,0.9,observed
ETH,2023,52,2023-12-25,2023-12-31,469.0,11.0,WHO,0.9,observed
ETH,2024,1,2024-01-01,2024-01-07,449.0,8.0,WHO,0.9,observed
ETH,2024,2,2024-01-08,2024-01-14,248.0,5.0,WHO,0.9,observed
ETH,2024,3,2024-01-15,2024-01-21,392.0,9.0,WHO,0.9,observed
ETH,2024,4,2024-01-22,2024-01-28,801.0,7.0,WHO,0.9,observed
ETH,2024,5,2024-01-29,2024-02-04,825.0,7.0,WHO,0.9,observed
ETH,2024,6,2024-02-05,2024-02-11,955.0,6.0,WHO,0.9,observed
ETH,2024,7,2024-02-12,2024-02-18,870.0,5.0,WHO,0.9,observed
ETH,2024,8,2024-02-19,2024-02-25,696.0,2.0,WHO,0.9,observed
ETH,2024,9,2024-02-26,2024-03-03,702.0,2.0,WHO,0.9,observed
ETH,2024,10,2024-03-04,2024-03-10,671.0,6.0,WHO,0.9,observed
ETH,2024,11,2024-03-11,2024-03-17,1011.0,3.0,WHO,0.9,observed
ETH,2024,12,2024-03-18,2024-03-24,1326.0,9.0,WHO,0.9,observed
ETH,2024,13,2024-03-25,2024-03-31,1241.0,10.0,WHO,0.9,observed
ETH,2024,14,2024-04-01,2024-04-07,971.0,6.0,WHO,0.9,observed
ETH,2024,15,2024-04-08,2024-04-14,1180.0,11.0,WHO,0.9,observed
ETH,2024,16,2024-04-15,2024-04-21,1100.0,18.0,WHO,0.9,observed
ETH,2024,17,2024-04-22,2024-04-28,1055.0,5.0,WHO,0.9,observed
ETH,2024,18,2024-04-29,2024-05-05,799.0,6.0,WHO,0.9,observed
ETH,2024,19,2024-05-06,2024-05-12,430.0,3.0,WHO,0.9,observed
ETH,2024,20,2024-05-13,2024-05-19,492.0,1.0,WHO,0.9,observed
ETH,2024,21,2024-05-20,2024-05-26,603.0,3.0,WHO,0.9,observed
ETH,2024,22,2024-05-27,2024-06-02,745.0,1.0,WHO,0.9,observed
ETH,2024,23,2024-06-03,2024-06-09,585.0,4.0,WHO,0.9,observed
ETH,2024,24,2024-06-10,2024-06-16,520.0,8.0,WHO,0.9,observed
ETH,2024,25,2024-06-17,2024-06-23,591.0,5.0,WHO,0.9,observed
ETH,2024,26,2024-06-24,2024-06-30,457.0,3.0,WHO,0.9,observed
ETH,2024,27,2024-07-01,2024-07-07,505.0,14.0,WHO,0.9,observed
ETH,2024,28,2024-07-08,2024-07-14,764.0,15.0,WHO,0.9,observed
ETH,2024,29,2024-07-15,2024-07-21,754.0,11.0,WHO,0.9,observed
ETH,2024,30,2024-07-22,2024-07-28,539.0,6.0,WHO,0.9,observed
ETH,2024,31,2024-07-29,2024-08-04,535.0,4.0,WHO,0.9,observed
ETH,2024,32,2024-08-05,2024-08-11,504.0,10.0,WHO,0.9,observed
ETH,2024,33,2024-08-12,2024-08-18,543.0,16.0,WHO,0.9,observed
ETH,2024,34,2024-08-19,2024-08-25,518.0,3.0,WHO,0.9,observed
ETH,2024,35,2024-08-26,2024-09-01,316.0,5.0,WHO,0.9,observed
ETH,2024,36,2024-09-02,2024-09-08,304.0,4.0,WHO,0.9,observed
ETH,2024,37,2024-09-09,2024-09-15,511.0,6.0,WHO,0.9,observed
ETH,2024,38,2024-09-16,2024-09-22,384.0,6.0,WHO,0.9,observed
ETH,2024,39,2024-09-23,2024-09-29,279.0,7.0,WHO,0.9,observed
ETH,2024,40,2024-09-30,2024-10-06,195.0,,WHO,0.9,observed
ETH,2024,41,2024-10-07,2024-10-13,158.0,2.0,WHO,0.9,observed
ETH,2024,42,2024-10-14,2024-10-20,112.0,,WHO,0.9,observed
ETH,2024,43,2024-10-21,2024-10-27,109.0,2.0,WHO,0.9,observed
ETH,2024,44,2024-10-28,2024-11-03,137.0,,WHO,0.9,observed
ETH,2024,45,2024-11-04,2024-11-10,109.0,5.0,WHO,0.9,observed
ETH,2024,46,2024-11-11,2024-11-17,105.0,1.0,WHO,0.9,observed
ETH,2024,47,2024-11-18,2024-11-24,53.0,1.0,WHO,0.9,observed
ETH,2024,48,2024-11-25,2024-12-01,15.0,,WHO,0.9,observed
ETH,2024,49,2024-12-02,2024-12-08,18.0,,WHO,0.9,observed
ETH,2024,50,2024-12-09,2024-12-15,19.0,1.0,WHO,0.9,observed
ETH,2024,51,2024-12-16,2024-12-22,0.0,,WHO,0.9,observed
ETH,2024,52,2024-12-23,2024-12-29,6.0,,WHO,0.9,observed
ETH,2025,1,2024-12-30,2025-01-05,16.0,,WHO,0.9,observed
ETH,2025,2,2025-01-06,2025-01-12,50.0,,WHO,0.9,observed
ETH,2025,3,2025-01-13,2025-01-19,37.0,2.0,WHO,0.9,observed
ETH,2025,4,2025-01-20,2025-01-26,21.0,,WHO,0.9,observed
ETH,2025,5,2025-01-27,2025-02-02,62.0,1.0,WHO,0.9,observed
ETH,2025,6,2025-02-03,2025-02-09,29.0,1.0,WHO,0.9,observed
ETH,2025,7,2025-02-10,2025-02-16,179.0,10.0,WHO,0.9,observed
ETH,2025,8,2025-02-17,2025-02-23,350.0,7.0,WHO,0.9,observed
ETH,2025,9,2025-02-24,2025-03-02,537.0,8.0,WHO,0.9,observed
ETH,2025,10,2025-03-03,2025-03-09,457.0,5.0,WHO,0.9,observed
ETH,2025,11,2025-03-10,2025-03-16,224.0,2.0,WHO,0.9,observed
ETH,2025,12,2025-03-17,2025-03-23,282.0,1.0,WHO,0.9,observed
ETH,2025,13,2025-03-24,2025-03-30,391.0,,WHO,0.9,observed
ETH,2025,14,2025-03-31,2025-04-06,652.0,4.0,WHO,0.9,observed
ETH,2025,15,2025-04-07,2025-04-13,548.0,2.0,WHO,0.9,observed
ETH,2025,16,2025-04-14,2025-04-20,184.0,,WHO,0.9,observed
ETH,2025,17,2025-04-21,2025-04-27,105.0,,WHO,0.9,observed
ETH,2025,18,2025-04-28,2025-05-04,45.0,,WHO,0.9,observed
ETH,2025,19,2025-05-05,2025-05-11,91.0,,WHO,0.9,observed
ETH,2025,20,2025-05-12,2025-05-18,221.0,1.0,WHO,0.9,observed
ETH,2025,21,2025-05-19,2025-05-25,58.0,,WHO,0.9,observed
ETH,2025,22,2025-05-26,2025-06-01,52.0,,WHO,0.9,observed
ETH,2025,23,2025-06-02,2025-06-08,208.0,,WHO,0.9,observed
ETH,2025,24,2025-06-09,2025-06-15,220.0,3.0,WHO,0.9,observed
ETH,2025,25,2025-06-16,2025-06-22,168.0,,WHO,0.9,observed
ETH,2025,26,2025-06-23,2025-06-29,145.0,,WHO,0.9,observed
ETH,2025,27,2025-06-30,2025-07-06,147.0,,WHO,0.9,observed
ETH,2025,28,2025-07-07,2025-07-13,96.0,1.0,WHO,0.9,observed
ETH,2025,29,2025-07-14,2025-07-20,98.0,1.0,WHO,0.9,observed
ETH,2025,30,2025-07-21,2025-07-27,144.0,5.0,WHO,0.9,observed
ETH,2025,31,2025-07-28,2025-08-03,189.0,,WHO,0.9,observed
ETH,2025,32,2025-08-04,2025-08-10,283.0,2.0,WHO,0.9,observed
ETH,2025,33,2025-08-11,2025-08-17,197.0,2.0,WHO,0.9,observed
ETH,2025,34,2025-08-18,2025-08-24,210.0,1.0,WHO,0.9,observed
ETH,2025,35,2025-08-25,2025-08-31,131.0,1.0,WHO,0.9,observed
ETH,2025,36,2025-09-01,2025-09-07,100.0,1.0,WHO,0.9,observed
ETH,2025,37,2025-09-08,2025-09-14,105.0,4.0,WHO,0.9,observed
ETH,2025,38,2025-09-15,2025-09-21,129.0,4.0,WHO,0.9,observed
ETH,2025,39,2025-09-22,2025-09-28,253.0,1.0,WHO,0.9,observed
ETH,2025,40,2025-09-29,2025-10-05,185.0,2.0,WHO,0.9,observed
ETH,2025,41,2025-10-06,2025-10-12,127.0,1.0,WHO,0.9,observed
ETH,2025,42,2025-10-13,2025-10-19,88.0,1.0,WHO,0.9,observed
ETH,2025,43,2025-10-20,2025-10-26,73.0,,WHO,0.9,observed
ETH,2025,44,2025-10-27,2025-11-02,116.0,2.0,WHO,0.9,observed
ETH,2025,45,2025-11-03,2025-11-09,81.0,1.0,WHO,0.9,observed
ETH,2025,46,2025-11-10,2025-11-16,62.0,1.0,WHO,0.9,observed
ETH,2025,47,2025-11-17,2025-11-23,86.0,2.0,WHO,0.9,observed
ETH,2025,48,2025-11-24,2025-11-30,60.0,,WHO,0.9,observed
ETH,2025,49,2025-12-01,2025-12-07,25.0,,WHO,0.9,observed
ETH,2025,50,2025-12-08,2025-12-14,23.0,,WHO,0.9,observed
ETH,2025,51,2025-12-15,2025-12-21,5.0,,WHO,0.9,observed
ETH,2025,52,2025-12-22,2025-12-28,5.0,,WHO,0.9,observed
ETH,2026,1,2025-12-29,2026-01-04,3.0,,WHO,0.9,observed
ETH,2026,2,2026-01-05,2026-01-11,2.0,,WHO,0.9,observed
ETH,2026,3,2026-01-12,2026-01-18,0.0,,WHO,0.9,observed
ETH,2026,4,2026-01-19,2026-01-25,0.0,,WHO,0.9,observed
ETH,2026,5,2026-01-26,2026-02-01,0.0,,WHO,0.9,observed
ETH,2026,6,2026-02-02,2026-02-08,0.0,,WHO,0.9,observed
ETH,2026,7,2026-02-09,2026-02-15,0.0,,WHO,0.9,observed
ETH,2026,8,2026-02-16,2026-02-22,8.0,,WHO,0.9,observed
ETH,2026,9,2026-02-23,2026-03-01,30.0,1.0,WHO,0.9,observed
