country,iso_code,missing_month,gap_type
Angola,AGO,1970-01,national
Angola,AGO,1970-02,national
Angola,AGO,1970-03,national
Angola,AGO,1970-04,national
Angola,AGO,1970-05,national
Angola,AGO,1970-06,national
Angola,AGO,1970-07,national
Angola,AGO,1970-08,national
Angola,AGO,1970-09,national
Angola,AGO,1970-10,national
Angola,AGO,1970-11,national
Angola,AGO,1970-12,national
Angola,AGO,1976-01,national
Angola,AGO,1976-02,national
Angola,AGO,1976-03,national
Angola,AGO,1976-04,national
Angola,AGO,1976-05,national
Angola,AGO,1976-06,national
Angola,AGO,1976-07,national
Angola,AGO,1976-08,national
Angola,AGO,1976-09,national
Angola,AGO,1976-10,national
Angola,AGO,1976-11,national
Angola,AGO,1976-12,national
Angola,AGO,1978-01,national
Angola,AGO,1978-02,national
Angola,AGO,1978-03,national
Angola,AGO,1978-04,national
Angola,AGO,1978-05,national
Angola,AGO,1978-06,national
Angola,AGO,1978-07,national
Angola,AGO,1978-08,national
Angola,AGO,1978-09,national
Angola,AGO,1978-10,national
Angola,AGO,1978-11,national
Angola,AGO,1978-12,national
Angola,AGO,1979-01,national
Angola,AGO,1979-02,national
Angola,AGO,1979-03,national
Angola,AGO,1979-04,national
Angola,AGO,1979-05,national
Angola,AGO,1979-06,national
Angola,AGO,1979-07,national
Angola,AGO,1979-08,national
Angola,AGO,1979-09,national
Angola,AGO,1979-10,national
Angola,AGO,1979-11,national
Angola,AGO,1979-12,national
Angola,AGO,1980-01,national
Angola,AGO,1980-02,national
Angola,AGO,1980-03,national
Angola,AGO,1980-04,national
Angola,AGO,1980-05,national
Angola,AGO,1980-06,national
Angola,AGO,1980-07,national
Angola,AGO,1980-08,national
Angola,AGO,1980-09,national
Angola,AGO,1980-10,national
Angola,AGO,1980-11,national
Angola,AGO,1980-12,national
Angola,AGO,1981-01,national
Angola,AGO,1981-02,national
Angola,AGO,1981-03,national
Angola,AGO,1981-04,national
Angola,AGO,1981-05,national
Angola,AGO,1981-06,national
Angola,AGO,1981-07,national
Angola,AGO,1981-08,national
Angola,AGO,1981-09,national
Angola,AGO,1981-10,national
Angola,AGO,1981-11,national
Angola,AGO,1981-12,national
Angola,AGO,1982-01,national
Angola,AGO,1982-02,national
Angola,AGO,1982-03,national
Angola,AGO,1982-04,national
Angola,AGO,1982-05,national
Angola,AGO,1982-06,national
Angola,AGO,1982-07,national
Angola,AGO,1982-08,national
Angola,AGO,1982-09,national
Angola,AGO,1982-10,national
Angola,AGO,1982-11,national
Angola,AGO,1982-12,national
Angola,AGO,1983-01,national
Angola,AGO,1983-02,national
Angola,AGO,1983-03,national
Angola,AGO,1983-04,national
Angola,AGO,1983-05,national
Angola,AGO,1983-06,national
Angola,AGO,1983-07,national
Angola,AGO,1983-08,national
Angola,AGO,1983-09,national
Angola,AGO,1983-10,national
Angola,AGO,1983-11,national
Angola,AGO,1983-12,national
Angola,AGO,1984-01,national
Angola,AGO,1984-02,national
Angola,AGO,1984-03,national
Angola,AGO,1984-04,national
Angola,AGO,1984-05,national
Angola,AGO,1984-06,national
Angola,AGO,1984-07,national
Angola,AGO,1984-08,national
Angola,AGO,1984-09,national
Angola,AGO,1984-10,national
Angola,AGO,1984-11,national
Angola,AGO,1984-12,national
Angola,AGO,1985-01,national
Angola,AGO,1985-02,national
Angola,AGO,1985-03,national
Angola,AGO,1985-04,national
Angola,AGO,1985-05,national
Angola,AGO,1985-06,national
Angola,AGO,1985-07,national
Angola,AGO,1985-08,national
Angola,AGO,1985-09,national
Angola,AGO,1985-10,national
Angola,AGO,1985-11,national
Angola,AGO,1985-12,national
Angola,AGO,1986-01,national
Angola,AGO,1986-02,national
Angola,AGO,1986-03,national
Angola,AGO,1986-04,national
Angola,AGO,1986-05,national
Angola,AGO,1986-06,national
Angola,AGO,1986-07,national
Angola,AGO,1986-08,national
Angola,AGO,1986-09,national
Angola,AGO,1986-10,national
Angola,AGO,1986-11,national
Angola,AGO,1986-12,national
Angola,AGO,1993-01,national
Angola,AGO,1993-02,national
Angola,AGO,1993-03,national
Angola,AGO,1993-04,national
Angola,AGO,1993-05,national
Angola,AGO,1993-06,national
Angola,AGO,1993-07,national
Angola,AGO,1993-08,national
Angola,AGO,1993-09,national
Angola,AGO,1993-10,national
Angola,AGO,1993-11,national
Angola,AGO,1993-12,national
Angola,AGO,1997-01,national
Angola,AGO,1997-02,national
Angola,AGO,1997-03,national
Angola,AGO,1997-04,national
Angola,AGO,1997-05,national
Angola,AGO,1997-06,national
Angola,AGO,1997-07,national
Angola,AGO,1997-08,national
Angola,AGO,1997-09,national
Angola,AGO,1997-10,national
Angola,AGO,1997-11,national
Angola,AGO,1997-12,national
Angola,AGO,1998-01,national
Angola,AGO,1998-02,national
Angola,AGO,1998-03,national
Angola,AGO,1998-04,national
Angola,AGO,1998-05,national
Angola,AGO,1998-06,national
Angola,AGO,1998-07,national
Angola,AGO,1998-08,national
Angola,AGO,1998-09,national
Angola,AGO,1998-10,national
Angola,AGO,1998-11,national
Angola,AGO,1998-12,national
Angola,AGO,1999-01,national
Angola,AGO,1999-02,national
Angola,AGO,1999-03,national
Angola,AGO,1999-04,national
Angola,AGO,1999-05,national
Angola,AGO,1999-06,national
Angola,AGO,1999-07,national
Angola,AGO,1999-08,national
Angola,AGO,1999-09,national
Angola,AGO,1999-10,national
Angola,AGO,1999-11,national
Angola,AGO,1999-12,national
Angola,AGO,2000-01,national
Angola,AGO,2000-02,national
Angola,AGO,2000-03,national
Angola,AGO,2000-04,national
Angola,AGO,2000-05,national
Angola,AGO,2000-06,national
Angola,AGO,2000-07,national
Angola,AGO,2000-08,national
Angola,AGO,2000-09,national
Angola,AGO,2000-10,national
Angola,AGO,2000-11,national
Angola,AGO,2000-12,national
Angola,AGO,2001-01,national
Angola,AGO,2001-02,national
Angola,AGO,2001-03,national
Angola,AGO,2001-04,national
Angola,AGO,2001-05,national
Angola,AGO,2001-06,national
Angola,AGO,2001-07,national
Angola,AGO,2001-08,national
Angola,AGO,2001-09,national
Angola,AGO,2001-10,national
Angola,AGO,2001-11,national
Angola,AGO,2001-12,national
Angola,AGO,2002-01,national
Angola,AGO,2002-02,national
Angola,AGO,2002-03,national
Angola,AGO,2002-04,national
Angola,AGO,2002-05,national
Angola,AGO,2002-06,national
Angola,AGO,2002-07,national
Angola,AGO,2002-08,national
Angola,AGO,2002-09,national
Angola,AGO,2002-10,national
Angola,AGO,2002-11,national
Angola,AGO,2002-12,national
Angola,AGO,2003-01,national
Angola,AGO,2003-02,national
Angola,AGO,2003-03,national
Angola,AGO,2003-04,national
Angola,AGO,2003-05,national
Angola,AGO,2003-06,national
Angola,AGO,2003-07,national
Angola,AGO,2003-08,national
Angola,AGO,2003-09,national
Angola,AGO,2003-10,national
Angola,AGO,2003-11,national
Angola,AGO,2003-12,national
Angola,AGO,2004-01,national
Angola,AGO,2004-02,national
Angola,AGO,2004-03,national
Angola,AGO,2004-04,national
Angola,AGO,2004-05,national
Angola,AGO,2004-06,national
Angola,AGO,2004-07,national
Angola,AGO,2004-08,national
Angola,AGO,2004-09,national
Angola,AGO,2004-10,national
Angola,AGO,2004-11,national
Angola,AGO,2004-12,national
Angola,AGO,2023-03,national
Angola,AGO,2023-05,national
Angola,AGO,2023-06,national
Angola,AGO,2023-07,national
Angola,AGO,2023-08,national
Angola,AGO,2023-09,national
Angola,AGO,2023-10,national
Angola,AGO,2023-11,national
Angola,AGO,2023-12,national
Angola,AGO,2024-01,national
Angola,AGO,2024-02,national
Angola,AGO,2024-03,national
Angola,AGO,2024-04,national
Angola,AGO,2024-05,national
Angola,AGO,2024-06,national
Angola,AGO,2024-07,national
Angola,AGO,2024-08,national
Angola,AGO,2024-09,national
Angola,AGO,2024-10,national
Angola,AGO,2024-11,national
Angola,AGO,2024-12,national
Angola,AGO,2025-07,national
Angola,AGO,2025-08,national
Burundi,BDI,1970-01,national
Burundi,BDI,1970-02,national
Burundi,BDI,1970-03,national
Burundi,BDI,1970-04,national
Burundi,BDI,1970-05,national
Burundi,BDI,1970-06,national
Burundi,BDI,1970-07,national
Burundi,BDI,1970-08,national
Burundi,BDI,1970-09,national
Burundi,BDI,1970-10,national
Burundi,BDI,1970-11,national
Burundi,BDI,1970-12,national
Burundi,BDI,1971-01,national
Burundi,BDI,1971-02,national
Burundi,BDI,1971-03,national
Burundi,BDI,1971-04,national
Burundi,BDI,1971-05,national
Burundi,BDI,1971-06,national
Burundi,BDI,1971-07,national
Burundi,BDI,1971-08,national
Burundi,BDI,1971-09,national
Burundi,BDI,1971-10,national
Burundi,BDI,1971-11,national
Burundi,BDI,1971-12,national
Burundi,BDI,1972-01,national
Burundi,BDI,1972-02,national
Burundi,BDI,1972-03,national
Burundi,BDI,1972-04,national
Burundi,BDI,1972-05,national
Burundi,BDI,1972-06,national
Burundi,BDI,1972-07,national
Burundi,BDI,1972-08,national
Burundi,BDI,1972-09,national
Burundi,BDI,1972-10,national
Burundi,BDI,1972-11,national
Burundi,BDI,1972-12,national
Burundi,BDI,1973-01,national
Burundi,BDI,1973-02,national
Burundi,BDI,1973-03,national
Burundi,BDI,1973-04,national
Burundi,BDI,1973-05,national
Burundi,BDI,1973-06,national
Burundi,BDI,1973-07,national
Burundi,BDI,1973-08,national
Burundi,BDI,1973-09,national
Burundi,BDI,1973-10,national
Burundi,BDI,1973-11,national
Burundi,BDI,1973-12,national
Burundi,BDI,1974-01,national
Burundi,BDI,1974-02,national
Burundi,BDI,1974-03,national
Burundi,BDI,1974-04,national
Burundi,BDI,1974-05,national
Burundi,BDI,1974-06,national
Burundi,BDI,1974-07,national
Burundi,BDI,1974-08,national
Burundi,BDI,1974-09,national
Burundi,BDI,1974-10,national
Burundi,BDI,1974-11,national
Burundi,BDI,1974-12,national
Burundi,BDI,1975-01,national
Burundi,BDI,1975-02,national
Burundi,BDI,1975-03,national
Burundi,BDI,1975-04,national
Burundi,BDI,1975-05,national
Burundi,BDI,1975-06,national
Burundi,BDI,1975-07,national
Burundi,BDI,1975-08,national
Burundi,BDI,1975-09,national
Burundi,BDI,1975-10,national
Burundi,BDI,1975-11,national
Burundi,BDI,1975-12,national
Burundi,BDI,1976-01,national
Burundi,BDI,1976-02,national
Burundi,BDI,1976-03,national
Burundi,BDI,1976-04,national
Burundi,BDI,1976-05,national
Burundi,BDI,1976-06,national
Burundi,BDI,1976-07,national
Burundi,BDI,1976-08,national
Burundi,BDI,1976-09,national
Burundi,BDI,1976-10,national
Burundi,BDI,1976-11,national
Burundi,BDI,1976-12,national
Burundi,BDI,1977-01,national
Burundi,BDI,1977-02,national
Burundi,BDI,1977-03,national
Burundi,BDI,1977-04,national
Burundi,BDI,1977-05,national
Burundi,BDI,1977-06,national
Burundi,BDI,1977-07,national
Burundi,BDI,1977-08,national
Burundi,BDI,1977-09,national
Burundi,BDI,1977-10,national
Burundi,BDI,1977-11,national
Burundi,BDI,1977-12,national
Burundi,BDI,1986-01,national
Burundi,BDI,1986-02,national
Burundi,BDI,1986-03,national
Burundi,BDI,1986-04,national
Burundi,BDI,1986-05,national
Burundi,BDI,1986-06,national
Burundi,BDI,1986-07,national
Burundi,BDI,1986-08,national
Burundi,BDI,1986-09,national
Burundi,BDI,1986-10,national
Burundi,BDI,1986-11,national
Burundi,BDI,1986-12,national
Burundi,BDI,1987-01,national
Burundi,BDI,1987-02,national
Burundi,BDI,1987-03,national
Burundi,BDI,1987-04,national
Burundi,BDI,1987-05,national
Burundi,BDI,1987-06,national
Burundi,BDI,1987-07,national
Burundi,BDI,1987-08,national
Burundi,BDI,1987-09,national
Burundi,BDI,1987-10,national
Burundi,BDI,1987-11,national
Burundi,BDI,1987-12,national
Burundi,BDI,1988-01,national
Burundi,BDI,1988-02,national
Burundi,BDI,1988-03,national
Burundi,BDI,1988-04,national
Burundi,BDI,1988-05,national
Burundi,BDI,1988-06,national
Burundi,BDI,1988-07,national
Burundi,BDI,1988-08,national
Burundi,BDI,1988-09,national
Burundi,BDI,1988-10,national
Burundi,BDI,1988-11,national
Burundi,BDI,1988-12,national
Burundi,BDI,1989-01,national
Burundi,BDI,1989-02,national
Burundi,BDI,1989-03,national
Burundi,BDI,1989-04,national
Burundi,BDI,1989-05,national
Burundi,BDI,1989-06,national
Burundi,BDI,1989-07,national
Burundi,BDI,1989-08,national
Burundi,BDI,1989-09,national
Burundi,BDI,1989-10,national
Burundi,BDI,1989-11,national
Burundi,BDI,1989-12,national
Burundi,BDI,2025-06,national
Burundi,BDI,2025-07,national
Burundi,BDI,2025-08,national
Benin,BEN,1979-01,national
Benin,BEN,1979-02,national
Benin,BEN,1979-03,national
Benin,BEN,1979-04,national
Benin,BEN,1979-05,national
Benin,BEN,1979-06,national
Benin,BEN,1979-07,national
Benin,BEN,1979-08,national
Benin,BEN,1979-09,national
Benin,BEN,1979-10,national
Benin,BEN,1979-11,national
Benin,BEN,1979-12,national
Benin,BEN,1985-01,national
Benin,BEN,1985-02,national
Benin,BEN,1985-03,national
Benin,BEN,1985-04,national
Benin,BEN,1985-05,national
Benin,BEN,1985-06,national
Benin,BEN,1985-07,national
Benin,BEN,1985-08,national
Benin,BEN,1985-09,national
Benin,BEN,1985-10,national
Benin,BEN,1985-11,national
Benin,BEN,1985-12,national
Benin,BEN,1987-01,national
Benin,BEN,1987-02,national
Benin,BEN,1987-03,national
Benin,BEN,1987-04,national
Benin,BEN,1987-05,national
Benin,BEN,1987-06,national
Benin,BEN,1987-07,national
Benin,BEN,1987-08,national
Benin,BEN,1987-09,national
Benin,BEN,1987-10,national
Benin,BEN,1987-11,national
Benin,BEN,1987-12,national
Benin,BEN,1988-01,national
Benin,BEN,1988-02,national
Benin,BEN,1988-03,national
Benin,BEN,1988-04,national
Benin,BEN,1988-05,national
Benin,BEN,1988-06,national
Benin,BEN,1988-07,national
Benin,BEN,1988-08,national
Benin,BEN,1988-09,national
Benin,BEN,1988-10,national
Benin,BEN,1988-11,national
Benin,BEN,1988-12,national
Benin,BEN,1989-01,national
Benin,BEN,1989-02,national
Benin,BEN,1989-03,national
Benin,BEN,1989-04,national
Benin,BEN,1989-05,national
Benin,BEN,1989-06,national
Benin,BEN,1989-07,national
Benin,BEN,1989-08,national
Benin,BEN,1989-09,national
Benin,BEN,1989-10,national
Benin,BEN,1989-11,national
Benin,BEN,1989-12,national
Benin,BEN,1990-01,national
Benin,BEN,1990-02,national
Benin,BEN,1990-03,national
Benin,BEN,1990-04,national
Benin,BEN,1990-05,national
Benin,BEN,1990-06,national
Benin,BEN,1990-07,national
Benin,BEN,1990-08,national
Benin,BEN,1990-09,national
Benin,BEN,1990-10,national
Benin,BEN,1990-11,national
Benin,BEN,1990-12,national
Benin,BEN,2007-01,national
Benin,BEN,2007-02,national
Benin,BEN,2007-03,national
Benin,BEN,2007-04,national
Benin,BEN,2007-05,national
Benin,BEN,2007-06,national
Benin,BEN,2007-07,national
Benin,BEN,2007-08,national
Benin,BEN,2007-09,national
Benin,BEN,2007-10,national
Benin,BEN,2007-11,national
Benin,BEN,2007-12,national
Benin,BEN,2024-04,national
Benin,BEN,2024-05,national
Benin,BEN,2024-06,national
Benin,BEN,2024-07,national
Benin,BEN,2024-08,national
Benin,BEN,2024-09,national
Benin,BEN,2024-10,national
Benin,BEN,2024-11,national
Benin,BEN,2024-12,national
Benin,BEN,2025-01,national
Benin,BEN,2025-02,national
Benin,BEN,2025-03,national
Benin,BEN,2025-04,national
Benin,BEN,2025-05,national
Benin,BEN,2025-06,national
Benin,BEN,2025-07,national
Benin,BEN,2025-08,national
Burkina Faso,BFA,1976-01,national
Burkina Faso,BFA,1976-02,national
Burkina Faso,BFA,1976-03,national
Burkina Faso,BFA,1976-04,national
Burkina Faso,BFA,1976-05,national
Burkina Faso,BFA,1976-06,national
Burkina Faso,BFA,1976-07,national
Burkina Faso,BFA,1976-08,national
Burkina Faso,BFA,1976-09,national
Burkina Faso,BFA,1976-10,national
Burkina Faso,BFA,1976-11,national
Burkina Faso,BFA,1976-12,national
Burkina Faso,BFA,1977-01,national
Burkina Faso,BFA,1977-02,national
Burkina Faso,BFA,1977-03,national
Burkina Faso,BFA,1977-04,national
Burkina Faso,BFA,1977-05,national
Burkina Faso,BFA,1977-06,national
Burkina Faso,BFA,1977-07,national
Burkina Faso,BFA,1977-08,national
Burkina Faso,BFA,1977-09,national
Burkina Faso,BFA,1977-10,national
Burkina Faso,BFA,1977-11,national
Burkina Faso,BFA,1977-12,national
Burkina Faso,BFA,1979-01,national
Burkina Faso,BFA,1979-02,national
Burkina Faso,BFA,1979-03,national
Burkina Faso,BFA,1979-04,national
Burkina Faso,BFA,1979-05,national
Burkina Faso,BFA,1979-06,national
Burkina Faso,BFA,1979-07,national
Burkina Faso,BFA,1979-08,national
Burkina Faso,BFA,1979-09,national
Burkina Faso,BFA,1979-10,national
Burkina Faso,BFA,1979-11,national
Burkina Faso,BFA,1979-12,national
Burkina Faso,BFA,1980-01,national
Burkina Faso,BFA,1980-02,national
Burkina Faso,BFA,1980-03,national
Burkina Faso,BFA,1980-04,national
Burkina Faso,BFA,1980-05,national
Burkina Faso,BFA,1980-06,national
Burkina Faso,BFA,1980-07,national
Burkina Faso,BFA,1980-08,national
Burkina Faso,BFA,1980-09,national
Burkina Faso,BFA,1980-10,national
Burkina Faso,BFA,1980-11,national
Burkina Faso,BFA,1980-12,national
Burkina Faso,BFA,1981-01,national
Burkina Faso,BFA,1981-02,national
Burkina Faso,BFA,1981-03,national
Burkina Faso,BFA,1981-04,national
Burkina Faso,BFA,1981-05,national
Burkina Faso,BFA,1981-06,national
Burkina Faso,BFA,1981-07,national
Burkina Faso,BFA,1981-08,national
Burkina Faso,BFA,1981-09,national
Burkina Faso,BFA,1981-10,national
Burkina Faso,BFA,1981-11,national
Burkina Faso,BFA,1981-12,national
Burkina Faso,BFA,1982-01,national
Burkina Faso,BFA,1982-02,national
Burkina Faso,BFA,1982-03,national
Burkina Faso,BFA,1982-04,national
Burkina Faso,BFA,1982-05,national
Burkina Faso,BFA,1982-06,national
Burkina Faso,BFA,1982-07,national
Burkina Faso,BFA,1982-08,national
Burkina Faso,BFA,1982-09,national
Burkina Faso,BFA,1982-10,national
Burkina Faso,BFA,1982-11,national
Burkina Faso,BFA,1982-12,national
Burkina Faso,BFA,1983-01,national
Burkina Faso,BFA,1983-02,national
Burkina Faso,BFA,1983-03,national
Burkina Faso,BFA,1983-04,national
Burkina Faso,BFA,1983-05,national
Burkina Faso,BFA,1983-06,national
Burkina Faso,BFA,1983-07,national
Burkina Faso,BFA,1983-08,national
Burkina Faso,BFA,1983-09,national
Burkina Faso,BFA,1983-10,national
Burkina Faso,BFA,1983-11,national
Burkina Faso,BFA,1983-12,national
Burkina Faso,BFA,1986-01,national
Burkina Faso,BFA,1986-02,national
Burkina Faso,BFA,1986-03,national
Burkina Faso,BFA,1986-04,national
Burkina Faso,BFA,1986-05,national
Burkina Faso,BFA,1986-06,national
Burkina Faso,BFA,1986-07,national
Burkina Faso,BFA,1986-08,national
Burkina Faso,BFA,1986-09,national
Burkina Faso,BFA,1986-10,national
Burkina Faso,BFA,1986-11,national
Burkina Faso,BFA,1986-12,national
Burkina Faso,BFA,1987-01,national
Burkina Faso,BFA,1987-02,national
Burkina Faso,BFA,1987-03,national
Burkina Faso,BFA,1987-04,national
Burkina Faso,BFA,1987-05,national
Burkina Faso,BFA,1987-06,national
Burkina Faso,BFA,1987-07,national
Burkina Faso,BFA,1987-08,national
Burkina Faso,BFA,1987-09,national
Burkina Faso,BFA,1987-10,national
Burkina Faso,BFA,1987-11,national
Burkina Faso,BFA,1987-12,national
Burkina Faso,BFA,1988-01,national
Burkina Faso,BFA,1988-02,national
Burkina Faso,BFA,1988-03,national
Burkina Faso,BFA,1988-04,national
Burkina Faso,BFA,1988-05,national
Burkina Faso,BFA,1988-06,national
Burkina Faso,BFA,1988-07,national
Burkina Faso,BFA,1988-08,national
Burkina Faso,BFA,1988-09,national
Burkina Faso,BFA,1988-10,national
Burkina Faso,BFA,1988-11,national
Burkina Faso,BFA,1988-12,national
Burkina Faso,BFA,1989-01,national
Burkina Faso,BFA,1989-02,national
Burkina Faso,BFA,1989-03,national
Burkina Faso,BFA,1989-04,national
Burkina Faso,BFA,1989-05,national
Burkina Faso,BFA,1989-06,national
Burkina Faso,BFA,1989-07,national
Burkina Faso,BFA,1989-08,national
Burkina Faso,BFA,1989-09,national
Burkina Faso,BFA,1989-10,national
Burkina Faso,BFA,1989-11,national
Burkina Faso,BFA,1989-12,national
Burkina Faso,BFA,1990-01,national
Burkina Faso,BFA,1990-02,national
Burkina Faso,BFA,1990-03,national
Burkina Faso,BFA,1990-04,national
Burkina Faso,BFA,1990-05,national
Burkina Faso,BFA,1990-06,national
Burkina Faso,BFA,1990-07,national
Burkina Faso,BFA,1990-08,national
Burkina Faso,BFA,1990-09,national
Burkina Faso,BFA,1990-10,national
Burkina Faso,BFA,1990-11,national
Burkina Faso,BFA,1990-12,national
Burkina Faso,BFA,1992-01,national
Burkina Faso,BFA,1992-02,national
Burkina Faso,BFA,1992-03,national
Burkina Faso,BFA,1992-04,national
Burkina Faso,BFA,1992-05,national
Burkina Faso,BFA,1992-06,national
Burkina Faso,BFA,1992-07,national
Burkina Faso,BFA,1992-08,national
Burkina Faso,BFA,1992-09,national
Burkina Faso,BFA,1992-10,national
Burkina Faso,BFA,1992-11,national
Burkina Faso,BFA,1992-12,national
Burkina Faso,BFA,1993-01,national
Burkina Faso,BFA,1993-02,national
Burkina Faso,BFA,1993-03,national
Burkina Faso,BFA,1993-04,national
Burkina Faso,BFA,1993-05,national
Burkina Faso,BFA,1993-06,national
Burkina Faso,BFA,1993-07,national
Burkina Faso,BFA,1993-08,national
Burkina Faso,BFA,1993-09,national
Burkina Faso,BFA,1993-10,national
Burkina Faso,BFA,1993-11,national
Burkina Faso,BFA,1993-12,national
Burkina Faso,BFA,1994-01,national
Burkina Faso,BFA,1994-02,national
Burkina Faso,BFA,1994-03,national
Burkina Faso,BFA,1994-04,national
Burkina Faso,BFA,1994-05,national
Burkina Faso,BFA,1994-06,national
Burkina Faso,BFA,1994-07,national
Burkina Faso,BFA,1994-08,national
Burkina Faso,BFA,1994-09,national
Burkina Faso,BFA,1994-10,national
Burkina Faso,BFA,1994-11,national
Burkina Faso,BFA,1994-12,national
Burkina Faso,BFA,1997-01,national
Burkina Faso,BFA,1997-02,national
Burkina Faso,BFA,1997-03,national
Burkina Faso,BFA,1997-04,national
Burkina Faso,BFA,1997-05,national
Burkina Faso,BFA,1997-06,national
Burkina Faso,BFA,1997-07,national
Burkina Faso,BFA,1997-08,national
Burkina Faso,BFA,1997-09,national
Burkina Faso,BFA,1997-10,national
Burkina Faso,BFA,1997-11,national
Burkina Faso,BFA,1997-12,national
Burkina Faso,BFA,2002-01,national
Burkina Faso,BFA,2002-02,national
Burkina Faso,BFA,2002-03,national
Burkina Faso,BFA,2002-04,national
Burkina Faso,BFA,2002-05,national
Burkina Faso,BFA,2002-06,national
Burkina Faso,BFA,2002-07,national
Burkina Faso,BFA,2002-08,national
Burkina Faso,BFA,2002-09,national
Burkina Faso,BFA,2002-10,national
Burkina Faso,BFA,2002-11,national
Burkina Faso,BFA,2002-12,national
Burkina Faso,BFA,2004-01,national
Burkina Faso,BFA,2004-02,national
Burkina Faso,BFA,2004-03,national
Burkina Faso,BFA,2004-04,national
Burkina Faso,BFA,2004-05,national
Burkina Faso,BFA,2004-06,national
Burkina Faso,BFA,2004-07,national
Burkina Faso,BFA,2004-08,national
Burkina Faso,BFA,2004-09,national
Burkina Faso,BFA,2004-10,national
Burkina Faso,BFA,2004-11,national
Burkina Faso,BFA,2004-12,national
Burkina Faso,BFA,2007-01,national
Burkina Faso,BFA,2007-02,national
Burkina Faso,BFA,2007-03,national
Burkina Faso,BFA,2007-04,national
Burkina Faso,BFA,2007-05,national
Burkina Faso,BFA,2007-06,national
Burkina Faso,BFA,2007-07,national
Burkina Faso,BFA,2007-08,national
Burkina Faso,BFA,2007-09,national
Burkina Faso,BFA,2007-10,national
Burkina Faso,BFA,2007-11,national
Burkina Faso,BFA,2007-12,national
Burkina Faso,BFA,2009-01,national
Burkina Faso,BFA,2009-02,national
Burkina Faso,BFA,2009-03,national
Burkina Faso,BFA,2009-04,national
Burkina Faso,BFA,2009-05,national
Burkina Faso,BFA,2009-06,national
Burkina Faso,BFA,2009-07,national
Burkina Faso,BFA,2009-08,national
Burkina Faso,BFA,2009-09,national
Burkina Faso,BFA,2009-10,national
Burkina Faso,BFA,2009-11,national
Burkina Faso,BFA,2009-12,national
Burkina Faso,BFA,2010-01,national
Burkina Faso,BFA,2010-02,national
Burkina Faso,BFA,2010-03,national
Burkina Faso,BFA,2010-04,national
Burkina Faso,BFA,2010-05,national
Burkina Faso,BFA,2010-06,national
Burkina Faso,BFA,2010-07,national
Burkina Faso,BFA,2010-08,national
Burkina Faso,BFA,2010-09,national
Burkina Faso,BFA,2010-10,national
Burkina Faso,BFA,2010-11,national
Burkina Faso,BFA,2010-12,national
Burkina Faso,BFA,2013-01,national
Burkina Faso,BFA,2013-02,national
Burkina Faso,BFA,2013-03,national
Burkina Faso,BFA,2013-04,national
Burkina Faso,BFA,2013-05,national
Burkina Faso,BFA,2013-06,national
Burkina Faso,BFA,2013-07,national
Burkina Faso,BFA,2013-08,national
Burkina Faso,BFA,2013-09,national
Burkina Faso,BFA,2013-10,national
Burkina Faso,BFA,2013-11,national
Burkina Faso,BFA,2024-04,national
Burkina Faso,BFA,2024-05,national
Burkina Faso,BFA,2024-06,national
Burkina Faso,BFA,2024-07,national
Burkina Faso,BFA,2024-08,national
Burkina Faso,BFA,2024-09,national
Burkina Faso,BFA,2024-10,national
Burkina Faso,BFA,2024-11,national
Burkina Faso,BFA,2024-12,national
Burkina Faso,BFA,2025-01,national
Burkina Faso,BFA,2025-02,national
Burkina Faso,BFA,2025-03,national
Burkina Faso,BFA,2025-04,national
Burkina Faso,BFA,2025-05,national
Burkina Faso,BFA,2025-06,national
Burkina Faso,BFA,2025-07,national
Burkina Faso,BFA,2025-08,national
Botswana,BWA,1970-01,national
Botswana,BWA,1970-02,national
Botswana,BWA,1970-03,national
Botswana,BWA,1970-04,national
Botswana,BWA,1970-05,national
Botswana,BWA,1970-06,national
Botswana,BWA,1970-07,national
Botswana,BWA,1970-08,national
Botswana,BWA,1970-09,national
Botswana,BWA,1970-10,national
Botswana,BWA,1970-11,national
Botswana,BWA,1970-12,national
Botswana,BWA,1971-01,national
Botswana,BWA,1971-02,national
Botswana,BWA,1971-03,national
Botswana,BWA,1971-04,national
Botswana,BWA,1971-05,national
Botswana,BWA,1971-06,national
Botswana,BWA,1971-07,national
Botswana,BWA,1971-08,national
Botswana,BWA,1971-09,national
Botswana,BWA,1971-10,national
Botswana,BWA,1971-11,national
Botswana,BWA,1971-12,national
Botswana,BWA,1972-01,national
Botswana,BWA,1972-02,national
Botswana,BWA,1972-03,national
Botswana,BWA,1972-04,national
Botswana,BWA,1972-05,national
Botswana,BWA,1972-06,national
Botswana,BWA,1972-07,national
Botswana,BWA,1972-08,national
Botswana,BWA,1972-09,national
Botswana,BWA,1972-10,national
Botswana,BWA,1972-11,national
Botswana,BWA,1972-12,national
Botswana,BWA,1973-01,national
Botswana,BWA,1973-02,national
Botswana,BWA,1973-03,national
Botswana,BWA,1973-04,national
Botswana,BWA,1973-05,national
Botswana,BWA,1973-06,national
Botswana,BWA,1973-07,national
Botswana,BWA,1973-08,national
Botswana,BWA,1973-09,national
Botswana,BWA,1973-10,national
Botswana,BWA,1973-11,national
Botswana,BWA,1973-12,national
Botswana,BWA,1974-01,national
Botswana,BWA,1974-02,national
Botswana,BWA,1974-03,national
Botswana,BWA,1974-04,national
Botswana,BWA,1974-05,national
Botswana,BWA,1974-06,national
Botswana,BWA,1974-07,national
Botswana,BWA,1974-08,national
Botswana,BWA,1974-09,national
Botswana,BWA,1974-10,national
Botswana,BWA,1974-11,national
Botswana,BWA,1974-12,national
Botswana,BWA,1975-01,national
Botswana,BWA,1975-02,national
Botswana,BWA,1975-03,national
Botswana,BWA,1975-04,national
Botswana,BWA,1975-05,national
Botswana,BWA,1975-06,national
Botswana,BWA,1975-07,national
Botswana,BWA,1975-08,national
Botswana,BWA,1975-09,national
Botswana,BWA,1975-10,national
Botswana,BWA,1975-11,national
Botswana,BWA,1975-12,national
Botswana,BWA,1976-01,national
Botswana,BWA,1976-02,national
Botswana,BWA,1976-03,national
Botswana,BWA,1976-04,national
Botswana,BWA,1976-05,national
Botswana,BWA,1976-06,national
Botswana,BWA,1976-07,national
Botswana,BWA,1976-08,national
Botswana,BWA,1976-09,national
Botswana,BWA,1976-10,national
Botswana,BWA,1976-11,national
Botswana,BWA,1976-12,national
Botswana,BWA,1977-01,national
Botswana,BWA,1977-02,national
Botswana,BWA,1977-03,national
Botswana,BWA,1977-04,national
Botswana,BWA,1977-05,national
Botswana,BWA,1977-06,national
Botswana,BWA,1977-07,national
Botswana,BWA,1977-08,national
Botswana,BWA,1977-09,national
Botswana,BWA,1977-10,national
Botswana,BWA,1977-11,national
Botswana,BWA,1977-12,national
Botswana,BWA,1978-01,national
Botswana,BWA,1978-02,national
Botswana,BWA,1978-03,national
Botswana,BWA,1978-04,national
Botswana,BWA,1978-05,national
Botswana,BWA,1978-06,national
Botswana,BWA,1978-07,national
Botswana,BWA,1978-08,national
Botswana,BWA,1978-09,national
Botswana,BWA,1978-10,national
Botswana,BWA,1978-11,national
Botswana,BWA,1978-12,national
Botswana,BWA,1979-01,national
Botswana,BWA,1979-02,national
Botswana,BWA,1979-03,national
Botswana,BWA,1979-04,national
Botswana,BWA,1979-05,national
Botswana,BWA,1979-06,national
Botswana,BWA,1979-07,national
Botswana,BWA,1979-08,national
Botswana,BWA,1979-09,national
Botswana,BWA,1979-10,national
Botswana,BWA,1979-11,national
Botswana,BWA,1979-12,national
Botswana,BWA,1980-01,national
Botswana,BWA,1980-02,national
Botswana,BWA,1980-03,national
Botswana,BWA,1980-04,national
Botswana,BWA,1980-05,national
Botswana,BWA,1980-06,national
Botswana,BWA,1980-07,national
Botswana,BWA,1980-08,national
Botswana,BWA,1980-09,national
Botswana,BWA,1980-10,national
Botswana,BWA,1980-11,national
Botswana,BWA,1980-12,national
Botswana,BWA,1981-01,national
Botswana,BWA,1981-02,national
Botswana,BWA,1981-03,national
Botswana,BWA,1981-04,national
Botswana,BWA,1981-05,national
Botswana,BWA,1981-06,national
Botswana,BWA,1981-07,national
Botswana,BWA,1981-08,national
Botswana,BWA,1981-09,national
Botswana,BWA,1981-10,national
Botswana,BWA,1981-11,national
Botswana,BWA,1981-12,national
Botswana,BWA,1982-01,national
Botswana,BWA,1982-02,national
Botswana,BWA,1982-03,national
Botswana,BWA,1982-04,national
Botswana,BWA,1982-05,national
Botswana,BWA,1982-06,national
Botswana,BWA,1982-07,national
Botswana,BWA,1982-08,national
Botswana,BWA,1982-09,national
Botswana,BWA,1982-10,national
Botswana,BWA,1982-11,national
Botswana,BWA,1982-12,national
Botswana,BWA,1983-01,national
Botswana,BWA,1983-02,national
Botswana,BWA,1983-03,national
Botswana,BWA,1983-04,national
Botswana,BWA,1983-05,national
Botswana,BWA,1983-06,national
Botswana,BWA,1983-07,national
Botswana,BWA,1983-08,national
Botswana,BWA,1983-09,national
Botswana,BWA,1983-10,national
Botswana,BWA,1983-11,national
Botswana,BWA,1983-12,national
Botswana,BWA,1984-01,national
Botswana,BWA,1984-02,national
Botswana,BWA,1984-03,national
Botswana,BWA,1984-04,national
Botswana,BWA,1984-05,national
Botswana,BWA,1984-06,national
Botswana,BWA,1984-07,national
Botswana,BWA,1984-08,national
Botswana,BWA,1984-09,national
Botswana,BWA,1984-10,national
Botswana,BWA,1984-11,national
Botswana,BWA,1984-12,national
Botswana,BWA,1985-01,national
Botswana,BWA,1985-02,national
Botswana,BWA,1985-03,national
Botswana,BWA,1985-04,national
Botswana,BWA,1985-05,national
Botswana,BWA,1985-06,national
Botswana,BWA,1985-07,national
Botswana,BWA,1985-08,national
Botswana,BWA,1985-09,national
Botswana,BWA,1985-10,national
Botswana,BWA,1985-11,national
Botswana,BWA,1985-12,national
Botswana,BWA,1986-01,national
Botswana,BWA,1986-02,national
Botswana,BWA,1986-03,national
Botswana,BWA,1986-04,national
Botswana,BWA,1986-05,national
Botswana,BWA,1986-06,national
Botswana,BWA,1986-07,national
Botswana,BWA,1986-08,national
Botswana,BWA,1986-09,national
Botswana,BWA,1986-10,national
Botswana,BWA,1986-11,national
Botswana,BWA,1986-12,national
Botswana,BWA,1987-01,national
Botswana,BWA,1987-02,national
Botswana,BWA,1987-03,national
Botswana,BWA,1987-04,national
Botswana,BWA,1987-05,national
Botswana,BWA,1987-06,national
Botswana,BWA,1987-07,national
Botswana,BWA,1987-08,national
Botswana,BWA,1987-09,national
Botswana,BWA,1987-10,national
Botswana,BWA,1987-11,national
Botswana,BWA,1987-12,national
Botswana,BWA,1988-01,national
Botswana,BWA,1988-02,national
Botswana,BWA,1988-03,national
Botswana,BWA,1988-04,national
Botswana,BWA,1988-05,national
Botswana,BWA,1988-06,national
Botswana,BWA,1988-07,national
Botswana,BWA,1988-08,national
Botswana,BWA,1988-09,national
Botswana,BWA,1988-10,national
Botswana,BWA,1988-11,national
Botswana,BWA,1988-12,national
Botswana,BWA,1989-01,national
Botswana,BWA,1989-02,national
Botswana,BWA,1989-03,national
Botswana,BWA,1989-04,national
Botswana,BWA,1989-05,national
Botswana,BWA,1989-06,national
Botswana,BWA,1989-07,national
Botswana,BWA,1989-08,national
Botswana,BWA,1989-09,national
Botswana,BWA,1989-10,national
Botswana,BWA,1989-11,national
Botswana,BWA,1989-12,national
Botswana,BWA,1990-01,national
Botswana,BWA,1990-02,national
Botswana,BWA,1990-03,national
Botswana,BWA,1990-04,national
Botswana,BWA,1990-05,national
Botswana,BWA,1990-06,national
Botswana,BWA,1990-07,national
Botswana,BWA,1990-08,national
Botswana,BWA,1990-09,national
Botswana,BWA,1990-10,national
Botswana,BWA,1990-11,national
Botswana,BWA,1990-12,national
Botswana,BWA,1991-01,national
Botswana,BWA,1991-02,national
Botswana,BWA,1991-03,national
Botswana,BWA,1991-04,national
Botswana,BWA,1991-05,national
Botswana,BWA,1991-06,national
Botswana,BWA,1991-07,national
Botswana,BWA,1991-08,national
Botswana,BWA,1991-09,national
Botswana,BWA,1991-10,national
Botswana,BWA,1991-11,national
Botswana,BWA,1991-12,national
Botswana,BWA,1992-01,national
Botswana,BWA,1992-02,national
Botswana,BWA,1992-03,national
Botswana,BWA,1992-04,national
Botswana,BWA,1992-05,national
Botswana,BWA,1992-06,national
Botswana,BWA,1992-07,national
Botswana,BWA,1992-08,national
Botswana,BWA,1992-09,national
Botswana,BWA,1992-10,national
Botswana,BWA,1992-11,national
Botswana,BWA,1992-12,national
Botswana,BWA,1993-01,national
Botswana,BWA,1993-02,national
Botswana,BWA,1993-03,national
Botswana,BWA,1993-04,national
Botswana,BWA,1993-05,national
Botswana,BWA,1993-06,national
Botswana,BWA,1993-07,national
Botswana,BWA,1993-08,national
Botswana,BWA,1993-09,national
Botswana,BWA,1993-10,national
Botswana,BWA,1993-11,national
Botswana,BWA,1993-12,national
Botswana,BWA,1994-01,national
Botswana,BWA,1994-02,national
Botswana,BWA,1994-03,national
Botswana,BWA,1994-04,national
Botswana,BWA,1994-05,national
Botswana,BWA,1994-06,national
Botswana,BWA,1994-07,national
Botswana,BWA,1994-08,national
Botswana,BWA,1994-09,national
Botswana,BWA,1994-10,national
Botswana,BWA,1994-11,national
Botswana,BWA,1994-12,national
Botswana,BWA,1995-01,national
Botswana,BWA,1995-02,national
Botswana,BWA,1995-03,national
Botswana,BWA,1995-04,national
Botswana,BWA,1995-05,national
Botswana,BWA,1995-06,national
Botswana,BWA,1995-07,national
Botswana,BWA,1995-08,national
Botswana,BWA,1995-09,national
Botswana,BWA,1995-10,national
Botswana,BWA,1995-11,national
Botswana,BWA,1995-12,national
Botswana,BWA,1996-01,national
Botswana,BWA,1996-02,national
Botswana,BWA,1996-03,national
Botswana,BWA,1996-04,national
Botswana,BWA,1996-05,national
Botswana,BWA,1996-06,national
Botswana,BWA,1996-07,national
Botswana,BWA,1996-08,national
Botswana,BWA,1996-09,national
Botswana,BWA,1996-10,national
Botswana,BWA,1996-11,national
Botswana,BWA,1996-12,national
Botswana,BWA,1997-01,national
Botswana,BWA,1997-02,national
Botswana,BWA,1997-03,national
Botswana,BWA,1997-04,national
Botswana,BWA,1997-05,national
Botswana,BWA,1997-06,national
Botswana,BWA,1997-07,national
Botswana,BWA,1997-08,national
Botswana,BWA,1997-09,national
Botswana,BWA,1997-10,national
Botswana,BWA,1997-11,national
Botswana,BWA,1997-12,national
Botswana,BWA,1998-01,national
Botswana,BWA,1998-02,national
Botswana,BWA,1998-03,national
Botswana,BWA,1998-04,national
Botswana,BWA,1998-05,national
Botswana,BWA,1998-06,national
Botswana,BWA,1998-07,national
Botswana,BWA,1998-08,national
Botswana,BWA,1998-09,national
Botswana,BWA,1998-10,national
Botswana,BWA,1998-11,national
Botswana,BWA,1998-12,national
Botswana,BWA,1999-01,national
Botswana,BWA,1999-02,national
Botswana,BWA,1999-03,national
Botswana,BWA,1999-04,national
Botswana,BWA,1999-05,national
Botswana,BWA,1999-06,national
Botswana,BWA,1999-07,national
Botswana,BWA,1999-08,national
Botswana,BWA,1999-09,national
Botswana,BWA,1999-10,national
Botswana,BWA,1999-11,national
Botswana,BWA,1999-12,national
Botswana,BWA,2000-01,national
Botswana,BWA,2000-02,national
Botswana,BWA,2000-03,national
Botswana,BWA,2000-04,national
Botswana,BWA,2000-05,national
Botswana,BWA,2000-06,national
Botswana,BWA,2000-07,national
Botswana,BWA,2000-08,national
Botswana,BWA,2000-09,national
Botswana,BWA,2000-10,national
Botswana,BWA,2000-11,national
Botswana,BWA,2000-12,national
Botswana,BWA,2001-01,national
Botswana,BWA,2001-02,national
Botswana,BWA,2001-03,national
Botswana,BWA,2001-04,national
Botswana,BWA,2001-05,national
Botswana,BWA,2001-06,national
Botswana,BWA,2001-07,national
Botswana,BWA,2001-08,national
Botswana,BWA,2001-09,national
Botswana,BWA,2001-10,national
Botswana,BWA,2001-11,national
Botswana,BWA,2001-12,national
Botswana,BWA,2002-01,national
Botswana,BWA,2002-02,national
Botswana,BWA,2002-03,national
Botswana,BWA,2002-04,national
Botswana,BWA,2002-05,national
Botswana,BWA,2002-06,national
Botswana,BWA,2002-07,national
Botswana,BWA,2002-08,national
Botswana,BWA,2002-09,national
Botswana,BWA,2002-10,national
Botswana,BWA,2002-11,national
Botswana,BWA,2002-12,national
Botswana,BWA,2003-01,national
Botswana,BWA,2003-02,national
Botswana,BWA,2003-03,national
Botswana,BWA,2003-04,national
Botswana,BWA,2003-05,national
Botswana,BWA,2003-06,national
Botswana,BWA,2003-07,national
Botswana,BWA,2003-08,national
Botswana,BWA,2003-09,national
Botswana,BWA,2003-10,national
Botswana,BWA,2003-11,national
Botswana,BWA,2003-12,national
Botswana,BWA,2004-01,national
Botswana,BWA,2004-02,national
Botswana,BWA,2004-03,national
Botswana,BWA,2004-04,national
Botswana,BWA,2004-05,national
Botswana,BWA,2004-06,national
Botswana,BWA,2004-07,national
Botswana,BWA,2004-08,national
Botswana,BWA,2004-09,national
Botswana,BWA,2004-10,national
Botswana,BWA,2004-11,national
Botswana,BWA,2004-12,national
Botswana,BWA,2007-01,national
Botswana,BWA,2007-02,national
Botswana,BWA,2007-03,national
Botswana,BWA,2007-04,national
Botswana,BWA,2007-05,national
Botswana,BWA,2007-06,national
Botswana,BWA,2007-07,national
Botswana,BWA,2007-08,national
Botswana,BWA,2007-09,national
Botswana,BWA,2007-10,national
Botswana,BWA,2007-11,national
Botswana,BWA,2007-12,national
Botswana,BWA,2010-01,national
Botswana,BWA,2010-02,national
Botswana,BWA,2010-03,national
Botswana,BWA,2010-04,national
Botswana,BWA,2010-05,national
Botswana,BWA,2010-06,national
Botswana,BWA,2010-07,national
Botswana,BWA,2010-08,national
Botswana,BWA,2010-09,national
Botswana,BWA,2010-10,national
Botswana,BWA,2010-11,national
Botswana,BWA,2010-12,national
Botswana,BWA,2022-01,national
Botswana,BWA,2022-02,national
Botswana,BWA,2022-03,national
Botswana,BWA,2022-04,national
Botswana,BWA,2022-05,national
Botswana,BWA,2022-06,national
Botswana,BWA,2022-07,national
Botswana,BWA,2022-08,national
Botswana,BWA,2022-09,national
Botswana,BWA,2022-10,national
Botswana,BWA,2022-11,national
Botswana,BWA,2022-12,national
Botswana,BWA,2024-01,national
Botswana,BWA,2024-02,national
Botswana,BWA,2024-03,national
Botswana,BWA,2024-04,national
Botswana,BWA,2024-05,national
Botswana,BWA,2024-06,national
Botswana,BWA,2024-07,national
Botswana,BWA,2024-08,national
Botswana,BWA,2024-09,national
Botswana,BWA,2024-10,national
Botswana,BWA,2024-11,national
Botswana,BWA,2024-12,national
Botswana,BWA,2025-01,national
Botswana,BWA,2025-02,national
Botswana,BWA,2025-03,national
Botswana,BWA,2025-04,national
Botswana,BWA,2025-05,national
Botswana,BWA,2025-06,national
Botswana,BWA,2025-07,national
Botswana,BWA,2025-08,national
Central African Republic,CAF,1970-01,national
Central African Republic,CAF,1970-02,national
Central African Republic,CAF,1970-03,national
Central African Republic,CAF,1970-04,national
Central African Republic,CAF,1970-05,national
Central African Republic,CAF,1970-06,national
Central African Republic,CAF,1970-07,national
Central African Republic,CAF,1970-08,national
Central African Republic,CAF,1970-09,national
Central African Republic,CAF,1970-10,national
Central African Republic,CAF,1970-11,national
Central African Republic,CAF,1970-12,national
Central African Republic,CAF,1971-01,national
Central African Republic,CAF,1971-02,national
Central African Republic,CAF,1971-03,national
Central African Republic,CAF,1971-04,national
Central African Republic,CAF,1971-05,national
Central African Republic,CAF,1971-06,national
Central African Republic,CAF,1971-07,national
Central African Republic,CAF,1971-08,national
Central African Republic,CAF,1971-09,national
Central African Republic,CAF,1971-10,national
Central African Republic,CAF,1971-11,national
Central African Republic,CAF,1971-12,national
Central African Republic,CAF,1972-01,national
Central African Republic,CAF,1972-02,national
Central African Republic,CAF,1972-03,national
Central African Republic,CAF,1972-04,national
Central African Republic,CAF,1972-05,national
Central African Republic,CAF,1972-06,national
Central African Republic,CAF,1972-07,national
Central African Republic,CAF,1972-08,national
Central African Republic,CAF,1972-09,national
Central African Republic,CAF,1972-10,national
Central African Republic,CAF,1972-11,national
Central African Republic,CAF,1972-12,national
Central African Republic,CAF,1973-01,national
Central African Republic,CAF,1973-02,national
Central African Republic,CAF,1973-03,national
Central African Republic,CAF,1973-04,national
Central African Republic,CAF,1973-05,national
Central African Republic,CAF,1973-06,national
Central African Republic,CAF,1973-07,national
Central African Republic,CAF,1973-08,national
Central African Republic,CAF,1973-09,national
Central African Republic,CAF,1973-10,national
Central African Republic,CAF,1973-11,national
Central African Republic,CAF,1973-12,national
Central African Republic,CAF,1974-01,national
Central African Republic,CAF,1974-02,national
Central African Republic,CAF,1974-03,national
Central African Republic,CAF,1974-04,national
Central African Republic,CAF,1974-05,national
Central African Republic,CAF,1974-06,national
Central African Republic,CAF,1974-07,national
Central African Republic,CAF,1974-08,national
Central African Republic,CAF,1974-09,national
Central African Republic,CAF,1974-10,national
Central African Republic,CAF,1974-11,national
Central African Republic,CAF,1974-12,national
Central African Republic,CAF,1975-01,national
Central African Republic,CAF,1975-02,national
Central African Republic,CAF,1975-03,national
Central African Republic,CAF,1975-04,national
Central African Republic,CAF,1975-05,national
Central African Republic,CAF,1975-06,national
Central African Republic,CAF,1975-07,national
Central African Republic,CAF,1975-08,national
Central African Republic,CAF,1975-09,national
Central African Republic,CAF,1975-10,national
Central African Republic,CAF,1975-11,national
Central African Republic,CAF,1975-12,national
Central African Republic,CAF,1976-01,national
Central African Republic,CAF,1976-02,national
Central African Republic,CAF,1976-03,national
Central African Republic,CAF,1976-04,national
Central African Republic,CAF,1976-05,national
Central African Republic,CAF,1976-06,national
Central African Republic,CAF,1976-07,national
Central African Republic,CAF,1976-08,national
Central African Republic,CAF,1976-09,national
Central African Republic,CAF,1976-10,national
Central African Republic,CAF,1976-11,national
Central African Republic,CAF,1976-12,national
Central African Republic,CAF,1977-01,national
Central African Republic,CAF,1977-02,national
Central African Republic,CAF,1977-03,national
Central African Republic,CAF,1977-04,national
Central African Republic,CAF,1977-05,national
Central African Republic,CAF,1977-06,national
Central African Republic,CAF,1977-07,national
Central African Republic,CAF,1977-08,national
Central African Republic,CAF,1977-09,national
Central African Republic,CAF,1977-10,national
Central African Republic,CAF,1977-11,national
Central African Republic,CAF,1977-12,national
Central African Republic,CAF,1978-01,national
Central African Republic,CAF,1978-02,national
Central African Republic,CAF,1978-03,national
Central African Republic,CAF,1978-04,national
Central African Republic,CAF,1978-05,national
Central African Republic,CAF,1978-06,national
Central African Republic,CAF,1978-07,national
Central African Republic,CAF,1978-08,national
Central African Republic,CAF,1978-09,national
Central African Republic,CAF,1978-10,national
Central African Republic,CAF,1978-11,national
Central African Republic,CAF,1978-12,national
Central African Republic,CAF,1979-01,national
Central African Republic,CAF,1979-02,national
Central African Republic,CAF,1979-03,national
Central African Republic,CAF,1979-04,national
Central African Republic,CAF,1979-05,national
Central African Republic,CAF,1979-06,national
Central African Republic,CAF,1979-07,national
Central African Republic,CAF,1979-08,national
Central African Republic,CAF,1979-09,national
Central African Republic,CAF,1979-10,national
Central African Republic,CAF,1979-11,national
Central African Republic,CAF,1979-12,national
Central African Republic,CAF,1980-01,national
Central African Republic,CAF,1980-02,national
Central African Republic,CAF,1980-03,national
Central African Republic,CAF,1980-04,national
Central African Republic,CAF,1980-05,national
Central African Republic,CAF,1980-06,national
Central African Republic,CAF,1980-07,national
Central African Republic,CAF,1980-08,national
Central African Republic,CAF,1980-09,national
Central African Republic,CAF,1980-10,national
Central African Republic,CAF,1980-11,national
Central African Republic,CAF,1980-12,national
Central African Republic,CAF,1981-01,national
Central African Republic,CAF,1981-02,national
Central African Republic,CAF,1981-03,national
Central African Republic,CAF,1981-04,national
Central African Republic,CAF,1981-05,national
Central African Republic,CAF,1981-06,national
Central African Republic,CAF,1981-07,national
Central African Republic,CAF,1981-08,national
Central African Republic,CAF,1981-09,national
Central African Republic,CAF,1981-10,national
Central African Republic,CAF,1981-11,national
Central African Republic,CAF,1981-12,national
Central African Republic,CAF,1982-01,national
Central African Republic,CAF,1982-02,national
Central African Republic,CAF,1982-03,national
Central African Republic,CAF,1982-04,national
Central African Republic,CAF,1982-05,national
Central African Republic,CAF,1982-06,national
Central African Republic,CAF,1982-07,national
Central African Republic,CAF,1982-08,national
Central African Republic,CAF,1982-09,national
Central African Republic,CAF,1982-10,national
Central African Republic,CAF,1982-11,national
Central African Republic,CAF,1982-12,national
Central African Republic,CAF,1983-01,national
Central African Republic,CAF,1983-02,national
Central African Republic,CAF,1983-03,national
Central African Republic,CAF,1983-04,national
Central African Republic,CAF,1983-05,national
Central African Republic,CAF,1983-06,national
Central African Republic,CAF,1983-07,national
Central African Republic,CAF,1983-08,national
Central African Republic,CAF,1983-09,national
Central African Republic,CAF,1983-10,national
Central African Republic,CAF,1983-11,national
Central African Republic,CAF,1983-12,national
Central African Republic,CAF,1984-01,national
Central African Republic,CAF,1984-02,national
Central African Republic,CAF,1984-03,national
Central African Republic,CAF,1984-04,national
Central African Republic,CAF,1984-05,national
Central African Republic,CAF,1984-06,national
Central African Republic,CAF,1984-07,national
Central African Republic,CAF,1984-08,national
Central African Republic,CAF,1984-09,national
Central African Republic,CAF,1984-10,national
Central African Republic,CAF,1984-11,national
Central African Republic,CAF,1984-12,national
Central African Republic,CAF,1985-01,national
Central African Republic,CAF,1985-02,national
Central African Republic,CAF,1985-03,national
Central African Republic,CAF,1985-04,national
Central African Republic,CAF,1985-05,national
Central African Republic,CAF,1985-06,national
Central African Republic,CAF,1985-07,national
Central African Republic,CAF,1985-08,national
Central African Republic,CAF,1985-09,national
Central African Republic,CAF,1985-10,national
Central African Republic,CAF,1985-11,national
Central African Republic,CAF,1985-12,national
Central African Republic,CAF,1986-01,national
Central African Republic,CAF,1986-02,national
Central African Republic,CAF,1986-03,national
Central African Republic,CAF,1986-04,national
Central African Republic,CAF,1986-05,national
Central African Republic,CAF,1986-06,national
Central African Republic,CAF,1986-07,national
Central African Republic,CAF,1986-08,national
Central African Republic,CAF,1986-09,national
Central African Republic,CAF,1986-10,national
Central African Republic,CAF,1986-11,national
Central African Republic,CAF,1986-12,national
Central African Republic,CAF,1987-01,national
Central African Republic,CAF,1987-02,national
Central African Republic,CAF,1987-03,national
Central African Republic,CAF,1987-04,national
Central African Republic,CAF,1987-05,national
Central African Republic,CAF,1987-06,national
Central African Republic,CAF,1987-07,national
Central African Republic,CAF,1987-08,national
Central African Republic,CAF,1987-09,national
Central African Republic,CAF,1987-10,national
Central African Republic,CAF,1987-11,national
Central African Republic,CAF,1987-12,national
Central African Republic,CAF,1988-01,national
Central African Republic,CAF,1988-02,national
Central African Republic,CAF,1988-03,national
Central African Republic,CAF,1988-04,national
Central African Republic,CAF,1988-05,national
Central African Republic,CAF,1988-06,national
Central African Republic,CAF,1988-07,national
Central African Republic,CAF,1988-08,national
Central African Republic,CAF,1988-09,national
Central African Republic,CAF,1988-10,national
Central African Republic,CAF,1988-11,national
Central African Republic,CAF,1988-12,national
Central African Republic,CAF,1989-01,national
Central African Republic,CAF,1989-02,national
Central African Republic,CAF,1989-03,national
Central African Republic,CAF,1989-04,national
Central African Republic,CAF,1989-05,national
Central African Republic,CAF,1989-06,national
Central African Republic,CAF,1989-07,national
Central African Republic,CAF,1989-08,national
Central African Republic,CAF,1989-09,national
Central African Republic,CAF,1989-10,national
Central African Republic,CAF,1989-11,national
Central African Republic,CAF,1989-12,national
Central African Republic,CAF,1990-01,national
Central African Republic,CAF,1990-02,national
Central African Republic,CAF,1990-03,national
Central African Republic,CAF,1990-04,national
Central African Republic,CAF,1990-05,national
Central African Republic,CAF,1990-06,national
Central African Republic,CAF,1990-07,national
Central African Republic,CAF,1990-08,national
Central African Republic,CAF,1990-09,national
Central African Republic,CAF,1990-10,national
Central African Republic,CAF,1990-11,national
Central African Republic,CAF,1990-12,national
Central African Republic,CAF,1991-01,national
Central African Republic,CAF,1991-02,national
Central African Republic,CAF,1991-03,national
Central African Republic,CAF,1991-04,national
Central African Republic,CAF,1991-05,national
Central African Republic,CAF,1991-06,national
Central African Republic,CAF,1991-07,national
Central African Republic,CAF,1991-08,national
Central African Republic,CAF,1991-09,national
Central African Republic,CAF,1991-10,national
Central African Republic,CAF,1991-11,national
Central African Republic,CAF,1991-12,national
Central African Republic,CAF,1992-01,national
Central African Republic,CAF,1992-02,national
Central African Republic,CAF,1992-03,national
Central African Republic,CAF,1992-04,national
Central African Republic,CAF,1992-05,national
Central African Republic,CAF,1992-06,national
Central African Republic,CAF,1992-07,national
Central African Republic,CAF,1992-08,national
Central African Republic,CAF,1992-09,national
Central African Republic,CAF,1992-10,national
Central African Republic,CAF,1992-11,national
Central African Republic,CAF,1992-12,national
Central African Republic,CAF,1993-01,national
Central African Republic,CAF,1993-02,national
Central African Republic,CAF,1993-03,national
Central African Republic,CAF,1993-04,national
Central African Republic,CAF,1993-05,national
Central African Republic,CAF,1993-06,national
Central African Republic,CAF,1993-07,national
Central African Republic,CAF,1993-08,national
Central African Republic,CAF,1993-09,national
Central African Republic,CAF,1993-10,national
Central African Republic,CAF,1993-11,national
Central African Republic,CAF,1993-12,national
Central African Republic,CAF,1994-01,national
Central African Republic,CAF,1994-02,national
Central African Republic,CAF,1994-03,national
Central African Republic,CAF,1994-04,national
Central African Republic,CAF,1994-05,national
Central African Republic,CAF,1994-06,national
Central African Republic,CAF,1994-07,national
Central African Republic,CAF,1994-08,national
Central African Republic,CAF,1994-09,national
Central African Republic,CAF,1994-10,national
Central African Republic,CAF,1994-11,national
Central African Republic,CAF,1994-12,national
Central African Republic,CAF,1995-01,national
Central African Republic,CAF,1995-02,national
Central African Republic,CAF,1995-03,national
Central African Republic,CAF,1995-04,national
Central African Republic,CAF,1995-05,national
Central African Republic,CAF,1995-06,national
Central African Republic,CAF,1995-07,national
Central African Republic,CAF,1995-08,national
Central African Republic,CAF,1995-09,national
Central African Republic,CAF,1995-10,national
Central African Republic,CAF,1995-11,national
Central African Republic,CAF,1995-12,national
Central African Republic,CAF,1996-01,national
Central African Republic,CAF,1996-02,national
Central African Republic,CAF,1996-03,national
Central African Republic,CAF,1996-04,national
Central African Republic,CAF,1996-05,national
Central African Republic,CAF,1996-06,national
Central African Republic,CAF,1996-07,national
Central African Republic,CAF,1996-08,national
Central African Republic,CAF,1996-09,national
Central African Republic,CAF,1996-10,national
Central African Republic,CAF,1996-11,national
Central African Republic,CAF,1996-12,national
Central African Republic,CAF,1999-01,national
Central African Republic,CAF,1999-02,national
Central African Republic,CAF,1999-03,national
Central African Republic,CAF,1999-04,national
Central African Republic,CAF,1999-05,national
Central African Republic,CAF,1999-06,national
Central African Republic,CAF,1999-07,national
Central African Republic,CAF,1999-08,national
Central African Republic,CAF,1999-09,national
Central African Republic,CAF,1999-10,national
Central African Republic,CAF,1999-11,national
Central African Republic,CAF,1999-12,national
Central African Republic,CAF,2000-01,national
Central African Republic,CAF,2000-02,national
Central African Republic,CAF,2000-03,national
Central African Republic,CAF,2000-04,national
Central African Republic,CAF,2000-05,national
Central African Republic,CAF,2000-06,national
Central African Republic,CAF,2000-07,national
Central African Republic,CAF,2000-08,national
Central African Republic,CAF,2000-09,national
Central African Republic,CAF,2000-10,national
Central African Republic,CAF,2000-11,national
Central African Republic,CAF,2000-12,national
Central African Republic,CAF,2001-01,national
Central African Republic,CAF,2001-02,national
Central African Republic,CAF,2001-03,national
Central African Republic,CAF,2001-04,national
Central African Republic,CAF,2001-05,national
Central African Republic,CAF,2001-06,national
Central African Republic,CAF,2001-07,national
Central African Republic,CAF,2001-08,national
Central African Republic,CAF,2001-09,national
Central African Republic,CAF,2001-10,national
Central African Republic,CAF,2001-11,national
Central African Republic,CAF,2001-12,national
Central African Republic,CAF,2002-01,national
Central African Republic,CAF,2002-02,national
Central African Republic,CAF,2002-03,national
Central African Republic,CAF,2002-04,national
Central African Republic,CAF,2002-05,national
Central African Republic,CAF,2002-06,national
Central African Republic,CAF,2002-07,national
Central African Republic,CAF,2002-08,national
Central African Republic,CAF,2002-09,national
Central African Republic,CAF,2002-10,national
Central African Republic,CAF,2002-11,national
Central African Republic,CAF,2002-12,national
Central African Republic,CAF,2003-01,national
Central African Republic,CAF,2003-02,national
Central African Republic,CAF,2003-03,national
Central African Republic,CAF,2003-04,national
Central African Republic,CAF,2003-05,national
Central African Republic,CAF,2003-06,national
Central African Republic,CAF,2003-07,national
Central African Republic,CAF,2003-08,national
Central African Republic,CAF,2003-09,national
Central African Republic,CAF,2003-10,national
Central African Republic,CAF,2003-11,national
Central African Republic,CAF,2003-12,national
Central African Republic,CAF,2007-01,national
Central African Republic,CAF,2007-02,national
Central African Republic,CAF,2007-03,national
Central African Republic,CAF,2007-04,national
Central African Republic,CAF,2007-05,national
Central African Republic,CAF,2007-06,national
Central African Republic,CAF,2007-07,national
Central African Republic,CAF,2007-08,national
Central African Republic,CAF,2007-09,national
Central African Republic,CAF,2007-10,national
Central African Republic,CAF,2007-11,national
Central African Republic,CAF,2007-12,national
Central African Republic,CAF,2008-01,national
Central African Republic,CAF,2008-02,national
Central African Republic,CAF,2008-03,national
Central African Republic,CAF,2008-04,national
Central African Republic,CAF,2008-05,national
Central African Republic,CAF,2008-06,national
Central African Republic,CAF,2008-07,national
Central African Republic,CAF,2008-08,national
Central African Republic,CAF,2008-09,national
Central African Republic,CAF,2008-10,national
Central African Republic,CAF,2008-11,national
Central African Republic,CAF,2008-12,national
Central African Republic,CAF,2009-01,national
Central African Republic,CAF,2009-02,national
Central African Republic,CAF,2009-03,national
Central African Republic,CAF,2009-04,national
Central African Republic,CAF,2009-05,national
Central African Republic,CAF,2009-06,national
Central African Republic,CAF,2009-07,national
Central African Republic,CAF,2009-08,national
Central African Republic,CAF,2009-09,national
Central African Republic,CAF,2009-10,national
Central African Republic,CAF,2009-11,national
Central African Republic,CAF,2009-12,national
Central African Republic,CAF,2010-01,national
Central African Republic,CAF,2010-02,national
Central African Republic,CAF,2010-03,national
Central African Republic,CAF,2010-04,national
Central African Republic,CAF,2010-05,national
Central African Republic,CAF,2010-06,national
Central African Republic,CAF,2010-07,national
Central African Republic,CAF,2010-08,national
Central African Republic,CAF,2010-09,national
Central African Republic,CAF,2010-10,national
Central African Republic,CAF,2010-11,national
Central African Republic,CAF,2010-12,national
Central African Republic,CAF,2013-01,national
Central African Republic,CAF,2013-02,national
Central African Republic,CAF,2013-03,national
Central African Republic,CAF,2013-04,national
Central African Republic,CAF,2013-05,national
Central African Republic,CAF,2013-06,national
Central African Republic,CAF,2013-07,national
Central African Republic,CAF,2013-08,national
Central African Republic,CAF,2013-09,national
Central African Republic,CAF,2013-10,national
Central African Republic,CAF,2013-11,national
Central African Republic,CAF,2024-04,national
Central African Republic,CAF,2024-05,national
Central African Republic,CAF,2024-06,national
Central African Republic,CAF,2024-07,national
Central African Republic,CAF,2024-08,national
Central African Republic,CAF,2024-09,national
Central African Republic,CAF,2024-10,national
Central African Republic,CAF,2024-11,national
Central African Republic,CAF,2024-12,national
Central African Republic,CAF,2025-01,national
Central African Republic,CAF,2025-02,national
Central African Republic,CAF,2025-03,national
Central African Republic,CAF,2025-04,national
Central African Republic,CAF,2025-05,national
Central African Republic,CAF,2025-06,national
Central African Republic,CAF,2025-07,national
Central African Republic,CAF,2025-08,national
Côte d'Ivoire,CIV,1972-01,national
Côte d'Ivoire,CIV,1972-02,national
Côte d'Ivoire,CIV,1972-03,national
Côte d'Ivoire,CIV,1972-04,national
Côte d'Ivoire,CIV,1972-05,national
Côte d'Ivoire,CIV,1972-06,national
Côte d'Ivoire,CIV,1972-07,national
Côte d'Ivoire,CIV,1972-08,national
Côte d'Ivoire,CIV,1972-09,national
Côte d'Ivoire,CIV,1972-10,national
Côte d'Ivoire,CIV,1972-11,national
Côte d'Ivoire,CIV,1972-12,national
Côte d'Ivoire,CIV,1973-01,national
Côte d'Ivoire,CIV,1973-02,national
Côte d'Ivoire,CIV,1973-03,national
Côte d'Ivoire,CIV,1973-04,national
Côte d'Ivoire,CIV,1973-05,national
Côte d'Ivoire,CIV,1973-06,national
Côte d'Ivoire,CIV,1973-07,national
Côte d'Ivoire,CIV,1973-08,national
Côte d'Ivoire,CIV,1973-09,national
Côte d'Ivoire,CIV,1973-10,national
Côte d'Ivoire,CIV,1973-11,national
Côte d'Ivoire,CIV,1973-12,national
Côte d'Ivoire,CIV,1974-01,national
Côte d'Ivoire,CIV,1974-02,national
Côte d'Ivoire,CIV,1974-03,national
Côte d'Ivoire,CIV,1974-04,national
Côte d'Ivoire,CIV,1974-05,national
Côte d'Ivoire,CIV,1974-06,national
Côte d'Ivoire,CIV,1974-07,national
Côte d'Ivoire,CIV,1974-08,national
Côte d'Ivoire,CIV,1974-09,national
Côte d'Ivoire,CIV,1974-10,national
Côte d'Ivoire,CIV,1974-11,national
Côte d'Ivoire,CIV,1974-12,national
Côte d'Ivoire,CIV,1975-01,national
Côte d'Ivoire,CIV,1975-02,national
Côte d'Ivoire,CIV,1975-03,national
Côte d'Ivoire,CIV,1975-04,national
Côte d'Ivoire,CIV,1975-05,national
Côte d'Ivoire,CIV,1975-06,national
Côte d'Ivoire,CIV,1975-07,national
Côte d'Ivoire,CIV,1975-08,national
Côte d'Ivoire,CIV,1975-09,national
Côte d'Ivoire,CIV,1975-10,national
Côte d'Ivoire,CIV,1975-11,national
Côte d'Ivoire,CIV,1975-12,national
Côte d'Ivoire,CIV,1976-01,national
Côte d'Ivoire,CIV,1976-02,national
Côte d'Ivoire,CIV,1976-03,national
Côte d'Ivoire,CIV,1976-04,national
Côte d'Ivoire,CIV,1976-05,national
Côte d'Ivoire,CIV,1976-06,national
Côte d'Ivoire,CIV,1976-07,national
Côte d'Ivoire,CIV,1976-08,national
Côte d'Ivoire,CIV,1976-09,national
Côte d'Ivoire,CIV,1976-10,national
Côte d'Ivoire,CIV,1976-11,national
Côte d'Ivoire,CIV,1976-12,national
Côte d'Ivoire,CIV,1977-01,national
Côte d'Ivoire,CIV,1977-02,national
Côte d'Ivoire,CIV,1977-03,national
Côte d'Ivoire,CIV,1977-04,national
Côte d'Ivoire,CIV,1977-05,national
Côte d'Ivoire,CIV,1977-06,national
Côte d'Ivoire,CIV,1977-07,national
Côte d'Ivoire,CIV,1977-08,national
Côte d'Ivoire,CIV,1977-09,national
Côte d'Ivoire,CIV,1977-10,national
Côte d'Ivoire,CIV,1977-11,national
Côte d'Ivoire,CIV,1977-12,national
Côte d'Ivoire,CIV,1978-01,national
Côte d'Ivoire,CIV,1978-02,national
Côte d'Ivoire,CIV,1978-03,national
Côte d'Ivoire,CIV,1978-04,national
Côte d'Ivoire,CIV,1978-05,national
Côte d'Ivoire,CIV,1978-06,national
Côte d'Ivoire,CIV,1978-07,national
Côte d'Ivoire,CIV,1978-08,national
Côte d'Ivoire,CIV,1978-09,national
Côte d'Ivoire,CIV,1978-10,national
Côte d'Ivoire,CIV,1978-11,national
Côte d'Ivoire,CIV,1978-12,national
Côte d'Ivoire,CIV,1980-01,national
Côte d'Ivoire,CIV,1980-02,national
Côte d'Ivoire,CIV,1980-03,national
Côte d'Ivoire,CIV,1980-04,national
Côte d'Ivoire,CIV,1980-05,national
Côte d'Ivoire,CIV,1980-06,national
Côte d'Ivoire,CIV,1980-07,national
Côte d'Ivoire,CIV,1980-08,national
Côte d'Ivoire,CIV,1980-09,national
Côte d'Ivoire,CIV,1980-10,national
Côte d'Ivoire,CIV,1980-11,national
Côte d'Ivoire,CIV,1980-12,national
Côte d'Ivoire,CIV,1981-01,national
Côte d'Ivoire,CIV,1981-02,national
Côte d'Ivoire,CIV,1981-03,national
Côte d'Ivoire,CIV,1981-04,national
Côte d'Ivoire,CIV,1981-05,national
Côte d'Ivoire,CIV,1981-06,national
Côte d'Ivoire,CIV,1981-07,national
Côte d'Ivoire,CIV,1981-08,national
Côte d'Ivoire,CIV,1981-09,national
Côte d'Ivoire,CIV,1981-10,national
Côte d'Ivoire,CIV,1981-11,national
Côte d'Ivoire,CIV,1981-12,national
Côte d'Ivoire,CIV,1983-01,national
Côte d'Ivoire,CIV,1983-02,national
Côte d'Ivoire,CIV,1983-03,national
Côte d'Ivoire,CIV,1983-04,national
Côte d'Ivoire,CIV,1983-05,national
Côte d'Ivoire,CIV,1983-06,national
Côte d'Ivoire,CIV,1983-07,national
Côte d'Ivoire,CIV,1983-08,national
Côte d'Ivoire,CIV,1983-09,national
Côte d'Ivoire,CIV,1983-10,national
Côte d'Ivoire,CIV,1983-11,national
Côte d'Ivoire,CIV,1983-12,national
Côte d'Ivoire,CIV,1984-01,national
Côte d'Ivoire,CIV,1984-02,national
Côte d'Ivoire,CIV,1984-03,national
Côte d'Ivoire,CIV,1984-04,national
Côte d'Ivoire,CIV,1984-05,national
Côte d'Ivoire,CIV,1984-06,national
Côte d'Ivoire,CIV,1984-07,national
Côte d'Ivoire,CIV,1984-08,national
Côte d'Ivoire,CIV,1984-09,national
Côte d'Ivoire,CIV,1984-10,national
Côte d'Ivoire,CIV,1984-11,national
Côte d'Ivoire,CIV,1984-12,national
Côte d'Ivoire,CIV,1985-01,national
Côte d'Ivoire,CIV,1985-02,national
Côte d'Ivoire,CIV,1985-03,national
Côte d'Ivoire,CIV,1985-04,national
Côte d'Ivoire,CIV,1985-05,national
Côte d'Ivoire,CIV,1985-06,national
Côte d'Ivoire,CIV,1985-07,national
Côte d'Ivoire,CIV,1985-08,national
Côte d'Ivoire,CIV,1985-09,national
Côte d'Ivoire,CIV,1985-10,national
Côte d'Ivoire,CIV,1985-11,national
Côte d'Ivoire,CIV,1985-12,national
Côte d'Ivoire,CIV,1986-01,national
Côte d'Ivoire,CIV,1986-02,national
Côte d'Ivoire,CIV,1986-03,national
Côte d'Ivoire,CIV,1986-04,national
Côte d'Ivoire,CIV,1986-05,national
Côte d'Ivoire,CIV,1986-06,national
Côte d'Ivoire,CIV,1986-07,national
Côte d'Ivoire,CIV,1986-08,national
Côte d'Ivoire,CIV,1986-09,national
Côte d'Ivoire,CIV,1986-10,national
Côte d'Ivoire,CIV,1986-11,national
Côte d'Ivoire,CIV,1986-12,national
Côte d'Ivoire,CIV,1987-01,national
Côte d'Ivoire,CIV,1987-02,national
Côte d'Ivoire,CIV,1987-03,national
Côte d'Ivoire,CIV,1987-04,national
Côte d'Ivoire,CIV,1987-05,national
Côte d'Ivoire,CIV,1987-06,national
Côte d'Ivoire,CIV,1987-07,national
Côte d'Ivoire,CIV,1987-08,national
Côte d'Ivoire,CIV,1987-09,national
Côte d'Ivoire,CIV,1987-10,national
Côte d'Ivoire,CIV,1987-11,national
Côte d'Ivoire,CIV,1987-12,national
Côte d'Ivoire,CIV,1988-01,national
Côte d'Ivoire,CIV,1988-02,national
Côte d'Ivoire,CIV,1988-03,national
Côte d'Ivoire,CIV,1988-04,national
Côte d'Ivoire,CIV,1988-05,national
Côte d'Ivoire,CIV,1988-06,national
Côte d'Ivoire,CIV,1988-07,national
Côte d'Ivoire,CIV,1988-08,national
Côte d'Ivoire,CIV,1988-09,national
Côte d'Ivoire,CIV,1988-10,national
Côte d'Ivoire,CIV,1988-11,national
Côte d'Ivoire,CIV,1988-12,national
Côte d'Ivoire,CIV,1989-01,national
Côte d'Ivoire,CIV,1989-02,national
Côte d'Ivoire,CIV,1989-03,national
Côte d'Ivoire,CIV,1989-04,national
Côte d'Ivoire,CIV,1989-05,national
Côte d'Ivoire,CIV,1989-06,national
Côte d'Ivoire,CIV,1989-07,national
Côte d'Ivoire,CIV,1989-08,national
Côte d'Ivoire,CIV,1989-09,national
Côte d'Ivoire,CIV,1989-10,national
Côte d'Ivoire,CIV,1989-11,national
Côte d'Ivoire,CIV,1989-12,national
Côte d'Ivoire,CIV,1990-01,national
Côte d'Ivoire,CIV,1990-02,national
Côte d'Ivoire,CIV,1990-03,national
Côte d'Ivoire,CIV,1990-04,national
Côte d'Ivoire,CIV,1990-05,national
Côte d'Ivoire,CIV,1990-06,national
Côte d'Ivoire,CIV,1990-07,national
Côte d'Ivoire,CIV,1990-08,national
Côte d'Ivoire,CIV,1990-09,national
Côte d'Ivoire,CIV,1990-10,national
Côte d'Ivoire,CIV,1990-11,national
Côte d'Ivoire,CIV,1990-12,national
Côte d'Ivoire,CIV,1997-01,national
Côte d'Ivoire,CIV,1997-02,national
Côte d'Ivoire,CIV,1997-03,national
Côte d'Ivoire,CIV,1997-04,national
Côte d'Ivoire,CIV,1997-05,national
Côte d'Ivoire,CIV,1997-06,national
Côte d'Ivoire,CIV,1997-07,national
Côte d'Ivoire,CIV,1997-08,national
Côte d'Ivoire,CIV,1997-09,national
Côte d'Ivoire,CIV,1997-10,national
Côte d'Ivoire,CIV,1997-11,national
Côte d'Ivoire,CIV,1997-12,national
Côte d'Ivoire,CIV,1998-01,national
Côte d'Ivoire,CIV,1998-02,national
Côte d'Ivoire,CIV,1998-03,national
Côte d'Ivoire,CIV,1998-04,national
Côte d'Ivoire,CIV,1998-05,national
Côte d'Ivoire,CIV,1998-06,national
Côte d'Ivoire,CIV,1998-07,national
Côte d'Ivoire,CIV,1998-08,national
Côte d'Ivoire,CIV,1998-09,national
Côte d'Ivoire,CIV,1998-10,national
Côte d'Ivoire,CIV,1998-11,national
Côte d'Ivoire,CIV,1998-12,national
Côte d'Ivoire,CIV,1999-01,national
Côte d'Ivoire,CIV,1999-02,national
Côte d'Ivoire,CIV,1999-03,national
Côte d'Ivoire,CIV,1999-04,national
Côte d'Ivoire,CIV,1999-05,national
Côte d'Ivoire,CIV,1999-06,national
Côte d'Ivoire,CIV,1999-07,national
Côte d'Ivoire,CIV,1999-08,national
Côte d'Ivoire,CIV,1999-09,national
Côte d'Ivoire,CIV,1999-10,national
Côte d'Ivoire,CIV,1999-11,national
Côte d'Ivoire,CIV,1999-12,national
Côte d'Ivoire,CIV,2000-01,national
Côte d'Ivoire,CIV,2000-02,national
Côte d'Ivoire,CIV,2000-03,national
Côte d'Ivoire,CIV,2000-04,national
Côte d'Ivoire,CIV,2000-05,national
Côte d'Ivoire,CIV,2000-06,national
Côte d'Ivoire,CIV,2000-07,national
Côte d'Ivoire,CIV,2000-08,national
Côte d'Ivoire,CIV,2000-09,national
Côte d'Ivoire,CIV,2000-10,national
Côte d'Ivoire,CIV,2000-11,national
Côte d'Ivoire,CIV,2000-12,national
Côte d'Ivoire,CIV,2020-03,national
Côte d'Ivoire,CIV,2020-04,national
Côte d'Ivoire,CIV,2020-05,national
Côte d'Ivoire,CIV,2020-06,national
Côte d'Ivoire,CIV,2020-07,national
Côte d'Ivoire,CIV,2020-08,national
Côte d'Ivoire,CIV,2020-09,national
Côte d'Ivoire,CIV,2020-10,national
Côte d'Ivoire,CIV,2020-11,national
Côte d'Ivoire,CIV,2020-12,national
Côte d'Ivoire,CIV,2024-04,national
Côte d'Ivoire,CIV,2024-05,national
Côte d'Ivoire,CIV,2024-06,national
Côte d'Ivoire,CIV,2024-07,national
Côte d'Ivoire,CIV,2024-08,national
Côte d'Ivoire,CIV,2024-09,national
Côte d'Ivoire,CIV,2024-10,national
Côte d'Ivoire,CIV,2024-11,national
Côte d'Ivoire,CIV,2024-12,national
Côte d'Ivoire,CIV,2025-01,national
Côte d'Ivoire,CIV,2025-02,national
Côte d'Ivoire,CIV,2025-03,national
Côte d'Ivoire,CIV,2025-04,national
Côte d'Ivoire,CIV,2025-05,national
Côte d'Ivoire,CIV,2025-06,national
Côte d'Ivoire,CIV,2025-07,national
Côte d'Ivoire,CIV,2025-08,national
Cameroon,CMR,1970-01,national
Cameroon,CMR,1970-02,national
Cameroon,CMR,1970-03,national
Cameroon,CMR,1970-04,national
Cameroon,CMR,1970-05,national
Cameroon,CMR,1970-06,national
Cameroon,CMR,1970-07,national
Cameroon,CMR,1970-08,national
Cameroon,CMR,1970-09,national
Cameroon,CMR,1970-10,national
Cameroon,CMR,1970-11,national
Cameroon,CMR,1970-12,national
Cameroon,CMR,1977-01,national
Cameroon,CMR,1977-02,national
Cameroon,CMR,1977-03,national
Cameroon,CMR,1977-04,national
Cameroon,CMR,1977-05,national
Cameroon,CMR,1977-06,national
Cameroon,CMR,1977-07,national
Cameroon,CMR,1977-08,national
Cameroon,CMR,1977-09,national
Cameroon,CMR,1977-10,national
Cameroon,CMR,1977-11,national
Cameroon,CMR,1977-12,national
Cameroon,CMR,2024-12,national
Cameroon,CMR,2025-01,national
Cameroon,CMR,2025-02,national
Cameroon,CMR,2025-03,national
Cameroon,CMR,2025-04,national
Cameroon,CMR,2025-05,national
Cameroon,CMR,2025-06,national
Cameroon,CMR,2025-07,national
Cameroon,CMR,2025-08,national
Democratic Republic of Congo,COD,1970-01,national
Democratic Republic of Congo,COD,1970-02,national
Democratic Republic of Congo,COD,1970-03,national
Democratic Republic of Congo,COD,1970-04,national
Democratic Republic of Congo,COD,1970-05,national
Democratic Republic of Congo,COD,1970-06,national
Democratic Republic of Congo,COD,1970-07,national
Democratic Republic of Congo,COD,1970-08,national
Democratic Republic of Congo,COD,1970-09,national
Democratic Republic of Congo,COD,1970-10,national
Democratic Republic of Congo,COD,1970-11,national
Democratic Republic of Congo,COD,1970-12,national
Democratic Republic of Congo,COD,1971-01,national
Democratic Republic of Congo,COD,1971-02,national
Democratic Republic of Congo,COD,1971-03,national
Democratic Republic of Congo,COD,1971-04,national
Democratic Republic of Congo,COD,1971-05,national
Democratic Republic of Congo,COD,1971-06,national
Democratic Republic of Congo,COD,1971-07,national
Democratic Republic of Congo,COD,1971-08,national
Democratic Republic of Congo,COD,1971-09,national
Democratic Republic of Congo,COD,1971-10,national
Democratic Republic of Congo,COD,1971-11,national
Democratic Republic of Congo,COD,1971-12,national
Democratic Republic of Congo,COD,1972-01,national
Democratic Republic of Congo,COD,1972-02,national
Democratic Republic of Congo,COD,1972-03,national
Democratic Republic of Congo,COD,1972-04,national
Democratic Republic of Congo,COD,1972-05,national
Democratic Republic of Congo,COD,1972-06,national
Democratic Republic of Congo,COD,1972-07,national
Democratic Republic of Congo,COD,1972-08,national
Democratic Republic of Congo,COD,1972-09,national
Democratic Republic of Congo,COD,1972-10,national
Democratic Republic of Congo,COD,1972-11,national
Democratic Republic of Congo,COD,1972-12,national
Democratic Republic of Congo,COD,1973-01,national
Democratic Republic of Congo,COD,1973-02,national
Democratic Republic of Congo,COD,1973-03,national
Democratic Republic of Congo,COD,1973-04,national
Democratic Republic of Congo,COD,1973-05,national
Democratic Republic of Congo,COD,1973-06,national
Democratic Republic of Congo,COD,1973-07,national
Democratic Republic of Congo,COD,1973-08,national
Democratic Republic of Congo,COD,1973-09,national
Democratic Republic of Congo,COD,1973-10,national
Democratic Republic of Congo,COD,1973-11,national
Democratic Republic of Congo,COD,1973-12,national
Democratic Republic of Congo,COD,1974-01,national
Democratic Republic of Congo,COD,1974-02,national
Democratic Republic of Congo,COD,1974-03,national
Democratic Republic of Congo,COD,1974-04,national
Democratic Republic of Congo,COD,1974-05,national
Democratic Republic of Congo,COD,1974-06,national
Democratic Republic of Congo,COD,1974-07,national
Democratic Republic of Congo,COD,1974-08,national
Democratic Republic of Congo,COD,1974-09,national
Democratic Republic of Congo,COD,1974-10,national
Democratic Republic of Congo,COD,1974-11,national
Democratic Republic of Congo,COD,1974-12,national
Democratic Republic of Congo,COD,1975-01,national
Democratic Republic of Congo,COD,1975-02,national
Democratic Republic of Congo,COD,1975-03,national
Democratic Republic of Congo,COD,1975-04,national
Democratic Republic of Congo,COD,1975-05,national
Democratic Republic of Congo,COD,1975-06,national
Democratic Republic of Congo,COD,1975-07,national
Democratic Republic of Congo,COD,1975-08,national
Democratic Republic of Congo,COD,1975-09,national
Democratic Republic of Congo,COD,1975-10,national
Democratic Republic of Congo,COD,1975-11,national
Democratic Republic of Congo,COD,1975-12,national
Democratic Republic of Congo,COD,1976-01,national
Democratic Republic of Congo,COD,1976-02,national
Democratic Republic of Congo,COD,1976-03,national
Democratic Republic of Congo,COD,1976-04,national
Democratic Republic of Congo,COD,1976-05,national
Democratic Republic of Congo,COD,1976-06,national
Democratic Republic of Congo,COD,1976-07,national
Democratic Republic of Congo,COD,1976-08,national
Democratic Republic of Congo,COD,1976-09,national
Democratic Republic of Congo,COD,1976-10,national
Democratic Republic of Congo,COD,1976-11,national
Democratic Republic of Congo,COD,1976-12,national
Democratic Republic of Congo,COD,1977-01,national
Democratic Republic of Congo,COD,1977-02,national
Democratic Republic of Congo,COD,1977-03,national
Democratic Republic of Congo,COD,1977-04,national
Democratic Republic of Congo,COD,1977-05,national
Democratic Republic of Congo,COD,1977-06,national
Democratic Republic of Congo,COD,1977-07,national
Democratic Republic of Congo,COD,1977-08,national
Democratic Republic of Congo,COD,1977-09,national
Democratic Republic of Congo,COD,1977-10,national
Democratic Republic of Congo,COD,1977-11,national
Democratic Republic of Congo,COD,1977-12,national
Democratic Republic of Congo,COD,2025-06,national
Democratic Republic of Congo,COD,2025-07,national
Democratic Republic of Congo,COD,2025-08,national
Congo,COG,1970-01,national
Congo,COG,1970-02,national
Congo,COG,1970-03,national
Congo,COG,1970-04,national
Congo,COG,1970-05,national
Congo,COG,1970-06,national
Congo,COG,1970-07,national
Congo,COG,1970-08,national
Congo,COG,1970-09,national
Congo,COG,1970-10,national
Congo,COG,1970-11,national
Congo,COG,1970-12,national
Congo,COG,1971-01,national
Congo,COG,1971-02,national
Congo,COG,1971-03,national
Congo,COG,1971-04,national
Congo,COG,1971-05,national
Congo,COG,1971-06,national
Congo,COG,1971-07,national
Congo,COG,1971-08,national
Congo,COG,1971-09,national
Congo,COG,1971-10,national
Congo,COG,1971-11,national
Congo,COG,1971-12,national
Congo,COG,1972-01,national
Congo,COG,1972-02,national
Congo,COG,1972-03,national
Congo,COG,1972-04,national
Congo,COG,1972-05,national
Congo,COG,1972-06,national
Congo,COG,1972-07,national
Congo,COG,1972-08,national
Congo,COG,1972-09,national
Congo,COG,1972-10,national
Congo,COG,1972-11,national
Congo,COG,1972-12,national
Congo,COG,1973-01,national
Congo,COG,1973-02,national
Congo,COG,1973-03,national
Congo,COG,1973-04,national
Congo,COG,1973-05,national
Congo,COG,1973-06,national
Congo,COG,1973-07,national
Congo,COG,1973-08,national
Congo,COG,1973-09,national
Congo,COG,1973-10,national
Congo,COG,1973-11,national
Congo,COG,1973-12,national
Congo,COG,1974-01,national
Congo,COG,1974-02,national
Congo,COG,1974-03,national
Congo,COG,1974-04,national
Congo,COG,1974-05,national
Congo,COG,1974-06,national
Congo,COG,1974-07,national
Congo,COG,1974-08,national
Congo,COG,1974-09,national
Congo,COG,1974-10,national
Congo,COG,1974-11,national
Congo,COG,1974-12,national
Congo,COG,1975-01,national
Congo,COG,1975-02,national
Congo,COG,1975-03,national
Congo,COG,1975-04,national
Congo,COG,1975-05,national
Congo,COG,1975-06,national
Congo,COG,1975-07,national
Congo,COG,1975-08,national
Congo,COG,1975-09,national
Congo,COG,1975-10,national
Congo,COG,1975-11,national
Congo,COG,1975-12,national
Congo,COG,1976-01,national
Congo,COG,1976-02,national
Congo,COG,1976-03,national
Congo,COG,1976-04,national
Congo,COG,1976-05,national
Congo,COG,1976-06,national
Congo,COG,1976-07,national
Congo,COG,1976-08,national
Congo,COG,1976-09,national
Congo,COG,1976-10,national
Congo,COG,1976-11,national
Congo,COG,1976-12,national
Congo,COG,1977-01,national
Congo,COG,1977-02,national
Congo,COG,1977-03,national
Congo,COG,1977-04,national
Congo,COG,1977-05,national
Congo,COG,1977-06,national
Congo,COG,1977-07,national
Congo,COG,1977-08,national
Congo,COG,1977-09,national
Congo,COG,1977-10,national
Congo,COG,1977-11,national
Congo,COG,1977-12,national
Congo,COG,1978-01,national
Congo,COG,1978-02,national
Congo,COG,1978-03,national
Congo,COG,1978-04,national
Congo,COG,1978-05,national
Congo,COG,1978-06,national
Congo,COG,1978-07,national
Congo,COG,1978-08,national
Congo,COG,1978-09,national
Congo,COG,1978-10,national
Congo,COG,1978-11,national
Congo,COG,1978-12,national
Congo,COG,1979-01,national
Congo,COG,1979-02,national
Congo,COG,1979-03,national
Congo,COG,1979-04,national
Congo,COG,1979-05,national
Congo,COG,1979-06,national
Congo,COG,1979-07,national
Congo,COG,1979-08,national
Congo,COG,1979-09,national
Congo,COG,1979-10,national
Congo,COG,1979-11,national
Congo,COG,1979-12,national
Congo,COG,1980-01,national
Congo,COG,1980-02,national
Congo,COG,1980-03,national
Congo,COG,1980-04,national
Congo,COG,1980-05,national
Congo,COG,1980-06,national
Congo,COG,1980-07,national
Congo,COG,1980-08,national
Congo,COG,1980-09,national
Congo,COG,1980-10,national
Congo,COG,1980-11,national
Congo,COG,1980-12,national
Congo,COG,1981-01,national
Congo,COG,1981-02,national
Congo,COG,1981-03,national
Congo,COG,1981-04,national
Congo,COG,1981-05,national
Congo,COG,1981-06,national
Congo,COG,1981-07,national
Congo,COG,1981-08,national
Congo,COG,1981-09,national
Congo,COG,1981-10,national
Congo,COG,1981-11,national
Congo,COG,1981-12,national
Congo,COG,1982-01,national
Congo,COG,1982-02,national
Congo,COG,1982-03,national
Congo,COG,1982-04,national
Congo,COG,1982-05,national
Congo,COG,1982-06,national
Congo,COG,1982-07,national
Congo,COG,1982-08,national
Congo,COG,1982-09,national
Congo,COG,1982-10,national
Congo,COG,1982-11,national
Congo,COG,1982-12,national
Congo,COG,1983-01,national
Congo,COG,1983-02,national
Congo,COG,1983-03,national
Congo,COG,1983-04,national
Congo,COG,1983-05,national
Congo,COG,1983-06,national
Congo,COG,1983-07,national
Congo,COG,1983-08,national
Congo,COG,1983-09,national
Congo,COG,1983-10,national
Congo,COG,1983-11,national
Congo,COG,1983-12,national
Congo,COG,1984-01,national
Congo,COG,1984-02,national
Congo,COG,1984-03,national
Congo,COG,1984-04,national
Congo,COG,1984-05,national
Congo,COG,1984-06,national
Congo,COG,1984-07,national
Congo,COG,1984-08,national
Congo,COG,1984-09,national
Congo,COG,1984-10,national
Congo,COG,1984-11,national
Congo,COG,1984-12,national
Congo,COG,1985-01,national
Congo,COG,1985-02,national
Congo,COG,1985-03,national
Congo,COG,1985-04,national
Congo,COG,1985-05,national
Congo,COG,1985-06,national
Congo,COG,1985-07,national
Congo,COG,1985-08,national
Congo,COG,1985-09,national
Congo,COG,1985-10,national
Congo,COG,1985-11,national
Congo,COG,1985-12,national
Congo,COG,1986-01,national
Congo,COG,1986-02,national
Congo,COG,1986-03,national
Congo,COG,1986-04,national
Congo,COG,1986-05,national
Congo,COG,1986-06,national
Congo,COG,1986-07,national
Congo,COG,1986-08,national
Congo,COG,1986-09,national
Congo,COG,1986-10,national
Congo,COG,1986-11,national
Congo,COG,1986-12,national
Congo,COG,1987-01,national
Congo,COG,1987-02,national
Congo,COG,1987-03,national
Congo,COG,1987-04,national
Congo,COG,1987-05,national
Congo,COG,1987-06,national
Congo,COG,1987-07,national
Congo,COG,1987-08,national
Congo,COG,1987-09,national
Congo,COG,1987-10,national
Congo,COG,1987-11,national
Congo,COG,1987-12,national
Congo,COG,1988-01,national
Congo,COG,1988-02,national
Congo,COG,1988-03,national
Congo,COG,1988-04,national
Congo,COG,1988-05,national
Congo,COG,1988-06,national
Congo,COG,1988-07,national
Congo,COG,1988-08,national
Congo,COG,1988-09,national
Congo,COG,1988-10,national
Congo,COG,1988-11,national
Congo,COG,1988-12,national
Congo,COG,1989-01,national
Congo,COG,1989-02,national
Congo,COG,1989-03,national
Congo,COG,1989-04,national
Congo,COG,1989-05,national
Congo,COG,1989-06,national
Congo,COG,1989-07,national
Congo,COG,1989-08,national
Congo,COG,1989-09,national
Congo,COG,1989-10,national
Congo,COG,1989-11,national
Congo,COG,1989-12,national
Congo,COG,1990-01,national
Congo,COG,1990-02,national
Congo,COG,1990-03,national
Congo,COG,1990-04,national
Congo,COG,1990-05,national
Congo,COG,1990-06,national
Congo,COG,1990-07,national
Congo,COG,1990-08,national
Congo,COG,1990-09,national
Congo,COG,1990-10,national
Congo,COG,1990-11,national
Congo,COG,1990-12,national
Congo,COG,1991-01,national
Congo,COG,1991-02,national
Congo,COG,1991-03,national
Congo,COG,1991-04,national
Congo,COG,1991-05,national
Congo,COG,1991-06,national
Congo,COG,1991-07,national
Congo,COG,1991-08,national
Congo,COG,1991-09,national
Congo,COG,1991-10,national
Congo,COG,1991-11,national
Congo,COG,1991-12,national
Congo,COG,1992-01,national
Congo,COG,1992-02,national
Congo,COG,1992-03,national
Congo,COG,1992-04,national
Congo,COG,1992-05,national
Congo,COG,1992-06,national
Congo,COG,1992-07,national
Congo,COG,1992-08,national
Congo,COG,1992-09,national
Congo,COG,1992-10,national
Congo,COG,1992-11,national
Congo,COG,1992-12,national
Congo,COG,1993-01,national
Congo,COG,1993-02,national
Congo,COG,1993-03,national
Congo,COG,1993-04,national
Congo,COG,1993-05,national
Congo,COG,1993-06,national
Congo,COG,1993-07,national
Congo,COG,1993-08,national
Congo,COG,1993-09,national
Congo,COG,1993-10,national
Congo,COG,1993-11,national
Congo,COG,1993-12,national
Congo,COG,1994-01,national
Congo,COG,1994-02,national
Congo,COG,1994-03,national
Congo,COG,1994-04,national
Congo,COG,1994-05,national
Congo,COG,1994-06,national
Congo,COG,1994-07,national
Congo,COG,1994-08,national
Congo,COG,1994-09,national
Congo,COG,1994-10,national
Congo,COG,1994-11,national
Congo,COG,1994-12,national
Congo,COG,1995-01,national
Congo,COG,1995-02,national
Congo,COG,1995-03,national
Congo,COG,1995-04,national
Congo,COG,1995-05,national
Congo,COG,1995-06,national
Congo,COG,1995-07,national
Congo,COG,1995-08,national
Congo,COG,1995-09,national
Congo,COG,1995-10,national
Congo,COG,1995-11,national
Congo,COG,1995-12,national
Congo,COG,1996-01,national
Congo,COG,1996-02,national
Congo,COG,1996-03,national
Congo,COG,1996-04,national
Congo,COG,1996-05,national
Congo,COG,1996-06,national
Congo,COG,1996-07,national
Congo,COG,1996-08,national
Congo,COG,1996-09,national
Congo,COG,1996-10,national
Congo,COG,1996-11,national
Congo,COG,1996-12,national
Congo,COG,1997-01,national
Congo,COG,1997-02,national
Congo,COG,1997-03,national
Congo,COG,1997-04,national
Congo,COG,1997-05,national
Congo,COG,1997-06,national
Congo,COG,1997-07,national
Congo,COG,1997-08,national
Congo,COG,1997-09,national
Congo,COG,1997-10,national
Congo,COG,1997-11,national
Congo,COG,1997-12,national
Congo,COG,1998-01,national
Congo,COG,1998-02,national
Congo,COG,1998-03,national
Congo,COG,1998-04,national
Congo,COG,1998-05,national
Congo,COG,1998-06,national
Congo,COG,1998-07,national
Congo,COG,1998-08,national
Congo,COG,1998-09,national
Congo,COG,1998-10,national
Congo,COG,1998-11,national
Congo,COG,1998-12,national
Congo,COG,1999-01,national
Congo,COG,1999-02,national
Congo,COG,1999-03,national
Congo,COG,1999-04,national
Congo,COG,1999-05,national
Congo,COG,1999-06,national
Congo,COG,1999-07,national
Congo,COG,1999-08,national
Congo,COG,1999-09,national
Congo,COG,1999-10,national
Congo,COG,1999-11,national
Congo,COG,1999-12,national
Congo,COG,2000-01,national
Congo,COG,2000-02,national
Congo,COG,2000-03,national
Congo,COG,2000-04,national
Congo,COG,2000-05,national
Congo,COG,2000-06,national
Congo,COG,2000-07,national
Congo,COG,2000-08,national
Congo,COG,2000-09,national
Congo,COG,2000-10,national
Congo,COG,2000-11,national
Congo,COG,2000-12,national
Congo,COG,2001-01,national
Congo,COG,2001-02,national
Congo,COG,2001-03,national
Congo,COG,2001-04,national
Congo,COG,2001-05,national
Congo,COG,2001-06,national
Congo,COG,2001-07,national
Congo,COG,2001-08,national
Congo,COG,2001-09,national
Congo,COG,2001-10,national
Congo,COG,2001-11,national
Congo,COG,2001-12,national
Congo,COG,2002-01,national
Congo,COG,2002-02,national
Congo,COG,2002-03,national
Congo,COG,2002-04,national
Congo,COG,2002-05,national
Congo,COG,2002-06,national
Congo,COG,2002-07,national
Congo,COG,2002-08,national
Congo,COG,2002-09,national
Congo,COG,2002-10,national
Congo,COG,2002-11,national
Congo,COG,2002-12,national
Congo,COG,2003-01,national
Congo,COG,2003-02,national
Congo,COG,2003-03,national
Congo,COG,2003-04,national
Congo,COG,2003-05,national
Congo,COG,2003-06,national
Congo,COG,2003-07,national
Congo,COG,2003-08,national
Congo,COG,2003-09,national
Congo,COG,2003-10,national
Congo,COG,2003-11,national
Congo,COG,2003-12,national
Congo,COG,2004-01,national
Congo,COG,2004-02,national
Congo,COG,2004-03,national
Congo,COG,2004-04,national
Congo,COG,2004-05,national
Congo,COG,2004-06,national
Congo,COG,2004-07,national
Congo,COG,2004-08,national
Congo,COG,2004-09,national
Congo,COG,2004-10,national
Congo,COG,2004-11,national
Congo,COG,2004-12,national
Congo,COG,2005-01,national
Congo,COG,2005-02,national
Congo,COG,2005-03,national
Congo,COG,2005-04,national
Congo,COG,2005-05,national
Congo,COG,2005-06,national
Congo,COG,2005-07,national
Congo,COG,2005-08,national
Congo,COG,2005-09,national
Congo,COG,2005-10,national
Congo,COG,2005-11,national
Congo,COG,2005-12,national
Congo,COG,2006-01,national
Congo,COG,2006-02,national
Congo,COG,2006-03,national
Congo,COG,2006-04,national
Congo,COG,2006-05,national
Congo,COG,2006-06,national
Congo,COG,2006-07,national
Congo,COG,2006-08,national
Congo,COG,2006-09,national
Congo,COG,2006-10,national
Congo,COG,2006-11,national
Congo,COG,2006-12,national
Congo,COG,2007-01,national
Congo,COG,2007-02,national
Congo,COG,2007-03,national
Congo,COG,2007-04,national
Congo,COG,2007-05,national
Congo,COG,2007-06,national
Congo,COG,2007-07,national
Congo,COG,2007-08,national
Congo,COG,2007-09,national
Congo,COG,2007-10,national
Congo,COG,2007-11,national
Congo,COG,2007-12,national
Congo,COG,2008-01,national
Congo,COG,2008-02,national
Congo,COG,2008-03,national
Congo,COG,2008-04,national
Congo,COG,2008-05,national
Congo,COG,2008-06,national
Congo,COG,2008-07,national
Congo,COG,2008-08,national
Congo,COG,2008-09,national
Congo,COG,2008-10,national
Congo,COG,2008-11,national
Congo,COG,2008-12,national
Congo,COG,2009-01,national
Congo,COG,2009-02,national
Congo,COG,2009-03,national
Congo,COG,2009-04,national
Congo,COG,2009-05,national
Congo,COG,2009-06,national
Congo,COG,2009-07,national
Congo,COG,2009-08,national
Congo,COG,2009-09,national
Congo,COG,2009-10,national
Congo,COG,2009-11,national
Congo,COG,2009-12,national
Congo,COG,2010-01,national
Congo,COG,2010-02,national
Congo,COG,2010-03,national
Congo,COG,2010-04,national
Congo,COG,2010-05,national
Congo,COG,2010-06,national
Congo,COG,2010-07,national
Congo,COG,2010-08,national
Congo,COG,2010-09,national
Congo,COG,2010-10,national
Congo,COG,2010-11,national
Congo,COG,2010-12,national
Congo,COG,2011-01,national
Congo,COG,2011-02,national
Congo,COG,2011-03,national
Congo,COG,2011-04,national
Congo,COG,2011-05,national
Congo,COG,2011-06,national
Congo,COG,2011-07,national
Congo,COG,2011-08,national
Congo,COG,2011-09,national
Congo,COG,2011-10,national
Congo,COG,2011-11,national
Congo,COG,2011-12,national
Congo,COG,2012-01,national
Congo,COG,2012-02,national
Congo,COG,2012-03,national
Congo,COG,2012-04,national
Congo,COG,2012-05,national
Congo,COG,2012-06,national
Congo,COG,2012-07,national
Congo,COG,2012-08,national
Congo,COG,2012-09,national
Congo,COG,2012-10,national
Congo,COG,2012-11,national
Congo,COG,2012-12,national
Congo,COG,2013-01,national
Congo,COG,2013-02,national
Congo,COG,2013-03,national
Congo,COG,2013-04,national
Congo,COG,2013-05,national
Congo,COG,2013-06,national
Congo,COG,2013-07,national
Congo,COG,2013-08,national
Congo,COG,2013-09,national
Congo,COG,2013-10,national
Congo,COG,2013-11,national
Congo,COG,2013-12,national
Congo,COG,2014-01,national
Congo,COG,2014-02,national
Congo,COG,2014-03,national
Congo,COG,2014-04,national
Congo,COG,2014-05,national
Congo,COG,2014-06,national
Congo,COG,2014-07,national
Congo,COG,2014-08,national
Congo,COG,2014-09,national
Congo,COG,2014-10,national
Congo,COG,2014-11,national
Congo,COG,2014-12,national
Congo,COG,2015-01,national
Congo,COG,2015-02,national
Congo,COG,2015-03,national
Congo,COG,2015-04,national
Congo,COG,2015-05,national
Congo,COG,2015-06,national
Congo,COG,2015-07,national
Congo,COG,2015-08,national
Congo,COG,2015-09,national
Congo,COG,2015-10,national
Congo,COG,2015-11,national
Congo,COG,2015-12,national
Congo,COG,2016-01,national
Congo,COG,2016-02,national
Congo,COG,2016-03,national
Congo,COG,2016-04,national
Congo,COG,2016-05,national
Congo,COG,2016-06,national
Congo,COG,2016-07,national
Congo,COG,2016-08,national
Congo,COG,2016-09,national
Congo,COG,2016-10,national
Congo,COG,2016-11,national
Congo,COG,2016-12,national
Congo,COG,2017-01,national
Congo,COG,2017-02,national
Congo,COG,2017-03,national
Congo,COG,2017-04,national
Congo,COG,2017-05,national
Congo,COG,2017-06,national
Congo,COG,2017-07,national
Congo,COG,2017-08,national
Congo,COG,2017-09,national
Congo,COG,2017-10,national
Congo,COG,2017-11,national
Congo,COG,2017-12,national
Congo,COG,2018-01,national
Congo,COG,2018-02,national
Congo,COG,2018-03,national
Congo,COG,2018-04,national
Congo,COG,2018-05,national
Congo,COG,2018-06,national
Congo,COG,2018-07,national
Congo,COG,2018-08,national
Congo,COG,2018-09,national
Congo,COG,2018-10,national
Congo,COG,2018-11,national
Congo,COG,2018-12,national
Congo,COG,2019-01,national
Congo,COG,2019-02,national
Congo,COG,2019-03,national
Congo,COG,2019-04,national
Congo,COG,2019-05,national
Congo,COG,2019-06,national
Congo,COG,2019-07,national
Congo,COG,2019-08,national
Congo,COG,2019-09,national
Congo,COG,2019-10,national
Congo,COG,2019-11,national
Congo,COG,2019-12,national
Congo,COG,2020-01,national
Congo,COG,2020-02,national
Congo,COG,2020-03,national
Congo,COG,2020-04,national
Congo,COG,2020-05,national
Congo,COG,2020-06,national
Congo,COG,2020-07,national
Congo,COG,2020-08,national
Congo,COG,2020-09,national
Congo,COG,2020-10,national
Congo,COG,2020-11,national
Congo,COG,2020-12,national
Congo,COG,2021-01,national
Congo,COG,2021-02,national
Congo,COG,2021-03,national
Congo,COG,2021-04,national
Congo,COG,2021-05,national
Congo,COG,2021-06,national
Congo,COG,2021-07,national
Congo,COG,2021-08,national
Congo,COG,2021-09,national
Congo,COG,2021-10,national
Congo,COG,2021-11,national
Congo,COG,2021-12,national
Congo,COG,2022-01,national
Congo,COG,2022-02,national
Congo,COG,2022-03,national
Congo,COG,2022-04,national
Congo,COG,2022-05,national
Congo,COG,2022-06,national
Congo,COG,2022-07,national
Congo,COG,2022-08,national
Congo,COG,2022-09,national
Congo,COG,2022-10,national
Congo,COG,2022-11,national
Congo,COG,2022-12,national
Congo,COG,2023-01,national
Congo,COG,2023-02,national
Congo,COG,2023-03,national
Congo,COG,2023-04,national
Congo,COG,2023-05,national
Congo,COG,2023-06,national
Congo,COG,2023-07,national
Congo,COG,2023-08,national
Congo,COG,2023-09,national
Congo,COG,2023-10,national
Congo,COG,2023-11,national
Congo,COG,2023-12,national
Congo,COG,2024-01,national
Congo,COG,2024-02,national
Congo,COG,2024-03,national
Congo,COG,2024-04,national
Congo,COG,2024-05,national
Congo,COG,2024-06,national
Congo,COG,2024-07,national
Congo,COG,2024-08,national
Congo,COG,2024-09,national
Congo,COG,2024-10,national
Congo,COG,2024-11,national
Congo,COG,2024-12,national
Congo,COG,2025-01,national
Congo,COG,2025-02,national
Congo,COG,2025-03,national
Congo,COG,2025-04,national
Congo,COG,2025-05,national
Congo,COG,2025-06,national
Congo,COG,2025-07,national
Congo,COG,2025-08,national
Eritrea,ERI,1970-01,national
Eritrea,ERI,1970-02,national
Eritrea,ERI,1970-03,national
Eritrea,ERI,1970-04,national
Eritrea,ERI,1970-05,national
Eritrea,ERI,1970-06,national
Eritrea,ERI,1970-07,national
Eritrea,ERI,1970-08,national
Eritrea,ERI,1970-09,national
Eritrea,ERI,1970-10,national
Eritrea,ERI,1970-11,national
Eritrea,ERI,1970-12,national
Eritrea,ERI,1971-01,national
Eritrea,ERI,1971-02,national
Eritrea,ERI,1971-03,national
Eritrea,ERI,1971-04,national
Eritrea,ERI,1971-05,national
Eritrea,ERI,1971-06,national
Eritrea,ERI,1971-07,national
Eritrea,ERI,1971-08,national
Eritrea,ERI,1971-09,national
Eritrea,ERI,1971-10,national
Eritrea,ERI,1971-11,national
Eritrea,ERI,1971-12,national
Eritrea,ERI,1972-01,national
Eritrea,ERI,1972-02,national
Eritrea,ERI,1972-03,national
Eritrea,ERI,1972-04,national
Eritrea,ERI,1972-05,national
Eritrea,ERI,1972-06,national
Eritrea,ERI,1972-07,national
Eritrea,ERI,1972-08,national
Eritrea,ERI,1972-09,national
Eritrea,ERI,1972-10,national
Eritrea,ERI,1972-11,national
Eritrea,ERI,1972-12,national
Eritrea,ERI,1973-01,national
Eritrea,ERI,1973-02,national
Eritrea,ERI,1973-03,national
Eritrea,ERI,1973-04,national
Eritrea,ERI,1973-05,national
Eritrea,ERI,1973-06,national
Eritrea,ERI,1973-07,national
Eritrea,ERI,1973-08,national
Eritrea,ERI,1973-09,national
Eritrea,ERI,1973-10,national
Eritrea,ERI,1973-11,national
Eritrea,ERI,1973-12,national
Eritrea,ERI,1974-01,national
Eritrea,ERI,1974-02,national
Eritrea,ERI,1974-03,national
Eritrea,ERI,1974-04,national
Eritrea,ERI,1974-05,national
Eritrea,ERI,1974-06,national
Eritrea,ERI,1974-07,national
Eritrea,ERI,1974-08,national
Eritrea,ERI,1974-09,national
Eritrea,ERI,1974-10,national
Eritrea,ERI,1974-11,national
Eritrea,ERI,1974-12,national
Eritrea,ERI,1975-01,national
Eritrea,ERI,1975-02,national
Eritrea,ERI,1975-03,national
Eritrea,ERI,1975-04,national
Eritrea,ERI,1975-05,national
Eritrea,ERI,1975-06,national
Eritrea,ERI,1975-07,national
Eritrea,ERI,1975-08,national
Eritrea,ERI,1975-09,national
Eritrea,ERI,1975-10,national
Eritrea,ERI,1975-11,national
Eritrea,ERI,1975-12,national
Eritrea,ERI,1976-01,national
Eritrea,ERI,1976-02,national
Eritrea,ERI,1976-03,national
Eritrea,ERI,1976-04,national
Eritrea,ERI,1976-05,national
Eritrea,ERI,1976-06,national
Eritrea,ERI,1976-07,national
Eritrea,ERI,1976-08,national
Eritrea,ERI,1976-09,national
Eritrea,ERI,1976-10,national
Eritrea,ERI,1976-11,national
Eritrea,ERI,1976-12,national
Eritrea,ERI,1977-01,national
Eritrea,ERI,1977-02,national
Eritrea,ERI,1977-03,national
Eritrea,ERI,1977-04,national
Eritrea,ERI,1977-05,national
Eritrea,ERI,1977-06,national
Eritrea,ERI,1977-07,national
Eritrea,ERI,1977-08,national
Eritrea,ERI,1977-09,national
Eritrea,ERI,1977-10,national
Eritrea,ERI,1977-11,national
Eritrea,ERI,1977-12,national
Eritrea,ERI,1978-01,national
Eritrea,ERI,1978-02,national
Eritrea,ERI,1978-03,national
Eritrea,ERI,1978-04,national
Eritrea,ERI,1978-05,national
Eritrea,ERI,1978-06,national
Eritrea,ERI,1978-07,national
Eritrea,ERI,1978-08,national
Eritrea,ERI,1978-09,national
Eritrea,ERI,1978-10,national
Eritrea,ERI,1978-11,national
Eritrea,ERI,1978-12,national
Eritrea,ERI,1979-01,national
Eritrea,ERI,1979-02,national
Eritrea,ERI,1979-03,national
Eritrea,ERI,1979-04,national
Eritrea,ERI,1979-05,national
Eritrea,ERI,1979-06,national
Eritrea,ERI,1979-07,national
Eritrea,ERI,1979-08,national
Eritrea,ERI,1979-09,national
Eritrea,ERI,1979-10,national
Eritrea,ERI,1979-11,national
Eritrea,ERI,1979-12,national
Eritrea,ERI,1980-01,national
Eritrea,ERI,1980-02,national
Eritrea,ERI,1980-03,national
Eritrea,ERI,1980-04,national
Eritrea,ERI,1980-05,national
Eritrea,ERI,1980-06,national
Eritrea,ERI,1980-07,national
Eritrea,ERI,1980-08,national
Eritrea,ERI,1980-09,national
Eritrea,ERI,1980-10,national
Eritrea,ERI,1980-11,national
Eritrea,ERI,1980-12,national
Eritrea,ERI,1981-01,national
Eritrea,ERI,1981-02,national
Eritrea,ERI,1981-03,national
Eritrea,ERI,1981-04,national
Eritrea,ERI,1981-05,national
Eritrea,ERI,1981-06,national
Eritrea,ERI,1981-07,national
Eritrea,ERI,1981-08,national
Eritrea,ERI,1981-09,national
Eritrea,ERI,1981-10,national
Eritrea,ERI,1981-11,national
Eritrea,ERI,1981-12,national
Eritrea,ERI,1982-01,national
Eritrea,ERI,1982-02,national
Eritrea,ERI,1982-03,national
Eritrea,ERI,1982-04,national
Eritrea,ERI,1982-05,national
Eritrea,ERI,1982-06,national
Eritrea,ERI,1982-07,national
Eritrea,ERI,1982-08,national
Eritrea,ERI,1982-09,national
Eritrea,ERI,1982-10,national
Eritrea,ERI,1982-11,national
Eritrea,ERI,1982-12,national
Eritrea,ERI,1983-01,national
Eritrea,ERI,1983-02,national
Eritrea,ERI,1983-03,national
Eritrea,ERI,1983-04,national
Eritrea,ERI,1983-05,national
Eritrea,ERI,1983-06,national
Eritrea,ERI,1983-07,national
Eritrea,ERI,1983-08,national
Eritrea,ERI,1983-09,national
Eritrea,ERI,1983-10,national
Eritrea,ERI,1983-11,national
Eritrea,ERI,1983-12,national
Eritrea,ERI,1984-01,national
Eritrea,ERI,1984-02,national
Eritrea,ERI,1984-03,national
Eritrea,ERI,1984-04,national
Eritrea,ERI,1984-05,national
Eritrea,ERI,1984-06,national
Eritrea,ERI,1984-07,national
Eritrea,ERI,1984-08,national
Eritrea,ERI,1984-09,national
Eritrea,ERI,1984-10,national
Eritrea,ERI,1984-11,national
Eritrea,ERI,1984-12,national
Eritrea,ERI,1985-01,national
Eritrea,ERI,1985-02,national
Eritrea,ERI,1985-03,national
Eritrea,ERI,1985-04,national
Eritrea,ERI,1985-05,national
Eritrea,ERI,1985-06,national
Eritrea,ERI,1985-07,national
Eritrea,ERI,1985-08,national
Eritrea,ERI,1985-09,national
Eritrea,ERI,1985-10,national
Eritrea,ERI,1985-11,national
Eritrea,ERI,1985-12,national
Eritrea,ERI,1986-01,national
Eritrea,ERI,1986-02,national
Eritrea,ERI,1986-03,national
Eritrea,ERI,1986-04,national
Eritrea,ERI,1986-05,national
Eritrea,ERI,1986-06,national
Eritrea,ERI,1986-07,national
Eritrea,ERI,1986-08,national
Eritrea,ERI,1986-09,national
Eritrea,ERI,1986-10,national
Eritrea,ERI,1986-11,national
Eritrea,ERI,1986-12,national
Eritrea,ERI,1987-01,national
Eritrea,ERI,1987-02,national
Eritrea,ERI,1987-03,national
Eritrea,ERI,1987-04,national
Eritrea,ERI,1987-05,national
Eritrea,ERI,1987-06,national
Eritrea,ERI,1987-07,national
Eritrea,ERI,1987-08,national
Eritrea,ERI,1987-09,national
Eritrea,ERI,1987-10,national
Eritrea,ERI,1987-11,national
Eritrea,ERI,1987-12,national
Eritrea,ERI,1988-01,national
Eritrea,ERI,1988-02,national
Eritrea,ERI,1988-03,national
Eritrea,ERI,1988-04,national
Eritrea,ERI,1988-05,national
Eritrea,ERI,1988-06,national
Eritrea,ERI,1988-07,national
Eritrea,ERI,1988-08,national
Eritrea,ERI,1988-09,national
Eritrea,ERI,1988-10,national
Eritrea,ERI,1988-11,national
Eritrea,ERI,1988-12,national
Eritrea,ERI,1989-01,national
Eritrea,ERI,1989-02,national
Eritrea,ERI,1989-03,national
Eritrea,ERI,1989-04,national
Eritrea,ERI,1989-05,national
Eritrea,ERI,1989-06,national
Eritrea,ERI,1989-07,national
Eritrea,ERI,1989-08,national
Eritrea,ERI,1989-09,national
Eritrea,ERI,1989-10,national
Eritrea,ERI,1989-11,national
Eritrea,ERI,1989-12,national
Eritrea,ERI,1990-01,national
Eritrea,ERI,1990-02,national
Eritrea,ERI,1990-03,national
Eritrea,ERI,1990-04,national
Eritrea,ERI,1990-05,national
Eritrea,ERI,1990-06,national
Eritrea,ERI,1990-07,national
Eritrea,ERI,1990-08,national
Eritrea,ERI,1990-09,national
Eritrea,ERI,1990-10,national
Eritrea,ERI,1990-11,national
Eritrea,ERI,1990-12,national
Eritrea,ERI,1991-01,national
Eritrea,ERI,1991-02,national
Eritrea,ERI,1991-03,national
Eritrea,ERI,1991-04,national
Eritrea,ERI,1991-05,national
Eritrea,ERI,1991-06,national
Eritrea,ERI,1991-07,national
Eritrea,ERI,1991-08,national
Eritrea,ERI,1991-09,national
Eritrea,ERI,1991-10,national
Eritrea,ERI,1991-11,national
Eritrea,ERI,1991-12,national
Eritrea,ERI,1992-01,national
Eritrea,ERI,1992-02,national
Eritrea,ERI,1992-03,national
Eritrea,ERI,1992-04,national
Eritrea,ERI,1992-05,national
Eritrea,ERI,1992-06,national
Eritrea,ERI,1992-07,national
Eritrea,ERI,1992-08,national
Eritrea,ERI,1992-09,national
Eritrea,ERI,1992-10,national
Eritrea,ERI,1992-11,national
Eritrea,ERI,1992-12,national
Eritrea,ERI,1993-01,national
Eritrea,ERI,1993-02,national
Eritrea,ERI,1993-03,national
Eritrea,ERI,1993-04,national
Eritrea,ERI,1993-05,national
Eritrea,ERI,1993-06,national
Eritrea,ERI,1993-07,national
Eritrea,ERI,1993-08,national
Eritrea,ERI,1993-09,national
Eritrea,ERI,1993-10,national
Eritrea,ERI,1993-11,national
Eritrea,ERI,1993-12,national
Eritrea,ERI,1994-01,national
Eritrea,ERI,1994-02,national
Eritrea,ERI,1994-03,national
Eritrea,ERI,1994-04,national
Eritrea,ERI,1994-05,national
Eritrea,ERI,1994-06,national
Eritrea,ERI,1994-07,national
Eritrea,ERI,1994-08,national
Eritrea,ERI,1994-09,national
Eritrea,ERI,1994-10,national
Eritrea,ERI,1994-11,national
Eritrea,ERI,1994-12,national
Eritrea,ERI,1995-01,national
Eritrea,ERI,1995-02,national
Eritrea,ERI,1995-03,national
Eritrea,ERI,1995-04,national
Eritrea,ERI,1995-05,national
Eritrea,ERI,1995-06,national
Eritrea,ERI,1995-07,national
Eritrea,ERI,1995-08,national
Eritrea,ERI,1995-09,national
Eritrea,ERI,1995-10,national
Eritrea,ERI,1995-11,national
Eritrea,ERI,1995-12,national
Eritrea,ERI,1996-01,national
Eritrea,ERI,1996-02,national
Eritrea,ERI,1996-03,national
Eritrea,ERI,1996-04,national
Eritrea,ERI,1996-05,national
Eritrea,ERI,1996-06,national
Eritrea,ERI,1996-07,national
Eritrea,ERI,1996-08,national
Eritrea,ERI,1996-09,national
Eritrea,ERI,1996-10,national
Eritrea,ERI,1996-11,national
Eritrea,ERI,1996-12,national
Eritrea,ERI,1997-01,national
Eritrea,ERI,1997-02,national
Eritrea,ERI,1997-03,national
Eritrea,ERI,1997-04,national
Eritrea,ERI,1997-05,national
Eritrea,ERI,1997-06,national
Eritrea,ERI,1997-07,national
Eritrea,ERI,1997-08,national
Eritrea,ERI,1997-09,national
Eritrea,ERI,1997-10,national
Eritrea,ERI,1997-11,national
Eritrea,ERI,1997-12,national
Eritrea,ERI,1998-01,national
Eritrea,ERI,1998-02,national
Eritrea,ERI,1998-03,national
Eritrea,ERI,1998-04,national
Eritrea,ERI,1998-05,national
Eritrea,ERI,1998-06,national
Eritrea,ERI,1998-07,national
Eritrea,ERI,1998-08,national
Eritrea,ERI,1998-09,national
Eritrea,ERI,1998-10,national
Eritrea,ERI,1998-11,national
Eritrea,ERI,1998-12,national
Eritrea,ERI,1999-01,national
Eritrea,ERI,1999-02,national
Eritrea,ERI,1999-03,national
Eritrea,ERI,1999-04,national
Eritrea,ERI,1999-05,national
Eritrea,ERI,1999-06,national
Eritrea,ERI,1999-07,national
Eritrea,ERI,1999-08,national
Eritrea,ERI,1999-09,national
Eritrea,ERI,1999-10,national
Eritrea,ERI,1999-11,national
Eritrea,ERI,1999-12,national
Eritrea,ERI,2000-01,national
Eritrea,ERI,2000-02,national
Eritrea,ERI,2000-03,national
Eritrea,ERI,2000-04,national
Eritrea,ERI,2000-05,national
Eritrea,ERI,2000-06,national
Eritrea,ERI,2000-07,national
Eritrea,ERI,2000-08,national
Eritrea,ERI,2000-09,national
Eritrea,ERI,2000-10,national
Eritrea,ERI,2000-11,national
Eritrea,ERI,2000-12,national
Eritrea,ERI,2001-01,national
Eritrea,ERI,2001-02,national
Eritrea,ERI,2001-03,national
Eritrea,ERI,2001-04,national
Eritrea,ERI,2001-05,national
Eritrea,ERI,2001-06,national
Eritrea,ERI,2001-07,national
Eritrea,ERI,2001-08,national
Eritrea,ERI,2001-09,national
Eritrea,ERI,2001-10,national
Eritrea,ERI,2001-11,national
Eritrea,ERI,2001-12,national
Eritrea,ERI,2002-01,national
Eritrea,ERI,2002-02,national
Eritrea,ERI,2002-03,national
Eritrea,ERI,2002-04,national
Eritrea,ERI,2002-05,national
Eritrea,ERI,2002-06,national
Eritrea,ERI,2002-07,national
Eritrea,ERI,2002-08,national
Eritrea,ERI,2002-09,national
Eritrea,ERI,2002-10,national
Eritrea,ERI,2002-11,national
Eritrea,ERI,2002-12,national
Eritrea,ERI,2003-01,national
Eritrea,ERI,2003-02,national
Eritrea,ERI,2003-03,national
Eritrea,ERI,2003-04,national
Eritrea,ERI,2003-05,national
Eritrea,ERI,2003-06,national
Eritrea,ERI,2003-07,national
Eritrea,ERI,2003-08,national
Eritrea,ERI,2003-09,national
Eritrea,ERI,2003-10,national
Eritrea,ERI,2003-11,national
Eritrea,ERI,2003-12,national
Eritrea,ERI,2004-01,national
Eritrea,ERI,2004-02,national
Eritrea,ERI,2004-03,national
Eritrea,ERI,2004-04,national
Eritrea,ERI,2004-05,national
Eritrea,ERI,2004-06,national
Eritrea,ERI,2004-07,national
Eritrea,ERI,2004-08,national
Eritrea,ERI,2004-09,national
Eritrea,ERI,2004-10,national
Eritrea,ERI,2004-11,national
Eritrea,ERI,2004-12,national
Eritrea,ERI,2009-01,national
Eritrea,ERI,2009-02,national
Eritrea,ERI,2009-03,national
Eritrea,ERI,2009-04,national
Eritrea,ERI,2009-05,national
Eritrea,ERI,2009-06,national
Eritrea,ERI,2009-07,national
Eritrea,ERI,2009-08,national
Eritrea,ERI,2009-09,national
Eritrea,ERI,2009-10,national
Eritrea,ERI,2009-11,national
Eritrea,ERI,2009-12,national
Eritrea,ERI,2010-01,national
Eritrea,ERI,2010-02,national
Eritrea,ERI,2010-03,national
Eritrea,ERI,2010-04,national
Eritrea,ERI,2010-05,national
Eritrea,ERI,2010-06,national
Eritrea,ERI,2010-07,national
Eritrea,ERI,2010-08,national
Eritrea,ERI,2010-09,national
Eritrea,ERI,2010-10,national
Eritrea,ERI,2010-11,national
Eritrea,ERI,2010-12,national
Eritrea,ERI,2022-01,national
Eritrea,ERI,2022-02,national
Eritrea,ERI,2022-03,national
Eritrea,ERI,2022-04,national
Eritrea,ERI,2022-05,national
Eritrea,ERI,2022-06,national
Eritrea,ERI,2022-07,national
Eritrea,ERI,2022-08,national
Eritrea,ERI,2022-09,national
Eritrea,ERI,2022-10,national
Eritrea,ERI,2022-11,national
Eritrea,ERI,2022-12,national
Eritrea,ERI,2024-01,national
Eritrea,ERI,2024-02,national
Eritrea,ERI,2024-03,national
Eritrea,ERI,2024-04,national
Eritrea,ERI,2024-05,national
Eritrea,ERI,2024-06,national
Eritrea,ERI,2024-07,national
Eritrea,ERI,2024-08,national
Eritrea,ERI,2024-09,national
Eritrea,ERI,2024-10,national
Eritrea,ERI,2024-11,national
Eritrea,ERI,2024-12,national
Eritrea,ERI,2025-01,national
Eritrea,ERI,2025-02,national
Eritrea,ERI,2025-03,national
Eritrea,ERI,2025-04,national
Eritrea,ERI,2025-05,national
Eritrea,ERI,2025-06,national
Eritrea,ERI,2025-07,national
Eritrea,ERI,2025-08,national
Ethiopia,ETH,1972-01,national
Ethiopia,ETH,1972-02,national
Ethiopia,ETH,1972-03,national
Ethiopia,ETH,1972-04,national
Ethiopia,ETH,1972-05,national
Ethiopia,ETH,1972-06,national
Ethiopia,ETH,1972-07,national
Ethiopia,ETH,1972-08,national
Ethiopia,ETH,1972-09,national
Ethiopia,ETH,1972-10,national
Ethiopia,ETH,1972-11,national
Ethiopia,ETH,1972-12,national
Ethiopia,ETH,1973-01,national
Ethiopia,ETH,1973-02,national
Ethiopia,ETH,1973-03,national
Ethiopia,ETH,1973-04,national
Ethiopia,ETH,1973-05,national
Ethiopia,ETH,1973-06,national
Ethiopia,ETH,1973-07,national
Ethiopia,ETH,1973-08,national
Ethiopia,ETH,1973-09,national
Ethiopia,ETH,1973-10,national
Ethiopia,ETH,1973-11,national
Ethiopia,ETH,1973-12,national
Ethiopia,ETH,1974-01,national
Ethiopia,ETH,1974-02,national
Ethiopia,ETH,1974-03,national
Ethiopia,ETH,1974-04,national
Ethiopia,ETH,1974-05,national
Ethiopia,ETH,1974-06,national
Ethiopia,ETH,1974-07,national
Ethiopia,ETH,1974-08,national
Ethiopia,ETH,1974-09,national
Ethiopia,ETH,1974-10,national
Ethiopia,ETH,1974-11,national
Ethiopia,ETH,1974-12,national
Ethiopia,ETH,1975-01,national
Ethiopia,ETH,1975-02,national
Ethiopia,ETH,1975-03,national
Ethiopia,ETH,1975-04,national
Ethiopia,ETH,1975-05,national
Ethiopia,ETH,1975-06,national
Ethiopia,ETH,1975-07,national
Ethiopia,ETH,1975-08,national
Ethiopia,ETH,1975-09,national
Ethiopia,ETH,1975-10,national
Ethiopia,ETH,1975-11,national
Ethiopia,ETH,1975-12,national
Ethiopia,ETH,1976-01,national
Ethiopia,ETH,1976-02,national
Ethiopia,ETH,1976-03,national
Ethiopia,ETH,1976-04,national
Ethiopia,ETH,1976-05,national
Ethiopia,ETH,1976-06,national
Ethiopia,ETH,1976-07,national
Ethiopia,ETH,1976-08,national
Ethiopia,ETH,1976-09,national
Ethiopia,ETH,1976-10,national
Ethiopia,ETH,1976-11,national
Ethiopia,ETH,1976-12,national
Ethiopia,ETH,1977-01,national
Ethiopia,ETH,1977-02,national
Ethiopia,ETH,1977-03,national
Ethiopia,ETH,1977-04,national
Ethiopia,ETH,1977-05,national
Ethiopia,ETH,1977-06,national
Ethiopia,ETH,1977-07,national
Ethiopia,ETH,1977-08,national
Ethiopia,ETH,1977-09,national
Ethiopia,ETH,1977-10,national
Ethiopia,ETH,1977-11,national
Ethiopia,ETH,1977-12,national
Ethiopia,ETH,1978-01,national
Ethiopia,ETH,1978-02,national
Ethiopia,ETH,1978-03,national
Ethiopia,ETH,1978-04,national
Ethiopia,ETH,1978-05,national
Ethiopia,ETH,1978-06,national
Ethiopia,ETH,1978-07,national
Ethiopia,ETH,1978-08,national
Ethiopia,ETH,1978-09,national
Ethiopia,ETH,1978-10,national
Ethiopia,ETH,1978-11,national
Ethiopia,ETH,1978-12,national
Ethiopia,ETH,1979-01,national
Ethiopia,ETH,1979-02,national
Ethiopia,ETH,1979-03,national
Ethiopia,ETH,1979-04,national
Ethiopia,ETH,1979-05,national
Ethiopia,ETH,1979-06,national
Ethiopia,ETH,1979-07,national
Ethiopia,ETH,1979-08,national
Ethiopia,ETH,1979-09,national
Ethiopia,ETH,1979-10,national
Ethiopia,ETH,1979-11,national
Ethiopia,ETH,1979-12,national
Ethiopia,ETH,1980-01,national
Ethiopia,ETH,1980-02,national
Ethiopia,ETH,1980-03,national
Ethiopia,ETH,1980-04,national
Ethiopia,ETH,1980-05,national
Ethiopia,ETH,1980-06,national
Ethiopia,ETH,1980-07,national
Ethiopia,ETH,1980-08,national
Ethiopia,ETH,1980-09,national
Ethiopia,ETH,1980-10,national
Ethiopia,ETH,1980-11,national
Ethiopia,ETH,1980-12,national
Ethiopia,ETH,1981-01,national
Ethiopia,ETH,1981-02,national
Ethiopia,ETH,1981-03,national
Ethiopia,ETH,1981-04,national
Ethiopia,ETH,1981-05,national
Ethiopia,ETH,1981-06,national
Ethiopia,ETH,1981-07,national
Ethiopia,ETH,1981-08,national
Ethiopia,ETH,1981-09,national
Ethiopia,ETH,1981-10,national
Ethiopia,ETH,1981-11,national
Ethiopia,ETH,1981-12,national
Ethiopia,ETH,1983-01,national
Ethiopia,ETH,1983-02,national
Ethiopia,ETH,1983-03,national
Ethiopia,ETH,1983-04,national
Ethiopia,ETH,1983-05,national
Ethiopia,ETH,1983-06,national
Ethiopia,ETH,1983-07,national
Ethiopia,ETH,1983-08,national
Ethiopia,ETH,1983-09,national
Ethiopia,ETH,1983-10,national
Ethiopia,ETH,1983-11,national
Ethiopia,ETH,1983-12,national
Ethiopia,ETH,1984-01,national
Ethiopia,ETH,1984-02,national
Ethiopia,ETH,1984-03,national
Ethiopia,ETH,1984-04,national
Ethiopia,ETH,1984-05,national
Ethiopia,ETH,1984-06,national
Ethiopia,ETH,1984-07,national
Ethiopia,ETH,1984-08,national
Ethiopia,ETH,1984-09,national
Ethiopia,ETH,1984-10,national
Ethiopia,ETH,1984-11,national
Ethiopia,ETH,1984-12,national
Ethiopia,ETH,1985-01,national
Ethiopia,ETH,1985-02,national
Ethiopia,ETH,1985-03,national
Ethiopia,ETH,1985-04,national
Ethiopia,ETH,1985-05,national
Ethiopia,ETH,1985-06,national
Ethiopia,ETH,1985-07,national
Ethiopia,ETH,1985-08,national
Ethiopia,ETH,1985-09,national
Ethiopia,ETH,1985-10,national
Ethiopia,ETH,1985-11,national
Ethiopia,ETH,1985-12,national
Ethiopia,ETH,1986-01,national
Ethiopia,ETH,1986-02,national
Ethiopia,ETH,1986-03,national
Ethiopia,ETH,1986-04,national
Ethiopia,ETH,1986-05,national
Ethiopia,ETH,1986-06,national
Ethiopia,ETH,1986-07,national
Ethiopia,ETH,1986-08,national
Ethiopia,ETH,1986-09,national
Ethiopia,ETH,1986-10,national
Ethiopia,ETH,1986-11,national
Ethiopia,ETH,1986-12,national
Ethiopia,ETH,1987-01,national
Ethiopia,ETH,1987-02,national
Ethiopia,ETH,1987-03,national
Ethiopia,ETH,1987-04,national
Ethiopia,ETH,1987-05,national
Ethiopia,ETH,1987-06,national
Ethiopia,ETH,1987-07,national
Ethiopia,ETH,1987-08,national
Ethiopia,ETH,1987-09,national
Ethiopia,ETH,1987-10,national
Ethiopia,ETH,1987-11,national
Ethiopia,ETH,1987-12,national
Ethiopia,ETH,1988-01,national
Ethiopia,ETH,1988-02,national
Ethiopia,ETH,1988-03,national
Ethiopia,ETH,1988-04,national
Ethiopia,ETH,1988-05,national
Ethiopia,ETH,1988-06,national
Ethiopia,ETH,1988-07,national
Ethiopia,ETH,1988-08,national
Ethiopia,ETH,1988-09,national
Ethiopia,ETH,1988-10,national
Ethiopia,ETH,1988-11,national
Ethiopia,ETH,1988-12,national
Ethiopia,ETH,1989-01,national
Ethiopia,ETH,1989-02,national
Ethiopia,ETH,1989-03,national
Ethiopia,ETH,1989-04,national
Ethiopia,ETH,1989-05,national
Ethiopia,ETH,1989-06,national
Ethiopia,ETH,1989-07,national
Ethiopia,ETH,1989-08,national
Ethiopia,ETH,1989-09,national
Ethiopia,ETH,1989-10,national
Ethiopia,ETH,1989-11,national
Ethiopia,ETH,1989-12,national
Ethiopia,ETH,1990-01,national
Ethiopia,ETH,1990-02,national
Ethiopia,ETH,1990-03,national
Ethiopia,ETH,1990-04,national
Ethiopia,ETH,1990-05,national
Ethiopia,ETH,1990-06,national
Ethiopia,ETH,1990-07,national
Ethiopia,ETH,1990-08,national
Ethiopia,ETH,1990-09,national
Ethiopia,ETH,1990-10,national
Ethiopia,ETH,1990-11,national
Ethiopia,ETH,1990-12,national
Ethiopia,ETH,1991-01,national
Ethiopia,ETH,1991-02,national
Ethiopia,ETH,1991-03,national
Ethiopia,ETH,1991-04,national
Ethiopia,ETH,1991-05,national
Ethiopia,ETH,1991-06,national
Ethiopia,ETH,1991-07,national
Ethiopia,ETH,1991-08,national
Ethiopia,ETH,1991-09,national
Ethiopia,ETH,1991-10,national
Ethiopia,ETH,1991-11,national
Ethiopia,ETH,1991-12,national
Ethiopia,ETH,1992-01,national
Ethiopia,ETH,1992-02,national
Ethiopia,ETH,1992-03,national
Ethiopia,ETH,1992-04,national
Ethiopia,ETH,1992-05,national
Ethiopia,ETH,1992-06,national
Ethiopia,ETH,1992-07,national
Ethiopia,ETH,1992-08,national
Ethiopia,ETH,1992-09,national
Ethiopia,ETH,1992-10,national
Ethiopia,ETH,1992-11,national
Ethiopia,ETH,1992-12,national
Ethiopia,ETH,1993-01,national
Ethiopia,ETH,1993-02,national
Ethiopia,ETH,1993-03,national
Ethiopia,ETH,1993-04,national
Ethiopia,ETH,1993-05,national
Ethiopia,ETH,1993-06,national
Ethiopia,ETH,1993-07,national
Ethiopia,ETH,1993-08,national
Ethiopia,ETH,1993-09,national
Ethiopia,ETH,1993-10,national
Ethiopia,ETH,1993-11,national
Ethiopia,ETH,1993-12,national
Ethiopia,ETH,1994-01,national
Ethiopia,ETH,1994-02,national
Ethiopia,ETH,1994-03,national
Ethiopia,ETH,1994-04,national
Ethiopia,ETH,1994-05,national
Ethiopia,ETH,1994-06,national
Ethiopia,ETH,1994-07,national
Ethiopia,ETH,1994-08,national
Ethiopia,ETH,1994-09,national
Ethiopia,ETH,1994-10,national
Ethiopia,ETH,1994-11,national
Ethiopia,ETH,1994-12,national
Ethiopia,ETH,1995-01,national
Ethiopia,ETH,1995-02,national
Ethiopia,ETH,1995-03,national
Ethiopia,ETH,1995-04,national
Ethiopia,ETH,1995-05,national
Ethiopia,ETH,1995-06,national
Ethiopia,ETH,1995-07,national
Ethiopia,ETH,1995-08,national
Ethiopia,ETH,1995-09,national
Ethiopia,ETH,1995-10,national
Ethiopia,ETH,1995-11,national
Ethiopia,ETH,1995-12,national
Ethiopia,ETH,1996-01,national
Ethiopia,ETH,1996-02,national
Ethiopia,ETH,1996-03,national
Ethiopia,ETH,1996-04,national
Ethiopia,ETH,1996-05,national
Ethiopia,ETH,1996-06,national
Ethiopia,ETH,1996-07,national
Ethiopia,ETH,1996-08,national
Ethiopia,ETH,1996-09,national
Ethiopia,ETH,1996-10,national
Ethiopia,ETH,1996-11,national
Ethiopia,ETH,1996-12,national
Ethiopia,ETH,1997-01,national
Ethiopia,ETH,1997-02,national
Ethiopia,ETH,1997-03,national
Ethiopia,ETH,1997-04,national
Ethiopia,ETH,1997-05,national
Ethiopia,ETH,1997-06,national
Ethiopia,ETH,1997-07,national
Ethiopia,ETH,1997-08,national
Ethiopia,ETH,1997-09,national
Ethiopia,ETH,1997-10,national
Ethiopia,ETH,1997-11,national
Ethiopia,ETH,1997-12,national
Ethiopia,ETH,1998-01,national
Ethiopia,ETH,1998-02,national
Ethiopia,ETH,1998-03,national
Ethiopia,ETH,1998-04,national
Ethiopia,ETH,1998-05,national
Ethiopia,ETH,1998-06,national
Ethiopia,ETH,1998-07,national
Ethiopia,ETH,1998-08,national
Ethiopia,ETH,1998-09,national
Ethiopia,ETH,1998-10,national
Ethiopia,ETH,1998-11,national
Ethiopia,ETH,1998-12,national
Ethiopia,ETH,1999-01,national
Ethiopia,ETH,1999-02,national
Ethiopia,ETH,1999-03,national
Ethiopia,ETH,1999-04,national
Ethiopia,ETH,1999-05,national
Ethiopia,ETH,1999-06,national
Ethiopia,ETH,1999-07,national
Ethiopia,ETH,1999-08,national
Ethiopia,ETH,1999-09,national
Ethiopia,ETH,1999-10,national
Ethiopia,ETH,1999-11,national
Ethiopia,ETH,1999-12,national
Ethiopia,ETH,2000-01,national
Ethiopia,ETH,2000-02,national
Ethiopia,ETH,2000-03,national
Ethiopia,ETH,2000-04,national
Ethiopia,ETH,2000-05,national
Ethiopia,ETH,2000-06,national
Ethiopia,ETH,2000-07,national
Ethiopia,ETH,2000-08,national
Ethiopia,ETH,2000-09,national
Ethiopia,ETH,2000-10,national
Ethiopia,ETH,2000-11,national
Ethiopia,ETH,2000-12,national
Ethiopia,ETH,2001-01,national
Ethiopia,ETH,2001-02,national
Ethiopia,ETH,2001-03,national
Ethiopia,ETH,2001-04,national
Ethiopia,ETH,2001-05,national
Ethiopia,ETH,2001-06,national
Ethiopia,ETH,2001-07,national
Ethiopia,ETH,2001-08,national
Ethiopia,ETH,2001-09,national
Ethiopia,ETH,2001-10,national
Ethiopia,ETH,2001-11,national
Ethiopia,ETH,2001-12,national
Ethiopia,ETH,2002-01,national
Ethiopia,ETH,2002-02,national
Ethiopia,ETH,2002-03,national
Ethiopia,ETH,2002-04,national
Ethiopia,ETH,2002-05,national
Ethiopia,ETH,2002-06,national
Ethiopia,ETH,2002-07,national
Ethiopia,ETH,2002-08,national
Ethiopia,ETH,2002-09,national
Ethiopia,ETH,2002-10,national
Ethiopia,ETH,2002-11,national
Ethiopia,ETH,2002-12,national
Ethiopia,ETH,2003-01,national
Ethiopia,ETH,2003-02,national
Ethiopia,ETH,2003-03,national
Ethiopia,ETH,2003-04,national
Ethiopia,ETH,2003-05,national
Ethiopia,ETH,2003-06,national
Ethiopia,ETH,2003-07,national
Ethiopia,ETH,2003-08,national
Ethiopia,ETH,2003-09,national
Ethiopia,ETH,2003-10,national
Ethiopia,ETH,2003-11,national
Ethiopia,ETH,2003-12,national
Ethiopia,ETH,2025-07,national
Ethiopia,ETH,2025-08,national
Gabon,GAB,1970-01,national
Gabon,GAB,1970-02,national
Gabon,GAB,1970-03,national
Gabon,GAB,1970-04,national
Gabon,GAB,1970-05,national
Gabon,GAB,1970-06,national
Gabon,GAB,1970-07,national
Gabon,GAB,1970-08,national
Gabon,GAB,1970-09,national
Gabon,GAB,1970-10,national
Gabon,GAB,1970-11,national
Gabon,GAB,1970-12,national
Gabon,GAB,1971-01,national
Gabon,GAB,1971-02,national
Gabon,GAB,1971-03,national
Gabon,GAB,1971-04,national
Gabon,GAB,1971-05,national
Gabon,GAB,1971-06,national
Gabon,GAB,1971-07,national
Gabon,GAB,1971-08,national
Gabon,GAB,1971-09,national
Gabon,GAB,1971-10,national
Gabon,GAB,1971-11,national
Gabon,GAB,1971-12,national
Gabon,GAB,1972-01,national
Gabon,GAB,1972-02,national
Gabon,GAB,1972-03,national
Gabon,GAB,1972-04,national
Gabon,GAB,1972-05,national
Gabon,GAB,1972-06,national
Gabon,GAB,1972-07,national
Gabon,GAB,1972-08,national
Gabon,GAB,1972-09,national
Gabon,GAB,1972-10,national
Gabon,GAB,1972-11,national
Gabon,GAB,1972-12,national
Gabon,GAB,1973-01,national
Gabon,GAB,1973-02,national
Gabon,GAB,1973-03,national
Gabon,GAB,1973-04,national
Gabon,GAB,1973-05,national
Gabon,GAB,1973-06,national
Gabon,GAB,1973-07,national
Gabon,GAB,1973-08,national
Gabon,GAB,1973-09,national
Gabon,GAB,1973-10,national
Gabon,GAB,1973-11,national
Gabon,GAB,1973-12,national
Gabon,GAB,1974-01,national
Gabon,GAB,1974-02,national
Gabon,GAB,1974-03,national
Gabon,GAB,1974-04,national
Gabon,GAB,1974-05,national
Gabon,GAB,1974-06,national
Gabon,GAB,1974-07,national
Gabon,GAB,1974-08,national
Gabon,GAB,1974-09,national
Gabon,GAB,1974-10,national
Gabon,GAB,1974-11,national
Gabon,GAB,1974-12,national
Gabon,GAB,1975-01,national
Gabon,GAB,1975-02,national
Gabon,GAB,1975-03,national
Gabon,GAB,1975-04,national
Gabon,GAB,1975-05,national
Gabon,GAB,1975-06,national
Gabon,GAB,1975-07,national
Gabon,GAB,1975-08,national
Gabon,GAB,1975-09,national
Gabon,GAB,1975-10,national
Gabon,GAB,1975-11,national
Gabon,GAB,1975-12,national
Gabon,GAB,1976-01,national
Gabon,GAB,1976-02,national
Gabon,GAB,1976-03,national
Gabon,GAB,1976-04,national
Gabon,GAB,1976-05,national
Gabon,GAB,1976-06,national
Gabon,GAB,1976-07,national
Gabon,GAB,1976-08,national
Gabon,GAB,1976-09,national
Gabon,GAB,1976-10,national
Gabon,GAB,1976-11,national
Gabon,GAB,1976-12,national
Gabon,GAB,1977-01,national
Gabon,GAB,1977-02,national
Gabon,GAB,1977-03,national
Gabon,GAB,1977-04,national
Gabon,GAB,1977-05,national
Gabon,GAB,1977-06,national
Gabon,GAB,1977-07,national
Gabon,GAB,1977-08,national
Gabon,GAB,1977-09,national
Gabon,GAB,1977-10,national
Gabon,GAB,1977-11,national
Gabon,GAB,1977-12,national
Gabon,GAB,1978-01,national
Gabon,GAB,1978-02,national
Gabon,GAB,1978-03,national
Gabon,GAB,1978-04,national
Gabon,GAB,1978-05,national
Gabon,GAB,1978-06,national
Gabon,GAB,1978-07,national
Gabon,GAB,1978-08,national
Gabon,GAB,1978-09,national
Gabon,GAB,1978-10,national
Gabon,GAB,1978-11,national
Gabon,GAB,1978-12,national
Gabon,GAB,1980-01,national
Gabon,GAB,1980-02,national
Gabon,GAB,1980-03,national
Gabon,GAB,1980-04,national
Gabon,GAB,1980-05,national
Gabon,GAB,1980-06,national
Gabon,GAB,1980-07,national
Gabon,GAB,1980-08,national
Gabon,GAB,1980-09,national
Gabon,GAB,1980-10,national
Gabon,GAB,1980-11,national
Gabon,GAB,1980-12,national
Gabon,GAB,1982-01,national
Gabon,GAB,1982-02,national
Gabon,GAB,1982-03,national
Gabon,GAB,1982-04,national
Gabon,GAB,1982-05,national
Gabon,GAB,1982-06,national
Gabon,GAB,1982-07,national
Gabon,GAB,1982-08,national
Gabon,GAB,1982-09,national
Gabon,GAB,1982-10,national
Gabon,GAB,1982-11,national
Gabon,GAB,1982-12,national
Gabon,GAB,1983-01,national
Gabon,GAB,1983-02,national
Gabon,GAB,1983-03,national
Gabon,GAB,1983-04,national
Gabon,GAB,1983-05,national
Gabon,GAB,1983-06,national
Gabon,GAB,1983-07,national
Gabon,GAB,1983-08,national
Gabon,GAB,1983-09,national
Gabon,GAB,1983-10,national
Gabon,GAB,1983-11,national
Gabon,GAB,1983-12,national
Gabon,GAB,1984-01,national
Gabon,GAB,1984-02,national
Gabon,GAB,1984-03,national
Gabon,GAB,1984-04,national
Gabon,GAB,1984-05,national
Gabon,GAB,1984-06,national
Gabon,GAB,1984-07,national
Gabon,GAB,1984-08,national
Gabon,GAB,1984-09,national
Gabon,GAB,1984-10,national
Gabon,GAB,1984-11,national
Gabon,GAB,1984-12,national
Gabon,GAB,1985-01,national
Gabon,GAB,1985-02,national
Gabon,GAB,1985-03,national
Gabon,GAB,1985-04,national
Gabon,GAB,1985-05,national
Gabon,GAB,1985-06,national
Gabon,GAB,1985-07,national
Gabon,GAB,1985-08,national
Gabon,GAB,1985-09,national
Gabon,GAB,1985-10,national
Gabon,GAB,1985-11,national
Gabon,GAB,1985-12,national
Gabon,GAB,1986-01,national
Gabon,GAB,1986-02,national
Gabon,GAB,1986-03,national
Gabon,GAB,1986-04,national
Gabon,GAB,1986-05,national
Gabon,GAB,1986-06,national
Gabon,GAB,1986-07,national
Gabon,GAB,1986-08,national
Gabon,GAB,1986-09,national
Gabon,GAB,1986-10,national
Gabon,GAB,1986-11,national
Gabon,GAB,1986-12,national
Gabon,GAB,1987-01,national
Gabon,GAB,1987-02,national
Gabon,GAB,1987-03,national
Gabon,GAB,1987-04,national
Gabon,GAB,1987-05,national
Gabon,GAB,1987-06,national
Gabon,GAB,1987-07,national
Gabon,GAB,1987-08,national
Gabon,GAB,1987-09,national
Gabon,GAB,1987-10,national
Gabon,GAB,1987-11,national
Gabon,GAB,1987-12,national
Gabon,GAB,1988-01,national
Gabon,GAB,1988-02,national
Gabon,GAB,1988-03,national
Gabon,GAB,1988-04,national
Gabon,GAB,1988-05,national
Gabon,GAB,1988-06,national
Gabon,GAB,1988-07,national
Gabon,GAB,1988-08,national
Gabon,GAB,1988-09,national
Gabon,GAB,1988-10,national
Gabon,GAB,1988-11,national
Gabon,GAB,1988-12,national
Gabon,GAB,1989-01,national
Gabon,GAB,1989-02,national
Gabon,GAB,1989-03,national
Gabon,GAB,1989-04,national
Gabon,GAB,1989-05,national
Gabon,GAB,1989-06,national
Gabon,GAB,1989-07,national
Gabon,GAB,1989-08,national
Gabon,GAB,1989-09,national
Gabon,GAB,1989-10,national
Gabon,GAB,1989-11,national
Gabon,GAB,1989-12,national
Gabon,GAB,1990-01,national
Gabon,GAB,1990-02,national
Gabon,GAB,1990-03,national
Gabon,GAB,1990-04,national
Gabon,GAB,1990-05,national
Gabon,GAB,1990-06,national
Gabon,GAB,1990-07,national
Gabon,GAB,1990-08,national
Gabon,GAB,1990-09,national
Gabon,GAB,1990-10,national
Gabon,GAB,1990-11,national
Gabon,GAB,1990-12,national
Gabon,GAB,1991-01,national
Gabon,GAB,1991-02,national
Gabon,GAB,1991-03,national
Gabon,GAB,1991-04,national
Gabon,GAB,1991-05,national
Gabon,GAB,1991-06,national
Gabon,GAB,1991-07,national
Gabon,GAB,1991-08,national
Gabon,GAB,1991-09,national
Gabon,GAB,1991-10,national
Gabon,GAB,1991-11,national
Gabon,GAB,1991-12,national
Gabon,GAB,1992-01,national
Gabon,GAB,1992-02,national
Gabon,GAB,1992-03,national
Gabon,GAB,1992-04,national
Gabon,GAB,1992-05,national
Gabon,GAB,1992-06,national
Gabon,GAB,1992-07,national
Gabon,GAB,1992-08,national
Gabon,GAB,1992-09,national
Gabon,GAB,1992-10,national
Gabon,GAB,1992-11,national
Gabon,GAB,1992-12,national
Gabon,GAB,1993-01,national
Gabon,GAB,1993-02,national
Gabon,GAB,1993-03,national
Gabon,GAB,1993-04,national
Gabon,GAB,1993-05,national
Gabon,GAB,1993-06,national
Gabon,GAB,1993-07,national
Gabon,GAB,1993-08,national
Gabon,GAB,1993-09,national
Gabon,GAB,1993-10,national
Gabon,GAB,1993-11,national
Gabon,GAB,1993-12,national
Gabon,GAB,1994-01,national
Gabon,GAB,1994-02,national
Gabon,GAB,1994-03,national
Gabon,GAB,1994-04,national
Gabon,GAB,1994-05,national
Gabon,GAB,1994-06,national
Gabon,GAB,1994-07,national
Gabon,GAB,1994-08,national
Gabon,GAB,1994-09,national
Gabon,GAB,1994-10,national
Gabon,GAB,1994-11,national
Gabon,GAB,1994-12,national
Gabon,GAB,1995-01,national
Gabon,GAB,1995-02,national
Gabon,GAB,1995-03,national
Gabon,GAB,1995-04,national
Gabon,GAB,1995-05,national
Gabon,GAB,1995-06,national
Gabon,GAB,1995-07,national
Gabon,GAB,1995-08,national
Gabon,GAB,1995-09,national
Gabon,GAB,1995-10,national
Gabon,GAB,1995-11,national
Gabon,GAB,1995-12,national
Gabon,GAB,1996-01,national
Gabon,GAB,1996-02,national
Gabon,GAB,1996-03,national
Gabon,GAB,1996-04,national
Gabon,GAB,1996-05,national
Gabon,GAB,1996-06,national
Gabon,GAB,1996-07,national
Gabon,GAB,1996-08,national
Gabon,GAB,1996-09,national
Gabon,GAB,1996-10,national
Gabon,GAB,1996-11,national
Gabon,GAB,1996-12,national
Gabon,GAB,1997-01,national
Gabon,GAB,1997-02,national
Gabon,GAB,1997-03,national
Gabon,GAB,1997-04,national
Gabon,GAB,1997-05,national
Gabon,GAB,1997-06,national
Gabon,GAB,1997-07,national
Gabon,GAB,1997-08,national
Gabon,GAB,1997-09,national
Gabon,GAB,1997-10,national
Gabon,GAB,1997-11,national
Gabon,GAB,1997-12,national
Gabon,GAB,1998-01,national
Gabon,GAB,1998-02,national
Gabon,GAB,1998-03,national
Gabon,GAB,1998-04,national
Gabon,GAB,1998-05,national
Gabon,GAB,1998-06,national
Gabon,GAB,1998-07,national
Gabon,GAB,1998-08,national
Gabon,GAB,1998-09,national
Gabon,GAB,1998-10,national
Gabon,GAB,1998-11,national
Gabon,GAB,1998-12,national
Gabon,GAB,1999-01,national
Gabon,GAB,1999-02,national
Gabon,GAB,1999-03,national
Gabon,GAB,1999-04,national
Gabon,GAB,1999-05,national
Gabon,GAB,1999-06,national
Gabon,GAB,1999-07,national
Gabon,GAB,1999-08,national
Gabon,GAB,1999-09,national
Gabon,GAB,1999-10,national
Gabon,GAB,1999-11,national
Gabon,GAB,1999-12,national
Gabon,GAB,2000-01,national
Gabon,GAB,2000-02,national
Gabon,GAB,2000-03,national
Gabon,GAB,2000-04,national
Gabon,GAB,2000-05,national
Gabon,GAB,2000-06,national
Gabon,GAB,2000-07,national
Gabon,GAB,2000-08,national
Gabon,GAB,2000-09,national
Gabon,GAB,2000-10,national
Gabon,GAB,2000-11,national
Gabon,GAB,2000-12,national
Gabon,GAB,2001-01,national
Gabon,GAB,2001-02,national
Gabon,GAB,2001-03,national
Gabon,GAB,2001-04,national
Gabon,GAB,2001-05,national
Gabon,GAB,2001-06,national
Gabon,GAB,2001-07,national
Gabon,GAB,2001-08,national
Gabon,GAB,2001-09,national
Gabon,GAB,2001-10,national
Gabon,GAB,2001-11,national
Gabon,GAB,2001-12,national
Gabon,GAB,2004-01,national
Gabon,GAB,2004-02,national
Gabon,GAB,2004-03,national
Gabon,GAB,2004-04,national
Gabon,GAB,2004-05,national
Gabon,GAB,2004-06,national
Gabon,GAB,2004-07,national
Gabon,GAB,2004-08,national
Gabon,GAB,2004-09,national
Gabon,GAB,2004-10,national
Gabon,GAB,2004-11,national
Gabon,GAB,2004-12,national
Gabon,GAB,2007-01,national
Gabon,GAB,2007-02,national
Gabon,GAB,2007-03,national
Gabon,GAB,2007-04,national
Gabon,GAB,2007-05,national
Gabon,GAB,2007-06,national
Gabon,GAB,2007-07,national
Gabon,GAB,2007-08,national
Gabon,GAB,2007-09,national
Gabon,GAB,2007-10,national
Gabon,GAB,2007-11,national
Gabon,GAB,2007-12,national
Gabon,GAB,2009-01,national
Gabon,GAB,2009-02,national
Gabon,GAB,2009-03,national
Gabon,GAB,2009-04,national
Gabon,GAB,2009-05,national
Gabon,GAB,2009-06,national
Gabon,GAB,2009-07,national
Gabon,GAB,2009-08,national
Gabon,GAB,2009-09,national
Gabon,GAB,2009-10,national
Gabon,GAB,2009-11,national
Gabon,GAB,2009-12,national
Gabon,GAB,2010-01,national
Gabon,GAB,2010-02,national
Gabon,GAB,2010-03,national
Gabon,GAB,2010-04,national
Gabon,GAB,2010-05,national
Gabon,GAB,2010-06,national
Gabon,GAB,2010-07,national
Gabon,GAB,2010-08,national
Gabon,GAB,2010-09,national
Gabon,GAB,2010-10,national
Gabon,GAB,2010-11,national
Gabon,GAB,2010-12,national
Gabon,GAB,2022-01,national
Gabon,GAB,2022-02,national
Gabon,GAB,2022-03,national
Gabon,GAB,2022-04,national
Gabon,GAB,2022-05,national
Gabon,GAB,2022-06,national
Gabon,GAB,2022-07,national
Gabon,GAB,2022-08,national
Gabon,GAB,2022-09,national
Gabon,GAB,2022-10,national
Gabon,GAB,2022-11,national
Gabon,GAB,2022-12,national
Gabon,GAB,2023-01,national
Gabon,GAB,2023-02,national
Gabon,GAB,2023-03,national
Gabon,GAB,2023-04,national
Gabon,GAB,2023-05,national
Gabon,GAB,2023-06,national
Gabon,GAB,2023-07,national
Gabon,GAB,2023-08,national
Gabon,GAB,2023-09,national
Gabon,GAB,2023-10,national
Gabon,GAB,2023-11,national
Gabon,GAB,2023-12,national
Gabon,GAB,2024-01,national
Gabon,GAB,2024-02,national
Gabon,GAB,2024-03,national
Gabon,GAB,2024-04,national
Gabon,GAB,2024-05,national
Gabon,GAB,2024-06,national
Gabon,GAB,2024-07,national
Gabon,GAB,2024-08,national
Gabon,GAB,2024-09,national
Gabon,GAB,2024-10,national
Gabon,GAB,2024-11,national
Gabon,GAB,2024-12,national
Gabon,GAB,2025-01,national
Gabon,GAB,2025-02,national
Gabon,GAB,2025-03,national
Gabon,GAB,2025-04,national
Gabon,GAB,2025-05,national
Gabon,GAB,2025-06,national
Gabon,GAB,2025-07,national
Gabon,GAB,2025-08,national
Ghana,GHA,1986-01,national
Ghana,GHA,1986-02,national
Ghana,GHA,1986-03,national
Ghana,GHA,1986-04,national
Ghana,GHA,1986-05,national
Ghana,GHA,1986-06,national
Ghana,GHA,1986-07,national
Ghana,GHA,1986-08,national
Ghana,GHA,1986-09,national
Ghana,GHA,1986-10,national
Ghana,GHA,1986-11,national
Ghana,GHA,1986-12,national
Ghana,GHA,1987-01,national
Ghana,GHA,1987-02,national
Ghana,GHA,1987-03,national
Ghana,GHA,1987-04,national
Ghana,GHA,1987-05,national
Ghana,GHA,1987-06,national
Ghana,GHA,1987-07,national
Ghana,GHA,1987-08,national
Ghana,GHA,1987-09,national
Ghana,GHA,1987-10,national
Ghana,GHA,1987-11,national
Ghana,GHA,1987-12,national
Ghana,GHA,1988-01,national
Ghana,GHA,1988-02,national
Ghana,GHA,1988-03,national
Ghana,GHA,1988-04,national
Ghana,GHA,1988-05,national
Ghana,GHA,1988-06,national
Ghana,GHA,1988-07,national
Ghana,GHA,1988-08,national
Ghana,GHA,1988-09,national
Ghana,GHA,1988-10,national
Ghana,GHA,1988-11,national
Ghana,GHA,1988-12,national
Ghana,GHA,1989-01,national
Ghana,GHA,1989-02,national
Ghana,GHA,1989-03,national
Ghana,GHA,1989-04,national
Ghana,GHA,1989-05,national
Ghana,GHA,1989-06,national
Ghana,GHA,1989-07,national
Ghana,GHA,1989-08,national
Ghana,GHA,1989-09,national
Ghana,GHA,1989-10,national
Ghana,GHA,1989-11,national
Ghana,GHA,1989-12,national
Ghana,GHA,2025-06,national
Ghana,GHA,2025-07,national
Ghana,GHA,2025-08,national
Guinea,GIN,1971-01,national
Guinea,GIN,1971-02,national
Guinea,GIN,1971-03,national
Guinea,GIN,1971-04,national
Guinea,GIN,1971-05,national
Guinea,GIN,1971-06,national
Guinea,GIN,1971-07,national
Guinea,GIN,1971-08,national
Guinea,GIN,1971-09,national
Guinea,GIN,1971-10,national
Guinea,GIN,1971-11,national
Guinea,GIN,1971-12,national
Guinea,GIN,1972-01,national
Guinea,GIN,1972-02,national
Guinea,GIN,1972-03,national
Guinea,GIN,1972-04,national
Guinea,GIN,1972-05,national
Guinea,GIN,1972-06,national
Guinea,GIN,1972-07,national
Guinea,GIN,1972-08,national
Guinea,GIN,1972-09,national
Guinea,GIN,1972-10,national
Guinea,GIN,1972-11,national
Guinea,GIN,1972-12,national
Guinea,GIN,1973-01,national
Guinea,GIN,1973-02,national
Guinea,GIN,1973-03,national
Guinea,GIN,1973-04,national
Guinea,GIN,1973-05,national
Guinea,GIN,1973-06,national
Guinea,GIN,1973-07,national
Guinea,GIN,1973-08,national
Guinea,GIN,1973-09,national
Guinea,GIN,1973-10,national
Guinea,GIN,1973-11,national
Guinea,GIN,1973-12,national
Guinea,GIN,1974-01,national
Guinea,GIN,1974-02,national
Guinea,GIN,1974-03,national
Guinea,GIN,1974-04,national
Guinea,GIN,1974-05,national
Guinea,GIN,1974-06,national
Guinea,GIN,1974-07,national
Guinea,GIN,1974-08,national
Guinea,GIN,1974-09,national
Guinea,GIN,1974-10,national
Guinea,GIN,1974-11,national
Guinea,GIN,1974-12,national
Guinea,GIN,1975-01,national
Guinea,GIN,1975-02,national
Guinea,GIN,1975-03,national
Guinea,GIN,1975-04,national
Guinea,GIN,1975-05,national
Guinea,GIN,1975-06,national
Guinea,GIN,1975-07,national
Guinea,GIN,1975-08,national
Guinea,GIN,1975-09,national
Guinea,GIN,1975-10,national
Guinea,GIN,1975-11,national
Guinea,GIN,1975-12,national
Guinea,GIN,1976-01,national
Guinea,GIN,1976-02,national
Guinea,GIN,1976-03,national
Guinea,GIN,1976-04,national
Guinea,GIN,1976-05,national
Guinea,GIN,1976-06,national
Guinea,GIN,1976-07,national
Guinea,GIN,1976-08,national
Guinea,GIN,1976-09,national
Guinea,GIN,1976-10,national
Guinea,GIN,1976-11,national
Guinea,GIN,1976-12,national
Guinea,GIN,1977-01,national
Guinea,GIN,1977-02,national
Guinea,GIN,1977-03,national
Guinea,GIN,1977-04,national
Guinea,GIN,1977-05,national
Guinea,GIN,1977-06,national
Guinea,GIN,1977-07,national
Guinea,GIN,1977-08,national
Guinea,GIN,1977-09,national
Guinea,GIN,1977-10,national
Guinea,GIN,1977-11,national
Guinea,GIN,1977-12,national
Guinea,GIN,1978-01,national
Guinea,GIN,1978-02,national
Guinea,GIN,1978-03,national
Guinea,GIN,1978-04,national
Guinea,GIN,1978-05,national
Guinea,GIN,1978-06,national
Guinea,GIN,1978-07,national
Guinea,GIN,1978-08,national
Guinea,GIN,1978-09,national
Guinea,GIN,1978-10,national
Guinea,GIN,1978-11,national
Guinea,GIN,1978-12,national
Guinea,GIN,1979-01,national
Guinea,GIN,1979-02,national
Guinea,GIN,1979-03,national
Guinea,GIN,1979-04,national
Guinea,GIN,1979-05,national
Guinea,GIN,1979-06,national
Guinea,GIN,1979-07,national
Guinea,GIN,1979-08,national
Guinea,GIN,1979-09,national
Guinea,GIN,1979-10,national
Guinea,GIN,1979-11,national
Guinea,GIN,1979-12,national
Guinea,GIN,1980-01,national
Guinea,GIN,1980-02,national
Guinea,GIN,1980-03,national
Guinea,GIN,1980-04,national
Guinea,GIN,1980-05,national
Guinea,GIN,1980-06,national
Guinea,GIN,1980-07,national
Guinea,GIN,1980-08,national
Guinea,GIN,1980-09,national
Guinea,GIN,1980-10,national
Guinea,GIN,1980-11,national
Guinea,GIN,1980-12,national
Guinea,GIN,1981-01,national
Guinea,GIN,1981-02,national
Guinea,GIN,1981-03,national
Guinea,GIN,1981-04,national
Guinea,GIN,1981-05,national
Guinea,GIN,1981-06,national
Guinea,GIN,1981-07,national
Guinea,GIN,1981-08,national
Guinea,GIN,1981-09,national
Guinea,GIN,1981-10,national
Guinea,GIN,1981-11,national
Guinea,GIN,1981-12,national
Guinea,GIN,1982-01,national
Guinea,GIN,1982-02,national
Guinea,GIN,1982-03,national
Guinea,GIN,1982-04,national
Guinea,GIN,1982-05,national
Guinea,GIN,1982-06,national
Guinea,GIN,1982-07,national
Guinea,GIN,1982-08,national
Guinea,GIN,1982-09,national
Guinea,GIN,1982-10,national
Guinea,GIN,1982-11,national
Guinea,GIN,1982-12,national
Guinea,GIN,1983-01,national
Guinea,GIN,1983-02,national
Guinea,GIN,1983-03,national
Guinea,GIN,1983-04,national
Guinea,GIN,1983-05,national
Guinea,GIN,1983-06,national
Guinea,GIN,1983-07,national
Guinea,GIN,1983-08,national
Guinea,GIN,1983-09,national
Guinea,GIN,1983-10,national
Guinea,GIN,1983-11,national
Guinea,GIN,1983-12,national
Guinea,GIN,1984-01,national
Guinea,GIN,1984-02,national
Guinea,GIN,1984-03,national
Guinea,GIN,1984-04,national
Guinea,GIN,1984-05,national
Guinea,GIN,1984-06,national
Guinea,GIN,1984-07,national
Guinea,GIN,1984-08,national
Guinea,GIN,1984-09,national
Guinea,GIN,1984-10,national
Guinea,GIN,1984-11,national
Guinea,GIN,1984-12,national
Guinea,GIN,1985-01,national
Guinea,GIN,1985-02,national
Guinea,GIN,1985-03,national
Guinea,GIN,1985-04,national
Guinea,GIN,1985-05,national
Guinea,GIN,1985-06,national
Guinea,GIN,1985-07,national
Guinea,GIN,1985-08,national
Guinea,GIN,1985-09,national
Guinea,GIN,1985-10,national
Guinea,GIN,1985-11,national
Guinea,GIN,1985-12,national
Guinea,GIN,1987-01,national
Guinea,GIN,1987-02,national
Guinea,GIN,1987-03,national
Guinea,GIN,1987-04,national
Guinea,GIN,1987-05,national
Guinea,GIN,1987-06,national
Guinea,GIN,1987-07,national
Guinea,GIN,1987-08,national
Guinea,GIN,1987-09,national
Guinea,GIN,1987-10,national
Guinea,GIN,1987-11,national
Guinea,GIN,1987-12,national
Guinea,GIN,1988-01,national
Guinea,GIN,1988-02,national
Guinea,GIN,1988-03,national
Guinea,GIN,1988-04,national
Guinea,GIN,1988-05,national
Guinea,GIN,1988-06,national
Guinea,GIN,1988-07,national
Guinea,GIN,1988-08,national
Guinea,GIN,1988-09,national
Guinea,GIN,1988-10,national
Guinea,GIN,1988-11,national
Guinea,GIN,1988-12,national
Guinea,GIN,1989-01,national
Guinea,GIN,1989-02,national
Guinea,GIN,1989-03,national
Guinea,GIN,1989-04,national
Guinea,GIN,1989-05,national
Guinea,GIN,1989-06,national
Guinea,GIN,1989-07,national
Guinea,GIN,1989-08,national
Guinea,GIN,1989-09,national
Guinea,GIN,1989-10,national
Guinea,GIN,1989-11,national
Guinea,GIN,1989-12,national
Guinea,GIN,1990-01,national
Guinea,GIN,1990-02,national
Guinea,GIN,1990-03,national
Guinea,GIN,1990-04,national
Guinea,GIN,1990-05,national
Guinea,GIN,1990-06,national
Guinea,GIN,1990-07,national
Guinea,GIN,1990-08,national
Guinea,GIN,1990-09,national
Guinea,GIN,1990-10,national
Guinea,GIN,1990-11,national
Guinea,GIN,1990-12,national
Guinea,GIN,1991-01,national
Guinea,GIN,1991-02,national
Guinea,GIN,1991-03,national
Guinea,GIN,1991-04,national
Guinea,GIN,1991-05,national
Guinea,GIN,1991-06,national
Guinea,GIN,1991-07,national
Guinea,GIN,1991-08,national
Guinea,GIN,1991-09,national
Guinea,GIN,1991-10,national
Guinea,GIN,1991-11,national
Guinea,GIN,1991-12,national
Guinea,GIN,1992-01,national
Guinea,GIN,1992-02,national
Guinea,GIN,1992-03,national
Guinea,GIN,1992-04,national
Guinea,GIN,1992-05,national
Guinea,GIN,1992-06,national
Guinea,GIN,1992-07,national
Guinea,GIN,1992-08,national
Guinea,GIN,1992-09,national
Guinea,GIN,1992-10,national
Guinea,GIN,1992-11,national
Guinea,GIN,1992-12,national
Guinea,GIN,1993-01,national
Guinea,GIN,1993-02,national
Guinea,GIN,1993-03,national
Guinea,GIN,1993-04,national
Guinea,GIN,1993-05,national
Guinea,GIN,1993-06,national
Guinea,GIN,1993-07,national
Guinea,GIN,1993-08,national
Guinea,GIN,1993-09,national
Guinea,GIN,1993-10,national
Guinea,GIN,1993-11,national
Guinea,GIN,1993-12,national
Guinea,GIN,1997-01,national
Guinea,GIN,1997-02,national
Guinea,GIN,1997-03,national
Guinea,GIN,1997-04,national
Guinea,GIN,1997-05,national
Guinea,GIN,1997-06,national
Guinea,GIN,1997-07,national
Guinea,GIN,1997-08,national
Guinea,GIN,1997-09,national
Guinea,GIN,1997-10,national
Guinea,GIN,1997-11,national
Guinea,GIN,1997-12,national
Guinea,GIN,2010-01,national
Guinea,GIN,2010-02,national
Guinea,GIN,2010-03,national
Guinea,GIN,2010-04,national
Guinea,GIN,2010-05,national
Guinea,GIN,2010-06,national
Guinea,GIN,2010-07,national
Guinea,GIN,2010-08,national
Guinea,GIN,2010-09,national
Guinea,GIN,2010-10,national
Guinea,GIN,2010-11,national
Guinea,GIN,2010-12,national
Guinea,GIN,2024-10,national
Guinea,GIN,2024-11,national
Guinea,GIN,2024-12,national
Guinea,GIN,2025-01,national
Guinea,GIN,2025-02,national
Guinea,GIN,2025-03,national
Guinea,GIN,2025-04,national
Guinea,GIN,2025-05,national
Guinea,GIN,2025-06,national
Guinea,GIN,2025-07,national
Guinea,GIN,2025-08,national
Gambia,GMB,1970-01,national
Gambia,GMB,1970-02,national
Gambia,GMB,1970-03,national
Gambia,GMB,1970-04,national
Gambia,GMB,1970-05,national
Gambia,GMB,1970-06,national
Gambia,GMB,1970-07,national
Gambia,GMB,1970-08,national
Gambia,GMB,1970-09,national
Gambia,GMB,1970-10,national
Gambia,GMB,1970-11,national
Gambia,GMB,1970-12,national
Gambia,GMB,1971-01,national
Gambia,GMB,1971-02,national
Gambia,GMB,1971-03,national
Gambia,GMB,1971-04,national
Gambia,GMB,1971-05,national
Gambia,GMB,1971-06,national
Gambia,GMB,1971-07,national
Gambia,GMB,1971-08,national
Gambia,GMB,1971-09,national
Gambia,GMB,1971-10,national
Gambia,GMB,1971-11,national
Gambia,GMB,1971-12,national
Gambia,GMB,1972-01,national
Gambia,GMB,1972-02,national
Gambia,GMB,1972-03,national
Gambia,GMB,1972-04,national
Gambia,GMB,1972-05,national
Gambia,GMB,1972-06,national
Gambia,GMB,1972-07,national
Gambia,GMB,1972-08,national
Gambia,GMB,1972-09,national
Gambia,GMB,1972-10,national
Gambia,GMB,1972-11,national
Gambia,GMB,1972-12,national
Gambia,GMB,1973-01,national
Gambia,GMB,1973-02,national
Gambia,GMB,1973-03,national
Gambia,GMB,1973-04,national
Gambia,GMB,1973-05,national
Gambia,GMB,1973-06,national
Gambia,GMB,1973-07,national
Gambia,GMB,1973-08,national
Gambia,GMB,1973-09,national
Gambia,GMB,1973-10,national
Gambia,GMB,1973-11,national
Gambia,GMB,1973-12,national
Gambia,GMB,1974-01,national
Gambia,GMB,1974-02,national
Gambia,GMB,1974-03,national
Gambia,GMB,1974-04,national
Gambia,GMB,1974-05,national
Gambia,GMB,1974-06,national
Gambia,GMB,1974-07,national
Gambia,GMB,1974-08,national
Gambia,GMB,1974-09,national
Gambia,GMB,1974-10,national
Gambia,GMB,1974-11,national
Gambia,GMB,1974-12,national
Gambia,GMB,1975-01,national
Gambia,GMB,1975-02,national
Gambia,GMB,1975-03,national
Gambia,GMB,1975-04,national
Gambia,GMB,1975-05,national
Gambia,GMB,1975-06,national
Gambia,GMB,1975-07,national
Gambia,GMB,1975-08,national
Gambia,GMB,1975-09,national
Gambia,GMB,1975-10,national
Gambia,GMB,1975-11,national
Gambia,GMB,1975-12,national
Gambia,GMB,1976-01,national
Gambia,GMB,1976-02,national
Gambia,GMB,1976-03,national
Gambia,GMB,1976-04,national
Gambia,GMB,1976-05,national
Gambia,GMB,1976-06,national
Gambia,GMB,1976-07,national
Gambia,GMB,1976-08,national
Gambia,GMB,1976-09,national
Gambia,GMB,1976-10,national
Gambia,GMB,1976-11,national
Gambia,GMB,1976-12,national
Gambia,GMB,1977-01,national
Gambia,GMB,1977-02,national
Gambia,GMB,1977-03,national
Gambia,GMB,1977-04,national
Gambia,GMB,1977-05,national
Gambia,GMB,1977-06,national
Gambia,GMB,1977-07,national
Gambia,GMB,1977-08,national
Gambia,GMB,1977-09,national
Gambia,GMB,1977-10,national
Gambia,GMB,1977-11,national
Gambia,GMB,1977-12,national
Gambia,GMB,1978-01,national
Gambia,GMB,1978-02,national
Gambia,GMB,1978-03,national
Gambia,GMB,1978-04,national
Gambia,GMB,1978-05,national
Gambia,GMB,1978-06,national
Gambia,GMB,1978-07,national
Gambia,GMB,1978-08,national
Gambia,GMB,1978-09,national
Gambia,GMB,1978-10,national
Gambia,GMB,1978-11,national
Gambia,GMB,1978-12,national
Gambia,GMB,1979-01,national
Gambia,GMB,1979-02,national
Gambia,GMB,1979-03,national
Gambia,GMB,1979-04,national
Gambia,GMB,1979-05,national
Gambia,GMB,1979-06,national
Gambia,GMB,1979-07,national
Gambia,GMB,1979-08,national
Gambia,GMB,1979-09,national
Gambia,GMB,1979-10,national
Gambia,GMB,1979-11,national
Gambia,GMB,1979-12,national
Gambia,GMB,1980-01,national
Gambia,GMB,1980-02,national
Gambia,GMB,1980-03,national
Gambia,GMB,1980-04,national
Gambia,GMB,1980-05,national
Gambia,GMB,1980-06,national
Gambia,GMB,1980-07,national
Gambia,GMB,1980-08,national
Gambia,GMB,1980-09,national
Gambia,GMB,1980-10,national
Gambia,GMB,1980-11,national
Gambia,GMB,1980-12,national
Gambia,GMB,1981-01,national
Gambia,GMB,1981-02,national
Gambia,GMB,1981-03,national
Gambia,GMB,1981-04,national
Gambia,GMB,1981-05,national
Gambia,GMB,1981-06,national
Gambia,GMB,1981-07,national
Gambia,GMB,1981-08,national
Gambia,GMB,1981-09,national
Gambia,GMB,1981-10,national
Gambia,GMB,1981-11,national
Gambia,GMB,1981-12,national
Gambia,GMB,1982-01,national
Gambia,GMB,1982-02,national
Gambia,GMB,1982-03,national
Gambia,GMB,1982-04,national
Gambia,GMB,1982-05,national
Gambia,GMB,1982-06,national
Gambia,GMB,1982-07,national
Gambia,GMB,1982-08,national
Gambia,GMB,1982-09,national
Gambia,GMB,1982-10,national
Gambia,GMB,1982-11,national
Gambia,GMB,1982-12,national
Gambia,GMB,1983-01,national
Gambia,GMB,1983-02,national
Gambia,GMB,1983-03,national
Gambia,GMB,1983-04,national
Gambia,GMB,1983-05,national
Gambia,GMB,1983-06,national
Gambia,GMB,1983-07,national
Gambia,GMB,1983-08,national
Gambia,GMB,1983-09,national
Gambia,GMB,1983-10,national
Gambia,GMB,1983-11,national
Gambia,GMB,1983-12,national
Gambia,GMB,1984-01,national
Gambia,GMB,1984-02,national
Gambia,GMB,1984-03,national
Gambia,GMB,1984-04,national
Gambia,GMB,1984-05,national
Gambia,GMB,1984-06,national
Gambia,GMB,1984-07,national
Gambia,GMB,1984-08,national
Gambia,GMB,1984-09,national
Gambia,GMB,1984-10,national
Gambia,GMB,1984-11,national
Gambia,GMB,1984-12,national
Gambia,GMB,1986-01,national
Gambia,GMB,1986-02,national
Gambia,GMB,1986-03,national
Gambia,GMB,1986-04,national
Gambia,GMB,1986-05,national
Gambia,GMB,1986-06,national
Gambia,GMB,1986-07,national
Gambia,GMB,1986-08,national
Gambia,GMB,1986-09,national
Gambia,GMB,1986-10,national
Gambia,GMB,1986-11,national
Gambia,GMB,1986-12,national
Gambia,GMB,1987-01,national
Gambia,GMB,1987-02,national
Gambia,GMB,1987-03,national
Gambia,GMB,1987-04,national
Gambia,GMB,1987-05,national
Gambia,GMB,1987-06,national
Gambia,GMB,1987-07,national
Gambia,GMB,1987-08,national
Gambia,GMB,1987-09,national
Gambia,GMB,1987-10,national
Gambia,GMB,1987-11,national
Gambia,GMB,1987-12,national
Gambia,GMB,1988-01,national
Gambia,GMB,1988-02,national
Gambia,GMB,1988-03,national
Gambia,GMB,1988-04,national
Gambia,GMB,1988-05,national
Gambia,GMB,1988-06,national
Gambia,GMB,1988-07,national
Gambia,GMB,1988-08,national
Gambia,GMB,1988-09,national
Gambia,GMB,1988-10,national
Gambia,GMB,1988-11,national
Gambia,GMB,1988-12,national
Gambia,GMB,1989-01,national
Gambia,GMB,1989-02,national
Gambia,GMB,1989-03,national
Gambia,GMB,1989-04,national
Gambia,GMB,1989-05,national
Gambia,GMB,1989-06,national
Gambia,GMB,1989-07,national
Gambia,GMB,1989-08,national
Gambia,GMB,1989-09,national
Gambia,GMB,1989-10,national
Gambia,GMB,1989-11,national
Gambia,GMB,1989-12,national
Gambia,GMB,1990-01,national
Gambia,GMB,1990-02,national
Gambia,GMB,1990-03,national
Gambia,GMB,1990-04,national
Gambia,GMB,1990-05,national
Gambia,GMB,1990-06,national
Gambia,GMB,1990-07,national
Gambia,GMB,1990-08,national
Gambia,GMB,1990-09,national
Gambia,GMB,1990-10,national
Gambia,GMB,1990-11,national
Gambia,GMB,1990-12,national
Gambia,GMB,1991-01,national
Gambia,GMB,1991-02,national
Gambia,GMB,1991-03,national
Gambia,GMB,1991-04,national
Gambia,GMB,1991-05,national
Gambia,GMB,1991-06,national
Gambia,GMB,1991-07,national
Gambia,GMB,1991-08,national
Gambia,GMB,1991-09,national
Gambia,GMB,1991-10,national
Gambia,GMB,1991-11,national
Gambia,GMB,1991-12,national
Gambia,GMB,1992-01,national
Gambia,GMB,1992-02,national
Gambia,GMB,1992-03,national
Gambia,GMB,1992-04,national
Gambia,GMB,1992-05,national
Gambia,GMB,1992-06,national
Gambia,GMB,1992-07,national
Gambia,GMB,1992-08,national
Gambia,GMB,1992-09,national
Gambia,GMB,1992-10,national
Gambia,GMB,1992-11,national
Gambia,GMB,1992-12,national
Gambia,GMB,1993-01,national
Gambia,GMB,1993-02,national
Gambia,GMB,1993-03,national
Gambia,GMB,1993-04,national
Gambia,GMB,1993-05,national
Gambia,GMB,1993-06,national
Gambia,GMB,1993-07,national
Gambia,GMB,1993-08,national
Gambia,GMB,1993-09,national
Gambia,GMB,1993-10,national
Gambia,GMB,1993-11,national
Gambia,GMB,1993-12,national
Gambia,GMB,1997-01,national
Gambia,GMB,1997-02,national
Gambia,GMB,1997-03,national
Gambia,GMB,1997-04,national
Gambia,GMB,1997-05,national
Gambia,GMB,1997-06,national
Gambia,GMB,1997-07,national
Gambia,GMB,1997-08,national
Gambia,GMB,1997-09,national
Gambia,GMB,1997-10,national
Gambia,GMB,1997-11,national
Gambia,GMB,1997-12,national
Gambia,GMB,1998-01,national
Gambia,GMB,1998-02,national
Gambia,GMB,1998-03,national
Gambia,GMB,1998-04,national
Gambia,GMB,1998-05,national
Gambia,GMB,1998-06,national
Gambia,GMB,1998-07,national
Gambia,GMB,1998-08,national
Gambia,GMB,1998-09,national
Gambia,GMB,1998-10,national
Gambia,GMB,1998-11,national
Gambia,GMB,1998-12,national
Gambia,GMB,1999-01,national
Gambia,GMB,1999-02,national
Gambia,GMB,1999-03,national
Gambia,GMB,1999-04,national
Gambia,GMB,1999-05,national
Gambia,GMB,1999-06,national
Gambia,GMB,1999-07,national
Gambia,GMB,1999-08,national
Gambia,GMB,1999-09,national
Gambia,GMB,1999-10,national
Gambia,GMB,1999-11,national
Gambia,GMB,1999-12,national
Gambia,GMB,2000-01,national
Gambia,GMB,2000-02,national
Gambia,GMB,2000-03,national
Gambia,GMB,2000-04,national
Gambia,GMB,2000-05,national
Gambia,GMB,2000-06,national
Gambia,GMB,2000-07,national
Gambia,GMB,2000-08,national
Gambia,GMB,2000-09,national
Gambia,GMB,2000-10,national
Gambia,GMB,2000-11,national
Gambia,GMB,2000-12,national
Gambia,GMB,2001-01,national
Gambia,GMB,2001-02,national
Gambia,GMB,2001-03,national
Gambia,GMB,2001-04,national
Gambia,GMB,2001-05,national
Gambia,GMB,2001-06,national
Gambia,GMB,2001-07,national
Gambia,GMB,2001-08,national
Gambia,GMB,2001-09,national
Gambia,GMB,2001-10,national
Gambia,GMB,2001-11,national
Gambia,GMB,2001-12,national
Gambia,GMB,2002-01,national
Gambia,GMB,2002-02,national
Gambia,GMB,2002-03,national
Gambia,GMB,2002-04,national
Gambia,GMB,2002-05,national
Gambia,GMB,2002-06,national
Gambia,GMB,2002-07,national
Gambia,GMB,2002-08,national
Gambia,GMB,2002-09,national
Gambia,GMB,2002-10,national
Gambia,GMB,2002-11,national
Gambia,GMB,2002-12,national
Gambia,GMB,2003-01,national
Gambia,GMB,2003-02,national
Gambia,GMB,2003-03,national
Gambia,GMB,2003-04,national
Gambia,GMB,2003-05,national
Gambia,GMB,2003-06,national
Gambia,GMB,2003-07,national
Gambia,GMB,2003-08,national
Gambia,GMB,2003-09,national
Gambia,GMB,2003-10,national
Gambia,GMB,2003-11,national
Gambia,GMB,2003-12,national
Gambia,GMB,2004-01,national
Gambia,GMB,2004-02,national
Gambia,GMB,2004-03,national
Gambia,GMB,2004-04,national
Gambia,GMB,2004-05,national
Gambia,GMB,2004-06,national
Gambia,GMB,2004-07,national
Gambia,GMB,2004-08,national
Gambia,GMB,2004-09,national
Gambia,GMB,2004-10,national
Gambia,GMB,2004-11,national
Gambia,GMB,2004-12,national
Gambia,GMB,2009-01,national
Gambia,GMB,2009-02,national
Gambia,GMB,2009-03,national
Gambia,GMB,2009-04,national
Gambia,GMB,2009-05,national
Gambia,GMB,2009-06,national
Gambia,GMB,2009-07,national
Gambia,GMB,2009-08,national
Gambia,GMB,2009-09,national
Gambia,GMB,2009-10,national
Gambia,GMB,2009-11,national
Gambia,GMB,2009-12,national
Gambia,GMB,2010-01,national
Gambia,GMB,2010-02,national
Gambia,GMB,2010-03,national
Gambia,GMB,2010-04,national
Gambia,GMB,2010-05,national
Gambia,GMB,2010-06,national
Gambia,GMB,2010-07,national
Gambia,GMB,2010-08,national
Gambia,GMB,2010-09,national
Gambia,GMB,2010-10,national
Gambia,GMB,2010-11,national
Gambia,GMB,2010-12,national
Gambia,GMB,2016-01,national
Gambia,GMB,2016-02,national
Gambia,GMB,2016-03,national
Gambia,GMB,2016-04,national
Gambia,GMB,2016-05,national
Gambia,GMB,2016-06,national
Gambia,GMB,2016-07,national
Gambia,GMB,2016-08,national
Gambia,GMB,2016-09,national
Gambia,GMB,2016-10,national
Gambia,GMB,2016-11,national
Gambia,GMB,2016-12,national
Gambia,GMB,2017-01,national
Gambia,GMB,2017-02,national
Gambia,GMB,2017-03,national
Gambia,GMB,2017-04,national
Gambia,GMB,2017-05,national
Gambia,GMB,2017-06,national
Gambia,GMB,2017-07,national
Gambia,GMB,2017-08,national
Gambia,GMB,2017-09,national
Gambia,GMB,2017-10,national
Gambia,GMB,2017-11,national
Gambia,GMB,2017-12,national
Gambia,GMB,2018-01,national
Gambia,GMB,2018-02,national
Gambia,GMB,2018-03,national
Gambia,GMB,2018-04,national
Gambia,GMB,2018-05,national
Gambia,GMB,2018-06,national
Gambia,GMB,2018-07,national
Gambia,GMB,2018-08,national
Gambia,GMB,2018-09,national
Gambia,GMB,2018-10,national
Gambia,GMB,2018-11,national
Gambia,GMB,2018-12,national
Gambia,GMB,2019-01,national
Gambia,GMB,2019-02,national
Gambia,GMB,2019-03,national
Gambia,GMB,2019-04,national
Gambia,GMB,2019-05,national
Gambia,GMB,2019-06,national
Gambia,GMB,2019-07,national
Gambia,GMB,2019-08,national
Gambia,GMB,2019-09,national
Gambia,GMB,2019-10,national
Gambia,GMB,2019-11,national
Gambia,GMB,2019-12,national
Gambia,GMB,2020-01,national
Gambia,GMB,2020-02,national
Gambia,GMB,2020-03,national
Gambia,GMB,2020-04,national
Gambia,GMB,2020-05,national
Gambia,GMB,2020-06,national
Gambia,GMB,2020-07,national
Gambia,GMB,2020-08,national
Gambia,GMB,2020-09,national
Gambia,GMB,2020-10,national
Gambia,GMB,2020-11,national
Gambia,GMB,2020-12,national
Gambia,GMB,2022-01,national
Gambia,GMB,2022-02,national
Gambia,GMB,2022-03,national
Gambia,GMB,2022-04,national
Gambia,GMB,2022-05,national
Gambia,GMB,2022-06,national
Gambia,GMB,2022-07,national
Gambia,GMB,2022-08,national
Gambia,GMB,2022-09,national
Gambia,GMB,2022-10,national
Gambia,GMB,2022-11,national
Gambia,GMB,2022-12,national
Gambia,GMB,2024-01,national
Gambia,GMB,2024-02,national
Gambia,GMB,2024-03,national
Gambia,GMB,2024-04,national
Gambia,GMB,2024-05,national
Gambia,GMB,2024-06,national
Gambia,GMB,2024-07,national
Gambia,GMB,2024-08,national
Gambia,GMB,2024-09,national
Gambia,GMB,2024-10,national
Gambia,GMB,2024-11,national
Gambia,GMB,2024-12,national
Gambia,GMB,2025-01,national
Gambia,GMB,2025-02,national
Gambia,GMB,2025-03,national
Gambia,GMB,2025-04,national
Gambia,GMB,2025-05,national
Gambia,GMB,2025-06,national
Gambia,GMB,2025-07,national
Gambia,GMB,2025-08,national
Guinea-Bissau,GNB,1970-01,national
Guinea-Bissau,GNB,1970-02,national
Guinea-Bissau,GNB,1970-03,national
Guinea-Bissau,GNB,1970-04,national
Guinea-Bissau,GNB,1970-05,national
Guinea-Bissau,GNB,1970-06,national
Guinea-Bissau,GNB,1970-07,national
Guinea-Bissau,GNB,1970-08,national
Guinea-Bissau,GNB,1970-09,national
Guinea-Bissau,GNB,1970-10,national
Guinea-Bissau,GNB,1970-11,national
Guinea-Bissau,GNB,1970-12,national
Guinea-Bissau,GNB,1971-01,national
Guinea-Bissau,GNB,1971-02,national
Guinea-Bissau,GNB,1971-03,national
Guinea-Bissau,GNB,1971-04,national
Guinea-Bissau,GNB,1971-05,national
Guinea-Bissau,GNB,1971-06,national
Guinea-Bissau,GNB,1971-07,national
Guinea-Bissau,GNB,1971-08,national
Guinea-Bissau,GNB,1971-09,national
Guinea-Bissau,GNB,1971-10,national
Guinea-Bissau,GNB,1971-11,national
Guinea-Bissau,GNB,1971-12,national
Guinea-Bissau,GNB,1972-01,national
Guinea-Bissau,GNB,1972-02,national
Guinea-Bissau,GNB,1972-03,national
Guinea-Bissau,GNB,1972-04,national
Guinea-Bissau,GNB,1972-05,national
Guinea-Bissau,GNB,1972-06,national
Guinea-Bissau,GNB,1972-07,national
Guinea-Bissau,GNB,1972-08,national
Guinea-Bissau,GNB,1972-09,national
Guinea-Bissau,GNB,1972-10,national
Guinea-Bissau,GNB,1972-11,national
Guinea-Bissau,GNB,1972-12,national
Guinea-Bissau,GNB,1973-01,national
Guinea-Bissau,GNB,1973-02,national
Guinea-Bissau,GNB,1973-03,national
Guinea-Bissau,GNB,1973-04,national
Guinea-Bissau,GNB,1973-05,national
Guinea-Bissau,GNB,1973-06,national
Guinea-Bissau,GNB,1973-07,national
Guinea-Bissau,GNB,1973-08,national
Guinea-Bissau,GNB,1973-09,national
Guinea-Bissau,GNB,1973-10,national
Guinea-Bissau,GNB,1973-11,national
Guinea-Bissau,GNB,1973-12,national
Guinea-Bissau,GNB,1974-01,national
Guinea-Bissau,GNB,1974-02,national
Guinea-Bissau,GNB,1974-03,national
Guinea-Bissau,GNB,1974-04,national
Guinea-Bissau,GNB,1974-05,national
Guinea-Bissau,GNB,1974-06,national
Guinea-Bissau,GNB,1974-07,national
Guinea-Bissau,GNB,1974-08,national
Guinea-Bissau,GNB,1974-09,national
Guinea-Bissau,GNB,1974-10,national
Guinea-Bissau,GNB,1974-11,national
Guinea-Bissau,GNB,1974-12,national
Guinea-Bissau,GNB,1975-01,national
Guinea-Bissau,GNB,1975-02,national
Guinea-Bissau,GNB,1975-03,national
Guinea-Bissau,GNB,1975-04,national
Guinea-Bissau,GNB,1975-05,national
Guinea-Bissau,GNB,1975-06,national
Guinea-Bissau,GNB,1975-07,national
Guinea-Bissau,GNB,1975-08,national
Guinea-Bissau,GNB,1975-09,national
Guinea-Bissau,GNB,1975-10,national
Guinea-Bissau,GNB,1975-11,national
Guinea-Bissau,GNB,1975-12,national
Guinea-Bissau,GNB,1976-01,national
Guinea-Bissau,GNB,1976-02,national
Guinea-Bissau,GNB,1976-03,national
Guinea-Bissau,GNB,1976-04,national
Guinea-Bissau,GNB,1976-05,national
Guinea-Bissau,GNB,1976-06,national
Guinea-Bissau,GNB,1976-07,national
Guinea-Bissau,GNB,1976-08,national
Guinea-Bissau,GNB,1976-09,national
Guinea-Bissau,GNB,1976-10,national
Guinea-Bissau,GNB,1976-11,national
Guinea-Bissau,GNB,1976-12,national
Guinea-Bissau,GNB,1977-01,national
Guinea-Bissau,GNB,1977-02,national
Guinea-Bissau,GNB,1977-03,national
Guinea-Bissau,GNB,1977-04,national
Guinea-Bissau,GNB,1977-05,national
Guinea-Bissau,GNB,1977-06,national
Guinea-Bissau,GNB,1977-07,national
Guinea-Bissau,GNB,1977-08,national
Guinea-Bissau,GNB,1977-09,national
Guinea-Bissau,GNB,1977-10,national
Guinea-Bissau,GNB,1977-11,national
Guinea-Bissau,GNB,1977-12,national
Guinea-Bissau,GNB,1978-01,national
Guinea-Bissau,GNB,1978-02,national
Guinea-Bissau,GNB,1978-03,national
Guinea-Bissau,GNB,1978-04,national
Guinea-Bissau,GNB,1978-05,national
Guinea-Bissau,GNB,1978-06,national
Guinea-Bissau,GNB,1978-07,national
Guinea-Bissau,GNB,1978-08,national
Guinea-Bissau,GNB,1978-09,national
Guinea-Bissau,GNB,1978-10,national
Guinea-Bissau,GNB,1978-11,national
Guinea-Bissau,GNB,1978-12,national
Guinea-Bissau,GNB,1979-01,national
Guinea-Bissau,GNB,1979-02,national
Guinea-Bissau,GNB,1979-03,national
Guinea-Bissau,GNB,1979-04,national
Guinea-Bissau,GNB,1979-05,national
Guinea-Bissau,GNB,1979-06,national
Guinea-Bissau,GNB,1979-07,national
Guinea-Bissau,GNB,1979-08,national
Guinea-Bissau,GNB,1979-09,national
Guinea-Bissau,GNB,1979-10,national
Guinea-Bissau,GNB,1979-11,national
Guinea-Bissau,GNB,1979-12,national
Guinea-Bissau,GNB,1980-01,national
Guinea-Bissau,GNB,1980-02,national
Guinea-Bissau,GNB,1980-03,national
Guinea-Bissau,GNB,1980-04,national
Guinea-Bissau,GNB,1980-05,national
Guinea-Bissau,GNB,1980-06,national
Guinea-Bissau,GNB,1980-07,national
Guinea-Bissau,GNB,1980-08,national
Guinea-Bissau,GNB,1980-09,national
Guinea-Bissau,GNB,1980-10,national
Guinea-Bissau,GNB,1980-11,national
Guinea-Bissau,GNB,1980-12,national
Guinea-Bissau,GNB,1981-01,national
Guinea-Bissau,GNB,1981-02,national
Guinea-Bissau,GNB,1981-03,national
Guinea-Bissau,GNB,1981-04,national
Guinea-Bissau,GNB,1981-05,national
Guinea-Bissau,GNB,1981-06,national
Guinea-Bissau,GNB,1981-07,national
Guinea-Bissau,GNB,1981-08,national
Guinea-Bissau,GNB,1981-09,national
Guinea-Bissau,GNB,1981-10,national
Guinea-Bissau,GNB,1981-11,national
Guinea-Bissau,GNB,1981-12,national
Guinea-Bissau,GNB,1982-01,national
Guinea-Bissau,GNB,1982-02,national
Guinea-Bissau,GNB,1982-03,national
Guinea-Bissau,GNB,1982-04,national
Guinea-Bissau,GNB,1982-05,national
Guinea-Bissau,GNB,1982-06,national
Guinea-Bissau,GNB,1982-07,national
Guinea-Bissau,GNB,1982-08,national
Guinea-Bissau,GNB,1982-09,national
Guinea-Bissau,GNB,1982-10,national
Guinea-Bissau,GNB,1982-11,national
Guinea-Bissau,GNB,1982-12,national
Guinea-Bissau,GNB,1983-01,national
Guinea-Bissau,GNB,1983-02,national
Guinea-Bissau,GNB,1983-03,national
Guinea-Bissau,GNB,1983-04,national
Guinea-Bissau,GNB,1983-05,national
Guinea-Bissau,GNB,1983-06,national
Guinea-Bissau,GNB,1983-07,national
Guinea-Bissau,GNB,1983-08,national
Guinea-Bissau,GNB,1983-09,national
Guinea-Bissau,GNB,1983-10,national
Guinea-Bissau,GNB,1983-11,national
Guinea-Bissau,GNB,1983-12,national
Guinea-Bissau,GNB,1984-01,national
Guinea-Bissau,GNB,1984-02,national
Guinea-Bissau,GNB,1984-03,national
Guinea-Bissau,GNB,1984-04,national
Guinea-Bissau,GNB,1984-05,national
Guinea-Bissau,GNB,1984-06,national
Guinea-Bissau,GNB,1984-07,national
Guinea-Bissau,GNB,1984-08,national
Guinea-Bissau,GNB,1984-09,national
Guinea-Bissau,GNB,1984-10,national
Guinea-Bissau,GNB,1984-11,national
Guinea-Bissau,GNB,1984-12,national
Guinea-Bissau,GNB,1985-01,national
Guinea-Bissau,GNB,1985-02,national
Guinea-Bissau,GNB,1985-03,national
Guinea-Bissau,GNB,1985-04,national
Guinea-Bissau,GNB,1985-05,national
Guinea-Bissau,GNB,1985-06,national
Guinea-Bissau,GNB,1985-07,national
Guinea-Bissau,GNB,1985-08,national
Guinea-Bissau,GNB,1985-09,national
Guinea-Bissau,GNB,1985-10,national
Guinea-Bissau,GNB,1985-11,national
Guinea-Bissau,GNB,1985-12,national
Guinea-Bissau,GNB,1988-01,national
Guinea-Bissau,GNB,1988-02,national
Guinea-Bissau,GNB,1988-03,national
Guinea-Bissau,GNB,1988-04,national
Guinea-Bissau,GNB,1988-05,national
Guinea-Bissau,GNB,1988-06,national
Guinea-Bissau,GNB,1988-07,national
Guinea-Bissau,GNB,1988-08,national
Guinea-Bissau,GNB,1988-09,national
Guinea-Bissau,GNB,1988-10,national
Guinea-Bissau,GNB,1988-11,national
Guinea-Bissau,GNB,1988-12,national
Guinea-Bissau,GNB,1989-01,national
Guinea-Bissau,GNB,1989-02,national
Guinea-Bissau,GNB,1989-03,national
Guinea-Bissau,GNB,1989-04,national
Guinea-Bissau,GNB,1989-05,national
Guinea-Bissau,GNB,1989-06,national
Guinea-Bissau,GNB,1989-07,national
Guinea-Bissau,GNB,1989-08,national
Guinea-Bissau,GNB,1989-09,national
Guinea-Bissau,GNB,1989-10,national
Guinea-Bissau,GNB,1989-11,national
Guinea-Bissau,GNB,1989-12,national
Guinea-Bissau,GNB,1990-01,national
Guinea-Bissau,GNB,1990-02,national
Guinea-Bissau,GNB,1990-03,national
Guinea-Bissau,GNB,1990-04,national
Guinea-Bissau,GNB,1990-05,national
Guinea-Bissau,GNB,1990-06,national
Guinea-Bissau,GNB,1990-07,national
Guinea-Bissau,GNB,1990-08,national
Guinea-Bissau,GNB,1990-09,national
Guinea-Bissau,GNB,1990-10,national
Guinea-Bissau,GNB,1990-11,national
Guinea-Bissau,GNB,1990-12,national
Guinea-Bissau,GNB,1991-01,national
Guinea-Bissau,GNB,1991-02,national
Guinea-Bissau,GNB,1991-03,national
Guinea-Bissau,GNB,1991-04,national
Guinea-Bissau,GNB,1991-05,national
Guinea-Bissau,GNB,1991-06,national
Guinea-Bissau,GNB,1991-07,national
Guinea-Bissau,GNB,1991-08,national
Guinea-Bissau,GNB,1991-09,national
Guinea-Bissau,GNB,1991-10,national
Guinea-Bissau,GNB,1991-11,national
Guinea-Bissau,GNB,1991-12,national
Guinea-Bissau,GNB,1992-01,national
Guinea-Bissau,GNB,1992-02,national
Guinea-Bissau,GNB,1992-03,national
Guinea-Bissau,GNB,1992-04,national
Guinea-Bissau,GNB,1992-05,national
Guinea-Bissau,GNB,1992-06,national
Guinea-Bissau,GNB,1992-07,national
Guinea-Bissau,GNB,1992-08,national
Guinea-Bissau,GNB,1992-09,national
Guinea-Bissau,GNB,1992-10,national
Guinea-Bissau,GNB,1992-11,national
Guinea-Bissau,GNB,1992-12,national
Guinea-Bissau,GNB,1993-01,national
Guinea-Bissau,GNB,1993-02,national
Guinea-Bissau,GNB,1993-03,national
Guinea-Bissau,GNB,1993-04,national
Guinea-Bissau,GNB,1993-05,national
Guinea-Bissau,GNB,1993-06,national
Guinea-Bissau,GNB,1993-07,national
Guinea-Bissau,GNB,1993-08,national
Guinea-Bissau,GNB,1993-09,national
Guinea-Bissau,GNB,1993-10,national
Guinea-Bissau,GNB,1993-11,national
Guinea-Bissau,GNB,1993-12,national
Guinea-Bissau,GNB,1999-01,national
Guinea-Bissau,GNB,1999-02,national
Guinea-Bissau,GNB,1999-03,national
Guinea-Bissau,GNB,1999-04,national
Guinea-Bissau,GNB,1999-05,national
Guinea-Bissau,GNB,1999-06,national
Guinea-Bissau,GNB,1999-07,national
Guinea-Bissau,GNB,1999-08,national
Guinea-Bissau,GNB,1999-09,national
Guinea-Bissau,GNB,1999-10,national
Guinea-Bissau,GNB,1999-11,national
Guinea-Bissau,GNB,1999-12,national
Guinea-Bissau,GNB,2000-01,national
Guinea-Bissau,GNB,2000-02,national
Guinea-Bissau,GNB,2000-03,national
Guinea-Bissau,GNB,2000-04,national
Guinea-Bissau,GNB,2000-05,national
Guinea-Bissau,GNB,2000-06,national
Guinea-Bissau,GNB,2000-07,national
Guinea-Bissau,GNB,2000-08,national
Guinea-Bissau,GNB,2000-09,national
Guinea-Bissau,GNB,2000-10,national
Guinea-Bissau,GNB,2000-11,national
Guinea-Bissau,GNB,2000-12,national
Guinea-Bissau,GNB,2001-01,national
Guinea-Bissau,GNB,2001-02,national
Guinea-Bissau,GNB,2001-03,national
Guinea-Bissau,GNB,2001-04,national
Guinea-Bissau,GNB,2001-05,national
Guinea-Bissau,GNB,2001-06,national
Guinea-Bissau,GNB,2001-07,national
Guinea-Bissau,GNB,2001-08,national
Guinea-Bissau,GNB,2001-09,national
Guinea-Bissau,GNB,2001-10,national
Guinea-Bissau,GNB,2001-11,national
Guinea-Bissau,GNB,2001-12,national
Guinea-Bissau,GNB,2010-01,national
Guinea-Bissau,GNB,2010-02,national
Guinea-Bissau,GNB,2010-03,national
Guinea-Bissau,GNB,2010-04,national
Guinea-Bissau,GNB,2010-05,national
Guinea-Bissau,GNB,2010-06,national
Guinea-Bissau,GNB,2010-07,national
Guinea-Bissau,GNB,2010-08,national
Guinea-Bissau,GNB,2010-09,national
Guinea-Bissau,GNB,2010-10,national
Guinea-Bissau,GNB,2010-11,national
Guinea-Bissau,GNB,2010-12,national
Guinea-Bissau,GNB,2011-01,national
Guinea-Bissau,GNB,2011-02,national
Guinea-Bissau,GNB,2011-03,national
Guinea-Bissau,GNB,2011-04,national
Guinea-Bissau,GNB,2011-05,national
Guinea-Bissau,GNB,2011-06,national
Guinea-Bissau,GNB,2011-07,national
Guinea-Bissau,GNB,2011-08,national
Guinea-Bissau,GNB,2011-09,national
Guinea-Bissau,GNB,2011-10,national
Guinea-Bissau,GNB,2011-11,national
Guinea-Bissau,GNB,2011-12,national
Guinea-Bissau,GNB,2016-12,national
Guinea-Bissau,GNB,2019-09,national
Guinea-Bissau,GNB,2019-10,national
Guinea-Bissau,GNB,2019-11,national
Guinea-Bissau,GNB,2024-10,national
Guinea-Bissau,GNB,2024-11,national
Guinea-Bissau,GNB,2024-12,national
Guinea-Bissau,GNB,2025-01,national
Guinea-Bissau,GNB,2025-02,national
Guinea-Bissau,GNB,2025-03,national
Guinea-Bissau,GNB,2025-04,national
Guinea-Bissau,GNB,2025-05,national
Guinea-Bissau,GNB,2025-06,national
Guinea-Bissau,GNB,2025-07,national
Guinea-Bissau,GNB,2025-08,national
Equatorial Guinea,GNQ,1970-01,national
Equatorial Guinea,GNQ,1970-02,national
Equatorial Guinea,GNQ,1970-03,national
Equatorial Guinea,GNQ,1970-04,national
Equatorial Guinea,GNQ,1970-05,national
Equatorial Guinea,GNQ,1970-06,national
Equatorial Guinea,GNQ,1970-07,national
Equatorial Guinea,GNQ,1970-08,national
Equatorial Guinea,GNQ,1970-09,national
Equatorial Guinea,GNQ,1970-10,national
Equatorial Guinea,GNQ,1970-11,national
Equatorial Guinea,GNQ,1970-12,national
Equatorial Guinea,GNQ,1971-01,national
Equatorial Guinea,GNQ,1971-02,national
Equatorial Guinea,GNQ,1971-03,national
Equatorial Guinea,GNQ,1971-04,national
Equatorial Guinea,GNQ,1971-05,national
Equatorial Guinea,GNQ,1971-06,national
Equatorial Guinea,GNQ,1971-07,national
Equatorial Guinea,GNQ,1971-08,national
Equatorial Guinea,GNQ,1971-09,national
Equatorial Guinea,GNQ,1971-10,national
Equatorial Guinea,GNQ,1971-11,national
Equatorial Guinea,GNQ,1971-12,national
Equatorial Guinea,GNQ,1972-01,national
Equatorial Guinea,GNQ,1972-02,national
Equatorial Guinea,GNQ,1972-03,national
Equatorial Guinea,GNQ,1972-04,national
Equatorial Guinea,GNQ,1972-05,national
Equatorial Guinea,GNQ,1972-06,national
Equatorial Guinea,GNQ,1972-07,national
Equatorial Guinea,GNQ,1972-08,national
Equatorial Guinea,GNQ,1972-09,national
Equatorial Guinea,GNQ,1972-10,national
Equatorial Guinea,GNQ,1972-11,national
Equatorial Guinea,GNQ,1972-12,national
Equatorial Guinea,GNQ,1973-01,national
Equatorial Guinea,GNQ,1973-02,national
Equatorial Guinea,GNQ,1973-03,national
Equatorial Guinea,GNQ,1973-04,national
Equatorial Guinea,GNQ,1973-05,national
Equatorial Guinea,GNQ,1973-06,national
Equatorial Guinea,GNQ,1973-07,national
Equatorial Guinea,GNQ,1973-08,national
Equatorial Guinea,GNQ,1973-09,national
Equatorial Guinea,GNQ,1973-10,national
Equatorial Guinea,GNQ,1973-11,national
Equatorial Guinea,GNQ,1973-12,national
Equatorial Guinea,GNQ,1974-01,national
Equatorial Guinea,GNQ,1974-02,national
Equatorial Guinea,GNQ,1974-03,national
Equatorial Guinea,GNQ,1974-04,national
Equatorial Guinea,GNQ,1974-05,national
Equatorial Guinea,GNQ,1974-06,national
Equatorial Guinea,GNQ,1974-07,national
Equatorial Guinea,GNQ,1974-08,national
Equatorial Guinea,GNQ,1974-09,national
Equatorial Guinea,GNQ,1974-10,national
Equatorial Guinea,GNQ,1974-11,national
Equatorial Guinea,GNQ,1974-12,national
Equatorial Guinea,GNQ,1975-01,national
Equatorial Guinea,GNQ,1975-02,national
Equatorial Guinea,GNQ,1975-03,national
Equatorial Guinea,GNQ,1975-04,national
Equatorial Guinea,GNQ,1975-05,national
Equatorial Guinea,GNQ,1975-06,national
Equatorial Guinea,GNQ,1975-07,national
Equatorial Guinea,GNQ,1975-08,national
Equatorial Guinea,GNQ,1975-09,national
Equatorial Guinea,GNQ,1975-10,national
Equatorial Guinea,GNQ,1975-11,national
Equatorial Guinea,GNQ,1975-12,national
Equatorial Guinea,GNQ,1976-01,national
Equatorial Guinea,GNQ,1976-02,national
Equatorial Guinea,GNQ,1976-03,national
Equatorial Guinea,GNQ,1976-04,national
Equatorial Guinea,GNQ,1976-05,national
Equatorial Guinea,GNQ,1976-06,national
Equatorial Guinea,GNQ,1976-07,national
Equatorial Guinea,GNQ,1976-08,national
Equatorial Guinea,GNQ,1976-09,national
Equatorial Guinea,GNQ,1976-10,national
Equatorial Guinea,GNQ,1976-11,national
Equatorial Guinea,GNQ,1976-12,national
Equatorial Guinea,GNQ,1977-01,national
Equatorial Guinea,GNQ,1977-02,national
Equatorial Guinea,GNQ,1977-03,national
Equatorial Guinea,GNQ,1977-04,national
Equatorial Guinea,GNQ,1977-05,national
Equatorial Guinea,GNQ,1977-06,national
Equatorial Guinea,GNQ,1977-07,national
Equatorial Guinea,GNQ,1977-08,national
Equatorial Guinea,GNQ,1977-09,national
Equatorial Guinea,GNQ,1977-10,national
Equatorial Guinea,GNQ,1977-11,national
Equatorial Guinea,GNQ,1977-12,national
Equatorial Guinea,GNQ,1978-01,national
Equatorial Guinea,GNQ,1978-02,national
Equatorial Guinea,GNQ,1978-03,national
Equatorial Guinea,GNQ,1978-04,national
Equatorial Guinea,GNQ,1978-05,national
Equatorial Guinea,GNQ,1978-06,national
Equatorial Guinea,GNQ,1978-07,national
Equatorial Guinea,GNQ,1978-08,national
Equatorial Guinea,GNQ,1978-09,national
Equatorial Guinea,GNQ,1978-10,national
Equatorial Guinea,GNQ,1978-11,national
Equatorial Guinea,GNQ,1978-12,national
Equatorial Guinea,GNQ,1979-01,national
Equatorial Guinea,GNQ,1979-02,national
Equatorial Guinea,GNQ,1979-03,national
Equatorial Guinea,GNQ,1979-04,national
Equatorial Guinea,GNQ,1979-05,national
Equatorial Guinea,GNQ,1979-06,national
Equatorial Guinea,GNQ,1979-07,national
Equatorial Guinea,GNQ,1979-08,national
Equatorial Guinea,GNQ,1979-09,national
Equatorial Guinea,GNQ,1979-10,national
Equatorial Guinea,GNQ,1979-11,national
Equatorial Guinea,GNQ,1979-12,national
Equatorial Guinea,GNQ,1980-01,national
Equatorial Guinea,GNQ,1980-02,national
Equatorial Guinea,GNQ,1980-03,national
Equatorial Guinea,GNQ,1980-04,national
Equatorial Guinea,GNQ,1980-05,national
Equatorial Guinea,GNQ,1980-06,national
Equatorial Guinea,GNQ,1980-07,national
Equatorial Guinea,GNQ,1980-08,national
Equatorial Guinea,GNQ,1980-09,national
Equatorial Guinea,GNQ,1980-10,national
Equatorial Guinea,GNQ,1980-11,national
Equatorial Guinea,GNQ,1980-12,national
Equatorial Guinea,GNQ,1981-01,national
Equatorial Guinea,GNQ,1981-02,national
Equatorial Guinea,GNQ,1981-03,national
Equatorial Guinea,GNQ,1981-04,national
Equatorial Guinea,GNQ,1981-05,national
Equatorial Guinea,GNQ,1981-06,national
Equatorial Guinea,GNQ,1981-07,national
Equatorial Guinea,GNQ,1981-08,national
Equatorial Guinea,GNQ,1981-09,national
Equatorial Guinea,GNQ,1981-10,national
Equatorial Guinea,GNQ,1981-11,national
Equatorial Guinea,GNQ,1981-12,national
Equatorial Guinea,GNQ,1982-01,national
Equatorial Guinea,GNQ,1982-02,national
Equatorial Guinea,GNQ,1982-03,national
Equatorial Guinea,GNQ,1982-04,national
Equatorial Guinea,GNQ,1982-05,national
Equatorial Guinea,GNQ,1982-06,national
Equatorial Guinea,GNQ,1982-07,national
Equatorial Guinea,GNQ,1982-08,national
Equatorial Guinea,GNQ,1982-09,national
Equatorial Guinea,GNQ,1982-10,national
Equatorial Guinea,GNQ,1982-11,national
Equatorial Guinea,GNQ,1982-12,national
Equatorial Guinea,GNQ,1983-01,national
Equatorial Guinea,GNQ,1983-02,national
Equatorial Guinea,GNQ,1983-03,national
Equatorial Guinea,GNQ,1983-04,national
Equatorial Guinea,GNQ,1983-05,national
Equatorial Guinea,GNQ,1983-06,national
Equatorial Guinea,GNQ,1983-07,national
Equatorial Guinea,GNQ,1983-08,national
Equatorial Guinea,GNQ,1983-09,national
Equatorial Guinea,GNQ,1983-10,national
Equatorial Guinea,GNQ,1983-11,national
Equatorial Guinea,GNQ,1983-12,national
Equatorial Guinea,GNQ,1986-01,national
Equatorial Guinea,GNQ,1986-02,national
Equatorial Guinea,GNQ,1986-03,national
Equatorial Guinea,GNQ,1986-04,national
Equatorial Guinea,GNQ,1986-05,national
Equatorial Guinea,GNQ,1986-06,national
Equatorial Guinea,GNQ,1986-07,national
Equatorial Guinea,GNQ,1986-08,national
Equatorial Guinea,GNQ,1986-09,national
Equatorial Guinea,GNQ,1986-10,national
Equatorial Guinea,GNQ,1986-11,national
Equatorial Guinea,GNQ,1986-12,national
Equatorial Guinea,GNQ,1987-01,national
Equatorial Guinea,GNQ,1987-02,national
Equatorial Guinea,GNQ,1987-03,national
Equatorial Guinea,GNQ,1987-04,national
Equatorial Guinea,GNQ,1987-05,national
Equatorial Guinea,GNQ,1987-06,national
Equatorial Guinea,GNQ,1987-07,national
Equatorial Guinea,GNQ,1987-08,national
Equatorial Guinea,GNQ,1987-09,national
Equatorial Guinea,GNQ,1987-10,national
Equatorial Guinea,GNQ,1987-11,national
Equatorial Guinea,GNQ,1987-12,national
Equatorial Guinea,GNQ,1988-01,national
Equatorial Guinea,GNQ,1988-02,national
Equatorial Guinea,GNQ,1988-03,national
Equatorial Guinea,GNQ,1988-04,national
Equatorial Guinea,GNQ,1988-05,national
Equatorial Guinea,GNQ,1988-06,national
Equatorial Guinea,GNQ,1988-07,national
Equatorial Guinea,GNQ,1988-08,national
Equatorial Guinea,GNQ,1988-09,national
Equatorial Guinea,GNQ,1988-10,national
Equatorial Guinea,GNQ,1988-11,national
Equatorial Guinea,GNQ,1988-12,national
Equatorial Guinea,GNQ,1989-01,national
Equatorial Guinea,GNQ,1989-02,national
Equatorial Guinea,GNQ,1989-03,national
Equatorial Guinea,GNQ,1989-04,national
Equatorial Guinea,GNQ,1989-05,national
Equatorial Guinea,GNQ,1989-06,national
Equatorial Guinea,GNQ,1989-07,national
Equatorial Guinea,GNQ,1989-08,national
Equatorial Guinea,GNQ,1989-09,national
Equatorial Guinea,GNQ,1989-10,national
Equatorial Guinea,GNQ,1989-11,national
Equatorial Guinea,GNQ,1989-12,national
Equatorial Guinea,GNQ,1990-01,national
Equatorial Guinea,GNQ,1990-02,national
Equatorial Guinea,GNQ,1990-03,national
Equatorial Guinea,GNQ,1990-04,national
Equatorial Guinea,GNQ,1990-05,national
Equatorial Guinea,GNQ,1990-06,national
Equatorial Guinea,GNQ,1990-07,national
Equatorial Guinea,GNQ,1990-08,national
Equatorial Guinea,GNQ,1990-09,national
Equatorial Guinea,GNQ,1990-10,national
Equatorial Guinea,GNQ,1990-11,national
Equatorial Guinea,GNQ,1990-12,national
Equatorial Guinea,GNQ,1991-01,national
Equatorial Guinea,GNQ,1991-02,national
Equatorial Guinea,GNQ,1991-03,national
Equatorial Guinea,GNQ,1991-04,national
Equatorial Guinea,GNQ,1991-05,national
Equatorial Guinea,GNQ,1991-06,national
Equatorial Guinea,GNQ,1991-07,national
Equatorial Guinea,GNQ,1991-08,national
Equatorial Guinea,GNQ,1991-09,national
Equatorial Guinea,GNQ,1991-10,national
Equatorial Guinea,GNQ,1991-11,national
Equatorial Guinea,GNQ,1991-12,national
Equatorial Guinea,GNQ,1992-01,national
Equatorial Guinea,GNQ,1992-02,national
Equatorial Guinea,GNQ,1992-03,national
Equatorial Guinea,GNQ,1992-04,national
Equatorial Guinea,GNQ,1992-05,national
Equatorial Guinea,GNQ,1992-06,national
Equatorial Guinea,GNQ,1992-07,national
Equatorial Guinea,GNQ,1992-08,national
Equatorial Guinea,GNQ,1992-09,national
Equatorial Guinea,GNQ,1992-10,national
Equatorial Guinea,GNQ,1992-11,national
Equatorial Guinea,GNQ,1992-12,national
Equatorial Guinea,GNQ,1993-01,national
Equatorial Guinea,GNQ,1993-02,national
Equatorial Guinea,GNQ,1993-03,national
Equatorial Guinea,GNQ,1993-04,national
Equatorial Guinea,GNQ,1993-05,national
Equatorial Guinea,GNQ,1993-06,national
Equatorial Guinea,GNQ,1993-07,national
Equatorial Guinea,GNQ,1993-08,national
Equatorial Guinea,GNQ,1993-09,national
Equatorial Guinea,GNQ,1993-10,national
Equatorial Guinea,GNQ,1993-11,national
Equatorial Guinea,GNQ,1993-12,national
Equatorial Guinea,GNQ,1994-01,national
Equatorial Guinea,GNQ,1994-02,national
Equatorial Guinea,GNQ,1994-03,national
Equatorial Guinea,GNQ,1994-04,national
Equatorial Guinea,GNQ,1994-05,national
Equatorial Guinea,GNQ,1994-06,national
Equatorial Guinea,GNQ,1994-07,national
Equatorial Guinea,GNQ,1994-08,national
Equatorial Guinea,GNQ,1994-09,national
Equatorial Guinea,GNQ,1994-10,national
Equatorial Guinea,GNQ,1994-11,national
Equatorial Guinea,GNQ,1994-12,national
Equatorial Guinea,GNQ,1995-01,national
Equatorial Guinea,GNQ,1995-02,national
Equatorial Guinea,GNQ,1995-03,national
Equatorial Guinea,GNQ,1995-04,national
Equatorial Guinea,GNQ,1995-05,national
Equatorial Guinea,GNQ,1995-06,national
Equatorial Guinea,GNQ,1995-07,national
Equatorial Guinea,GNQ,1995-08,national
Equatorial Guinea,GNQ,1995-09,national
Equatorial Guinea,GNQ,1995-10,national
Equatorial Guinea,GNQ,1995-11,national
Equatorial Guinea,GNQ,1995-12,national
Equatorial Guinea,GNQ,1996-01,national
Equatorial Guinea,GNQ,1996-02,national
Equatorial Guinea,GNQ,1996-03,national
Equatorial Guinea,GNQ,1996-04,national
Equatorial Guinea,GNQ,1996-05,national
Equatorial Guinea,GNQ,1996-06,national
Equatorial Guinea,GNQ,1996-07,national
Equatorial Guinea,GNQ,1996-08,national
Equatorial Guinea,GNQ,1996-09,national
Equatorial Guinea,GNQ,1996-10,national
Equatorial Guinea,GNQ,1996-11,national
Equatorial Guinea,GNQ,1996-12,national
Equatorial Guinea,GNQ,1997-01,national
Equatorial Guinea,GNQ,1997-02,national
Equatorial Guinea,GNQ,1997-03,national
Equatorial Guinea,GNQ,1997-04,national
Equatorial Guinea,GNQ,1997-05,national
Equatorial Guinea,GNQ,1997-06,national
Equatorial Guinea,GNQ,1997-07,national
Equatorial Guinea,GNQ,1997-08,national
Equatorial Guinea,GNQ,1997-09,national
Equatorial Guinea,GNQ,1997-10,national
Equatorial Guinea,GNQ,1997-11,national
Equatorial Guinea,GNQ,1997-12,national
Equatorial Guinea,GNQ,1998-01,national
Equatorial Guinea,GNQ,1998-02,national
Equatorial Guinea,GNQ,1998-03,national
Equatorial Guinea,GNQ,1998-04,national
Equatorial Guinea,GNQ,1998-05,national
Equatorial Guinea,GNQ,1998-06,national
Equatorial Guinea,GNQ,1998-07,national
Equatorial Guinea,GNQ,1998-08,national
Equatorial Guinea,GNQ,1998-09,national
Equatorial Guinea,GNQ,1998-10,national
Equatorial Guinea,GNQ,1998-11,national
Equatorial Guinea,GNQ,1998-12,national
Equatorial Guinea,GNQ,1999-01,national
Equatorial Guinea,GNQ,1999-02,national
Equatorial Guinea,GNQ,1999-03,national
Equatorial Guinea,GNQ,1999-04,national
Equatorial Guinea,GNQ,1999-05,national
Equatorial Guinea,GNQ,1999-06,national
Equatorial Guinea,GNQ,1999-07,national
Equatorial Guinea,GNQ,1999-08,national
Equatorial Guinea,GNQ,1999-09,national
Equatorial Guinea,GNQ,1999-10,national
Equatorial Guinea,GNQ,1999-11,national
Equatorial Guinea,GNQ,1999-12,national
Equatorial Guinea,GNQ,2000-01,national
Equatorial Guinea,GNQ,2000-02,national
Equatorial Guinea,GNQ,2000-03,national
Equatorial Guinea,GNQ,2000-04,national
Equatorial Guinea,GNQ,2000-05,national
Equatorial Guinea,GNQ,2000-06,national
Equatorial Guinea,GNQ,2000-07,national
Equatorial Guinea,GNQ,2000-08,national
Equatorial Guinea,GNQ,2000-09,national
Equatorial Guinea,GNQ,2000-10,national
Equatorial Guinea,GNQ,2000-11,national
Equatorial Guinea,GNQ,2000-12,national
Equatorial Guinea,GNQ,2001-01,national
Equatorial Guinea,GNQ,2001-02,national
Equatorial Guinea,GNQ,2001-03,national
Equatorial Guinea,GNQ,2001-04,national
Equatorial Guinea,GNQ,2001-05,national
Equatorial Guinea,GNQ,2001-06,national
Equatorial Guinea,GNQ,2001-07,national
Equatorial Guinea,GNQ,2001-08,national
Equatorial Guinea,GNQ,2001-09,national
Equatorial Guinea,GNQ,2001-10,national
Equatorial Guinea,GNQ,2001-11,national
Equatorial Guinea,GNQ,2001-12,national
Equatorial Guinea,GNQ,2002-01,national
Equatorial Guinea,GNQ,2002-02,national
Equatorial Guinea,GNQ,2002-03,national
Equatorial Guinea,GNQ,2002-04,national
Equatorial Guinea,GNQ,2002-05,national
Equatorial Guinea,GNQ,2002-06,national
Equatorial Guinea,GNQ,2002-07,national
Equatorial Guinea,GNQ,2002-08,national
Equatorial Guinea,GNQ,2002-09,national
Equatorial Guinea,GNQ,2002-10,national
Equatorial Guinea,GNQ,2002-11,national
Equatorial Guinea,GNQ,2002-12,national
Equatorial Guinea,GNQ,2003-01,national
Equatorial Guinea,GNQ,2003-02,national
Equatorial Guinea,GNQ,2003-03,national
Equatorial Guinea,GNQ,2003-04,national
Equatorial Guinea,GNQ,2003-05,national
Equatorial Guinea,GNQ,2003-06,national
Equatorial Guinea,GNQ,2003-07,national
Equatorial Guinea,GNQ,2003-08,national
Equatorial Guinea,GNQ,2003-09,national
Equatorial Guinea,GNQ,2003-10,national
Equatorial Guinea,GNQ,2003-11,national
Equatorial Guinea,GNQ,2003-12,national
Equatorial Guinea,GNQ,2007-01,national
Equatorial Guinea,GNQ,2007-02,national
Equatorial Guinea,GNQ,2007-03,national
Equatorial Guinea,GNQ,2007-04,national
Equatorial Guinea,GNQ,2007-05,national
Equatorial Guinea,GNQ,2007-06,national
Equatorial Guinea,GNQ,2007-07,national
Equatorial Guinea,GNQ,2007-08,national
Equatorial Guinea,GNQ,2007-09,national
Equatorial Guinea,GNQ,2007-10,national
Equatorial Guinea,GNQ,2007-11,national
Equatorial Guinea,GNQ,2007-12,national
Equatorial Guinea,GNQ,2008-01,national
Equatorial Guinea,GNQ,2008-02,national
Equatorial Guinea,GNQ,2008-03,national
Equatorial Guinea,GNQ,2008-04,national
Equatorial Guinea,GNQ,2008-05,national
Equatorial Guinea,GNQ,2008-06,national
Equatorial Guinea,GNQ,2008-07,national
Equatorial Guinea,GNQ,2008-08,national
Equatorial Guinea,GNQ,2008-09,national
Equatorial Guinea,GNQ,2008-10,national
Equatorial Guinea,GNQ,2008-11,national
Equatorial Guinea,GNQ,2008-12,national
Equatorial Guinea,GNQ,2009-01,national
Equatorial Guinea,GNQ,2009-02,national
Equatorial Guinea,GNQ,2009-03,national
Equatorial Guinea,GNQ,2009-04,national
Equatorial Guinea,GNQ,2009-05,national
Equatorial Guinea,GNQ,2009-06,national
Equatorial Guinea,GNQ,2009-07,national
Equatorial Guinea,GNQ,2009-08,national
Equatorial Guinea,GNQ,2009-09,national
Equatorial Guinea,GNQ,2009-10,national
Equatorial Guinea,GNQ,2009-11,national
Equatorial Guinea,GNQ,2009-12,national
Equatorial Guinea,GNQ,2010-01,national
Equatorial Guinea,GNQ,2010-02,national
Equatorial Guinea,GNQ,2010-03,national
Equatorial Guinea,GNQ,2010-04,national
Equatorial Guinea,GNQ,2010-05,national
Equatorial Guinea,GNQ,2010-06,national
Equatorial Guinea,GNQ,2010-07,national
Equatorial Guinea,GNQ,2010-08,national
Equatorial Guinea,GNQ,2010-09,national
Equatorial Guinea,GNQ,2010-10,national
Equatorial Guinea,GNQ,2010-11,national
Equatorial Guinea,GNQ,2010-12,national
Equatorial Guinea,GNQ,2022-01,national
Equatorial Guinea,GNQ,2022-02,national
Equatorial Guinea,GNQ,2022-03,national
Equatorial Guinea,GNQ,2022-04,national
Equatorial Guinea,GNQ,2022-05,national
Equatorial Guinea,GNQ,2022-06,national
Equatorial Guinea,GNQ,2022-07,national
Equatorial Guinea,GNQ,2022-08,national
Equatorial Guinea,GNQ,2022-09,national
Equatorial Guinea,GNQ,2022-10,national
Equatorial Guinea,GNQ,2022-11,national
Equatorial Guinea,GNQ,2022-12,national
Equatorial Guinea,GNQ,2023-01,national
Equatorial Guinea,GNQ,2023-02,national
Equatorial Guinea,GNQ,2023-03,national
Equatorial Guinea,GNQ,2023-04,national
Equatorial Guinea,GNQ,2023-05,national
Equatorial Guinea,GNQ,2023-06,national
Equatorial Guinea,GNQ,2023-07,national
Equatorial Guinea,GNQ,2023-08,national
Equatorial Guinea,GNQ,2023-09,national
Equatorial Guinea,GNQ,2023-10,national
Equatorial Guinea,GNQ,2023-11,national
Equatorial Guinea,GNQ,2023-12,national
Equatorial Guinea,GNQ,2024-01,national
Equatorial Guinea,GNQ,2024-02,national
Equatorial Guinea,GNQ,2024-03,national
Equatorial Guinea,GNQ,2024-04,national
Equatorial Guinea,GNQ,2024-05,national
Equatorial Guinea,GNQ,2024-06,national
Equatorial Guinea,GNQ,2024-07,national
Equatorial Guinea,GNQ,2024-08,national
Equatorial Guinea,GNQ,2024-09,national
Equatorial Guinea,GNQ,2024-10,national
Equatorial Guinea,GNQ,2024-11,national
Equatorial Guinea,GNQ,2024-12,national
Equatorial Guinea,GNQ,2025-01,national
Equatorial Guinea,GNQ,2025-02,national
Equatorial Guinea,GNQ,2025-03,national
Equatorial Guinea,GNQ,2025-04,national
Equatorial Guinea,GNQ,2025-05,national
Equatorial Guinea,GNQ,2025-06,national
Equatorial Guinea,GNQ,2025-07,national
Equatorial Guinea,GNQ,2025-08,national
Kenya,KEN,1970-01,national
Kenya,KEN,1970-02,national
Kenya,KEN,1970-03,national
Kenya,KEN,1970-04,national
Kenya,KEN,1970-05,national
Kenya,KEN,1970-06,national
Kenya,KEN,1970-07,national
Kenya,KEN,1970-08,national
Kenya,KEN,1970-09,national
Kenya,KEN,1970-10,national
Kenya,KEN,1970-11,national
Kenya,KEN,1970-12,national
Kenya,KEN,1973-01,national
Kenya,KEN,1973-02,national
Kenya,KEN,1973-03,national
Kenya,KEN,1973-04,national
Kenya,KEN,1973-05,national
Kenya,KEN,1973-06,national
Kenya,KEN,1973-07,national
Kenya,KEN,1973-08,national
Kenya,KEN,1973-09,national
Kenya,KEN,1973-10,national
Kenya,KEN,1973-11,national
Kenya,KEN,1973-12,national
Kenya,KEN,1988-01,national
Kenya,KEN,1988-02,national
Kenya,KEN,1988-03,national
Kenya,KEN,1988-04,national
Kenya,KEN,1988-05,national
Kenya,KEN,1988-06,national
Kenya,KEN,1988-07,national
Kenya,KEN,1988-08,national
Kenya,KEN,1988-09,national
Kenya,KEN,1988-10,national
Kenya,KEN,1988-11,national
Kenya,KEN,1988-12,national
Kenya,KEN,1990-01,national
Kenya,KEN,1990-02,national
Kenya,KEN,1990-03,national
Kenya,KEN,1990-04,national
Kenya,KEN,1990-05,national
Kenya,KEN,1990-06,national
Kenya,KEN,1990-07,national
Kenya,KEN,1990-08,national
Kenya,KEN,1990-09,national
Kenya,KEN,1990-10,national
Kenya,KEN,1990-11,national
Kenya,KEN,1990-12,national
Kenya,KEN,1991-01,national
Kenya,KEN,1991-02,national
Kenya,KEN,1991-03,national
Kenya,KEN,1991-04,national
Kenya,KEN,1991-05,national
Kenya,KEN,1991-06,national
Kenya,KEN,1991-07,national
Kenya,KEN,1991-08,national
Kenya,KEN,1991-09,national
Kenya,KEN,1991-10,national
Kenya,KEN,1991-11,national
Kenya,KEN,1991-12,national
Kenya,KEN,1993-01,national
Kenya,KEN,1993-02,national
Kenya,KEN,1993-03,national
Kenya,KEN,1993-04,national
Kenya,KEN,1993-05,national
Kenya,KEN,1993-06,national
Kenya,KEN,1993-07,national
Kenya,KEN,1993-08,national
Kenya,KEN,1993-09,national
Kenya,KEN,1993-10,national
Kenya,KEN,1993-11,national
Kenya,KEN,1993-12,national
Kenya,KEN,2012-04,national
Kenya,KEN,2012-05,national
Kenya,KEN,2012-06,national
Kenya,KEN,2012-07,national
Kenya,KEN,2012-08,national
Kenya,KEN,2012-12,national
Kenya,KEN,2013-01,national
Kenya,KEN,2013-02,national
Kenya,KEN,2013-03,national
Kenya,KEN,2013-04,national
Kenya,KEN,2013-06,national
Kenya,KEN,2013-07,national
Kenya,KEN,2013-08,national
Kenya,KEN,2013-09,national
Kenya,KEN,2013-10,national
Kenya,KEN,2013-11,national
Kenya,KEN,2013-12,national
Kenya,KEN,2025-07,national
Kenya,KEN,2025-08,national
Liberia,LBR,1990-01,national
Liberia,LBR,1990-02,national
Liberia,LBR,1990-03,national
Liberia,LBR,1990-04,national
Liberia,LBR,1990-05,national
Liberia,LBR,1990-06,national
Liberia,LBR,1990-07,national
Liberia,LBR,1990-08,national
Liberia,LBR,1990-09,national
Liberia,LBR,1990-10,national
Liberia,LBR,1990-11,national
Liberia,LBR,1990-12,national
Liberia,LBR,1992-01,national
Liberia,LBR,1992-02,national
Liberia,LBR,1992-03,national
Liberia,LBR,1992-04,national
Liberia,LBR,1992-05,national
Liberia,LBR,1992-06,national
Liberia,LBR,1992-07,national
Liberia,LBR,1992-08,national
Liberia,LBR,1992-09,national
Liberia,LBR,1992-10,national
Liberia,LBR,1992-11,national
Liberia,LBR,1992-12,national
Liberia,LBR,1993-01,national
Liberia,LBR,1993-02,national
Liberia,LBR,1993-03,national
Liberia,LBR,1993-04,national
Liberia,LBR,1993-05,national
Liberia,LBR,1993-06,national
Liberia,LBR,1993-07,national
Liberia,LBR,1993-08,national
Liberia,LBR,1993-09,national
Liberia,LBR,1993-10,national
Liberia,LBR,1993-11,national
Liberia,LBR,1993-12,national
Liberia,LBR,2024-04,national
Liberia,LBR,2024-05,national
Liberia,LBR,2024-06,national
Liberia,LBR,2024-07,national
Liberia,LBR,2024-08,national
Liberia,LBR,2024-09,national
Liberia,LBR,2024-10,national
Liberia,LBR,2024-11,national
Liberia,LBR,2024-12,national
Liberia,LBR,2025-01,national
Liberia,LBR,2025-02,national
Liberia,LBR,2025-03,national
Liberia,LBR,2025-04,national
Liberia,LBR,2025-05,national
Liberia,LBR,2025-06,national
Liberia,LBR,2025-07,national
Liberia,LBR,2025-08,national
Mali,MLI,1975-01,national
Mali,MLI,1975-02,national
Mali,MLI,1975-03,national
Mali,MLI,1975-04,national
Mali,MLI,1975-05,national
Mali,MLI,1975-06,national
Mali,MLI,1975-07,national
Mali,MLI,1975-08,national
Mali,MLI,1975-09,national
Mali,MLI,1975-10,national
Mali,MLI,1975-11,national
Mali,MLI,1975-12,national
Mali,MLI,1976-01,national
Mali,MLI,1976-02,national
Mali,MLI,1976-03,national
Mali,MLI,1976-04,national
Mali,MLI,1976-05,national
Mali,MLI,1976-06,national
Mali,MLI,1976-07,national
Mali,MLI,1976-08,national
Mali,MLI,1976-09,national
Mali,MLI,1976-10,national
Mali,MLI,1976-11,national
Mali,MLI,1976-12,national
Mali,MLI,1977-01,national
Mali,MLI,1977-02,national
Mali,MLI,1977-03,national
Mali,MLI,1977-04,national
Mali,MLI,1977-05,national
Mali,MLI,1977-06,national
Mali,MLI,1977-07,national
Mali,MLI,1977-08,national
Mali,MLI,1977-09,national
Mali,MLI,1977-10,national
Mali,MLI,1977-11,national
Mali,MLI,1977-12,national
Mali,MLI,1978-01,national
Mali,MLI,1978-02,national
Mali,MLI,1978-03,national
Mali,MLI,1978-04,national
Mali,MLI,1978-05,national
Mali,MLI,1978-06,national
Mali,MLI,1978-07,national
Mali,MLI,1978-08,national
Mali,MLI,1978-09,national
Mali,MLI,1978-10,national
Mali,MLI,1978-11,national
Mali,MLI,1978-12,national
Mali,MLI,1979-01,national
Mali,MLI,1979-02,national
Mali,MLI,1979-03,national
Mali,MLI,1979-04,national
Mali,MLI,1979-05,national
Mali,MLI,1979-06,national
Mali,MLI,1979-07,national
Mali,MLI,1979-08,national
Mali,MLI,1979-09,national
Mali,MLI,1979-10,national
Mali,MLI,1979-11,national
Mali,MLI,1979-12,national
Mali,MLI,1980-01,national
Mali,MLI,1980-02,national
Mali,MLI,1980-03,national
Mali,MLI,1980-04,national
Mali,MLI,1980-05,national
Mali,MLI,1980-06,national
Mali,MLI,1980-07,national
Mali,MLI,1980-08,national
Mali,MLI,1980-09,national
Mali,MLI,1980-10,national
Mali,MLI,1980-11,national
Mali,MLI,1980-12,national
Mali,MLI,1981-01,national
Mali,MLI,1981-02,national
Mali,MLI,1981-03,national
Mali,MLI,1981-04,national
Mali,MLI,1981-05,national
Mali,MLI,1981-06,national
Mali,MLI,1981-07,national
Mali,MLI,1981-08,national
Mali,MLI,1981-09,national
Mali,MLI,1981-10,national
Mali,MLI,1981-11,national
Mali,MLI,1981-12,national
Mali,MLI,1982-01,national
Mali,MLI,1982-02,national
Mali,MLI,1982-03,national
Mali,MLI,1982-04,national
Mali,MLI,1982-05,national
Mali,MLI,1982-06,national
Mali,MLI,1982-07,national
Mali,MLI,1982-08,national
Mali,MLI,1982-09,national
Mali,MLI,1982-10,national
Mali,MLI,1982-11,national
Mali,MLI,1982-12,national
Mali,MLI,1983-01,national
Mali,MLI,1983-02,national
Mali,MLI,1983-03,national
Mali,MLI,1983-04,national
Mali,MLI,1983-05,national
Mali,MLI,1983-06,national
Mali,MLI,1983-07,national
Mali,MLI,1983-08,national
Mali,MLI,1983-09,national
Mali,MLI,1983-10,national
Mali,MLI,1983-11,national
Mali,MLI,1983-12,national
Mali,MLI,1988-01,national
Mali,MLI,1988-02,national
Mali,MLI,1988-03,national
Mali,MLI,1988-04,national
Mali,MLI,1988-05,national
Mali,MLI,1988-06,national
Mali,MLI,1988-07,national
Mali,MLI,1988-08,national
Mali,MLI,1988-09,national
Mali,MLI,1988-10,national
Mali,MLI,1988-11,national
Mali,MLI,1988-12,national
Mali,MLI,1989-01,national
Mali,MLI,1989-02,national
Mali,MLI,1989-03,national
Mali,MLI,1989-04,national
Mali,MLI,1989-05,national
Mali,MLI,1989-06,national
Mali,MLI,1989-07,national
Mali,MLI,1989-08,national
Mali,MLI,1989-09,national
Mali,MLI,1989-10,national
Mali,MLI,1989-11,national
Mali,MLI,1989-12,national
Mali,MLI,1990-01,national
Mali,MLI,1990-02,national
Mali,MLI,1990-03,national
Mali,MLI,1990-04,national
Mali,MLI,1990-05,national
Mali,MLI,1990-06,national
Mali,MLI,1990-07,national
Mali,MLI,1990-08,national
Mali,MLI,1990-09,national
Mali,MLI,1990-10,national
Mali,MLI,1990-11,national
Mali,MLI,1990-12,national
Mali,MLI,1991-01,national
Mali,MLI,1991-02,national
Mali,MLI,1991-03,national
Mali,MLI,1991-04,national
Mali,MLI,1991-05,national
Mali,MLI,1991-06,national
Mali,MLI,1991-07,national
Mali,MLI,1991-08,national
Mali,MLI,1991-09,national
Mali,MLI,1991-10,national
Mali,MLI,1991-11,national
Mali,MLI,1991-12,national
Mali,MLI,1992-01,national
Mali,MLI,1992-02,national
Mali,MLI,1992-03,national
Mali,MLI,1992-04,national
Mali,MLI,1992-05,national
Mali,MLI,1992-06,national
Mali,MLI,1992-07,national
Mali,MLI,1992-08,national
Mali,MLI,1992-09,national
Mali,MLI,1992-10,national
Mali,MLI,1992-11,national
Mali,MLI,1992-12,national
Mali,MLI,1993-01,national
Mali,MLI,1993-02,national
Mali,MLI,1993-03,national
Mali,MLI,1993-04,national
Mali,MLI,1993-05,national
Mali,MLI,1993-06,national
Mali,MLI,1993-07,national
Mali,MLI,1993-08,national
Mali,MLI,1993-09,national
Mali,MLI,1993-10,national
Mali,MLI,1993-11,national
Mali,MLI,1993-12,national
Mali,MLI,1994-01,national
Mali,MLI,1994-02,national
Mali,MLI,1994-03,national
Mali,MLI,1994-04,national
Mali,MLI,1994-05,national
Mali,MLI,1994-06,national
Mali,MLI,1994-07,national
Mali,MLI,1994-08,national
Mali,MLI,1994-09,national
Mali,MLI,1994-10,national
Mali,MLI,1994-11,national
Mali,MLI,1994-12,national
Mali,MLI,1998-01,national
Mali,MLI,1998-02,national
Mali,MLI,1998-03,national
Mali,MLI,1998-04,national
Mali,MLI,1998-05,national
Mali,MLI,1998-06,national
Mali,MLI,1998-07,national
Mali,MLI,1998-08,national
Mali,MLI,1998-09,national
Mali,MLI,1998-10,national
Mali,MLI,1998-11,national
Mali,MLI,1998-12,national
Mali,MLI,2007-01,national
Mali,MLI,2007-02,national
Mali,MLI,2007-03,national
Mali,MLI,2007-04,national
Mali,MLI,2007-05,national
Mali,MLI,2007-06,national
Mali,MLI,2007-07,national
Mali,MLI,2007-08,national
Mali,MLI,2007-09,national
Mali,MLI,2007-10,national
Mali,MLI,2007-11,national
Mali,MLI,2007-12,national
Mali,MLI,2009-01,national
Mali,MLI,2009-02,national
Mali,MLI,2009-03,national
Mali,MLI,2009-04,national
Mali,MLI,2009-05,national
Mali,MLI,2009-06,national
Mali,MLI,2009-07,national
Mali,MLI,2009-08,national
Mali,MLI,2009-09,national
Mali,MLI,2009-10,national
Mali,MLI,2009-11,national
Mali,MLI,2009-12,national
Mali,MLI,2010-01,national
Mali,MLI,2010-02,national
Mali,MLI,2010-03,national
Mali,MLI,2010-04,national
Mali,MLI,2010-05,national
Mali,MLI,2010-06,national
Mali,MLI,2010-07,national
Mali,MLI,2010-08,national
Mali,MLI,2010-09,national
Mali,MLI,2010-10,national
Mali,MLI,2010-11,national
Mali,MLI,2010-12,national
Mali,MLI,2024-01,national
Mali,MLI,2024-02,national
Mali,MLI,2024-03,national
Mali,MLI,2024-04,national
Mali,MLI,2024-05,national
Mali,MLI,2024-06,national
Mali,MLI,2024-07,national
Mali,MLI,2024-08,national
Mali,MLI,2024-09,national
Mali,MLI,2024-10,national
Mali,MLI,2024-11,national
Mali,MLI,2024-12,national
Mali,MLI,2025-01,national
Mali,MLI,2025-02,national
Mali,MLI,2025-03,national
Mali,MLI,2025-04,national
Mali,MLI,2025-05,national
Mali,MLI,2025-06,national
Mali,MLI,2025-07,national
Mali,MLI,2025-08,national
Mozambique,MOZ,1970-01,national
Mozambique,MOZ,1970-02,national
Mozambique,MOZ,1970-03,national
Mozambique,MOZ,1970-04,national
Mozambique,MOZ,1970-05,national
Mozambique,MOZ,1970-06,national
Mozambique,MOZ,1970-07,national
Mozambique,MOZ,1970-08,national
Mozambique,MOZ,1970-09,national
Mozambique,MOZ,1970-10,national
Mozambique,MOZ,1970-11,national
Mozambique,MOZ,1970-12,national
Mozambique,MOZ,1971-01,national
Mozambique,MOZ,1971-02,national
Mozambique,MOZ,1971-03,national
Mozambique,MOZ,1971-04,national
Mozambique,MOZ,1971-05,national
Mozambique,MOZ,1971-06,national
Mozambique,MOZ,1971-07,national
Mozambique,MOZ,1971-08,national
Mozambique,MOZ,1971-09,national
Mozambique,MOZ,1971-10,national
Mozambique,MOZ,1971-11,national
Mozambique,MOZ,1971-12,national
Mozambique,MOZ,1972-01,national
Mozambique,MOZ,1972-02,national
Mozambique,MOZ,1972-03,national
Mozambique,MOZ,1972-04,national
Mozambique,MOZ,1972-05,national
Mozambique,MOZ,1972-06,national
Mozambique,MOZ,1972-07,national
Mozambique,MOZ,1972-08,national
Mozambique,MOZ,1972-09,national
Mozambique,MOZ,1972-10,national
Mozambique,MOZ,1972-11,national
Mozambique,MOZ,1972-12,national
Mozambique,MOZ,1978-01,national
Mozambique,MOZ,1978-02,national
Mozambique,MOZ,1978-03,national
Mozambique,MOZ,1978-04,national
Mozambique,MOZ,1978-05,national
Mozambique,MOZ,1978-06,national
Mozambique,MOZ,1978-07,national
Mozambique,MOZ,1978-08,national
Mozambique,MOZ,1978-09,national
Mozambique,MOZ,1978-10,national
Mozambique,MOZ,1978-11,national
Mozambique,MOZ,1978-12,national
Mozambique,MOZ,1987-01,national
Mozambique,MOZ,1987-02,national
Mozambique,MOZ,1987-03,national
Mozambique,MOZ,1987-04,national
Mozambique,MOZ,1987-05,national
Mozambique,MOZ,1987-06,national
Mozambique,MOZ,1987-07,national
Mozambique,MOZ,1987-08,national
Mozambique,MOZ,1987-09,national
Mozambique,MOZ,1987-10,national
Mozambique,MOZ,1987-11,national
Mozambique,MOZ,1987-12,national
Mozambique,MOZ,1988-01,national
Mozambique,MOZ,1988-02,national
Mozambique,MOZ,1988-03,national
Mozambique,MOZ,1988-04,national
Mozambique,MOZ,1988-05,national
Mozambique,MOZ,1988-06,national
Mozambique,MOZ,1988-07,national
Mozambique,MOZ,1988-08,national
Mozambique,MOZ,1988-09,national
Mozambique,MOZ,1988-10,national
Mozambique,MOZ,1988-11,national
Mozambique,MOZ,1988-12,national
Mozambique,MOZ,1995-01,national
Mozambique,MOZ,1995-02,national
Mozambique,MOZ,1995-03,national
Mozambique,MOZ,1995-04,national
Mozambique,MOZ,1995-05,national
Mozambique,MOZ,1995-06,national
Mozambique,MOZ,1995-07,national
Mozambique,MOZ,1995-08,national
Mozambique,MOZ,1995-09,national
Mozambique,MOZ,1995-10,national
Mozambique,MOZ,1995-11,national
Mozambique,MOZ,1995-12,national
Mozambique,MOZ,2025-07,national
Mozambique,MOZ,2025-08,national
Mauritania,MRT,1970-01,national
Mauritania,MRT,1970-02,national
Mauritania,MRT,1970-03,national
Mauritania,MRT,1970-04,national
Mauritania,MRT,1970-05,national
Mauritania,MRT,1970-06,national
Mauritania,MRT,1970-07,national
Mauritania,MRT,1970-08,national
Mauritania,MRT,1970-09,national
Mauritania,MRT,1970-10,national
Mauritania,MRT,1970-11,national
Mauritania,MRT,1970-12,national
Mauritania,MRT,1974-01,national
Mauritania,MRT,1974-02,national
Mauritania,MRT,1974-03,national
Mauritania,MRT,1974-04,national
Mauritania,MRT,1974-05,national
Mauritania,MRT,1974-06,national
Mauritania,MRT,1974-07,national
Mauritania,MRT,1974-08,national
Mauritania,MRT,1974-09,national
Mauritania,MRT,1974-10,national
Mauritania,MRT,1974-11,national
Mauritania,MRT,1974-12,national
Mauritania,MRT,1975-01,national
Mauritania,MRT,1975-02,national
Mauritania,MRT,1975-03,national
Mauritania,MRT,1975-04,national
Mauritania,MRT,1975-05,national
Mauritania,MRT,1975-06,national
Mauritania,MRT,1975-07,national
Mauritania,MRT,1975-08,national
Mauritania,MRT,1975-09,national
Mauritania,MRT,1975-10,national
Mauritania,MRT,1975-11,national
Mauritania,MRT,1975-12,national
Mauritania,MRT,1976-01,national
Mauritania,MRT,1976-02,national
Mauritania,MRT,1976-03,national
Mauritania,MRT,1976-04,national
Mauritania,MRT,1976-05,national
Mauritania,MRT,1976-06,national
Mauritania,MRT,1976-07,national
Mauritania,MRT,1976-08,national
Mauritania,MRT,1976-09,national
Mauritania,MRT,1976-10,national
Mauritania,MRT,1976-11,national
Mauritania,MRT,1976-12,national
Mauritania,MRT,1977-01,national
Mauritania,MRT,1977-02,national
Mauritania,MRT,1977-03,national
Mauritania,MRT,1977-04,national
Mauritania,MRT,1977-05,national
Mauritania,MRT,1977-06,national
Mauritania,MRT,1977-07,national
Mauritania,MRT,1977-08,national
Mauritania,MRT,1977-09,national
Mauritania,MRT,1977-10,national
Mauritania,MRT,1977-11,national
Mauritania,MRT,1977-12,national
Mauritania,MRT,1978-01,national
Mauritania,MRT,1978-02,national
Mauritania,MRT,1978-03,national
Mauritania,MRT,1978-04,national
Mauritania,MRT,1978-05,national
Mauritania,MRT,1978-06,national
Mauritania,MRT,1978-07,national
Mauritania,MRT,1978-08,national
Mauritania,MRT,1978-09,national
Mauritania,MRT,1978-10,national
Mauritania,MRT,1978-11,national
Mauritania,MRT,1978-12,national
Mauritania,MRT,1979-01,national
Mauritania,MRT,1979-02,national
Mauritania,MRT,1979-03,national
Mauritania,MRT,1979-04,national
Mauritania,MRT,1979-05,national
Mauritania,MRT,1979-06,national
Mauritania,MRT,1979-07,national
Mauritania,MRT,1979-08,national
Mauritania,MRT,1979-09,national
Mauritania,MRT,1979-10,national
Mauritania,MRT,1979-11,national
Mauritania,MRT,1979-12,national
Mauritania,MRT,1980-01,national
Mauritania,MRT,1980-02,national
Mauritania,MRT,1980-03,national
Mauritania,MRT,1980-04,national
Mauritania,MRT,1980-05,national
Mauritania,MRT,1980-06,national
Mauritania,MRT,1980-07,national
Mauritania,MRT,1980-08,national
Mauritania,MRT,1980-09,national
Mauritania,MRT,1980-10,national
Mauritania,MRT,1980-11,national
Mauritania,MRT,1980-12,national
Mauritania,MRT,1981-01,national
Mauritania,MRT,1981-02,national
Mauritania,MRT,1981-03,national
Mauritania,MRT,1981-04,national
Mauritania,MRT,1981-05,national
Mauritania,MRT,1981-06,national
Mauritania,MRT,1981-07,national
Mauritania,MRT,1981-08,national
Mauritania,MRT,1981-09,national
Mauritania,MRT,1981-10,national
Mauritania,MRT,1981-11,national
Mauritania,MRT,1981-12,national
Mauritania,MRT,1982-01,national
Mauritania,MRT,1982-02,national
Mauritania,MRT,1982-03,national
Mauritania,MRT,1982-04,national
Mauritania,MRT,1982-05,national
Mauritania,MRT,1982-06,national
Mauritania,MRT,1982-07,national
Mauritania,MRT,1982-08,national
Mauritania,MRT,1982-09,national
Mauritania,MRT,1982-10,national
Mauritania,MRT,1982-11,national
Mauritania,MRT,1982-12,national
Mauritania,MRT,1983-01,national
Mauritania,MRT,1983-02,national
Mauritania,MRT,1983-03,national
Mauritania,MRT,1983-04,national
Mauritania,MRT,1983-05,national
Mauritania,MRT,1983-06,national
Mauritania,MRT,1983-07,national
Mauritania,MRT,1983-08,national
Mauritania,MRT,1983-09,national
Mauritania,MRT,1983-10,national
Mauritania,MRT,1983-11,national
Mauritania,MRT,1983-12,national
Mauritania,MRT,1990-01,national
Mauritania,MRT,1990-02,national
Mauritania,MRT,1990-03,national
Mauritania,MRT,1990-04,national
Mauritania,MRT,1990-05,national
Mauritania,MRT,1990-06,national
Mauritania,MRT,1990-07,national
Mauritania,MRT,1990-08,national
Mauritania,MRT,1990-09,national
Mauritania,MRT,1990-10,national
Mauritania,MRT,1990-11,national
Mauritania,MRT,1990-12,national
Mauritania,MRT,1991-01,national
Mauritania,MRT,1991-02,national
Mauritania,MRT,1991-03,national
Mauritania,MRT,1991-04,national
Mauritania,MRT,1991-05,national
Mauritania,MRT,1991-06,national
Mauritania,MRT,1991-07,national
Mauritania,MRT,1991-08,national
Mauritania,MRT,1991-09,national
Mauritania,MRT,1991-10,national
Mauritania,MRT,1991-11,national
Mauritania,MRT,1991-12,national
Mauritania,MRT,1992-01,national
Mauritania,MRT,1992-02,national
Mauritania,MRT,1992-03,national
Mauritania,MRT,1992-04,national
Mauritania,MRT,1992-05,national
Mauritania,MRT,1992-06,national
Mauritania,MRT,1992-07,national
Mauritania,MRT,1992-08,national
Mauritania,MRT,1992-09,national
Mauritania,MRT,1992-10,national
Mauritania,MRT,1992-11,national
Mauritania,MRT,1992-12,national
Mauritania,MRT,1993-01,national
Mauritania,MRT,1993-02,national
Mauritania,MRT,1993-03,national
Mauritania,MRT,1993-04,national
Mauritania,MRT,1993-05,national
Mauritania,MRT,1993-06,national
Mauritania,MRT,1993-07,national
Mauritania,MRT,1993-08,national
Mauritania,MRT,1993-09,national
Mauritania,MRT,1993-10,national
Mauritania,MRT,1993-11,national
Mauritania,MRT,1993-12,national
Mauritania,MRT,1994-01,national
Mauritania,MRT,1994-02,national
Mauritania,MRT,1994-03,national
Mauritania,MRT,1994-04,national
Mauritania,MRT,1994-05,national
Mauritania,MRT,1994-06,national
Mauritania,MRT,1994-07,national
Mauritania,MRT,1994-08,national
Mauritania,MRT,1994-09,national
Mauritania,MRT,1994-10,national
Mauritania,MRT,1994-11,national
Mauritania,MRT,1994-12,national
Mauritania,MRT,1995-01,national
Mauritania,MRT,1995-02,national
Mauritania,MRT,1995-03,national
Mauritania,MRT,1995-04,national
Mauritania,MRT,1995-05,national
Mauritania,MRT,1995-06,national
Mauritania,MRT,1995-07,national
Mauritania,MRT,1995-08,national
Mauritania,MRT,1995-09,national
Mauritania,MRT,1995-10,national
Mauritania,MRT,1995-11,national
Mauritania,MRT,1995-12,national
Mauritania,MRT,1998-01,national
Mauritania,MRT,1998-02,national
Mauritania,MRT,1998-03,national
Mauritania,MRT,1998-04,national
Mauritania,MRT,1998-05,national
Mauritania,MRT,1998-06,national
Mauritania,MRT,1998-07,national
Mauritania,MRT,1998-08,national
Mauritania,MRT,1998-09,national
Mauritania,MRT,1998-10,national
Mauritania,MRT,1998-11,national
Mauritania,MRT,1998-12,national
Mauritania,MRT,1999-01,national
Mauritania,MRT,1999-02,national
Mauritania,MRT,1999-03,national
Mauritania,MRT,1999-04,national
Mauritania,MRT,1999-05,national
Mauritania,MRT,1999-06,national
Mauritania,MRT,1999-07,national
Mauritania,MRT,1999-08,national
Mauritania,MRT,1999-09,national
Mauritania,MRT,1999-10,national
Mauritania,MRT,1999-11,national
Mauritania,MRT,1999-12,national
Mauritania,MRT,2000-01,national
Mauritania,MRT,2000-02,national
Mauritania,MRT,2000-03,national
Mauritania,MRT,2000-04,national
Mauritania,MRT,2000-05,national
Mauritania,MRT,2000-06,national
Mauritania,MRT,2000-07,national
Mauritania,MRT,2000-08,national
Mauritania,MRT,2000-09,national
Mauritania,MRT,2000-10,national
Mauritania,MRT,2000-11,national
Mauritania,MRT,2000-12,national
Mauritania,MRT,2001-01,national
Mauritania,MRT,2001-02,national
Mauritania,MRT,2001-03,national
Mauritania,MRT,2001-04,national
Mauritania,MRT,2001-05,national
Mauritania,MRT,2001-06,national
Mauritania,MRT,2001-07,national
Mauritania,MRT,2001-08,national
Mauritania,MRT,2001-09,national
Mauritania,MRT,2001-10,national
Mauritania,MRT,2001-11,national
Mauritania,MRT,2001-12,national
Mauritania,MRT,2004-01,national
Mauritania,MRT,2004-02,national
Mauritania,MRT,2004-03,national
Mauritania,MRT,2004-04,national
Mauritania,MRT,2004-05,national
Mauritania,MRT,2004-06,national
Mauritania,MRT,2004-07,national
Mauritania,MRT,2004-08,national
Mauritania,MRT,2004-09,national
Mauritania,MRT,2004-10,national
Mauritania,MRT,2004-11,national
Mauritania,MRT,2004-12,national
Mauritania,MRT,2008-01,national
Mauritania,MRT,2008-02,national
Mauritania,MRT,2008-03,national
Mauritania,MRT,2008-04,national
Mauritania,MRT,2008-05,national
Mauritania,MRT,2008-06,national
Mauritania,MRT,2008-07,national
Mauritania,MRT,2008-08,national
Mauritania,MRT,2008-09,national
Mauritania,MRT,2008-10,national
Mauritania,MRT,2008-11,national
Mauritania,MRT,2008-12,national
Mauritania,MRT,2009-01,national
Mauritania,MRT,2009-02,national
Mauritania,MRT,2009-03,national
Mauritania,MRT,2009-04,national
Mauritania,MRT,2009-05,national
Mauritania,MRT,2009-06,national
Mauritania,MRT,2009-07,national
Mauritania,MRT,2009-08,national
Mauritania,MRT,2009-09,national
Mauritania,MRT,2009-10,national
Mauritania,MRT,2009-11,national
Mauritania,MRT,2009-12,national
Mauritania,MRT,2010-01,national
Mauritania,MRT,2010-02,national
Mauritania,MRT,2010-03,national
Mauritania,MRT,2010-04,national
Mauritania,MRT,2010-05,national
Mauritania,MRT,2010-06,national
Mauritania,MRT,2010-07,national
Mauritania,MRT,2010-08,national
Mauritania,MRT,2010-09,national
Mauritania,MRT,2010-10,national
Mauritania,MRT,2010-11,national
Mauritania,MRT,2010-12,national
Mauritania,MRT,2024-01,national
Mauritania,MRT,2024-02,national
Mauritania,MRT,2024-03,national
Mauritania,MRT,2024-04,national
Mauritania,MRT,2024-05,national
Mauritania,MRT,2024-06,national
Mauritania,MRT,2024-07,national
Mauritania,MRT,2024-08,national
Mauritania,MRT,2024-09,national
Mauritania,MRT,2024-10,national
Mauritania,MRT,2024-11,national
Mauritania,MRT,2024-12,national
Mauritania,MRT,2025-01,national
Mauritania,MRT,2025-02,national
Mauritania,MRT,2025-03,national
Mauritania,MRT,2025-04,national
Mauritania,MRT,2025-05,national
Mauritania,MRT,2025-06,national
Mauritania,MRT,2025-07,national
Mauritania,MRT,2025-08,national
Malawi,MWI,1970-01,national
Malawi,MWI,1970-02,national
Malawi,MWI,1970-03,national
Malawi,MWI,1970-04,national
Malawi,MWI,1970-05,national
Malawi,MWI,1970-06,national
Malawi,MWI,1970-07,national
Malawi,MWI,1970-08,national
Malawi,MWI,1970-09,national
Malawi,MWI,1970-10,national
Malawi,MWI,1970-11,national
Malawi,MWI,1970-12,national
Malawi,MWI,1971-01,national
Malawi,MWI,1971-02,national
Malawi,MWI,1971-03,national
Malawi,MWI,1971-04,national
Malawi,MWI,1971-05,national
Malawi,MWI,1971-06,national
Malawi,MWI,1971-07,national
Malawi,MWI,1971-08,national
Malawi,MWI,1971-09,national
Malawi,MWI,1971-10,national
Malawi,MWI,1971-11,national
Malawi,MWI,1971-12,national
Malawi,MWI,1972-01,national
Malawi,MWI,1972-02,national
Malawi,MWI,1972-03,national
Malawi,MWI,1972-04,national
Malawi,MWI,1972-05,national
Malawi,MWI,1972-06,national
Malawi,MWI,1972-07,national
Malawi,MWI,1972-08,national
Malawi,MWI,1972-09,national
Malawi,MWI,1972-10,national
Malawi,MWI,1972-11,national
Malawi,MWI,1972-12,national
Malawi,MWI,1973-01,national
Malawi,MWI,1973-02,national
Malawi,MWI,1973-03,national
Malawi,MWI,1973-04,national
Malawi,MWI,1973-05,national
Malawi,MWI,1973-06,national
Malawi,MWI,1973-07,national
Malawi,MWI,1973-08,national
Malawi,MWI,1973-09,national
Malawi,MWI,1973-10,national
Malawi,MWI,1973-11,national
Malawi,MWI,1973-12,national
Malawi,MWI,1974-01,national
Malawi,MWI,1974-02,national
Malawi,MWI,1974-03,national
Malawi,MWI,1974-04,national
Malawi,MWI,1974-05,national
Malawi,MWI,1974-06,national
Malawi,MWI,1974-07,national
Malawi,MWI,1974-08,national
Malawi,MWI,1974-09,national
Malawi,MWI,1974-10,national
Malawi,MWI,1974-11,national
Malawi,MWI,1974-12,national
Malawi,MWI,1975-01,national
Malawi,MWI,1975-02,national
Malawi,MWI,1975-03,national
Malawi,MWI,1975-04,national
Malawi,MWI,1975-05,national
Malawi,MWI,1975-06,national
Malawi,MWI,1975-07,national
Malawi,MWI,1975-08,national
Malawi,MWI,1975-09,national
Malawi,MWI,1975-10,national
Malawi,MWI,1975-11,national
Malawi,MWI,1975-12,national
Malawi,MWI,1976-01,national
Malawi,MWI,1976-02,national
Malawi,MWI,1976-03,national
Malawi,MWI,1976-04,national
Malawi,MWI,1976-05,national
Malawi,MWI,1976-06,national
Malawi,MWI,1976-07,national
Malawi,MWI,1976-08,national
Malawi,MWI,1976-09,national
Malawi,MWI,1976-10,national
Malawi,MWI,1976-11,national
Malawi,MWI,1976-12,national
Malawi,MWI,1977-01,national
Malawi,MWI,1977-02,national
Malawi,MWI,1977-03,national
Malawi,MWI,1977-04,national
Malawi,MWI,1977-05,national
Malawi,MWI,1977-06,national
Malawi,MWI,1977-07,national
Malawi,MWI,1977-08,national
Malawi,MWI,1977-09,national
Malawi,MWI,1977-10,national
Malawi,MWI,1977-11,national
Malawi,MWI,1977-12,national
Malawi,MWI,1978-01,national
Malawi,MWI,1978-02,national
Malawi,MWI,1978-03,national
Malawi,MWI,1978-04,national
Malawi,MWI,1978-05,national
Malawi,MWI,1978-06,national
Malawi,MWI,1978-07,national
Malawi,MWI,1978-08,national
Malawi,MWI,1978-09,national
Malawi,MWI,1978-10,national
Malawi,MWI,1978-11,national
Malawi,MWI,1978-12,national
Malawi,MWI,1979-01,national
Malawi,MWI,1979-02,national
Malawi,MWI,1979-03,national
Malawi,MWI,1979-04,national
Malawi,MWI,1979-05,national
Malawi,MWI,1979-06,national
Malawi,MWI,1979-07,national
Malawi,MWI,1979-08,national
Malawi,MWI,1979-09,national
Malawi,MWI,1979-10,national
Malawi,MWI,1979-11,national
Malawi,MWI,1979-12,national
Malawi,MWI,1980-01,national
Malawi,MWI,1980-02,national
Malawi,MWI,1980-03,national
Malawi,MWI,1980-04,national
Malawi,MWI,1980-05,national
Malawi,MWI,1980-06,national
Malawi,MWI,1980-07,national
Malawi,MWI,1980-08,national
Malawi,MWI,1980-09,national
Malawi,MWI,1980-10,national
Malawi,MWI,1980-11,national
Malawi,MWI,1980-12,national
Malawi,MWI,1981-01,national
Malawi,MWI,1981-02,national
Malawi,MWI,1981-03,national
Malawi,MWI,1981-04,national
Malawi,MWI,1981-05,national
Malawi,MWI,1981-06,national
Malawi,MWI,1981-07,national
Malawi,MWI,1981-08,national
Malawi,MWI,1981-09,national
Malawi,MWI,1981-10,national
Malawi,MWI,1981-11,national
Malawi,MWI,1981-12,national
Malawi,MWI,1982-01,national
Malawi,MWI,1982-02,national
Malawi,MWI,1982-03,national
Malawi,MWI,1982-04,national
Malawi,MWI,1982-05,national
Malawi,MWI,1982-06,national
Malawi,MWI,1982-07,national
Malawi,MWI,1982-08,national
Malawi,MWI,1982-09,national
Malawi,MWI,1982-10,national
Malawi,MWI,1982-11,national
Malawi,MWI,1982-12,national
Malawi,MWI,1983-01,national
Malawi,MWI,1983-02,national
Malawi,MWI,1983-03,national
Malawi,MWI,1983-04,national
Malawi,MWI,1983-05,national
Malawi,MWI,1983-06,national
Malawi,MWI,1983-07,national
Malawi,MWI,1983-08,national
Malawi,MWI,1983-09,national
Malawi,MWI,1983-10,national
Malawi,MWI,1983-11,national
Malawi,MWI,1983-12,national
Malawi,MWI,1984-01,national
Malawi,MWI,1984-02,national
Malawi,MWI,1984-03,national
Malawi,MWI,1984-04,national
Malawi,MWI,1984-05,national
Malawi,MWI,1984-06,national
Malawi,MWI,1984-07,national
Malawi,MWI,1984-08,national
Malawi,MWI,1984-09,national
Malawi,MWI,1984-10,national
Malawi,MWI,1984-11,national
Malawi,MWI,1984-12,national
Malawi,MWI,1985-01,national
Malawi,MWI,1985-02,national
Malawi,MWI,1985-03,national
Malawi,MWI,1985-04,national
Malawi,MWI,1985-05,national
Malawi,MWI,1985-06,national
Malawi,MWI,1985-07,national
Malawi,MWI,1985-08,national
Malawi,MWI,1985-09,national
Malawi,MWI,1985-10,national
Malawi,MWI,1985-11,national
Malawi,MWI,1985-12,national
Malawi,MWI,1986-01,national
Malawi,MWI,1986-02,national
Malawi,MWI,1986-03,national
Malawi,MWI,1986-04,national
Malawi,MWI,1986-05,national
Malawi,MWI,1986-06,national
Malawi,MWI,1986-07,national
Malawi,MWI,1986-08,national
Malawi,MWI,1986-09,national
Malawi,MWI,1986-10,national
Malawi,MWI,1986-11,national
Malawi,MWI,1986-12,national
Malawi,MWI,1987-01,national
Malawi,MWI,1987-02,national
Malawi,MWI,1987-03,national
Malawi,MWI,1987-04,national
Malawi,MWI,1987-05,national
Malawi,MWI,1987-06,national
Malawi,MWI,1987-07,national
Malawi,MWI,1987-08,national
Malawi,MWI,1987-09,national
Malawi,MWI,1987-10,national
Malawi,MWI,1987-11,national
Malawi,MWI,1987-12,national
Malawi,MWI,1988-01,national
Malawi,MWI,1988-02,national
Malawi,MWI,1988-03,national
Malawi,MWI,1988-04,national
Malawi,MWI,1988-05,national
Malawi,MWI,1988-06,national
Malawi,MWI,1988-07,national
Malawi,MWI,1988-08,national
Malawi,MWI,1988-09,national
Malawi,MWI,1988-10,national
Malawi,MWI,1988-11,national
Malawi,MWI,1988-12,national
Malawi,MWI,1989-01,national
Malawi,MWI,1989-02,national
Malawi,MWI,1989-03,national
Malawi,MWI,1989-04,national
Malawi,MWI,1989-05,national
Malawi,MWI,1989-06,national
Malawi,MWI,1989-07,national
Malawi,MWI,1989-08,national
Malawi,MWI,1989-09,national
Malawi,MWI,1989-10,national
Malawi,MWI,1989-11,national
Malawi,MWI,1989-12,national
Malawi,MWI,1990-01,national
Malawi,MWI,1990-02,national
Malawi,MWI,1990-03,national
Malawi,MWI,1990-04,national
Malawi,MWI,1990-05,national
Malawi,MWI,1990-06,national
Malawi,MWI,1990-07,national
Malawi,MWI,1990-08,national
Malawi,MWI,1990-09,national
Malawi,MWI,1990-10,national
Malawi,MWI,1990-11,national
Malawi,MWI,1990-12,national
Malawi,MWI,1991-01,national
Malawi,MWI,1991-02,national
Malawi,MWI,1991-03,national
Malawi,MWI,1991-04,national
Malawi,MWI,1991-05,national
Malawi,MWI,1991-06,national
Malawi,MWI,1991-07,national
Malawi,MWI,1991-08,national
Malawi,MWI,1991-09,national
Malawi,MWI,1991-10,national
Malawi,MWI,1991-11,national
Malawi,MWI,1991-12,national
Malawi,MWI,1992-01,national
Malawi,MWI,1992-02,national
Malawi,MWI,1992-03,national
Malawi,MWI,1992-04,national
Malawi,MWI,1992-05,national
Malawi,MWI,1992-06,national
Malawi,MWI,1992-07,national
Malawi,MWI,1992-08,national
Malawi,MWI,1992-09,national
Malawi,MWI,1992-10,national
Malawi,MWI,1992-11,national
Malawi,MWI,1992-12,national
Malawi,MWI,1993-01,national
Malawi,MWI,1993-02,national
Malawi,MWI,1993-03,national
Malawi,MWI,1993-04,national
Malawi,MWI,1993-05,national
Malawi,MWI,1993-06,national
Malawi,MWI,1993-07,national
Malawi,MWI,1993-08,national
Malawi,MWI,1993-09,national
Malawi,MWI,1993-10,national
Malawi,MWI,1993-11,national
Malawi,MWI,1993-12,national
Malawi,MWI,1994-01,national
Malawi,MWI,1994-02,national
Malawi,MWI,1994-03,national
Malawi,MWI,1994-04,national
Malawi,MWI,1994-05,national
Malawi,MWI,1994-06,national
Malawi,MWI,1994-07,national
Malawi,MWI,1994-08,national
Malawi,MWI,1994-09,national
Malawi,MWI,1994-10,national
Malawi,MWI,1994-11,national
Malawi,MWI,1994-12,national
Malawi,MWI,1995-01,national
Malawi,MWI,1995-02,national
Malawi,MWI,1995-03,national
Malawi,MWI,1995-04,national
Malawi,MWI,1995-05,national
Malawi,MWI,1995-06,national
Malawi,MWI,1995-07,national
Malawi,MWI,1995-08,national
Malawi,MWI,1995-09,national
Malawi,MWI,1995-10,national
Malawi,MWI,1995-11,national
Malawi,MWI,1995-12,national
Malawi,MWI,1996-01,national
Malawi,MWI,1996-02,national
Malawi,MWI,1996-03,national
Malawi,MWI,1996-04,national
Malawi,MWI,1996-05,national
Malawi,MWI,1996-06,national
Malawi,MWI,1996-07,national
Malawi,MWI,1996-08,national
Malawi,MWI,1996-09,national
Malawi,MWI,1996-10,national
Malawi,MWI,1996-11,national
Malawi,MWI,1996-12,national
Malawi,MWI,1997-01,national
Malawi,MWI,1997-02,national
Malawi,MWI,1997-03,national
Malawi,MWI,1997-04,national
Malawi,MWI,1997-05,national
Malawi,MWI,1997-06,national
Malawi,MWI,1997-07,national
Malawi,MWI,1997-08,national
Malawi,MWI,1997-09,national
Malawi,MWI,1997-10,national
Malawi,MWI,1997-11,national
Malawi,MWI,1997-12,national
Malawi,MWI,1998-01,national
Malawi,MWI,1998-02,national
Malawi,MWI,1998-03,national
Malawi,MWI,1998-04,national
Malawi,MWI,1998-05,national
Malawi,MWI,1998-06,national
Malawi,MWI,1998-07,national
Malawi,MWI,1998-08,national
Malawi,MWI,1998-09,national
Malawi,MWI,1998-10,national
Malawi,MWI,1998-11,national
Malawi,MWI,1998-12,national
Malawi,MWI,1999-01,national
Malawi,MWI,1999-02,national
Malawi,MWI,1999-03,national
Malawi,MWI,1999-04,national
Malawi,MWI,1999-05,national
Malawi,MWI,1999-06,national
Malawi,MWI,1999-07,national
Malawi,MWI,1999-08,national
Malawi,MWI,1999-09,national
Malawi,MWI,1999-10,national
Malawi,MWI,1999-11,national
Malawi,MWI,1999-12,national
Malawi,MWI,2000-01,national
Malawi,MWI,2000-02,national
Malawi,MWI,2000-03,national
Malawi,MWI,2000-04,national
Malawi,MWI,2000-05,national
Malawi,MWI,2000-06,national
Malawi,MWI,2000-07,national
Malawi,MWI,2000-08,national
Malawi,MWI,2000-09,national
Malawi,MWI,2000-10,national
Malawi,MWI,2000-11,national
Malawi,MWI,2000-12,national
Malawi,MWI,2001-01,national
Malawi,MWI,2001-02,national
Malawi,MWI,2001-03,national
Malawi,MWI,2001-04,national
Malawi,MWI,2001-05,national
Malawi,MWI,2001-06,national
Malawi,MWI,2001-07,national
Malawi,MWI,2001-08,national
Malawi,MWI,2001-09,national
Malawi,MWI,2001-10,national
Malawi,MWI,2001-11,national
Malawi,MWI,2001-12,national
Malawi,MWI,2002-01,national
Malawi,MWI,2002-02,national
Malawi,MWI,2002-03,national
Malawi,MWI,2002-04,national
Malawi,MWI,2002-05,national
Malawi,MWI,2002-06,national
Malawi,MWI,2002-07,national
Malawi,MWI,2002-08,national
Malawi,MWI,2002-09,national
Malawi,MWI,2002-10,national
Malawi,MWI,2002-11,national
Malawi,MWI,2002-12,national
Malawi,MWI,2003-01,national
Malawi,MWI,2003-02,national
Malawi,MWI,2003-03,national
Malawi,MWI,2003-04,national
Malawi,MWI,2003-05,national
Malawi,MWI,2003-06,national
Malawi,MWI,2003-07,national
Malawi,MWI,2003-08,national
Malawi,MWI,2003-09,national
Malawi,MWI,2003-10,national
Malawi,MWI,2003-11,national
Malawi,MWI,2003-12,national
Malawi,MWI,2004-01,national
Malawi,MWI,2004-02,national
Malawi,MWI,2004-03,national
Malawi,MWI,2004-04,national
Malawi,MWI,2004-05,national
Malawi,MWI,2004-06,national
Malawi,MWI,2004-07,national
Malawi,MWI,2004-08,national
Malawi,MWI,2004-09,national
Malawi,MWI,2004-10,national
Malawi,MWI,2004-11,national
Malawi,MWI,2004-12,national
Malawi,MWI,2005-01,national
Malawi,MWI,2005-02,national
Malawi,MWI,2005-03,national
Malawi,MWI,2005-04,national
Malawi,MWI,2005-05,national
Malawi,MWI,2005-06,national
Malawi,MWI,2005-07,national
Malawi,MWI,2005-08,national
Malawi,MWI,2005-09,national
Malawi,MWI,2005-10,national
Malawi,MWI,2005-11,national
Malawi,MWI,2005-12,national
Malawi,MWI,2006-01,national
Malawi,MWI,2006-02,national
Malawi,MWI,2006-03,national
Malawi,MWI,2006-04,national
Malawi,MWI,2006-05,national
Malawi,MWI,2006-06,national
Malawi,MWI,2006-07,national
Malawi,MWI,2006-08,national
Malawi,MWI,2006-09,national
Malawi,MWI,2006-10,national
Malawi,MWI,2006-11,national
Malawi,MWI,2006-12,national
Malawi,MWI,2007-01,national
Malawi,MWI,2007-02,national
Malawi,MWI,2007-03,national
Malawi,MWI,2007-04,national
Malawi,MWI,2007-05,national
Malawi,MWI,2007-06,national
Malawi,MWI,2007-07,national
Malawi,MWI,2007-08,national
Malawi,MWI,2007-09,national
Malawi,MWI,2007-10,national
Malawi,MWI,2007-11,national
Malawi,MWI,2007-12,national
Malawi,MWI,2008-01,national
Malawi,MWI,2008-02,national
Malawi,MWI,2008-03,national
Malawi,MWI,2008-04,national
Malawi,MWI,2008-05,national
Malawi,MWI,2008-06,national
Malawi,MWI,2008-07,national
Malawi,MWI,2008-08,national
Malawi,MWI,2008-09,national
Malawi,MWI,2008-10,national
Malawi,MWI,2008-11,national
Malawi,MWI,2008-12,national
Malawi,MWI,2009-01,national
Malawi,MWI,2009-02,national
Malawi,MWI,2009-03,national
Malawi,MWI,2009-04,national
Malawi,MWI,2009-05,national
Malawi,MWI,2009-06,national
Malawi,MWI,2009-07,national
Malawi,MWI,2009-08,national
Malawi,MWI,2009-09,national
Malawi,MWI,2009-10,national
Malawi,MWI,2009-11,national
Malawi,MWI,2009-12,national
Malawi,MWI,2010-01,national
Malawi,MWI,2010-02,national
Malawi,MWI,2010-03,national
Malawi,MWI,2010-04,national
Malawi,MWI,2010-05,national
Malawi,MWI,2010-06,national
Malawi,MWI,2010-07,national
Malawi,MWI,2010-08,national
Malawi,MWI,2010-09,national
Malawi,MWI,2010-10,national
Malawi,MWI,2010-11,national
Malawi,MWI,2010-12,national
Malawi,MWI,2011-01,national
Malawi,MWI,2011-02,national
Malawi,MWI,2011-03,national
Malawi,MWI,2011-04,national
Malawi,MWI,2011-05,national
Malawi,MWI,2011-06,national
Malawi,MWI,2011-07,national
Malawi,MWI,2011-08,national
Malawi,MWI,2011-09,national
Malawi,MWI,2011-10,national
Malawi,MWI,2011-11,national
Malawi,MWI,2011-12,national
Malawi,MWI,2012-01,national
Malawi,MWI,2012-02,national
Malawi,MWI,2012-03,national
Malawi,MWI,2012-04,national
Malawi,MWI,2012-05,national
Malawi,MWI,2012-06,national
Malawi,MWI,2012-07,national
Malawi,MWI,2012-08,national
Malawi,MWI,2012-09,national
Malawi,MWI,2012-10,national
Malawi,MWI,2012-11,national
Malawi,MWI,2012-12,national
Malawi,MWI,2013-01,national
Malawi,MWI,2013-02,national
Malawi,MWI,2013-03,national
Malawi,MWI,2013-04,national
Malawi,MWI,2013-05,national
Malawi,MWI,2013-06,national
Malawi,MWI,2013-07,national
Malawi,MWI,2013-08,national
Malawi,MWI,2013-09,national
Malawi,MWI,2013-10,national
Malawi,MWI,2013-11,national
Malawi,MWI,2013-12,national
Malawi,MWI,2014-01,national
Malawi,MWI,2014-02,national
Malawi,MWI,2014-03,national
Malawi,MWI,2014-04,national
Malawi,MWI,2014-05,national
Malawi,MWI,2014-06,national
Malawi,MWI,2014-07,national
Malawi,MWI,2014-08,national
Malawi,MWI,2014-09,national
Malawi,MWI,2014-10,national
Malawi,MWI,2014-11,national
Malawi,MWI,2014-12,national
Malawi,MWI,2015-01,national
Malawi,MWI,2015-02,national
Malawi,MWI,2015-03,national
Malawi,MWI,2015-04,national
Malawi,MWI,2015-05,national
Malawi,MWI,2015-06,national
Malawi,MWI,2015-07,national
Malawi,MWI,2015-08,national
Malawi,MWI,2015-09,national
Malawi,MWI,2015-10,national
Malawi,MWI,2015-11,national
Malawi,MWI,2015-12,national
Malawi,MWI,2016-01,national
Malawi,MWI,2016-02,national
Malawi,MWI,2016-03,national
Malawi,MWI,2016-04,national
Malawi,MWI,2016-05,national
Malawi,MWI,2016-06,national
Malawi,MWI,2016-07,national
Malawi,MWI,2016-08,national
Malawi,MWI,2016-09,national
Malawi,MWI,2016-10,national
Malawi,MWI,2016-11,national
Malawi,MWI,2016-12,national
Malawi,MWI,2017-01,national
Malawi,MWI,2017-02,national
Malawi,MWI,2017-03,national
Malawi,MWI,2017-04,national
Malawi,MWI,2017-05,national
Malawi,MWI,2017-06,national
Malawi,MWI,2017-07,national
Malawi,MWI,2017-08,national
Malawi,MWI,2017-09,national
Malawi,MWI,2017-10,national
Malawi,MWI,2017-11,national
Malawi,MWI,2017-12,national
Malawi,MWI,2018-01,national
Malawi,MWI,2018-02,national
Malawi,MWI,2018-03,national
Malawi,MWI,2018-04,national
Malawi,MWI,2018-05,national
Malawi,MWI,2018-06,national
Malawi,MWI,2018-07,national
Malawi,MWI,2018-08,national
Malawi,MWI,2018-09,national
Malawi,MWI,2018-10,national
Malawi,MWI,2018-11,national
Malawi,MWI,2018-12,national
Malawi,MWI,2019-01,national
Malawi,MWI,2019-02,national
Malawi,MWI,2019-03,national
Malawi,MWI,2019-04,national
Malawi,MWI,2019-05,national
Malawi,MWI,2019-06,national
Malawi,MWI,2019-07,national
Malawi,MWI,2019-08,national
Malawi,MWI,2019-09,national
Malawi,MWI,2019-10,national
Malawi,MWI,2019-11,national
Malawi,MWI,2019-12,national
Malawi,MWI,2020-01,national
Malawi,MWI,2020-02,national
Malawi,MWI,2020-03,national
Malawi,MWI,2020-04,national
Malawi,MWI,2020-05,national
Malawi,MWI,2020-06,national
Malawi,MWI,2020-07,national
Malawi,MWI,2020-08,national
Malawi,MWI,2020-09,national
Malawi,MWI,2020-10,national
Malawi,MWI,2020-11,national
Malawi,MWI,2020-12,national
Malawi,MWI,2021-01,national
Malawi,MWI,2021-02,national
Malawi,MWI,2021-03,national
Malawi,MWI,2021-04,national
Malawi,MWI,2021-05,national
Malawi,MWI,2021-06,national
Malawi,MWI,2021-07,national
Malawi,MWI,2021-08,national
Malawi,MWI,2021-09,national
Malawi,MWI,2021-10,national
Malawi,MWI,2021-11,national
Malawi,MWI,2021-12,national
Malawi,MWI,2022-01,national
Malawi,MWI,2022-02,national
Malawi,MWI,2022-03,national
Malawi,MWI,2022-04,national
Malawi,MWI,2022-05,national
Malawi,MWI,2022-06,national
Malawi,MWI,2022-07,national
Malawi,MWI,2022-08,national
Malawi,MWI,2022-09,national
Malawi,MWI,2022-10,national
Malawi,MWI,2022-11,national
Malawi,MWI,2022-12,national
Malawi,MWI,2025-05,national
Malawi,MWI,2025-06,national
Malawi,MWI,2025-07,national
Malawi,MWI,2025-08,national
Namibia,NAM,1970-01,national
Namibia,NAM,1970-02,national
Namibia,NAM,1970-03,national
Namibia,NAM,1970-04,national
Namibia,NAM,1970-05,national
Namibia,NAM,1970-06,national
Namibia,NAM,1970-07,national
Namibia,NAM,1970-08,national
Namibia,NAM,1970-09,national
Namibia,NAM,1970-10,national
Namibia,NAM,1970-11,national
Namibia,NAM,1970-12,national
Namibia,NAM,1971-01,national
Namibia,NAM,1971-02,national
Namibia,NAM,1971-03,national
Namibia,NAM,1971-04,national
Namibia,NAM,1971-05,national
Namibia,NAM,1971-06,national
Namibia,NAM,1971-07,national
Namibia,NAM,1971-08,national
Namibia,NAM,1971-09,national
Namibia,NAM,1971-10,national
Namibia,NAM,1971-11,national
Namibia,NAM,1971-12,national
Namibia,NAM,1972-01,national
Namibia,NAM,1972-02,national
Namibia,NAM,1972-03,national
Namibia,NAM,1972-04,national
Namibia,NAM,1972-05,national
Namibia,NAM,1972-06,national
Namibia,NAM,1972-07,national
Namibia,NAM,1972-08,national
Namibia,NAM,1972-09,national
Namibia,NAM,1972-10,national
Namibia,NAM,1972-11,national
Namibia,NAM,1972-12,national
Namibia,NAM,1973-01,national
Namibia,NAM,1973-02,national
Namibia,NAM,1973-03,national
Namibia,NAM,1973-04,national
Namibia,NAM,1973-05,national
Namibia,NAM,1973-06,national
Namibia,NAM,1973-07,national
Namibia,NAM,1973-08,national
Namibia,NAM,1973-09,national
Namibia,NAM,1973-10,national
Namibia,NAM,1973-11,national
Namibia,NAM,1973-12,national
Namibia,NAM,1974-01,national
Namibia,NAM,1974-02,national
Namibia,NAM,1974-03,national
Namibia,NAM,1974-04,national
Namibia,NAM,1974-05,national
Namibia,NAM,1974-06,national
Namibia,NAM,1974-07,national
Namibia,NAM,1974-08,national
Namibia,NAM,1974-09,national
Namibia,NAM,1974-10,national
Namibia,NAM,1974-11,national
Namibia,NAM,1974-12,national
Namibia,NAM,1975-01,national
Namibia,NAM,1975-02,national
Namibia,NAM,1975-03,national
Namibia,NAM,1975-04,national
Namibia,NAM,1975-05,national
Namibia,NAM,1975-06,national
Namibia,NAM,1975-07,national
Namibia,NAM,1975-08,national
Namibia,NAM,1975-09,national
Namibia,NAM,1975-10,national
Namibia,NAM,1975-11,national
Namibia,NAM,1975-12,national
Namibia,NAM,1976-01,national
Namibia,NAM,1976-02,national
Namibia,NAM,1976-03,national
Namibia,NAM,1976-04,national
Namibia,NAM,1976-05,national
Namibia,NAM,1976-06,national
Namibia,NAM,1976-07,national
Namibia,NAM,1976-08,national
Namibia,NAM,1976-09,national
Namibia,NAM,1976-10,national
Namibia,NAM,1976-11,national
Namibia,NAM,1976-12,national
Namibia,NAM,1977-01,national
Namibia,NAM,1977-02,national
Namibia,NAM,1977-03,national
Namibia,NAM,1977-04,national
Namibia,NAM,1977-05,national
Namibia,NAM,1977-06,national
Namibia,NAM,1977-07,national
Namibia,NAM,1977-08,national
Namibia,NAM,1977-09,national
Namibia,NAM,1977-10,national
Namibia,NAM,1977-11,national
Namibia,NAM,1977-12,national
Namibia,NAM,1978-01,national
Namibia,NAM,1978-02,national
Namibia,NAM,1978-03,national
Namibia,NAM,1978-04,national
Namibia,NAM,1978-05,national
Namibia,NAM,1978-06,national
Namibia,NAM,1978-07,national
Namibia,NAM,1978-08,national
Namibia,NAM,1978-09,national
Namibia,NAM,1978-10,national
Namibia,NAM,1978-11,national
Namibia,NAM,1978-12,national
Namibia,NAM,1979-01,national
Namibia,NAM,1979-02,national
Namibia,NAM,1979-03,national
Namibia,NAM,1979-04,national
Namibia,NAM,1979-05,national
Namibia,NAM,1979-06,national
Namibia,NAM,1979-07,national
Namibia,NAM,1979-08,national
Namibia,NAM,1979-09,national
Namibia,NAM,1979-10,national
Namibia,NAM,1979-11,national
Namibia,NAM,1979-12,national
Namibia,NAM,1980-01,national
Namibia,NAM,1980-02,national
Namibia,NAM,1980-03,national
Namibia,NAM,1980-04,national
Namibia,NAM,1980-05,national
Namibia,NAM,1980-06,national
Namibia,NAM,1980-07,national
Namibia,NAM,1980-08,national
Namibia,NAM,1980-09,national
Namibia,NAM,1980-10,national
Namibia,NAM,1980-11,national
Namibia,NAM,1980-12,national
Namibia,NAM,1981-01,national
Namibia,NAM,1981-02,national
Namibia,NAM,1981-03,national
Namibia,NAM,1981-04,national
Namibia,NAM,1981-05,national
Namibia,NAM,1981-06,national
Namibia,NAM,1981-07,national
Namibia,NAM,1981-08,national
Namibia,NAM,1981-09,national
Namibia,NAM,1981-10,national
Namibia,NAM,1981-11,national
Namibia,NAM,1981-12,national
Namibia,NAM,1982-01,national
Namibia,NAM,1982-02,national
Namibia,NAM,1982-03,national
Namibia,NAM,1982-04,national
Namibia,NAM,1982-05,national
Namibia,NAM,1982-06,national
Namibia,NAM,1982-07,national
Namibia,NAM,1982-08,national
Namibia,NAM,1982-09,national
Namibia,NAM,1982-10,national
Namibia,NAM,1982-11,national
Namibia,NAM,1982-12,national
Namibia,NAM,1983-01,national
Namibia,NAM,1983-02,national
Namibia,NAM,1983-03,national
Namibia,NAM,1983-04,national
Namibia,NAM,1983-05,national
Namibia,NAM,1983-06,national
Namibia,NAM,1983-07,national
Namibia,NAM,1983-08,national
Namibia,NAM,1983-09,national
Namibia,NAM,1983-10,national
Namibia,NAM,1983-11,national
Namibia,NAM,1983-12,national
Namibia,NAM,1984-01,national
Namibia,NAM,1984-02,national
Namibia,NAM,1984-03,national
Namibia,NAM,1984-04,national
Namibia,NAM,1984-05,national
Namibia,NAM,1984-06,national
Namibia,NAM,1984-07,national
Namibia,NAM,1984-08,national
Namibia,NAM,1984-09,national
Namibia,NAM,1984-10,national
Namibia,NAM,1984-11,national
Namibia,NAM,1984-12,national
Namibia,NAM,1985-01,national
Namibia,NAM,1985-02,national
Namibia,NAM,1985-03,national
Namibia,NAM,1985-04,national
Namibia,NAM,1985-05,national
Namibia,NAM,1985-06,national
Namibia,NAM,1985-07,national
Namibia,NAM,1985-08,national
Namibia,NAM,1985-09,national
Namibia,NAM,1985-10,national
Namibia,NAM,1985-11,national
Namibia,NAM,1985-12,national
Namibia,NAM,1986-01,national
Namibia,NAM,1986-02,national
Namibia,NAM,1986-03,national
Namibia,NAM,1986-04,national
Namibia,NAM,1986-05,national
Namibia,NAM,1986-06,national
Namibia,NAM,1986-07,national
Namibia,NAM,1986-08,national
Namibia,NAM,1986-09,national
Namibia,NAM,1986-10,national
Namibia,NAM,1986-11,national
Namibia,NAM,1986-12,national
Namibia,NAM,1987-01,national
Namibia,NAM,1987-02,national
Namibia,NAM,1987-03,national
Namibia,NAM,1987-04,national
Namibia,NAM,1987-05,national
Namibia,NAM,1987-06,national
Namibia,NAM,1987-07,national
Namibia,NAM,1987-08,national
Namibia,NAM,1987-09,national
Namibia,NAM,1987-10,national
Namibia,NAM,1987-11,national
Namibia,NAM,1987-12,national
Namibia,NAM,1988-01,national
Namibia,NAM,1988-02,national
Namibia,NAM,1988-03,national
Namibia,NAM,1988-04,national
Namibia,NAM,1988-05,national
Namibia,NAM,1988-06,national
Namibia,NAM,1988-07,national
Namibia,NAM,1988-08,national
Namibia,NAM,1988-09,national
Namibia,NAM,1988-10,national
Namibia,NAM,1988-11,national
Namibia,NAM,1988-12,national
Namibia,NAM,1989-01,national
Namibia,NAM,1989-02,national
Namibia,NAM,1989-03,national
Namibia,NAM,1989-04,national
Namibia,NAM,1989-05,national
Namibia,NAM,1989-06,national
Namibia,NAM,1989-07,national
Namibia,NAM,1989-08,national
Namibia,NAM,1989-09,national
Namibia,NAM,1989-10,national
Namibia,NAM,1989-11,national
Namibia,NAM,1989-12,national
Namibia,NAM,1990-01,national
Namibia,NAM,1990-02,national
Namibia,NAM,1990-03,national
Namibia,NAM,1990-04,national
Namibia,NAM,1990-05,national
Namibia,NAM,1990-06,national
Namibia,NAM,1990-07,national
Namibia,NAM,1990-08,national
Namibia,NAM,1990-09,national
Namibia,NAM,1990-10,national
Namibia,NAM,1990-11,national
Namibia,NAM,1990-12,national
Namibia,NAM,1991-01,national
Namibia,NAM,1991-02,national
Namibia,NAM,1991-03,national
Namibia,NAM,1991-04,national
Namibia,NAM,1991-05,national
Namibia,NAM,1991-06,national
Namibia,NAM,1991-07,national
Namibia,NAM,1991-08,national
Namibia,NAM,1991-09,national
Namibia,NAM,1991-10,national
Namibia,NAM,1991-11,national
Namibia,NAM,1991-12,national
Namibia,NAM,1992-01,national
Namibia,NAM,1992-02,national
Namibia,NAM,1992-03,national
Namibia,NAM,1992-04,national
Namibia,NAM,1992-05,national
Namibia,NAM,1992-06,national
Namibia,NAM,1992-07,national
Namibia,NAM,1992-08,national
Namibia,NAM,1992-09,national
Namibia,NAM,1992-10,national
Namibia,NAM,1992-11,national
Namibia,NAM,1992-12,national
Namibia,NAM,1993-01,national
Namibia,NAM,1993-02,national
Namibia,NAM,1993-03,national
Namibia,NAM,1993-04,national
Namibia,NAM,1993-05,national
Namibia,NAM,1993-06,national
Namibia,NAM,1993-07,national
Namibia,NAM,1993-08,national
Namibia,NAM,1993-09,national
Namibia,NAM,1993-10,national
Namibia,NAM,1993-11,national
Namibia,NAM,1993-12,national
Namibia,NAM,1994-01,national
Namibia,NAM,1994-02,national
Namibia,NAM,1994-03,national
Namibia,NAM,1994-04,national
Namibia,NAM,1994-05,national
Namibia,NAM,1994-06,national
Namibia,NAM,1994-07,national
Namibia,NAM,1994-08,national
Namibia,NAM,1994-09,national
Namibia,NAM,1994-10,national
Namibia,NAM,1994-11,national
Namibia,NAM,1994-12,national
Namibia,NAM,1995-01,national
Namibia,NAM,1995-02,national
Namibia,NAM,1995-03,national
Namibia,NAM,1995-04,national
Namibia,NAM,1995-05,national
Namibia,NAM,1995-06,national
Namibia,NAM,1995-07,national
Namibia,NAM,1995-08,national
Namibia,NAM,1995-09,national
Namibia,NAM,1995-10,national
Namibia,NAM,1995-11,national
Namibia,NAM,1995-12,national
Namibia,NAM,1996-01,national
Namibia,NAM,1996-02,national
Namibia,NAM,1996-03,national
Namibia,NAM,1996-04,national
Namibia,NAM,1996-05,national
Namibia,NAM,1996-06,national
Namibia,NAM,1996-07,national
Namibia,NAM,1996-08,national
Namibia,NAM,1996-09,national
Namibia,NAM,1996-10,national
Namibia,NAM,1996-11,national
Namibia,NAM,1996-12,national
Namibia,NAM,1997-01,national
Namibia,NAM,1997-02,national
Namibia,NAM,1997-03,national
Namibia,NAM,1997-04,national
Namibia,NAM,1997-05,national
Namibia,NAM,1997-06,national
Namibia,NAM,1997-07,national
Namibia,NAM,1997-08,national
Namibia,NAM,1997-09,national
Namibia,NAM,1997-10,national
Namibia,NAM,1997-11,national
Namibia,NAM,1997-12,national
Namibia,NAM,1998-01,national
Namibia,NAM,1998-02,national
Namibia,NAM,1998-03,national
Namibia,NAM,1998-04,national
Namibia,NAM,1998-05,national
Namibia,NAM,1998-06,national
Namibia,NAM,1998-07,national
Namibia,NAM,1998-08,national
Namibia,NAM,1998-09,national
Namibia,NAM,1998-10,national
Namibia,NAM,1998-11,national
Namibia,NAM,1998-12,national
Namibia,NAM,1999-01,national
Namibia,NAM,1999-02,national
Namibia,NAM,1999-03,national
Namibia,NAM,1999-04,national
Namibia,NAM,1999-05,national
Namibia,NAM,1999-06,national
Namibia,NAM,1999-07,national
Namibia,NAM,1999-08,national
Namibia,NAM,1999-09,national
Namibia,NAM,1999-10,national
Namibia,NAM,1999-11,national
Namibia,NAM,1999-12,national
Namibia,NAM,2000-01,national
Namibia,NAM,2000-02,national
Namibia,NAM,2000-03,national
Namibia,NAM,2000-04,national
Namibia,NAM,2000-05,national
Namibia,NAM,2000-06,national
Namibia,NAM,2000-07,national
Namibia,NAM,2000-08,national
Namibia,NAM,2000-09,national
Namibia,NAM,2000-10,national
Namibia,NAM,2000-11,national
Namibia,NAM,2000-12,national
Namibia,NAM,2001-01,national
Namibia,NAM,2001-02,national
Namibia,NAM,2001-03,national
Namibia,NAM,2001-04,national
Namibia,NAM,2001-05,national
Namibia,NAM,2001-06,national
Namibia,NAM,2001-07,national
Namibia,NAM,2001-08,national
Namibia,NAM,2001-09,national
Namibia,NAM,2001-10,national
Namibia,NAM,2001-11,national
Namibia,NAM,2001-12,national
Namibia,NAM,2002-01,national
Namibia,NAM,2002-02,national
Namibia,NAM,2002-03,national
Namibia,NAM,2002-04,national
Namibia,NAM,2002-05,national
Namibia,NAM,2002-06,national
Namibia,NAM,2002-07,national
Namibia,NAM,2002-08,national
Namibia,NAM,2002-09,national
Namibia,NAM,2002-10,national
Namibia,NAM,2002-11,national
Namibia,NAM,2002-12,national
Namibia,NAM,2003-01,national
Namibia,NAM,2003-02,national
Namibia,NAM,2003-03,national
Namibia,NAM,2003-04,national
Namibia,NAM,2003-05,national
Namibia,NAM,2003-06,national
Namibia,NAM,2003-07,national
Namibia,NAM,2003-08,national
Namibia,NAM,2003-09,national
Namibia,NAM,2003-10,national
Namibia,NAM,2003-11,national
Namibia,NAM,2003-12,national
Namibia,NAM,2004-01,national
Namibia,NAM,2004-02,national
Namibia,NAM,2004-03,national
Namibia,NAM,2004-04,national
Namibia,NAM,2004-05,national
Namibia,NAM,2004-06,national
Namibia,NAM,2004-07,national
Namibia,NAM,2004-08,national
Namibia,NAM,2004-09,national
Namibia,NAM,2004-10,national
Namibia,NAM,2004-11,national
Namibia,NAM,2004-12,national
Namibia,NAM,2010-01,national
Namibia,NAM,2010-02,national
Namibia,NAM,2010-03,national
Namibia,NAM,2010-04,national
Namibia,NAM,2010-05,national
Namibia,NAM,2010-06,national
Namibia,NAM,2010-07,national
Namibia,NAM,2010-08,national
Namibia,NAM,2010-09,national
Namibia,NAM,2010-10,national
Namibia,NAM,2010-11,national
Namibia,NAM,2010-12,national
Namibia,NAM,2022-01,national
Namibia,NAM,2022-02,national
Namibia,NAM,2022-03,national
Namibia,NAM,2022-04,national
Namibia,NAM,2022-05,national
Namibia,NAM,2022-06,national
Namibia,NAM,2022-07,national
Namibia,NAM,2022-08,national
Namibia,NAM,2022-09,national
Namibia,NAM,2022-10,national
Namibia,NAM,2022-11,national
Namibia,NAM,2022-12,national
Namibia,NAM,2024-02,national
Namibia,NAM,2024-03,national
Namibia,NAM,2024-04,national
Namibia,NAM,2024-05,national
Namibia,NAM,2024-06,national
Namibia,NAM,2024-07,national
Namibia,NAM,2024-08,national
Namibia,NAM,2024-09,national
Namibia,NAM,2024-10,national
Namibia,NAM,2024-11,national
Namibia,NAM,2024-12,national
Namibia,NAM,2025-01,national
Namibia,NAM,2025-02,national
Namibia,NAM,2025-04,national
Namibia,NAM,2025-05,national
Namibia,NAM,2025-06,national
Namibia,NAM,2025-07,national
Namibia,NAM,2025-08,national
Niger,NER,1975-01,national
Niger,NER,1975-02,national
Niger,NER,1975-03,national
Niger,NER,1975-04,national
Niger,NER,1975-05,national
Niger,NER,1975-06,national
Niger,NER,1975-07,national
Niger,NER,1975-08,national
Niger,NER,1975-09,national
Niger,NER,1975-10,national
Niger,NER,1975-11,national
Niger,NER,1975-12,national
Niger,NER,1976-01,national
Niger,NER,1976-02,national
Niger,NER,1976-03,national
Niger,NER,1976-04,national
Niger,NER,1976-05,national
Niger,NER,1976-06,national
Niger,NER,1976-07,national
Niger,NER,1976-08,national
Niger,NER,1976-09,national
Niger,NER,1976-10,national
Niger,NER,1976-11,national
Niger,NER,1976-12,national
Niger,NER,1977-01,national
Niger,NER,1977-02,national
Niger,NER,1977-03,national
Niger,NER,1977-04,national
Niger,NER,1977-05,national
Niger,NER,1977-06,national
Niger,NER,1977-07,national
Niger,NER,1977-08,national
Niger,NER,1977-09,national
Niger,NER,1977-10,national
Niger,NER,1977-11,national
Niger,NER,1977-12,national
Niger,NER,1978-01,national
Niger,NER,1978-02,national
Niger,NER,1978-03,national
Niger,NER,1978-04,national
Niger,NER,1978-05,national
Niger,NER,1978-06,national
Niger,NER,1978-07,national
Niger,NER,1978-08,national
Niger,NER,1978-09,national
Niger,NER,1978-10,national
Niger,NER,1978-11,national
Niger,NER,1978-12,national
Niger,NER,1979-01,national
Niger,NER,1979-02,national
Niger,NER,1979-03,national
Niger,NER,1979-04,national
Niger,NER,1979-05,national
Niger,NER,1979-06,national
Niger,NER,1979-07,national
Niger,NER,1979-08,national
Niger,NER,1979-09,national
Niger,NER,1979-10,national
Niger,NER,1979-11,national
Niger,NER,1979-12,national
Niger,NER,1980-01,national
Niger,NER,1980-02,national
Niger,NER,1980-03,national
Niger,NER,1980-04,national
Niger,NER,1980-05,national
Niger,NER,1980-06,national
Niger,NER,1980-07,national
Niger,NER,1980-08,national
Niger,NER,1980-09,national
Niger,NER,1980-10,national
Niger,NER,1980-11,national
Niger,NER,1980-12,national
Niger,NER,1982-01,national
Niger,NER,1982-02,national
Niger,NER,1982-03,national
Niger,NER,1982-04,national
Niger,NER,1982-05,national
Niger,NER,1982-06,national
Niger,NER,1982-07,national
Niger,NER,1982-08,national
Niger,NER,1982-09,national
Niger,NER,1982-10,national
Niger,NER,1982-11,national
Niger,NER,1982-12,national
Niger,NER,1983-01,national
Niger,NER,1983-02,national
Niger,NER,1983-03,national
Niger,NER,1983-04,national
Niger,NER,1983-05,national
Niger,NER,1983-06,national
Niger,NER,1983-07,national
Niger,NER,1983-08,national
Niger,NER,1983-09,national
Niger,NER,1983-10,national
Niger,NER,1983-11,national
Niger,NER,1983-12,national
Niger,NER,1985-01,national
Niger,NER,1985-02,national
Niger,NER,1985-03,national
Niger,NER,1985-04,national
Niger,NER,1985-05,national
Niger,NER,1985-06,national
Niger,NER,1985-07,national
Niger,NER,1985-08,national
Niger,NER,1985-09,national
Niger,NER,1985-10,national
Niger,NER,1985-11,national
Niger,NER,1985-12,national
Niger,NER,1986-01,national
Niger,NER,1986-02,national
Niger,NER,1986-03,national
Niger,NER,1986-04,national
Niger,NER,1986-05,national
Niger,NER,1986-06,national
Niger,NER,1986-07,national
Niger,NER,1986-08,national
Niger,NER,1986-09,national
Niger,NER,1986-10,national
Niger,NER,1986-11,national
Niger,NER,1986-12,national
Niger,NER,1987-01,national
Niger,NER,1987-02,national
Niger,NER,1987-03,national
Niger,NER,1987-04,national
Niger,NER,1987-05,national
Niger,NER,1987-06,national
Niger,NER,1987-07,national
Niger,NER,1987-08,national
Niger,NER,1987-09,national
Niger,NER,1987-10,national
Niger,NER,1987-11,national
Niger,NER,1987-12,national
Niger,NER,1988-01,national
Niger,NER,1988-02,national
Niger,NER,1988-03,national
Niger,NER,1988-04,national
Niger,NER,1988-05,national
Niger,NER,1988-06,national
Niger,NER,1988-07,national
Niger,NER,1988-08,national
Niger,NER,1988-09,national
Niger,NER,1988-10,national
Niger,NER,1988-11,national
Niger,NER,1988-12,national
Niger,NER,1990-01,national
Niger,NER,1990-02,national
Niger,NER,1990-03,national
Niger,NER,1990-04,national
Niger,NER,1990-05,national
Niger,NER,1990-06,national
Niger,NER,1990-07,national
Niger,NER,1990-08,national
Niger,NER,1990-09,national
Niger,NER,1990-10,national
Niger,NER,1990-11,national
Niger,NER,1990-12,national
Niger,NER,1992-01,national
Niger,NER,1992-02,national
Niger,NER,1992-03,national
Niger,NER,1992-04,national
Niger,NER,1992-05,national
Niger,NER,1992-06,national
Niger,NER,1992-07,national
Niger,NER,1992-08,national
Niger,NER,1992-09,national
Niger,NER,1992-10,national
Niger,NER,1992-11,national
Niger,NER,1992-12,national
Niger,NER,1993-01,national
Niger,NER,1993-02,national
Niger,NER,1993-03,national
Niger,NER,1993-04,national
Niger,NER,1993-05,national
Niger,NER,1993-06,national
Niger,NER,1993-07,national
Niger,NER,1993-08,national
Niger,NER,1993-09,national
Niger,NER,1993-10,national
Niger,NER,1993-11,national
Niger,NER,1993-12,national
Niger,NER,1998-01,national
Niger,NER,1998-02,national
Niger,NER,1998-03,national
Niger,NER,1998-04,national
Niger,NER,1998-05,national
Niger,NER,1998-06,national
Niger,NER,1998-07,national
Niger,NER,1998-08,national
Niger,NER,1998-09,national
Niger,NER,1998-10,national
Niger,NER,1998-11,national
Niger,NER,1998-12,national
Niger,NER,2009-01,national
Niger,NER,2009-02,national
Niger,NER,2009-03,national
Niger,NER,2009-04,national
Niger,NER,2009-05,national
Niger,NER,2009-06,national
Niger,NER,2009-07,national
Niger,NER,2009-08,national
Niger,NER,2009-09,national
Niger,NER,2009-10,national
Niger,NER,2009-11,national
Niger,NER,2009-12,national
Niger,NER,2022-01,national
Niger,NER,2022-02,national
Niger,NER,2022-03,national
Niger,NER,2022-04,national
Niger,NER,2022-05,national
Niger,NER,2022-06,national
Niger,NER,2022-07,national
Niger,NER,2022-08,national
Niger,NER,2022-09,national
Niger,NER,2022-10,national
Niger,NER,2022-11,national
Niger,NER,2022-12,national
Niger,NER,2024-10,national
Niger,NER,2024-11,national
Niger,NER,2024-12,national
Niger,NER,2025-01,national
Niger,NER,2025-02,national
Niger,NER,2025-03,national
Niger,NER,2025-04,national
Niger,NER,2025-05,national
Niger,NER,2025-06,national
Niger,NER,2025-07,national
Niger,NER,2025-08,national
Nigeria,NGA,1974-01,national
Nigeria,NGA,1974-02,national
Nigeria,NGA,1974-03,national
Nigeria,NGA,1974-04,national
Nigeria,NGA,1974-05,national
Nigeria,NGA,1974-06,national
Nigeria,NGA,1974-07,national
Nigeria,NGA,1974-08,national
Nigeria,NGA,1974-09,national
Nigeria,NGA,1974-10,national
Nigeria,NGA,1974-11,national
Nigeria,NGA,1974-12,national
Nigeria,NGA,1990-01,national
Nigeria,NGA,1990-02,national
Nigeria,NGA,1990-03,national
Nigeria,NGA,1990-04,national
Nigeria,NGA,1990-05,national
Nigeria,NGA,1990-06,national
Nigeria,NGA,1990-07,national
Nigeria,NGA,1990-08,national
Nigeria,NGA,1990-09,national
Nigeria,NGA,1990-10,national
Nigeria,NGA,1990-11,national
Nigeria,NGA,1990-12,national
Nigeria,NGA,2025-06,national
Nigeria,NGA,2025-07,national
Nigeria,NGA,2025-08,national
Rwanda,RWA,1970-01,national
Rwanda,RWA,1970-02,national
Rwanda,RWA,1970-03,national
Rwanda,RWA,1970-04,national
Rwanda,RWA,1970-05,national
Rwanda,RWA,1970-06,national
Rwanda,RWA,1970-07,national
Rwanda,RWA,1970-08,national
Rwanda,RWA,1970-09,national
Rwanda,RWA,1970-10,national
Rwanda,RWA,1970-11,national
Rwanda,RWA,1970-12,national
Rwanda,RWA,1971-01,national
Rwanda,RWA,1971-02,national
Rwanda,RWA,1971-03,national
Rwanda,RWA,1971-04,national
Rwanda,RWA,1971-05,national
Rwanda,RWA,1971-06,national
Rwanda,RWA,1971-07,national
Rwanda,RWA,1971-08,national
Rwanda,RWA,1971-09,national
Rwanda,RWA,1971-10,national
Rwanda,RWA,1971-11,national
Rwanda,RWA,1971-12,national
Rwanda,RWA,1972-01,national
Rwanda,RWA,1972-02,national
Rwanda,RWA,1972-03,national
Rwanda,RWA,1972-04,national
Rwanda,RWA,1972-05,national
Rwanda,RWA,1972-06,national
Rwanda,RWA,1972-07,national
Rwanda,RWA,1972-08,national
Rwanda,RWA,1972-09,national
Rwanda,RWA,1972-10,national
Rwanda,RWA,1972-11,national
Rwanda,RWA,1972-12,national
Rwanda,RWA,1973-01,national
Rwanda,RWA,1973-02,national
Rwanda,RWA,1973-03,national
Rwanda,RWA,1973-04,national
Rwanda,RWA,1973-05,national
Rwanda,RWA,1973-06,national
Rwanda,RWA,1973-07,national
Rwanda,RWA,1973-08,national
Rwanda,RWA,1973-09,national
Rwanda,RWA,1973-10,national
Rwanda,RWA,1973-11,national
Rwanda,RWA,1973-12,national
Rwanda,RWA,1974-01,national
Rwanda,RWA,1974-02,national
Rwanda,RWA,1974-03,national
Rwanda,RWA,1974-04,national
Rwanda,RWA,1974-05,national
Rwanda,RWA,1974-06,national
Rwanda,RWA,1974-07,national
Rwanda,RWA,1974-08,national
Rwanda,RWA,1974-09,national
Rwanda,RWA,1974-10,national
Rwanda,RWA,1974-11,national
Rwanda,RWA,1974-12,national
Rwanda,RWA,1975-01,national
Rwanda,RWA,1975-02,national
Rwanda,RWA,1975-03,national
Rwanda,RWA,1975-04,national
Rwanda,RWA,1975-05,national
Rwanda,RWA,1975-06,national
Rwanda,RWA,1975-07,national
Rwanda,RWA,1975-08,national
Rwanda,RWA,1975-09,national
Rwanda,RWA,1975-10,national
Rwanda,RWA,1975-11,national
Rwanda,RWA,1975-12,national
Rwanda,RWA,1976-01,national
Rwanda,RWA,1976-02,national
Rwanda,RWA,1976-03,national
Rwanda,RWA,1976-04,national
Rwanda,RWA,1976-05,national
Rwanda,RWA,1976-06,national
Rwanda,RWA,1976-07,national
Rwanda,RWA,1976-08,national
Rwanda,RWA,1976-09,national
Rwanda,RWA,1976-10,national
Rwanda,RWA,1976-11,national
Rwanda,RWA,1976-12,national
Rwanda,RWA,1977-01,national
Rwanda,RWA,1977-02,national
Rwanda,RWA,1977-03,national
Rwanda,RWA,1977-04,national
Rwanda,RWA,1977-05,national
Rwanda,RWA,1977-06,national
Rwanda,RWA,1977-07,national
Rwanda,RWA,1977-08,national
Rwanda,RWA,1977-09,national
Rwanda,RWA,1977-10,national
Rwanda,RWA,1977-11,national
Rwanda,RWA,1977-12,national
Rwanda,RWA,1978-01,national
Rwanda,RWA,1978-02,national
Rwanda,RWA,1978-03,national
Rwanda,RWA,1978-04,national
Rwanda,RWA,1978-05,national
Rwanda,RWA,1978-06,national
Rwanda,RWA,1978-07,national
Rwanda,RWA,1978-08,national
Rwanda,RWA,1978-09,national
Rwanda,RWA,1978-10,national
Rwanda,RWA,1978-11,national
Rwanda,RWA,1978-12,national
Rwanda,RWA,1979-01,national
Rwanda,RWA,1979-02,national
Rwanda,RWA,1979-03,national
Rwanda,RWA,1979-04,national
Rwanda,RWA,1979-05,national
Rwanda,RWA,1979-06,national
Rwanda,RWA,1979-07,national
Rwanda,RWA,1979-08,national
Rwanda,RWA,1979-09,national
Rwanda,RWA,1979-10,national
Rwanda,RWA,1979-11,national
Rwanda,RWA,1979-12,national
Rwanda,RWA,1980-01,national
Rwanda,RWA,1980-02,national
Rwanda,RWA,1980-03,national
Rwanda,RWA,1980-04,national
Rwanda,RWA,1980-05,national
Rwanda,RWA,1980-06,national
Rwanda,RWA,1980-07,national
Rwanda,RWA,1980-08,national
Rwanda,RWA,1980-09,national
Rwanda,RWA,1980-10,national
Rwanda,RWA,1980-11,national
Rwanda,RWA,1980-12,national
Rwanda,RWA,1981-01,national
Rwanda,RWA,1981-02,national
Rwanda,RWA,1981-03,national
Rwanda,RWA,1981-04,national
Rwanda,RWA,1981-05,national
Rwanda,RWA,1981-06,national
Rwanda,RWA,1981-07,national
Rwanda,RWA,1981-08,national
Rwanda,RWA,1981-09,national
Rwanda,RWA,1981-10,national
Rwanda,RWA,1981-11,national
Rwanda,RWA,1981-12,national
Rwanda,RWA,1982-01,national
Rwanda,RWA,1982-02,national
Rwanda,RWA,1982-03,national
Rwanda,RWA,1982-04,national
Rwanda,RWA,1982-05,national
Rwanda,RWA,1982-06,national
Rwanda,RWA,1982-07,national
Rwanda,RWA,1982-08,national
Rwanda,RWA,1982-09,national
Rwanda,RWA,1982-10,national
Rwanda,RWA,1982-11,national
Rwanda,RWA,1982-12,national
Rwanda,RWA,1983-01,national
Rwanda,RWA,1983-02,national
Rwanda,RWA,1983-03,national
Rwanda,RWA,1983-04,national
Rwanda,RWA,1983-05,national
Rwanda,RWA,1983-06,national
Rwanda,RWA,1983-07,national
Rwanda,RWA,1983-08,national
Rwanda,RWA,1983-09,national
Rwanda,RWA,1983-10,national
Rwanda,RWA,1983-11,national
Rwanda,RWA,1983-12,national
Rwanda,RWA,1984-01,national
Rwanda,RWA,1984-02,national
Rwanda,RWA,1984-03,national
Rwanda,RWA,1984-04,national
Rwanda,RWA,1984-05,national
Rwanda,RWA,1984-06,national
Rwanda,RWA,1984-07,national
Rwanda,RWA,1984-08,national
Rwanda,RWA,1984-09,national
Rwanda,RWA,1984-10,national
Rwanda,RWA,1984-11,national
Rwanda,RWA,1984-12,national
Rwanda,RWA,1985-01,national
Rwanda,RWA,1985-02,national
Rwanda,RWA,1985-03,national
Rwanda,RWA,1985-04,national
Rwanda,RWA,1985-05,national
Rwanda,RWA,1985-06,national
Rwanda,RWA,1985-07,national
Rwanda,RWA,1985-08,national
Rwanda,RWA,1985-09,national
Rwanda,RWA,1985-10,national
Rwanda,RWA,1985-11,national
Rwanda,RWA,1985-12,national
Rwanda,RWA,1986-01,national
Rwanda,RWA,1986-02,national
Rwanda,RWA,1986-03,national
Rwanda,RWA,1986-04,national
Rwanda,RWA,1986-05,national
Rwanda,RWA,1986-06,national
Rwanda,RWA,1986-07,national
Rwanda,RWA,1986-08,national
Rwanda,RWA,1986-09,national
Rwanda,RWA,1986-10,national
Rwanda,RWA,1986-11,national
Rwanda,RWA,1986-12,national
Rwanda,RWA,1987-01,national
Rwanda,RWA,1987-02,national
Rwanda,RWA,1987-03,national
Rwanda,RWA,1987-04,national
Rwanda,RWA,1987-05,national
Rwanda,RWA,1987-06,national
Rwanda,RWA,1987-07,national
Rwanda,RWA,1987-08,national
Rwanda,RWA,1987-09,national
Rwanda,RWA,1987-10,national
Rwanda,RWA,1987-11,national
Rwanda,RWA,1987-12,national
Rwanda,RWA,1988-01,national
Rwanda,RWA,1988-02,national
Rwanda,RWA,1988-03,national
Rwanda,RWA,1988-04,national
Rwanda,RWA,1988-05,national
Rwanda,RWA,1988-06,national
Rwanda,RWA,1988-07,national
Rwanda,RWA,1988-08,national
Rwanda,RWA,1988-09,national
Rwanda,RWA,1988-10,national
Rwanda,RWA,1988-11,national
Rwanda,RWA,1988-12,national
Rwanda,RWA,1989-01,national
Rwanda,RWA,1989-02,national
Rwanda,RWA,1989-03,national
Rwanda,RWA,1989-04,national
Rwanda,RWA,1989-05,national
Rwanda,RWA,1989-06,national
Rwanda,RWA,1989-07,national
Rwanda,RWA,1989-08,national
Rwanda,RWA,1989-09,national
Rwanda,RWA,1989-10,national
Rwanda,RWA,1989-11,national
Rwanda,RWA,1989-12,national
Rwanda,RWA,1990-01,national
Rwanda,RWA,1990-02,national
Rwanda,RWA,1990-03,national
Rwanda,RWA,1990-04,national
Rwanda,RWA,1990-05,national
Rwanda,RWA,1990-06,national
Rwanda,RWA,1990-07,national
Rwanda,RWA,1990-08,national
Rwanda,RWA,1990-09,national
Rwanda,RWA,1990-10,national
Rwanda,RWA,1990-11,national
Rwanda,RWA,1990-12,national
Rwanda,RWA,1991-01,national
Rwanda,RWA,1991-02,national
Rwanda,RWA,1991-03,national
Rwanda,RWA,1991-04,national
Rwanda,RWA,1991-05,national
Rwanda,RWA,1991-06,national
Rwanda,RWA,1991-07,national
Rwanda,RWA,1991-08,national
Rwanda,RWA,1991-09,national
Rwanda,RWA,1991-10,national
Rwanda,RWA,1991-11,national
Rwanda,RWA,1991-12,national
Rwanda,RWA,1992-01,national
Rwanda,RWA,1992-02,national
Rwanda,RWA,1992-03,national
Rwanda,RWA,1992-04,national
Rwanda,RWA,1992-05,national
Rwanda,RWA,1992-06,national
Rwanda,RWA,1992-07,national
Rwanda,RWA,1992-08,national
Rwanda,RWA,1992-09,national
Rwanda,RWA,1992-10,national
Rwanda,RWA,1992-11,national
Rwanda,RWA,1992-12,national
Rwanda,RWA,1993-01,national
Rwanda,RWA,1993-02,national
Rwanda,RWA,1993-03,national
Rwanda,RWA,1993-04,national
Rwanda,RWA,1993-05,national
Rwanda,RWA,1993-06,national
Rwanda,RWA,1993-07,national
Rwanda,RWA,1993-08,national
Rwanda,RWA,1993-09,national
Rwanda,RWA,1993-10,national
Rwanda,RWA,1993-11,national
Rwanda,RWA,1993-12,national
Rwanda,RWA,1994-01,national
Rwanda,RWA,1994-02,national
Rwanda,RWA,1994-03,national
Rwanda,RWA,1994-04,national
Rwanda,RWA,1994-05,national
Rwanda,RWA,1994-06,national
Rwanda,RWA,1994-07,national
Rwanda,RWA,1994-08,national
Rwanda,RWA,1994-09,national
Rwanda,RWA,1994-10,national
Rwanda,RWA,1994-11,national
Rwanda,RWA,1994-12,national
Rwanda,RWA,1995-01,national
Rwanda,RWA,1995-02,national
Rwanda,RWA,1995-03,national
Rwanda,RWA,1995-04,national
Rwanda,RWA,1995-05,national
Rwanda,RWA,1995-06,national
Rwanda,RWA,1995-07,national
Rwanda,RWA,1995-08,national
Rwanda,RWA,1995-09,national
Rwanda,RWA,1995-10,national
Rwanda,RWA,1995-11,national
Rwanda,RWA,1995-12,national
Rwanda,RWA,1996-01,national
Rwanda,RWA,1996-02,national
Rwanda,RWA,1996-03,national
Rwanda,RWA,1996-04,national
Rwanda,RWA,1996-05,national
Rwanda,RWA,1996-06,national
Rwanda,RWA,1996-07,national
Rwanda,RWA,1996-08,national
Rwanda,RWA,1996-09,national
Rwanda,RWA,1996-10,national
Rwanda,RWA,1996-11,national
Rwanda,RWA,1996-12,national
Rwanda,RWA,1997-01,national
Rwanda,RWA,1997-02,national
Rwanda,RWA,1997-03,national
Rwanda,RWA,1997-04,national
Rwanda,RWA,1997-05,national
Rwanda,RWA,1997-06,national
Rwanda,RWA,1997-07,national
Rwanda,RWA,1997-08,national
Rwanda,RWA,1997-09,national
Rwanda,RWA,1997-10,national
Rwanda,RWA,1997-11,national
Rwanda,RWA,1997-12,national
Rwanda,RWA,1998-01,national
Rwanda,RWA,1998-02,national
Rwanda,RWA,1998-03,national
Rwanda,RWA,1998-04,national
Rwanda,RWA,1998-05,national
Rwanda,RWA,1998-06,national
Rwanda,RWA,1998-07,national
Rwanda,RWA,1998-08,national
Rwanda,RWA,1998-09,national
Rwanda,RWA,1998-10,national
Rwanda,RWA,1998-11,national
Rwanda,RWA,1998-12,national
Rwanda,RWA,1999-01,national
Rwanda,RWA,1999-02,national
Rwanda,RWA,1999-03,national
Rwanda,RWA,1999-04,national
Rwanda,RWA,1999-05,national
Rwanda,RWA,1999-06,national
Rwanda,RWA,1999-07,national
Rwanda,RWA,1999-08,national
Rwanda,RWA,1999-09,national
Rwanda,RWA,1999-10,national
Rwanda,RWA,1999-11,national
Rwanda,RWA,1999-12,national
Rwanda,RWA,2000-01,national
Rwanda,RWA,2000-02,national
Rwanda,RWA,2000-03,national
Rwanda,RWA,2000-04,national
Rwanda,RWA,2000-05,national
Rwanda,RWA,2000-06,national
Rwanda,RWA,2000-07,national
Rwanda,RWA,2000-08,national
Rwanda,RWA,2000-09,national
Rwanda,RWA,2000-10,national
Rwanda,RWA,2000-11,national
Rwanda,RWA,2000-12,national
Rwanda,RWA,2001-01,national
Rwanda,RWA,2001-02,national
Rwanda,RWA,2001-03,national
Rwanda,RWA,2001-04,national
Rwanda,RWA,2001-05,national
Rwanda,RWA,2001-06,national
Rwanda,RWA,2001-07,national
Rwanda,RWA,2001-08,national
Rwanda,RWA,2001-09,national
Rwanda,RWA,2001-10,national
Rwanda,RWA,2001-11,national
Rwanda,RWA,2001-12,national
Rwanda,RWA,2002-01,national
Rwanda,RWA,2002-02,national
Rwanda,RWA,2002-03,national
Rwanda,RWA,2002-04,national
Rwanda,RWA,2002-05,national
Rwanda,RWA,2002-06,national
Rwanda,RWA,2002-07,national
Rwanda,RWA,2002-08,national
Rwanda,RWA,2002-09,national
Rwanda,RWA,2002-10,national
Rwanda,RWA,2002-11,national
Rwanda,RWA,2002-12,national
Rwanda,RWA,2003-01,national
Rwanda,RWA,2003-02,national
Rwanda,RWA,2003-03,national
Rwanda,RWA,2003-04,national
Rwanda,RWA,2003-05,national
Rwanda,RWA,2003-06,national
Rwanda,RWA,2003-07,national
Rwanda,RWA,2003-08,national
Rwanda,RWA,2003-09,national
Rwanda,RWA,2003-10,national
Rwanda,RWA,2003-11,national
Rwanda,RWA,2003-12,national
Rwanda,RWA,2004-01,national
Rwanda,RWA,2004-02,national
Rwanda,RWA,2004-03,national
Rwanda,RWA,2004-04,national
Rwanda,RWA,2004-05,national
Rwanda,RWA,2004-06,national
Rwanda,RWA,2004-07,national
Rwanda,RWA,2004-08,national
Rwanda,RWA,2004-09,national
Rwanda,RWA,2004-10,national
Rwanda,RWA,2004-11,national
Rwanda,RWA,2004-12,national
Rwanda,RWA,2005-01,national
Rwanda,RWA,2005-02,national
Rwanda,RWA,2005-03,national
Rwanda,RWA,2005-04,national
Rwanda,RWA,2005-05,national
Rwanda,RWA,2005-06,national
Rwanda,RWA,2005-07,national
Rwanda,RWA,2005-08,national
Rwanda,RWA,2005-09,national
Rwanda,RWA,2005-10,national
Rwanda,RWA,2005-11,national
Rwanda,RWA,2005-12,national
Rwanda,RWA,2006-01,national
Rwanda,RWA,2006-02,national
Rwanda,RWA,2006-03,national
Rwanda,RWA,2006-04,national
Rwanda,RWA,2006-05,national
Rwanda,RWA,2006-06,national
Rwanda,RWA,2006-07,national
Rwanda,RWA,2006-08,national
Rwanda,RWA,2006-09,national
Rwanda,RWA,2006-10,national
Rwanda,RWA,2006-11,national
Rwanda,RWA,2006-12,national
Rwanda,RWA,2007-01,national
Rwanda,RWA,2007-02,national
Rwanda,RWA,2007-03,national
Rwanda,RWA,2007-04,national
Rwanda,RWA,2007-05,national
Rwanda,RWA,2007-06,national
Rwanda,RWA,2007-07,national
Rwanda,RWA,2007-08,national
Rwanda,RWA,2007-09,national
Rwanda,RWA,2007-10,national
Rwanda,RWA,2007-11,national
Rwanda,RWA,2007-12,national
Rwanda,RWA,2008-01,national
Rwanda,RWA,2008-02,national
Rwanda,RWA,2008-03,national
Rwanda,RWA,2008-04,national
Rwanda,RWA,2008-05,national
Rwanda,RWA,2008-06,national
Rwanda,RWA,2008-07,national
Rwanda,RWA,2008-08,national
Rwanda,RWA,2008-09,national
Rwanda,RWA,2008-10,national
Rwanda,RWA,2008-11,national
Rwanda,RWA,2008-12,national
Rwanda,RWA,2009-01,national
Rwanda,RWA,2009-02,national
Rwanda,RWA,2009-03,national
Rwanda,RWA,2009-04,national
Rwanda,RWA,2009-05,national
Rwanda,RWA,2009-06,national
Rwanda,RWA,2009-07,national
Rwanda,RWA,2009-08,national
Rwanda,RWA,2009-09,national
Rwanda,RWA,2009-10,national
Rwanda,RWA,2009-11,national
Rwanda,RWA,2009-12,national
Rwanda,RWA,2010-01,national
Rwanda,RWA,2010-02,national
Rwanda,RWA,2010-03,national
Rwanda,RWA,2010-04,national
Rwanda,RWA,2010-05,national
Rwanda,RWA,2010-06,national
Rwanda,RWA,2010-07,national
Rwanda,RWA,2010-08,national
Rwanda,RWA,2010-09,national
Rwanda,RWA,2010-10,national
Rwanda,RWA,2010-11,national
Rwanda,RWA,2010-12,national
Rwanda,RWA,2011-01,national
Rwanda,RWA,2011-02,national
Rwanda,RWA,2011-03,national
Rwanda,RWA,2011-04,national
Rwanda,RWA,2011-05,national
Rwanda,RWA,2011-06,national
Rwanda,RWA,2011-07,national
Rwanda,RWA,2011-08,national
Rwanda,RWA,2011-09,national
Rwanda,RWA,2011-10,national
Rwanda,RWA,2011-11,national
Rwanda,RWA,2011-12,national
Rwanda,RWA,2012-01,national
Rwanda,RWA,2012-02,national
Rwanda,RWA,2012-03,national
Rwanda,RWA,2012-04,national
Rwanda,RWA,2012-05,national
Rwanda,RWA,2012-06,national
Rwanda,RWA,2012-07,national
Rwanda,RWA,2012-08,national
Rwanda,RWA,2012-09,national
Rwanda,RWA,2012-10,national
Rwanda,RWA,2012-11,national
Rwanda,RWA,2012-12,national
Rwanda,RWA,2013-01,national
Rwanda,RWA,2013-02,national
Rwanda,RWA,2013-03,national
Rwanda,RWA,2013-04,national
Rwanda,RWA,2013-05,national
Rwanda,RWA,2013-06,national
Rwanda,RWA,2013-07,national
Rwanda,RWA,2013-08,national
Rwanda,RWA,2013-09,national
Rwanda,RWA,2013-10,national
Rwanda,RWA,2013-11,national
Rwanda,RWA,2013-12,national
Rwanda,RWA,2014-01,national
Rwanda,RWA,2014-02,national
Rwanda,RWA,2014-03,national
Rwanda,RWA,2014-04,national
Rwanda,RWA,2014-05,national
Rwanda,RWA,2014-06,national
Rwanda,RWA,2014-07,national
Rwanda,RWA,2014-08,national
Rwanda,RWA,2014-09,national
Rwanda,RWA,2014-10,national
Rwanda,RWA,2014-11,national
Rwanda,RWA,2014-12,national
Rwanda,RWA,2015-01,national
Rwanda,RWA,2015-02,national
Rwanda,RWA,2015-03,national
Rwanda,RWA,2015-04,national
Rwanda,RWA,2015-05,national
Rwanda,RWA,2015-06,national
Rwanda,RWA,2015-07,national
Rwanda,RWA,2015-08,national
Rwanda,RWA,2015-09,national
Rwanda,RWA,2015-10,national
Rwanda,RWA,2015-11,national
Rwanda,RWA,2015-12,national
Rwanda,RWA,2016-01,national
Rwanda,RWA,2016-02,national
Rwanda,RWA,2016-03,national
Rwanda,RWA,2016-04,national
Rwanda,RWA,2016-05,national
Rwanda,RWA,2016-06,national
Rwanda,RWA,2016-07,national
Rwanda,RWA,2016-08,national
Rwanda,RWA,2016-09,national
Rwanda,RWA,2016-10,national
Rwanda,RWA,2016-11,national
Rwanda,RWA,2016-12,national
Rwanda,RWA,2017-01,national
Rwanda,RWA,2017-02,national
Rwanda,RWA,2017-03,national
Rwanda,RWA,2017-04,national
Rwanda,RWA,2017-05,national
Rwanda,RWA,2017-06,national
Rwanda,RWA,2017-07,national
Rwanda,RWA,2017-08,national
Rwanda,RWA,2017-09,national
Rwanda,RWA,2017-10,national
Rwanda,RWA,2017-11,national
Rwanda,RWA,2017-12,national
Rwanda,RWA,2018-01,national
Rwanda,RWA,2018-02,national
Rwanda,RWA,2018-03,national
Rwanda,RWA,2018-04,national
Rwanda,RWA,2018-05,national
Rwanda,RWA,2018-06,national
Rwanda,RWA,2018-07,national
Rwanda,RWA,2018-08,national
Rwanda,RWA,2018-09,national
Rwanda,RWA,2018-10,national
Rwanda,RWA,2018-11,national
Rwanda,RWA,2018-12,national
Rwanda,RWA,2019-01,national
Rwanda,RWA,2019-02,national
Rwanda,RWA,2019-03,national
Rwanda,RWA,2019-04,national
Rwanda,RWA,2019-05,national
Rwanda,RWA,2019-06,national
Rwanda,RWA,2019-07,national
Rwanda,RWA,2019-08,national
Rwanda,RWA,2019-09,national
Rwanda,RWA,2019-10,national
Rwanda,RWA,2019-11,national
Rwanda,RWA,2019-12,national
Rwanda,RWA,2020-01,national
Rwanda,RWA,2020-02,national
Rwanda,RWA,2020-03,national
Rwanda,RWA,2020-04,national
Rwanda,RWA,2020-05,national
Rwanda,RWA,2020-06,national
Rwanda,RWA,2020-07,national
Rwanda,RWA,2020-08,national
Rwanda,RWA,2020-09,national
Rwanda,RWA,2020-10,national
Rwanda,RWA,2020-11,national
Rwanda,RWA,2020-12,national
Rwanda,RWA,2021-01,national
Rwanda,RWA,2021-02,national
Rwanda,RWA,2021-03,national
Rwanda,RWA,2021-04,national
Rwanda,RWA,2021-05,national
Rwanda,RWA,2021-06,national
Rwanda,RWA,2021-07,national
Rwanda,RWA,2021-08,national
Rwanda,RWA,2021-09,national
Rwanda,RWA,2021-10,national
Rwanda,RWA,2021-11,national
Rwanda,RWA,2021-12,national
Rwanda,RWA,2022-01,national
Rwanda,RWA,2022-02,national
Rwanda,RWA,2022-03,national
Rwanda,RWA,2022-04,national
Rwanda,RWA,2022-05,national
Rwanda,RWA,2022-06,national
Rwanda,RWA,2022-07,national
Rwanda,RWA,2022-08,national
Rwanda,RWA,2022-09,national
Rwanda,RWA,2022-10,national
Rwanda,RWA,2022-11,national
Rwanda,RWA,2022-12,national
Rwanda,RWA,2023-01,national
Rwanda,RWA,2023-02,national
Rwanda,RWA,2023-03,national
Rwanda,RWA,2023-04,national
Rwanda,RWA,2023-05,national
Rwanda,RWA,2023-06,national
Rwanda,RWA,2023-07,national
Rwanda,RWA,2023-08,national
Rwanda,RWA,2023-09,national
Rwanda,RWA,2023-10,national
Rwanda,RWA,2023-11,national
Rwanda,RWA,2023-12,national
Rwanda,RWA,2024-01,national
Rwanda,RWA,2024-02,national
Rwanda,RWA,2024-03,national
Rwanda,RWA,2024-04,national
Rwanda,RWA,2024-05,national
Rwanda,RWA,2024-06,national
Rwanda,RWA,2024-07,national
Rwanda,RWA,2024-08,national
Rwanda,RWA,2024-09,national
Rwanda,RWA,2024-10,national
Rwanda,RWA,2024-11,national
Rwanda,RWA,2024-12,national
Rwanda,RWA,2025-01,national
Rwanda,RWA,2025-02,national
Rwanda,RWA,2025-03,national
Rwanda,RWA,2025-04,national
Rwanda,RWA,2025-05,national
Rwanda,RWA,2025-06,national
Rwanda,RWA,2025-07,national
Rwanda,RWA,2025-08,national
Senegal,SEN,1970-01,national
Senegal,SEN,1970-02,national
Senegal,SEN,1970-03,national
Senegal,SEN,1970-04,national
Senegal,SEN,1970-05,national
Senegal,SEN,1970-06,national
Senegal,SEN,1970-07,national
Senegal,SEN,1970-08,national
Senegal,SEN,1970-09,national
Senegal,SEN,1970-10,national
Senegal,SEN,1970-11,national
Senegal,SEN,1970-12,national
Senegal,SEN,1971-01,national
Senegal,SEN,1971-02,national
Senegal,SEN,1971-03,national
Senegal,SEN,1971-04,national
Senegal,SEN,1971-05,national
Senegal,SEN,1971-06,national
Senegal,SEN,1971-07,national
Senegal,SEN,1971-08,national
Senegal,SEN,1971-09,national
Senegal,SEN,1971-10,national
Senegal,SEN,1971-11,national
Senegal,SEN,1971-12,national
Senegal,SEN,1972-01,national
Senegal,SEN,1972-02,national
Senegal,SEN,1972-03,national
Senegal,SEN,1972-04,national
Senegal,SEN,1972-05,national
Senegal,SEN,1972-06,national
Senegal,SEN,1972-07,national
Senegal,SEN,1972-08,national
Senegal,SEN,1972-09,national
Senegal,SEN,1972-10,national
Senegal,SEN,1972-11,national
Senegal,SEN,1972-12,national
Senegal,SEN,1973-01,national
Senegal,SEN,1973-02,national
Senegal,SEN,1973-03,national
Senegal,SEN,1973-04,national
Senegal,SEN,1973-05,national
Senegal,SEN,1973-06,national
Senegal,SEN,1973-07,national
Senegal,SEN,1973-08,national
Senegal,SEN,1973-09,national
Senegal,SEN,1973-10,national
Senegal,SEN,1973-11,national
Senegal,SEN,1973-12,national
Senegal,SEN,1974-01,national
Senegal,SEN,1974-02,national
Senegal,SEN,1974-03,national
Senegal,SEN,1974-04,national
Senegal,SEN,1974-05,national
Senegal,SEN,1974-06,national
Senegal,SEN,1974-07,national
Senegal,SEN,1974-08,national
Senegal,SEN,1974-09,national
Senegal,SEN,1974-10,national
Senegal,SEN,1974-11,national
Senegal,SEN,1974-12,national
Senegal,SEN,1975-01,national
Senegal,SEN,1975-02,national
Senegal,SEN,1975-03,national
Senegal,SEN,1975-04,national
Senegal,SEN,1975-05,national
Senegal,SEN,1975-06,national
Senegal,SEN,1975-07,national
Senegal,SEN,1975-08,national
Senegal,SEN,1975-09,national
Senegal,SEN,1975-10,national
Senegal,SEN,1975-11,national
Senegal,SEN,1975-12,national
Senegal,SEN,1976-01,national
Senegal,SEN,1976-02,national
Senegal,SEN,1976-03,national
Senegal,SEN,1976-04,national
Senegal,SEN,1976-05,national
Senegal,SEN,1976-06,national
Senegal,SEN,1976-07,national
Senegal,SEN,1976-08,national
Senegal,SEN,1976-09,national
Senegal,SEN,1976-10,national
Senegal,SEN,1976-11,national
Senegal,SEN,1976-12,national
Senegal,SEN,1977-01,national
Senegal,SEN,1977-02,national
Senegal,SEN,1977-03,national
Senegal,SEN,1977-04,national
Senegal,SEN,1977-05,national
Senegal,SEN,1977-06,national
Senegal,SEN,1977-07,national
Senegal,SEN,1977-08,national
Senegal,SEN,1977-09,national
Senegal,SEN,1977-10,national
Senegal,SEN,1977-11,national
Senegal,SEN,1977-12,national
Senegal,SEN,1978-01,national
Senegal,SEN,1978-02,national
Senegal,SEN,1978-03,national
Senegal,SEN,1978-04,national
Senegal,SEN,1978-05,national
Senegal,SEN,1978-06,national
Senegal,SEN,1978-07,national
Senegal,SEN,1978-08,national
Senegal,SEN,1978-09,national
Senegal,SEN,1978-10,national
Senegal,SEN,1978-11,national
Senegal,SEN,1978-12,national
Senegal,SEN,1979-01,national
Senegal,SEN,1979-02,national
Senegal,SEN,1979-03,national
Senegal,SEN,1979-04,national
Senegal,SEN,1979-05,national
Senegal,SEN,1979-06,national
Senegal,SEN,1979-07,national
Senegal,SEN,1979-08,national
Senegal,SEN,1979-09,national
Senegal,SEN,1979-10,national
Senegal,SEN,1979-11,national
Senegal,SEN,1979-12,national
Senegal,SEN,1980-01,national
Senegal,SEN,1980-02,national
Senegal,SEN,1980-03,national
Senegal,SEN,1980-04,national
Senegal,SEN,1980-05,national
Senegal,SEN,1980-06,national
Senegal,SEN,1980-07,national
Senegal,SEN,1980-08,national
Senegal,SEN,1980-09,national
Senegal,SEN,1980-10,national
Senegal,SEN,1980-11,national
Senegal,SEN,1980-12,national
Senegal,SEN,1981-01,national
Senegal,SEN,1981-02,national
Senegal,SEN,1981-03,national
Senegal,SEN,1981-04,national
Senegal,SEN,1981-05,national
Senegal,SEN,1981-06,national
Senegal,SEN,1981-07,national
Senegal,SEN,1981-08,national
Senegal,SEN,1981-09,national
Senegal,SEN,1981-10,national
Senegal,SEN,1981-11,national
Senegal,SEN,1981-12,national
Senegal,SEN,1982-01,national
Senegal,SEN,1982-02,national
Senegal,SEN,1982-03,national
Senegal,SEN,1982-04,national
Senegal,SEN,1982-05,national
Senegal,SEN,1982-06,national
Senegal,SEN,1982-07,national
Senegal,SEN,1982-08,national
Senegal,SEN,1982-09,national
Senegal,SEN,1982-10,national
Senegal,SEN,1982-11,national
Senegal,SEN,1982-12,national
Senegal,SEN,1983-01,national
Senegal,SEN,1983-02,national
Senegal,SEN,1983-03,national
Senegal,SEN,1983-04,national
Senegal,SEN,1983-05,national
Senegal,SEN,1983-06,national
Senegal,SEN,1983-07,national
Senegal,SEN,1983-08,national
Senegal,SEN,1983-09,national
Senegal,SEN,1983-10,national
Senegal,SEN,1983-11,national
Senegal,SEN,1983-12,national
Senegal,SEN,1984-01,national
Senegal,SEN,1984-02,national
Senegal,SEN,1984-03,national
Senegal,SEN,1984-04,national
Senegal,SEN,1984-05,national
Senegal,SEN,1984-06,national
Senegal,SEN,1984-07,national
Senegal,SEN,1984-08,national
Senegal,SEN,1984-09,national
Senegal,SEN,1984-10,national
Senegal,SEN,1984-11,national
Senegal,SEN,1984-12,national
Senegal,SEN,1985-01,national
Senegal,SEN,1985-02,national
Senegal,SEN,1985-03,national
Senegal,SEN,1985-04,national
Senegal,SEN,1985-05,national
Senegal,SEN,1985-06,national
Senegal,SEN,1985-07,national
Senegal,SEN,1985-08,national
Senegal,SEN,1985-09,national
Senegal,SEN,1985-10,national
Senegal,SEN,1985-11,national
Senegal,SEN,1985-12,national
Senegal,SEN,1986-01,national
Senegal,SEN,1986-02,national
Senegal,SEN,1986-03,national
Senegal,SEN,1986-04,national
Senegal,SEN,1986-05,national
Senegal,SEN,1986-06,national
Senegal,SEN,1986-07,national
Senegal,SEN,1986-08,national
Senegal,SEN,1986-09,national
Senegal,SEN,1986-10,national
Senegal,SEN,1986-11,national
Senegal,SEN,1986-12,national
Senegal,SEN,1987-01,national
Senegal,SEN,1987-02,national
Senegal,SEN,1987-03,national
Senegal,SEN,1987-04,national
Senegal,SEN,1987-05,national
Senegal,SEN,1987-06,national
Senegal,SEN,1987-07,national
Senegal,SEN,1987-08,national
Senegal,SEN,1987-09,national
Senegal,SEN,1987-10,national
Senegal,SEN,1987-11,national
Senegal,SEN,1987-12,national
Senegal,SEN,1988-01,national
Senegal,SEN,1988-02,national
Senegal,SEN,1988-03,national
Senegal,SEN,1988-04,national
Senegal,SEN,1988-05,national
Senegal,SEN,1988-06,national
Senegal,SEN,1988-07,national
Senegal,SEN,1988-08,national
Senegal,SEN,1988-09,national
Senegal,SEN,1988-10,national
Senegal,SEN,1988-11,national
Senegal,SEN,1988-12,national
Senegal,SEN,1989-01,national
Senegal,SEN,1989-02,national
Senegal,SEN,1989-03,national
Senegal,SEN,1989-04,national
Senegal,SEN,1989-05,national
Senegal,SEN,1989-06,national
Senegal,SEN,1989-07,national
Senegal,SEN,1989-08,national
Senegal,SEN,1989-09,national
Senegal,SEN,1989-10,national
Senegal,SEN,1989-11,national
Senegal,SEN,1989-12,national
Senegal,SEN,1990-01,national
Senegal,SEN,1990-02,national
Senegal,SEN,1990-03,national
Senegal,SEN,1990-04,national
Senegal,SEN,1990-05,national
Senegal,SEN,1990-06,national
Senegal,SEN,1990-07,national
Senegal,SEN,1990-08,national
Senegal,SEN,1990-09,national
Senegal,SEN,1990-10,national
Senegal,SEN,1990-11,national
Senegal,SEN,1990-12,national
Senegal,SEN,1991-01,national
Senegal,SEN,1991-02,national
Senegal,SEN,1991-03,national
Senegal,SEN,1991-04,national
Senegal,SEN,1991-05,national
Senegal,SEN,1991-06,national
Senegal,SEN,1991-07,national
Senegal,SEN,1991-08,national
Senegal,SEN,1991-09,national
Senegal,SEN,1991-10,national
Senegal,SEN,1991-11,national
Senegal,SEN,1991-12,national
Senegal,SEN,1992-01,national
Senegal,SEN,1992-02,national
Senegal,SEN,1992-03,national
Senegal,SEN,1992-04,national
Senegal,SEN,1992-05,national
Senegal,SEN,1992-06,national
Senegal,SEN,1992-07,national
Senegal,SEN,1992-08,national
Senegal,SEN,1992-09,national
Senegal,SEN,1992-10,national
Senegal,SEN,1992-11,national
Senegal,SEN,1992-12,national
Senegal,SEN,1993-01,national
Senegal,SEN,1993-02,national
Senegal,SEN,1993-03,national
Senegal,SEN,1993-04,national
Senegal,SEN,1993-05,national
Senegal,SEN,1993-06,national
Senegal,SEN,1993-07,national
Senegal,SEN,1993-08,national
Senegal,SEN,1993-09,national
Senegal,SEN,1993-10,national
Senegal,SEN,1993-11,national
Senegal,SEN,1993-12,national
Senegal,SEN,1994-01,national
Senegal,SEN,1994-02,national
Senegal,SEN,1994-03,national
Senegal,SEN,1994-04,national
Senegal,SEN,1994-05,national
Senegal,SEN,1994-06,national
Senegal,SEN,1994-07,national
Senegal,SEN,1994-08,national
Senegal,SEN,1994-09,national
Senegal,SEN,1994-10,national
Senegal,SEN,1994-11,national
Senegal,SEN,1994-12,national
Senegal,SEN,1995-01,national
Senegal,SEN,1995-02,national
Senegal,SEN,1995-03,national
Senegal,SEN,1995-04,national
Senegal,SEN,1995-05,national
Senegal,SEN,1995-06,national
Senegal,SEN,1995-07,national
Senegal,SEN,1995-08,national
Senegal,SEN,1995-09,national
Senegal,SEN,1995-10,national
Senegal,SEN,1995-11,national
Senegal,SEN,1995-12,national
Senegal,SEN,1996-01,national
Senegal,SEN,1996-02,national
Senegal,SEN,1996-03,national
Senegal,SEN,1996-04,national
Senegal,SEN,1996-05,national
Senegal,SEN,1996-06,national
Senegal,SEN,1996-07,national
Senegal,SEN,1996-08,national
Senegal,SEN,1996-09,national
Senegal,SEN,1996-10,national
Senegal,SEN,1996-11,national
Senegal,SEN,1996-12,national
Senegal,SEN,1997-01,national
Senegal,SEN,1997-02,national
Senegal,SEN,1997-03,national
Senegal,SEN,1997-04,national
Senegal,SEN,1997-05,national
Senegal,SEN,1997-06,national
Senegal,SEN,1997-07,national
Senegal,SEN,1997-08,national
Senegal,SEN,1997-09,national
Senegal,SEN,1997-10,national
Senegal,SEN,1997-11,national
Senegal,SEN,1997-12,national
Senegal,SEN,1998-01,national
Senegal,SEN,1998-02,national
Senegal,SEN,1998-03,national
Senegal,SEN,1998-04,national
Senegal,SEN,1998-05,national
Senegal,SEN,1998-06,national
Senegal,SEN,1998-07,national
Senegal,SEN,1998-08,national
Senegal,SEN,1998-09,national
Senegal,SEN,1998-10,national
Senegal,SEN,1998-11,national
Senegal,SEN,1998-12,national
Senegal,SEN,1999-01,national
Senegal,SEN,1999-02,national
Senegal,SEN,1999-03,national
Senegal,SEN,1999-04,national
Senegal,SEN,1999-05,national
Senegal,SEN,1999-06,national
Senegal,SEN,1999-07,national
Senegal,SEN,1999-08,national
Senegal,SEN,1999-09,national
Senegal,SEN,1999-10,national
Senegal,SEN,1999-11,national
Senegal,SEN,1999-12,national
Senegal,SEN,2000-01,national
Senegal,SEN,2000-02,national
Senegal,SEN,2000-03,national
Senegal,SEN,2000-04,national
Senegal,SEN,2000-05,national
Senegal,SEN,2000-06,national
Senegal,SEN,2000-07,national
Senegal,SEN,2000-08,national
Senegal,SEN,2000-09,national
Senegal,SEN,2000-10,national
Senegal,SEN,2000-11,national
Senegal,SEN,2000-12,national
Senegal,SEN,2001-01,national
Senegal,SEN,2001-02,national
Senegal,SEN,2001-03,national
Senegal,SEN,2001-04,national
Senegal,SEN,2001-05,national
Senegal,SEN,2001-06,national
Senegal,SEN,2001-07,national
Senegal,SEN,2001-08,national
Senegal,SEN,2001-09,national
Senegal,SEN,2001-10,national
Senegal,SEN,2001-11,national
Senegal,SEN,2001-12,national
Senegal,SEN,2002-01,national
Senegal,SEN,2002-02,national
Senegal,SEN,2002-03,national
Senegal,SEN,2002-04,national
Senegal,SEN,2002-05,national
Senegal,SEN,2002-06,national
Senegal,SEN,2002-07,national
Senegal,SEN,2002-08,national
Senegal,SEN,2002-09,national
Senegal,SEN,2002-10,national
Senegal,SEN,2002-11,national
Senegal,SEN,2002-12,national
Senegal,SEN,2003-01,national
Senegal,SEN,2003-02,national
Senegal,SEN,2003-03,national
Senegal,SEN,2003-04,national
Senegal,SEN,2003-05,national
Senegal,SEN,2003-06,national
Senegal,SEN,2003-07,national
Senegal,SEN,2003-08,national
Senegal,SEN,2003-09,national
Senegal,SEN,2003-10,national
Senegal,SEN,2003-11,national
Senegal,SEN,2003-12,national
Senegal,SEN,2004-01,national
Senegal,SEN,2004-02,national
Senegal,SEN,2004-03,national
Senegal,SEN,2004-04,national
Senegal,SEN,2004-05,national
Senegal,SEN,2004-06,national
Senegal,SEN,2004-07,national
Senegal,SEN,2004-08,national
Senegal,SEN,2004-09,national
Senegal,SEN,2004-10,national
Senegal,SEN,2004-11,national
Senegal,SEN,2004-12,national
Senegal,SEN,2005-01,national
Senegal,SEN,2005-02,national
Senegal,SEN,2005-03,national
Senegal,SEN,2005-04,national
Senegal,SEN,2005-05,national
Senegal,SEN,2005-06,national
Senegal,SEN,2005-07,national
Senegal,SEN,2005-08,national
Senegal,SEN,2005-09,national
Senegal,SEN,2005-10,national
Senegal,SEN,2005-11,national
Senegal,SEN,2005-12,national
Senegal,SEN,2006-01,national
Senegal,SEN,2006-02,national
Senegal,SEN,2006-03,national
Senegal,SEN,2006-04,national
Senegal,SEN,2006-05,national
Senegal,SEN,2006-06,national
Senegal,SEN,2006-07,national
Senegal,SEN,2006-08,national
Senegal,SEN,2006-09,national
Senegal,SEN,2006-10,national
Senegal,SEN,2006-11,national
Senegal,SEN,2006-12,national
Senegal,SEN,2007-01,national
Senegal,SEN,2007-02,national
Senegal,SEN,2007-03,national
Senegal,SEN,2007-04,national
Senegal,SEN,2007-05,national
Senegal,SEN,2007-06,national
Senegal,SEN,2007-07,national
Senegal,SEN,2007-08,national
Senegal,SEN,2007-09,national
Senegal,SEN,2007-10,national
Senegal,SEN,2007-11,national
Senegal,SEN,2007-12,national
Senegal,SEN,2008-01,national
Senegal,SEN,2008-02,national
Senegal,SEN,2008-03,national
Senegal,SEN,2008-04,national
Senegal,SEN,2008-05,national
Senegal,SEN,2008-06,national
Senegal,SEN,2008-07,national
Senegal,SEN,2008-08,national
Senegal,SEN,2008-09,national
Senegal,SEN,2008-10,national
Senegal,SEN,2008-11,national
Senegal,SEN,2008-12,national
Senegal,SEN,2009-01,national
Senegal,SEN,2009-02,national
Senegal,SEN,2009-03,national
Senegal,SEN,2009-04,national
Senegal,SEN,2009-05,national
Senegal,SEN,2009-06,national
Senegal,SEN,2009-07,national
Senegal,SEN,2009-08,national
Senegal,SEN,2009-09,national
Senegal,SEN,2009-10,national
Senegal,SEN,2009-11,national
Senegal,SEN,2009-12,national
Senegal,SEN,2010-01,national
Senegal,SEN,2010-02,national
Senegal,SEN,2010-03,national
Senegal,SEN,2010-04,national
Senegal,SEN,2010-05,national
Senegal,SEN,2010-06,national
Senegal,SEN,2010-07,national
Senegal,SEN,2010-08,national
Senegal,SEN,2010-09,national
Senegal,SEN,2010-10,national
Senegal,SEN,2010-11,national
Senegal,SEN,2010-12,national
Senegal,SEN,2011-01,national
Senegal,SEN,2011-02,national
Senegal,SEN,2011-03,national
Senegal,SEN,2011-04,national
Senegal,SEN,2011-05,national
Senegal,SEN,2011-06,national
Senegal,SEN,2011-07,national
Senegal,SEN,2011-08,national
Senegal,SEN,2011-09,national
Senegal,SEN,2011-10,national
Senegal,SEN,2011-11,national
Senegal,SEN,2011-12,national
Senegal,SEN,2012-01,national
Senegal,SEN,2012-02,national
Senegal,SEN,2012-03,national
Senegal,SEN,2012-04,national
Senegal,SEN,2012-05,national
Senegal,SEN,2012-06,national
Senegal,SEN,2012-07,national
Senegal,SEN,2012-08,national
Senegal,SEN,2012-09,national
Senegal,SEN,2012-10,national
Senegal,SEN,2012-11,national
Senegal,SEN,2012-12,national
Senegal,SEN,2013-01,national
Senegal,SEN,2013-02,national
Senegal,SEN,2013-03,national
Senegal,SEN,2013-04,national
Senegal,SEN,2013-05,national
Senegal,SEN,2013-06,national
Senegal,SEN,2013-07,national
Senegal,SEN,2013-08,national
Senegal,SEN,2013-09,national
Senegal,SEN,2013-10,national
Senegal,SEN,2013-11,national
Senegal,SEN,2013-12,national
Senegal,SEN,2014-01,national
Senegal,SEN,2014-02,national
Senegal,SEN,2014-03,national
Senegal,SEN,2014-04,national
Senegal,SEN,2014-05,national
Senegal,SEN,2014-06,national
Senegal,SEN,2014-07,national
Senegal,SEN,2014-08,national
Senegal,SEN,2014-09,national
Senegal,SEN,2014-10,national
Senegal,SEN,2014-11,national
Senegal,SEN,2014-12,national
Senegal,SEN,2015-01,national
Senegal,SEN,2015-02,national
Senegal,SEN,2015-03,national
Senegal,SEN,2015-04,national
Senegal,SEN,2015-05,national
Senegal,SEN,2015-06,national
Senegal,SEN,2015-07,national
Senegal,SEN,2015-08,national
Senegal,SEN,2015-09,national
Senegal,SEN,2015-10,national
Senegal,SEN,2015-11,national
Senegal,SEN,2015-12,national
Senegal,SEN,2016-01,national
Senegal,SEN,2016-02,national
Senegal,SEN,2016-03,national
Senegal,SEN,2016-04,national
Senegal,SEN,2016-05,national
Senegal,SEN,2016-06,national
Senegal,SEN,2016-07,national
Senegal,SEN,2016-08,national
Senegal,SEN,2016-09,national
Senegal,SEN,2016-10,national
Senegal,SEN,2016-11,national
Senegal,SEN,2016-12,national
Senegal,SEN,2017-01,national
Senegal,SEN,2017-02,national
Senegal,SEN,2017-03,national
Senegal,SEN,2017-04,national
Senegal,SEN,2017-05,national
Senegal,SEN,2017-06,national
Senegal,SEN,2017-07,national
Senegal,SEN,2017-08,national
Senegal,SEN,2017-09,national
Senegal,SEN,2017-10,national
Senegal,SEN,2017-11,national
Senegal,SEN,2017-12,national
Senegal,SEN,2018-01,national
Senegal,SEN,2018-02,national
Senegal,SEN,2018-03,national
Senegal,SEN,2018-04,national
Senegal,SEN,2018-05,national
Senegal,SEN,2018-06,national
Senegal,SEN,2018-07,national
Senegal,SEN,2018-08,national
Senegal,SEN,2018-09,national
Senegal,SEN,2018-10,national
Senegal,SEN,2018-11,national
Senegal,SEN,2018-12,national
Senegal,SEN,2019-01,national
Senegal,SEN,2019-02,national
Senegal,SEN,2019-03,national
Senegal,SEN,2019-04,national
Senegal,SEN,2019-05,national
Senegal,SEN,2019-06,national
Senegal,SEN,2019-07,national
Senegal,SEN,2019-08,national
Senegal,SEN,2019-09,national
Senegal,SEN,2019-10,national
Senegal,SEN,2019-11,national
Senegal,SEN,2019-12,national
Senegal,SEN,2020-01,national
Senegal,SEN,2020-02,national
Senegal,SEN,2020-03,national
Senegal,SEN,2020-04,national
Senegal,SEN,2020-05,national
Senegal,SEN,2020-06,national
Senegal,SEN,2020-07,national
Senegal,SEN,2020-08,national
Senegal,SEN,2020-09,national
Senegal,SEN,2020-10,national
Senegal,SEN,2020-11,national
Senegal,SEN,2020-12,national
Senegal,SEN,2021-01,national
Senegal,SEN,2021-02,national
Senegal,SEN,2021-03,national
Senegal,SEN,2021-04,national
Senegal,SEN,2021-05,national
Senegal,SEN,2021-06,national
Senegal,SEN,2021-07,national
Senegal,SEN,2021-08,national
Senegal,SEN,2021-09,national
Senegal,SEN,2021-10,national
Senegal,SEN,2021-11,national
Senegal,SEN,2021-12,national
Senegal,SEN,2022-01,national
Senegal,SEN,2022-02,national
Senegal,SEN,2022-03,national
Senegal,SEN,2022-04,national
Senegal,SEN,2022-05,national
Senegal,SEN,2022-06,national
Senegal,SEN,2022-07,national
Senegal,SEN,2022-08,national
Senegal,SEN,2022-09,national
Senegal,SEN,2022-10,national
Senegal,SEN,2022-11,national
Senegal,SEN,2022-12,national
Senegal,SEN,2023-01,national
Senegal,SEN,2023-02,national
Senegal,SEN,2023-03,national
Senegal,SEN,2023-04,national
Senegal,SEN,2023-05,national
Senegal,SEN,2023-06,national
Senegal,SEN,2023-07,national
Senegal,SEN,2023-08,national
Senegal,SEN,2023-09,national
Senegal,SEN,2023-10,national
Senegal,SEN,2023-11,national
Senegal,SEN,2023-12,national
Senegal,SEN,2024-01,national
Senegal,SEN,2024-02,national
Senegal,SEN,2024-03,national
Senegal,SEN,2024-04,national
Senegal,SEN,2024-05,national
Senegal,SEN,2024-06,national
Senegal,SEN,2024-07,national
Senegal,SEN,2024-08,national
Senegal,SEN,2024-09,national
Senegal,SEN,2024-10,national
Senegal,SEN,2024-11,national
Senegal,SEN,2024-12,national
Senegal,SEN,2025-01,national
Senegal,SEN,2025-02,national
Senegal,SEN,2025-03,national
Senegal,SEN,2025-04,national
Senegal,SEN,2025-05,national
Senegal,SEN,2025-06,national
Senegal,SEN,2025-07,national
Senegal,SEN,2025-08,national
Sierra Leone,SLE,1972-01,national
Sierra Leone,SLE,1972-02,national
Sierra Leone,SLE,1972-03,national
Sierra Leone,SLE,1972-04,national
Sierra Leone,SLE,1972-05,national
Sierra Leone,SLE,1972-06,national
Sierra Leone,SLE,1972-07,national
Sierra Leone,SLE,1972-08,national
Sierra Leone,SLE,1972-09,national
Sierra Leone,SLE,1972-10,national
Sierra Leone,SLE,1972-11,national
Sierra Leone,SLE,1972-12,national
Sierra Leone,SLE,1973-01,national
Sierra Leone,SLE,1973-02,national
Sierra Leone,SLE,1973-03,national
Sierra Leone,SLE,1973-04,national
Sierra Leone,SLE,1973-05,national
Sierra Leone,SLE,1973-06,national
Sierra Leone,SLE,1973-07,national
Sierra Leone,SLE,1973-08,national
Sierra Leone,SLE,1973-09,national
Sierra Leone,SLE,1973-10,national
Sierra Leone,SLE,1973-11,national
Sierra Leone,SLE,1973-12,national
Sierra Leone,SLE,1974-01,national
Sierra Leone,SLE,1974-02,national
Sierra Leone,SLE,1974-03,national
Sierra Leone,SLE,1974-04,national
Sierra Leone,SLE,1974-05,national
Sierra Leone,SLE,1974-06,national
Sierra Leone,SLE,1974-07,national
Sierra Leone,SLE,1974-08,national
Sierra Leone,SLE,1974-09,national
Sierra Leone,SLE,1974-10,national
Sierra Leone,SLE,1974-11,national
Sierra Leone,SLE,1974-12,national
Sierra Leone,SLE,1975-01,national
Sierra Leone,SLE,1975-02,national
Sierra Leone,SLE,1975-03,national
Sierra Leone,SLE,1975-04,national
Sierra Leone,SLE,1975-05,national
Sierra Leone,SLE,1975-06,national
Sierra Leone,SLE,1975-07,national
Sierra Leone,SLE,1975-08,national
Sierra Leone,SLE,1975-09,national
Sierra Leone,SLE,1975-10,national
Sierra Leone,SLE,1975-11,national
Sierra Leone,SLE,1975-12,national
Sierra Leone,SLE,1976-01,national
Sierra Leone,SLE,1976-02,national
Sierra Leone,SLE,1976-03,national
Sierra Leone,SLE,1976-04,national
Sierra Leone,SLE,1976-05,national
Sierra Leone,SLE,1976-06,national
Sierra Leone,SLE,1976-07,national
Sierra Leone,SLE,1976-08,national
Sierra Leone,SLE,1976-09,national
Sierra Leone,SLE,1976-10,national
Sierra Leone,SLE,1976-11,national
Sierra Leone,SLE,1976-12,national
Sierra Leone,SLE,1979-01,national
Sierra Leone,SLE,1979-02,national
Sierra Leone,SLE,1979-03,national
Sierra Leone,SLE,1979-04,national
Sierra Leone,SLE,1979-05,national
Sierra Leone,SLE,1979-06,national
Sierra Leone,SLE,1979-07,national
Sierra Leone,SLE,1979-08,national
Sierra Leone,SLE,1979-09,national
Sierra Leone,SLE,1979-10,national
Sierra Leone,SLE,1979-11,national
Sierra Leone,SLE,1979-12,national
Sierra Leone,SLE,1980-01,national
Sierra Leone,SLE,1980-02,national
Sierra Leone,SLE,1980-03,national
Sierra Leone,SLE,1980-04,national
Sierra Leone,SLE,1980-05,national
Sierra Leone,SLE,1980-06,national
Sierra Leone,SLE,1980-07,national
Sierra Leone,SLE,1980-08,national
Sierra Leone,SLE,1980-09,national
Sierra Leone,SLE,1980-10,national
Sierra Leone,SLE,1980-11,national
Sierra Leone,SLE,1980-12,national
Sierra Leone,SLE,1981-01,national
Sierra Leone,SLE,1981-02,national
Sierra Leone,SLE,1981-03,national
Sierra Leone,SLE,1981-04,national
Sierra Leone,SLE,1981-05,national
Sierra Leone,SLE,1981-06,national
Sierra Leone,SLE,1981-07,national
Sierra Leone,SLE,1981-08,national
Sierra Leone,SLE,1981-09,national
Sierra Leone,SLE,1981-10,national
Sierra Leone,SLE,1981-11,national
Sierra Leone,SLE,1981-12,national
Sierra Leone,SLE,1982-01,national
Sierra Leone,SLE,1982-02,national
Sierra Leone,SLE,1982-03,national
Sierra Leone,SLE,1982-04,national
Sierra Leone,SLE,1982-05,national
Sierra Leone,SLE,1982-06,national
Sierra Leone,SLE,1982-07,national
Sierra Leone,SLE,1982-08,national
Sierra Leone,SLE,1982-09,national
Sierra Leone,SLE,1982-10,national
Sierra Leone,SLE,1982-11,national
Sierra Leone,SLE,1982-12,national
Sierra Leone,SLE,1983-01,national
Sierra Leone,SLE,1983-02,national
Sierra Leone,SLE,1983-03,national
Sierra Leone,SLE,1983-04,national
Sierra Leone,SLE,1983-05,national
Sierra Leone,SLE,1983-06,national
Sierra Leone,SLE,1983-07,national
Sierra Leone,SLE,1983-08,national
Sierra Leone,SLE,1983-09,national
Sierra Leone,SLE,1983-10,national
Sierra Leone,SLE,1983-11,national
Sierra Leone,SLE,1983-12,national
Sierra Leone,SLE,1984-01,national
Sierra Leone,SLE,1984-02,national
Sierra Leone,SLE,1984-03,national
Sierra Leone,SLE,1984-04,national
Sierra Leone,SLE,1984-05,national
Sierra Leone,SLE,1984-06,national
Sierra Leone,SLE,1984-07,national
Sierra Leone,SLE,1984-08,national
Sierra Leone,SLE,1984-09,national
Sierra Leone,SLE,1984-10,national
Sierra Leone,SLE,1984-11,national
Sierra Leone,SLE,1984-12,national
Sierra Leone,SLE,1985-01,national
Sierra Leone,SLE,1985-02,national
Sierra Leone,SLE,1985-03,national
Sierra Leone,SLE,1985-04,national
Sierra Leone,SLE,1985-05,national
Sierra Leone,SLE,1985-06,national
Sierra Leone,SLE,1985-07,national
Sierra Leone,SLE,1985-08,national
Sierra Leone,SLE,1985-09,national
Sierra Leone,SLE,1985-10,national
Sierra Leone,SLE,1985-11,national
Sierra Leone,SLE,1985-12,national
Sierra Leone,SLE,1988-01,national
Sierra Leone,SLE,1988-02,national
Sierra Leone,SLE,1988-03,national
Sierra Leone,SLE,1988-04,national
Sierra Leone,SLE,1988-05,national
Sierra Leone,SLE,1988-06,national
Sierra Leone,SLE,1988-07,national
Sierra Leone,SLE,1988-08,national
Sierra Leone,SLE,1988-09,national
Sierra Leone,SLE,1988-10,national
Sierra Leone,SLE,1988-11,national
Sierra Leone,SLE,1988-12,national
Sierra Leone,SLE,1989-01,national
Sierra Leone,SLE,1989-02,national
Sierra Leone,SLE,1989-03,national
Sierra Leone,SLE,1989-04,national
Sierra Leone,SLE,1989-05,national
Sierra Leone,SLE,1989-06,national
Sierra Leone,SLE,1989-07,national
Sierra Leone,SLE,1989-08,national
Sierra Leone,SLE,1989-09,national
Sierra Leone,SLE,1989-10,national
Sierra Leone,SLE,1989-11,national
Sierra Leone,SLE,1989-12,national
Sierra Leone,SLE,1990-01,national
Sierra Leone,SLE,1990-02,national
Sierra Leone,SLE,1990-03,national
Sierra Leone,SLE,1990-04,national
Sierra Leone,SLE,1990-05,national
Sierra Leone,SLE,1990-06,national
Sierra Leone,SLE,1990-07,national
Sierra Leone,SLE,1990-08,national
Sierra Leone,SLE,1990-09,national
Sierra Leone,SLE,1990-10,national
Sierra Leone,SLE,1990-11,national
Sierra Leone,SLE,1990-12,national
Sierra Leone,SLE,1991-01,national
Sierra Leone,SLE,1991-02,national
Sierra Leone,SLE,1991-03,national
Sierra Leone,SLE,1991-04,national
Sierra Leone,SLE,1991-05,national
Sierra Leone,SLE,1991-06,national
Sierra Leone,SLE,1991-07,national
Sierra Leone,SLE,1991-08,national
Sierra Leone,SLE,1991-09,national
Sierra Leone,SLE,1991-10,national
Sierra Leone,SLE,1991-11,national
Sierra Leone,SLE,1991-12,national
Sierra Leone,SLE,1992-01,national
Sierra Leone,SLE,1992-02,national
Sierra Leone,SLE,1992-03,national
Sierra Leone,SLE,1992-04,national
Sierra Leone,SLE,1992-05,national
Sierra Leone,SLE,1992-06,national
Sierra Leone,SLE,1992-07,national
Sierra Leone,SLE,1992-08,national
Sierra Leone,SLE,1992-09,national
Sierra Leone,SLE,1992-10,national
Sierra Leone,SLE,1992-11,national
Sierra Leone,SLE,1992-12,national
Sierra Leone,SLE,1993-01,national
Sierra Leone,SLE,1993-02,national
Sierra Leone,SLE,1993-03,national
Sierra Leone,SLE,1993-04,national
Sierra Leone,SLE,1993-05,national
Sierra Leone,SLE,1993-06,national
Sierra Leone,SLE,1993-07,national
Sierra Leone,SLE,1993-08,national
Sierra Leone,SLE,1993-09,national
Sierra Leone,SLE,1993-10,national
Sierra Leone,SLE,1993-11,national
Sierra Leone,SLE,1993-12,national
Sierra Leone,SLE,1997-01,national
Sierra Leone,SLE,1997-02,national
Sierra Leone,SLE,1997-03,national
Sierra Leone,SLE,1997-04,national
Sierra Leone,SLE,1997-05,national
Sierra Leone,SLE,1997-06,national
Sierra Leone,SLE,1997-07,national
Sierra Leone,SLE,1997-08,national
Sierra Leone,SLE,1997-09,national
Sierra Leone,SLE,1997-10,national
Sierra Leone,SLE,1997-11,national
Sierra Leone,SLE,1997-12,national
Sierra Leone,SLE,2010-01,national
Sierra Leone,SLE,2010-02,national
Sierra Leone,SLE,2010-03,national
Sierra Leone,SLE,2010-04,national
Sierra Leone,SLE,2010-05,national
Sierra Leone,SLE,2010-06,national
Sierra Leone,SLE,2010-07,national
Sierra Leone,SLE,2010-08,national
Sierra Leone,SLE,2010-09,national
Sierra Leone,SLE,2010-10,national
Sierra Leone,SLE,2010-11,national
Sierra Leone,SLE,2010-12,national
Sierra Leone,SLE,2014-01,national
Sierra Leone,SLE,2014-02,national
Sierra Leone,SLE,2014-03,national
Sierra Leone,SLE,2014-04,national
Sierra Leone,SLE,2014-05,national
Sierra Leone,SLE,2014-06,national
Sierra Leone,SLE,2014-07,national
Sierra Leone,SLE,2014-08,national
Sierra Leone,SLE,2014-09,national
Sierra Leone,SLE,2014-10,national
Sierra Leone,SLE,2014-11,national
Sierra Leone,SLE,2018-11,national
Sierra Leone,SLE,2024-04,national
Sierra Leone,SLE,2024-05,national
Sierra Leone,SLE,2024-06,national
Sierra Leone,SLE,2024-07,national
Sierra Leone,SLE,2024-08,national
Sierra Leone,SLE,2024-09,national
Sierra Leone,SLE,2024-10,national
Sierra Leone,SLE,2024-11,national
Sierra Leone,SLE,2024-12,national
Sierra Leone,SLE,2025-01,national
Sierra Leone,SLE,2025-02,national
Sierra Leone,SLE,2025-03,national
Sierra Leone,SLE,2025-04,national
Sierra Leone,SLE,2025-05,national
Sierra Leone,SLE,2025-06,national
Sierra Leone,SLE,2025-07,national
Sierra Leone,SLE,2025-08,national
Somalia,SOM,1972-01,national
Somalia,SOM,1972-02,national
Somalia,SOM,1972-03,national
Somalia,SOM,1972-04,national
Somalia,SOM,1972-05,national
Somalia,SOM,1972-06,national
Somalia,SOM,1972-07,national
Somalia,SOM,1972-08,national
Somalia,SOM,1972-09,national
Somalia,SOM,1972-10,national
Somalia,SOM,1972-11,national
Somalia,SOM,1972-12,national
Somalia,SOM,1973-01,national
Somalia,SOM,1973-02,national
Somalia,SOM,1973-03,national
Somalia,SOM,1973-04,national
Somalia,SOM,1973-05,national
Somalia,SOM,1973-06,national
Somalia,SOM,1973-07,national
Somalia,SOM,1973-08,national
Somalia,SOM,1973-09,national
Somalia,SOM,1973-10,national
Somalia,SOM,1973-11,national
Somalia,SOM,1973-12,national
Somalia,SOM,1974-01,national
Somalia,SOM,1974-02,national
Somalia,SOM,1974-03,national
Somalia,SOM,1974-04,national
Somalia,SOM,1974-05,national
Somalia,SOM,1974-06,national
Somalia,SOM,1974-07,national
Somalia,SOM,1974-08,national
Somalia,SOM,1974-09,national
Somalia,SOM,1974-10,national
Somalia,SOM,1974-11,national
Somalia,SOM,1974-12,national
Somalia,SOM,1975-01,national
Somalia,SOM,1975-02,national
Somalia,SOM,1975-03,national
Somalia,SOM,1975-04,national
Somalia,SOM,1975-05,national
Somalia,SOM,1975-06,national
Somalia,SOM,1975-07,national
Somalia,SOM,1975-08,national
Somalia,SOM,1975-09,national
Somalia,SOM,1975-10,national
Somalia,SOM,1975-11,national
Somalia,SOM,1975-12,national
Somalia,SOM,1976-01,national
Somalia,SOM,1976-02,national
Somalia,SOM,1976-03,national
Somalia,SOM,1976-04,national
Somalia,SOM,1976-05,national
Somalia,SOM,1976-06,national
Somalia,SOM,1976-07,national
Somalia,SOM,1976-08,national
Somalia,SOM,1976-09,national
Somalia,SOM,1976-10,national
Somalia,SOM,1976-11,national
Somalia,SOM,1976-12,national
Somalia,SOM,1977-01,national
Somalia,SOM,1977-02,national
Somalia,SOM,1977-03,national
Somalia,SOM,1977-04,national
Somalia,SOM,1977-05,national
Somalia,SOM,1977-06,national
Somalia,SOM,1977-07,national
Somalia,SOM,1977-08,national
Somalia,SOM,1977-09,national
Somalia,SOM,1977-10,national
Somalia,SOM,1977-11,national
Somalia,SOM,1977-12,national
Somalia,SOM,1978-01,national
Somalia,SOM,1978-02,national
Somalia,SOM,1978-03,national
Somalia,SOM,1978-04,national
Somalia,SOM,1978-05,national
Somalia,SOM,1978-06,national
Somalia,SOM,1978-07,national
Somalia,SOM,1978-08,national
Somalia,SOM,1978-09,national
Somalia,SOM,1978-10,national
Somalia,SOM,1978-11,national
Somalia,SOM,1978-12,national
Somalia,SOM,1979-01,national
Somalia,SOM,1979-02,national
Somalia,SOM,1979-03,national
Somalia,SOM,1979-04,national
Somalia,SOM,1979-05,national
Somalia,SOM,1979-06,national
Somalia,SOM,1979-07,national
Somalia,SOM,1979-08,national
Somalia,SOM,1979-09,national
Somalia,SOM,1979-10,national
Somalia,SOM,1979-11,national
Somalia,SOM,1979-12,national
Somalia,SOM,1980-01,national
Somalia,SOM,1980-02,national
Somalia,SOM,1980-03,national
Somalia,SOM,1980-04,national
Somalia,SOM,1980-05,national
Somalia,SOM,1980-06,national
Somalia,SOM,1980-07,national
Somalia,SOM,1980-08,national
Somalia,SOM,1980-09,national
Somalia,SOM,1980-10,national
Somalia,SOM,1980-11,national
Somalia,SOM,1980-12,national
Somalia,SOM,1981-01,national
Somalia,SOM,1981-02,national
Somalia,SOM,1981-03,national
Somalia,SOM,1981-04,national
Somalia,SOM,1981-05,national
Somalia,SOM,1981-06,national
Somalia,SOM,1981-07,national
Somalia,SOM,1981-08,national
Somalia,SOM,1981-09,national
Somalia,SOM,1981-10,national
Somalia,SOM,1981-11,national
Somalia,SOM,1981-12,national
Somalia,SOM,1982-01,national
Somalia,SOM,1982-02,national
Somalia,SOM,1982-03,national
Somalia,SOM,1982-04,national
Somalia,SOM,1982-05,national
Somalia,SOM,1982-06,national
Somalia,SOM,1982-07,national
Somalia,SOM,1982-08,national
Somalia,SOM,1982-09,national
Somalia,SOM,1982-10,national
Somalia,SOM,1982-11,national
Somalia,SOM,1982-12,national
Somalia,SOM,1983-01,national
Somalia,SOM,1983-02,national
Somalia,SOM,1983-03,national
Somalia,SOM,1983-04,national
Somalia,SOM,1983-05,national
Somalia,SOM,1983-06,national
Somalia,SOM,1983-07,national
Somalia,SOM,1983-08,national
Somalia,SOM,1983-09,national
Somalia,SOM,1983-10,national
Somalia,SOM,1983-11,national
Somalia,SOM,1983-12,national
Somalia,SOM,1984-01,national
Somalia,SOM,1984-02,national
Somalia,SOM,1984-03,national
Somalia,SOM,1984-04,national
Somalia,SOM,1984-05,national
Somalia,SOM,1984-06,national
Somalia,SOM,1984-07,national
Somalia,SOM,1984-08,national
Somalia,SOM,1984-09,national
Somalia,SOM,1984-10,national
Somalia,SOM,1984-11,national
Somalia,SOM,1984-12,national
Somalia,SOM,1987-01,national
Somalia,SOM,1987-02,national
Somalia,SOM,1987-03,national
Somalia,SOM,1987-04,national
Somalia,SOM,1987-05,national
Somalia,SOM,1987-06,national
Somalia,SOM,1987-07,national
Somalia,SOM,1987-08,national
Somalia,SOM,1987-09,national
Somalia,SOM,1987-10,national
Somalia,SOM,1987-11,national
Somalia,SOM,1987-12,national
Somalia,SOM,1988-01,national
Somalia,SOM,1988-02,national
Somalia,SOM,1988-03,national
Somalia,SOM,1988-04,national
Somalia,SOM,1988-05,national
Somalia,SOM,1988-06,national
Somalia,SOM,1988-07,national
Somalia,SOM,1988-08,national
Somalia,SOM,1988-09,national
Somalia,SOM,1988-10,national
Somalia,SOM,1988-11,national
Somalia,SOM,1988-12,national
Somalia,SOM,1989-01,national
Somalia,SOM,1989-02,national
Somalia,SOM,1989-03,national
Somalia,SOM,1989-04,national
Somalia,SOM,1989-05,national
Somalia,SOM,1989-06,national
Somalia,SOM,1989-07,national
Somalia,SOM,1989-08,national
Somalia,SOM,1989-09,national
Somalia,SOM,1989-10,national
Somalia,SOM,1989-11,national
Somalia,SOM,1989-12,national
Somalia,SOM,1990-01,national
Somalia,SOM,1990-02,national
Somalia,SOM,1990-03,national
Somalia,SOM,1990-04,national
Somalia,SOM,1990-05,national
Somalia,SOM,1990-06,national
Somalia,SOM,1990-07,national
Somalia,SOM,1990-08,national
Somalia,SOM,1990-09,national
Somalia,SOM,1990-10,national
Somalia,SOM,1990-11,national
Somalia,SOM,1990-12,national
Somalia,SOM,1991-01,national
Somalia,SOM,1991-02,national
Somalia,SOM,1991-03,national
Somalia,SOM,1991-04,national
Somalia,SOM,1991-05,national
Somalia,SOM,1991-06,national
Somalia,SOM,1991-07,national
Somalia,SOM,1991-08,national
Somalia,SOM,1991-09,national
Somalia,SOM,1991-10,national
Somalia,SOM,1991-11,national
Somalia,SOM,1991-12,national
Somalia,SOM,1992-01,national
Somalia,SOM,1992-02,national
Somalia,SOM,1992-03,national
Somalia,SOM,1992-04,national
Somalia,SOM,1992-05,national
Somalia,SOM,1992-06,national
Somalia,SOM,1992-07,national
Somalia,SOM,1992-08,national
Somalia,SOM,1992-09,national
Somalia,SOM,1992-10,national
Somalia,SOM,1992-11,national
Somalia,SOM,1992-12,national
Somalia,SOM,1993-01,national
Somalia,SOM,1993-02,national
Somalia,SOM,1993-03,national
Somalia,SOM,1993-04,national
Somalia,SOM,1993-05,national
Somalia,SOM,1993-06,national
Somalia,SOM,1993-07,national
Somalia,SOM,1993-08,national
Somalia,SOM,1993-09,national
Somalia,SOM,1993-10,national
Somalia,SOM,1993-11,national
Somalia,SOM,1993-12,national
Somalia,SOM,2005-01,national
Somalia,SOM,2005-02,national
Somalia,SOM,2005-03,national
Somalia,SOM,2005-04,national
Somalia,SOM,2005-05,national
Somalia,SOM,2005-06,national
Somalia,SOM,2005-07,national
Somalia,SOM,2005-08,national
Somalia,SOM,2005-09,national
Somalia,SOM,2005-10,national
Somalia,SOM,2005-11,national
Somalia,SOM,2005-12,national
Somalia,SOM,2006-01,national
Somalia,SOM,2006-02,national
Somalia,SOM,2006-03,national
Somalia,SOM,2006-04,national
Somalia,SOM,2006-05,national
Somalia,SOM,2006-06,national
Somalia,SOM,2006-07,national
Somalia,SOM,2006-08,national
Somalia,SOM,2006-09,national
Somalia,SOM,2006-10,national
Somalia,SOM,2006-11,national
Somalia,SOM,2006-12,national
Somalia,SOM,2025-07,national
Somalia,SOM,2025-08,national
South Sudan,SSD,1970-01,national
South Sudan,SSD,1970-02,national
South Sudan,SSD,1970-03,national
South Sudan,SSD,1970-04,national
South Sudan,SSD,1970-05,national
South Sudan,SSD,1970-06,national
South Sudan,SSD,1970-07,national
South Sudan,SSD,1970-08,national
South Sudan,SSD,1970-09,national
South Sudan,SSD,1970-10,national
South Sudan,SSD,1970-11,national
South Sudan,SSD,1970-12,national
South Sudan,SSD,1971-01,national
South Sudan,SSD,1971-02,national
South Sudan,SSD,1971-03,national
South Sudan,SSD,1971-04,national
South Sudan,SSD,1971-05,national
South Sudan,SSD,1971-06,national
South Sudan,SSD,1971-07,national
South Sudan,SSD,1971-08,national
South Sudan,SSD,1971-09,national
South Sudan,SSD,1971-10,national
South Sudan,SSD,1971-11,national
South Sudan,SSD,1971-12,national
South Sudan,SSD,1972-01,national
South Sudan,SSD,1972-02,national
South Sudan,SSD,1972-03,national
South Sudan,SSD,1972-04,national
South Sudan,SSD,1972-05,national
South Sudan,SSD,1972-06,national
South Sudan,SSD,1972-07,national
South Sudan,SSD,1972-08,national
South Sudan,SSD,1972-09,national
South Sudan,SSD,1972-10,national
South Sudan,SSD,1972-11,national
South Sudan,SSD,1972-12,national
South Sudan,SSD,1973-01,national
South Sudan,SSD,1973-02,national
South Sudan,SSD,1973-03,national
South Sudan,SSD,1973-04,national
South Sudan,SSD,1973-05,national
South Sudan,SSD,1973-06,national
South Sudan,SSD,1973-07,national
South Sudan,SSD,1973-08,national
South Sudan,SSD,1973-09,national
South Sudan,SSD,1973-10,national
South Sudan,SSD,1973-11,national
South Sudan,SSD,1973-12,national
South Sudan,SSD,1974-01,national
South Sudan,SSD,1974-02,national
South Sudan,SSD,1974-03,national
South Sudan,SSD,1974-04,national
South Sudan,SSD,1974-05,national
South Sudan,SSD,1974-06,national
South Sudan,SSD,1974-07,national
South Sudan,SSD,1974-08,national
South Sudan,SSD,1974-09,national
South Sudan,SSD,1974-10,national
South Sudan,SSD,1974-11,national
South Sudan,SSD,1974-12,national
South Sudan,SSD,1975-01,national
South Sudan,SSD,1975-02,national
South Sudan,SSD,1975-03,national
South Sudan,SSD,1975-04,national
South Sudan,SSD,1975-05,national
South Sudan,SSD,1975-06,national
South Sudan,SSD,1975-07,national
South Sudan,SSD,1975-08,national
South Sudan,SSD,1975-09,national
South Sudan,SSD,1975-10,national
South Sudan,SSD,1975-11,national
South Sudan,SSD,1975-12,national
South Sudan,SSD,1976-01,national
South Sudan,SSD,1976-02,national
South Sudan,SSD,1976-03,national
South Sudan,SSD,1976-04,national
South Sudan,SSD,1976-05,national
South Sudan,SSD,1976-06,national
South Sudan,SSD,1976-07,national
South Sudan,SSD,1976-08,national
South Sudan,SSD,1976-09,national
South Sudan,SSD,1976-10,national
South Sudan,SSD,1976-11,national
South Sudan,SSD,1976-12,national
South Sudan,SSD,1977-01,national
South Sudan,SSD,1977-02,national
South Sudan,SSD,1977-03,national
South Sudan,SSD,1977-04,national
South Sudan,SSD,1977-05,national
South Sudan,SSD,1977-06,national
South Sudan,SSD,1977-07,national
South Sudan,SSD,1977-08,national
South Sudan,SSD,1977-09,national
South Sudan,SSD,1977-10,national
South Sudan,SSD,1977-11,national
South Sudan,SSD,1977-12,national
South Sudan,SSD,1978-01,national
South Sudan,SSD,1978-02,national
South Sudan,SSD,1978-03,national
South Sudan,SSD,1978-04,national
South Sudan,SSD,1978-05,national
South Sudan,SSD,1978-06,national
South Sudan,SSD,1978-07,national
South Sudan,SSD,1978-08,national
South Sudan,SSD,1978-09,national
South Sudan,SSD,1978-10,national
South Sudan,SSD,1978-11,national
South Sudan,SSD,1978-12,national
South Sudan,SSD,1979-01,national
South Sudan,SSD,1979-02,national
South Sudan,SSD,1979-03,national
South Sudan,SSD,1979-04,national
South Sudan,SSD,1979-05,national
South Sudan,SSD,1979-06,national
South Sudan,SSD,1979-07,national
South Sudan,SSD,1979-08,national
South Sudan,SSD,1979-09,national
South Sudan,SSD,1979-10,national
South Sudan,SSD,1979-11,national
South Sudan,SSD,1979-12,national
South Sudan,SSD,1980-01,national
South Sudan,SSD,1980-02,national
South Sudan,SSD,1980-03,national
South Sudan,SSD,1980-04,national
South Sudan,SSD,1980-05,national
South Sudan,SSD,1980-06,national
South Sudan,SSD,1980-07,national
South Sudan,SSD,1980-08,national
South Sudan,SSD,1980-09,national
South Sudan,SSD,1980-10,national
South Sudan,SSD,1980-11,national
South Sudan,SSD,1980-12,national
South Sudan,SSD,1981-01,national
South Sudan,SSD,1981-02,national
South Sudan,SSD,1981-03,national
South Sudan,SSD,1981-04,national
South Sudan,SSD,1981-05,national
South Sudan,SSD,1981-06,national
South Sudan,SSD,1981-07,national
South Sudan,SSD,1981-08,national
South Sudan,SSD,1981-09,national
South Sudan,SSD,1981-10,national
South Sudan,SSD,1981-11,national
South Sudan,SSD,1981-12,national
South Sudan,SSD,1982-01,national
South Sudan,SSD,1982-02,national
South Sudan,SSD,1982-03,national
South Sudan,SSD,1982-04,national
South Sudan,SSD,1982-05,national
South Sudan,SSD,1982-06,national
South Sudan,SSD,1982-07,national
South Sudan,SSD,1982-08,national
South Sudan,SSD,1982-09,national
South Sudan,SSD,1982-10,national
South Sudan,SSD,1982-11,national
South Sudan,SSD,1982-12,national
South Sudan,SSD,1983-01,national
South Sudan,SSD,1983-02,national
South Sudan,SSD,1983-03,national
South Sudan,SSD,1983-04,national
South Sudan,SSD,1983-05,national
South Sudan,SSD,1983-06,national
South Sudan,SSD,1983-07,national
South Sudan,SSD,1983-08,national
South Sudan,SSD,1983-09,national
South Sudan,SSD,1983-10,national
South Sudan,SSD,1983-11,national
South Sudan,SSD,1983-12,national
South Sudan,SSD,1984-01,national
South Sudan,SSD,1984-02,national
South Sudan,SSD,1984-03,national
South Sudan,SSD,1984-04,national
South Sudan,SSD,1984-05,national
South Sudan,SSD,1984-06,national
South Sudan,SSD,1984-07,national
South Sudan,SSD,1984-08,national
South Sudan,SSD,1984-09,national
South Sudan,SSD,1984-10,national
South Sudan,SSD,1984-11,national
South Sudan,SSD,1984-12,national
South Sudan,SSD,1985-01,national
South Sudan,SSD,1985-02,national
South Sudan,SSD,1985-03,national
South Sudan,SSD,1985-04,national
South Sudan,SSD,1985-05,national
South Sudan,SSD,1985-06,national
South Sudan,SSD,1985-07,national
South Sudan,SSD,1985-08,national
South Sudan,SSD,1985-09,national
South Sudan,SSD,1985-10,national
South Sudan,SSD,1985-11,national
South Sudan,SSD,1985-12,national
South Sudan,SSD,1986-01,national
South Sudan,SSD,1986-02,national
South Sudan,SSD,1986-03,national
South Sudan,SSD,1986-04,national
South Sudan,SSD,1986-05,national
South Sudan,SSD,1986-06,national
South Sudan,SSD,1986-07,national
South Sudan,SSD,1986-08,national
South Sudan,SSD,1986-09,national
South Sudan,SSD,1986-10,national
South Sudan,SSD,1986-11,national
South Sudan,SSD,1986-12,national
South Sudan,SSD,1987-01,national
South Sudan,SSD,1987-02,national
South Sudan,SSD,1987-03,national
South Sudan,SSD,1987-04,national
South Sudan,SSD,1987-05,national
South Sudan,SSD,1987-06,national
South Sudan,SSD,1987-07,national
South Sudan,SSD,1987-08,national
South Sudan,SSD,1987-09,national
South Sudan,SSD,1987-10,national
South Sudan,SSD,1987-11,national
South Sudan,SSD,1987-12,national
South Sudan,SSD,1988-01,national
South Sudan,SSD,1988-02,national
South Sudan,SSD,1988-03,national
South Sudan,SSD,1988-04,national
South Sudan,SSD,1988-05,national
South Sudan,SSD,1988-06,national
South Sudan,SSD,1988-07,national
South Sudan,SSD,1988-08,national
South Sudan,SSD,1988-09,national
South Sudan,SSD,1988-10,national
South Sudan,SSD,1988-11,national
South Sudan,SSD,1988-12,national
South Sudan,SSD,1989-01,national
South Sudan,SSD,1989-02,national
South Sudan,SSD,1989-03,national
South Sudan,SSD,1989-04,national
South Sudan,SSD,1989-05,national
South Sudan,SSD,1989-06,national
South Sudan,SSD,1989-07,national
South Sudan,SSD,1989-08,national
South Sudan,SSD,1989-09,national
South Sudan,SSD,1989-10,national
South Sudan,SSD,1989-11,national
South Sudan,SSD,1989-12,national
South Sudan,SSD,1990-01,national
South Sudan,SSD,1990-02,national
South Sudan,SSD,1990-03,national
South Sudan,SSD,1990-04,national
South Sudan,SSD,1990-05,national
South Sudan,SSD,1990-06,national
South Sudan,SSD,1990-07,national
South Sudan,SSD,1990-08,national
South Sudan,SSD,1990-09,national
South Sudan,SSD,1990-10,national
South Sudan,SSD,1990-11,national
South Sudan,SSD,1990-12,national
South Sudan,SSD,1991-01,national
South Sudan,SSD,1991-02,national
South Sudan,SSD,1991-03,national
South Sudan,SSD,1991-04,national
South Sudan,SSD,1991-05,national
South Sudan,SSD,1991-06,national
South Sudan,SSD,1991-07,national
South Sudan,SSD,1991-08,national
South Sudan,SSD,1991-09,national
South Sudan,SSD,1991-10,national
South Sudan,SSD,1991-11,national
South Sudan,SSD,1991-12,national
South Sudan,SSD,1992-01,national
South Sudan,SSD,1992-02,national
South Sudan,SSD,1992-03,national
South Sudan,SSD,1992-04,national
South Sudan,SSD,1992-05,national
South Sudan,SSD,1992-06,national
South Sudan,SSD,1992-07,national
South Sudan,SSD,1992-08,national
South Sudan,SSD,1992-09,national
South Sudan,SSD,1992-10,national
South Sudan,SSD,1992-11,national
South Sudan,SSD,1992-12,national
South Sudan,SSD,1993-01,national
South Sudan,SSD,1993-02,national
South Sudan,SSD,1993-03,national
South Sudan,SSD,1993-04,national
South Sudan,SSD,1993-05,national
South Sudan,SSD,1993-06,national
South Sudan,SSD,1993-07,national
South Sudan,SSD,1993-08,national
South Sudan,SSD,1993-09,national
South Sudan,SSD,1993-10,national
South Sudan,SSD,1993-11,national
South Sudan,SSD,1993-12,national
South Sudan,SSD,1994-01,national
South Sudan,SSD,1994-02,national
South Sudan,SSD,1994-03,national
South Sudan,SSD,1994-04,national
South Sudan,SSD,1994-05,national
South Sudan,SSD,1994-06,national
South Sudan,SSD,1994-07,national
South Sudan,SSD,1994-08,national
South Sudan,SSD,1994-09,national
South Sudan,SSD,1994-10,national
South Sudan,SSD,1994-11,national
South Sudan,SSD,1994-12,national
South Sudan,SSD,1995-01,national
South Sudan,SSD,1995-02,national
South Sudan,SSD,1995-03,national
South Sudan,SSD,1995-04,national
South Sudan,SSD,1995-05,national
South Sudan,SSD,1995-06,national
South Sudan,SSD,1995-07,national
South Sudan,SSD,1995-08,national
South Sudan,SSD,1995-09,national
South Sudan,SSD,1995-10,national
South Sudan,SSD,1995-11,national
South Sudan,SSD,1995-12,national
South Sudan,SSD,1996-01,national
South Sudan,SSD,1996-02,national
South Sudan,SSD,1996-03,national
South Sudan,SSD,1996-04,national
South Sudan,SSD,1996-05,national
South Sudan,SSD,1996-06,national
South Sudan,SSD,1996-07,national
South Sudan,SSD,1996-08,national
South Sudan,SSD,1996-09,national
South Sudan,SSD,1996-10,national
South Sudan,SSD,1996-11,national
South Sudan,SSD,1996-12,national
South Sudan,SSD,1997-01,national
South Sudan,SSD,1997-02,national
South Sudan,SSD,1997-03,national
South Sudan,SSD,1997-04,national
South Sudan,SSD,1997-05,national
South Sudan,SSD,1997-06,national
South Sudan,SSD,1997-07,national
South Sudan,SSD,1997-08,national
South Sudan,SSD,1997-09,national
South Sudan,SSD,1997-10,national
South Sudan,SSD,1997-11,national
South Sudan,SSD,1997-12,national
South Sudan,SSD,1998-01,national
South Sudan,SSD,1998-02,national
South Sudan,SSD,1998-03,national
South Sudan,SSD,1998-04,national
South Sudan,SSD,1998-05,national
South Sudan,SSD,1998-06,national
South Sudan,SSD,1998-07,national
South Sudan,SSD,1998-08,national
South Sudan,SSD,1998-09,national
South Sudan,SSD,1998-10,national
South Sudan,SSD,1998-11,national
South Sudan,SSD,1998-12,national
South Sudan,SSD,1999-01,national
South Sudan,SSD,1999-02,national
South Sudan,SSD,1999-03,national
South Sudan,SSD,1999-04,national
South Sudan,SSD,1999-05,national
South Sudan,SSD,1999-06,national
South Sudan,SSD,1999-07,national
South Sudan,SSD,1999-08,national
South Sudan,SSD,1999-09,national
South Sudan,SSD,1999-10,national
South Sudan,SSD,1999-11,national
South Sudan,SSD,1999-12,national
South Sudan,SSD,2000-01,national
South Sudan,SSD,2000-02,national
South Sudan,SSD,2000-03,national
South Sudan,SSD,2000-04,national
South Sudan,SSD,2000-05,national
South Sudan,SSD,2000-06,national
South Sudan,SSD,2000-07,national
South Sudan,SSD,2000-08,national
South Sudan,SSD,2000-09,national
South Sudan,SSD,2000-10,national
South Sudan,SSD,2000-11,national
South Sudan,SSD,2000-12,national
South Sudan,SSD,2001-01,national
South Sudan,SSD,2001-02,national
South Sudan,SSD,2001-03,national
South Sudan,SSD,2001-04,national
South Sudan,SSD,2001-05,national
South Sudan,SSD,2001-06,national
South Sudan,SSD,2001-07,national
South Sudan,SSD,2001-08,national
South Sudan,SSD,2001-09,national
South Sudan,SSD,2001-10,national
South Sudan,SSD,2001-11,national
South Sudan,SSD,2001-12,national
South Sudan,SSD,2002-01,national
South Sudan,SSD,2002-02,national
South Sudan,SSD,2002-03,national
South Sudan,SSD,2002-04,national
South Sudan,SSD,2002-05,national
South Sudan,SSD,2002-06,national
South Sudan,SSD,2002-07,national
South Sudan,SSD,2002-08,national
South Sudan,SSD,2002-09,national
South Sudan,SSD,2002-10,national
South Sudan,SSD,2002-11,national
South Sudan,SSD,2002-12,national
South Sudan,SSD,2003-01,national
South Sudan,SSD,2003-02,national
South Sudan,SSD,2003-03,national
South Sudan,SSD,2003-04,national
South Sudan,SSD,2003-05,national
South Sudan,SSD,2003-06,national
South Sudan,SSD,2003-07,national
South Sudan,SSD,2003-08,national
South Sudan,SSD,2003-09,national
South Sudan,SSD,2003-10,national
South Sudan,SSD,2003-11,national
South Sudan,SSD,2003-12,national
South Sudan,SSD,2004-01,national
South Sudan,SSD,2004-02,national
South Sudan,SSD,2004-03,national
South Sudan,SSD,2004-04,national
South Sudan,SSD,2004-05,national
South Sudan,SSD,2004-06,national
South Sudan,SSD,2004-07,national
South Sudan,SSD,2004-08,national
South Sudan,SSD,2004-09,national
South Sudan,SSD,2004-10,national
South Sudan,SSD,2004-11,national
South Sudan,SSD,2004-12,national
South Sudan,SSD,2005-01,national
South Sudan,SSD,2005-02,national
South Sudan,SSD,2005-03,national
South Sudan,SSD,2005-04,national
South Sudan,SSD,2005-05,national
South Sudan,SSD,2005-06,national
South Sudan,SSD,2005-07,national
South Sudan,SSD,2005-08,national
South Sudan,SSD,2005-09,national
South Sudan,SSD,2005-10,national
South Sudan,SSD,2005-11,national
South Sudan,SSD,2005-12,national
South Sudan,SSD,2006-04,national
South Sudan,SSD,2006-05,national
South Sudan,SSD,2006-06,national
South Sudan,SSD,2006-07,national
South Sudan,SSD,2006-08,national
South Sudan,SSD,2006-09,national
South Sudan,SSD,2006-10,national
South Sudan,SSD,2006-11,national
South Sudan,SSD,2006-12,national
South Sudan,SSD,2007-07,national
South Sudan,SSD,2007-08,national
South Sudan,SSD,2007-09,national
South Sudan,SSD,2007-10,national
South Sudan,SSD,2007-11,national
South Sudan,SSD,2007-12,national
South Sudan,SSD,2008-01,national
South Sudan,SSD,2008-02,national
South Sudan,SSD,2008-03,national
South Sudan,SSD,2008-04,national
South Sudan,SSD,2008-05,national
South Sudan,SSD,2008-06,national
South Sudan,SSD,2008-07,national
South Sudan,SSD,2008-08,national
South Sudan,SSD,2008-09,national
South Sudan,SSD,2008-10,national
South Sudan,SSD,2008-11,national
South Sudan,SSD,2008-12,national
South Sudan,SSD,2009-01,national
South Sudan,SSD,2009-02,national
South Sudan,SSD,2009-03,national
South Sudan,SSD,2009-04,national
South Sudan,SSD,2009-05,national
South Sudan,SSD,2009-06,national
South Sudan,SSD,2009-07,national
South Sudan,SSD,2009-08,national
South Sudan,SSD,2009-09,national
South Sudan,SSD,2009-10,national
South Sudan,SSD,2009-11,national
South Sudan,SSD,2009-12,national
South Sudan,SSD,2010-01,national
South Sudan,SSD,2010-02,national
South Sudan,SSD,2010-03,national
South Sudan,SSD,2010-04,national
South Sudan,SSD,2010-06,national
South Sudan,SSD,2010-07,national
South Sudan,SSD,2010-08,national
South Sudan,SSD,2010-09,national
South Sudan,SSD,2010-10,national
South Sudan,SSD,2010-11,national
South Sudan,SSD,2010-12,national
South Sudan,SSD,2025-07,national
South Sudan,SSD,2025-08,national
Eswatini,SWZ,1970-01,national
Eswatini,SWZ,1970-02,national
Eswatini,SWZ,1970-03,national
Eswatini,SWZ,1970-04,national
Eswatini,SWZ,1970-05,national
Eswatini,SWZ,1970-06,national
Eswatini,SWZ,1970-07,national
Eswatini,SWZ,1970-08,national
Eswatini,SWZ,1970-09,national
Eswatini,SWZ,1970-10,national
Eswatini,SWZ,1970-11,national
Eswatini,SWZ,1970-12,national
Eswatini,SWZ,1971-01,national
Eswatini,SWZ,1971-02,national
Eswatini,SWZ,1971-03,national
Eswatini,SWZ,1971-04,national
Eswatini,SWZ,1971-05,national
Eswatini,SWZ,1971-06,national
Eswatini,SWZ,1971-07,national
Eswatini,SWZ,1971-08,national
Eswatini,SWZ,1971-09,national
Eswatini,SWZ,1971-10,national
Eswatini,SWZ,1971-11,national
Eswatini,SWZ,1971-12,national
Eswatini,SWZ,1972-01,national
Eswatini,SWZ,1972-02,national
Eswatini,SWZ,1972-03,national
Eswatini,SWZ,1972-04,national
Eswatini,SWZ,1972-05,national
Eswatini,SWZ,1972-06,national
Eswatini,SWZ,1972-07,national
Eswatini,SWZ,1972-08,national
Eswatini,SWZ,1972-09,national
Eswatini,SWZ,1972-10,national
Eswatini,SWZ,1972-11,national
Eswatini,SWZ,1972-12,national
Eswatini,SWZ,1973-01,national
Eswatini,SWZ,1973-02,national
Eswatini,SWZ,1973-03,national
Eswatini,SWZ,1973-04,national
Eswatini,SWZ,1973-05,national
Eswatini,SWZ,1973-06,national
Eswatini,SWZ,1973-07,national
Eswatini,SWZ,1973-08,national
Eswatini,SWZ,1973-09,national
Eswatini,SWZ,1973-10,national
Eswatini,SWZ,1973-11,national
Eswatini,SWZ,1973-12,national
Eswatini,SWZ,1974-01,national
Eswatini,SWZ,1974-02,national
Eswatini,SWZ,1974-03,national
Eswatini,SWZ,1974-04,national
Eswatini,SWZ,1974-05,national
Eswatini,SWZ,1974-06,national
Eswatini,SWZ,1974-07,national
Eswatini,SWZ,1974-08,national
Eswatini,SWZ,1974-09,national
Eswatini,SWZ,1974-10,national
Eswatini,SWZ,1974-11,national
Eswatini,SWZ,1974-12,national
Eswatini,SWZ,1975-01,national
Eswatini,SWZ,1975-02,national
Eswatini,SWZ,1975-03,national
Eswatini,SWZ,1975-04,national
Eswatini,SWZ,1975-05,national
Eswatini,SWZ,1975-06,national
Eswatini,SWZ,1975-07,national
Eswatini,SWZ,1975-08,national
Eswatini,SWZ,1975-09,national
Eswatini,SWZ,1975-10,national
Eswatini,SWZ,1975-11,national
Eswatini,SWZ,1975-12,national
Eswatini,SWZ,1976-01,national
Eswatini,SWZ,1976-02,national
Eswatini,SWZ,1976-03,national
Eswatini,SWZ,1976-04,national
Eswatini,SWZ,1976-05,national
Eswatini,SWZ,1976-06,national
Eswatini,SWZ,1976-07,national
Eswatini,SWZ,1976-08,national
Eswatini,SWZ,1976-09,national
Eswatini,SWZ,1976-10,national
Eswatini,SWZ,1976-11,national
Eswatini,SWZ,1976-12,national
Eswatini,SWZ,1977-01,national
Eswatini,SWZ,1977-02,national
Eswatini,SWZ,1977-03,national
Eswatini,SWZ,1977-04,national
Eswatini,SWZ,1977-05,national
Eswatini,SWZ,1977-06,national
Eswatini,SWZ,1977-07,national
Eswatini,SWZ,1977-08,national
Eswatini,SWZ,1977-09,national
Eswatini,SWZ,1977-10,national
Eswatini,SWZ,1977-11,national
Eswatini,SWZ,1977-12,national
Eswatini,SWZ,1978-01,national
Eswatini,SWZ,1978-02,national
Eswatini,SWZ,1978-03,national
Eswatini,SWZ,1978-04,national
Eswatini,SWZ,1978-05,national
Eswatini,SWZ,1978-06,national
Eswatini,SWZ,1978-07,national
Eswatini,SWZ,1978-08,national
Eswatini,SWZ,1978-09,national
Eswatini,SWZ,1978-10,national
Eswatini,SWZ,1978-11,national
Eswatini,SWZ,1978-12,national
Eswatini,SWZ,1979-01,national
Eswatini,SWZ,1979-02,national
Eswatini,SWZ,1979-03,national
Eswatini,SWZ,1979-04,national
Eswatini,SWZ,1979-05,national
Eswatini,SWZ,1979-06,national
Eswatini,SWZ,1979-07,national
Eswatini,SWZ,1979-08,national
Eswatini,SWZ,1979-09,national
Eswatini,SWZ,1979-10,national
Eswatini,SWZ,1979-11,national
Eswatini,SWZ,1979-12,national
Eswatini,SWZ,1980-01,national
Eswatini,SWZ,1980-02,national
Eswatini,SWZ,1980-03,national
Eswatini,SWZ,1980-04,national
Eswatini,SWZ,1980-05,national
Eswatini,SWZ,1980-06,national
Eswatini,SWZ,1980-07,national
Eswatini,SWZ,1980-08,national
Eswatini,SWZ,1980-09,national
Eswatini,SWZ,1980-10,national
Eswatini,SWZ,1980-11,national
Eswatini,SWZ,1980-12,national
Eswatini,SWZ,1981-01,national
Eswatini,SWZ,1981-02,national
Eswatini,SWZ,1981-03,national
Eswatini,SWZ,1981-04,national
Eswatini,SWZ,1981-05,national
Eswatini,SWZ,1981-06,national
Eswatini,SWZ,1981-07,national
Eswatini,SWZ,1981-08,national
Eswatini,SWZ,1981-09,national
Eswatini,SWZ,1981-10,national
Eswatini,SWZ,1981-11,national
Eswatini,SWZ,1981-12,national
Eswatini,SWZ,1982-01,national
Eswatini,SWZ,1982-02,national
Eswatini,SWZ,1982-03,national
Eswatini,SWZ,1982-04,national
Eswatini,SWZ,1982-05,national
Eswatini,SWZ,1982-06,national
Eswatini,SWZ,1982-07,national
Eswatini,SWZ,1982-08,national
Eswatini,SWZ,1982-09,national
Eswatini,SWZ,1982-10,national
Eswatini,SWZ,1982-11,national
Eswatini,SWZ,1982-12,national
Eswatini,SWZ,1983-01,national
Eswatini,SWZ,1983-02,national
Eswatini,SWZ,1983-03,national
Eswatini,SWZ,1983-04,national
Eswatini,SWZ,1983-05,national
Eswatini,SWZ,1983-06,national
Eswatini,SWZ,1983-07,national
Eswatini,SWZ,1983-08,national
Eswatini,SWZ,1983-09,national
Eswatini,SWZ,1983-10,national
Eswatini,SWZ,1983-11,national
Eswatini,SWZ,1983-12,national
Eswatini,SWZ,1984-01,national
Eswatini,SWZ,1984-02,national
Eswatini,SWZ,1984-03,national
Eswatini,SWZ,1984-04,national
Eswatini,SWZ,1984-05,national
Eswatini,SWZ,1984-06,national
Eswatini,SWZ,1984-07,national
Eswatini,SWZ,1984-08,national
Eswatini,SWZ,1984-09,national
Eswatini,SWZ,1984-10,national
Eswatini,SWZ,1984-11,national
Eswatini,SWZ,1984-12,national
Eswatini,SWZ,1985-01,national
Eswatini,SWZ,1985-02,national
Eswatini,SWZ,1985-03,national
Eswatini,SWZ,1985-04,national
Eswatini,SWZ,1985-05,national
Eswatini,SWZ,1985-06,national
Eswatini,SWZ,1985-07,national
Eswatini,SWZ,1985-08,national
Eswatini,SWZ,1985-09,national
Eswatini,SWZ,1985-10,national
Eswatini,SWZ,1985-11,national
Eswatini,SWZ,1985-12,national
Eswatini,SWZ,1986-01,national
Eswatini,SWZ,1986-02,national
Eswatini,SWZ,1986-03,national
Eswatini,SWZ,1986-04,national
Eswatini,SWZ,1986-05,national
Eswatini,SWZ,1986-06,national
Eswatini,SWZ,1986-07,national
Eswatini,SWZ,1986-08,national
Eswatini,SWZ,1986-09,national
Eswatini,SWZ,1986-10,national
Eswatini,SWZ,1986-11,national
Eswatini,SWZ,1986-12,national
Eswatini,SWZ,1987-01,national
Eswatini,SWZ,1987-02,national
Eswatini,SWZ,1987-03,national
Eswatini,SWZ,1987-04,national
Eswatini,SWZ,1987-05,national
Eswatini,SWZ,1987-06,national
Eswatini,SWZ,1987-07,national
Eswatini,SWZ,1987-08,national
Eswatini,SWZ,1987-09,national
Eswatini,SWZ,1987-10,national
Eswatini,SWZ,1987-11,national
Eswatini,SWZ,1987-12,national
Eswatini,SWZ,1988-01,national
Eswatini,SWZ,1988-02,national
Eswatini,SWZ,1988-03,national
Eswatini,SWZ,1988-04,national
Eswatini,SWZ,1988-05,national
Eswatini,SWZ,1988-06,national
Eswatini,SWZ,1988-07,national
Eswatini,SWZ,1988-08,national
Eswatini,SWZ,1988-09,national
Eswatini,SWZ,1988-10,national
Eswatini,SWZ,1988-11,national
Eswatini,SWZ,1988-12,national
Eswatini,SWZ,1989-01,national
Eswatini,SWZ,1989-02,national
Eswatini,SWZ,1989-03,national
Eswatini,SWZ,1989-04,national
Eswatini,SWZ,1989-05,national
Eswatini,SWZ,1989-06,national
Eswatini,SWZ,1989-07,national
Eswatini,SWZ,1989-08,national
Eswatini,SWZ,1989-09,national
Eswatini,SWZ,1989-10,national
Eswatini,SWZ,1989-11,national
Eswatini,SWZ,1989-12,national
Eswatini,SWZ,1990-01,national
Eswatini,SWZ,1990-02,national
Eswatini,SWZ,1990-03,national
Eswatini,SWZ,1990-04,national
Eswatini,SWZ,1990-05,national
Eswatini,SWZ,1990-06,national
Eswatini,SWZ,1990-07,national
Eswatini,SWZ,1990-08,national
Eswatini,SWZ,1990-09,national
Eswatini,SWZ,1990-10,national
Eswatini,SWZ,1990-11,national
Eswatini,SWZ,1990-12,national
Eswatini,SWZ,1991-01,national
Eswatini,SWZ,1991-02,national
Eswatini,SWZ,1991-03,national
Eswatini,SWZ,1991-04,national
Eswatini,SWZ,1991-05,national
Eswatini,SWZ,1991-06,national
Eswatini,SWZ,1991-07,national
Eswatini,SWZ,1991-08,national
Eswatini,SWZ,1991-09,national
Eswatini,SWZ,1991-10,national
Eswatini,SWZ,1991-11,national
Eswatini,SWZ,1991-12,national
Eswatini,SWZ,1992-01,national
Eswatini,SWZ,1992-02,national
Eswatini,SWZ,1992-03,national
Eswatini,SWZ,1992-04,national
Eswatini,SWZ,1992-05,national
Eswatini,SWZ,1992-06,national
Eswatini,SWZ,1992-07,national
Eswatini,SWZ,1992-08,national
Eswatini,SWZ,1992-09,national
Eswatini,SWZ,1992-10,national
Eswatini,SWZ,1992-11,national
Eswatini,SWZ,1992-12,national
Eswatini,SWZ,1993-01,national
Eswatini,SWZ,1993-02,national
Eswatini,SWZ,1993-03,national
Eswatini,SWZ,1993-04,national
Eswatini,SWZ,1993-05,national
Eswatini,SWZ,1993-06,national
Eswatini,SWZ,1993-07,national
Eswatini,SWZ,1993-08,national
Eswatini,SWZ,1993-09,national
Eswatini,SWZ,1993-10,national
Eswatini,SWZ,1993-11,national
Eswatini,SWZ,1993-12,national
Eswatini,SWZ,1994-01,national
Eswatini,SWZ,1994-02,national
Eswatini,SWZ,1994-03,national
Eswatini,SWZ,1994-04,national
Eswatini,SWZ,1994-05,national
Eswatini,SWZ,1994-06,national
Eswatini,SWZ,1994-07,national
Eswatini,SWZ,1994-08,national
Eswatini,SWZ,1994-09,national
Eswatini,SWZ,1994-10,national
Eswatini,SWZ,1994-11,national
Eswatini,SWZ,1994-12,national
Eswatini,SWZ,1995-01,national
Eswatini,SWZ,1995-02,national
Eswatini,SWZ,1995-03,national
Eswatini,SWZ,1995-04,national
Eswatini,SWZ,1995-05,national
Eswatini,SWZ,1995-06,national
Eswatini,SWZ,1995-07,national
Eswatini,SWZ,1995-08,national
Eswatini,SWZ,1995-09,national
Eswatini,SWZ,1995-10,national
Eswatini,SWZ,1995-11,national
Eswatini,SWZ,1995-12,national
Eswatini,SWZ,1996-01,national
Eswatini,SWZ,1996-02,national
Eswatini,SWZ,1996-03,national
Eswatini,SWZ,1996-04,national
Eswatini,SWZ,1996-05,national
Eswatini,SWZ,1996-06,national
Eswatini,SWZ,1996-07,national
Eswatini,SWZ,1996-08,national
Eswatini,SWZ,1996-09,national
Eswatini,SWZ,1996-10,national
Eswatini,SWZ,1996-11,national
Eswatini,SWZ,1996-12,national
Eswatini,SWZ,1997-01,national
Eswatini,SWZ,1997-02,national
Eswatini,SWZ,1997-03,national
Eswatini,SWZ,1997-04,national
Eswatini,SWZ,1997-05,national
Eswatini,SWZ,1997-06,national
Eswatini,SWZ,1997-07,national
Eswatini,SWZ,1997-08,national
Eswatini,SWZ,1997-09,national
Eswatini,SWZ,1997-10,national
Eswatini,SWZ,1997-11,national
Eswatini,SWZ,1997-12,national
Eswatini,SWZ,1998-01,national
Eswatini,SWZ,1998-02,national
Eswatini,SWZ,1998-03,national
Eswatini,SWZ,1998-04,national
Eswatini,SWZ,1998-05,national
Eswatini,SWZ,1998-06,national
Eswatini,SWZ,1998-07,national
Eswatini,SWZ,1998-08,national
Eswatini,SWZ,1998-09,national
Eswatini,SWZ,1998-10,national
Eswatini,SWZ,1998-11,national
Eswatini,SWZ,1998-12,national
Eswatini,SWZ,1999-01,national
Eswatini,SWZ,1999-02,national
Eswatini,SWZ,1999-03,national
Eswatini,SWZ,1999-04,national
Eswatini,SWZ,1999-05,national
Eswatini,SWZ,1999-06,national
Eswatini,SWZ,1999-07,national
Eswatini,SWZ,1999-08,national
Eswatini,SWZ,1999-09,national
Eswatini,SWZ,1999-10,national
Eswatini,SWZ,1999-11,national
Eswatini,SWZ,1999-12,national
Eswatini,SWZ,2000-01,national
Eswatini,SWZ,2000-02,national
Eswatini,SWZ,2000-03,national
Eswatini,SWZ,2000-04,national
Eswatini,SWZ,2000-05,national
Eswatini,SWZ,2000-06,national
Eswatini,SWZ,2000-07,national
Eswatini,SWZ,2000-08,national
Eswatini,SWZ,2000-09,national
Eswatini,SWZ,2000-10,national
Eswatini,SWZ,2000-11,national
Eswatini,SWZ,2000-12,national
Eswatini,SWZ,2001-01,national
Eswatini,SWZ,2001-02,national
Eswatini,SWZ,2001-03,national
Eswatini,SWZ,2001-04,national
Eswatini,SWZ,2001-05,national
Eswatini,SWZ,2001-06,national
Eswatini,SWZ,2001-07,national
Eswatini,SWZ,2001-08,national
Eswatini,SWZ,2001-09,national
Eswatini,SWZ,2001-10,national
Eswatini,SWZ,2001-11,national
Eswatini,SWZ,2001-12,national
Eswatini,SWZ,2002-01,national
Eswatini,SWZ,2002-02,national
Eswatini,SWZ,2002-03,national
Eswatini,SWZ,2002-04,national
Eswatini,SWZ,2002-05,national
Eswatini,SWZ,2002-06,national
Eswatini,SWZ,2002-07,national
Eswatini,SWZ,2002-08,national
Eswatini,SWZ,2002-09,national
Eswatini,SWZ,2002-10,national
Eswatini,SWZ,2002-11,national
Eswatini,SWZ,2002-12,national
Eswatini,SWZ,2003-01,national
Eswatini,SWZ,2003-02,national
Eswatini,SWZ,2003-03,national
Eswatini,SWZ,2003-04,national
Eswatini,SWZ,2003-05,national
Eswatini,SWZ,2003-06,national
Eswatini,SWZ,2003-07,national
Eswatini,SWZ,2003-08,national
Eswatini,SWZ,2003-09,national
Eswatini,SWZ,2003-10,national
Eswatini,SWZ,2003-11,national
Eswatini,SWZ,2003-12,national
Eswatini,SWZ,2004-01,national
Eswatini,SWZ,2004-02,national
Eswatini,SWZ,2004-03,national
Eswatini,SWZ,2004-04,national
Eswatini,SWZ,2004-05,national
Eswatini,SWZ,2004-06,national
Eswatini,SWZ,2004-07,national
Eswatini,SWZ,2004-08,national
Eswatini,SWZ,2004-09,national
Eswatini,SWZ,2004-10,national
Eswatini,SWZ,2004-11,national
Eswatini,SWZ,2004-12,national
Eswatini,SWZ,2005-01,national
Eswatini,SWZ,2005-02,national
Eswatini,SWZ,2005-03,national
Eswatini,SWZ,2005-04,national
Eswatini,SWZ,2005-05,national
Eswatini,SWZ,2005-06,national
Eswatini,SWZ,2005-07,national
Eswatini,SWZ,2005-08,national
Eswatini,SWZ,2005-09,national
Eswatini,SWZ,2005-10,national
Eswatini,SWZ,2005-11,national
Eswatini,SWZ,2005-12,national
Eswatini,SWZ,2006-01,national
Eswatini,SWZ,2006-02,national
Eswatini,SWZ,2006-03,national
Eswatini,SWZ,2006-04,national
Eswatini,SWZ,2006-05,national
Eswatini,SWZ,2006-06,national
Eswatini,SWZ,2006-07,national
Eswatini,SWZ,2006-08,national
Eswatini,SWZ,2006-09,national
Eswatini,SWZ,2006-10,national
Eswatini,SWZ,2006-11,national
Eswatini,SWZ,2006-12,national
Eswatini,SWZ,2007-01,national
Eswatini,SWZ,2007-02,national
Eswatini,SWZ,2007-03,national
Eswatini,SWZ,2007-04,national
Eswatini,SWZ,2007-05,national
Eswatini,SWZ,2007-06,national
Eswatini,SWZ,2007-07,national
Eswatini,SWZ,2007-08,national
Eswatini,SWZ,2007-09,national
Eswatini,SWZ,2007-10,national
Eswatini,SWZ,2007-11,national
Eswatini,SWZ,2007-12,national
Eswatini,SWZ,2008-01,national
Eswatini,SWZ,2008-02,national
Eswatini,SWZ,2008-03,national
Eswatini,SWZ,2008-04,national
Eswatini,SWZ,2008-05,national
Eswatini,SWZ,2008-06,national
Eswatini,SWZ,2008-07,national
Eswatini,SWZ,2008-08,national
Eswatini,SWZ,2008-09,national
Eswatini,SWZ,2008-10,national
Eswatini,SWZ,2008-11,national
Eswatini,SWZ,2008-12,national
Eswatini,SWZ,2009-01,national
Eswatini,SWZ,2009-02,national
Eswatini,SWZ,2009-03,national
Eswatini,SWZ,2009-04,national
Eswatini,SWZ,2009-05,national
Eswatini,SWZ,2009-06,national
Eswatini,SWZ,2009-07,national
Eswatini,SWZ,2009-08,national
Eswatini,SWZ,2009-09,national
Eswatini,SWZ,2009-10,national
Eswatini,SWZ,2009-11,national
Eswatini,SWZ,2009-12,national
Eswatini,SWZ,2010-01,national
Eswatini,SWZ,2010-02,national
Eswatini,SWZ,2010-03,national
Eswatini,SWZ,2010-04,national
Eswatini,SWZ,2010-05,national
Eswatini,SWZ,2010-06,national
Eswatini,SWZ,2010-07,national
Eswatini,SWZ,2010-08,national
Eswatini,SWZ,2010-09,national
Eswatini,SWZ,2010-10,national
Eswatini,SWZ,2010-11,national
Eswatini,SWZ,2010-12,national
Eswatini,SWZ,2011-01,national
Eswatini,SWZ,2011-02,national
Eswatini,SWZ,2011-03,national
Eswatini,SWZ,2011-04,national
Eswatini,SWZ,2011-05,national
Eswatini,SWZ,2011-06,national
Eswatini,SWZ,2011-07,national
Eswatini,SWZ,2011-08,national
Eswatini,SWZ,2011-09,national
Eswatini,SWZ,2011-10,national
Eswatini,SWZ,2011-11,national
Eswatini,SWZ,2011-12,national
Eswatini,SWZ,2012-01,national
Eswatini,SWZ,2012-02,national
Eswatini,SWZ,2012-03,national
Eswatini,SWZ,2012-04,national
Eswatini,SWZ,2012-05,national
Eswatini,SWZ,2012-06,national
Eswatini,SWZ,2012-07,national
Eswatini,SWZ,2012-08,national
Eswatini,SWZ,2012-09,national
Eswatini,SWZ,2012-10,national
Eswatini,SWZ,2012-11,national
Eswatini,SWZ,2012-12,national
Eswatini,SWZ,2013-01,national
Eswatini,SWZ,2013-02,national
Eswatini,SWZ,2013-03,national
Eswatini,SWZ,2013-04,national
Eswatini,SWZ,2013-05,national
Eswatini,SWZ,2013-06,national
Eswatini,SWZ,2013-07,national
Eswatini,SWZ,2013-08,national
Eswatini,SWZ,2013-09,national
Eswatini,SWZ,2013-10,national
Eswatini,SWZ,2013-11,national
Eswatini,SWZ,2013-12,national
Eswatini,SWZ,2014-01,national
Eswatini,SWZ,2014-02,national
Eswatini,SWZ,2014-03,national
Eswatini,SWZ,2014-04,national
Eswatini,SWZ,2014-05,national
Eswatini,SWZ,2014-06,national
Eswatini,SWZ,2014-07,national
Eswatini,SWZ,2014-08,national
Eswatini,SWZ,2014-09,national
Eswatini,SWZ,2014-10,national
Eswatini,SWZ,2014-11,national
Eswatini,SWZ,2014-12,national
Eswatini,SWZ,2015-01,national
Eswatini,SWZ,2015-02,national
Eswatini,SWZ,2015-03,national
Eswatini,SWZ,2015-04,national
Eswatini,SWZ,2015-05,national
Eswatini,SWZ,2015-06,national
Eswatini,SWZ,2015-07,national
Eswatini,SWZ,2015-08,national
Eswatini,SWZ,2015-09,national
Eswatini,SWZ,2015-10,national
Eswatini,SWZ,2015-11,national
Eswatini,SWZ,2015-12,national
Eswatini,SWZ,2016-01,national
Eswatini,SWZ,2016-02,national
Eswatini,SWZ,2016-03,national
Eswatini,SWZ,2016-04,national
Eswatini,SWZ,2016-05,national
Eswatini,SWZ,2016-06,national
Eswatini,SWZ,2016-07,national
Eswatini,SWZ,2016-08,national
Eswatini,SWZ,2016-09,national
Eswatini,SWZ,2016-10,national
Eswatini,SWZ,2016-11,national
Eswatini,SWZ,2016-12,national
Eswatini,SWZ,2017-01,national
Eswatini,SWZ,2017-02,national
Eswatini,SWZ,2017-03,national
Eswatini,SWZ,2017-04,national
Eswatini,SWZ,2017-05,national
Eswatini,SWZ,2017-06,national
Eswatini,SWZ,2017-07,national
Eswatini,SWZ,2017-08,national
Eswatini,SWZ,2017-09,national
Eswatini,SWZ,2017-10,national
Eswatini,SWZ,2017-11,national
Eswatini,SWZ,2017-12,national
Eswatini,SWZ,2018-01,national
Eswatini,SWZ,2018-02,national
Eswatini,SWZ,2018-03,national
Eswatini,SWZ,2018-04,national
Eswatini,SWZ,2018-05,national
Eswatini,SWZ,2018-06,national
Eswatini,SWZ,2018-07,national
Eswatini,SWZ,2018-08,national
Eswatini,SWZ,2018-09,national
Eswatini,SWZ,2018-10,national
Eswatini,SWZ,2018-11,national
Eswatini,SWZ,2018-12,national
Eswatini,SWZ,2019-01,national
Eswatini,SWZ,2019-02,national
Eswatini,SWZ,2019-03,national
Eswatini,SWZ,2019-04,national
Eswatini,SWZ,2019-05,national
Eswatini,SWZ,2019-06,national
Eswatini,SWZ,2019-07,national
Eswatini,SWZ,2019-08,national
Eswatini,SWZ,2019-09,national
Eswatini,SWZ,2019-10,national
Eswatini,SWZ,2019-11,national
Eswatini,SWZ,2019-12,national
Eswatini,SWZ,2020-01,national
Eswatini,SWZ,2020-02,national
Eswatini,SWZ,2020-03,national
Eswatini,SWZ,2020-04,national
Eswatini,SWZ,2020-05,national
Eswatini,SWZ,2020-06,national
Eswatini,SWZ,2020-07,national
Eswatini,SWZ,2020-08,national
Eswatini,SWZ,2020-09,national
Eswatini,SWZ,2020-10,national
Eswatini,SWZ,2020-11,national
Eswatini,SWZ,2020-12,national
Eswatini,SWZ,2021-01,national
Eswatini,SWZ,2021-02,national
Eswatini,SWZ,2021-03,national
Eswatini,SWZ,2021-04,national
Eswatini,SWZ,2021-05,national
Eswatini,SWZ,2021-06,national
Eswatini,SWZ,2021-07,national
Eswatini,SWZ,2021-08,national
Eswatini,SWZ,2021-09,national
Eswatini,SWZ,2021-10,national
Eswatini,SWZ,2021-11,national
Eswatini,SWZ,2021-12,national
Eswatini,SWZ,2022-01,national
Eswatini,SWZ,2022-02,national
Eswatini,SWZ,2022-03,national
Eswatini,SWZ,2022-04,national
Eswatini,SWZ,2022-05,national
Eswatini,SWZ,2022-06,national
Eswatini,SWZ,2022-07,national
Eswatini,SWZ,2022-08,national
Eswatini,SWZ,2022-09,national
Eswatini,SWZ,2022-10,national
Eswatini,SWZ,2022-11,national
Eswatini,SWZ,2022-12,national
Eswatini,SWZ,2023-01,national
Eswatini,SWZ,2023-02,national
Eswatini,SWZ,2023-03,national
Eswatini,SWZ,2023-04,national
Eswatini,SWZ,2023-05,national
Eswatini,SWZ,2023-06,national
Eswatini,SWZ,2023-07,national
Eswatini,SWZ,2023-08,national
Eswatini,SWZ,2023-09,national
Eswatini,SWZ,2023-10,national
Eswatini,SWZ,2023-11,national
Eswatini,SWZ,2023-12,national
Eswatini,SWZ,2024-01,national
Eswatini,SWZ,2024-02,national
Eswatini,SWZ,2024-03,national
Eswatini,SWZ,2024-04,national
Eswatini,SWZ,2024-05,national
Eswatini,SWZ,2024-06,national
Eswatini,SWZ,2024-07,national
Eswatini,SWZ,2024-08,national
Eswatini,SWZ,2024-09,national
Eswatini,SWZ,2024-10,national
Eswatini,SWZ,2024-11,national
Eswatini,SWZ,2024-12,national
Eswatini,SWZ,2025-01,national
Eswatini,SWZ,2025-02,national
Eswatini,SWZ,2025-03,national
Eswatini,SWZ,2025-04,national
Eswatini,SWZ,2025-05,national
Eswatini,SWZ,2025-06,national
Eswatini,SWZ,2025-07,national
Eswatini,SWZ,2025-08,national
Chad,TCD,1970-01,national
Chad,TCD,1970-02,national
Chad,TCD,1970-03,national
Chad,TCD,1970-04,national
Chad,TCD,1970-05,national
Chad,TCD,1970-06,national
Chad,TCD,1970-07,national
Chad,TCD,1970-08,national
Chad,TCD,1970-09,national
Chad,TCD,1970-10,national
Chad,TCD,1970-11,national
Chad,TCD,1970-12,national
Chad,TCD,1973-01,national
Chad,TCD,1973-02,national
Chad,TCD,1973-03,national
Chad,TCD,1973-04,national
Chad,TCD,1973-05,national
Chad,TCD,1973-06,national
Chad,TCD,1973-07,national
Chad,TCD,1973-08,national
Chad,TCD,1973-09,national
Chad,TCD,1973-10,national
Chad,TCD,1973-11,national
Chad,TCD,1973-12,national
Chad,TCD,1975-01,national
Chad,TCD,1975-02,national
Chad,TCD,1975-03,national
Chad,TCD,1975-04,national
Chad,TCD,1975-05,national
Chad,TCD,1975-06,national
Chad,TCD,1975-07,national
Chad,TCD,1975-08,national
Chad,TCD,1975-09,national
Chad,TCD,1975-10,national
Chad,TCD,1975-11,national
Chad,TCD,1975-12,national
Chad,TCD,1976-01,national
Chad,TCD,1976-02,national
Chad,TCD,1976-03,national
Chad,TCD,1976-04,national
Chad,TCD,1976-05,national
Chad,TCD,1976-06,national
Chad,TCD,1976-07,national
Chad,TCD,1976-08,national
Chad,TCD,1976-09,national
Chad,TCD,1976-10,national
Chad,TCD,1976-11,national
Chad,TCD,1976-12,national
Chad,TCD,1977-01,national
Chad,TCD,1977-02,national
Chad,TCD,1977-03,national
Chad,TCD,1977-04,national
Chad,TCD,1977-05,national
Chad,TCD,1977-06,national
Chad,TCD,1977-07,national
Chad,TCD,1977-08,national
Chad,TCD,1977-09,national
Chad,TCD,1977-10,national
Chad,TCD,1977-11,national
Chad,TCD,1977-12,national
Chad,TCD,1978-01,national
Chad,TCD,1978-02,national
Chad,TCD,1978-03,national
Chad,TCD,1978-04,national
Chad,TCD,1978-05,national
Chad,TCD,1978-06,national
Chad,TCD,1978-07,national
Chad,TCD,1978-08,national
Chad,TCD,1978-09,national
Chad,TCD,1978-10,national
Chad,TCD,1978-11,national
Chad,TCD,1978-12,national
Chad,TCD,1979-01,national
Chad,TCD,1979-02,national
Chad,TCD,1979-03,national
Chad,TCD,1979-04,national
Chad,TCD,1979-05,national
Chad,TCD,1979-06,national
Chad,TCD,1979-07,national
Chad,TCD,1979-08,national
Chad,TCD,1979-09,national
Chad,TCD,1979-10,national
Chad,TCD,1979-11,national
Chad,TCD,1979-12,national
Chad,TCD,1980-01,national
Chad,TCD,1980-02,national
Chad,TCD,1980-03,national
Chad,TCD,1980-04,national
Chad,TCD,1980-05,national
Chad,TCD,1980-06,national
Chad,TCD,1980-07,national
Chad,TCD,1980-08,national
Chad,TCD,1980-09,national
Chad,TCD,1980-10,national
Chad,TCD,1980-11,national
Chad,TCD,1980-12,national
Chad,TCD,1981-01,national
Chad,TCD,1981-02,national
Chad,TCD,1981-03,national
Chad,TCD,1981-04,national
Chad,TCD,1981-05,national
Chad,TCD,1981-06,national
Chad,TCD,1981-07,national
Chad,TCD,1981-08,national
Chad,TCD,1981-09,national
Chad,TCD,1981-10,national
Chad,TCD,1981-11,national
Chad,TCD,1981-12,national
Chad,TCD,1982-01,national
Chad,TCD,1982-02,national
Chad,TCD,1982-03,national
Chad,TCD,1982-04,national
Chad,TCD,1982-05,national
Chad,TCD,1982-06,national
Chad,TCD,1982-07,national
Chad,TCD,1982-08,national
Chad,TCD,1982-09,national
Chad,TCD,1982-10,national
Chad,TCD,1982-11,national
Chad,TCD,1982-12,national
Chad,TCD,1983-01,national
Chad,TCD,1983-02,national
Chad,TCD,1983-03,national
Chad,TCD,1983-04,national
Chad,TCD,1983-05,national
Chad,TCD,1983-06,national
Chad,TCD,1983-07,national
Chad,TCD,1983-08,national
Chad,TCD,1983-09,national
Chad,TCD,1983-10,national
Chad,TCD,1983-11,national
Chad,TCD,1983-12,national
Chad,TCD,1984-01,national
Chad,TCD,1984-02,national
Chad,TCD,1984-03,national
Chad,TCD,1984-04,national
Chad,TCD,1984-05,national
Chad,TCD,1984-06,national
Chad,TCD,1984-07,national
Chad,TCD,1984-08,national
Chad,TCD,1984-09,national
Chad,TCD,1984-10,national
Chad,TCD,1984-11,national
Chad,TCD,1984-12,national
Chad,TCD,1985-01,national
Chad,TCD,1985-02,national
Chad,TCD,1985-03,national
Chad,TCD,1985-04,national
Chad,TCD,1985-05,national
Chad,TCD,1985-06,national
Chad,TCD,1985-07,national
Chad,TCD,1985-08,national
Chad,TCD,1985-09,national
Chad,TCD,1985-10,national
Chad,TCD,1985-11,national
Chad,TCD,1985-12,national
Chad,TCD,1986-01,national
Chad,TCD,1986-02,national
Chad,TCD,1986-03,national
Chad,TCD,1986-04,national
Chad,TCD,1986-05,national
Chad,TCD,1986-06,national
Chad,TCD,1986-07,national
Chad,TCD,1986-08,national
Chad,TCD,1986-09,national
Chad,TCD,1986-10,national
Chad,TCD,1986-11,national
Chad,TCD,1986-12,national
Chad,TCD,1987-01,national
Chad,TCD,1987-02,national
Chad,TCD,1987-03,national
Chad,TCD,1987-04,national
Chad,TCD,1987-05,national
Chad,TCD,1987-06,national
Chad,TCD,1987-07,national
Chad,TCD,1987-08,national
Chad,TCD,1987-09,national
Chad,TCD,1987-10,national
Chad,TCD,1987-11,national
Chad,TCD,1987-12,national
Chad,TCD,1988-01,national
Chad,TCD,1988-02,national
Chad,TCD,1988-03,national
Chad,TCD,1988-04,national
Chad,TCD,1988-05,national
Chad,TCD,1988-06,national
Chad,TCD,1988-07,national
Chad,TCD,1988-08,national
Chad,TCD,1988-09,national
Chad,TCD,1988-10,national
Chad,TCD,1988-11,national
Chad,TCD,1988-12,national
Chad,TCD,1989-01,national
Chad,TCD,1989-02,national
Chad,TCD,1989-03,national
Chad,TCD,1989-04,national
Chad,TCD,1989-05,national
Chad,TCD,1989-06,national
Chad,TCD,1989-07,national
Chad,TCD,1989-08,national
Chad,TCD,1989-09,national
Chad,TCD,1989-10,national
Chad,TCD,1989-11,national
Chad,TCD,1989-12,national
Chad,TCD,1990-01,national
Chad,TCD,1990-02,national
Chad,TCD,1990-03,national
Chad,TCD,1990-04,national
Chad,TCD,1990-05,national
Chad,TCD,1990-06,national
Chad,TCD,1990-07,national
Chad,TCD,1990-08,national
Chad,TCD,1990-09,national
Chad,TCD,1990-10,national
Chad,TCD,1990-11,national
Chad,TCD,1990-12,national
Chad,TCD,1992-01,national
Chad,TCD,1992-02,national
Chad,TCD,1992-03,national
Chad,TCD,1992-04,national
Chad,TCD,1992-05,national
Chad,TCD,1992-06,national
Chad,TCD,1992-07,national
Chad,TCD,1992-08,national
Chad,TCD,1992-09,national
Chad,TCD,1992-10,national
Chad,TCD,1992-11,national
Chad,TCD,1992-12,national
Chad,TCD,1993-01,national
Chad,TCD,1993-02,national
Chad,TCD,1993-03,national
Chad,TCD,1993-04,national
Chad,TCD,1993-05,national
Chad,TCD,1993-06,national
Chad,TCD,1993-07,national
Chad,TCD,1993-08,national
Chad,TCD,1993-09,national
Chad,TCD,1993-10,national
Chad,TCD,1993-11,national
Chad,TCD,1993-12,national
Chad,TCD,1995-01,national
Chad,TCD,1995-02,national
Chad,TCD,1995-03,national
Chad,TCD,1995-04,national
Chad,TCD,1995-05,national
Chad,TCD,1995-06,national
Chad,TCD,1995-07,national
Chad,TCD,1995-08,national
Chad,TCD,1995-09,national
Chad,TCD,1995-10,national
Chad,TCD,1995-11,national
Chad,TCD,1995-12,national
Chad,TCD,2000-01,national
Chad,TCD,2000-02,national
Chad,TCD,2000-03,national
Chad,TCD,2000-04,national
Chad,TCD,2000-05,national
Chad,TCD,2000-06,national
Chad,TCD,2000-07,national
Chad,TCD,2000-08,national
Chad,TCD,2000-09,national
Chad,TCD,2000-10,national
Chad,TCD,2000-11,national
Chad,TCD,2000-12,national
Chad,TCD,2002-01,national
Chad,TCD,2002-02,national
Chad,TCD,2002-03,national
Chad,TCD,2002-04,national
Chad,TCD,2002-05,national
Chad,TCD,2002-06,national
Chad,TCD,2002-07,national
Chad,TCD,2002-08,national
Chad,TCD,2002-09,national
Chad,TCD,2002-10,national
Chad,TCD,2002-11,national
Chad,TCD,2002-12,national
Chad,TCD,2008-01,national
Chad,TCD,2008-02,national
Chad,TCD,2008-03,national
Chad,TCD,2008-04,national
Chad,TCD,2008-05,national
Chad,TCD,2008-06,national
Chad,TCD,2008-07,national
Chad,TCD,2008-08,national
Chad,TCD,2008-09,national
Chad,TCD,2008-10,national
Chad,TCD,2008-11,national
Chad,TCD,2008-12,national
Chad,TCD,2012-01,national
Chad,TCD,2012-02,national
Chad,TCD,2012-03,national
Chad,TCD,2012-04,national
Chad,TCD,2012-05,national
Chad,TCD,2012-06,national
Chad,TCD,2012-07,national
Chad,TCD,2012-08,national
Chad,TCD,2012-09,national
Chad,TCD,2012-10,national
Chad,TCD,2012-11,national
Chad,TCD,2012-12,national
Chad,TCD,2013-01,national
Chad,TCD,2013-02,national
Chad,TCD,2013-03,national
Chad,TCD,2013-04,national
Chad,TCD,2013-05,national
Chad,TCD,2013-06,national
Chad,TCD,2013-07,national
Chad,TCD,2013-08,national
Chad,TCD,2013-09,national
Chad,TCD,2013-10,national
Chad,TCD,2013-11,national
Chad,TCD,2024-01,national
Chad,TCD,2024-02,national
Chad,TCD,2024-03,national
Chad,TCD,2024-04,national
Chad,TCD,2024-05,national
Chad,TCD,2024-06,national
Chad,TCD,2024-07,national
Chad,TCD,2024-08,national
Chad,TCD,2024-09,national
Chad,TCD,2024-10,national
Chad,TCD,2024-11,national
Chad,TCD,2024-12,national
Chad,TCD,2025-01,national
Chad,TCD,2025-02,national
Chad,TCD,2025-03,national
Chad,TCD,2025-04,national
Chad,TCD,2025-05,national
Chad,TCD,2025-06,national
Chad,TCD,2025-07,national
Chad,TCD,2025-08,national
Togo,TGO,1973-01,national
Togo,TGO,1973-02,national
Togo,TGO,1973-03,national
Togo,TGO,1973-04,national
Togo,TGO,1973-05,national
Togo,TGO,1973-06,national
Togo,TGO,1973-07,national
Togo,TGO,1973-08,national
Togo,TGO,1973-09,national
Togo,TGO,1973-10,national
Togo,TGO,1973-11,national
Togo,TGO,1973-12,national
Togo,TGO,1975-01,national
Togo,TGO,1975-02,national
Togo,TGO,1975-03,national
Togo,TGO,1975-04,national
Togo,TGO,1975-05,national
Togo,TGO,1975-06,national
Togo,TGO,1975-07,national
Togo,TGO,1975-08,national
Togo,TGO,1975-09,national
Togo,TGO,1975-10,national
Togo,TGO,1975-11,national
Togo,TGO,1975-12,national
Togo,TGO,1976-01,national
Togo,TGO,1976-02,national
Togo,TGO,1976-03,national
Togo,TGO,1976-04,national
Togo,TGO,1976-05,national
Togo,TGO,1976-06,national
Togo,TGO,1976-07,national
Togo,TGO,1976-08,national
Togo,TGO,1976-09,national
Togo,TGO,1976-10,national
Togo,TGO,1976-11,national
Togo,TGO,1976-12,national
Togo,TGO,1979-01,national
Togo,TGO,1979-02,national
Togo,TGO,1979-03,national
Togo,TGO,1979-04,national
Togo,TGO,1979-05,national
Togo,TGO,1979-06,national
Togo,TGO,1979-07,national
Togo,TGO,1979-08,national
Togo,TGO,1979-09,national
Togo,TGO,1979-10,national
Togo,TGO,1979-11,national
Togo,TGO,1979-12,national
Togo,TGO,1980-01,national
Togo,TGO,1980-02,national
Togo,TGO,1980-03,national
Togo,TGO,1980-04,national
Togo,TGO,1980-05,national
Togo,TGO,1980-06,national
Togo,TGO,1980-07,national
Togo,TGO,1980-08,national
Togo,TGO,1980-09,national
Togo,TGO,1980-10,national
Togo,TGO,1980-11,national
Togo,TGO,1980-12,national
Togo,TGO,1981-01,national
Togo,TGO,1981-02,national
Togo,TGO,1981-03,national
Togo,TGO,1981-04,national
Togo,TGO,1981-05,national
Togo,TGO,1981-06,national
Togo,TGO,1981-07,national
Togo,TGO,1981-08,national
Togo,TGO,1981-09,national
Togo,TGO,1981-10,national
Togo,TGO,1981-11,national
Togo,TGO,1981-12,national
Togo,TGO,1982-01,national
Togo,TGO,1982-02,national
Togo,TGO,1982-03,national
Togo,TGO,1982-04,national
Togo,TGO,1982-05,national
Togo,TGO,1982-06,national
Togo,TGO,1982-07,national
Togo,TGO,1982-08,national
Togo,TGO,1982-09,national
Togo,TGO,1982-10,national
Togo,TGO,1982-11,national
Togo,TGO,1982-12,national
Togo,TGO,1983-01,national
Togo,TGO,1983-02,national
Togo,TGO,1983-03,national
Togo,TGO,1983-04,national
Togo,TGO,1983-05,national
Togo,TGO,1983-06,national
Togo,TGO,1983-07,national
Togo,TGO,1983-08,national
Togo,TGO,1983-09,national
Togo,TGO,1983-10,national
Togo,TGO,1983-11,national
Togo,TGO,1983-12,national
Togo,TGO,1984-01,national
Togo,TGO,1984-02,national
Togo,TGO,1984-03,national
Togo,TGO,1984-04,national
Togo,TGO,1984-05,national
Togo,TGO,1984-06,national
Togo,TGO,1984-07,national
Togo,TGO,1984-08,national
Togo,TGO,1984-09,national
Togo,TGO,1984-10,national
Togo,TGO,1984-11,national
Togo,TGO,1984-12,national
Togo,TGO,1985-01,national
Togo,TGO,1985-02,national
Togo,TGO,1985-03,national
Togo,TGO,1985-04,national
Togo,TGO,1985-05,national
Togo,TGO,1985-06,national
Togo,TGO,1985-07,national
Togo,TGO,1985-08,national
Togo,TGO,1985-09,national
Togo,TGO,1985-10,national
Togo,TGO,1985-11,national
Togo,TGO,1985-12,national
Togo,TGO,1986-01,national
Togo,TGO,1986-02,national
Togo,TGO,1986-03,national
Togo,TGO,1986-04,national
Togo,TGO,1986-05,national
Togo,TGO,1986-06,national
Togo,TGO,1986-07,national
Togo,TGO,1986-08,national
Togo,TGO,1986-09,national
Togo,TGO,1986-10,national
Togo,TGO,1986-11,national
Togo,TGO,1986-12,national
Togo,TGO,1987-01,national
Togo,TGO,1987-02,national
Togo,TGO,1987-03,national
Togo,TGO,1987-04,national
Togo,TGO,1987-05,national
Togo,TGO,1987-06,national
Togo,TGO,1987-07,national
Togo,TGO,1987-08,national
Togo,TGO,1987-09,national
Togo,TGO,1987-10,national
Togo,TGO,1987-11,national
Togo,TGO,1987-12,national
Togo,TGO,1989-01,national
Togo,TGO,1989-02,national
Togo,TGO,1989-03,national
Togo,TGO,1989-04,national
Togo,TGO,1989-05,national
Togo,TGO,1989-06,national
Togo,TGO,1989-07,national
Togo,TGO,1989-08,national
Togo,TGO,1989-09,national
Togo,TGO,1989-10,national
Togo,TGO,1989-11,national
Togo,TGO,1989-12,national
Togo,TGO,1990-01,national
Togo,TGO,1990-02,national
Togo,TGO,1990-03,national
Togo,TGO,1990-04,national
Togo,TGO,1990-05,national
Togo,TGO,1990-06,national
Togo,TGO,1990-07,national
Togo,TGO,1990-08,national
Togo,TGO,1990-09,national
Togo,TGO,1990-10,national
Togo,TGO,1990-11,national
Togo,TGO,1990-12,national
Togo,TGO,2025-04,national
Togo,TGO,2025-05,national
Togo,TGO,2025-06,national
Togo,TGO,2025-07,national
Togo,TGO,2025-08,national
Tanzania,TZA,1970-01,national
Tanzania,TZA,1970-02,national
Tanzania,TZA,1970-03,national
Tanzania,TZA,1970-04,national
Tanzania,TZA,1970-05,national
Tanzania,TZA,1970-06,national
Tanzania,TZA,1970-07,national
Tanzania,TZA,1970-08,national
Tanzania,TZA,1970-09,national
Tanzania,TZA,1970-10,national
Tanzania,TZA,1970-11,national
Tanzania,TZA,1970-12,national
Tanzania,TZA,1971-01,national
Tanzania,TZA,1971-02,national
Tanzania,TZA,1971-03,national
Tanzania,TZA,1971-04,national
Tanzania,TZA,1971-05,national
Tanzania,TZA,1971-06,national
Tanzania,TZA,1971-07,national
Tanzania,TZA,1971-08,national
Tanzania,TZA,1971-09,national
Tanzania,TZA,1971-10,national
Tanzania,TZA,1971-11,national
Tanzania,TZA,1971-12,national
Tanzania,TZA,1972-01,national
Tanzania,TZA,1972-02,national
Tanzania,TZA,1972-03,national
Tanzania,TZA,1972-04,national
Tanzania,TZA,1972-05,national
Tanzania,TZA,1972-06,national
Tanzania,TZA,1972-07,national
Tanzania,TZA,1972-08,national
Tanzania,TZA,1972-09,national
Tanzania,TZA,1972-10,national
Tanzania,TZA,1972-11,national
Tanzania,TZA,1972-12,national
Tanzania,TZA,1973-01,national
Tanzania,TZA,1973-02,national
Tanzania,TZA,1973-03,national
Tanzania,TZA,1973-04,national
Tanzania,TZA,1973-05,national
Tanzania,TZA,1973-06,national
Tanzania,TZA,1973-07,national
Tanzania,TZA,1973-08,national
Tanzania,TZA,1973-09,national
Tanzania,TZA,1973-10,national
Tanzania,TZA,1973-11,national
Tanzania,TZA,1973-12,national
Tanzania,TZA,1975-01,national
Tanzania,TZA,1975-02,national
Tanzania,TZA,1975-03,national
Tanzania,TZA,1975-04,national
Tanzania,TZA,1975-05,national
Tanzania,TZA,1975-06,national
Tanzania,TZA,1975-07,national
Tanzania,TZA,1975-08,national
Tanzania,TZA,1975-09,national
Tanzania,TZA,1975-10,national
Tanzania,TZA,1975-11,national
Tanzania,TZA,1975-12,national
Tanzania,TZA,1976-01,national
Tanzania,TZA,1976-02,national
Tanzania,TZA,1976-03,national
Tanzania,TZA,1976-04,national
Tanzania,TZA,1976-05,national
Tanzania,TZA,1976-06,national
Tanzania,TZA,1976-07,national
Tanzania,TZA,1976-08,national
Tanzania,TZA,1976-09,national
Tanzania,TZA,1976-10,national
Tanzania,TZA,1976-11,national
Tanzania,TZA,1976-12,national
Tanzania,TZA,2014-01,national
Tanzania,TZA,2014-02,national
Tanzania,TZA,2014-03,national
Tanzania,TZA,2014-04,national
Tanzania,TZA,2014-05,national
Tanzania,TZA,2014-06,national
Tanzania,TZA,2014-07,national
Tanzania,TZA,2014-08,national
Tanzania,TZA,2014-09,national
Tanzania,TZA,2014-10,national
Tanzania,TZA,2014-11,national
Tanzania,TZA,2025-06,national
Tanzania,TZA,2025-07,national
Tanzania,TZA,2025-08,national
Uganda,UGA,1970-01,national
Uganda,UGA,1970-02,national
Uganda,UGA,1970-03,national
Uganda,UGA,1970-04,national
Uganda,UGA,1970-05,national
Uganda,UGA,1970-06,national
Uganda,UGA,1970-07,national
Uganda,UGA,1970-08,national
Uganda,UGA,1970-09,national
Uganda,UGA,1970-10,national
Uganda,UGA,1970-11,national
Uganda,UGA,1970-12,national
Uganda,UGA,1972-01,national
Uganda,UGA,1972-02,national
Uganda,UGA,1972-03,national
Uganda,UGA,1972-04,national
Uganda,UGA,1972-05,national
Uganda,UGA,1972-06,national
Uganda,UGA,1972-07,national
Uganda,UGA,1972-08,national
Uganda,UGA,1972-09,national
Uganda,UGA,1972-10,national
Uganda,UGA,1972-11,national
Uganda,UGA,1972-12,national
Uganda,UGA,1973-01,national
Uganda,UGA,1973-02,national
Uganda,UGA,1973-03,national
Uganda,UGA,1973-04,national
Uganda,UGA,1973-05,national
Uganda,UGA,1973-06,national
Uganda,UGA,1973-07,national
Uganda,UGA,1973-08,national
Uganda,UGA,1973-09,national
Uganda,UGA,1973-10,national
Uganda,UGA,1973-11,national
Uganda,UGA,1973-12,national
Uganda,UGA,1974-01,national
Uganda,UGA,1974-02,national
Uganda,UGA,1974-03,national
Uganda,UGA,1974-04,national
Uganda,UGA,1974-05,national
Uganda,UGA,1974-06,national
Uganda,UGA,1974-07,national
Uganda,UGA,1974-08,national
Uganda,UGA,1974-09,national
Uganda,UGA,1974-10,national
Uganda,UGA,1974-11,national
Uganda,UGA,1974-12,national
Uganda,UGA,1976-01,national
Uganda,UGA,1976-02,national
Uganda,UGA,1976-03,national
Uganda,UGA,1976-04,national
Uganda,UGA,1976-05,national
Uganda,UGA,1976-06,national
Uganda,UGA,1976-07,national
Uganda,UGA,1976-08,national
Uganda,UGA,1976-09,national
Uganda,UGA,1976-10,national
Uganda,UGA,1976-11,national
Uganda,UGA,1976-12,national
Uganda,UGA,1977-01,national
Uganda,UGA,1977-02,national
Uganda,UGA,1977-03,national
Uganda,UGA,1977-04,national
Uganda,UGA,1977-05,national
Uganda,UGA,1977-06,national
Uganda,UGA,1977-07,national
Uganda,UGA,1977-08,national
Uganda,UGA,1977-09,national
Uganda,UGA,1977-10,national
Uganda,UGA,1977-11,national
Uganda,UGA,1977-12,national
Uganda,UGA,1981-01,national
Uganda,UGA,1981-02,national
Uganda,UGA,1981-03,national
Uganda,UGA,1981-04,national
Uganda,UGA,1981-05,national
Uganda,UGA,1981-06,national
Uganda,UGA,1981-07,national
Uganda,UGA,1981-08,national
Uganda,UGA,1981-09,national
Uganda,UGA,1981-10,national
Uganda,UGA,1981-11,national
Uganda,UGA,1981-12,national
Uganda,UGA,1983-01,national
Uganda,UGA,1983-02,national
Uganda,UGA,1983-03,national
Uganda,UGA,1983-04,national
Uganda,UGA,1983-05,national
Uganda,UGA,1983-06,national
Uganda,UGA,1983-07,national
Uganda,UGA,1983-08,national
Uganda,UGA,1983-09,national
Uganda,UGA,1983-10,national
Uganda,UGA,1983-11,national
Uganda,UGA,1983-12,national
Uganda,UGA,1984-01,national
Uganda,UGA,1984-02,national
Uganda,UGA,1984-03,national
Uganda,UGA,1984-04,national
Uganda,UGA,1984-05,national
Uganda,UGA,1984-06,national
Uganda,UGA,1984-07,national
Uganda,UGA,1984-08,national
Uganda,UGA,1984-09,national
Uganda,UGA,1984-10,national
Uganda,UGA,1984-11,national
Uganda,UGA,1984-12,national
Uganda,UGA,1985-01,national
Uganda,UGA,1985-02,national
Uganda,UGA,1985-03,national
Uganda,UGA,1985-04,national
Uganda,UGA,1985-05,national
Uganda,UGA,1985-06,national
Uganda,UGA,1985-07,national
Uganda,UGA,1985-08,national
Uganda,UGA,1985-09,national
Uganda,UGA,1985-10,national
Uganda,UGA,1985-11,national
Uganda,UGA,1985-12,national
Uganda,UGA,1986-01,national
Uganda,UGA,1986-02,national
Uganda,UGA,1986-03,national
Uganda,UGA,1986-04,national
Uganda,UGA,1986-05,national
Uganda,UGA,1986-06,national
Uganda,UGA,1986-07,national
Uganda,UGA,1986-08,national
Uganda,UGA,1986-09,national
Uganda,UGA,1986-10,national
Uganda,UGA,1986-11,national
Uganda,UGA,1986-12,national
Uganda,UGA,1988-01,national
Uganda,UGA,1988-02,national
Uganda,UGA,1988-03,national
Uganda,UGA,1988-04,national
Uganda,UGA,1988-05,national
Uganda,UGA,1988-06,national
Uganda,UGA,1988-07,national
Uganda,UGA,1988-08,national
Uganda,UGA,1988-09,national
Uganda,UGA,1988-10,national
Uganda,UGA,1988-11,national
Uganda,UGA,1988-12,national
Uganda,UGA,1989-01,national
Uganda,UGA,1989-02,national
Uganda,UGA,1989-03,national
Uganda,UGA,1989-04,national
Uganda,UGA,1989-05,national
Uganda,UGA,1989-06,national
Uganda,UGA,1989-07,national
Uganda,UGA,1989-08,national
Uganda,UGA,1989-09,national
Uganda,UGA,1989-10,national
Uganda,UGA,1989-11,national
Uganda,UGA,1989-12,national
Uganda,UGA,1990-01,national
Uganda,UGA,1990-02,national
Uganda,UGA,1990-03,national
Uganda,UGA,1990-04,national
Uganda,UGA,1990-05,national
Uganda,UGA,1990-06,national
Uganda,UGA,1990-07,national
Uganda,UGA,1990-08,national
Uganda,UGA,1990-09,national
Uganda,UGA,1990-10,national
Uganda,UGA,1990-11,national
Uganda,UGA,1990-12,national
Uganda,UGA,1993-01,national
Uganda,UGA,1993-02,national
Uganda,UGA,1993-03,national
Uganda,UGA,1993-04,national
Uganda,UGA,1993-05,national
Uganda,UGA,1993-06,national
Uganda,UGA,1993-07,national
Uganda,UGA,1993-08,national
Uganda,UGA,1993-09,national
Uganda,UGA,1993-10,national
Uganda,UGA,1993-11,national
Uganda,UGA,1993-12,national
Uganda,UGA,2021-02,national
Uganda,UGA,2021-03,national
Uganda,UGA,2021-04,national
Uganda,UGA,2021-05,national
Uganda,UGA,2021-06,national
Uganda,UGA,2021-07,national
Uganda,UGA,2021-08,national
Uganda,UGA,2021-09,national
Uganda,UGA,2021-10,national
Uganda,UGA,2021-11,national
Uganda,UGA,2021-12,national
Uganda,UGA,2025-04,national
Uganda,UGA,2025-05,national
Uganda,UGA,2025-06,national
Uganda,UGA,2025-07,national
Uganda,UGA,2025-08,national
South Africa,ZAF,1970-01,national
South Africa,ZAF,1970-02,national
South Africa,ZAF,1970-03,national
South Africa,ZAF,1970-04,national
South Africa,ZAF,1970-05,national
South Africa,ZAF,1970-06,national
South Africa,ZAF,1970-07,national
South Africa,ZAF,1970-08,national
South Africa,ZAF,1970-09,national
South Africa,ZAF,1970-10,national
South Africa,ZAF,1970-11,national
South Africa,ZAF,1970-12,national
South Africa,ZAF,1971-01,national
South Africa,ZAF,1971-02,national
South Africa,ZAF,1971-03,national
South Africa,ZAF,1971-04,national
South Africa,ZAF,1971-05,national
South Africa,ZAF,1971-06,national
South Africa,ZAF,1971-07,national
South Africa,ZAF,1971-08,national
South Africa,ZAF,1971-09,national
South Africa,ZAF,1971-10,national
South Africa,ZAF,1971-11,national
South Africa,ZAF,1971-12,national
South Africa,ZAF,1972-01,national
South Africa,ZAF,1972-02,national
South Africa,ZAF,1972-03,national
South Africa,ZAF,1972-04,national
South Africa,ZAF,1972-05,national
South Africa,ZAF,1972-06,national
South Africa,ZAF,1972-07,national
South Africa,ZAF,1972-08,national
South Africa,ZAF,1972-09,national
South Africa,ZAF,1972-10,national
South Africa,ZAF,1972-11,national
South Africa,ZAF,1972-12,national
South Africa,ZAF,1975-01,national
South Africa,ZAF,1975-02,national
South Africa,ZAF,1975-03,national
South Africa,ZAF,1975-04,national
South Africa,ZAF,1975-05,national
South Africa,ZAF,1975-06,national
South Africa,ZAF,1975-07,national
South Africa,ZAF,1975-08,national
South Africa,ZAF,1975-09,national
South Africa,ZAF,1975-10,national
South Africa,ZAF,1975-11,national
South Africa,ZAF,1975-12,national
South Africa,ZAF,1976-01,national
South Africa,ZAF,1976-02,national
South Africa,ZAF,1976-03,national
South Africa,ZAF,1976-04,national
South Africa,ZAF,1976-05,national
South Africa,ZAF,1976-06,national
South Africa,ZAF,1976-07,national
South Africa,ZAF,1976-08,national
South Africa,ZAF,1976-09,national
South Africa,ZAF,1976-10,national
South Africa,ZAF,1976-11,national
South Africa,ZAF,1976-12,national
South Africa,ZAF,1977-01,national
South Africa,ZAF,1977-02,national
South Africa,ZAF,1977-03,national
South Africa,ZAF,1977-04,national
South Africa,ZAF,1977-05,national
South Africa,ZAF,1977-06,national
South Africa,ZAF,1977-07,national
South Africa,ZAF,1977-08,national
South Africa,ZAF,1977-09,national
South Africa,ZAF,1977-10,national
South Africa,ZAF,1977-11,national
South Africa,ZAF,1977-12,national
South Africa,ZAF,1978-01,national
South Africa,ZAF,1978-02,national
South Africa,ZAF,1978-03,national
South Africa,ZAF,1978-04,national
South Africa,ZAF,1978-05,national
South Africa,ZAF,1978-06,national
South Africa,ZAF,1978-07,national
South Africa,ZAF,1978-08,national
South Africa,ZAF,1978-09,national
South Africa,ZAF,1978-10,national
South Africa,ZAF,1978-11,national
South Africa,ZAF,1978-12,national
South Africa,ZAF,1988-01,national
South Africa,ZAF,1988-02,national
South Africa,ZAF,1988-03,national
South Africa,ZAF,1988-04,national
South Africa,ZAF,1988-05,national
South Africa,ZAF,1988-06,national
South Africa,ZAF,1988-07,national
South Africa,ZAF,1988-08,national
South Africa,ZAF,1988-09,national
South Africa,ZAF,1988-10,national
South Africa,ZAF,1988-11,national
South Africa,ZAF,1988-12,national
South Africa,ZAF,1989-01,national
South Africa,ZAF,1989-02,national
South Africa,ZAF,1989-03,national
South Africa,ZAF,1989-04,national
South Africa,ZAF,1989-05,national
South Africa,ZAF,1989-06,national
South Africa,ZAF,1989-07,national
South Africa,ZAF,1989-08,national
South Africa,ZAF,1989-09,national
South Africa,ZAF,1989-10,national
South Africa,ZAF,1989-11,national
South Africa,ZAF,1989-12,national
South Africa,ZAF,1990-01,national
South Africa,ZAF,1990-02,national
South Africa,ZAF,1990-03,national
South Africa,ZAF,1990-04,national
South Africa,ZAF,1990-05,national
South Africa,ZAF,1990-06,national
South Africa,ZAF,1990-07,national
South Africa,ZAF,1990-08,national
South Africa,ZAF,1990-09,national
South Africa,ZAF,1990-10,national
South Africa,ZAF,1990-11,national
South Africa,ZAF,1990-12,national
South Africa,ZAF,1995-01,national
South Africa,ZAF,1995-02,national
South Africa,ZAF,1995-03,national
South Africa,ZAF,1995-04,national
South Africa,ZAF,1995-05,national
South Africa,ZAF,1995-06,national
South Africa,ZAF,1995-07,national
South Africa,ZAF,1995-08,national
South Africa,ZAF,1995-09,national
South Africa,ZAF,1995-10,national
South Africa,ZAF,1995-11,national
South Africa,ZAF,1995-12,national
South Africa,ZAF,1996-01,national
South Africa,ZAF,1996-02,national
South Africa,ZAF,1996-03,national
South Africa,ZAF,1996-04,national
South Africa,ZAF,1996-05,national
South Africa,ZAF,1996-06,national
South Africa,ZAF,1996-07,national
South Africa,ZAF,1996-08,national
South Africa,ZAF,1996-09,national
South Africa,ZAF,1996-10,national
South Africa,ZAF,1996-11,national
South Africa,ZAF,1996-12,national
South Africa,ZAF,1997-01,national
South Africa,ZAF,1997-02,national
South Africa,ZAF,1997-03,national
South Africa,ZAF,1997-04,national
South Africa,ZAF,1997-05,national
South Africa,ZAF,1997-06,national
South Africa,ZAF,1997-07,national
South Africa,ZAF,1997-08,national
South Africa,ZAF,1997-09,national
South Africa,ZAF,1997-10,national
South Africa,ZAF,1997-11,national
South Africa,ZAF,1997-12,national
South Africa,ZAF,2007-01,national
South Africa,ZAF,2007-02,national
South Africa,ZAF,2007-03,national
South Africa,ZAF,2007-04,national
South Africa,ZAF,2007-05,national
South Africa,ZAF,2007-06,national
South Africa,ZAF,2007-07,national
South Africa,ZAF,2007-08,national
South Africa,ZAF,2007-09,national
South Africa,ZAF,2007-10,national
South Africa,ZAF,2007-11,national
South Africa,ZAF,2007-12,national
South Africa,ZAF,2010-01,national
South Africa,ZAF,2010-02,national
South Africa,ZAF,2010-03,national
South Africa,ZAF,2010-04,national
South Africa,ZAF,2010-05,national
South Africa,ZAF,2010-06,national
South Africa,ZAF,2010-07,national
South Africa,ZAF,2010-08,national
South Africa,ZAF,2010-09,national
South Africa,ZAF,2010-10,national
South Africa,ZAF,2010-11,national
South Africa,ZAF,2010-12,national
South Africa,ZAF,2018-01,national
South Africa,ZAF,2018-02,national
South Africa,ZAF,2018-04,national
South Africa,ZAF,2018-05,national
South Africa,ZAF,2018-06,national
South Africa,ZAF,2018-07,national
South Africa,ZAF,2018-08,national
South Africa,ZAF,2018-12,national
South Africa,ZAF,2024-12,national
South Africa,ZAF,2025-01,national
South Africa,ZAF,2025-02,national
South Africa,ZAF,2025-03,national
South Africa,ZAF,2025-04,national
South Africa,ZAF,2025-05,national
South Africa,ZAF,2025-06,national
South Africa,ZAF,2025-07,national
South Africa,ZAF,2025-08,national
Zambia,ZMB,1970-01,national
Zambia,ZMB,1970-02,national
Zambia,ZMB,1970-03,national
Zambia,ZMB,1970-04,national
Zambia,ZMB,1970-05,national
Zambia,ZMB,1970-06,national
Zambia,ZMB,1970-07,national
Zambia,ZMB,1970-08,national
Zambia,ZMB,1970-09,national
Zambia,ZMB,1970-10,national
Zambia,ZMB,1970-11,national
Zambia,ZMB,1970-12,national
Zambia,ZMB,1971-01,national
Zambia,ZMB,1971-02,national
Zambia,ZMB,1971-03,national
Zambia,ZMB,1971-04,national
Zambia,ZMB,1971-05,national
Zambia,ZMB,1971-06,national
Zambia,ZMB,1971-07,national
Zambia,ZMB,1971-08,national
Zambia,ZMB,1971-09,national
Zambia,ZMB,1971-10,national
Zambia,ZMB,1971-11,national
Zambia,ZMB,1971-12,national
Zambia,ZMB,1972-01,national
Zambia,ZMB,1972-02,national
Zambia,ZMB,1972-03,national
Zambia,ZMB,1972-04,national
Zambia,ZMB,1972-05,national
Zambia,ZMB,1972-06,national
Zambia,ZMB,1972-07,national
Zambia,ZMB,1972-08,national
Zambia,ZMB,1972-09,national
Zambia,ZMB,1972-10,national
Zambia,ZMB,1972-11,national
Zambia,ZMB,1972-12,national
Zambia,ZMB,1973-01,national
Zambia,ZMB,1973-02,national
Zambia,ZMB,1973-03,national
Zambia,ZMB,1973-04,national
Zambia,ZMB,1973-05,national
Zambia,ZMB,1973-06,national
Zambia,ZMB,1973-07,national
Zambia,ZMB,1973-08,national
Zambia,ZMB,1973-09,national
Zambia,ZMB,1973-10,national
Zambia,ZMB,1973-11,national
Zambia,ZMB,1973-12,national
Zambia,ZMB,1974-01,national
Zambia,ZMB,1974-02,national
Zambia,ZMB,1974-03,national
Zambia,ZMB,1974-04,national
Zambia,ZMB,1974-05,national
Zambia,ZMB,1974-06,national
Zambia,ZMB,1974-07,national
Zambia,ZMB,1974-08,national
Zambia,ZMB,1974-09,national
Zambia,ZMB,1974-10,national
Zambia,ZMB,1974-11,national
Zambia,ZMB,1974-12,national
Zambia,ZMB,1975-01,national
Zambia,ZMB,1975-02,national
Zambia,ZMB,1975-03,national
Zambia,ZMB,1975-04,national
Zambia,ZMB,1975-05,national
Zambia,ZMB,1975-06,national
Zambia,ZMB,1975-07,national
Zambia,ZMB,1975-08,national
Zambia,ZMB,1975-09,national
Zambia,ZMB,1975-10,national
Zambia,ZMB,1975-11,national
Zambia,ZMB,1975-12,national
Zambia,ZMB,1976-01,national
Zambia,ZMB,1976-02,national
Zambia,ZMB,1976-03,national
Zambia,ZMB,1976-04,national
Zambia,ZMB,1976-05,national
Zambia,ZMB,1976-06,national
Zambia,ZMB,1976-07,national
Zambia,ZMB,1976-08,national
Zambia,ZMB,1976-09,national
Zambia,ZMB,1976-10,national
Zambia,ZMB,1976-11,national
Zambia,ZMB,1976-12,national
Zambia,ZMB,2025-06,national
Zambia,ZMB,2025-07,national
Zambia,ZMB,2025-08,national
Zimbabwe,ZWE,1970-01,national
Zimbabwe,ZWE,1970-02,national
Zimbabwe,ZWE,1970-03,national
Zimbabwe,ZWE,1970-04,national
Zimbabwe,ZWE,1970-05,national
Zimbabwe,ZWE,1970-06,national
Zimbabwe,ZWE,1970-07,national
Zimbabwe,ZWE,1970-08,national
Zimbabwe,ZWE,1970-09,national
Zimbabwe,ZWE,1970-10,national
Zimbabwe,ZWE,1970-11,national
Zimbabwe,ZWE,1970-12,national
Zimbabwe,ZWE,1971-01,national
Zimbabwe,ZWE,1971-02,national
Zimbabwe,ZWE,1971-03,national
Zimbabwe,ZWE,1971-04,national
Zimbabwe,ZWE,1971-05,national
Zimbabwe,ZWE,1971-06,national
Zimbabwe,ZWE,1971-07,national
Zimbabwe,ZWE,1971-08,national
Zimbabwe,ZWE,1971-09,national
Zimbabwe,ZWE,1971-10,national
Zimbabwe,ZWE,1971-11,national
Zimbabwe,ZWE,1971-12,national
Zimbabwe,ZWE,1972-01,national
Zimbabwe,ZWE,1972-02,national
Zimbabwe,ZWE,1972-03,national
Zimbabwe,ZWE,1972-04,national
Zimbabwe,ZWE,1972-05,national
Zimbabwe,ZWE,1972-06,national
Zimbabwe,ZWE,1972-07,national
Zimbabwe,ZWE,1972-08,national
Zimbabwe,ZWE,1972-09,national
Zimbabwe,ZWE,1972-10,national
Zimbabwe,ZWE,1972-11,national
Zimbabwe,ZWE,1972-12,national
Zimbabwe,ZWE,1977-01,national
Zimbabwe,ZWE,1977-02,national
Zimbabwe,ZWE,1977-03,national
Zimbabwe,ZWE,1977-04,national
Zimbabwe,ZWE,1977-05,national
Zimbabwe,ZWE,1977-06,national
Zimbabwe,ZWE,1977-07,national
Zimbabwe,ZWE,1977-08,national
Zimbabwe,ZWE,1977-09,national
Zimbabwe,ZWE,1977-10,national
Zimbabwe,ZWE,1977-11,national
Zimbabwe,ZWE,1977-12,national
Zimbabwe,ZWE,1978-01,national
Zimbabwe,ZWE,1978-02,national
Zimbabwe,ZWE,1978-03,national
Zimbabwe,ZWE,1978-04,national
Zimbabwe,ZWE,1978-05,national
Zimbabwe,ZWE,1978-06,national
Zimbabwe,ZWE,1978-07,national
Zimbabwe,ZWE,1978-08,national
Zimbabwe,ZWE,1978-09,national
Zimbabwe,ZWE,1978-10,national
Zimbabwe,ZWE,1978-11,national
Zimbabwe,ZWE,1978-12,national
Zimbabwe,ZWE,1979-01,national
Zimbabwe,ZWE,1979-02,national
Zimbabwe,ZWE,1979-03,national
Zimbabwe,ZWE,1979-04,national
Zimbabwe,ZWE,1979-05,national
Zimbabwe,ZWE,1979-06,national
Zimbabwe,ZWE,1979-07,national
Zimbabwe,ZWE,1979-08,national
Zimbabwe,ZWE,1979-09,national
Zimbabwe,ZWE,1979-10,national
Zimbabwe,ZWE,1979-11,national
Zimbabwe,ZWE,1979-12,national
Zimbabwe,ZWE,1980-01,national
Zimbabwe,ZWE,1980-02,national
Zimbabwe,ZWE,1980-03,national
Zimbabwe,ZWE,1980-04,national
Zimbabwe,ZWE,1980-05,national
Zimbabwe,ZWE,1980-06,national
Zimbabwe,ZWE,1980-07,national
Zimbabwe,ZWE,1980-08,national
Zimbabwe,ZWE,1980-09,national
Zimbabwe,ZWE,1980-10,national
Zimbabwe,ZWE,1980-11,national
Zimbabwe,ZWE,1980-12,national
Zimbabwe,ZWE,1981-01,national
Zimbabwe,ZWE,1981-02,national
Zimbabwe,ZWE,1981-03,national
Zimbabwe,ZWE,1981-04,national
Zimbabwe,ZWE,1981-05,national
Zimbabwe,ZWE,1981-06,national
Zimbabwe,ZWE,1981-07,national
Zimbabwe,ZWE,1981-08,national
Zimbabwe,ZWE,1981-09,national
Zimbabwe,ZWE,1981-10,national
Zimbabwe,ZWE,1981-11,national
Zimbabwe,ZWE,1981-12,national
Zimbabwe,ZWE,1982-01,national
Zimbabwe,ZWE,1982-02,national
Zimbabwe,ZWE,1982-03,national
Zimbabwe,ZWE,1982-04,national
Zimbabwe,ZWE,1982-05,national
Zimbabwe,ZWE,1982-06,national
Zimbabwe,ZWE,1982-07,national
Zimbabwe,ZWE,1982-08,national
Zimbabwe,ZWE,1982-09,national
Zimbabwe,ZWE,1982-10,national
Zimbabwe,ZWE,1982-11,national
Zimbabwe,ZWE,1982-12,national
Zimbabwe,ZWE,1983-01,national
Zimbabwe,ZWE,1983-02,national
Zimbabwe,ZWE,1983-03,national
Zimbabwe,ZWE,1983-04,national
Zimbabwe,ZWE,1983-05,national
Zimbabwe,ZWE,1983-06,national
Zimbabwe,ZWE,1983-07,national
Zimbabwe,ZWE,1983-08,national
Zimbabwe,ZWE,1983-09,national
Zimbabwe,ZWE,1983-10,national
Zimbabwe,ZWE,1983-11,national
Zimbabwe,ZWE,1983-12,national
Zimbabwe,ZWE,1984-01,national
Zimbabwe,ZWE,1984-02,national
Zimbabwe,ZWE,1984-03,national
Zimbabwe,ZWE,1984-04,national
Zimbabwe,ZWE,1984-05,national
Zimbabwe,ZWE,1984-06,national
Zimbabwe,ZWE,1984-07,national
Zimbabwe,ZWE,1984-08,national
Zimbabwe,ZWE,1984-09,national
Zimbabwe,ZWE,1984-10,national
Zimbabwe,ZWE,1984-11,national
Zimbabwe,ZWE,1984-12,national
Zimbabwe,ZWE,1987-01,national
Zimbabwe,ZWE,1987-02,national
Zimbabwe,ZWE,1987-03,national
Zimbabwe,ZWE,1987-04,national
Zimbabwe,ZWE,1987-05,national
Zimbabwe,ZWE,1987-06,national
Zimbabwe,ZWE,1987-07,national
Zimbabwe,ZWE,1987-08,national
Zimbabwe,ZWE,1987-09,national
Zimbabwe,ZWE,1987-10,national
Zimbabwe,ZWE,1987-11,national
Zimbabwe,ZWE,1987-12,national
Zimbabwe,ZWE,1988-01,national
Zimbabwe,ZWE,1988-02,national
Zimbabwe,ZWE,1988-03,national
Zimbabwe,ZWE,1988-04,national
Zimbabwe,ZWE,1988-05,national
Zimbabwe,ZWE,1988-06,national
Zimbabwe,ZWE,1988-07,national
Zimbabwe,ZWE,1988-08,national
Zimbabwe,ZWE,1988-09,national
Zimbabwe,ZWE,1988-10,national
Zimbabwe,ZWE,1988-11,national
Zimbabwe,ZWE,1988-12,national
Zimbabwe,ZWE,1989-01,national
Zimbabwe,ZWE,1989-02,national
Zimbabwe,ZWE,1989-03,national
Zimbabwe,ZWE,1989-04,national
Zimbabwe,ZWE,1989-05,national
Zimbabwe,ZWE,1989-06,national
Zimbabwe,ZWE,1989-07,national
Zimbabwe,ZWE,1989-08,national
Zimbabwe,ZWE,1989-09,national
Zimbabwe,ZWE,1989-10,national
Zimbabwe,ZWE,1989-11,national
Zimbabwe,ZWE,1989-12,national
Zimbabwe,ZWE,1990-01,national
Zimbabwe,ZWE,1990-02,national
Zimbabwe,ZWE,1990-03,national
Zimbabwe,ZWE,1990-04,national
Zimbabwe,ZWE,1990-05,national
Zimbabwe,ZWE,1990-06,national
Zimbabwe,ZWE,1990-07,national
Zimbabwe,ZWE,1990-08,national
Zimbabwe,ZWE,1990-09,national
Zimbabwe,ZWE,1990-10,national
Zimbabwe,ZWE,1990-11,national
Zimbabwe,ZWE,1990-12,national
Zimbabwe,ZWE,1991-01,national
Zimbabwe,ZWE,1991-02,national
Zimbabwe,ZWE,1991-03,national
Zimbabwe,ZWE,1991-04,national
Zimbabwe,ZWE,1991-05,national
Zimbabwe,ZWE,1991-06,national
Zimbabwe,ZWE,1991-07,national
Zimbabwe,ZWE,1991-08,national
Zimbabwe,ZWE,1991-09,national
Zimbabwe,ZWE,1991-10,national
Zimbabwe,ZWE,1991-11,national
Zimbabwe,ZWE,1991-12,national
Zimbabwe,ZWE,2025-07,national
Zimbabwe,ZWE,2025-08,national
