Index,Source,URL,Description,Date_Range,Data_Type,Status,Reliability_Level,Validation_Status,Search_Technique,Language_Original,Citation_Depth,Cross_References,Discovery_Method,source_database
1,WHO AFRO Borno Cholera Outbreak Over,https://www.afro.who.int/countries/nigeria/news/borno-4-month-cholera-outbreak-over,WHO Regional Office for Africa announcement on conclusion of Borno State cholera outbreak,2022-09-17 to 2022-12-23,Surveillance,Verified,Level 1,Pass,Direct URL,English,1,Multiple,WHO Official,AI
2,WHO Disease Outbreak News Nigeria,https://www.who.int/emergencies/disease-outbreak-news/item/2001_11_27-en,WHO Disease Outbreak News reporting Nigeria cholera surveillance,2001,Surveillance,Verified,Level 1,Pass,Direct URL,English,1,Multiple,WHO Official,AI
3,WHO AFRO Nigeria Surveillance,https://www.afro.who.int,WHO AFRO Nigeria cholera surveillance compilation,2010-2024,Surveillance,Verified,Level 1,Pass,WHO Regional Database,English,2,Multiple,WHO Official,AI
4,Frontiers Cholera Outbreak Trends Nigeria,https://www.frontiersin.org/journals/public-health/articles/10.3389/fpubh.2024.1464361/full,Comprehensive review of Nigerian cholera outbreaks with historical case counts,1970-2024,Academic Review,Verified,Level 2,Pass,Academic Citation,English,2,WHO/NCDC,Academic Literature,AI
5,Cholera Five-Decade Review Nigeria,https://pmc.ncbi.nlm.nih.gov/articles/PMC12482021/,Five-decade review of Nigeria cholera outbreak dynamics and health system responses,1970-2024,Academic Review,Verified,Level 2,Pass,PubMed Central,English,2,Multiple,Academic Literature,AI
6,BMC Public Health 2010 Outbreak Characterization,https://bmcpublichealth.biomedcentral.com/articles/10.1186/1471-2458-14-1167,Descriptive characterization of 2010 cholera outbreak in Nigeria across 18 states,2010,Academic Study,Verified,Level 2,Pass,Peer-Reviewed Journal,English,1,WHO/FMOH,Academic Literature,AI
7,NCDC Cholera Situation Reports,https://ncdc.gov.ng/diseases/sitreps/?cat=7&name=An+update+of+Cholera+outbreak+in+Nigeria,"Nigeria Centre for Disease Control state-level cholera surveillance [AGENT 7 POST-RUN AUDIT 2026-09-22] CITATION DEFECT, PARTIALLY REMEDIED. The URL on this entry is an NCDC category listing (a search-results page filtered by name), not a retrievable document, so a reader cannot reach the figures it is cited for. Only 2 data rows cite it, and both are national annual totals: Index 11 (2021) and Index 15 (2023). Both were re-derived against document-level sources on this pass. Index 11 was found to carry a transcription error and was CORRECTED from 111,662 to 111,062 cases - the value printed in the NCDC Epi Week 52 2021 situation report registered as metadata 47 and quoted by 80 other rows in this file. Index 15's 3,683 cases / 80 deaths was CONFIRMED correct against metadata 50, the NCDC Epi Week 52 2023 full-year situation report, quoted by 33 rows. Neither row's source_index could be re-pointed to the document-level entry because py/revise_observation.py provides no verb for changing source_index; the correct documentary sources are recorded in each row's processing_notes instead. Validation_Status is left 'Pass' as found, but note that no tool in this pipeline can set Validation_Status, so that value predates and was not confirmed by this audit. URL reachability could not be tested: ncdc.gov.ng was returning Cloudflare 522 site-wide on 2026-09-22, including its root.",2017-2024,Surveillance,Verified,Level 1,Pass,Government Source,English,1,Multiple,NCDC Official,AI
8,Federal Ministry of Health Nigeria,https://www.health.gov.ng,Nigeria FMoH cholera surveillance data 2004-2008 compilation,2004-2008,Surveillance,Superseded,Level 1,Pass,Government Source,English,2,Academic,FMOH Official,AI
9,Borno State Ministry of Health Sitrep,https://reliefweb.int/report/nigeria/borno-state-ministry-health-cholera-outbreak-situation-report-no-21-20th-january-2022,Borno State MoH cholera situation reports via ReliefWeb,2022,Surveillance,Verified,Level 1,Pass,Direct URL,English,1,WHO,Government Source,AI
10,MSF Borno Cholera Response,https://www.doctorswithoutborders.org/latest/nigeria-cholera-outbreak-borno-state,MSF operational response to 2022 Borno cholera outbreak,2022,Operational,Verified,Level 2,Pass,Direct URL,English,1,WHO,Humanitarian Source,AI
11,Descriptive Epidemiology 2018 Outbreak,https://bmcpublichealth.biomedcentral.com/articles/10.1186/s12889-019-7559-6,2018 Nigeria cholera outbreak descriptive epidemiology with state-level data,2018,Academic Study,Verified,Level 2,Pass,Peer-Reviewed Journal,English,1,NCDC,Academic Literature,AI
12,UCH Ibadan Historical Outbreak,https://pubmed.ncbi.nlm.nih.gov/10414378/,University College Hospital Ibadan 1996 cholera outbreak hospital-based data,1996,Academic Study,Verified,Level 2,Pass,PubMed,English,1,Hospital Records,Academic Literature,AI
13,Nigeria 1991 Epidemic Historical Data,https://pmc.ncbi.nlm.nih.gov/articles/PMC11412826/,Historical academic compilation of 1991 Nigeria cholera epidemic,1991,Academic,Verified,Level 2,Pass,Academic Citation,English,2,WHO,Academic Literature,AI
14,Nigeria 1999 Multi-State Outbreak,https://link.springer.com/article/10.1186/s41043-025-01096-7,1999 Nigeria multi-state cholera outbreak Kano-Adamawa-Edo academic documentation,1999,Academic,Verified,Level 2,Pass,Academic Citation,English,2,WHO,Academic Literature,AI
15,Katsina 1982 Historical Outbreak,https://pmc.ncbi.nlm.nih.gov/articles/PMC12136869/,Historical academic record of 1982 Katsina cholera outbreak,1982,Academic,Verified,Level 2,Pass,Academic Citation,English,2,Hospital Records,Academic Literature,AI
16,Bauchi 2019 State Surveillance,https://www.frontiersin.org/journals/public-health/articles/10.3389/fpubh.2024.1464361/full,Bauchi State 2019 cholera outbreak with exceptional response,2019,Surveillance,Verified,Level 1,Pass,Academic/State Source,English,2,NCDC,State Government,AI
17,Muna Garage IDP Camp Outbreak,https://reliefweb.int,Muna Garage IDP camp Borno State 2017 cholera outbreak documentation,2017,Operational,Verified,Level 2,Pass,Humanitarian Reports,English,1,UNICEF/MSF,Humanitarian Source,AI
18,Cross River 2022-2023 Outbreak,https://www.afro.who.int/countries/nigeria/news/who-supports-cross-river-state-combat-cholera-outbreak,Cross River State cholera outbreak December 2022 to February 2023,2022-2023,Surveillance,Verified,Level 1,Pass,NCDC Reports,English,1,WHO,State Government,AI
19,Plateau State Surveillance,https://reliefweb.int/report/nigeria/ncdc-cholera-situation-report-weekly-epidemiological-report-15-epi-week-38-20,Plateau State cholera surveillance via NCDC,2021-2023,Surveillance,Verified,Level 1,Pass,NCDC Reports,English,1,Multiple,State Government,AI
20,Zamfara State Outbreak,https://reliefweb.int/report/nigeria/ncdc-cholera-situation-report-monthly-epidemiological-report-12-epi-week-48-52-27-november-2023-31-december-2023,Zamfara State 2023 cholera outbreak surveillance,2023,Surveillance,Verified,Level 1,Pass,NCDC Reports,English,1,WHO,State Government,AI
21,Vanguard Zamfara Cholera Outbreak Ended 2025,https://www.vanguardngr.com/2025/12/zamfara-clears-cholera-outbreak-records-192-deaths/,Vanguard News report on conclusion of Zamfara State 2025 cholera outbreak with cumulative case and death figures,2025,News,Verified,Level 3,Pass,Direct URL,English,1,Voice of Nigeria/MSF,News Media,AI
22,Voice of Nigeria Zamfara Cholera Outbreak Ended,https://von.gov.ng/zamfara-government-ends-cholera-outbreak/,Voice of Nigeria Broadcasting Service report on Zamfara State 2025 cholera outbreak end with state government cumulative figures,2025,News,Verified,Level 3,Pass,Direct URL,English,1,Vanguard/MSF,News Media,AI
23,Frontiers Lagos Cholera One Health 2026,https://www.frontiersin.org/journals/public-health/articles/10.3389/fpubh.2026.1755792/full,Peer-reviewed One Health analysis of cholera outbreaks in Lagos State Nigeria with 2024-2025 case data,2024-2025,Academic Study,Verified,Level 2,Pass,Academic Citation,English,1,NCDC,Academic Literature,AI
24,WHO Multi-country Outbreak of Cholera Epidemiological Update 38 (30 June 2026),https://cdn.who.int/media/docs/default-source/documents/emergencies/situation-reports/20260630_multi-country_outbreak-of-cholera_epidemiological_update_38.pdf,WHO global cholera epidemiological update 38; Nigeria national and Borno State figures for January-May 2026,2026-01-01 to 2026-05-31,Surveillance,Active,Level 1,Pending,WebSearch: WHO multi-country external situation report cholera 2026 Nigeria cases,English,0,ECDC/UNICEF,WebSearch: WHO multi-country external situation report cholera 2026 Nigeria cases,AI
25,UNICEF Nigeria Humanitarian Flash Update Cholera Borno State 7 June 2026,"https://www.unicef.org/media/181236/file/Nigeria-Humanitarian-Flash-Update-(Cholera-Borno-State),7-June-2026.pdf.pdf",UNICEF flash update relaying Borno State MoH Cholera EOC cumulative case and death figures for the 2026 outbreak,2026-05-01 to 2026-06-07,Surveillance,Active,Level 2,Pending,WebSearch: Nigeria cholera cases deaths June 2026,English,0,Borno State MoH EOC/WHO,WebSearch: Nigeria cholera cases deaths June 2026,AI
26,UNICEF Nigeria Humanitarian Situation Report Cholera Response July-August 2026,"https://www.unicef.org/media/183741/file/Nigeria-Humanitarian-Situation-Report-(Cholera-Response),July-August-2026.pdf.pdf","UNICEF Nigeria cholera response sitrep; national and Borno State cumulative suspected cases, deaths, CFR, state-level response detail",2026-05-01 to 2026-08-31,Surveillance,Active,Level 2,Pending,WebSearch: Nigeria cholera July 2026 outbreak states affected,English,0,NCDC/WHO,WebSearch: Nigeria cholera July 2026 outbreak states affected,AI
27,ECDC Cholera Worldwide Overview 26 August 2026,https://www.ecdc.europa.eu/en/all-topics-z/cholera/surveillance-and-disease-data/cholera-monthly,ECDC monthly global cholera overview relaying WHO country figures; Nigeria new cases/deaths 12 July-9 August 2026 and year-to-date,2026-01-01 to 2026-08-09,Surveillance,Active,Level 1,Pending,WebSearch: Nigeria cholera 2026 epidemiological week 30 35 NCDC weekly epidemiological report,English,0,WHO,WebSearch: Nigeria cholera 2026 epidemiological week 30 35 NCDC weekly epidemiological report,AI
28,Aminiya Hausa Borno Cholera Report 24 June 2026,https://aminiya.ng/fiye-da-mutum-13000-sun-kamu-da-kwalara-a-borno/,Aminiya (Hausa-language Nigerian newspaper) relaying Borno State Ministry of Health cholera figures to 18 June 2026,2026-05-01 to 2026-06-18,Surveillance,Active,Level 3,Pending,WebSearch (Hausa): kwalara Najeriya 2026 adadin wadanda suka mutu jihar Borno rahoto,Hausa,0,Borno State MoH / MSF / UNICEF,WebSearch (Hausa): kwalara Najeriya 2026 adadin wadanda suka mutu jihar Borno rahoto,AI
29,BusinessDay Nigeria MSF Borno Cholera 9 June 2026,https://businessday.ng/news/article/cholera-74-dead-7850-cases-across-14-local-government-areas/,BusinessDay report of MSF and Borno State MoH cholera figures as of 7 June 2026; conflicts with UNICEF/Borno EOC figure for the same date,2026-05-01 to 2026-06-07,Surveillance,Active,Level 3,Pending,"WebSearch: Borno cholera 13,234 cases June 2026 deaths 17 LGAs Borno State Ministry of Health",English,0,MSF/UNICEF,"WebSearch: Borno cholera 13,234 cases June 2026 deaths 17 LGAs Borno State Ministry of Health",AI
30,UNICEF Nigeria Humanitarian Situation Report No.1 Mid-Year 30 June 2026,"https://www.unicef.org/media/183796/file/Nigeria-Humanitarian-Situation-Report-No.1-(Mid-Year),30-June-2026.pdf.pdf","UNICEF Nigeria mid-year humanitarian sitrep; national cholera cumulative to end-June 2026 plus Borno, Adamawa, Zamfara, Sokoto and Kebbi state figures",2026-01-01 to 2026-06-30,Surveillance,Active,Level 2,Pending,WebSearch: OCHA Nigeria humanitarian situation report north-east 2026 cholera cases deaths,English,0,NCDC/WHO,WebSearch: OCHA Nigeria humanitarian situation report north-east 2026 cholera cases deaths,AI
31,Daily Trust NCDC Cholera Briefing 28 August 2026,https://dailytrust.com/cholera-cases-decline-but-outbreak-not-over-ncdc/,"Daily Trust report of the NCDC Director-General Jide Idris press briefing in Abuja, 28 August 2026, giving the national 2026 cumulative suspected cholera case count",2026-01-01 to 2026-08-28,Surveillance,Active,Level 3,Pending,WebSearch: Nigeria cholera outbreak September 2026 weekly cases decline Borno NCDC,English,0,Premium Times/Leadership/Tribune/NAN/TheDiggerNews all report the same NCDC figure,WebSearch: Nigeria cholera outbreak September 2026 weekly cases decline Borno NCDC,AI
32,Bauchi State Ministry of Health Cholera Outbreak Declaration 1 August 2026,https://leadership.ng/breaking-bauchi-declares-cholera-outbreak-records-398-suspected-cases-16-deaths/,"Bauchi State Ministry of Health and Social Welfare official cholera outbreak declaration signed by Commissioner Sani Dambam, relayed by Leadership/Channels/THISDAY; state and LGA case counts, deaths, PCR confirmations",2026-01-01 to 2026-07-31,Surveillance,Active,Level 3,Pending,WebSearch: Bauchi State cholera emergency 2026 declared suspected cases deaths LGAs Nigeria,English,0,Channels TV/THISDAY/Tribune,WebSearch: Bauchi State cholera emergency 2026 declared suspected cases deaths LGAs Nigeria,AI
33,WHO Weekly Epidemiological Record 1975 50(29) Cholera in 1974,https://iris.who.int/handle/10665/220437,"WHO Weekly Epidemiological Record No. 29, 18 July 1975, pp. 261-262, 'Cholera in 1974', Table 1 'Cases of Cholera Notified to WHO, 1974'. Contains the Nigeria 1974 figure that is absent from the modern WHO Global Health Observatory extract.",1974-01-01 to 1974-12-31,Surveillance,Active,Level 1,Pending,IRIS DSpace REST API handle probe after WebSearch: WHO Weekly Epidemiological Record 1975 Cholera in 1974 number of cases reported Africa,English/French,1,WHO Global Health Observatory CHOLERA_0000000001,IRIS DSpace REST API handle probe after WebSearch: WHO Weekly Epidemiological Record 1975 Cholera in 1974 number of cases reported Africa,AI
34,NCDC Weekly Epidemiological Report 2026 Volume 16,https://ncdc.gov.ng/reports/weekly,"Nigeria Centre for Disease Control and Prevention Weekly Epidemiological Report, Volume 16, 2026 issues 18-32. Table 8 gives national weekly suspected cases, laboratory-confirmed cases, deaths and the number of states and LGAs affected; Table 9 gives cholera year-to-date. This is the routine IDSR/laboratory-linked national stream and demonstrably excludes the Borno State emergency line list.",2026-05-11 to 2026-08-09,Surveillance,Active,Level 1,Pending,Direct probe of ncdc.gov.ng/reports/weekly/2026/{month}/{week} after WebSearch: Nigeria NCDC cholera national epi week August September 2026,English,0,WHO cholera dashboard; Borno State MoH EOC; UNICEF sitreps,Direct probe of ncdc.gov.ng/reports/weekly/2026/{month}/{week} after WebSearch: Nigeria NCDC cholera national epi week August September 2026,AI
35,WHO Weekly Epidemiological Record 1991 66(42) Cholera in Africa,https://iris.who.int/handle/10665/228168,"WHO Weekly Epidemiological Record No. 42, 18 October 1991, pp. 305-311, 'Cholera in Africa: summary background, the initial epidemic (1970-1971) and the 1991 situation'. States explicitly that Nigeria reported no cases of cholera in 1990, and gives interim 1991 epidemic figures and state-by-state spread.",1970-01-01 to 1991-10-18,Surveillance,Active,Level 1,Pending,IRIS DSpace REST API handle probe (10665/228090-228460) after WebSearch: WHO Weekly Epidemiological Record Cholera in 1991 Nigeria epidemic cases notified,English/French,1,WER 66(19) Cholera in 1990; WHO GHO CHOLERA_0000000001,IRIS DSpace REST API handle probe (10665/228090-228460) after WebSearch: WHO Weekly Epidemiological Record Cholera in 1991 Nigeria epidemic cases notified,AI
36,Kano State Centre for Disease Control Cholera Update 27 August 2026,https://pmnewsnigeria.com/2026/08/27/kano-confirms-outbreak-of-cholera-diphtheria-cases-in-27-lgas/,P.M. News report of Kano State Centre for Disease Control Director-General Prof. Muhammad Abbas giving Kano State cholera suspected and laboratory-confirmed case counts for 2026,2026-01-01 to 2026-08-27,Surveillance,Active,Level 3,Pending,WebSearch: Nigeria cholera 2026 Kano state cases outbreak suspected deaths LGAs reported,English,0,NCDC,WebSearch: Nigeria cholera 2026 Kano state cases outbreak suspected deaths LGAs reported,AI
37,Gavi VaccinesWork Borno Cholera Outbreak 20 August 2026,https://www.gavi.org/vaccineswork/nigeria-borno-state-wrestling-its-worst-cholera-outbreak-two-decades,Gavi VaccinesWork report quoting Abubakar Daud of the Borno State Public Health Emergency Operations Centre with cumulative Borno cholera cases and deaths as at 14 August 2026,2026-05-01 to 2026-08-14,Surveillance,Active,Level 2,Pending,WebSearch: Nigeria cholera outbreak total deaths Borno August 2026 235 deaths state PHEOC,English,0,Borno State PHEOC/UNICEF/MSF,WebSearch: Nigeria cholera outbreak total deaths Borno August 2026 235 deaths state PHEOC,AI
38,Plateau State Ministry of Health Cholera Update 27 July 2026,https://www.vanguardngr.com/2026/07/plateau-records-441-suspected-cholera-cases-14-deaths-commissioner/,"Plateau State Commissioner for Health cholera figures for the June-July 2026 outbreak across Mangu, Jos North, Jos South and Barkin Ladi LGAs; reported by Vanguard, Channels TV, Daily Nigerian and allAfrica",2026-06-01 to 2026-07-27,Surveillance,Active,Level 3,Pending,WebSearch: Plateau State cholera outbreak 2026 emergency measures cases deaths Nigeria,English,0,Channels TV/Daily Nigerian/allAfrica/NCDC,WebSearch: Plateau State cholera outbreak 2026 emergency measures cases deaths Nigeria,AI
39,Borno State Ministry of Health Cholera LGA Breakdown 24 June 2026,https://www.tori.ng/news/322787/cholera-death-toll-in-borno-rises-to-108-amid-1300.html,Borno State Ministry of Health and Human Services cholera figures to 18 June 2026 with a local-government-area breakdown and a facility/community death split,2026-05-01 to 2026-06-18,Surveillance,Active,Level 3,Pending,WebSearch: Nigeria cholera 2026 Borno Monguno Ngala Dikwa Bama Konduga LGA cases deaths breakdown,English,0,Aminiya (Hausa) carries the same MMC and Jere figures,WebSearch: Nigeria cholera 2026 Borno Monguno Ngala Dikwa Bama Konduga LGA cases deaths breakdown,AI
40,African Cities Research Consortium Maiduguri Cholera Analysis 17 August 2026,https://www.african-cities.org/a-recurrent-epidemic-why-anticipatory-action-is-key-to-mitigating-cholera-in-maiduguri/,"African Cities Research Consortium analysis by Haruna Ayuba, Abubakar K Monguno and Baba Kura Bukar of the 2026 Maiduguri cholera epidemic, with city-level cumulative cases, deaths, CFR and the index-case date",2026-05-04 to 2026-07-08,Academic Study,Active,Level 2,Pending,WebSearch: Nigeria cholera 2026 environmental surveillance water quality testing Borno Maiduguri boreholes,English,0,Borno State MoH/UNICEF,WebSearch: Nigeria cholera 2026 environmental surveillance water quality testing Borno Maiduguri boreholes,AI
41,Biu LGA Primary Health Care Cholera Report 24 July 2026,https://pmnewsnigeria.com/2026/07/24/cholera-claims-13-lives-in-borno-lga/,"P.M. News report of Alhaji Usman Audu, Director of Primary Health Care, Biu Local Government Area, Borno State, giving Biu LGA cholera cases, deaths, admissions and CFR for May to 21 July 2026",2026-05-01 to 2026-07-21,Surveillance,Active,Level 3,Pending,WebSearch: Borno Damboa Biu Gwoza cholera 2026 cases deaths high CFR hinterland LGA,English,0,Borno State MoH,WebSearch: Borno Damboa Biu Gwoza cholera 2026 cases deaths high CFR hinterland LGA,AI
42,Medecins du Monde Borno Cholera Response 19 June 2026,https://www.medecinsdumonde.org/en/news/cholera-outbreak-borno-state-medecins-du-monde-response/,"Medecins du Monde emergency response report on the Borno State cholera outbreak, giving statewide figures as at 17 June 2026 and Damboa LGA case and death counts",2026-05-01 to 2026-06-17,Operational,Active,Level 2,Pending,WebSearch: Borno Damboa Biu Gwoza cholera 2026 cases deaths high CFR hinterland LGA,English,0,Borno State PHEOC/ACRC,WebSearch: Borno Damboa Biu Gwoza cholera 2026 cases deaths high CFR hinterland LGA,AI
43,Borno State MoH Situation Report 19 June 2026 Full LGA Breakdown,https://medicalworldnigeria.com/post/Cholera-Death-Toll-Reaches-108-in-Borno-as-Over-13000-Cases-Overwhelm-Health-Facilities?pid=78065,"Borno State Ministry of Health and Human Services cholera situation report of 19 June 2026 relayed by Medical World Nigeria, giving the complete 16-LGA case breakdown for 1 May to 18 June 2026",2026-05-01 to 2026-06-18,Surveillance,Active,Level 3,Pending,WebSearch: Borno cholera 2026 Dikwa Kaga Gwoza Hawul Bama cases deaths LGA outbreak,English,0,tori.ng and Aminiya carry the same Borno MoH report,WebSearch: Borno cholera 2026 Dikwa Kaga Gwoza Hawul Bama cases deaths LGA outbreak,AI
44,WHO Global Cholera and AWD Dashboard cholera_adm0_week Feature Service,https://services.arcgis.com/5T5nSi527N4F7luB/arcgis/rest/services/cholera_adm0_week/FeatureServer/0,"WHO Global Cholera and AWD Dashboard public weekly country-level feature service (ArcGIS item c9a948c432b84a899a5ec39fd57753b8, owner maps_WHO). Fields adm0_name, epiyr, epiwk, date_wk, cases, deaths, cum_case, cum_death. This is the same WHO series that produces cholera_data_who.csv; it now extends to epi week 33 of 2026 whereas the MOSAIC baseline snapshot stops at week 19.",2026-05-11 to 2026-08-16,Surveillance,Active,Level 1,Pending,"ArcGIS Online item search owner:maps_WHO cholera, after WebSearch: WHO global cholera AWD dashboard weekly country data Nigeria 2026 download",English,1,cholera_data_who.csv baseline; NCDC Weekly Epidemiological Report,"ArcGIS Online item search owner:maps_WHO cholera, after WebSearch: WHO global cholera AWD dashboard weekly country data Nigeria 2026 download",AI
45,Daily Trust MSF Borno Cholera Weekly Increments 12 June 2026,https://dailytrust.com/cholera-borno-records-35-deaths-3646-cases-in-1-week/,Daily Trust report of Medecins Sans Frontieres figures for Borno State giving two consecutive NON-OVERLAPPING periods (1 May-2 June and 2-9 June 2026) whose case and death counts sum exactly to the stated cumulative,2026-05-01 to 2026-06-09,Surveillance,Active,Level 3,Pending,WebSearch: Nigeria cholera 2026 Borno cases week 34 35 Borno EOC daily sitrep,English,0,MSF/Borno State MoH,WebSearch: Nigeria cholera 2026 Borno cases week 34 35 Borno EOC daily sitrep,AI
46,NCDC Cholera Situation Report Epi Week 43 2021 State Table,https://ftp.ncdc.gov.ng/themes/common/files/sitreps/ddf6ee2fa457e6ac5d60ad0b25d7a023.pdf,"Nigeria Centre for Disease Control Cholera Situation Report, epidemiological week 43 of 2021 (25-31 Oct 2021). Table 5 gives cumulative suspected cases, deaths and CFR for all 33 reporting states/FCT for weeks 1-43 (national 99,979 / 3,445). Table 4 gives the top 15 LGAs by cumulative cases. Located via the ArcGIS Online item 'Nigeria Cholera Cases and Deaths by State 2021', whose description cites this exact PDF; the PDF was downloaded and the state table read directly, and the feature service values match the PDF exactly.",2021-01-01 to 2021-10-31,"National NPHI weekly situation report; Table 5 state-level cumulative cases/deaths/CFR, Table 4 top-15 LGA cumulative cases",Active,Level 1,Pending,ArcGIS Online content search q='nigeria cholera' -> item 14f2e95e80c44df89b6362e6c51c3c0e cites ftp.ncdc.gov.ng sitrep PDF; PDF fetched and parsed with pdftotext -layout,English,2,"ArcGIS feature service 15f5b0db4bae452881a1cd74d7b0380a (identical values); cholera_data_ai.csv index 11 (national 2021 annual 111,662/3,604)",ArcGIS Online content search q='nigeria cholera' -> item 14f2e95e80c44df89b6362e6c51c3c0e cites ftp.ncdc.gov.ng sitrep PDF; PDF fetched and parsed with pdftotext -layout,AI
47,NCDC Cholera Situation Report Epi Week 52 2021 (full-year state and LGA tables),https://ncdc.gov.ng/themes/common/files/sitreps/0c333863612f362c6831d24b7b7bd513.pdf,"Nigeria Centre for Disease Control Cholera Situation Report, epidemiological week 52 of 2021 (27 Dec 2021 - 2 Jan 2022), Weekly Epidemiological Report 29. Table 5 gives cumulative suspected cases, deaths and CFR by state for weeks 1-52 of 2021; national cumulative 111,062 suspected cases and 3,604 deaths (CFR 3.2%) from 33 states and FCT, 435 LGAs. Table 4 gives the top 15 LGAs. This is the definitive calendar-year 2021 sub-national breakdown and supersedes the week-43 interim cumulative.",2021-01-01 to 2022-01-02,"National NPHI situation report; Table 5 full-calendar-year state cumulative cases/deaths/CFR for 34 states+FCT, Table 4 top-15 LGA cumulative cases",Active,Level 1,Pending,"Scraped the full NCDC cholera situation report archive listing at ncdc.gov.ng/diseases/sitreps/?cat=7 (93 PDFs), selected the year-end issues, downloaded and parsed with pdftotext -layout",English,1,"cholera_data_ai.csv index 11 (national 2021, 111,662 - conflicts by 600 with this primary source's 111,062); NCDC week-43 2021 sitrep (metadata index 46)","Scraped the full NCDC cholera situation report archive listing at ncdc.gov.ng/diseases/sitreps/?cat=7 (93 PDFs), selected the year-end issues, downloaded and parsed with pdftotext -layout",AI
48,NCDC Cholera Outbreak Situation Report Serial 23 Epi Week 43 2018 (state table),https://ncdc.gov.ng/themes/common/files/sitreps/69910e7a4dab8e17af246d3a70888755.pdf,"NCDC Cholera Outbreak in Nigeria situation report serial 23, epi week 43, dated 29 October 2018. Table 1 gives cumulative suspected cases, deaths, CFR and the number of LGAs ever reporting, for each of the 20 states that reported cholera in 2018. National total 42,466 suspected cases and 830 deaths (CFR 1.95%) from 20 states and 204-206 LGAs as at 29 October 2018 - the same figures already held nationally at cholera_data_ai.csv index 9, whose TR of 2018-11-30 is therefore later than the figures actually support.",2018-01-01 to 2018-10-29,"National NPHI situation report; Table 1 'Reported suspected Cholera cases by State as at Epi week 43, 2018' with cases, deaths, CFR and LGAs-ever-reported per state",Active,Level 1,Pending,"NCDC cholera situation report archive listing ncdc.gov.ng/diseases/sitreps/?cat=7, row 80; PDF downloaded and parsed with pdftotext -layout",English,1,"cholera_data_ai.csv index 9 (national 2018, identical 42,466/830)","NCDC cholera situation report archive listing ncdc.gov.ng/diseases/sitreps/?cat=7, row 80; PDF downloaded and parsed with pdftotext -layout",AI
49,NCDC Cholera Situation Report Epi Week 52 2022 (full-year state table),https://ncdc.gov.ng/themes/common/files/sitreps/114c6e786ac78f09d484f070d72f2f0c.pdf,"NCDC Cholera Situation Report, epi week 52 of 2022. Table 6 gives cumulative suspected cases, deaths and CFR by state for weeks 1-52 of 2022 for the 33 states that reported; national cumulative 23,763 suspected cases and 592 deaths (CFR 2.5%). The 33 state values sum to exactly the printed national total.",2022-01-01 to 2022-12-31,National NPHI situation report; state-level cumulative cases/deaths/CFR table,Active,Level 1,Pending,Scraped the NCDC cholera situation report archive listing ncdc.gov.ng/diseases/sitreps/?cat=7 (93 PDFs); downloaded and parsed with pdftotext -layout,English,1,"cholera_data_ai.csv index 13 (national 2022, 23,550/584 - 213 cases lower than this primary source)",Scraped the NCDC cholera situation report archive listing ncdc.gov.ng/diseases/sitreps/?cat=7 (93 PDFs); downloaded and parsed with pdftotext -layout,AI
50,NCDC Cholera Situation Report Epi Week 52 2023 (full-year state and LGA tables),https://ncdc.gov.ng/themes/common/files/sitreps/bd3442b030951d6ed73d475d1d4d0c18.pdf,"NCDC Cholera Situation Report, epi week 52 of 2023. Table 7 gives cumulative suspected cases, deaths and CFR by state for weeks 1-52 of 2023 for the 31 states that reported; national cumulative 3,683 suspected cases and 128 deaths (CFR 3.5%) as of 31 December 2023. Table 6 gives the top 14 LGAs. The 31 state values sum to exactly the printed national total.",2023-01-01 to 2023-12-31,National NPHI situation report; state-level cumulative cases/deaths/CFR table,Active,Level 1,Pending,Scraped the NCDC cholera situation report archive listing ncdc.gov.ng/diseases/sitreps/?cat=7 (93 PDFs); downloaded and parsed with pdftotext -layout,English,1,"cholera_data_ai.csv index 15 (national 2023, 3,683/80 - cases agree, deaths 48 lower than this primary source); indices 16-23 (existing 2023 state rows, several of which this source contradicts)",Scraped the NCDC cholera situation report archive listing ncdc.gov.ng/diseases/sitreps/?cat=7 (93 PDFs); downloaded and parsed with pdftotext -layout,AI
51,NCDC Cholera Situation Report Epi Week 39 2024 (state table),https://ncdc.gov.ng/themes/common/files/sitreps/b58818569b47a3a71970b3635abee00a.pdf,"NCDC Cholera Situation Report, epi week 39 of 2024, the last issue NCDC published for 2024. Table 7 gives cumulative suspected cases, deaths and CFR by state for weeks 1-39 of 2024 for 36 states; national cumulative 10,837 suspected cases and 359 deaths as of 29 September 2024. Lagos is the epicentre with 4,667 cases and 134 deaths. The 36 state values sum to exactly the printed national total.",2024-01-01 to 2024-09-29,National NPHI situation report; state-level cumulative cases/deaths/CFR table,Active,Level 1,Pending,Scraped the NCDC cholera situation report archive listing ncdc.gov.ng/diseases/sitreps/?cat=7 (93 PDFs); downloaded and parsed with pdftotext -layout,English,1,"cholera_data_ai.csv index 24 (national 2024, 12,300/378 full year); index 25 (Lagos 2024, 1,248/40 - this primary source gives Lagos 4,667/134 for weeks 1-39 alone)",Scraped the NCDC cholera situation report archive listing ncdc.gov.ng/diseases/sitreps/?cat=7 (93 PDFs); downloaded and parsed with pdftotext -layout,AI
52,NCDC Cholera Situation Report Epi Week 9 2025 (state table),https://ncdc.gov.ng/themes/common/files/sitreps/2bfedb8db1fddf6d05a6f341a0dc71e5.pdf,"NCDC Cholera Situation Report, epi week 9 of 2025 - the final issue of NCDC's dedicated cholera situation report series, which is discontinued after this date. Table 7 gives cumulative suspected cases, deaths and CFR by state for weeks 1-9 of 2025 for 25 states; national cumulative 1,149 suspected cases and 28 deaths as of 2 March 2025. Bayelsa is the epicentre with 763 cases. The 25 state values sum to exactly the printed national total.",2025-01-01 to 2025-03-02,National NPHI situation report; state-level cumulative cases/deaths/CFR table,Active,Level 1,Pending,Scraped the NCDC cholera situation report archive listing ncdc.gov.ng/diseases/sitreps/?cat=7 (93 PDFs); downloaded and parsed with pdftotext -layout,English,1,"cholera_data_ai.csv index 30 (Lagos 2025 Q1, 3 cases - matches this source's Lagos value of 3 exactly)",Scraped the NCDC cholera situation report archive listing ncdc.gov.ng/diseases/sitreps/?cat=7 (93 PDFs); downloaded and parsed with pdftotext -layout,AI
53,NCDC National Monthly Update for Cholera in Nigeria Serial 05 October 2019 (state table),https://ncdc.gov.ng/themes/common/files/sitreps/75d8bc1e6e6a8bcfb7ac3376dd5cdbd8.pdf,"NCDC National Monthly Update for Cholera in Nigeria, serial 05, covering October 2019 (epi weeks 39-43), dated 1 November 2019. Table 1 gives cumulative suspected cases, deaths and CFR by state as at 31 October 2019 for the seven states that reported cholera in 2019: national 1,583 suspected cases and 22 deaths (CFR 1.38%). The seven state values sum to exactly the printed national total. The 2019 outbreak was concentrated in Adamawa (ongoing since epi week 19) and Bayelsa.",2019-01-01 to 2019-10-31,National NPHI situation report; state-level cumulative cases/deaths/CFR table,Active,Level 1,Pending,Scraped the NCDC cholera situation report archive listing ncdc.gov.ng/diseases/sitreps/?cat=7 (93 PDFs); downloaded and parsed with pdftotext -layout,English,1,"cholera_data_ai.csv index 10 (Bauchi 2019, 9,725 cases - Bauchi is NOT among the seven states NCDC lists as reporting cholera in 2019, and 9,725 exceeds NCDC's entire 2019 national total of 1,583 by sixfold)",Scraped the NCDC cholera situation report archive listing ncdc.gov.ng/diseases/sitreps/?cat=7 (93 PDFs); downloaded and parsed with pdftotext -layout,AI
54,Daily Trust Plateau State Ministry of Health Mangu LGA Cholera Outbreak 14 June 2026,https://dailytrust.com/cholera-kills-5-hospitalises-11-in-plateau-community/,"Daily Trust, 14 June 2026. Plateau State Commissioner for Health Dr Nicholas Baamlong, speaking in Jos, reports 52 suspected cholera cases, 5 deaths and 11 hospitalisations in Mangu Local Government Area, in the Pushit, Mangu I and Mangu II communities. An Incident Management System was activated. This is the first LGA-level attribution for the 2026 Plateau outbreak.",2026-06-01 to 2026-06-14,News report quoting the Plateau State Commissioner for Health directly; LGA- and community-level case and death counts,Active,Level 3,Pending,dailytrust.com WordPress REST API /wp-json/wp/v2/posts?search=cholera&after=2026-05-01 (WebSearch budget exhausted; used the publisher's own content API),English,1,"cholera_data_ai.csv index 58 (Plateau state 2026-06-01..2026-07-27, 441 suspected / 26 confirmed / 14 deaths)",dailytrust.com WordPress REST API /wp-json/wp/v2/posts?search=cholera&after=2026-05-01 (WebSearch budget exhausted; used the publisher's own content API),AI
55,Daily Trust Monguno IDP Camp Cholera Treatment Centre Admissions 16 June 2026,https://dailytrust.com/cholera-bites-harder-in-borno-spreads-to-plateau/,"Daily Trust, 16 June 2026. Reports that the cholera treatment centre in Monguno town, Borno State, admitted 296 suspected cholera patients between 11 and 13 June 2026 - 48 on 11 June, 68 on 12 June and 180 on 13 June - with about 90 per cent of patients coming from IDP camps in the area. The same article records that MSF saw more than 500 suspected cholera patients admitted across Borno on 5 June alone, the highest daily admission figure of the response, and that Maiduguri metropolis accounts for more than half of all Borno infections.",2026-06-11 to 2026-06-13,News report citing cholera treatment centre admission records obtained by the correspondent; LGA-level daily admissions,Active,Level 3,Pending,dailytrust.com WordPress REST API /wp-json/wp/v2/posts?search=cholera&after=2026-05-01,English,1,"cholera_data_ai.csv index 62 (Borno::Monguno 2026-05-01..2026-06-18, 860 cases); index 91 (Borno 2026-06-03..2026-06-09, 3,646 cases / 35 deaths)",dailytrust.com WordPress REST API /wp-json/wp/v2/posts?search=cholera&after=2026-05-01,AI
56,Premium Times Borno State Official Epidemiological Summary LGA Breakdown 24 May 2026,https://www.premiumtimesng.com/health/health-news/882813-borno-records-2700-suspected-cholera-cases-27-deaths-in-may.html,"Premium Times, 26 May 2026, citing an official Borno State epidemiological summary. 2,715 suspected cholera cases line-listed and 27 deaths across five (in fact seven named) LGAs in the first 24 days of May 2026, spread over 29 wards and 124 communities. Complete LGA decomposition: Maiduguri Metropolitan Council 1,568; Jere 834; Mafa 159; Konduga 95; Monguno 56; Ngala 2; Magumeri 1 - these sum to exactly 2,715, the printed state total. Of the 27 deaths, 11 occurred in communities and 16 in health facilities; deaths are not attributed by LGA. Health officials caution that 2,715 is conservative because some CTC and ORP data were not yet integrated.",2026-05-01 to 2026-05-24,News report quoting an official Borno State epidemiological summary obtained by the outlet; complete LGA-level line-listed case breakdown,Active,Level 3,Pending,"premiumtimesng.com WordPress REST API /wp-json/wp/v2/posts?search=cholera&after=2026-05-01, then /wp-json/wp/v2/posts/882813 for the full body (WebSearch budget exhausted; used the publisher's own content API)",English,1,"cholera_data_ai.csv indices 59-63 and 67-75 (Borno LGA breakdown at 18 June 2026, the next LGA time point); index 90 (Borno 1 May-2 Jun 2026, 4,204 cases / 39 deaths); Agent 1 search log which recorded the 2,715/27 headline but not the LGA split","premiumtimesng.com WordPress REST API /wp-json/wp/v2/posts?search=cholera&after=2026-05-01, then /wp-json/wp/v2/posts/882813 for the full body (WebSearch budget exhausted; used the publisher's own content API)",AI
57,Aminiya (Hausa) Borno State PHEOC LGA Breakdown 2 June 2026,https://aminiya.ng/an-samu-%c6%99arin-mutum-274-da-suka-kamu-da-kwalara-cikin-saoi-24-a-borno/,"Aminiya (Hausa-language sister title of Daily Trust), 2 June 2026. Dr Jacob Thlizer, Manager of the Borno State Public Health Emergency Operations Centre (PHEOC), speaking at a public awareness event in Maiduguri, reports 274 new cholera cases in the previous 24 hours, bringing the cumulative to 4,204 across 10 LGAs and 36 wards, with 39 deaths. Complete LGA decomposition: MMC 2,404; Jere 1,214; Konduga 275; Mafa 184; Monguno 90; Kaga 18; Bama 8; Kwaya Kusar 8; Ngala 2; Magumeri 1 - summing to exactly 4,204. Also records the Njimtilo infectious-disease centre and a 1,000-plus bed cholera treatment camp at Ngarannam.",2026-05-01 to 2026-06-02,Hausa-language news report quoting the Manager of the Borno State Public Health Emergency Operations Centre; complete LGA-level cumulative case breakdown plus a 24-hour incidence figure,Active,Level 3,Pending,"aminiya.ng WordPress REST API /wp-json/wp/v2/posts?search=kwalara&after=2026-05-01 - Hausa-language query, the mandatory linguistic category; the English-language press carried only the partial four-LGA version of this breakdown",Hausa,1,"cholera_data_ai.csv index 90 (Borno 2026-05-01..2026-06-02, 4,204 cases / 39 deaths - this LGA breakdown decomposes that row EXACTLY); indices 382-388 (Borno LGA breakdown at 24 May 2026); indices 59-63, 67-75 (Borno LGA breakdown at 18 June 2026)","aminiya.ng WordPress REST API /wp-json/wp/v2/posts?search=kwalara&after=2026-05-01 - Hausa-language query, the mandatory linguistic category; the English-language press carried only the partial four-LGA version of this breakdown",AI
58,Charnley et al. 2022 BMC Infectious Diseases Nigeria Sub-National Cholera Dataset,https://github.com/GinaCharnley/Cholera-data-DRC-NGA-BMCInfectDis/blob/main/Cholera%20data%2C%20DRC%20%26%20NGA/NGA-Table%201.csv,"DUPLICATE REGISTRATION of the same underlying file as metadata 359 (canonical) and metadata 413 - all three serve the identical Charnley NGA-Table 1.csv; verified 2026-09-22 by byte comparison of the two raw.githubusercontent URLs (sha256 901c3657326536d5705de8251402b88d, 183,422 bytes, 1,354 data rows, identical). The register-source URL dedupe missed it because the file is mirrored under two different GitHub repository names (GinaCharnley/cholera_data_drc_nga and GinaCharnley/Cholera-data-DRC-NGA-BMCInfectDis) and this entry additionally uses the /blob/ HTML view rather than the raw path. CROSS-VALIDATION WARNING: rows citing 58, 359 and 413 are NOT independent sources and must never be counted as multi-source corroboration of one another. CITATION CORRECTED 2026-09-22: the previous Description attributed this dataset to 'Charnley GEC, Alcayna T, Almuedo-Riera A, et al., Correlations and timeliness of COVID-19 surveillance data sources and indicators in the United States', which is the wrong paper and the wrong author list. The correct citation, verified against NCBI eutils esummary for PMC8966316, is: Charnley GEC, Kelman I, Gaythorpe KAM, Murray KA. 'Accessing sub-national cholera epidemiological data for Nigeria and the Democratic Republic of Congo during the seventh pandemic.' BMC Infectious Diseases, 26 March 2022, doi 10.1186/s12879-022-07266-w. CONTENT: 1,354 rows, of which 386 carry a year and 203 carry a state. Each row is one dated report from a named primary reference (peer-reviewed papers, WHO Disease Outbreak News, EM-DAT, national and state health ministry statements), so rows are event snapshots and are NOT a partition of any annual total. Used here only for sub-national geography in years where NCDC published no state table (pre-2018).",1971 to 2021,"Peer-reviewed open dataset; 1,354 dated event-level cholera records for Nigeria with state, LGA, cases, deaths, confirmed cases, CFR and the primary reference for each entry",Active,Level 2,Pending,"GitHub REST API: api.github.com/repositories/333096254/git/trees/main?recursive=1, then raw.githubusercontent.com. Agent 1 consulted this dataset only to confirm that 1974 and 1990 are absent from it; its 203 sub-national rows were not mined.",English,2,"WHO Global Health Observatory CHOLERA_0000000001/2 Nigeria annual national series, used to screen every extracted value; cholera_data_ai.csv index 1 (Katsina 1982), index 3 (Oyo/Ibadan 1996), index 8 (Borno Muna Garage 2017)","GitHub REST API: api.github.com/repositories/333096254/git/trees/main?recursive=1, then raw.githubusercontent.com. Agent 1 consulted this dataset only to confirm that 1974 and 1990 are absent from it; its 203 sub-national rows were not mined.",AI
59,NCDC Cholera Situation Report Epi Week 30 2022 (LGA table),https://ncdc.gov.ng/themes/common/files/sitreps/6fc4028c21e08d759ff801c807aadb4c.pdf,"NCDC Cholera Situation Report, epi week 30 of 2022. Table 5 gives the top 15 LGAs by cumulative cases for weeks 1-30 of 2022 (1,851 cases, 51 per cent of the national cumulative at that point). This is the ONLY LGA-level table NCDC published for 2022: the week-52 2022 issue's 'Table 5: Top 15 Local Government Areas' is mislabelled and in fact contains state totals.",2022-01-01 to 2022-07-24,National NPHI situation report; Table 5 top-15 LGA cumulative cases,Active,Level 1,Pending,"NCDC cholera situation report archive listing ncdc.gov.ng/diseases/sitreps/?cat=7, row 41; downloaded and parsed with pdftotext -layout after the week-52 issue proved to have no genuine LGA table",English,1,cholera_data_ai.csv indices 207-239 (2022 state rows from the NCDC week-52 2022 table),"NCDC cholera situation report archive listing ncdc.gov.ng/diseases/sitreps/?cat=7, row 41; downloaded and parsed with pdftotext -layout after the week-52 issue proved to have no genuine LGA table",AI
60,NCDC Cholera Situation Report Epi Week 30 2024 (LGA table),https://ncdc.gov.ng/themes/common/files/sitreps/948dcfc7e81056bf460d69f4093c5138.pdf,"NCDC Cholera Situation Report, epi week 30 of 2024. Table 6 gives the top 14 LGAs by cumulative suspected cases for weeks 1-30 of 2024. Used here only for the three Lagos LGAs that appear in this table but drop out of the week-39 top 14 as other LGAs overtake them: Mushin (117), Oshodi/Isolo (113) and Ojo (99). The eleven LGAs common to both issues are taken from the later week-39 table instead.",2024-01-01 to 2024-07-28,National NPHI situation report; Table 6 top-14 LGA cumulative suspected cases,Active,Level 1,Pending,"NCDC cholera situation report archive listing ncdc.gov.ng/diseases/sitreps/?cat=7, row 12",English,1,cholera_data_ai.csv indices 352-365 (2024 LGA rows from the NCDC week-39 2024 table),"NCDC cholera situation report archive listing ncdc.gov.ng/diseases/sitreps/?cat=7, row 12",AI
61,Adagbada et al. 2012 Pan African Medical Journal Cholera Epidemiology in Nigeria (state tables),https://pmc.ncbi.nlm.nih.gov/articles/PMC3428179/,"Adagbada AO, Adesida SA, Nwaokorie FO, Niemogha M-T, Coker AO. Cholera epidemiology in Nigeria: an overview. Pan African Medical Journal 2012;12:59. PMCID PMC3428179. Table 3, 'Cholera incidence and case fatality rate during 2010 outbreak', gives for each of 17 states the geographical zone, the number of LGAs in the state, the number of LGAs affected, total cases, total deaths and CFR; printed totals 360 LGAs, 157 affected, 26,240 cases, 1,182 deaths, CFR 4.5%. Table 2, 'Data from studies on major cholera outbreaks in Nigeria, 1991-1999', gives Cross River 1991 (588 cases, CFR 13%), Katsina 1992 [sic - the cited Umoh et al. 1983 study is of the 1982 outbreak] (662, 7.7%), Kano 1995/6 (2,630, 15%), Kano 1997 (847, 5%), Kano 1999 (2,347, 2%) and Ibadan 1996 (1,384, 5.3%).",1991 to 2010,"Peer-reviewed review; Table 2 major outbreaks 1991-1999 by state, Table 3 state-level incidence, deaths, CFR and LGAs affected for the 2010 outbreak",Active,Level 1,Pending,"Europe PMC REST search API (ebi.ac.uk/europepmc/webservices/rest/search) for cholera + Nigeria + local government area/spatial distribution/hotspot, then fullTextXML for PMC3428179 and table-wrap extraction",English,2,"cholera_data_ai.csv index 7 (national 2010, 41,787/1,716); index 1 (Katsina 1982, 662 - the same outbreak this paper mis-dates to 1992); index 3 (Oyo/Ibadan 1996, 1,384 - identical); indices 418-428 (Charnley 2010 state snapshots, which this table supersedes for annual totals)","Europe PMC REST search API (ebi.ac.uk/europepmc/webservices/rest/search) for cholera + Nigeria + local government area/spatial distribution/hotspot, then fullTextXML for PMC3428179 and table-wrap extraction",AI
62,NCDC Cholera Situation Report Epi Week 40 2021 (top-20 LGA table),https://ncdc.gov.ng/themes/common/files/sitreps/b4e0d4c9f8c0fe0c85a4972a5221a201.pdf,"NCDC Cholera Situation Report, epi week 40 of 2021 (4-10 October 2021). Table 4 is a top-TWENTY LGA table (the year-end issue publishes only a top fifteen), cumulative weeks 1-40, printed total 37,057 cases across the 20 LGAs. Used here for the three LGAs that appear in this longer list but not in the week-52 top fifteen: Gwoza (Borno) 960, Bichi (Kano) 837 and Illela (Sokoto) 722.",2021-01-01 to 2021-10-10,National NPHI situation report; top-N LGA cumulative case table,Active,Level 1,Pending,"NCDC cholera situation report archive listing ncdc.gov.ng/diseases/sitreps/?cat=7; mid-season issues mined specifically because the top-N LGA tables are re-ranked each issue, so LGAs drop out of the year-end table without their counts falling",English,1,cholera_data_ai.csv indices 172-186 (2021 LGA rows from the NCDC week-52 top-15 table),"NCDC cholera situation report archive listing ncdc.gov.ng/diseases/sitreps/?cat=7; mid-season issues mined specifically because the top-N LGA tables are re-ranked each issue, so LGAs drop out of the year-end table without their counts falling",AI
63,NCDC Cholera Situation Report Epi Week 21 2023 (LGA table),https://ncdc.gov.ng/themes/common/files/sitreps/b647394c0962a21ff628b1cece83ae54.pdf,"NCDC Cholera Situation Report covering epidemiological weeks 18-21 of 2023 (1-28 May 2023). Table 4 gives the top 15 LGAs cumulative for weeks 1-21, printed total 1,392 cases. Used here for the five LGAs that appear in this early-season list but drop out of the week-52 top fourteen: Afikpo North (Ebonyi) 35, Kaita (Katsina) 31, Daura (Katsina) 29, Etung (Cross River) 29 and Kankara (Katsina) 27.",2023-01-01 to 2023-05-28,National NPHI situation report; top-N LGA cumulative case table,Active,Level 1,Pending,"NCDC cholera situation report archive listing ncdc.gov.ng/diseases/sitreps/?cat=7; mid-season issues mined specifically because the top-N LGA tables are re-ranked each issue, so LGAs drop out of the year-end table without their counts falling",English,1,cholera_data_ai.csv indices 339-351 (2023 LGA rows from the NCDC week-52 table),"NCDC cholera situation report archive listing ncdc.gov.ng/diseases/sitreps/?cat=7; mid-season issues mined specifically because the top-N LGA tables are re-ranked each issue, so LGAs drop out of the year-end table without their counts falling",AI
64,NCDC Cholera Situation Report Epi Week 30 2023 (LGA table),https://ncdc.gov.ng/themes/common/files/sitreps/f61d3dfa05fac93cd2e2454265bb5314.pdf,"NCDC Cholera Situation Report covering epidemiological weeks 27-30 of 2023 (3-30 July 2023). Table 5 gives the top 15 LGAs cumulative for weeks 1-30. Used here for the three LGAs absent from the week-52 top fourteen: Funtua (Katsina) 37, Sumaila (Kano) 36 and Sabuwa (Katsina) 34.",2023-01-01 to 2023-07-30,National NPHI situation report; top-N LGA cumulative case table,Active,Level 1,Pending,"NCDC cholera situation report archive listing ncdc.gov.ng/diseases/sitreps/?cat=7; mid-season issues mined specifically because the top-N LGA tables are re-ranked each issue, so LGAs drop out of the year-end table without their counts falling",English,1,cholera_data_ai.csv indices 339-351 (2023 LGA rows from the NCDC week-52 table),"NCDC cholera situation report archive listing ncdc.gov.ng/diseases/sitreps/?cat=7; mid-season issues mined specifically because the top-N LGA tables are re-ranked each issue, so LGAs drop out of the year-end table without their counts falling",AI
65,NCDC Cholera Situation Report Epi Week 22 2024 (LGA table),https://ncdc.gov.ng/themes/common/files/sitreps/1ac97f89c12c6fa3e2600a90d4ce6dc8.pdf,"NCDC Cholera Situation Report covering epidemiological weeks 18-22 of 2024 (29 April - 2 June 2024). Table 6 gives the top 14 LGAs cumulative for weeks 1-22, printed total 642 cases. This is the pre-Lagos phase of the 2024 epidemic, when the burden sat in the Niger Delta, so it surfaces thirteen LGAs that the Lagos-dominated week-30 and week-39 tables never show.",2024-01-01 to 2024-06-02,National NPHI situation report; top-N LGA cumulative case table,Active,Level 1,Pending,"NCDC cholera situation report archive listing ncdc.gov.ng/diseases/sitreps/?cat=7; mid-season issues mined specifically because the top-N LGA tables are re-ranked each issue, so LGAs drop out of the year-end table without their counts falling",English,1,cholera_data_ai.csv indices 352-365 and 498-500 (2024 LGA rows from the NCDC week-39 and week-30 tables),"NCDC cholera situation report archive listing ncdc.gov.ng/diseases/sitreps/?cat=7; mid-season issues mined specifically because the top-N LGA tables are re-ranked each issue, so LGAs drop out of the year-end table without their counts falling",AI
66,NCDC Cholera Situation Report Epi Week 34 2024 (LGA table),https://ncdc.gov.ng/themes/common/files/sitreps/ac3ce9fa88f131df7fd3f8881425d676.pdf,"NCDC Cholera Situation Report, epi week 34 of 2024 (19-25 August 2024). Table 6 gives the top 14 LGAs cumulative for weeks 1-34, printed total 4,014 cases. Used here only for Shomolu (Lagos) 122, which appears in this issue and in neither the week-30 nor the week-39 table.",2024-01-01 to 2024-08-25,National NPHI situation report; top-N LGA cumulative case table,Active,Level 1,Pending,"NCDC cholera situation report archive listing ncdc.gov.ng/diseases/sitreps/?cat=7; mid-season issues mined specifically because the top-N LGA tables are re-ranked each issue, so LGAs drop out of the year-end table without their counts falling",English,1,cholera_data_ai.csv indices 352-365 and 498-500,"NCDC cholera situation report archive listing ncdc.gov.ng/diseases/sitreps/?cat=7; mid-season issues mined specifically because the top-N LGA tables are re-ranked each issue, so LGAs drop out of the year-end table without their counts falling",AI
67,Blueprint / NCDC Director-General on Enugu Zero Cholera 2026,https://blueprint.ng/enugu-records-zero-incident-in-cholera-pandemic/,"Blueprint, 9 September 2026. Dr Jide Idris, Director-General of the Nigeria Centre for Disease Control and Prevention, singles out Enugu as the only Nigerian state yet to report a cholera case in 2026, against more than 65,000 suspected cases in the other 35 states. He explicitly dismisses the suggestion that cases were being concealed, saying the state government 'is seriously proactive', and notes that cholera in Nigeria is an all-year-round disease that peaks in the rainy season, which makes the absence notable rather than seasonal.",2026-01-01 to 2026-09-09,News report quoting the NCDC Director-General; state-level documented absence,Active,Level 3,Pending,blueprint.ng WordPress REST API /wp-json/wp/v2/posts?search=cholera&after=2026-05-01 (WebSearch budget exhausted; used the publisher's own content API),English,1,"cholera_data_ai.csv index 41 (national 2026, >65,000 across 35 states, NCDC DG briefing 28 Aug 2026 - arithmetically consistent: 35 states plus FCT reporting, Enugu not)",blueprint.ng WordPress REST API /wp-json/wp/v2/posts?search=cholera&after=2026-05-01 (WebSearch budget exhausted; used the publisher's own content API),AI
68,IFRC DREF Operation MDRNG046 Nigeria Cholera Outbreak 5 August 2026,https://go-api.ifrc.org/api/DownloadFile/95484/MDRNG046do,"IFRC DREF operation MDRNG046, Nigeria Cholera Outbreak, dated 5 August 2026, retrieved through the IFRC GO API. As of epi week 29 of 2026 Nigeria had reported 44,129 cumulative suspected cases nationally including 5,257 new that week; Borno State was the epicentre with more than 35,000 cumulative suspected cases, about 99 per cent of the weekly national caseload, and 20 of its 27 LGAs affected. The five most affected LGAs - Maiduguri Metropolitan Council, Jere, Monguno, Konduga and Mafa - together account for approximately 92 per cent of the state caseload and cover an estimated 2,151,990 people. Additional transmission is reported in Kukawa, Magumeri, Bama, Biu, Kaga, Kwaya Kusar, Gubio, Mobbar, Ngala, Dikwa, Damboa, Nganzai, Gwoza, Hawul and Marte. Monguno and Kukawa are named as the LGAs with increasing trends. In Plateau State the named affected LGAs are Jos North and Mangu. Borno suspected cases are up 1,052 per cent and deaths up 186 per cent on the same period of 2025. The document gives NO per-LGA case counts, only percentage allocations of the response.",2026-05-01 to 2026-07-19,"IFRC Disaster Relief Emergency Fund operation document; national and Borno cumulative figures to epi week 29, named affected LGAs, no per-LGA case counts",Active,Level 2,Pending,"IFRC GO API: goadmin.ifrc.org/api/v2/appeal/?code=MDRNG046 then /api/v2/appeal_document/ filtered for MDRNG046; ReliefWeb, where this document is normally read, is behind an AWS WAF and an approved-appname requirement",English,1,cholera_data_ai.csv indices 59-75 and 382-398 (Borno LGA snapshots); index 380 (Plateau/Mangu); cholera_presence_ai.csv (Borno/Mobbar),"IFRC GO API: goadmin.ifrc.org/api/v2/appeal/?code=MDRNG046 then /api/v2/appeal_document/ filtered for MDRNG046; ReliefWeb, where this document is normally read, is behind an AWS WAF and an approved-appname requirement",AI
69,NCDC Cholera Situation Report Series - systematic sweep of all 93 archive issues (LGA tables),https://ncdc.gov.ng/diseases/sitreps/?cat=7,"The complete NCDC cholera situation report archive - 93 PDFs spanning September 2017 to March 2025 - was downloaded and every top-N LGA table parsed. NCDC re-ranks that table in every issue, and it is a top 14, 15 or 20 depending on the issue, so an LGA can appear in one issue and vanish from the next purely because others overtake it. Mining only the year-end issue therefore loses LGAs systematically. The sweep recovered 157 distinct (state, LGA, year) triples; rows are created only for those not already in the file, taking the largest value across all issues for that triple, and the specific issue and epidemiological week are recorded in each row. Two parsing hazards were handled: 'Cross River' wraps across two lines in several issues and parses as a bare 'River', and the week-36 2021 issue mis-assigns Birnin Kudu (a Jigawa LGA) to Kano. Every value was checked against its state's full-year total before committing. [AGENT 7 POST-RUN AUDIT 2026-09-22] URL REVIEWED AND JUDGED APPROPRIATE, WITH A CAVEAT. The URL is the NCDC situation-report archive index rather than a single document. For this entry that is defensible rather than defective: the entry describes a programmatic sweep across all 93 published issues and no single PDF could represent it, and each of the 39 dependent rows names the specific issue and epidemiological week it came from in its own processing_notes, so every value remains traceable to one document. Many of those individual issues are ALSO registered here at document level with direct PDF URLs (metadata 83-133 among others), which is where a reader should go to verify a single value. URL reachability could not be tested on this pass: ncdc.gov.ng was returning Cloudflare 522 site-wide on 2026-09-22, its root included, so all 71 ncdc.gov.ng URLs in this metadata file are UNVERIFIED-INCONCLUSIVE rather than broken.",2021-01-01 to 2025-03-02,"National NPHI situation report series; every 'Top N Local Government Areas in cumulative cases' table across all 93 published issues, parsed programmatically",Active,Level 1,Pending,"Programmatic sweep: scraped ncdc.gov.ng/diseases/sitreps/?cat=7, downloaded all 93 PDFs, converted with pdftotext -layout, regex-extracted every 'Top N Local Government Areas' block, then differenced against the (state, LGA, year) triples already in ./data/NGA/cholera_data_ai.csv",English,1,"metadata indices 46, 47, 49, 50, 51, 52, 59, 60, 62, 63, 64, 65, 66 - individual issues from the same series, cited separately where a state table rather than an LGA table was used","Programmatic sweep: scraped ncdc.gov.ng/diseases/sitreps/?cat=7, downloaded all 93 PDFs, converted with pdftotext -layout, regex-extracted every 'Top N Local Government Areas' block, then differenced against the (state, LGA, year) triples already in ./data/NGA/cholera_data_ai.csv",AI
70,WHO Disease Outbreak News Cholera Nigeria 12 July 2017 (Kwara LGA breakdown),https://www.who.int/emergencies/disease-outbreak-news/item/12-july-2017-cholera-nigeria-en,"WHO Disease Outbreak News, 12 July 2017. WHO was notified on 7 June 2017 of a cholera outbreak in Kwara State; the first acute watery diarrhoea cases were reported in the last week of April 2017 with a sharp rise from 1 May. As of 30 June 2017, 1,558 suspected cases and 11 deaths (CFR 0.7%), 13 culture-confirmed. Complete LGA breakdown for 1 May - 30 June 2017: Asa 18, Ilorin East 450, Ilorin South 215, Ilorin West 780, Moro 50, with the LGA missing for 45 cases; the five named LGAs sum to 1,513 and 1,513 + 45 = 1,558, the printed state total.",2017-05-01 to 2017-06-30,WHO Disease Outbreak News; state total with a complete LGA-level case breakdown,Active,Level 1,Pending,"WHO Disease Outbreak News OData API: who.int/api/news/diseaseoutbreaknews filtered on Title containing Cholera and Nigeria, which returns ten Nigeria cholera DONs from 1996 to 2017",English,1,"cholera_data_ai.csv index 480 (Kwara 2017 state, 1,627 cases to 30 July, from the Charnley compilation); index 481 (Kwara/Ilorin East, 23 cases, a later short-window figure)","WHO Disease Outbreak News OData API: who.int/api/news/diseaseoutbreaknews filtered on Title containing Cholera and Nigeria, which returns ten Nigeria cholera DONs from 1996 to 2017",AI
71,"WHO Disease Outbreak News Cholera in Nigeria Update 3, 15 March 1996 (state breakdown)",https://www.who.int/emergencies/disease-outbreak-news/item/1996_03_15a-en,"WHO Disease Outbreak News, 15 March 1996. During the week 11-17 March 1996, 3,247 cases and 185 deaths were reported in Kano, Kaduna, Kebbi and Oyo States; with earlier reports from Kebbi, Kwara, Niger and Ondo the cumulative total reached 6,117 cases and 487 deaths. State detail: Kano 4,388 cases and 150 deaths (CFR 3.4%), Kaduna 11/3, Kebbi 525/122, Kwara 272/72, Niger 304/97. The 6 March 1996 update adds Oyo 215/7 and notes Ondo as not yet reporting; the 19 July 1996 update gives the season total as 12,374 cases and 1,193 deaths as of 4 July with Taraba and Yobe newly affected and the largest burdens in Kano, Kebbi, Borno, Oyo and Niger.",1996-01-01 to 1996-03-17,WHO Disease Outbreak News; state- and LGA-level case and death counts,Active,Level 1,Pending,"WHO Disease Outbreak News OData API: who.int/api/news/diseaseoutbreaknews filtered on Title containing both Cholera and Nigeria, which returns ten items from 1996 to 2017",English,1,"cholera_data_ai.csv index 400 (Kano 1996, 5,600/340 from Hutin et al. 2003); index 3 (Oyo/Ibadan 1996, 1,384); index 521 (Kano 1995/6, 2,630 from Adagbada)","WHO Disease Outbreak News OData API: who.int/api/news/diseaseoutbreaknews filtered on Title containing both Cholera and Nigeria, which returns ten items from 1996 to 2017",AI
72,WHO Disease Outbreak News Cholera Nigeria 12 May 1999 (Kano LGA breakdown),https://www.who.int/emergencies/disease-outbreak-news/item/1999DON229,"WHO Disease Outbreak News, 12 May 1999. A cholera outbreak in KANO MUNICIPAL Local Government Area, Kano State, beginning in late March 1999 and traced to an interruption of the domestic water supply: 815 cases and 28 deaths to 6 May. It then spread to TOFA LGA, where 182 cases and 19 deaths were recorded over two weeks from late April. Separate outbreaks are reported in Adamawa State (76 cases, 18 deaths, now controlled) and Edo State (49 cases, 24 deaths, with a high CFR attributed to the absence of basic drugs and supplies). MSF Holland set up a temporary treatment centre and six oral rehydration therapy centres. This is the PRIMARY source behind the Charnley compilation's 1999 Nigeria entries and it attributes the 815 and 182 figures to LGAs, not to the state.",1999-03-01 to 1999-05-12,WHO Disease Outbreak News; state- and LGA-level case and death counts,Active,Level 1,Pending,"WHO Disease Outbreak News OData API: who.int/api/news/diseaseoutbreaknews filtered on Title containing both Cholera and Nigeria, which returns ten items from 1996 to 2017",English,1,"cholera_data_ai.csv index 405 (Kano 1999, 815/28 - which this source shows is Kano Municipal LGA, not the whole state); index 402 (Adamawa 1999); index 403 (Edo 1999); index 520 (Kano 1999 full year, 2,347)","WHO Disease Outbreak News OData API: who.int/api/news/diseaseoutbreaknews filtered on Title containing both Cholera and Nigeria, which returns ten items from 1996 to 2017",AI
73,WHO Disease Outbreak News Cholera in Nigeria 3 December 2004 (state breakdown),https://www.who.int/emergencies/disease-outbreak-news/item/2004_12_03-en,"WHO Disease Outbreak News, 3 December 2004, relaying the Federal Ministry of Health: 1,616 cases and 126 deaths in total. Kano State reported 1,316 cases and 76 deaths (CFR 5.8%) from 15 October to 23 November 2004, with 20 local government areas affected and the highest case fatality among those under 2 and over 60; Edo State reported 300 cases and 50 deaths (CFR 16.7%) from 16 September to 18 November 2004. Vibrio cholerae was laboratory-confirmed in both states. Widespread water shortages in Kano's metropolitan LGAs are cited, with many existing sources unsafe.",2004-09-16 to 2004-11-23,WHO Disease Outbreak News; state- and LGA-level case and death counts,Active,Level 1,Pending,"WHO Disease Outbreak News OData API: who.int/api/news/diseaseoutbreaknews filtered on Title containing both Cholera and Nigeria, which returns ten items from 1996 to 2017",English,1,"cholera_data_ai.csv index 410 (Edo 2004, 300/50 - the same figure, via the Charnley compilation); index 6 (national 2004-2008 aggregate)","WHO Disease Outbreak News OData API: who.int/api/news/diseaseoutbreaknews filtered on Title containing both Cholera and Nigeria, which returns ten items from 1996 to 2017",AI
74,"WHO Disease Outbreak News Cholera in Nigeria Update 4, 19 July 1996",https://www.who.int/emergencies/disease-outbreak-news/item/1996_07_19c-en,"WHO Disease Outbreak News, 19 July 1996: as of 4 July 1996 a total of 12,374 cases and 1,193 deaths had been reported since the beginning of the outbreak, matching the WHO Global Health Observatory annual figure for Nigeria in 1996 exactly. Two more states, Taraba and Yobe, had newly reported cases. The largest numbers of cases were reported from Kano, Kebbi, Borno, Oyo and Niger States. No per-state counts are given in this update.",1996-01-01 to 1996-07-04,WHO Disease Outbreak News; national cumulative and named affected states without counts,Active,Level 1,Pending,WHO Disease Outbreak News OData API,English,1,cholera_data_ai.csv indices 633-637 (1996 state rows from the March updates),WHO Disease Outbreak News OData API,AI
75,WHO AFRO Weekly Bulletin on Outbreaks and Other Emergencies Week 40 2017,https://iris.who.int/handle/10665/259207,,2017-08-16 to 2017-10-08,Sub-national cholera case and death counts,Active,Level 1,Pending,"IRIS DSpace REST sweep of all 471 WHO AFRO Weekly Bulletin issues, grep for Nigeria cholera narratives",en,0,,"IRIS DSpace REST sweep of all 471 WHO AFRO Weekly Bulletin issues, grep for Nigeria cholera narratives",AI
76,WHO AFRO Weekly Bulletin on Outbreaks and Other Emergencies Week 51 2017,https://iris.who.int/handle/10665/259745,,2017-08-16 to 2017-12-15,Sub-national cholera case and death counts,Active,Level 1,Pending,"IRIS DSpace REST sweep of all 471 WHO AFRO Weekly Bulletin issues, grep for Nigeria cholera narratives",en,0,,"IRIS DSpace REST sweep of all 471 WHO AFRO Weekly Bulletin issues, grep for Nigeria cholera narratives",AI
77,WHO AFRO Weekly Bulletin on Outbreaks and Other Emergencies Week 38 2017,https://iris.who.int/handle/10665/258984,,2017-01-01 to 2017-09-22,Sub-national cholera case and death counts,Active,Level 1,Pending,"IRIS DSpace REST sweep of all 471 WHO AFRO Weekly Bulletin issues, grep for Nigeria cholera narratives",en,0,,"IRIS DSpace REST sweep of all 471 WHO AFRO Weekly Bulletin issues, grep for Nigeria cholera narratives",AI
78,WHO AFRO Weekly Bulletin on Outbreaks and Other Emergencies Week 27 2018,https://iris.who.int/handle/10665/273028,,2018-06-30 to 2018-07-06,Sub-national cholera case and death counts,Active,Level 1,Pending,"IRIS DSpace REST sweep of all 471 WHO AFRO Weekly Bulletin issues, grep for Nigeria cholera narratives",en,0,,"IRIS DSpace REST sweep of all 471 WHO AFRO Weekly Bulletin issues, grep for Nigeria cholera narratives",AI
79,WHO AFRO Weekly Bulletin on Outbreaks and Other Emergencies Week 49 2019,https://iris.who.int/handle/10665/330076,,2019-05-15 to 2019-12-09,Sub-national cholera case and death counts,Active,Level 1,Pending,"IRIS DSpace REST sweep of all 471 WHO AFRO Weekly Bulletin issues, grep for Nigeria cholera narratives",en,0,,"IRIS DSpace REST sweep of all 471 WHO AFRO Weekly Bulletin issues, grep for Nigeria cholera narratives",AI
80,WHO AFRO Weekly Bulletin on Outbreaks and Other Emergencies Week 4 2021,https://iris.who.int/handle/10665/338891,,2020-12-14 to 2021-01-21,Sub-national cholera case and death counts,Active,Level 1,Pending,"IRIS DSpace REST sweep of all 471 WHO AFRO Weekly Bulletin issues, grep for Nigeria cholera narratives",en,0,,"IRIS DSpace REST sweep of all 471 WHO AFRO Weekly Bulletin issues, grep for Nigeria cholera narratives",AI
81,WHO AFRO Weekly Bulletin on Outbreaks and Other Emergencies Week 41 2022,https://iris.who.int/handle/10665/363497,,2022-08-24 to 2022-09-24,Sub-national cholera case and death counts,Active,Level 1,Pending,"IRIS DSpace REST sweep of all 471 WHO AFRO Weekly Bulletin issues, grep for Nigeria cholera narratives",en,0,,"IRIS DSpace REST sweep of all 471 WHO AFRO Weekly Bulletin issues, grep for Nigeria cholera narratives",AI
82,WHO AFRO Weekly Bulletin on Outbreaks and Other Emergencies Week 50 2019,https://iris.who.int/handle/10665/330150,,2019-11-27 to 2019-12-09,Sub-national cholera case and death counts,Active,Level 1,Pending,"IRIS DSpace REST sweep of all 471 WHO AFRO Weekly Bulletin issues, grep for Nigeria cholera narratives",en,0,,"IRIS DSpace REST sweep of all 471 WHO AFRO Weekly Bulletin issues, grep for Nigeria cholera narratives",AI
83,NCDC Cholera Situation Report Epi Week 28 2018 (reporting-week state case line),https://ncdc.gov.ng/themes/common/files/sitreps/b9a7afaf1b224325dc409380048c1d1c.pdf,"NCDC national Cholera Situation Report, epi week 28 of 2018. TWO DISTINCT DATA PRODUCTS IN ONE DOCUMENT. (1) The reporting-week bullet, which names only the states in active outbreak response and whose values sum to the printed weekly national - this is what earlier passes extracted. (2) TABLE 1, 'Reported suspected Cholera cases by State as at Epi week 28, 2018', a COMPLETE FEDERAL CUMULATIVE CROSS-SECTION giving, for each of 17 states, LGAs reporting in the week, LGAs ever reported in 2018, cases in the week, TOTAL CASES REPORTED, deaths in the week, TOTAL DEATHS, CFR, and culture- and RDT-positive counts, against a printed national of 16,892 cases and 201 deaths as at 2018-07-15. The cumulative column closes exactly on both quantities. Agent 5 extracted the cumulative cross-section on 2026-09-22; it had never been taken. Retrieved from the Cloudflare-cached static path ncdc.gov.ng/themes/common/files/sitreps/, which serves HTTP 200 with a browser User-Agent even while the NCDC site origin returns 522.",2018-07-09 to 2018-07-15,Weekly state-level incident cholera cases and deaths,Active,Level 1,Pending,pdftotext -layout sweep of all 93 NCDC cholera situation reports for reporting-week state enumerations,en,0,,pdftotext -layout sweep of all 93 NCDC cholera situation reports for reporting-week state enumerations,AI
84,NCDC Cholera Situation Report Epi Week 29 2018 (reporting-week state case line),https://ncdc.gov.ng/themes/common/files/sitreps/e7fc593d79f786e92fe490ca5ffd2e4b.pdf,,2018-07-16 to 2018-07-22,Weekly state-level incident cholera cases and deaths,Active,Level 1,Pending,pdftotext -layout sweep of all 93 NCDC cholera situation reports for reporting-week state enumerations,en,0,,pdftotext -layout sweep of all 93 NCDC cholera situation reports for reporting-week state enumerations,AI
85,NCDC Cholera Situation Report Epi Week 30 2018 (reporting-week state case line),https://ncdc.gov.ng/themes/common/files/sitreps/122d2703343ab44203a5675d0bb501c9.pdf,,2018-07-23 to 2018-07-29,Weekly state-level incident cholera cases and deaths,Active,Level 1,Pending,pdftotext -layout sweep of all 93 NCDC cholera situation reports for reporting-week state enumerations,en,0,,pdftotext -layout sweep of all 93 NCDC cholera situation reports for reporting-week state enumerations,AI
86,NCDC Cholera Situation Report Epi Week 34 2018 (reporting-week state case line),https://ncdc.gov.ng/themes/common/files/sitreps/bd9f2bdc637330f8f070607afb65e739.pdf,"NCDC national Cholera Situation Report, epi week 34 of 2018. TWO DISTINCT DATA PRODUCTS IN ONE DOCUMENT. (1) The reporting-week bullet, which names only the states in active outbreak response and whose values sum to the printed weekly national - this is what earlier passes extracted. (2) TABLE 1, 'Reported suspected Cholera cases by State as at Epi week 34, 2018', a COMPLETE FEDERAL CUMULATIVE CROSS-SECTION giving, for each of 18 states, LGAs reporting in the week, LGAs ever reported in 2018, cases in the week, TOTAL CASES REPORTED, deaths in the week, TOTAL DEATHS, CFR, and culture- and RDT-positive counts, against a printed national of 23,893 cases and 434 deaths as at 2018-08-26. The cumulative column deaths close exactly; cases sum 76 short, the same residual as week 35. Agent 5 extracted the cumulative cross-section on 2026-09-22; it had never been taken. Retrieved from the Cloudflare-cached static path ncdc.gov.ng/themes/common/files/sitreps/, which serves HTTP 200 with a browser User-Agent even while the NCDC site origin returns 522.",2018-08-20 to 2018-08-26,Weekly state-level incident cholera cases and deaths,Active,Level 1,Pending,pdftotext -layout sweep of all 93 NCDC cholera situation reports for reporting-week state enumerations,en,0,,pdftotext -layout sweep of all 93 NCDC cholera situation reports for reporting-week state enumerations,AI
87,NCDC Cholera Situation Report Epi Week 35 2018 (reporting-week state case line),https://ncdc.gov.ng/themes/common/files/sitreps/e2a285136d0f274d0d22f5440fa12a94.pdf,"NCDC national Cholera Situation Report, epi week 35 of 2018. TWO DISTINCT DATA PRODUCTS IN ONE DOCUMENT. (1) The reporting-week bullet, which names only the states in active outbreak response and whose values sum to the printed weekly national - this is what earlier passes extracted. (2) TABLE 1, 'Reported suspected Cholera cases by State as at Epi week 35, 2018', a COMPLETE FEDERAL CUMULATIVE CROSS-SECTION giving, for each of 18 states, LGAs reporting in the week, LGAs ever reported in 2018, cases in the week, TOTAL CASES REPORTED, deaths in the week, TOTAL DEATHS, CFR, and culture- and RDT-positive counts, against a printed national of 24,106 cases and 444 deaths as at 2018-09-02. The cumulative column deaths close exactly; cases sum 76 short, the same residual as week 34. Agent 5 extracted the cumulative cross-section on 2026-09-22; it had never been taken. Retrieved from the Cloudflare-cached static path ncdc.gov.ng/themes/common/files/sitreps/, which serves HTTP 200 with a browser User-Agent even while the NCDC site origin returns 522.",2018-08-27 to 2018-09-02,Weekly state-level incident cholera cases and deaths,Active,Level 1,Pending,pdftotext -layout sweep of all 93 NCDC cholera situation reports for reporting-week state enumerations,en,0,,pdftotext -layout sweep of all 93 NCDC cholera situation reports for reporting-week state enumerations,AI
88,NCDC Cholera Situation Report Epi Week 36 2018 (reporting-week state case line),https://ncdc.gov.ng/themes/common/files/sitreps/09ca9050585f6be503661f33dc40abc8.pdf,"NCDC national Cholera Situation Report, epi week 36 of 2018. TWO DISTINCT DATA PRODUCTS IN ONE DOCUMENT. (1) The reporting-week bullet, which names only the states in active outbreak response and whose values sum to the printed weekly national - this is what earlier passes extracted. (2) TABLE 1, 'Reported suspected Cholera cases by State as at Epi week 36, 2018', a COMPLETE FEDERAL CUMULATIVE CROSS-SECTION giving, for each of 19 states, LGAs reporting in the week, LGAs ever reported in 2018, cases in the week, TOTAL CASES REPORTED, deaths in the week, TOTAL DEATHS, CFR, and culture- and RDT-positive counts, against a printed national of 27,927 cases and 517 deaths as at 2018-09-09. The cumulative column closes exactly on both quantities. Agent 5 extracted the cumulative cross-section on 2026-09-22; it had never been taken. Retrieved from the Cloudflare-cached static path ncdc.gov.ng/themes/common/files/sitreps/, which serves HTTP 200 with a browser User-Agent even while the NCDC site origin returns 522.",2018-09-03 to 2018-09-09,Weekly state-level incident cholera cases and deaths,Active,Level 1,Pending,pdftotext -layout sweep of all 93 NCDC cholera situation reports for reporting-week state enumerations,en,0,,pdftotext -layout sweep of all 93 NCDC cholera situation reports for reporting-week state enumerations,AI
89,NCDC Cholera Situation Report Epi Week 38 2018 (reporting-week state case line),https://ncdc.gov.ng/themes/common/files/sitreps/b5820d79c6d97d11a5f7a2a0181cffd0.pdf,"NCDC national Cholera Situation Report, epi week 38 of 2018. TWO DISTINCT DATA PRODUCTS IN ONE DOCUMENT. (1) The reporting-week bullet, which names only the states in active outbreak response and whose values sum to the printed weekly national - this is what earlier passes extracted. (2) TABLE 1, 'Reported suspected Cholera cases by State as at Epi week 38, 2018', a COMPLETE FEDERAL CUMULATIVE CROSS-SECTION giving, for each of 19 states, LGAs reporting in the week, LGAs ever reported in 2018, cases in the week, TOTAL CASES REPORTED, deaths in the week, TOTAL DEATHS, CFR, and culture- and RDT-positive counts, against a printed national of 34,961 cases and 758 deaths as at 2018-09-23. The cumulative column sums to 34,968 cases and 756 deaths, within 0.3 per cent. Agent 5 extracted the cumulative cross-section on 2026-09-22; it had never been taken. Retrieved from the Cloudflare-cached static path ncdc.gov.ng/themes/common/files/sitreps/, which serves HTTP 200 with a browser User-Agent even while the NCDC site origin returns 522.",2018-09-17 to 2018-09-23,Weekly state-level incident cholera cases and deaths,Active,Level 1,Pending,pdftotext -layout sweep of all 93 NCDC cholera situation reports for reporting-week state enumerations,en,0,,pdftotext -layout sweep of all 93 NCDC cholera situation reports for reporting-week state enumerations,AI
90,NCDC Cholera Situation Report Epi Week 39 2018 (reporting-week state case line),https://ncdc.gov.ng/themes/common/files/sitreps/c8c4be70feeb4aa0b2cb030303c3bab8.pdf,,2018-09-24 to 2018-09-30,Weekly state-level incident cholera cases and deaths,Active,Level 1,Pending,pdftotext -layout sweep of all 93 NCDC cholera situation reports for reporting-week state enumerations,en,0,,pdftotext -layout sweep of all 93 NCDC cholera situation reports for reporting-week state enumerations,AI
91,NCDC Cholera Situation Report Epi Week 40 2018 (reporting-week state case line),https://ncdc.gov.ng/themes/common/files/sitreps/f4b869f4b4af846c08f4ac1c8650c3fc.pdf,,2018-10-01 to 2018-10-07,Weekly state-level incident cholera cases and deaths,Active,Level 1,Pending,pdftotext -layout sweep of all 93 NCDC cholera situation reports for reporting-week state enumerations,en,0,,pdftotext -layout sweep of all 93 NCDC cholera situation reports for reporting-week state enumerations,AI
92,NCDC Cholera Situation Report Epi Week 30 2021 (reporting-week state case line),https://ncdc.gov.ng/themes/common/files/sitreps/8a9f2ce7de14b5b879eda514372113f4.pdf,,2021-07-26 to 2021-08-01,Weekly state-level incident cholera cases and deaths,Active,Level 1,Pending,pdftotext -layout sweep of all 93 NCDC cholera situation reports for reporting-week state enumerations,en,0,,pdftotext -layout sweep of all 93 NCDC cholera situation reports for reporting-week state enumerations,AI
93,NCDC Cholera Situation Report Epi Week 34 2021 (reporting-week state case line),https://ncdc.gov.ng/themes/common/files/sitreps/2fa7f5799999a81a439b196483cb77c3.pdf,,2021-08-23 to 2021-08-29,Weekly state-level incident cholera cases and deaths,Active,Level 1,Pending,pdftotext -layout sweep of all 93 NCDC cholera situation reports for reporting-week state enumerations,en,0,,pdftotext -layout sweep of all 93 NCDC cholera situation reports for reporting-week state enumerations,AI
94,NCDC Cholera Situation Report Epi Week 35 2021 (reporting-week state case line),https://ncdc.gov.ng/themes/common/files/sitreps/acef26fb390180b7519ebcce0fba8637.pdf,,2021-08-30 to 2021-09-05,Weekly state-level incident cholera cases and deaths,Active,Level 1,Pending,pdftotext -layout sweep of all 93 NCDC cholera situation reports for reporting-week state enumerations,en,0,,pdftotext -layout sweep of all 93 NCDC cholera situation reports for reporting-week state enumerations,AI
95,NCDC Cholera Situation Report Epi Week 36 2021 (reporting-week state case line),https://ncdc.gov.ng/themes/common/files/sitreps/a6a4a8307c131dff6661db51de1b169a.pdf,,2021-09-06 to 2021-09-12,Weekly state-level incident cholera cases and deaths,Active,Level 1,Pending,pdftotext -layout sweep of all 93 NCDC cholera situation reports for reporting-week state enumerations,en,0,,pdftotext -layout sweep of all 93 NCDC cholera situation reports for reporting-week state enumerations,AI
96,NCDC Cholera Situation Report Epi Week 37 2021 (reporting-week state case line),https://ncdc.gov.ng/themes/common/files/sitreps/a708ecdfccdb7c7be5b6087dd5d29e6d.pdf,,2021-09-13 to 2021-09-19,Weekly state-level incident cholera cases and deaths,Active,Level 1,Pending,pdftotext -layout sweep of all 93 NCDC cholera situation reports for reporting-week state enumerations,en,0,,pdftotext -layout sweep of all 93 NCDC cholera situation reports for reporting-week state enumerations,AI
97,NCDC Cholera Situation Report Epi Week 41 2021 (reporting-week state case line),https://ncdc.gov.ng/themes/common/files/sitreps/078a3feb24a74ee4312d4d7252f354f0.pdf,,2021-10-11 to 2021-10-17,Weekly state-level incident cholera cases and deaths,Active,Level 1,Pending,pdftotext -layout sweep of all 93 NCDC cholera situation reports for reporting-week state enumerations,en,0,,pdftotext -layout sweep of all 93 NCDC cholera situation reports for reporting-week state enumerations,AI
98,NCDC Cholera Situation Report Epi Week 43 2021 (reporting-week state case line),https://ncdc.gov.ng/themes/common/files/sitreps/ddf6ee2fa457e6ac5d60ad0b25d7a023.pdf,,2021-10-25 to 2021-10-31,Weekly state-level incident cholera cases and deaths,Active,Level 1,Pending,pdftotext -layout sweep of all 93 NCDC cholera situation reports for reporting-week state enumerations,en,0,,pdftotext -layout sweep of all 93 NCDC cholera situation reports for reporting-week state enumerations,AI
99,NCDC Cholera Situation Report Epi Week 47 2021 (reporting-week state case line),https://ncdc.gov.ng/themes/common/files/sitreps/09b6fefce77c74101b77e453f4dca7fb.pdf,,2021-11-22 to 2021-11-28,Weekly state-level incident cholera cases and deaths,Active,Level 1,Pending,pdftotext -layout sweep of all 93 NCDC cholera situation reports for reporting-week state enumerations,en,0,,pdftotext -layout sweep of all 93 NCDC cholera situation reports for reporting-week state enumerations,AI
100,NCDC Cholera Situation Report Epi Week 50 2021 (reporting-week state case line),https://ncdc.gov.ng/themes/common/files/sitreps/8da1323a06d9ebf954246c1b27588ae9.pdf,,2021-12-13 to 2021-12-19,Weekly state-level incident cholera cases and deaths,Active,Level 1,Pending,pdftotext -layout sweep of all 93 NCDC cholera situation reports for reporting-week state enumerations,en,0,,pdftotext -layout sweep of all 93 NCDC cholera situation reports for reporting-week state enumerations,AI
101,NCDC Cholera Situation Report Epi Week 51 2021 (reporting-week state case line),https://ncdc.gov.ng/themes/common/files/sitreps/715d0c9c284b1510e82ec4bcf97402cd.pdf,,2021-12-20 to 2021-12-26,Weekly state-level incident cholera cases and deaths,Active,Level 1,Pending,pdftotext -layout sweep of all 93 NCDC cholera situation reports for reporting-week state enumerations,en,0,,pdftotext -layout sweep of all 93 NCDC cholera situation reports for reporting-week state enumerations,AI
102,NCDC Cholera Situation Report Epi Week 21 2022 (reporting-week state case line),https://ncdc.gov.ng/themes/common/files/sitreps/57923ecb70246039b310bf3a88407571.pdf,,2022-05-23 to 2022-05-29,Weekly state-level incident cholera cases and deaths,Active,Level 1,Pending,pdftotext -layout sweep of all 93 NCDC cholera situation reports for reporting-week state enumerations,en,0,,pdftotext -layout sweep of all 93 NCDC cholera situation reports for reporting-week state enumerations,AI
103,NCDC Cholera Situation Report Epi Week 26 2022 (reporting-week state case line),https://ncdc.gov.ng/themes/common/files/sitreps/5ca21f31869ca49cd417dfedc5cddb1e.pdf,,2022-06-27 to 2022-07-03,Weekly state-level incident cholera cases and deaths,Active,Level 1,Pending,pdftotext -layout sweep of all 93 NCDC cholera situation reports for reporting-week state enumerations,en,0,,pdftotext -layout sweep of all 93 NCDC cholera situation reports for reporting-week state enumerations,AI
104,NCDC Cholera Situation Report Epi Week 35 2022 (reporting-week state case line),https://ncdc.gov.ng/themes/common/files/sitreps/bc08e245d1fae83069ae5ab197398fb4.pdf,,2022-08-29 to 2022-09-04,Weekly state-level incident cholera cases and deaths,Active,Level 1,Pending,pdftotext -layout sweep of all 93 NCDC cholera situation reports for reporting-week state enumerations,en,0,,pdftotext -layout sweep of all 93 NCDC cholera situation reports for reporting-week state enumerations,AI
105,NCDC Cholera Situation Report Epi Week 39 2022 (reporting-week state case line),https://ncdc.gov.ng/themes/common/files/sitreps/983477614bd2dc4fe1250b98efc113d8.pdf,,2022-09-26 to 2022-10-02,Weekly state-level incident cholera cases and deaths,Active,Level 1,Pending,pdftotext -layout sweep of all 93 NCDC cholera situation reports for reporting-week state enumerations,en,0,,pdftotext -layout sweep of all 93 NCDC cholera situation reports for reporting-week state enumerations,AI
106,NCDC Cholera Situation Report Epi Week 43 2022 (reporting-week state case line),https://ncdc.gov.ng/themes/common/files/sitreps/c572c11c51795f17da11a4d04d5217f8.pdf,,2022-10-24 to 2022-10-30,Weekly state-level incident cholera cases and deaths,Active,Level 1,Pending,pdftotext -layout sweep of all 93 NCDC cholera situation reports for reporting-week state enumerations,en,0,,pdftotext -layout sweep of all 93 NCDC cholera situation reports for reporting-week state enumerations,AI
107,NCDC Cholera Situation Report Epi Week 47 2022 (reporting-week state case line),https://ncdc.gov.ng/themes/common/files/sitreps/3a5aa9183ac8689daea21962828ac236.pdf,,2022-11-21 to 2022-11-27,Weekly state-level incident cholera cases and deaths,Active,Level 1,Pending,pdftotext -layout sweep of all 93 NCDC cholera situation reports for reporting-week state enumerations,en,0,,pdftotext -layout sweep of all 93 NCDC cholera situation reports for reporting-week state enumerations,AI
108,NCDC Cholera Situation Report Epi Week 4 2023 (reporting-week state case line),https://ncdc.gov.ng/themes/common/files/sitreps/c8b8373e412f6ac673948caddae3d286.pdf,,2023-01-23 to 2023-01-29,Weekly state-level incident cholera cases and deaths,Active,Level 1,Pending,pdftotext -layout sweep of all 93 NCDC cholera situation reports for reporting-week state enumerations,en,0,,pdftotext -layout sweep of all 93 NCDC cholera situation reports for reporting-week state enumerations,AI
109,NCDC Cholera Situation Report Epi Week 9 2023 (reporting-week state case line),https://ncdc.gov.ng/themes/common/files/sitreps/8898421117dff683ef3e9e31a8d338b5.pdf,,2023-02-27 to 2023-03-05,Weekly state-level incident cholera cases and deaths,Active,Level 1,Pending,pdftotext -layout sweep of all 93 NCDC cholera situation reports for reporting-week state enumerations,en,0,,pdftotext -layout sweep of all 93 NCDC cholera situation reports for reporting-week state enumerations,AI
110,NCDC Cholera Situation Report Epi Week 13 2023 (reporting-week state case line),https://ncdc.gov.ng/themes/common/files/sitreps/8e22fc93c483a168480cfe09f13e2aac.pdf,,2023-03-27 to 2023-04-02,Weekly state-level incident cholera cases and deaths,Active,Level 1,Pending,pdftotext -layout sweep of all 93 NCDC cholera situation reports for reporting-week state enumerations,en,0,,pdftotext -layout sweep of all 93 NCDC cholera situation reports for reporting-week state enumerations,AI
111,NCDC Cholera Situation Report Epi Week 26 2023 (weekly-highlight state case line),https://ncdc.gov.ng/themes/common/files/sitreps/86eded9cb1059c26a10168b091554d79.pdf,,2023-06-26 to 2023-07-02,Weekly state-level incident cholera cases,Active,Level 1,Pending,pdftotext -layout sweep of all 93 NCDC cholera situation reports for the Week N Highlight state enumeration used from 2023 week 26 onward,en,0,,pdftotext -layout sweep of all 93 NCDC cholera situation reports for the Week N Highlight state enumeration used from 2023 week 26 onward,AI
112,NCDC Cholera Situation Report Epi Week 34 2023 (weekly-highlight state case line),https://ncdc.gov.ng/themes/common/files/sitreps/b5312dee1262249339935f0e48b49bde.pdf,,2023-08-21 to 2023-08-27,Weekly state-level incident cholera cases,Active,Level 1,Pending,pdftotext -layout sweep of all 93 NCDC cholera situation reports for the Week N Highlight state enumeration used from 2023 week 26 onward,en,0,,pdftotext -layout sweep of all 93 NCDC cholera situation reports for the Week N Highlight state enumeration used from 2023 week 26 onward,AI
113,NCDC Cholera Situation Report Epi Week 39 2023 (weekly-highlight state case line),https://ncdc.gov.ng/themes/common/files/sitreps/2481381156b173626e82e02f822ce8c5.pdf,,2023-09-25 to 2023-10-01,Weekly state-level incident cholera cases,Active,Level 1,Pending,pdftotext -layout sweep of all 93 NCDC cholera situation reports for the Week N Highlight state enumeration used from 2023 week 26 onward,en,0,,pdftotext -layout sweep of all 93 NCDC cholera situation reports for the Week N Highlight state enumeration used from 2023 week 26 onward,AI
114,NCDC Cholera Situation Report Epi Week 47 2023 (weekly-highlight state case line),https://ncdc.gov.ng/themes/common/files/sitreps/68d1fd52026df8037795393cb1ddd5fd.pdf,,2023-11-20 to 2023-11-26,Weekly state-level incident cholera cases,Active,Level 1,Pending,pdftotext -layout sweep of all 93 NCDC cholera situation reports for the Week N Highlight state enumeration used from 2023 week 26 onward,en,0,,pdftotext -layout sweep of all 93 NCDC cholera situation reports for the Week N Highlight state enumeration used from 2023 week 26 onward,AI
115,NCDC Cholera Situation Report Epi Week 4 2024 (weekly-highlight state case line),https://ncdc.gov.ng/themes/common/files/sitreps/0f03935c9dec2ee03be543c0399eff22.pdf,,2024-01-22 to 2024-01-28,Weekly state-level incident cholera cases,Active,Level 1,Pending,pdftotext -layout sweep of all 93 NCDC cholera situation reports for the Week N Highlight state enumeration used from 2023 week 26 onward,en,0,,pdftotext -layout sweep of all 93 NCDC cholera situation reports for the Week N Highlight state enumeration used from 2023 week 26 onward,AI
116,NCDC Cholera Situation Report Epi Week 8 2024 (weekly-highlight state case line),https://ncdc.gov.ng/themes/common/files/sitreps/1c2cfbf2bc4fb6e10ba27a335b7bae2c.pdf,,2024-02-19 to 2024-02-25,Weekly state-level incident cholera cases,Active,Level 1,Pending,pdftotext -layout sweep of all 93 NCDC cholera situation reports for the Week N Highlight state enumeration used from 2023 week 26 onward,en,0,,pdftotext -layout sweep of all 93 NCDC cholera situation reports for the Week N Highlight state enumeration used from 2023 week 26 onward,AI
117,NCDC Cholera Situation Report Epi Week 12 2024 (weekly-highlight state case line),https://ncdc.gov.ng/themes/common/files/sitreps/ff94f80a9171582287b63df547e782a0.pdf,,2024-03-18 to 2024-03-24,Weekly state-level incident cholera cases,Active,Level 1,Pending,pdftotext -layout sweep of all 93 NCDC cholera situation reports for the Week N Highlight state enumeration used from 2023 week 26 onward,en,0,,pdftotext -layout sweep of all 93 NCDC cholera situation reports for the Week N Highlight state enumeration used from 2023 week 26 onward,AI
118,NCDC Cholera Situation Report Epi Week 17 2024 (weekly-highlight state case line),https://ncdc.gov.ng/themes/common/files/sitreps/7afa8d786ff9ef15246de64fbdc59cec.pdf,,2024-04-22 to 2024-04-28,Weekly state-level incident cholera cases,Active,Level 1,Pending,pdftotext -layout sweep of all 93 NCDC cholera situation reports for the Week N Highlight state enumeration used from 2023 week 26 onward,en,0,,pdftotext -layout sweep of all 93 NCDC cholera situation reports for the Week N Highlight state enumeration used from 2023 week 26 onward,AI
119,NCDC Cholera Situation Report Epi Week 23 2024 (weekly-highlight state case line),https://ncdc.gov.ng/themes/common/files/sitreps/dc7b7c4e4ee6982b93d5cea70d770704.pdf,,2024-06-03 to 2024-06-09,Weekly state-level incident cholera cases,Active,Level 1,Pending,pdftotext -layout sweep of all 93 NCDC cholera situation reports for the Week N Highlight state enumeration used from 2023 week 26 onward,en,0,,pdftotext -layout sweep of all 93 NCDC cholera situation reports for the Week N Highlight state enumeration used from 2023 week 26 onward,AI
120,NCDC Cholera Situation Report Epi Week 24 2024 (weekly-highlight state case line),https://ncdc.gov.ng/themes/common/files/sitreps/a8f7fd0ce5bbccf0ba161da70d8715cb.pdf,,2024-06-10 to 2024-06-16,Weekly state-level incident cholera cases,Active,Level 1,Pending,pdftotext -layout sweep of all 93 NCDC cholera situation reports for the Week N Highlight state enumeration used from 2023 week 26 onward,en,0,,pdftotext -layout sweep of all 93 NCDC cholera situation reports for the Week N Highlight state enumeration used from 2023 week 26 onward,AI
121,NCDC Cholera Situation Report Epi Week 25 2024 (weekly-highlight state case line),https://ncdc.gov.ng/themes/common/files/sitreps/790b8fab2b6d4f793cb3bcb012358ee1.pdf,,2024-06-17 to 2024-06-23,Weekly state-level incident cholera cases,Active,Level 1,Pending,pdftotext -layout sweep of all 93 NCDC cholera situation reports for the Week N Highlight state enumeration used from 2023 week 26 onward,en,0,,pdftotext -layout sweep of all 93 NCDC cholera situation reports for the Week N Highlight state enumeration used from 2023 week 26 onward,AI
122,NCDC Cholera Situation Report Epi Week 26 2024 (weekly-highlight state case line),https://ncdc.gov.ng/themes/common/files/sitreps/427151e2a0d4f38eb7bfe4c537ca90b8.pdf,,2024-06-24 to 2024-06-30,Weekly state-level incident cholera cases,Active,Level 1,Pending,pdftotext -layout sweep of all 93 NCDC cholera situation reports for the Week N Highlight state enumeration used from 2023 week 26 onward,en,0,,pdftotext -layout sweep of all 93 NCDC cholera situation reports for the Week N Highlight state enumeration used from 2023 week 26 onward,AI
123,NCDC Cholera Situation Report Epi Week 27 2024 (weekly-highlight state case line),https://ncdc.gov.ng/themes/common/files/sitreps/f99ab9adf0f26a1ccc796d7610d40b9c.pdf,,2024-07-01 to 2024-07-07,Weekly state-level incident cholera cases,Active,Level 1,Pending,pdftotext -layout sweep of all 93 NCDC cholera situation reports for the Week N Highlight state enumeration used from 2023 week 26 onward,en,0,,pdftotext -layout sweep of all 93 NCDC cholera situation reports for the Week N Highlight state enumeration used from 2023 week 26 onward,AI
124,NCDC Cholera Situation Report Epi Week 28 2024 (weekly-highlight state case line),https://ncdc.gov.ng/themes/common/files/sitreps/54d4f611487e13ad9b18dc0586628e47.pdf,,2024-07-08 to 2024-07-14,Weekly state-level incident cholera cases,Active,Level 1,Pending,pdftotext -layout sweep of all 93 NCDC cholera situation reports for the Week N Highlight state enumeration used from 2023 week 26 onward,en,0,,pdftotext -layout sweep of all 93 NCDC cholera situation reports for the Week N Highlight state enumeration used from 2023 week 26 onward,AI
125,NCDC Cholera Situation Report Epi Week 29 2024 (weekly-highlight state case line),https://ncdc.gov.ng/themes/common/files/sitreps/2c93d23eabd9ac41e2d998c311fbc997.pdf,,2024-07-15 to 2024-07-21,Weekly state-level incident cholera cases,Active,Level 1,Pending,pdftotext -layout sweep of all 93 NCDC cholera situation reports for the Week N Highlight state enumeration used from 2023 week 26 onward,en,0,,pdftotext -layout sweep of all 93 NCDC cholera situation reports for the Week N Highlight state enumeration used from 2023 week 26 onward,AI
126,NCDC Cholera Situation Report Epi Week 31 2024 (weekly-highlight state case line),https://ncdc.gov.ng/themes/common/files/sitreps/62e4eab2da2c97145370a0666fb349d3.pdf,,2024-07-29 to 2024-08-04,Weekly state-level incident cholera cases,Active,Level 1,Pending,pdftotext -layout sweep of all 93 NCDC cholera situation reports for the Week N Highlight state enumeration used from 2023 week 26 onward,en,0,,pdftotext -layout sweep of all 93 NCDC cholera situation reports for the Week N Highlight state enumeration used from 2023 week 26 onward,AI
127,NCDC Cholera Situation Report Epi Week 32 2024 (weekly-highlight state case line),https://ncdc.gov.ng/themes/common/files/sitreps/67555f6acf99208233aafb5590b1088f.pdf,,2024-08-05 to 2024-08-11,Weekly state-level incident cholera cases,Active,Level 1,Pending,pdftotext -layout sweep of all 93 NCDC cholera situation reports for the Week N Highlight state enumeration used from 2023 week 26 onward,en,0,,pdftotext -layout sweep of all 93 NCDC cholera situation reports for the Week N Highlight state enumeration used from 2023 week 26 onward,AI
128,NCDC Cholera Situation Report Epi Week 33 2024 (weekly-highlight state case line),https://ncdc.gov.ng/themes/common/files/sitreps/ec8df9ac6829a5efa14fde05e73efa5e.pdf,,2024-08-12 to 2024-08-18,Weekly state-level incident cholera cases,Active,Level 1,Pending,pdftotext -layout sweep of all 93 NCDC cholera situation reports for the Week N Highlight state enumeration used from 2023 week 26 onward,en,0,,pdftotext -layout sweep of all 93 NCDC cholera situation reports for the Week N Highlight state enumeration used from 2023 week 26 onward,AI
129,NCDC Cholera Situation Report Epi Week 35 2024 (weekly-highlight state case line),https://ncdc.gov.ng/themes/common/files/sitreps/4106b79ecb34c2fe4eab6b6731780e50.pdf,,2024-08-26 to 2024-09-01,Weekly state-level incident cholera cases,Active,Level 1,Pending,pdftotext -layout sweep of all 93 NCDC cholera situation reports for the Week N Highlight state enumeration used from 2023 week 26 onward,en,0,,pdftotext -layout sweep of all 93 NCDC cholera situation reports for the Week N Highlight state enumeration used from 2023 week 26 onward,AI
130,NCDC Cholera Situation Report Epi Week 36 2024 (weekly-highlight state case line),https://ncdc.gov.ng/themes/common/files/sitreps/b92cb2fa6b913e6a049977d412a98049.pdf,,2024-09-02 to 2024-09-08,Weekly state-level incident cholera cases,Active,Level 1,Pending,pdftotext -layout sweep of all 93 NCDC cholera situation reports for the Week N Highlight state enumeration used from 2023 week 26 onward,en,0,,pdftotext -layout sweep of all 93 NCDC cholera situation reports for the Week N Highlight state enumeration used from 2023 week 26 onward,AI
131,NCDC Cholera Situation Report Epi Week 37 2024 (weekly-highlight state case line),https://ncdc.gov.ng/themes/common/files/sitreps/bb3359fefc78953c99b460c4f11d4655.pdf,,2024-09-09 to 2024-09-15,Weekly state-level incident cholera cases,Active,Level 1,Pending,pdftotext -layout sweep of all 93 NCDC cholera situation reports for the Week N Highlight state enumeration used from 2023 week 26 onward,en,0,,pdftotext -layout sweep of all 93 NCDC cholera situation reports for the Week N Highlight state enumeration used from 2023 week 26 onward,AI
132,NCDC Cholera Situation Report Epi Week 38 2024 (weekly-highlight state case line),https://ncdc.gov.ng/themes/common/files/sitreps/26ff8c2ef2a8971b754ea6183c360f46.pdf,,2024-09-16 to 2024-09-22,Weekly state-level incident cholera cases,Active,Level 1,Pending,pdftotext -layout sweep of all 93 NCDC cholera situation reports for the Week N Highlight state enumeration used from 2023 week 26 onward,en,0,,pdftotext -layout sweep of all 93 NCDC cholera situation reports for the Week N Highlight state enumeration used from 2023 week 26 onward,AI
133,NCDC Cholera Situation Report Epi Week 5 2025 (weekly-highlight state case line),https://ncdc.gov.ng/themes/common/files/sitreps/f84def0936bf6bd6b18a6da648c8ff1f.pdf,,2025-01-27 to 2025-02-02,Weekly state-level incident cholera cases,Active,Level 1,Pending,pdftotext -layout sweep of all 93 NCDC cholera situation reports for the Week N Highlight state enumeration used from 2023 week 26 onward,en,0,,pdftotext -layout sweep of all 93 NCDC cholera situation reports for the Week N Highlight state enumeration used from 2023 week 26 onward,AI
134,"Nigerian Tribune - cholera deaths among IDPs in Takum LGA, Taraba, 8 January 2026",https://tribuneonlineng.com/cholera-outbreak-kills-13-idps-in-taraba/,,2026-01-06 to 2026-01-08,"Sub-national cholera deaths, no case count",Active,Level 3,Pending,WordPress REST sweep of tribuneonlineng.com for cholera posts after 2026-01-01,en,0,,WordPress REST sweep of tribuneonlineng.com for cholera posts after 2026-01-01,AI
135,"New Telegraph / Plateau RUWASSA and UNICEF - Bokkos, Mangu and Jos North cholera outbreak, 6 August 2026",https://newtelegraphng.com/cholera-plateau-unicef-firm-up-alliance-to-tackle-outbreak-in-bokkos-jos/,,2026-07-01 to 2026-08-06,"Sub-national cholera presence, no case count",Active,Level 3,Pending,WordPress REST sweep of newtelegraphng.com for cholera posts after 2026-01-01,en,0,,WordPress REST sweep of newtelegraphng.com for cholera posts after 2026-01-01,AI
136,"Goni et al. 2025 Research Square preprint - Spatiotemporal Dynamics of Cholera Outbreaks in Yobe State, Northeast Nigeria, 2020-2024",https://www.researchsquare.com/article/rs-8385237/v1,"Retrospective cross-sectional study of Yobe State cholera surveillance data 2020-2024 (6,792 cases, 178 deaths). Explicitly states no cases/outbreaks in 2020 and 2023. Free full text on Research Square (Agent 2 recorded this paper as paywalled; it is not).",2020-2024,"Academic retrospective surveillance analysis, ADM1/ADM2",Active,Level 1,Pending,Europe PMC REST API query: cholera AND Yobe AND Nigeria; full text retrieved by direct curl of the Research Square article page after DOI redirect,en,0,,Europe PMC REST API query: cholera AND Yobe AND Nigeria; full text retrieved by direct curl of the Research Square article page after DOI redirect,AI
137,"NCDC Weekly Epidemiological Report Volume 8 No. 43, 9 November 2018 (cholera year-to-date weeks 1-43, 29 states)",https://ncdc.gov.ng/themes/common/docs/wers/149_1542134729.pdf,"NCDC routine IDSR Weekly Epidemiological Report. Section 3.2 gives the 2018 cholera year-to-date total as 48,686 suspected cases from 239 LGAs in 29 States, weeks 1-43. This is the IDSR any-case count and is materially larger than the parallel NCDC Cholera Situation Report Serial 23 (42,466 cases, 20 'affected' States) for the identical week, which is why the cholera sitrep's affected-state list must NOT be used to derive state-level zeros for 2018.",2018 weeks 1-43,"National IDSR weekly surveillance bulletin, ADM1 counts",Active,Level 1,Pending,"ncdc.gov.ng/reports/weekly archive enumeration, then direct PDF fetch; used to test whether the cholera sitrep state list is exhaustive",en,0,,"ncdc.gov.ng/reports/weekly archive enumeration, then direct PDF fetch; used to test whether the cholera sitrep state list is exhaustive",AI
138,"NCDC Annual Report 2025 - quarterly Priority Disease Outbreaks tables, cholera States Reporting (Suspected) lists Q1-Q4 2025",https://ncdc.gov.ng/themes/common/files/annualreports/aef20a745a4834768d51591445f9ea4d.pdf,,2025-01-01 to 2025-12-31,Surveillance,Active,Level 1,Pending,ncdc.gov.ng/reports/annualreports index harvest + pdftotext -layout extraction of the four quarterly Priority Disease Outbreak tables,en,0,,ncdc.gov.ng/reports/annualreports index harvest + pdftotext -layout extraction of the four quarterly Priority Disease Outbreak tables,AI
139,"WHO Weekly Epidemiological Record 1971;46(3), 15 Jan 1971 - Nigeria cholera narrative, Lagos State and Ibadan",https://iris.who.int/handle/10665/218115,,1970-12-28 to 1971-01-09,Surveillance,Active,Level 1,Pending,"IRIS DSpace discover REST search title:'Weekly Epidemiological Record, 1971' then ORIGINAL-bundle PDF + pdftotext -layout",en,0,,"IRIS DSpace discover REST search title:'Weekly Epidemiological Record, 1971' then ORIGINAL-bundle PDF + pdftotext -layout",AI
140,"WHO Weekly Epidemiological Record 1971;46(36), 3 Sep 1971 - Diseases Subject to the Regulations, Nigeria cholera by state 25-31 July 1971",https://iris.who.int/handle/10665/218498,,1971-07-25 to 1971-07-31,Surveillance,Active,Level 1,Pending,IRIS DSpace discover REST + ORIGINAL PDF + pdftotext -layout,en,0,,IRIS DSpace discover REST + ORIGINAL PDF + pdftotext -layout,AI
141,"WHO Weekly Epidemiological Record 1971;46(40), 1 Oct 1971 - Diseases Subject to the Regulations, Nigeria cholera by state 15-21 August 1971",https://iris.who.int/handle/10665/218540,,1971-08-15 to 1971-08-21,Surveillance,Active,Level 1,Pending,IRIS DSpace discover REST + ORIGINAL PDF + pdftotext -layout,en,0,,IRIS DSpace discover REST + ORIGINAL PDF + pdftotext -layout,AI
142,"WHO Weekly Epidemiological Record 1971;46(41), 8 Oct 1971 - Diseases Subject to the Regulations, Nigeria cholera by state 22-28 August 1971",https://iris.who.int/handle/10665/218550,,1971-08-22 to 1971-08-28,Surveillance,Active,Level 1,Pending,IRIS DSpace discover REST + ORIGINAL PDF + pdftotext -layout,en,0,,IRIS DSpace discover REST + ORIGINAL PDF + pdftotext -layout,AI
143,"WHO Weekly Epidemiological Record 1971;46(48), 26 Nov 1971 - Diseases Subject to the Regulations, Nigeria cholera by state 29 Aug-4 Sep and 5-11 Sep 1971",https://iris.who.int/handle/10665/218615,,1971-08-29 to 1971-09-11,Surveillance,Active,Level 1,Pending,IRIS DSpace discover REST + ORIGINAL PDF + pdftotext -layout,en,0,,IRIS DSpace discover REST + ORIGINAL PDF + pdftotext -layout,AI
144,"WHO Weekly Epidemiological Record 1971;46(49), 3 Dec 1971 - Diseases Subject to the Regulations, Nigeria cholera by state 12-18 and 19-25 November 1971",https://iris.who.int/handle/10665/218622,CAUTION - the period printed in this issue is WRONG and the Source name above preserves the printed (erroneous) month for traceability. WER 1971;46(49) p.502 headed its Nigeria block '12-18.XI | 19-25 XI'. WER 1971;46(51) p.517 reprints the same block with '12-18 IX | 19-25 IX' and the footnote 'Correction. See/Voir p 502'. The true period is 12-25 SEPTEMBER 1971. All rows citing this index have been redated accordingly by Agent 5.,1971-11-12 to 1971-11-25,Surveillance,Active,Level 1,Pending,IRIS DSpace discover REST + ORIGINAL PDF + pdftotext -layout,en,0,,IRIS DSpace discover REST + ORIGINAL PDF + pdftotext -layout,AI
145,"WHO Weekly Epidemiological Record 1991;66(29), 19 July 1991 - Cholera, Nigeria: Federal Ministry of Health report as at 10 July 1991",https://iris.who.int/handle/10665/228087,,1991-01-01 to 1991-07-10,Surveillance,Active,Level 1,Pending,"IRIS DSpace discover REST title:'Weekly Epidemiological Record, 1991' then ORIGINAL PDF + pdftotext -layout; found by scanning all 50 issues of vol.66 for Nigeria in a cholera context",en,0,,"IRIS DSpace discover REST title:'Weekly Epidemiological Record, 1991' then ORIGINAL PDF + pdftotext -layout; found by scanning all 50 issues of vol.66 for Nigeria in a cholera context",AI
146,"WHO Disease Outbreak News Cholera in Nigeria, 1 March 1996 (national total as of 19 February; Kano State)",https://www.who.int/emergencies/disease-outbreak-news/item/1996_03_01a-en,,1996-01-01 to 1996-02-19,Surveillance,Active,Level 1,Pending,Probed the WHO DON archive URL pattern 1996_MM_DDx-en directly after the IRIS/WER route showed a 1996 Nigerian epidemic curve existed; WebSearch budget was exhausted,en,0,,Probed the WHO DON archive URL pattern 1996_MM_DDx-en directly after the IRIS/WER route showed a 1996 Nigerian epidemic curve existed; WebSearch budget was exhausted,AI
147,"WHO Disease Outbreak News Cholera in Nigeria, 7 March 1996 (national total as of 5 March)",https://www.who.int/emergencies/disease-outbreak-news/item/1996_03_07a-en,,1996-01-01 to 1996-03-05,Surveillance,Active,Level 1,Pending,WHO DON archive URL-pattern probe,en,0,,WHO DON archive URL-pattern probe,AI
148,"WHO World Health Statistics Annual 1971, Vol. 24, Table 1.1 Quarantinable diseases - cholera cases and deaths by four-week period, 1970 and 1971",https://iris.who.int/handle/10665/75346,,1971-01-01 to 1971-06-17,Surveillance,Active,Level 1,Pending,"IRIS DSpace discover full-text query '""Four-Weekly Periods"" cholera' surfaced the World Health Statistics Annual quarantinable-disease volumes alongside the WER; ORIGINAL bundle PDF + pdftotext -layout",en,0,,"IRIS DSpace discover full-text query '""Four-Weekly Periods"" cholera' surfaced the World Health Statistics Annual quarantinable-disease volumes alongside the WER; ORIGINAL bundle PDF + pdftotext -layout",AI
149,"WHO World Health Statistics Annual 1972, Vol. 25, Table 1.1 Quarantinable diseases - cholera cases and deaths by four-week period, 1971 and 1972",https://iris.who.int/handle/10665/75343,,1971-06-18 to 1972-04-20,Surveillance,Active,Level 1,Pending,Follow-on from the WHS 1971 volume found via IRIS discover; sibling handles 10665/75343-75349 enumerate the whole quarantinable-disease series,en,0,,Follow-on from the WHS 1971 volume found via IRIS discover; sibling handles 10665/75343-75349 enumerate the whole quarantinable-disease series,AI
150,"Utsalo, Eko et al. - cholera and Vibrio parahaemolyticus diarrhoea endemicity at University of Calabar Teaching Hospital, Cross River (West Afr J Med 1991;10:175-180 and Eur J Epidemiol 1992;8:856-860)",https://europepmc.org/article/MED/1294392,,1988-01-01 to 1989-12-31,Surveillance,Active,Level 2,Pending,Europe PMC REST '(cholera) AND (Nigeria) AND (FIRST_PDATE:[1980-01-01 TO 1999-12-31])',en,0,,Europe PMC REST '(cholera) AND (Nigeria) AND (FIRST_PDATE:[1980-01-01 TO 1999-12-31])',AI
151,"WHO Weekly Epidemiological Record 1971;46(4), 22 Jan 1971 - Diseases Subject to the Regulations, Nigeria cholera by state and division, 10-16 January 1971",https://iris.who.int/handle/10665/218126,,1971-01-10 to 1971-01-16,Surveillance,Active,Level 1,Pending,"Second, looser re-scan of the 51 harvested WER 1971 issues; the first pass missed these because the label prints as 'NIGERIA1 - NIGERIA1' with an attached footnote digit",en,0,,"Second, looser re-scan of the 51 harvested WER 1971 issues; the first pass missed these because the label prints as 'NIGERIA1 - NIGERIA1' with an attached footnote digit",AI
152,"WHO Weekly Epidemiological Record 1971;46(6), 5 Feb 1971 - Diseases Subject to the Regulations, Nigeria cholera by state and division, 17-23 and 24-30 January 1971",https://iris.who.int/handle/10665/218148,,1971-01-17 to 1971-01-30,Surveillance,Active,Level 1,Pending,"Second, looser re-scan of the 51 harvested WER 1971 issues; the first pass missed these because the label prints as 'NIGERIA1 - NIGERIA1' with an attached footnote digit",en,0,,"Second, looser re-scan of the 51 harvested WER 1971 issues; the first pass missed these because the label prints as 'NIGERIA1 - NIGERIA1' with an attached footnote digit",AI
153,"WHO Weekly Epidemiological Record 1971;46(10), 5 Mar 1971 - Diseases Subject to the Regulations, Nigeria cholera by state and division, 14-20 February 1971",https://iris.who.int/handle/10665/218191,,1971-02-14 to 1971-02-20,Surveillance,Active,Level 1,Pending,"Second, looser re-scan of the 51 harvested WER 1971 issues; the first pass missed these because the label prints as 'NIGERIA1 - NIGERIA1' with an attached footnote digit",en,0,,"Second, looser re-scan of the 51 harvested WER 1971 issues; the first pass missed these because the label prints as 'NIGERIA1 - NIGERIA1' with an attached footnote digit",AI
154,"WHO Weekly Epidemiological Record 1971;46(11), 12 Mar 1971 - Diseases Subject to the Regulations, Nigeria cholera by state and division, 21-27 February 1971",https://iris.who.int/handle/10665/218206,,1971-02-21 to 1971-02-27,Surveillance,Active,Level 1,Pending,"Second, looser re-scan of the 51 harvested WER 1971 issues; the first pass missed these because the label prints as 'NIGERIA1 - NIGERIA1' with an attached footnote digit",en,0,,"Second, looser re-scan of the 51 harvested WER 1971 issues; the first pass missed these because the label prints as 'NIGERIA1 - NIGERIA1' with an attached footnote digit",AI
155,"WHO Weekly Epidemiological Record 1971;46(12), 19 Mar 1971 - Diseases Subject to the Regulations, Nigeria cholera by state and division, 28 February-6 March 1971",https://iris.who.int/handle/10665/218220,,1971-02-28 to 1971-03-06,Surveillance,Active,Level 1,Pending,"Second, looser re-scan of the 51 harvested WER 1971 issues; the first pass missed these because the label prints as 'NIGERIA1 - NIGERIA1' with an attached footnote digit",en,0,,"Second, looser re-scan of the 51 harvested WER 1971 issues; the first pass missed these because the label prints as 'NIGERIA1 - NIGERIA1' with an attached footnote digit",AI
156,"WHO Weekly Epidemiological Record 1971;46(13), 26 Mar 1971 - Diseases Subject to the Regulations, Nigeria cholera by state and division, 7-13 March 1971",https://iris.who.int/handle/10665/218234,,1971-03-07 to 1971-03-13,Surveillance,Active,Level 1,Pending,"Second, looser re-scan of the 51 harvested WER 1971 issues; the first pass missed these because the label prints as 'NIGERIA1 - NIGERIA1' with an attached footnote digit",en,0,,"Second, looser re-scan of the 51 harvested WER 1971 issues; the first pass missed these because the label prints as 'NIGERIA1 - NIGERIA1' with an attached footnote digit",AI
157,"WHO Weekly Epidemiological Record 1971;46(14), 2 Apr 1971 - Diseases Subject to the Regulations, Nigeria cholera by state and division, 14-20 March 1971",https://iris.who.int/handle/10665/218251,,1971-03-14 to 1971-03-20,Surveillance,Active,Level 1,Pending,"Second, looser re-scan of the 51 harvested WER 1971 issues; the first pass missed these because the label prints as 'NIGERIA1 - NIGERIA1' with an attached footnote digit",en,0,,"Second, looser re-scan of the 51 harvested WER 1971 issues; the first pass missed these because the label prints as 'NIGERIA1 - NIGERIA1' with an attached footnote digit",AI
158,"WHO Weekly Epidemiological Record 1971;46(15), 9 Apr 1971 - Diseases Subject to the Regulations, Nigeria cholera by state and division, 14-20 and 21-27 March 1971",https://iris.who.int/handle/10665/218265,,1971-03-14 to 1971-03-27,Surveillance,Active,Level 1,Pending,"Second, looser re-scan of the 51 harvested WER 1971 issues; the first pass missed these because the label prints as 'NIGERIA1 - NIGERIA1' with an attached footnote digit",en,0,,"Second, looser re-scan of the 51 harvested WER 1971 issues; the first pass missed these because the label prints as 'NIGERIA1 - NIGERIA1' with an attached footnote digit",AI
159,"WHO Weekly Epidemiological Record 1971;46(19), 7 May 1971 - Diseases Subject to the Regulations, Nigeria cholera by state and division, 4-10 April 1971",https://iris.who.int/handle/10665/218314,,1971-04-04 to 1971-04-10,Surveillance,Active,Level 1,Pending,"Third pass over the harvested WER 1971 issues, anchored on the case/deaths integer pair rather than the label",en,0,,"Third pass over the harvested WER 1971 issues, anchored on the case/deaths integer pair rather than the label",AI
160,"WHO Weekly Epidemiological Record 1971;46(20), 14 May 1971 - Diseases Subject to the Regulations, Nigeria cholera by state and division, 11-17 April 1971",https://iris.who.int/handle/10665/218326,,1971-04-11 to 1971-04-17,Surveillance,Active,Level 1,Pending,"Third pass over the harvested WER 1971 issues, anchored on the case/deaths integer pair rather than the label",en,0,,"Third pass over the harvested WER 1971 issues, anchored on the case/deaths integer pair rather than the label",AI
161,"WHO Weekly Epidemiological Record 1971;46(21), 21 May 1971 - Diseases Subject to the Regulations, Nigeria cholera by state and division, 11-24 April 1971",https://iris.who.int/handle/10665/218336,,1971-04-11 to 1971-04-24,Surveillance,Active,Level 1,Pending,"Third pass over the harvested WER 1971 issues, anchored on the case/deaths integer pair rather than the label",en,0,,"Third pass over the harvested WER 1971 issues, anchored on the case/deaths integer pair rather than the label",AI
162,"WHO Weekly Epidemiological Record 1971;46(25), 18 Jun 1971 - Diseases Subject to the Regulations, Nigeria cholera by state and division, 16-22 May 1971",https://iris.who.int/handle/10665/218379,,1971-05-16 to 1971-05-22,Surveillance,Active,Level 1,Pending,"Third pass over the harvested WER 1971 issues, anchored on the case/deaths integer pair rather than the label",en,0,,"Third pass over the harvested WER 1971 issues, anchored on the case/deaths integer pair rather than the label",AI
163,"WHO Weekly Epidemiological Record 1971;46(29), 16 Jul 1971 - Diseases Subject to the Regulations, Nigeria cholera by state and division, 13-19 June 1971",https://iris.who.int/handle/10665/218422,,1971-06-13 to 1971-06-19,Surveillance,Active,Level 1,Pending,"Third pass over the harvested WER 1971 issues, anchored on the case/deaths integer pair rather than the label",en,0,,"Third pass over the harvested WER 1971 issues, anchored on the case/deaths integer pair rather than the label",AI
164,"WHO Weekly Epidemiological Record 1971;46(39), 24 Sep 1971 - Diseases Subject to the Regulations, Nigeria cholera by state and division, 27 June-3 July 1971",https://iris.who.int/handle/10665/218524,,1971-06-27 to 1971-07-03,Surveillance,Active,Level 1,Pending,"Third pass over the harvested WER 1971 issues, anchored on the case/deaths integer pair rather than the label",en,0,,"Third pass over the harvested WER 1971 issues, anchored on the case/deaths integer pair rather than the label",AI
165,"WHO Weekly Epidemiological Record 1971;46(32), 6 Aug 1971 - Diseases Subject to the Regulations, Nigeria cholera by state and division, 27 June-3 July and 4-10 July 1971",https://iris.who.int/handle/10665/218456,,1971-06-27 to 1971-07-10,Surveillance,Active,Level 1,Pending,"Third pass over the harvested WER 1971 issues, anchored on the case/deaths integer pair",en,0,,"Third pass over the harvested WER 1971 issues, anchored on the case/deaths integer pair",AI
166,"WHO Weekly Epidemiological Record 1971;46(34), 20 Aug 1971 - Diseases Subject to the Regulations, Nigeria cholera by state and division, 11-17 July 1971",https://iris.who.int/handle/10665/218476,,1971-07-11 to 1971-07-17,Surveillance,Active,Level 1,Pending,"Third pass over the harvested WER 1971 issues, anchored on the case/deaths integer pair",en,0,,"Third pass over the harvested WER 1971 issues, anchored on the case/deaths integer pair",AI
167,"WHO Weekly Epidemiological Record 1971;46(35), 27 Aug 1971 - Diseases Subject to the Regulations, Nigeria cholera by state and division, 18-24 July 1971",https://iris.who.int/handle/10665/218485,,1971-07-18 to 1971-07-24,Surveillance,Active,Level 1,Pending,"Third pass over the harvested WER 1971 issues, anchored on the case/deaths integer pair",en,0,,"Third pass over the harvested WER 1971 issues, anchored on the case/deaths integer pair",AI
168,"WHO Weekly Epidemiological Record 1971;46(17), 23 Apr 1971 - Diseases Subject to the Regulations, Nigeria cholera by state and division, 28 March-3 April 1971",https://iris.who.int/handle/10665/218288,,1971-03-28 to 1971-04-03,Surveillance,Active,Level 1,Pending,"Third pass over the harvested WER 1971 issues, anchored on the case/deaths integer pair",en,0,,"Third pass over the harvested WER 1971 issues, anchored on the case/deaths integer pair",AI
169,"WHO Weekly Epidemiological Record 1971;46(24), 11 Jun 1971 - Diseases Subject to the Regulations, Nigeria cholera by state and division, 9-15 May 1971",https://iris.who.int/handle/10665/218369,,1971-05-09 to 1971-05-15,Surveillance,Active,Level 1,Pending,"Third pass over the harvested WER 1971 issues, anchored on the case/deaths integer pair",en,0,,"Third pass over the harvested WER 1971 issues, anchored on the case/deaths integer pair",AI
170,"WHO Weekly Epidemiological Record 1971;46(30), 23 Jul 1971 - Diseases Subject to the Regulations, Nigeria cholera by state and division, 20-26 June 1971",https://iris.who.int/handle/10665/218435,,1971-06-20 to 1971-06-26,Surveillance,Active,Level 1,Pending,"Third pass over the harvested WER 1971 issues, anchored on the case/deaths integer pair",en,0,,"Third pass over the harvested WER 1971 issues, anchored on the case/deaths integer pair",AI
171,"WHO Weekly Epidemiological Record 1971;46(51), 17 Dec 1971 - Diseases Subject to the Regulations, Nigeria cholera by state and division, 31 October-20 November 1971",https://iris.who.int/handle/10665/218642,,1971-10-31 to 1971-11-20,Surveillance,Active,Level 1,Pending,"Third pass over the harvested WER 1971 issues, anchored on the case/deaths integer pair",en,0,,"Third pass over the harvested WER 1971 issues, anchored on the case/deaths integer pair",AI
172,"WHO Weekly Epidemiological Record 1971;46(8), 19 Feb 1971 - Diseases Subject to the Regulations, Nigeria cholera by state and division, 31 January-6 February 1971",https://iris.who.int/handle/10665/218166,,1971-01-31 to 1971-02-06,Surveillance,Active,Level 1,Pending,"Third pass over the harvested WER 1971 issues, anchored on the case/deaths integer pair",en,0,,"Third pass over the harvested WER 1971 issues, anchored on the case/deaths integer pair",AI
173,"WHO Weekly Epidemiological Record 1971;46(26), 25 Jun 1971 - Diseases Subject to the Regulations, Nigeria cholera by state and division, 23-29 May 1971",https://iris.who.int/handle/10665/218389,,1971-05-23 to 1971-05-29,Surveillance,Active,Level 1,Pending,"Third pass over the harvested WER 1971 issues, anchored on the case/deaths integer pair",en,0,,"Third pass over the harvested WER 1971 issues, anchored on the case/deaths integer pair",AI
174,"WHO Weekly Epidemiological Record 1972;47(8), 25 Feb 1972 - Diseases Subject to the Regulations, Nigeria cholera by state, 19-25 and 26-31 December 1971",https://iris.who.int/handle/10665/218748,,1971-12-19 to 1971-12-31,Surveillance,Active,Level 1,Pending,"Harvested WER vol.47 (1972) in full and scanned on the case/deaths integer pair, the technique that worked for vol.46",en,0,,"Harvested WER vol.47 (1972) in full and scanned on the case/deaths integer pair, the technique that worked for vol.46",AI
175,"WHO Weekly Epidemiological Record 1972;47(23), 9 Jun 1972 - Diseases Subject to the Regulations, Nigeria cholera by state, 2-8 and 9-15 April 1972",https://iris.who.int/handle/10665/218926,,1972-04-02 to 1972-04-15,Surveillance,Active,Level 1,Pending,"Harvested WER vol.47 (1972) in full and scanned on the case/deaths integer pair, the technique that worked for vol.46",en,0,,"Harvested WER vol.47 (1972) in full and scanned on the case/deaths integer pair, the technique that worked for vol.46",AI
176,"WHO Weekly Epidemiological Record 1972;47(52), 29 Dec 1972 - Diseases Subject to the Regulations, Nigeria cholera by state, 23-29 July and 30 July-5 August 1972",https://iris.who.int/handle/10665/219199,,1972-07-23 to 1972-08-05,Surveillance,Active,Level 1,Pending,"WER vol.47 full harvest, case/deaths integer-pair scan",en,0,,"WER vol.47 full harvest, case/deaths integer-pair scan",AI
177,"WHO Weekly Epidemiological Record 1974;49(01), 4 Jan 1974 - Diseases Subject to the Regulations, Nigeria cholera by state and province, 22-28 July and 29 July-4 August 1973",https://iris.who.int/handle/10665/219685,"WER 1974;49(1), 4 Jan 1974: Nigeria cholera notifications by state and province for FOUR weeks - 22-28 July, 29 July-4 August, 5-11 August and 12-18 August 1973 - in two stacked blocks on the same page. Also carries the footnoted REVISION (0r) that moves the 22 July-4 August Abeokuta figures printed in WER 1973;48(51) to Ibadan Province.",1973-07-22 to 1973-08-04,Surveillance,Active,Level 1,Pending,"WER vol.49 (1974) full harvest, case/deaths integer-pair scan",en,0,,"WER vol.49 (1974) full harvest, case/deaths integer-pair scan",AI
178,"WHO Weekly Epidemiological Record 1974;49(10), 8 Mar 1974 - Diseases Subject to the Regulations, Nigeria cholera by state and province, 16-22 December 1973",https://iris.who.int/handle/10665/219757,,1973-12-16 to 1973-12-22,Surveillance,Active,Level 1,Pending,"WER vol.49 (1974) full harvest, case/deaths integer-pair scan",en,0,,"WER vol.49 (1974) full harvest, case/deaths integer-pair scan",AI
179,"WHO Weekly Epidemiological Record 1974;49(12), 22 Mar 1974 - Diseases Subject to the Regulations, Nigeria cholera by state and province, 13-19 and 20-26 January 1974",https://iris.who.int/handle/10665/219777,,1974-01-13 to 1974-01-26,Surveillance,Active,Level 1,Pending,"WER vol.49 (1974) full harvest, case/deaths integer-pair scan",en,0,,"WER vol.49 (1974) full harvest, case/deaths integer-pair scan",AI
180,"WHO Weekly Epidemiological Record 1974;49(21), 24 May 1974 - Diseases Subject to the Regulations, Nigeria cholera by state and province, 31 March-6 April and 7-13 April 1974",https://iris.who.int/handle/10665/219877,,1974-03-31 to 1974-04-13,Surveillance,Active,Level 1,Pending,"WER vol.49 (1974) full harvest, case/deaths integer-pair scan",en,0,,"WER vol.49 (1974) full harvest, case/deaths integer-pair scan",AI
181,"WHO Weekly Epidemiological Record 1974;49(29), 19 Jul 1974 - Diseases Subject to the Regulations, Nigeria cholera by state and province, 9-15 and 16-22 June 1974",https://iris.who.int/handle/10665/219952,,1974-06-09 to 1974-06-22,Surveillance,Active,Level 1,Pending,"WER vol.49 (1974) full harvest, case/deaths integer-pair scan",en,0,,"WER vol.49 (1974) full harvest, case/deaths integer-pair scan",AI
182,"WHO Weekly Epidemiological Record 1973;48(02), 12 Jan 1973 - Diseases Subject to the Regulations, Nigeria cholera notifications by state, 6-12 and 13-19 August 1972",https://iris.who.int/handle/10665/219213,,1972-08-06 to 1972-08-19,Weekly state-level cholera notifications,Active,Level 1,Pending,WER vol.48 (1973) full harvest via IRIS DSpace discover REST; Nigeria block located by bbox word coordinates and read from a 300dpi page-image crop rather than the collapsed PDF text layer,en/fr,1,,WER vol.48 (1973) full harvest via IRIS DSpace discover REST; Nigeria block located by bbox word coordinates and read from a 300dpi page-image crop rather than the collapsed PDF text layer,AI
183,"WHO Weekly Epidemiological Record 1973;48(09), 2 Mar 1973 - Diseases Subject to the Regulations, Nigeria cholera notifications by state, 17-23 and 24-30 September 1972",https://iris.who.int/handle/10665/219287,,1972-09-17 to 1972-09-30,Weekly state-level cholera notifications,Active,Level 1,Pending,WER vol.48 (1973) full harvest via IRIS DSpace discover REST; Nigeria block located by bbox word coordinates and read from a 300dpi page-image crop rather than the collapsed PDF text layer,en/fr,1,,WER vol.48 (1973) full harvest via IRIS DSpace discover REST; Nigeria block located by bbox word coordinates and read from a 300dpi page-image crop rather than the collapsed PDF text layer,AI
184,"WHO Weekly Epidemiological Record 1973;48(13), 30 Mar 1973 - Diseases Subject to the Regulations, Nigeria cholera notifications by state, 15-21 and 22-28 October 1972",https://iris.who.int/handle/10665/219326,,1972-10-15 to 1972-10-28,Weekly state-level cholera notifications,Active,Level 1,Pending,WER vol.48 (1973) full harvest via IRIS DSpace discover REST; Nigeria block located by bbox word coordinates and read from a 300dpi page-image crop rather than the collapsed PDF text layer,en/fr,1,,WER vol.48 (1973) full harvest via IRIS DSpace discover REST; Nigeria block located by bbox word coordinates and read from a 300dpi page-image crop rather than the collapsed PDF text layer,AI
185,"WHO Weekly Epidemiological Record 1973;48(17), 27 Apr 1973 - Diseases Subject to the Regulations, Nigeria cholera notifications by state, 26 November-2 December and 3-9 December 1972",https://iris.who.int/handle/10665/219363,,1972-11-26 to 1972-12-09,Weekly state-level cholera notifications,Active,Level 1,Pending,WER vol.48 (1973) full harvest via IRIS DSpace discover REST; Nigeria block located by bbox word coordinates and read from a 300dpi page-image crop rather than the collapsed PDF text layer,en/fr,1,,WER vol.48 (1973) full harvest via IRIS DSpace discover REST; Nigeria block located by bbox word coordinates and read from a 300dpi page-image crop rather than the collapsed PDF text layer,AI
186,"WHO Weekly Epidemiological Record 1973;48(22), 1 Jun 1973 - Diseases Subject to the Regulations, Nigeria cholera notifications by state, 10-16 and 17-23 December 1972",https://iris.who.int/handle/10665/219406,,1972-12-10 to 1972-12-23,Weekly state-level cholera notifications,Active,Level 1,Pending,WER vol.48 (1973) full harvest via IRIS DSpace discover REST; Nigeria block located by bbox word coordinates and read from a 300dpi page-image crop rather than the collapsed PDF text layer,en/fr,1,,WER vol.48 (1973) full harvest via IRIS DSpace discover REST; Nigeria block located by bbox word coordinates and read from a 300dpi page-image crop rather than the collapsed PDF text layer,AI
187,"WHO Weekly Epidemiological Record 1973;48(24), 15 Jun 1973 - Diseases Subject to the Regulations, Nigeria cholera notifications by state, 31 December 1972-3 February 1973 (five weeks)",https://iris.who.int/handle/10665/219420,,1972-12-31 to 1973-02-03,Weekly state-level cholera notifications,Active,Level 1,Pending,WER vol.48 (1973) full harvest via IRIS DSpace discover REST; Nigeria block located by bbox word coordinates and read from a 300dpi page-image crop rather than the collapsed PDF text layer,en/fr,1,,WER vol.48 (1973) full harvest via IRIS DSpace discover REST; Nigeria block located by bbox word coordinates and read from a 300dpi page-image crop rather than the collapsed PDF text layer,AI
188,"WHO Weekly Epidemiological Record 1973;48(25), 22 Jun 1973 - Diseases Subject to the Regulations, Nigeria cholera notifications by state, 18-24 February and 25 February-3 March 1973",https://iris.who.int/handle/10665/219434,"WHO Weekly Epidemiological Record vol 48 no 25, 22 June 1973. Cited in this file for TWO distinct tables in the same issue: (a) 'Diseases Subject to the Regulations - Notifications Received', Nigeria cholera notifications by state for 18-24 February and 25 February-3 March 1973; and (b) 'Areas Removed from the Infected Area list between 15 and 21 June 1973', which under CHOLERA / Africa names NIGERIA: East-Central State, North-Central State and North-Eastern State, all three as whole states with no division subsetting. Table (b) backs Indices 2615-2627.",1973-02-18 to 1973-03-03,Weekly state-level cholera notifications,Active,Level 1,Pending,WER vol.48 (1973) full harvest via IRIS DSpace discover REST; Nigeria block located by bbox word coordinates and read from a 300dpi page-image crop rather than the collapsed PDF text layer,en/fr,1,,WER vol.48 (1973) full harvest via IRIS DSpace discover REST; Nigeria block located by bbox word coordinates and read from a 300dpi page-image crop rather than the collapsed PDF text layer,AI
189,"WHO Weekly Epidemiological Record 1973;48(26), 29 Jun 1973 - Diseases Subject to the Regulations, Nigeria cholera notifications by state, 4-10 and 11-17 February 1973, plus the April 1973 monthly summary",https://iris.who.int/handle/10665/219443,,1973-02-04 to 1973-04-30,Weekly state-level cholera notifications,Active,Level 1,Pending,WER vol.48 (1973) full harvest via IRIS DSpace discover REST; Nigeria block located by bbox word coordinates and read from a 300dpi page-image crop rather than the collapsed PDF text layer,en/fr,1,,WER vol.48 (1973) full harvest via IRIS DSpace discover REST; Nigeria block located by bbox word coordinates and read from a 300dpi page-image crop rather than the collapsed PDF text layer,AI
190,"WHO Weekly Epidemiological Record 1973;48(27), 6 Jul 1973 - Diseases Subject to the Regulations, Nigeria cholera notifications by state, 4-10 March 1973",https://iris.who.int/handle/10665/219450,"WHO Weekly Epidemiological Record vol 48 no 27, 6 July 1973. Cited in this file for TWO distinct tables in the same issue: (a) 'Diseases Subject to the Regulations - Notifications Received', the Nigeria cholera notifications by state for 4-10 March 1973; and (b) 'Areas Removed from the Infected Area List between 29 June and 5 July 1973', which under CHOLERA / Africa names NIGERIA: Lagos State and Mid-West State, both as whole states with no division subsetting. Table (b) backs Indices 2601-2603.",1973-03-04 to 1973-03-10,Weekly state-level cholera notifications,Active,Level 1,Pending,WER vol.48 (1973) full harvest via IRIS DSpace discover REST; Nigeria block located by bbox word coordinates and read from a 300dpi page-image crop rather than the collapsed PDF text layer,en/fr,1,,WER vol.48 (1973) full harvest via IRIS DSpace discover REST; Nigeria block located by bbox word coordinates and read from a 300dpi page-image crop rather than the collapsed PDF text layer,AI
191,"WHO Weekly Epidemiological Record 1973;48(32), 10 Aug 1973 - Diseases Subject to the Regulations, Nigeria cholera notifications by state, 18-31 March and 1-14 April 1973",https://iris.who.int/handle/10665/219492,,1973-03-18 to 1973-04-14,Weekly state-level cholera notifications,Active,Level 1,Pending,WER vol.48 (1973) full harvest via IRIS DSpace discover REST; Nigeria block located by bbox word coordinates and read from a 300dpi page-image crop rather than the collapsed PDF text layer,en/fr,1,,WER vol.48 (1973) full harvest via IRIS DSpace discover REST; Nigeria block located by bbox word coordinates and read from a 300dpi page-image crop rather than the collapsed PDF text layer,AI
192,"WHO Weekly Epidemiological Record 1973;48(34), 24 Aug 1973 - Diseases Subject to the Regulations, Nigeria cholera notifications by state, 15-28 April and 10-16 June 1973",https://iris.who.int/handle/10665/219514,,1973-04-15 to 1973-06-16,Weekly state-level cholera notifications,Active,Level 1,Pending,WER vol.48 (1973) full harvest via IRIS DSpace discover REST; Nigeria block located by bbox word coordinates and read from a 300dpi page-image crop rather than the collapsed PDF text layer,en/fr,1,,WER vol.48 (1973) full harvest via IRIS DSpace discover REST; Nigeria block located by bbox word coordinates and read from a 300dpi page-image crop rather than the collapsed PDF text layer,AI
193,"WHO Weekly Epidemiological Record 1973;48(37), 14 Sep 1973 - Diseases Subject to the Regulations, Nigeria cholera notifications by state, 29 April-5 May and 6-12 May 1973",https://iris.who.int/handle/10665/219539,,1973-04-29 to 1973-05-12,Weekly state-level cholera notifications,Active,Level 1,Pending,WER vol.48 (1973) full harvest via IRIS DSpace discover REST; Nigeria block located by bbox word coordinates and read from a 300dpi page-image crop rather than the collapsed PDF text layer,en/fr,1,,WER vol.48 (1973) full harvest via IRIS DSpace discover REST; Nigeria block located by bbox word coordinates and read from a 300dpi page-image crop rather than the collapsed PDF text layer,AI
194,"WHO Weekly Epidemiological Record 1973;48(40), 5 Oct 1973 - Diseases Subject to the Regulations, Nigeria cholera notifications by state, 13-19 and 20-26 May 1973",https://iris.who.int/handle/10665/219565,,1973-05-13 to 1973-05-26,Weekly state-level cholera notifications,Active,Level 1,Pending,WER vol.48 (1973) full harvest via IRIS DSpace discover REST; Nigeria block located by bbox word coordinates and read from a 300dpi page-image crop rather than the collapsed PDF text layer,en/fr,1,,WER vol.48 (1973) full harvest via IRIS DSpace discover REST; Nigeria block located by bbox word coordinates and read from a 300dpi page-image crop rather than the collapsed PDF text layer,AI
195,"WHO Weekly Epidemiological Record 1973;48(42), 19 Oct 1973 - Diseases Subject to the Regulations, Nigeria cholera notifications by state, 27 May-2 June and 3-9 June 1973",https://iris.who.int/handle/10665/219587,,1973-05-27 to 1973-06-09,Weekly state-level cholera notifications,Active,Level 1,Pending,WER vol.48 (1973) full harvest via IRIS DSpace discover REST; Nigeria block located by bbox word coordinates and read from a 300dpi page-image crop rather than the collapsed PDF text layer,en/fr,1,,WER vol.48 (1973) full harvest via IRIS DSpace discover REST; Nigeria block located by bbox word coordinates and read from a 300dpi page-image crop rather than the collapsed PDF text layer,AI
196,"WHO Weekly Epidemiological Record 1973;48(50), 14 Dec 1973 - Diseases Subject to the Regulations, Nigeria cholera notifications by state, 30 June-21 July 1973",https://iris.who.int/handle/10665/219652,,1973-06-30 to 1973-07-21,Weekly state-level cholera notifications,Active,Level 1,Pending,WER vol.48 (1973) full harvest via IRIS DSpace discover REST; Nigeria block located by bbox word coordinates and read from a 300dpi page-image crop rather than the collapsed PDF text layer,en/fr,1,,WER vol.48 (1973) full harvest via IRIS DSpace discover REST; Nigeria block located by bbox word coordinates and read from a 300dpi page-image crop rather than the collapsed PDF text layer,AI
197,"WHO Weekly Epidemiological Record 1973;48(51), 21 Dec 1973 - Diseases Subject to the Regulations, Nigeria cholera notifications by state, 22-28 July and 29 July-4 August 1973 (SUPERSEDED by the revision in WER 1974;49(1))",https://iris.who.int/handle/10665/219665,,1973-07-22 to 1973-08-04,Weekly state-level cholera notifications,Active,Level 1,Pending,WER vol.48 (1973) full harvest via IRIS DSpace discover REST; Nigeria block located by bbox word coordinates and read from a 300dpi page-image crop rather than the collapsed PDF text layer,en/fr,1,,WER vol.48 (1973) full harvest via IRIS DSpace discover REST; Nigeria block located by bbox word coordinates and read from a 300dpi page-image crop rather than the collapsed PDF text layer,AI
198,"WHO Weekly Epidemiological Record 1971;46(38), 17 Sep 1971 - Diseases Subject to the Regulations, Nigeria cholera by state and division, 1-7 and 8-14 August 1971",https://iris.who.int/handle/10665/218517,,1971-08-01 to 1971-08-14,Weekly state-level cholera notifications,Active,Level 1,Pending,WER vol.46 re-sweep with bbox block location + 300dpi page-image reading; this issue was not among the ~23 that Agent 4 mined,en/fr,1,,WER vol.46 re-sweep with bbox block location + 300dpi page-image reading; this issue was not among the ~23 that Agent 4 mined,AI
199,"WHO Weekly Epidemiological Record 1976;51(18), 30 Apr 1976 - Newly Infected Areas as on 29 April 1976, and Diseases Subject to the Regulations Nigeria cholera 8-28 February 1976",https://iris.who.int/handle/10665/222229,,1976-02-08 to 1976-04-29,Weekly cholera notifications and infected-area declarations,Superseded,Level 1,Pending,WER vol.51 (1976) full harvest + bbox block location; first agent to open this volume for Nigeria,en/fr,1,,WER vol.51 (1976) full harvest + bbox block location; first agent to open this volume for Nigeria,AI
200,"WHO Weekly Epidemiological Record 1976;51(18), 30 Apr 1976 - Newly Infected Areas as on 29 April 1976 (Nigeria, Bendel State, Ughelli Province) and Nigeria cholera notifications 8-28 February 1976",https://iris.who.int/handle/10665/220826,,1976-02-08 to 1976-04-29,Weekly cholera notifications and infected-area declarations,Active,Level 1,Pending,WER vol.51 (1976) full harvest via IRIS DSpace discover + bbox block location; first agent to open this volume for Nigeria,en/fr,1,,WER vol.51 (1976) full harvest via IRIS DSpace discover + bbox block location; first agent to open this volume for Nigeria,AI
201,"Dalhat MM et al. 2018, Pan African Medical Journal 30:5 - relaying Epidemiology Division, Federal Ministry of Health Nigeria unpublished national cholera surveillance, January 2004-December 2008",https://doi.org/10.11604/pamj.2018.30.5.12768,,2004-01-01 to 2008-12-31,National multi-year cholera aggregate relayed from unpublished FMoH surveillance,Active,Level 2,Pending,"Europe PMC REST full-text search on the literal string 74,881 to locate the primary text behind an AI row whose only citation was the bare domain health.gov.ng",en,2,PMID 30123408; PMC6093587,"Europe PMC REST full-text search on the literal string 74,881 to locate the primary text behind an AI row whose only citation was the bare domain health.gov.ng",AI
202,"WHO AFRO ArcGIS feature service Adm1_Nigeria_Cholera - cumulative cholera cases and deaths by Nigerian state, cut date 12 April 2023",https://services.arcgis.com/5T5nSi527N4F7luB/arcgis/rest/services/Adm1_Nigeria_Cholera/FeatureServer/0,,2023-01-02 to 2023-04-12,"Sub-national (ADM1) cumulative cholera cases, deaths and CFR",Active,Level 1,Pending,"Enumerated all 2504 services on the WHO AFRO ArcGIS host and filtered on 'chol'/'awd'; Agent 2 had concluded 'there is no WHO ADM1 service' for Nigeria, which is wrong - Adm1_Nigeria_Cholera exists and is public",en,1,WHO cholera_report_period service gives Nigeria reporting start 2023-01-02,"Enumerated all 2504 services on the WHO AFRO ArcGIS host and filtered on 'chol'/'awd'; Agent 2 had concluded 'there is no WHO ADM1 service' for Nigeria, which is wrong - Adm1_Nigeria_Cholera exists and is public",AI
203,"WHO Weekly Epidemiological Record 1972;47(03), 21 Jan 1972 - Diseases Subject to the Regulations, Nigeria cholera notifications by state and province, 5-11 and 12-18 December 1971",https://iris.who.int/handle/10665/218691,,1971-12-05 to 1971-12-18,Weekly state-level cholera notifications,Active,Level 1,Pending,WER vol.47 (1972) re-sweep: bbox block location + 300/600dpi page-image reading. Agent 4 harvested this volume but extracted only 5 of its 8 candidate Nigeria blocks.,en/fr,1,,WER vol.47 (1972) re-sweep: bbox block location + 300/600dpi page-image reading. Agent 4 harvested this volume but extracted only 5 of its 8 candidate Nigeria blocks.,AI
204,"WHO Weekly Epidemiological Record 1972;47(40), 6 Oct 1972 - Diseases Subject to the Regulations, Nigeria cholera notifications by state and province, 14-20 and 20-27 May 1972",https://iris.who.int/handle/10665/219103,,1972-05-14 to 1972-05-27,Weekly state-level cholera notifications,Active,Level 1,Pending,WER vol.47 (1972) re-sweep: bbox block location + 300/600dpi page-image reading. Agent 4 harvested this volume but extracted only 5 of its 8 candidate Nigeria blocks.,en/fr,1,,WER vol.47 (1972) re-sweep: bbox block location + 300/600dpi page-image reading. Agent 4 harvested this volume but extracted only 5 of its 8 candidate Nigeria blocks.,AI
205,"WHO Weekly Epidemiological Record 1972;47(41), 13 Oct 1972 - Diseases Subject to the Regulations, Nigeria cholera notifications by state and province, 11-17 June 1972",https://iris.who.int/handle/10665/219115,,1972-06-11 to 1972-06-17,Weekly state-level cholera notifications,Active,Level 1,Pending,WER vol.47 (1972) re-sweep: bbox block location + 300/600dpi page-image reading. Agent 4 harvested this volume but extracted only 5 of its 8 candidate Nigeria blocks.,en/fr,1,,WER vol.47 (1972) re-sweep: bbox block location + 300/600dpi page-image reading. Agent 4 harvested this volume but extracted only 5 of its 8 candidate Nigeria blocks.,AI
206,"WHO Weekly Epidemiological Record 1972;47(46), 17 Nov 1972 - Diseases Subject to the Regulations, Nigeria cholera notifications by state and province, 25 June-1 July and 2-8 July 1972",https://iris.who.int/handle/10665/219155,,1972-06-25 to 1972-07-08,Weekly state-level cholera notifications,Active,Level 1,Pending,WER vol.47 (1972) re-sweep: bbox block location + 300/600dpi page-image reading. Agent 4 harvested this volume but extracted only 5 of its 8 candidate Nigeria blocks.,en/fr,1,,WER vol.47 (1972) re-sweep: bbox block location + 300/600dpi page-image reading. Agent 4 harvested this volume but extracted only 5 of its 8 candidate Nigeria blocks.,AI
207,"WHO Weekly Epidemiological Record 1974;49(28), 12 Jul 1974 - Diseases Subject to the Regulations, Nigeria cholera notifications by state and province, 21-27 April, 5-11 May and the 7 April-18 May Bornu Province aggregate, 1974",https://iris.who.int/handle/10665/219942,,1974-04-07 to 1974-05-18,Weekly state-level cholera notifications,Active,Level 1,Pending,WER vol.49 (1974) re-sweep: bbox block location + 300dpi page-image reading. Agent 4 harvested this volume but extracted only 5 of its 12 candidate Nigeria blocks.,en/fr,1,,WER vol.49 (1974) re-sweep: bbox block location + 300dpi page-image reading. Agent 4 harvested this volume but extracted only 5 of its 12 candidate Nigeria blocks.,AI
208,"WHO Weekly Epidemiological Record 1974;49(32), 9 Aug 1974 - Diseases Subject to the Regulations, Nigeria cholera notifications by state and province, 23-29 June 1974",https://iris.who.int/handle/10665/219975,,1974-06-23 to 1974-06-29,Weekly state-level cholera notifications,Active,Level 1,Pending,WER vol.49 (1974) re-sweep: bbox block location + 300dpi page-image reading. Agent 4 harvested this volume but extracted only 5 of its 12 candidate Nigeria blocks.,en/fr,1,,WER vol.49 (1974) re-sweep: bbox block location + 300dpi page-image reading. Agent 4 harvested this volume but extracted only 5 of its 12 candidate Nigeria blocks.,AI
209,"WHO Weekly Epidemiological Record 1974;49(40), 4 Oct 1974 - Diseases Subject to the Regulations, Nigeria cholera notifications by state and province, 11 May-7 September 1974 national aggregate",https://iris.who.int/handle/10665/220049,,1974-05-11 to 1974-09-07,Weekly state-level cholera notifications,Active,Level 1,Pending,WER vol.49 (1974) re-sweep: bbox block location + 300dpi page-image reading. Agent 4 harvested this volume but extracted only 5 of its 12 candidate Nigeria blocks.,en/fr,1,,WER vol.49 (1974) re-sweep: bbox block location + 300dpi page-image reading. Agent 4 harvested this volume but extracted only 5 of its 12 candidate Nigeria blocks.,AI
210,"WHO Weekly Epidemiological Record 1971;46(52), 31 Dec 1971 - Diseases Subject to the Regulations, Nigeria cholera by state and province, 26 September-9 October and 21-27 November 1971",https://iris.who.int/handle/10665/218652,,1971-09-26 to 1971-11-27,Weekly state-level cholera notifications,Active,Level 1,Pending,WER vol.46 re-sweep with bbox block location + 300dpi page-image reading; this issue was not among the ~23 that Agent 4 mined,en/fr,1,,WER vol.46 re-sweep with bbox block location + 300dpi page-image reading; this issue was not among the ~23 that Agent 4 mined,AI
211,"MSF Nigeria press release, 22 July 2026 - Borno State Ministry of Health cumulative suspected cholera as at 12 July 2026",https://reliefweb.int/report/nigeria/msf-nigeria-healthcare-facilities-overwhelmed-rapid-surge-suspected-cholera-cases-across-borno-state,,2026-05-01 to 2026-07-12,National or state cumulative suspected cholera,Active,Level 2,Pending,reliefweb.int WEBSITE scrape (HTTP 200) after the ReliefWeb API v2 refused every appname with 403; Agent 2 had recorded reliefweb as network-blocked and Agent 4 as API-blocked - the site itself is reachable,en,1,,reliefweb.int WEBSITE scrape (HTTP 200) after the ReliefWeb API v2 refused every appname with 403; Agent 2 had recorded reliefweb as network-blocked and Agent 4 as API-blocked - the site itself is reachable,AI
212,"IFRC DREF Operation MDRNG046, Nigeria Cholera Outbreak - national cumulative to epidemiological week 29 of 2026, citing NCDC and the Borno State Ministry of Health",https://reliefweb.int/report/nigeria/nigeria-cholera-outbreak-dref-operation-mdrng046,,2026-05-01 to 2026-07-19,National or state cumulative suspected cholera,Active,Level 2,Pending,reliefweb.int WEBSITE scrape (HTTP 200) after the ReliefWeb API v2 refused every appname with 403; Agent 2 had recorded reliefweb as network-blocked and Agent 4 as API-blocked - the site itself is reachable,en,1,,reliefweb.int WEBSITE scrape (HTTP 200) after the ReliefWeb API v2 refused every appname with 403; Agent 2 had recorded reliefweb as network-blocked and Agent 4 as API-blocked - the site itself is reachable,AI
213,"UNICEF Nigeria Situation Report, Cholera Response, July-August 2026 - national cumulative suspected cases and deaths across 35 states",https://reliefweb.int/report/nigeria/unicef-nigeria-situation-report-cholera-response-july-august-2026,,2026-01-01 to 2026-08-31,National or state cumulative suspected cholera,Active,Level 2,Pending,reliefweb.int WEBSITE scrape (HTTP 200) after the ReliefWeb API v2 refused every appname with 403; Agent 2 had recorded reliefweb as network-blocked and Agent 4 as API-blocked - the site itself is reachable,en,1,,reliefweb.int WEBSITE scrape (HTTP 200) after the ReliefWeb API v2 refused every appname with 403; Agent 2 had recorded reliefweb as network-blocked and Agent 4 as API-blocked - the site itself is reachable,AI
214,"WHO AFRO ArcGIS feature service Cholera_agregated - country-level cumulative cholera cases, deaths and CFR, Nigeria record last updated 27 November 2022",https://services.arcgis.com/5T5nSi527N4F7luB/arcgis/rest/services/Cholera_agregated/FeatureServer/0,,2022-01-01 to 2022-11-27,National cumulative cholera cases and deaths,Active,Level 1,Pending,"Second pass over the 2504-service WHO AFRO ArcGIS enumeration, checking every cholera-named service for case/death/date fields rather than only the Adm1_* ones",en,1,,"Second pass over the 2504-service WHO AFRO ArcGIS enumeration, checking every cholera-named service for case/death/date fields rather than only the Adm1_* ones",AI
215,"WHO Weekly Epidemiological Record 1991;66(21), 24 May 1991 - Newly infected areas as at 23 May 1991, Cholera/Africa, Nigeria: Kano State",https://iris.who.int/handle/10665/228027,,1991-05-23 to 1991-05-23,WHO state-level cholera infected-area declaration (no case counts),Active,Level 1,Pending,"WER vol.66 (1991) full harvest via IRIS DSpace discover; the volume index at 66(51) lists Nigeria cholera notifications at pages 156, 216, 240, 284, 344 and 384, which led to the state-level INFECTED-AREA declarations rather than to case tables",en/fr,1,,"WER vol.66 (1991) full harvest via IRIS DSpace discover; the volume index at 66(51) lists Nigeria cholera notifications at pages 156, 216, 240, 284, 344 and 384, which led to the state-level INFECTED-AREA declarations rather than to case tables",AI
216,"WHO Weekly Epidemiological Record 1991;66(32), 9 Aug 1991 - Newly infected areas as at 8 August 1991, Cholera/Africa, Nigeria: Bauchi, Benue, Kwara, Ondo, Oyo and Sokoto States",https://iris.who.int/handle/10665/228108,,1991-08-08 to 1991-08-08,WHO state-level cholera infected-area declaration (no case counts),Active,Level 1,Pending,"WER vol.66 (1991) full harvest via IRIS DSpace discover; the volume index at 66(51) lists Nigeria cholera notifications at pages 156, 216, 240, 284, 344 and 384, which led to the state-level INFECTED-AREA declarations rather than to case tables",en/fr,1,,"WER vol.66 (1991) full harvest via IRIS DSpace discover; the volume index at 66(51) lists Nigeria cholera notifications at pages 156, 216, 240, 284, 344 and 384, which led to the state-level INFECTED-AREA declarations rather than to case tables",AI
217,"WHO Weekly Epidemiological Record 1991;66(40), 4 Oct 1991 - Newly infected areas as at 3 October 1991, Cholera/Africa, Nigeria: Plateau State",https://iris.who.int/handle/10665/228160,,1991-10-03 to 1991-10-03,WHO state-level cholera infected-area declaration (no case counts),Active,Level 1,Pending,"WER vol.66 (1991) full harvest via IRIS DSpace discover; the volume index at 66(51) lists Nigeria cholera notifications at pages 156, 216, 240, 284, 344 and 384, which led to the state-level INFECTED-AREA declarations rather than to case tables",en/fr,1,,"WER vol.66 (1991) full harvest via IRIS DSpace discover; the volume index at 66(51) lists Nigeria cholera notifications at pages 156, 216, 240, 284, 344 and 384, which led to the state-level INFECTED-AREA declarations rather than to case tables",AI
218,"WHO Weekly Epidemiological Record 1991;66(43), 25 Oct 1991 - Infected areas as at 24 October 1991, Cholera/Africa, Nigeria: all 21 states of the federation",https://iris.who.int/handle/10665/228179,,1991-10-24 to 1991-10-24,WHO state-level cholera infected-area declaration (no case counts),Active,Level 1,Pending,"WER vol.66 (1991) full harvest via IRIS DSpace discover; the volume index at 66(51) lists Nigeria cholera notifications at pages 156, 216, 240, 284, 344 and 384, which led to the state-level INFECTED-AREA declarations rather than to case tables",en/fr,1,,"WER vol.66 (1991) full harvest via IRIS DSpace discover; the volume index at 66(51) lists Nigeria cholera notifications at pages 156, 216, 240, 284, 344 and 384, which led to the state-level INFECTED-AREA declarations rather than to case tables",AI
219,"WHO Weekly Epidemiological Record 1991;66(38), 20 Sep 1991 - Notifications of diseases subject to the Regulations, Nigeria cholera 1 January-18 August 1991, revised figures",https://iris.who.int/handle/10665/228148,,1991-01-01 to 1991-08-18,National cumulative cholera notification with an explicit printed period,Active,Level 1,Pending,WER vol.66 full harvest; the volume index at 66(51) lists six Nigeria cholera notification pages for 1991 and this is the one carrying the 48 200 / 6 354 pair with its period header intact,en/fr,1,,WER vol.66 full harvest; the volume index at 66(51) lists six Nigeria cholera notification pages for 1991 and this is the one carrying the 48 200 / 6 354 pair with its period header intact,AI
220,"WHO Weekly Epidemiological Record 1996;71(30), 26 Jul 1996 - Newly infected areas as at 25 July 1996, Cholera/Africa, Nigeria: Taraba and Yobe States",https://iris.who.int/handle/10665/229845,"WER 1996;71(30) of 26 July 1996 carries THREE Nigerian cholera items: (a) the 'Newly infected areas as at 25 July 1996' declaration naming Taraba and Yobe States; (b) a Cholera/Nigeria narrative at p.231 giving 12,374 cases and 1,193 deaths as at 4 July 1996 and naming Kano, Kebbi, Borno, Oyo and Niger as the largest-burden states; and (c) a Diseases-subject-to-the-Regulations line giving 5,244 cases and 632 deaths for 1 April-4 July 1996.",1996-07-25 to 1996-07-25,WHO state-level cholera infected-area declaration (no case counts),Active,Level 1,Pending,"WER vol.71 (1996) harvest; applying the infected-area-declaration technique established on vol.66, since the state-level notification table was discontinued after 1974",en/fr,1,,"WER vol.71 (1996) harvest; applying the infected-area-declaration technique established on vol.66, since the state-level notification table was discontinued after 1974",AI
221,"WHO Weekly Epidemiological Record 1996;71(20), 17 May 1996 - Diseases subject to the Regulations, Nigeria cholera 1 January-30 March 1996 (confirmed and suspected)",https://iris.who.int/handle/10665/229772,,1996-01-01 to 1996-03-30,National cumulative cholera notification,Active,Level 1,Pending,"WER vol.71 (1996) harvest; narrative/table scan for Nigeria lines carrying numbers, then 500dpi page-image verification",en/fr,1,,"WER vol.71 (1996) harvest; narrative/table scan for Nigeria lines carrying numbers, then 500dpi page-image verification",AI
222,"UNICEF Nigeria Humanitarian Flash Update No. 1, Cholera Outbreak, 14 September 2025 - complete 37-state cumulative breakdown and national total at epidemiological week 37",https://reliefweb.int/report/nigeria/unicef-nigeria-humanitarian-flash-update-no-1-cholera-outbreak-14-september-2025,,2025-01-01 to 2025-09-14,National and complete ADM1 cumulative suspected cholera cases,Active,Level 2,Pending,reliefweb.int WEBSITE search (the API 403s on every appname); query 'nigeria cholera states cases deaths 2025',en,1,NCDC cholera surveillance cited within,reliefweb.int WEBSITE search (the API 403s on every appname); query 'nigeria cholera states cases deaths 2025',AI
223,"UNICEF Nigeria Humanitarian Situation Report, Lagos Cholera Outbreak, 14 June 2024 - Lagos State EOC figures and the NCDC national cumulative as at 11 June 2024",https://reliefweb.int/report/nigeria/unicef-nigeria-humanitarian-situation-report-lagos-cholera-outbreak-14-june-2024,,2024-01-01 to 2024-06-14,State EOC and national cumulative suspected cholera,Active,Level 2,Pending,reliefweb.int website search for UNICEF Nigeria cholera flash updates,en,1,,reliefweb.int website search for UNICEF Nigeria cholera flash updates,AI
224,"UN OCHA - Across six countries in West and Central Africa, cholera tests communities and OCHA's emergency response, 10 September 2026",https://reliefweb.int/report/democratic-republic-congo/across-six-countries-west-and-central-africa-cholera-tests-communities-and-ochas-emergency-response-and-humanitarian-funds-enable-timely-response,,2026-05-01 to 2026-08-31,Surveillance,Active,Level 2,Pending,"Agent 6 gap-context: reliefweb.int website search 'cholera Nigeria', most recent item inside the 2026-08-24 publication-lag window",en,0,,"Agent 6 gap-context: reliefweb.int website search 'cholera Nigeria', most recent item inside the 2026-08-24 publication-lag window",AI
225,"WHO Joint External Evaluation of IHR core capacities of the Federal Republic of Nigeria, mission report June 2017 (WHO/WHE/CPI/REP/2017.46)",https://iris.who.int/handle/10665/259382,,2017-06-11 to 2017-06-20,Surveillance,Active,Level 1,Pending,"Agent 6 gap-context: WHO IRIS DSpace REST discover search for Nigeria IHR core capacity assessment; surveillance-system state evidence, not case data",en,0,,"Agent 6 gap-context: WHO IRIS DSpace REST discover search for Nigeria IHR core capacity assessment; surveillance-system state evidence, not case data",AI
226,"Forbi et al. 2023, Historical reconstruction of inaccessibility status in Local Government Areas of Borno and Yobe States, Nigeria, 2010-2020, Pan Afr Med J 45(Supp 2):2",https://doi.org/10.11604/pamj.supp.2023.45.2.39332,,2010-01-01 to 2020-12-31,Surveillance,Active,Level 1,Pending,Agent 6 gap-context: Europe PMC 'poliovirus AND Borno AND undetected'; LGA-resolved surveillance-access map used to forbid zero rows,en,0,,Agent 6 gap-context: Europe PMC 'poliovirus AND Borno AND undetected'; LGA-resolved surveillance-access map used to forbid zero rows,AI
227,"Nasir et al. 2022, Conducting public health surveillance in areas of armed conflict and restricted population access: a qualitative case study of polio surveillance in conflict-affected Borno State, Nigeria, Confl Health 16:23",https://doi.org/10.1186/s13031-022-00452-2,,2011-01-01 to 2016-12-31,Surveillance,Active,Level 1,Pending,Agent 6 gap-context: Europe PMC 'Borno AND conflict AND surveillance'; documents five years of undetected WPV transmission 2011-2016,en,0,,Agent 6 gap-context: Europe PMC 'Borno AND conflict AND surveillance'; documents five years of undetected WPV transmission 2011-2016,AI
228,"Ogunniyi et al. 2025, Cholera in Nigeria: a five-decade review of outbreak dynamics and health system responses, J Health Popul Nutr 44:478",https://doi.org/10.1186/s41043-025-01096-7,,1970-01-01 to 2024-12-31,Surveillance,Active,Level 1,Pending,Agent 6 gap-context: Europe PMC 'cholera AND Nigeria AND (1970|1971|historical|retrospective)'; retrospective statement on completeness of the 1970-2010 record,en,0,,Agent 6 gap-context: Europe PMC 'cholera AND Nigeria AND (1970|1971|historical|retrospective)'; retrospective statement on completeness of the 1970-2010 record,AI
229,"WHO Global Health Observatory notifiable-disease series for Nigeria (measles WHS3_62, poliomyelitis WHS3_49, diphtheria WHS3_41, pertussis WHS3_43, tetanus WHS3_46/WHS3_56), 1974-2025",https://ghoapi.azureedge.net/api/WHS3_62?$filter=SpatialDim%20eq%20%27NGA%27,,1974-01-01 to 2025-12-31,Surveillance,Active,Level 1,Pending,Agent 6 gap-context: WHO GHO OData; other-notifiable-disease reporting used as the discriminator between no disease and no surveillance,en,0,,Agent 6 gap-context: WHO GHO OData; other-notifiable-disease reporting used as the discriminator between no disease and no surveillance,AI
230,"IOM Nigeria news release, Cholera Outbreak in North-East Nigeria, 18 September 2018 (relaying Borno State Ministry of Health Cholera Situation Report)",https://www.iom.int/news/iom-humanitarian-partners-respond-cholera-outbreak-north-east-nigeria-death-toll-rises,"IOM news release citing the Borno State Ministry of Health cholera situation report; gives Borno State suspected cases and deaths for 5-17 September 2018 plus the LGAs where IOM conducted hygiene promotion (Konduga, Maiduguri, Jere, Dikwa, Gwoza).",2018-09-05 to 2018-09-17,"State-level outbreak counts (suspected cases, deaths)",Active,Level 2,Pending,"WebSearch: Borno cholera outbreak September 2026 cases deaths Maiduguri update - result was a 2018 item, verified by direct fetch",English,0,,"WebSearch: Borno cholera outbreak September 2026 cases deaths Maiduguri update - result was a 2018 item, verified by direct fetch",AI
231,"Nigeria Health Sector Cholera Outbreak Situation Report, Borno State, No. 02, 15 May 2026 (WHO / Health Cluster)",https://reliefweb.int/report/nigeria/nigeria-health-sector-cholera-outbreak-situation-report-borno-state-no-02-15-may-2026,WHO-led Health Sector situation report on the Borno State cholera outbreak covering 1-14 May 2026.,2026-05-01 to 2026-05-14,"State and LGA-level suspected cholera cases and deaths, Borno State PHEOC line list compiled by the WHO-led Health Sector",Active,Level 1,Pending,ReliefWeb search 'Health Sector Cholera Outbreak Situation Report' retrieved by curl with a browser user-agent (WebFetch is 403 on reliefweb.int),English,0,,ReliefWeb search 'Health Sector Cholera Outbreak Situation Report' retrieved by curl with a browser user-agent (WebFetch is 403 on reliefweb.int),AI
232,"Nigeria Health Sector Cholera Outbreak Situation Report, Borno State, No. 03, 18 May 2026 (WHO / Health Cluster)",https://reliefweb.int/report/nigeria/nigeria-health-sector-cholera-outbreak-situation-report-borno-state-no-03-18-may-2026,WHO-led Health Sector situation report on the Borno State cholera outbreak covering 1-17 May 2026.,2026-05-01 to 2026-05-17,"State and LGA-level suspected cholera cases and deaths, Borno State PHEOC line list compiled by the WHO-led Health Sector",Active,Level 1,Pending,ReliefWeb search 'Health Sector Cholera Outbreak Situation Report' retrieved by curl with a browser user-agent (WebFetch is 403 on reliefweb.int),English,0,,ReliefWeb search 'Health Sector Cholera Outbreak Situation Report' retrieved by curl with a browser user-agent (WebFetch is 403 on reliefweb.int),AI
233,"Nigeria Health Sector Cholera Outbreak Situation Report, Borno State, No. 04, 21 May 2026 (WHO / Health Cluster)",https://reliefweb.int/report/nigeria/nigeria-health-sector-cholera-outbreak-situation-report-borno-state-no-04-21-may-2026,WHO-led Health Sector situation report on the Borno State cholera outbreak covering 1-20 May 2026; notes Monguno LGA newly affected.,2026-05-01 to 2026-05-20,"State and LGA-level suspected cholera cases and deaths, Borno State PHEOC line list compiled by the WHO-led Health Sector",Active,Level 1,Pending,ReliefWeb search 'Health Sector Cholera Outbreak Situation Report' retrieved by curl with a browser user-agent (WebFetch is 403 on reliefweb.int),English,0,,ReliefWeb search 'Health Sector Cholera Outbreak Situation Report' retrieved by curl with a browser user-agent (WebFetch is 403 on reliefweb.int),AI
234,"Nigeria Health Sector Cholera Outbreak Situation Report, Borno State, No. 05, 23 May 2026 (WHO / Health Cluster)",https://reliefweb.int/report/nigeria/nigeria-health-sector-cholera-outbreak-situation-report-borno-state-no-05-23-may-2026,WHO-led Health Sector situation report on the Borno State cholera outbreak covering 1-22 May 2026; notes Ngala LGA newly affected.,2026-05-01 to 2026-05-22,"State and LGA-level suspected cholera cases and deaths, Borno State PHEOC line list compiled by the WHO-led Health Sector",Active,Level 1,Pending,ReliefWeb search 'Health Sector Cholera Outbreak Situation Report' retrieved by curl with a browser user-agent (WebFetch is 403 on reliefweb.int),English,0,,ReliefWeb search 'Health Sector Cholera Outbreak Situation Report' retrieved by curl with a browser user-agent (WebFetch is 403 on reliefweb.int),AI
235,"Nigeria Health Sector Cholera Outbreak Situation Report, Borno State, No. 06, 26 May 2026 (WHO / Health Cluster)",https://reliefweb.int/report/nigeria/nigeria-health-sector-cholera-outbreak-situation-report-borno-state-no-06-26-may-2026,WHO-led Health Sector situation report on the Borno State cholera outbreak covering 1-25 May 2026.,2026-05-01 to 2026-05-25,"State and LGA-level suspected cholera cases and deaths, Borno State PHEOC line list compiled by the WHO-led Health Sector",Active,Level 1,Pending,ReliefWeb search 'Health Sector Cholera Outbreak Situation Report' retrieved by curl with a browser user-agent (WebFetch is 403 on reliefweb.int),English,0,,ReliefWeb search 'Health Sector Cholera Outbreak Situation Report' retrieved by curl with a browser user-agent (WebFetch is 403 on reliefweb.int),AI
236,"Nigeria Health Sector Cholera Outbreak Situation Report, Borno State, No. 07, 1 June 2026 (WHO / Health Cluster)",https://reliefweb.int/report/nigeria/nigeria-health-sector-cholera-outbreak-situation-report-borno-state-no-07-01-june-2026,"WHO-led Health Sector situation report covering 1-31 May 2026; carries a full ten-LGA case table that sums exactly to the printed state total, plus daily new cases and admissions for 31 May 2026.",2026-05-01 to 2026-05-31,"State and LGA-level suspected cholera cases and deaths, Borno State PHEOC line list compiled by the WHO-led Health Sector",Active,Level 1,Pending,ReliefWeb search 'Health Sector Cholera Outbreak Situation Report' retrieved by curl with a browser user-agent (WebFetch is 403 on reliefweb.int),English,0,,ReliefWeb search 'Health Sector Cholera Outbreak Situation Report' retrieved by curl with a browser user-agent (WebFetch is 403 on reliefweb.int),AI
237,"Nigeria Health Sector Cholera Outbreak Situation Report, Borno State, No. 08, 8 June 2026 (WHO / Health Cluster)",https://reliefweb.int/report/nigeria/nigeria-health-sector-cholera-outbreak-situation-report-borno-state-no-08-08-june-2026,WHO-led Health Sector situation report covering 1 May - 7 June 2026; carries a full fifteen-LGA case table.,2026-05-01 to 2026-06-07,"State and LGA-level suspected cholera cases and deaths, Borno State PHEOC line list compiled by the WHO-led Health Sector",Active,Level 1,Pending,ReliefWeb search 'Health Sector Cholera Outbreak Situation Report' retrieved by curl with a browser user-agent (WebFetch is 403 on reliefweb.int),English,0,,ReliefWeb search 'Health Sector Cholera Outbreak Situation Report' retrieved by curl with a browser user-agent (WebFetch is 403 on reliefweb.int),AI
238,"International Medical Corps, Nigeria Cholera Outbreak Situation Report #2, 4 June 2026 (citing Borno State Ministry of Health)",https://reliefweb.int/report/nigeria/nigeria-cholera-outbreak-situation-report-2-june-4-2026,"International Medical Corps situation report giving the Borno State Ministry of Health cumulative suspected cases and deaths as of 3 June 2026, plus the number of affected LGAs, wards and settlements.",2026-05-01 to 2026-06-03,State-level cumulative suspected cases and deaths,Active,Level 2,Pending,"ReliefWeb disaster page ep-2017-000077-nga (Nigeria: Cholera Outbreak) updates listing, enumerated by curl",English,0,,"ReliefWeb disaster page ep-2017-000077-nga (Nigeria: Cholera Outbreak) updates listing, enumerated by curl",AI
239,"International Medical Corps, Nigeria Cholera Outbreak Situation Report #3, 6 July 2026 (citing Borno State Ministry of Health)",https://reliefweb.int/report/nigeria/nigeria-cholera-outbreak-situation-report-3-july-6-2026,International Medical Corps situation report giving the Borno State Ministry of Health cumulative suspected cases and deaths as of 5 July 2026.,2026-05-01 to 2026-07-05,State-level cumulative suspected cases and deaths,Active,Level 2,Pending,"ReliefWeb disaster page ep-2017-000077-nga updates listing, enumerated by curl",English,0,,"ReliefWeb disaster page ep-2017-000077-nga updates listing, enumerated by curl",AI
240,"UNICEF/WHO joint statement, cholera outbreak in 11 Nigerian States, 1 September 2010 (citing Government of Nigeria officials)",https://reliefweb.int/report/nigeria/unicef-and-who-join-national-efforts-contain-cholera-outbreak-11-nigerian-states,UNICEF and WHO joint press statement giving the Federal Government cumulative national cholera case and death count as at 30 August 2010 and naming the eleven affected states plus two state case fatality rates.,2010-07-01 to 2010-08-30,National cumulative cases and deaths; affected-state list; state CFRs,Active,Level 1,Pending,"ReliefWeb disaster page ep-2010-000172-nga (Nigeria: Cholera Outbreak - Jul 2010) updates listing, enumerated by curl",English,0,,"ReliefWeb disaster page ep-2010-000172-nga (Nigeria: Cholera Outbreak - Jul 2010) updates listing, enumerated by curl",AI
241,"IFRC Nigeria Cholera Information Bulletin No. 1, 2 September 2010",https://reliefweb.int/report/nigeria/nigeria-cholera-information-bulletin-n-1,IFRC information bulletin on the 2010 Nigerian cholera outbreak giving a cumulative national case and death count since July 2010.,2010-07-01 to 2010-09-02,National cumulative cases and deaths,Active,Level 2,Pending,ReliefWeb disaster page ep-2010-000172-nga updates listing,English,0,,ReliefWeb disaster page ep-2010-000172-nga updates listing,AI
242,"UNICEF Nigeria Cholera and Floods Situation Report No. 5, 23 September - 4 October 2010",https://reliefweb.int/report/nigeria/nigeria-cholera-and-floods-sitrep-5-covering-23-september-4-october-2010,"UNICEF Nigeria situation report giving NEW cholera cases and deaths reported during the 23 September - 4 October 2010 reporting period by six states, plus the number of newly affected local government areas.",2010-09-23 to 2010-10-04,National period-increment (non-cumulative) cases and deaths,Active,Level 1,Pending,ReliefWeb disaster page ep-2010-000172-nga updates listing,English,0,,ReliefWeb disaster page ep-2010-000172-nga updates listing,AI
243,"UN News Centre, Nigeria experiencing worst cholera outbreak in years, 22 October 2010 (citing UNICEF)",https://reliefweb.int/report/nigeria/nigeria-experiencing-worst-cholera-outbreak-years-un-reports,"UN News report citing UNICEF for a cumulative national cholera case and death count since the start of 2010, the overall national CFR, and state-level CFRs for Plateau, Sokoto and Gombe.",2010-01-01 to 2010-10-22,National cumulative cases and deaths; national and state CFRs,Active,Level 2,Pending,ReliefWeb disaster page ep-2010-000172-nga updates listing,English,0,,ReliefWeb disaster page ep-2010-000172-nga updates listing,AI
244,"Sule IB et al. 2017, Descriptive epidemiology of a cholera outbreak in Kaduna State, Northwest Nigeria, 2014, Pan African Medical Journal 27:172",https://doi.org/10.11604/pamj.2017.27.172.11925,"Peer-reviewed field-epidemiology analysis of the 2014 Kaduna State cholera outbreak: state total, CFR, attack rate, and a seven-LGA table of cases and deaths that sums exactly to the state total.",2014-01-01 to 2014-08-17,State and LGA-level cases and deaths,Active,Level 1,Pending,WebSearch: Nigeria cholera 2014 outbreak 35996 cases states breakdown epidemic report,English,0,,WebSearch: Nigeria cholera 2014 outbreak 35996 cases states breakdown epidemic report,AI
245,"UNICEF Nigeria Monthly Situation Report, 29 October 2012",https://reliefweb.int/report/nigeria/unicef-nigeria-monthly-situation-report-29-october-2012,UNICEF Nigeria monthly humanitarian situation report covering the 2012 Sahel nutrition crisis and the 2012 floods; contains a cholera paragraph giving suspected cases and deaths reported to 19 October 2012.,2012-01-01 to 2012-10-19,National suspected cases and deaths,Active,Level 2,Pending,ReliefWeb disaster page ep-2011-000092-nga (Nigeria: Cholera Outbreak - Jun 2011) updates listing,English,0,,ReliefWeb disaster page ep-2011-000092-nga (Nigeria: Cholera Outbreak - Jun 2011) updates listing,AI
246,"IFRC Nigeria Cholera Emergency Plan of Action Final Report, DREF operation MDRNG020, 1 January 2016",https://reliefweb.int/report/nigeria/nigeria-cholera-emergency-plan-action-operation-n-mdrng020-final-report,"IFRC DREF final report for the 2015 Nigerian cholera response; gives the national cumulative cases and deaths to end April 2015, the number of affected states, the worst-affected states, and context on the 2010 and 2014 epidemics.",2015-01-01 to 2015-04-30,National cumulative cases and deaths; affected-state count,Active,Level 2,Pending,ReliefWeb disaster page ep-2013-000162-nga (Nigeria: Cholera Outbreak - Nov 2013) updates listing,English,0,,ReliefWeb disaster page ep-2013-000162-nga (Nigeria: Cholera Outbreak - Nov 2013) updates listing,AI
247,"UNHCR Nigeria Weekly Update, 15-25 September 2015 (Borno cholera outbreak)",https://reliefweb.int/report/nigeria/nigeria-unhcr-weekly-update-15-25-september-2015,"UNHCR Nigeria weekly operational update whose highlights section carries the Borno State cholera outbreak status as at 24 September 2015: day of outbreak, cumulative cases and deaths, CFR, new cases, admissions and IDP camps affected.",2015-09-08 to 2015-09-24,State-level cumulative cases and deaths; daily new cases; CTC admissions,Active,Level 2,Pending,ReliefWeb disaster page ep-2013-000162-nga (Nigeria: Cholera Outbreak - Nov 2013) updates listing,English,0,,ReliefWeb disaster page ep-2013-000162-nga (Nigeria: Cholera Outbreak - Nov 2013) updates listing,AI
248,"MISNA (Missionary International Service News Agency), Cholera epidemic kills 15, Plateau State Nigeria, 2 July 2015",https://reliefweb.int/report/nigeria/cholera-epidemic-kills-15,"News agency report of a cholera outbreak in northern Plateau State, Nigeria, naming the villages of Kantam and Filam and giving a death count but no case count.",2015-06-22 to 2015-07-02,"Deaths only, no case count",Active,Level 3,Pending,ReliefWeb disaster page ep-2013-000162-nga updates listing,English,0,,ReliefWeb disaster page ep-2013-000162-nga updates listing,AI
249,"UNICEF WCARO / Cholera Regional Platform, Nigeria - Geographical representation of cholera cumulative cases, Week 1 to Week 53, 2015 (published 21 January 2016)",https://reliefweb.int/report/nigeria/cholera-nigeria-geographical-representation-cholera-cumulative-cases-week-w1-w53-2015,"Regional cholera platform annual infographic for Nigeria 2015: national cumulative cases and deaths, number of LGAs reporting, annual average CFR, the states exceeding 1,000 cases, and an explicit warning of state-versus-federal reporting discrepancies.",2015-01-01 to 2015-12-31,National annual cases and deaths; LGA count,Active,Level 1,Pending,"ReliefWeb disaster page ep-2013-000162-nga (Nigeria: Cholera Outbreak - Nov 2013) updates listing, enumerated by curl with a browser user-agent",English,0,,"ReliefWeb disaster page ep-2013-000162-nga (Nigeria: Cholera Outbreak - Nov 2013) updates listing, enumerated by curl with a browser user-agent",AI
250,"IFRC Nigeria Epidemic (Cholera) Emergency Plan of Action Operation Update No. 1, DREF MDRNG020, 11 June 2015",https://reliefweb.int/report/nigeria/nigeria-epidemic-cholera-emergency-plan-action-operation-update-n-1-mdrng020,"IFRC DREF operation update for the 2015 Nigerian cholera response; gives national cumulative cases and deaths to end April 2015 and, for comparison, the equivalent January-April figures for 2014.",2014-01-01 to 2015-04-30,National cumulative cases and deaths for two comparable year-to-date periods,Active,Level 2,Pending,"ReliefWeb disaster page ep-2013-000162-nga (Nigeria: Cholera Outbreak - Nov 2013) updates listing, enumerated by curl with a browser user-agent",English,0,,"ReliefWeb disaster page ep-2013-000162-nga (Nigeria: Cholera Outbreak - Nov 2013) updates listing, enumerated by curl with a browser user-agent",AI
251,"UNICEF Nigeria Humanitarian Situation Report, 1 October 2015",https://reliefweb.int/report/nigeria/nigeria-humanitarian-situation-report-1-october-2015,"UNICEF Nigeria monthly humanitarian situation report; reports the north-east cholera outbreak in four IDP camps and surrounding communities with cumulative cases, deaths and CFR since the outbreak was reported on 7 September 2015.",2015-09-07 to 2015-10-01,State-level cumulative cases and deaths,Active,Level 2,Pending,"ReliefWeb disaster page ep-2013-000162-nga (Nigeria: Cholera Outbreak - Nov 2013) updates listing, enumerated by curl with a browser user-agent",English,0,,"ReliefWeb disaster page ep-2013-000162-nga (Nigeria: Cholera Outbreak - Nov 2013) updates listing, enumerated by curl with a browser user-agent",AI
252,"UNICEF Nigeria Humanitarian Situation Report, 1 November 2015",https://reliefweb.int/report/nigeria/nigeria-humanitarian-situation-report-1-november-2015,"UNICEF Nigeria monthly humanitarian situation report; gives the north-east cholera cumulative cases, deaths and CFR as at 5 November 2015 and the shifting split between IDP camps and host communities.",2015-09-07 to 2015-11-05,State-level cumulative cases and deaths,Active,Level 2,Pending,"ReliefWeb disaster page ep-2013-000162-nga (Nigeria: Cholera Outbreak - Nov 2013) updates listing, enumerated by curl with a browser user-agent",English,0,,"ReliefWeb disaster page ep-2013-000162-nga (Nigeria: Cholera Outbreak - Nov 2013) updates listing, enumerated by curl with a browser user-agent",AI
253,"IFRC Nigeria Cholera DREF MDRNG033 Final Report, 1 August 2022 (citing NCDC Cholera Situation Report epi week 50 of 2021)",https://reliefweb.int/report/nigeria/nigeria-cholera-dref-ndeg-mdrng033-final-report,"IFRC DREF final report on the 2021 Nigerian cholera epidemic; gives the national cumulative suspected cases and deaths to 19 December 2021, the full list of the 32 states plus FCT that reported cases, the most-affected age group, and the five states containing the eleven LGAs that each exceeded 1,000 cases.",2021-01-01 to 2021-12-19,National cumulative suspected cases and deaths; affected-state enumeration,Active,Level 2,Pending,ReliefWeb search: Nigeria cholera 2021 epidemic cases deaths states,English,0,,ReliefWeb search: Nigeria cholera 2021 epidemic cases deaths states,AI
254,"International Rescue Committee press release, surging cholera amid flooding in Nigeria and Niger, 17 October 2024 (citing the Nigerian public health agency)",https://reliefweb.int/report/nigeria/irc-warns-surging-cholera-cases-amid-severe-flooding-nigeria-and-niger,"IRC press release giving the Nigerian national cholera death toll for 2024 to 17 October and the year-on-year increase, attributed to the Nigerian public health agency; also describes an overwhelmed cholera treatment unit in Gubio IDP camp, Borno State.",2024-01-01 to 2024-10-17,"National deaths only, no case count",Active,Level 2,Pending,ReliefWeb search: Nigeria cholera 2020 cases deaths outbreak states,English,0,,ReliefWeb search: Nigeria cholera 2020 cases deaths outbreak states,AI
255,"IFRC Nigeria Cholera Outbreak Emergency Plan of Action (EPoA), DREF MDRNG033, 28 September 2021 (citing NCDC Cholera Situation Report No. 38)",https://reliefweb.int/report/nigeria/nigeria-cholera-outbreak-emergency-plan-action-epoa-dref-operation-n-mdrng033,"IFRC DREF emergency plan of action for the 2021 Nigerian cholera epidemic; gives the national cumulative suspected cases and deaths as at 21 September 2021 from NCDC sitrep 38, the 27 affected states plus FCT, the most-affected age group, and a caution about undercounting in insecure areas.",2021-01-01 to 2021-09-21,National cumulative suspected cases and deaths; affected-state enumeration,Active,Level 2,Pending,ReliefWeb search: Nigeria cholera 2019 cases deaths NCDC,English,0,,ReliefWeb search: Nigeria cholera 2019 cases deaths NCDC,AI
256,"ACAPS Briefing Note, Nigeria - Borno State Cholera Outbreak, 30 October 2014",https://reliefweb.int/report/nigeria/acaps-briefing-note-nigeria-borno-state-cholera-outbreak-30-october-2014,"ACAPS/Start Network analytical briefing note on the 2014 Maiduguri cholera outbreak; gives cumulative Maiduguri cases and deaths at 30 October 2014, the epidemic peak week and its approximate weekly counts, the outbreak start week, the Nigerian national cumulative to 27 September 2014, and Lake Chad basin cross-border counts for Niger, Chad and Cameroon.",2014-09-20 to 2014-10-30,LGA cumulative cases and deaths; approximate weekly incidence; national cumulative,Active,Level 2,Pending,ReliefWeb search: Nigeria cholera epidemic 2009 cases deaths,English,0,,ReliefWeb search: Nigeria cholera epidemic 2009 cases deaths,AI
257,"NCDC National Monthly Update for Cholera in Nigeria, Situation Report October 2019",https://reliefweb.int/report/nigeria/national-monthly-update-cholera-nigeria-ncdc-situation-report-october-2019,"NCDC national monthly cholera situation report for October 2019: national year-to-date suspected cases and deaths as at 31 October 2019, the seven reporting states, new suspected cases in Adamawa during October, RDT results, and age and sex distribution.",2019-01-01 to 2019-10-31,National cumulative cases and deaths; state monthly increment,Active,Level 1,Pending,WebSearch: NCDC Nigeria annual report 2019 2020 cholera suspected cases deaths states LGAs,English,0,,WebSearch: NCDC Nigeria annual report 2019 2020 cholera suspected cases deaths states LGAs,AI
258,"Leadership (Abuja) via allAfrica, 176 deaths recorded as cholera cases hit 5,951, 15 August 2024 (NCDC Director-General press briefing)",https://allafrica.com/stories/202408160067.html,Nigerian press report of an NCDC Director-General press briefing giving the 2024 national cumulative suspected cholera cases and deaths and the number of affected LGAs and states.,2024-01-01 to 2024-08-15,National cumulative suspected cases and deaths; affected LGA and state counts,Active,Level 3,Pending,WebSearch: NCDC Nigeria annual report 2019 2020 cholera suspected cases deaths states LGAs,English,0,,WebSearch: NCDC Nigeria annual report 2019 2020 cholera suspected cases deaths states LGAs,AI
259,"Borno State Ministry of Health, Weekly Situation Report: Health Sector Response to Cholera Outbreak and Flood Disaster, 10 October 2024",https://reliefweb.int/report/nigeria/nigeria-borno-state-ministry-health-weekly-situation-report-health-sector-response-cholera-outbreak-and-flood-disaster-10102024,"Borno State Ministry of Health weekly health-sector situation report for epi week 41 of 2024: line-listed suspected cholera cases, samples collected, RDT positives, culture positives, OCV doses received and persons vaccinated, and the cholera treatment capacity established by MSF France, MSF Belgium, IRC and ALIMA.",2024-01-01 to 2024-10-12,State-level line-listed suspected cases; laboratory confirmations,Active,Level 1,Pending,"ReliefWeb disaster page ep-2017-000077-nga updates listing, deep pagination (pages 7-21)",English,0,,"ReliefWeb disaster page ep-2017-000077-nga updates listing, deep pagination (pages 7-21)",AI
260,"Borno State Ministry of Health, Cholera Outbreak Situation Report No. 17, 23 December 2021 (with WHO)",https://reliefweb.int/report/nigeria/borno-state-ministry-health-cholera-outbreak-situation-report-no-17-23rd-december,"Borno State Ministry of Health end-of-outbreak cholera situation report for 2021: state cumulative suspected cases and deaths, a ten-LGA case breakdown, and laboratory results (samples collected, RDT positives, culture positives).",2021-01-01 to 2021-12-23,State cumulative suspected cases and deaths with LGA decomposition,Active,Level 1,Pending,"ReliefWeb disaster page ep-2017-000077-nga updates listing, deep pagination to the 2021 epidemic",English,0,,"ReliefWeb disaster page ep-2017-000077-nga updates listing, deep pagination to the 2021 epidemic",AI
261,"Yobe State Ministry of Health, Cholera Outbreak Situation Report No. 10, 19 December 2021 (with WHO)",https://reliefweb.int/report/nigeria/yobe-state-ministry-health-cholera-outbreak-situation-report-no10-19th-december-2021,"Yobe State Ministry of Health cholera situation report for epi week 50 of 2021: state cumulative suspected cases and deaths, weekly new cases, and the number of affected LGAs.",2021-01-01 to 2021-12-19,State cumulative suspected cases and deaths with LGA decomposition,Active,Level 1,Pending,"ReliefWeb disaster page ep-2017-000077-nga updates listing, deep pagination to the 2021 epidemic",English,0,,"ReliefWeb disaster page ep-2017-000077-nga updates listing, deep pagination to the 2021 epidemic",AI
262,"Adamawa State Ministry of Health, Situation Report of Cholera Outbreak Week No. 51, 23 December 2021 (with WHO)",https://reliefweb.int/report/nigeria/adamawa-state-situation-report-cholera-outbreak-week-no-51-23rd-december-2021,"Adamawa State cholera situation report for epi week 51 of 2021: state cumulative suspected cases and deaths plus a twelve-LGA table of cases, deaths and CFRs that sums exactly to the state total.",2021-01-01 to 2021-12-23,State cumulative suspected cases and deaths with LGA decomposition,Active,Level 1,Pending,"ReliefWeb disaster page ep-2017-000077-nga updates listing, deep pagination to the 2021 epidemic",English,0,,"ReliefWeb disaster page ep-2017-000077-nga updates listing, deep pagination to the 2021 epidemic",AI
263,"Yobe State Ministry of Health, Cholera Outbreak Situation Report No. 4, 7 November 2021 (with WHO)",https://reliefweb.int/report/nigeria/yobe-state-ministry-health-cholera-outbreak-situation-report-no4-7-november-2021,"Yobe State Ministry of Health cholera situation report for epi week 44 of 2021: weekly new cases and deaths, the week-on-week change, state cumulative cases and deaths, the number of affected LGAs, and OCV campaign coverage in Damaturu.",2021-01-01 to 2021-11-07,State cumulative and weekly cases and deaths,Active,Level 1,Pending,"ReliefWeb disaster page ep-2017-000077-nga updates listing, deep pagination to the 2021 epidemic",English,0,,"ReliefWeb disaster page ep-2017-000077-nga updates listing, deep pagination to the 2021 epidemic",AI
264,"Adamawa State Ministry of Health, Situation Report of Cholera Outbreak Week No. 44, 5 November 2021 (with WHO)",https://reliefweb.int/report/nigeria/adamawa-state-situation-report-cholera-outbreak-week-no-44-5th-november-2021,"Adamawa State cholera situation report for epi week 44 of 2021: weekly new cases with an LGA split, state cumulative cases and deaths, and an eleven-LGA table of cases, deaths and CFRs that sums exactly to the state total.",2021-01-01 to 2021-11-05,State cumulative and weekly cases and deaths with LGA decomposition,Active,Level 1,Pending,"ReliefWeb disaster page ep-2017-000077-nga updates listing, deep pagination to the 2021 epidemic",English,0,,"ReliefWeb disaster page ep-2017-000077-nga updates listing, deep pagination to the 2021 epidemic",AI
265,"ACAPS Briefing Note, Nigeria and Niger - Cholera Outbreak, 17 November 2021",https://reliefweb.int/report/nigeria/acaps-briefing-note-nigeria-and-niger-cholera-outbreak-17-november-2021,"ACAPS analytical briefing note on the 2021 cholera outbreaks in Nigeria and Niger; gives the Nigerian national cumulative suspected cases and deaths as at 24 October 2021, the CFR, the number of affected states, and the most affected age group, plus the equivalent Niger figures.",2021-01-01 to 2021-10-24,National cumulative suspected cases and deaths; cross-border comparison,Active,Level 2,Pending,"ReliefWeb disaster page ep-2017-000077-nga updates listing, deep pagination to the 2021 epidemic",English,0,,"ReliefWeb disaster page ep-2017-000077-nga updates listing, deep pagination to the 2021 epidemic",AI
266,"Borno State Ministry of Health, Cholera Outbreak Situation Report No. 11, 7 November 2021 (with WHO)",https://reliefweb.int/report/nigeria/borno-state-ministry-health-cholera-outbreak-situation-report-no-11-7th-november-2021,Borno State MoH cholera situation report: state cumulative cases and deaths as at 7 November 2021 with a ten-LGA case breakdown and laboratory results.,2021-01-01 to 2021-11-07,State cumulative and weekly cases and deaths,Active,Level 1,Pending,"ReliefWeb disaster page ep-2017-000077-nga updates listing, deep pagination to the 2021 epidemic",English,0,,"ReliefWeb disaster page ep-2017-000077-nga updates listing, deep pagination to the 2021 epidemic",AI
267,"Borno State Ministry of Health, Cholera Outbreak Situation Report No. 13, 21 November 2021 (with WHO)",https://reliefweb.int/report/nigeria/borno-state-ministry-health-cholera-outbreak-situation-report-no-13-21st-november,Borno State MoH cholera situation report: state cumulative cases and deaths as at 16 November 2021 with a ten-LGA case breakdown and laboratory results.,2021-01-01 to 2021-11-16,State cumulative and weekly cases and deaths,Active,Level 1,Pending,"ReliefWeb disaster page ep-2017-000077-nga updates listing, deep pagination to the 2021 epidemic",English,0,,"ReliefWeb disaster page ep-2017-000077-nga updates listing, deep pagination to the 2021 epidemic",AI
268,"Yobe State Ministry of Health, Cholera Outbreak Situation Report No. 1, 17 October 2021 (with WHO)",https://reliefweb.int/report/nigeria/yobe-state-ministry-health-cholera-outbreak-situation-report-no1-17-october-2021,"Yobe State MoH cholera situation report for epi week 41 of 2021: weekly cases and deaths, state cumulative, affected LGA count, and the LGAs of the new fatalities.",2021-01-01 to 2021-10-17,State cumulative and weekly cases and deaths,Active,Level 1,Pending,"ReliefWeb disaster page ep-2017-000077-nga updates listing, deep pagination to the 2021 epidemic",English,0,,"ReliefWeb disaster page ep-2017-000077-nga updates listing, deep pagination to the 2021 epidemic",AI
269,"Yobe State Ministry of Health, Cholera Outbreak Situation Report No. 2, 24 October 2021 (with WHO)",https://reliefweb.int/report/nigeria/yobe-state-ministry-health-cholera-outbreak-situation-report-no2-24th-october-2021,"Yobe State MoH cholera situation report for epi week 42 of 2021: weekly cases and deaths, week-on-week change, state cumulative and affected LGA count.",2021-01-01 to 2021-10-24,State cumulative and weekly cases and deaths,Active,Level 1,Pending,"ReliefWeb disaster page ep-2017-000077-nga updates listing, deep pagination to the 2021 epidemic",English,0,,"ReliefWeb disaster page ep-2017-000077-nga updates listing, deep pagination to the 2021 epidemic",AI
270,"Yobe State Ministry of Health, Cholera Outbreak Situation Report No. 3, 31 October 2021 (with WHO)",https://reliefweb.int/report/nigeria/yobe-state-ministry-health-cholera-outbreak-situation-report-no3-31st-october-2021,"Yobe State MoH cholera situation report for epi week 43 of 2021: weekly cases and deaths, week-on-week change, state cumulative, and completion of the Damaturu OCV campaign.",2021-01-01 to 2021-10-31,State cumulative and weekly cases and deaths,Active,Level 1,Pending,"ReliefWeb disaster page ep-2017-000077-nga updates listing, deep pagination to the 2021 epidemic",English,0,,"ReliefWeb disaster page ep-2017-000077-nga updates listing, deep pagination to the 2021 epidemic",AI
271,"Yobe State Ministry of Health, Cholera Outbreak Situation Report No. 8, 5 December 2021 (with WHO)",https://reliefweb.int/report/nigeria/yobe-state-ministry-health-cholera-outbreak-situation-report-no8-5-december-2021,"Yobe State MoH cholera situation report for epi week 48 of 2021: weekly cases and deaths, week-on-week change, state cumulative, and the two LGAs still reporting.",2021-01-01 to 2021-12-05,State cumulative and weekly cases and deaths,Active,Level 1,Pending,"ReliefWeb disaster page ep-2017-000077-nga updates listing, deep pagination to the 2021 epidemic",English,0,,"ReliefWeb disaster page ep-2017-000077-nga updates listing, deep pagination to the 2021 epidemic",AI
272,"Adamawa State Ministry of Health, Situation Report of Cholera Outbreak Week No. 41, 9 October 2021 (with WHO)",https://reliefweb.int/report/nigeria/adamawa-state-situation-report-cholera-outbreak-week-no-41-9th-october-2021,"Adamawa State cholera situation report as at 9 October 2021: weekly new cases with LGA split, state cumulative cases and deaths, and an LGA table of cases, deaths and CFRs.",2021-01-01 to 2021-10-09,State cumulative and weekly cases and deaths,Active,Level 1,Pending,"ReliefWeb disaster page ep-2017-000077-nga updates listing, deep pagination to the 2021 epidemic",English,0,,"ReliefWeb disaster page ep-2017-000077-nga updates listing, deep pagination to the 2021 epidemic",AI
273,"Adamawa State Ministry of Health, Situation Report of Cholera Outbreak Week No. 45, 12 November 2021 (with WHO)",https://reliefweb.int/report/nigeria/adamawa-state-situation-report-cholera-outbreak-week-no-45-12th-november-2021,Adamawa State cholera situation report as at 12 November 2021: weekly new cases with LGA split and state cumulative cases and deaths.,2021-01-01 to 2021-11-12,State cumulative and weekly cases and deaths,Active,Level 1,Pending,"ReliefWeb disaster page ep-2017-000077-nga updates listing, deep pagination to the 2021 epidemic",English,0,,"ReliefWeb disaster page ep-2017-000077-nga updates listing, deep pagination to the 2021 epidemic",AI
274,"Adamawa State Ministry of Health, Situation Report of Cholera Outbreak Week No. 46, 16 November 2021 (with WHO)",https://reliefweb.int/report/nigeria/adamawa-state-situation-report-cholera-outbreak-week-no-46-16th-november-2021,Adamawa State cholera situation report as at 16 November 2021: weekly new cases with LGA split and state cumulative cases and deaths.,2021-01-01 to 2021-11-16,State cumulative and weekly cases and deaths,Active,Level 1,Pending,"ReliefWeb disaster page ep-2017-000077-nga updates listing, deep pagination to the 2021 epidemic",English,0,,"ReliefWeb disaster page ep-2017-000077-nga updates listing, deep pagination to the 2021 epidemic",AI
275,"Adamawa State Ministry of Health, Situation Report of Cholera Outbreak Week No. 49, 10 December 2021 (with WHO)",https://reliefweb.int/report/nigeria/adamawa-state-situation-report-cholera-outbreak-week-no-49-10th-december-2021,"Adamawa State cholera situation report as at 10 December 2021: new cases and deaths for 1-11 December with an LGA table, and state cumulative cases and deaths.",2021-01-01 to 2021-12-10,State cumulative and weekly cases and deaths,Active,Level 1,Pending,"ReliefWeb disaster page ep-2017-000077-nga updates listing, deep pagination to the 2021 epidemic",English,0,,"ReliefWeb disaster page ep-2017-000077-nga updates listing, deep pagination to the 2021 epidemic",AI
276,"Borno State Ministry of Health, Cholera Outbreak Situation Report No. 20, as of 14th January 2022 (with WHO)",https://reliefweb.int/report/nigeria/borno-state-ministry-health-cholera-outbreak-situation-report-no-20-14th-january-2022,Borno State MoH weekly cholera situation report as of 14th January 2022: suspected cases and deaths reported within the week.,2022-01-08 to 2022-01-14,State weekly cases and deaths,Active,Level 1,Pending,ReliefWeb search: Borno State Ministry of Health Cholera outbreak Situation Report 2022,English,0,,ReliefWeb search: Borno State Ministry of Health Cholera outbreak Situation Report 2022,AI
277,"Borno State Ministry of Health, Cholera Outbreak Situation Report No. 23, as of 30th January 2022 (with WHO)",https://reliefweb.int/report/nigeria/borno-state-ministry-health-cholera-outbreak-situation-report-no-23-30th-january-2022,Borno State MoH weekly cholera situation report as of 30th January 2022: suspected cases and deaths reported within the week.,2022-01-24 to 2022-01-30,State weekly cases and deaths,Active,Level 1,Pending,ReliefWeb search: Borno State Ministry of Health Cholera outbreak Situation Report 2022,English,0,,ReliefWeb search: Borno State Ministry of Health Cholera outbreak Situation Report 2022,AI
278,"Borno State Ministry of Health, Cholera Outbreak Situation Report No. 24, as of 7th February 2022 (with WHO)",https://reliefweb.int/report/nigeria/borno-state-ministry-health-cholera-outbreak-situation-report-no-24-7th-february-2022,Borno State MoH weekly cholera situation report as of 7th February 2022: suspected cases and deaths reported within the week.,2022-02-01 to 2022-02-07,State weekly cases and deaths,Active,Level 1,Pending,ReliefWeb search: Borno State Ministry of Health Cholera outbreak Situation Report 2022,English,0,,ReliefWeb search: Borno State Ministry of Health Cholera outbreak Situation Report 2022,AI
279,"Borno State Ministry of Health, Cholera Outbreak Situation Report No. 25, as of 13th February 2022 (with WHO)",https://reliefweb.int/report/nigeria/borno-state-ministry-health-cholera-outbreak-situation-report-no-25-13th-february,Borno State MoH weekly cholera situation report as of 13th February 2022: suspected cases and deaths reported within the week.,2022-02-08 to 2022-02-13,State weekly cases and deaths,Active,Level 1,Pending,ReliefWeb search: Borno State Ministry of Health Cholera outbreak Situation Report 2022,English,0,,ReliefWeb search: Borno State Ministry of Health Cholera outbreak Situation Report 2022,AI
280,"Borno State Ministry of Health, Cholera Outbreak Situation Report No. 26, as of 20th February 2022 (with WHO)",https://reliefweb.int/report/nigeria/borno-state-ministry-health-cholera-outbreak-situation-report-no-26-20th-february,Borno State MoH weekly cholera situation report as of 20th February 2022: suspected cases and deaths reported within the week.,2022-02-14 to 2022-02-20,State weekly cases and deaths,Active,Level 1,Pending,ReliefWeb search: Borno State Ministry of Health Cholera outbreak Situation Report 2022,English,0,,ReliefWeb search: Borno State Ministry of Health Cholera outbreak Situation Report 2022,AI
281,"Borno State Ministry of Health, Cholera Outbreak Situation Report No. 27, as of 8th March 2022 (with WHO)",https://reliefweb.int/report/nigeria/borno-state-ministry-health-cholera-outbreak-situation-report-no-27-8th-march-2022,Borno State MoH weekly cholera situation report as of 8th March 2022: suspected cases and deaths reported within the week.,2022-03-02 to 2022-03-08,State weekly cases and deaths,Active,Level 1,Pending,ReliefWeb search: Borno State Ministry of Health Cholera outbreak Situation Report 2022,English,0,,ReliefWeb search: Borno State Ministry of Health Cholera outbreak Situation Report 2022,AI
282,"Borno State Ministry of Health, Cholera Outbreak Situation Report No. 28, as of 14th March 2022 (with WHO)",https://reliefweb.int/report/nigeria/borno-state-ministry-health-cholera-outbreak-situation-report-no-28-14th-march-2022,Borno State MoH weekly cholera situation report as of 14th March 2022: suspected cases and deaths reported within the week.,2022-03-09 to 2022-03-14,State weekly cases and deaths,Active,Level 1,Pending,ReliefWeb search: Borno State Ministry of Health Cholera outbreak Situation Report 2022,English,0,,ReliefWeb search: Borno State Ministry of Health Cholera outbreak Situation Report 2022,AI
283,"Yobe State Ministry of Health, Cholera Outbreak Situation Report No.1, as of 21 August 2022 (with WHO)",https://reliefweb.int/report/nigeria/yobe-state-ministry-health-cholera-outbreak-situation-report-no1-21-august-2022,"Yobe State MoH cholera situation report for epi week 33 of 2022: weekly new cases and deaths, week-on-week change, active cases by LGA, and state cumulative cases and deaths.",2022-01-01 to 2022-08-21,State cumulative and weekly cases and deaths,Active,Level 1,Pending,ReliefWeb search: Yobe / Adamawa State Ministry of Health cholera outbreak situation report,English,0,,ReliefWeb search: Yobe / Adamawa State Ministry of Health cholera outbreak situation report,AI
284,"Yobe State Ministry of Health, Cholera Outbreak Situation Report No.2, as of 28 August 2022 (with WHO)",https://reliefweb.int/report/nigeria/yobe-state-ministry-health-cholera-outbreak-situation-report-no2-28-august-2022,"Yobe State MoH cholera situation report for epi week 34 of 2022: weekly new cases and deaths, week-on-week change, active cases by LGA, and state cumulative cases and deaths.",2022-01-01 to 2022-08-28,State cumulative and weekly cases and deaths,Active,Level 1,Pending,ReliefWeb search: Yobe / Adamawa State Ministry of Health cholera outbreak situation report,English,0,,ReliefWeb search: Yobe / Adamawa State Ministry of Health cholera outbreak situation report,AI
285,"Yobe State Ministry of Health, Cholera Outbreak Situation Report No.4, as of 18 September 2022 (with WHO)",https://reliefweb.int/report/nigeria/yobe-state-ministry-health-cholera-outbreak-situation-report-no4-18-september-2022,"Yobe State MoH cholera situation report for epi week 37 of 2022: weekly new cases and deaths, week-on-week change, active cases by LGA, and state cumulative cases and deaths.",2022-01-01 to 2022-09-18,State cumulative and weekly cases and deaths,Active,Level 1,Pending,ReliefWeb search: Yobe / Adamawa State Ministry of Health cholera outbreak situation report,English,0,,ReliefWeb search: Yobe / Adamawa State Ministry of Health cholera outbreak situation report,AI
286,"Yobe State Ministry of Health, Cholera Outbreak Situation Report No.5, as of 25 September 2022 (with WHO)",https://reliefweb.int/report/nigeria/yobe-state-ministry-health-cholera-outbreak-situation-report-no5-25-september-2022,"Yobe State MoH cholera situation report for epi week 38 of 2022: weekly new cases and deaths, week-on-week change, active cases by LGA, and state cumulative cases and deaths.",2022-01-01 to 2022-09-25,State cumulative and weekly cases and deaths,Active,Level 1,Pending,ReliefWeb search: Yobe / Adamawa State Ministry of Health cholera outbreak situation report,English,0,,ReliefWeb search: Yobe / Adamawa State Ministry of Health cholera outbreak situation report,AI
287,"Yobe State Ministry of Health, Cholera Outbreak Situation Report No.11, as of 26 December 2021 (with WHO)",https://reliefweb.int/report/nigeria/yobe-state-ministry-health-cholera-outbreak-situation-report-no11-26th-december-2021,"Yobe State MoH cholera situation report for epi week 51 of 2021: one new case, state cumulative, and the LGA of the last case.",2021-01-01 to 2021-12-26,State cumulative and weekly cases and deaths,Active,Level 1,Pending,ReliefWeb search: Yobe / Adamawa State Ministry of Health cholera outbreak situation report,English,0,,ReliefWeb search: Yobe / Adamawa State Ministry of Health cholera outbreak situation report,AI
288,"Yobe State Ministry of Health, Cholera Outbreak Situation Report No.12, as of 2 January 2022 (with WHO)",https://reliefweb.int/report/nigeria/yobe-state-ministry-health-cholera-outbreak-situation-report-no12-2-january-2022,"Yobe State MoH cholera situation report for epi week 52 of 2021: zero new cases and deaths, state cumulative unchanged, and the date of the last case.",2021-12-27 to 2022-01-02,State cumulative and weekly cases and deaths,Active,Level 1,Pending,ReliefWeb search: Yobe / Adamawa State Ministry of Health cholera outbreak situation report,English,0,,ReliefWeb search: Yobe / Adamawa State Ministry of Health cholera outbreak situation report,AI
289,"Adamawa State Ministry of Health, Situation Report of Cholera Outbreak Week No. 05, 5 February 2022 (with WHO)",https://reliefweb.int/report/nigeria/adamawa-state-situation-report-cholera-outbreak-week-no-05-5th-february-2022,"Adamawa State cholera situation report for 29 January - 5 February 2022: zero new cases and deaths, cumulative case count for the 2021-22 outbreak, affected LGA count, and initiation of response deactivation.",2021-01-01 to 2022-02-05,State cumulative and weekly cases and deaths,Active,Level 1,Pending,ReliefWeb search: Yobe / Adamawa State Ministry of Health cholera outbreak situation report,English,0,,ReliefWeb search: Yobe / Adamawa State Ministry of Health cholera outbreak situation report,AI
290,"Borno State Ministry of Health, Situation Report of Cholera Outbreak in Borno State No. 83, 10-16 December 2018",https://reliefweb.int/report/nigeria/situation-report-cholera-outbreak-borno-state-no-83-10-16-december-2018,"Final Borno State cholera situation report of the 2018 outbreak: state cumulative cases and deaths, a fifteen-LGA case breakdown, the LGAs with no additional cases, and RDT and culture results.",2018-01-01 to 2018-12-16,State cumulative cases and deaths with LGA decomposition; laboratory confirmations,Active,Level 1,Pending,"ReliefWeb disaster page ep-2017-000077-nga updates listing, deep pagination to the 2018-2019 north-east outbreaks",English,0,,"ReliefWeb disaster page ep-2017-000077-nga updates listing, deep pagination to the 2018-2019 north-east outbreaks",AI
291,"Yobe State Ministry of Health, Yobe State Cholera Outbreak Situation Report No. 68, 10-16 December 2018",https://reliefweb.int/report/nigeria/yobe-state-cholera-outbreak-situation-report-no-68-10-16-december-2018,"Final Yobe State cholera situation report of the 2018 outbreak: zero cases in the reporting week, state cumulative cases and deaths, a five-LGA case breakdown summing exactly to the state total, RDT and culture results, serotype, and the date of the last case.",2018-01-01 to 2018-12-16,State cumulative cases and deaths with LGA decomposition,Active,Level 1,Pending,"ReliefWeb disaster page ep-2017-000077-nga updates listing, deep pagination to the 2018-2019 north-east outbreaks",English,0,,"ReliefWeb disaster page ep-2017-000077-nga updates listing, deep pagination to the 2018-2019 north-east outbreaks",AI
292,"Adamawa State Ministry of Health, Situation Report of Cholera Outbreak in Adamawa State Week 48, 26 November - 2 December 2018",https://reliefweb.int/report/nigeria/situation-report-cholera-outbreak-adamawa-state-week-48-26-november-2-december-2018,"Adamawa State cholera situation report for week 48 of 2018: zero new cases in the week, state cumulative cases and deaths, an eight-LGA table of cases, deaths and CFRs summing exactly to the state total, and culture results.",2018-01-01 to 2018-12-02,State cumulative cases and deaths with LGA decomposition,Active,Level 1,Pending,"ReliefWeb disaster page ep-2017-000077-nga updates listing, deep pagination to the 2018-2019 north-east outbreaks",English,0,,"ReliefWeb disaster page ep-2017-000077-nga updates listing, deep pagination to the 2018-2019 north-east outbreaks",AI
293,"WHO Nigeria, Borno, Adamawa and Yobe States Declare End of Cholera Outbreaks, 21 January 2019",https://reliefweb.int/report/nigeria/borno-adamawa-and-yobe-states-declare-end-cholera-outbreaks,"WHO Nigeria announcement that the Commissioners of Health in Borno, Adamawa and Yobe States declared the 2018 cholera outbreaks over, giving the date of the last case in each state and the two-week negative-sample criterion applied.",2018-11-23 to 2019-01-21,Outbreak-end declaration with last-case dates; state cumulative cases,Active,Level 1,Pending,"ReliefWeb disaster page ep-2017-000077-nga updates listing, deep pagination",English,0,,"ReliefWeb disaster page ep-2017-000077-nga updates listing, deep pagination",AI
294,"NCDC National Monthly Update for Cholera in Nigeria, Situation Report 30 June 2019",https://reliefweb.int/report/nigeria/national-monthly-update-cholera-nigeria-ncdc-situation-report-30th-june-2019,"NCDC national monthly cholera situation report to 30 June 2019: the three states with active transmission since week 1 of 2019, the Adamawa outbreak declaration of 18 June 2019 and its case and death count.",2019-06-18 to 2019-06-30,Outbreak-end declaration with last-case dates; state cumulative cases,Active,Level 1,Pending,"ReliefWeb disaster page ep-2017-000077-nga updates listing, deep pagination",English,0,,"ReliefWeb disaster page ep-2017-000077-nga updates listing, deep pagination",AI
295,"Adamawa State Ministry of Health, Situation Report of Cholera Outbreak No. 8, as of 1st July 2019 (with WHO)",https://reliefweb.int/report/nigeria/adamawa-state-situation-report-cholera-outbreak-no-8-1st-july-2019,"Adamawa State cholera situation report as of 1st July 2019: new cases in the reporting period, state cumulative cases and deaths, affected wards, and an LGA table of cases, deaths and CFRs.",2019-06-18 to 2019-07-01,State cumulative cases and deaths with LGA decomposition,Active,Level 1,Pending,"ReliefWeb disaster page ep-2017-000077-nga updates listing, deep pagination to the 2019 Adamawa outbreak",English,0,,"ReliefWeb disaster page ep-2017-000077-nga updates listing, deep pagination to the 2019 Adamawa outbreak",AI
296,"Adamawa State Ministry of Health, Situation Report of Cholera Outbreak No. 16, as of 22nd July 2019 (with WHO)",https://reliefweb.int/report/nigeria/adamawa-state-situation-report-cholera-outbreak-no-16-22nd-july-2019,"Adamawa State cholera situation report as of 22nd July 2019: new cases in the reporting period, state cumulative cases and deaths, affected wards, and an LGA table of cases, deaths and CFRs.",2019-06-18 to 2019-07-22,State cumulative cases and deaths with LGA decomposition,Active,Level 1,Pending,"ReliefWeb disaster page ep-2017-000077-nga updates listing, deep pagination to the 2019 Adamawa outbreak",English,0,,"ReliefWeb disaster page ep-2017-000077-nga updates listing, deep pagination to the 2019 Adamawa outbreak",AI
297,"Adamawa State Ministry of Health, Situation Report of Cholera Outbreak No. 29, as of 23rd August 2019 (with WHO)",https://reliefweb.int/report/nigeria/adamawa-state-situation-report-cholera-outbreak-no-29-23rd-august-2019,"Adamawa State cholera situation report as of 23rd August 2019: new cases in the reporting period, state cumulative cases and deaths, affected wards, and an LGA table of cases, deaths and CFRs.",2019-06-18 to 2019-08-23,State cumulative cases and deaths with LGA decomposition,Active,Level 1,Pending,"ReliefWeb disaster page ep-2017-000077-nga updates listing, deep pagination to the 2019 Adamawa outbreak",English,0,,"ReliefWeb disaster page ep-2017-000077-nga updates listing, deep pagination to the 2019 Adamawa outbreak",AI
298,"Adamawa State Ministry of Health, Situation Report of Cholera Outbreak No. 56, as of 27th September 2019 (with WHO)",https://reliefweb.int/report/nigeria/adamawa-state-situation-report-cholera-outbreak-week-no-56-27th-september-2019,"Adamawa State cholera situation report as of 27th September 2019: new cases in the reporting period, state cumulative cases and deaths, affected wards, and an LGA table of cases, deaths and CFRs.",2019-06-18 to 2019-09-27,State cumulative cases and deaths with LGA decomposition,Active,Level 1,Pending,"ReliefWeb disaster page ep-2017-000077-nga updates listing, deep pagination to the 2019 Adamawa outbreak",English,0,,"ReliefWeb disaster page ep-2017-000077-nga updates listing, deep pagination to the 2019 Adamawa outbreak",AI
299,"Adamawa State Ministry of Health, Situation Report of Cholera Outbreak No. 63, as of 31st October 2019 (with WHO)",https://reliefweb.int/report/nigeria/adamawa-state-situation-report-cholera-outbreak-week-no-63-31st-october-2019,"Adamawa State cholera situation report as of 31st October 2019: new cases in the reporting period, state cumulative cases and deaths, affected wards, and an LGA table of cases, deaths and CFRs.",2019-06-18 to 2019-10-31,State cumulative cases and deaths with LGA decomposition,Active,Level 1,Pending,"ReliefWeb disaster page ep-2017-000077-nga updates listing, deep pagination to the 2019 Adamawa outbreak",English,0,,"ReliefWeb disaster page ep-2017-000077-nga updates listing, deep pagination to the 2019 Adamawa outbreak",AI
300,"NCDC National Cholera Situation Report, Week 36 of 2017 (published 30 September 2017)",https://reliefweb.int/report/nigeria/ncdc-national-cholera-situation-report-week-36-2017,"NCDC national cholera situation report for week 36 of 2017: national cumulative cases and deaths as at 10 September 2017, the seven states with confirmed outbreaks, the outbreak start week and state, and weekly case counts.",2017-05-01 to 2017-09-10,National cumulative cases and deaths,Active,Level 1,Pending,"ReliefWeb disaster page ep-2017-000077-nga updates listing, deep pagination to the 2017 outbreaks",English,0,,"ReliefWeb disaster page ep-2017-000077-nga updates listing, deep pagination to the 2017 outbreaks",AI
301,"OCHA Nigeria, North-East Flash Update No. 3 - Cholera Outbreak, 9 September 2017",https://reliefweb.int/report/nigeria/nigeria-north-east-flash-update-no-3-cholera-outbreak-9-september-2017,"OCHA flash update on the 2017 north-east cholera outbreak: Borno suspected cases and deaths, outbreak start date, LGAs with confirmed outbreaks, and a caution that outpatient cases may make the totals an undercount.",2017-08-16 to 2017-09-09,Cumulative cases and deaths,Active,Level 2,Pending,"ReliefWeb disaster page ep-2017-000077-nga updates listing, deep pagination to the 2017 outbreaks",English,0,,"ReliefWeb disaster page ep-2017-000077-nga updates listing, deep pagination to the 2017 outbreaks",AI
302,"WHO Disease Outbreak News, Cholera - Nigeria, 12 July 2017 (Kwara State national notification)",https://reliefweb.int/report/nigeria/cholera-nigeria-disease-outbreak-news-12-july-2017,"WHO Disease Outbreak News on the 2017 Kwara State cholera outbreak: state cumulative suspected cases and deaths as of 30 June 2017, laboratory confirmations, sex distribution and the affected LGAs.",2017-05-01 to 2017-06-30,Cumulative cases and deaths,Active,Level 1,Pending,"ReliefWeb disaster page ep-2017-000077-nga updates listing, deep pagination to the 2017 outbreaks",English,0,,"ReliefWeb disaster page ep-2017-000077-nga updates listing, deep pagination to the 2017 outbreaks",AI
303,"Borno State Ministry of Health, Cholera Daily Situation Report as of 29 October 2017",https://reliefweb.int/report/nigeria/borno-state-ministry-health-cholera-daily-situation-report-29-october-2017,"Borno State MoH daily cholera situation report as of 29 October 2017: state cumulative cases and deaths, a six-LGA case breakdown summing exactly to the state total, and RDT and culture results.",2017-08-16 to 2017-10-29,State cumulative cases and deaths with LGA decomposition; laboratory confirmations,Active,Level 1,Pending,"ReliefWeb disaster page ep-2017-000077-nga updates listing, deep pagination to the 2017 Borno outbreak",English,0,,"ReliefWeb disaster page ep-2017-000077-nga updates listing, deep pagination to the 2017 Borno outbreak",AI
304,"Borno State Ministry of Health, Cholera Daily Situation Report as of 10 December 2017",https://reliefweb.int/report/nigeria/borno-state-ministry-health-cholera-daily-situation-report-10-december-2017,"Final Borno State MoH daily cholera situation report of the 2017 epidemic: state cumulative cases and deaths, a six-LGA case breakdown summing exactly to the state total, the date of the last case, and RDT and culture results.",2017-08-16 to 2017-12-10,State cumulative cases and deaths with LGA decomposition; laboratory confirmations,Active,Level 1,Pending,"ReliefWeb disaster page ep-2017-000077-nga updates listing, deep pagination to the 2017 Borno outbreak",English,0,,"ReliefWeb disaster page ep-2017-000077-nga updates listing, deep pagination to the 2017 Borno outbreak",AI
305,"Borno State cholera outbreak situation report, 2017-09-06 (Borno State Ministry of Health: Cholera Daily Situation Repo)",https://reliefweb.int/report/nigeria/borno-state-ministry-health-cholera-daily-situation-report-6-september-2017,Borno State (Nigeria) cholera outbreak situation report; cumulative state total and full LGA table as at 2017-09-06.,2017-08-16 to 2017-09-06,State-level cholera outbreak situation report (cumulative state total + LGA table),Active,Level 1,Pending,ReliefWeb disaster archive ep-2017-000077-nga (D43154) enumerated via curl with browser User-Agent; landing-page body text extracted,English,1,,ReliefWeb disaster archive ep-2017-000077-nga (D43154) enumerated via curl with browser User-Agent; landing-page body text extracted,AI
306,"Borno State cholera outbreak situation report, 2017-09-09 (Borno State Ministry of Health: Cholera Daily Situation Repo)",https://reliefweb.int/report/nigeria/borno-state-ministry-health-cholera-daily-situation-report-9-september-2017,Borno State (Nigeria) cholera outbreak situation report; cumulative state total and full LGA table as at 2017-09-09.,2017-08-16 to 2017-09-09,State-level cholera outbreak situation report (cumulative state total + LGA table),Active,Level 1,Pending,ReliefWeb disaster archive ep-2017-000077-nga (D43154) enumerated via curl with browser User-Agent; landing-page body text extracted,English,1,,ReliefWeb disaster archive ep-2017-000077-nga (D43154) enumerated via curl with browser User-Agent; landing-page body text extracted,AI
307,"Borno State cholera outbreak situation report, 2017-09-11 (Borno State Ministry of Health: Cholera Daily Situation Repo)",https://reliefweb.int/report/nigeria/borno-state-ministry-health-cholera-daily-situation-report-11-september-2017,Borno State (Nigeria) cholera outbreak situation report; cumulative state total and full LGA table as at 2017-09-11.,2017-08-16 to 2017-09-11,State-level cholera outbreak situation report (cumulative state total + LGA table),Active,Level 1,Pending,ReliefWeb disaster archive ep-2017-000077-nga (D43154) enumerated via curl with browser User-Agent; landing-page body text extracted,English,1,,ReliefWeb disaster archive ep-2017-000077-nga (D43154) enumerated via curl with browser User-Agent; landing-page body text extracted,AI
308,"Borno State cholera outbreak situation report, 2017-09-25 (Borno State Ministry of Health: Cholera Daily Situation Repo)",https://reliefweb.int/report/nigeria/borno-state-ministry-health-cholera-daily-situation-report-25-september-2017,Borno State (Nigeria) cholera outbreak situation report; cumulative state total and full LGA table as at 2017-09-25.,2017-08-16 to 2017-09-25,State-level cholera outbreak situation report (cumulative state total + LGA table),Active,Level 1,Pending,ReliefWeb disaster archive ep-2017-000077-nga (D43154) enumerated via curl with browser User-Agent; landing-page body text extracted,English,1,,ReliefWeb disaster archive ep-2017-000077-nga (D43154) enumerated via curl with browser User-Agent; landing-page body text extracted,AI
309,"Borno State cholera outbreak situation report, 2017-10-03 (Borno State Ministry of Health: Cholera Daily Situation Repo)",https://reliefweb.int/report/nigeria/borno-state-ministry-health-cholera-daily-situation-report-3-october-2017,Borno State (Nigeria) cholera outbreak situation report; cumulative state total and full LGA table as at 2017-10-03.,2017-08-16 to 2017-10-03,State-level cholera outbreak situation report (cumulative state total + LGA table),Active,Level 1,Pending,ReliefWeb disaster archive ep-2017-000077-nga (D43154) enumerated via curl with browser User-Agent; landing-page body text extracted,English,1,,ReliefWeb disaster archive ep-2017-000077-nga (D43154) enumerated via curl with browser User-Agent; landing-page body text extracted,AI
310,"Borno State cholera outbreak situation report, 2017-10-11 (Borno State Ministry of Health: Cholera Daily Situation Repo)",https://reliefweb.int/report/nigeria/borno-state-ministry-health-cholera-daily-situation-report-11-october-2017,Borno State (Nigeria) cholera outbreak situation report; cumulative state total and full LGA table as at 2017-10-11.,2017-08-16 to 2017-10-11,State-level cholera outbreak situation report (cumulative state total + LGA table),Active,Level 1,Pending,ReliefWeb disaster archive ep-2017-000077-nga (D43154) enumerated via curl with browser User-Agent; landing-page body text extracted,English,1,,ReliefWeb disaster archive ep-2017-000077-nga (D43154) enumerated via curl with browser User-Agent; landing-page body text extracted,AI
311,"Borno State cholera outbreak situation report, 2017-10-18 (Borno State Ministry of Health: Cholera Daily Situation Repo)",https://reliefweb.int/report/nigeria/borno-state-ministry-health-cholera-daily-situation-report-18-october-2017,Borno State (Nigeria) cholera outbreak situation report; cumulative state total and full LGA table as at 2017-10-18.,2017-08-16 to 2017-10-18,State-level cholera outbreak situation report (cumulative state total + LGA table),Active,Level 1,Pending,ReliefWeb disaster archive ep-2017-000077-nga (D43154) enumerated via curl with browser User-Agent; landing-page body text extracted,English,1,,ReliefWeb disaster archive ep-2017-000077-nga (D43154) enumerated via curl with browser User-Agent; landing-page body text extracted,AI
312,"Borno State cholera outbreak situation report, 2017-10-25 (Borno State Ministry of Health: Cholera Daily Situation Repo)",https://reliefweb.int/report/nigeria/borno-state-ministry-health-cholera-daily-situation-report-25-october-2017,Borno State (Nigeria) cholera outbreak situation report; cumulative state total and full LGA table as at 2017-10-25.,2017-08-16 to 2017-10-25,State-level cholera outbreak situation report (cumulative state total + LGA table),Active,Level 1,Pending,ReliefWeb disaster archive ep-2017-000077-nga (D43154) enumerated via curl with browser User-Agent; landing-page body text extracted,English,1,,ReliefWeb disaster archive ep-2017-000077-nga (D43154) enumerated via curl with browser User-Agent; landing-page body text extracted,AI
313,"Borno State cholera outbreak situation report, 2017-10-31 (Borno State Ministry of Health: Cholera Daily Situation Repo)",https://reliefweb.int/report/nigeria/borno-state-ministry-health-cholera-daily-situation-report-31-october-2017,Borno State (Nigeria) cholera outbreak situation report; cumulative state total and full LGA table as at 2017-10-31.,2017-08-16 to 2017-10-31,State-level cholera outbreak situation report (cumulative state total + LGA table),Active,Level 1,Pending,ReliefWeb disaster archive ep-2017-000077-nga (D43154) enumerated via curl with browser User-Agent; landing-page body text extracted,English,1,,ReliefWeb disaster archive ep-2017-000077-nga (D43154) enumerated via curl with browser User-Agent; landing-page body text extracted,AI
314,"Borno State cholera outbreak situation report, 2017-11-05 (Borno State Ministry of Health: Cholera Daily Situation Repo)",https://reliefweb.int/report/nigeria/borno-state-ministry-health-cholera-daily-situation-report-5-november-2017,Borno State (Nigeria) cholera outbreak situation report; cumulative state total and full LGA table as at 2017-11-05.,2017-08-16 to 2017-11-05,State-level cholera outbreak situation report (cumulative state total + LGA table),Active,Level 1,Pending,ReliefWeb disaster archive ep-2017-000077-nga (D43154) enumerated via curl with browser User-Agent; landing-page body text extracted,English,1,,ReliefWeb disaster archive ep-2017-000077-nga (D43154) enumerated via curl with browser User-Agent; landing-page body text extracted,AI
315,"Borno State cholera outbreak situation report, 2017-11-17 (Borno State Ministry of Health: Cholera Daily Situation Repo)",https://reliefweb.int/report/nigeria/borno-state-ministry-health-cholera-daily-situation-report-17-november-2017,Borno State (Nigeria) cholera outbreak situation report; cumulative state total and full LGA table as at 2017-11-17.,2017-08-16 to 2017-11-17,State-level cholera outbreak situation report (cumulative state total + LGA table),Active,Level 1,Pending,ReliefWeb disaster archive ep-2017-000077-nga (D43154) enumerated via curl with browser User-Agent; landing-page body text extracted,English,1,,ReliefWeb disaster archive ep-2017-000077-nga (D43154) enumerated via curl with browser User-Agent; landing-page body text extracted,AI
316,"Borno State cholera outbreak situation report, 2017-11-24 (Borno State Ministry of Health: Cholera Daily Situation Repo)",https://reliefweb.int/report/nigeria/borno-state-ministry-health-cholera-daily-situation-report-24-november-2017,Borno State (Nigeria) cholera outbreak situation report; cumulative state total and full LGA table as at 2017-11-24.,2017-08-16 to 2017-11-24,State-level cholera outbreak situation report (cumulative state total + LGA table),Active,Level 1,Pending,ReliefWeb disaster archive ep-2017-000077-nga (D43154) enumerated via curl with browser User-Agent; landing-page body text extracted,English,1,,ReliefWeb disaster archive ep-2017-000077-nga (D43154) enumerated via curl with browser User-Agent; landing-page body text extracted,AI
317,"Borno State cholera outbreak situation report, 2018-03-08 (Daily Situation Report of Cholera Outbreak in Borno State No)",https://reliefweb.int/report/nigeria/daily-situation-report-cholera-outbreak-borno-state-no-1-8-march-2018,Borno State (Nigeria) cholera outbreak situation report; cumulative state total and full LGA table as at 2018-03-08.,2018-02-13 to 2018-03-08,State-level cholera outbreak situation report (cumulative state total + LGA table),Active,Level 1,Pending,ReliefWeb disaster archive ep-2017-000077-nga (D43154) enumerated via curl with browser User-Agent; landing-page body text extracted,English,1,,ReliefWeb disaster archive ep-2017-000077-nga (D43154) enumerated via curl with browser User-Agent; landing-page body text extracted,AI
318,"Borno State cholera outbreak situation report, 2018-03-25 (Daily Situation Report of Cholera Outbreak in Borno State No)",https://reliefweb.int/report/nigeria/daily-situation-report-cholera-outbreak-borno-state-no-7-25-march-2018,Borno State (Nigeria) cholera outbreak situation report; cumulative state total and full LGA table as at 2018-03-25.,2018-02-13 to 2018-03-25,State-level cholera outbreak situation report (cumulative state total + LGA table),Active,Level 1,Pending,ReliefWeb disaster archive ep-2017-000077-nga (D43154) enumerated via curl with browser User-Agent; landing-page body text extracted,English,1,,ReliefWeb disaster archive ep-2017-000077-nga (D43154) enumerated via curl with browser User-Agent; landing-page body text extracted,AI
319,"Borno State cholera outbreak situation report, 2018-04-17 (Daily Situation Report of Cholera Outbreak in Borno State No)",https://reliefweb.int/report/nigeria/daily-situation-report-cholera-outbreak-borno-state-no-10-17-april-2018,Borno State (Nigeria) cholera outbreak situation report; cumulative state total and full LGA table as at 2018-04-17.,2018-02-13 to 2018-04-17,State-level cholera outbreak situation report (cumulative state total + LGA table),Active,Level 1,Pending,ReliefWeb disaster archive ep-2017-000077-nga (D43154) enumerated via curl with browser User-Agent; landing-page body text extracted,English,1,,ReliefWeb disaster archive ep-2017-000077-nga (D43154) enumerated via curl with browser User-Agent; landing-page body text extracted,AI
320,"Borno State cholera outbreak situation report, 2018-09-09 (Situation Report of Cholera Outbreak in Borno State No. 4: 9)",https://reliefweb.int/report/nigeria/situation-report-cholera-outbreak-borno-state-no-4-9-september-2018,Borno State (Nigeria) cholera outbreak situation report; cumulative state total and full LGA table as at 2018-09-09.,2018-01-01 to 2018-09-09,State-level cholera outbreak situation report (cumulative state total + LGA table),Active,Level 1,Pending,ReliefWeb disaster archive ep-2017-000077-nga (D43154) enumerated via curl with browser User-Agent; landing-page body text extracted,English,1,,ReliefWeb disaster archive ep-2017-000077-nga (D43154) enumerated via curl with browser User-Agent; landing-page body text extracted,AI
321,"Borno State cholera outbreak situation report, 2018-09-16 (Situation Report of Cholera Outbreak in Borno State No. 9: 1)",https://reliefweb.int/report/nigeria/situation-report-cholera-outbreak-borno-state-no-9-16-september-2018,Borno State (Nigeria) cholera outbreak situation report; cumulative state total and full LGA table as at 2018-09-16.,2018-01-01 to 2018-09-16,State-level cholera outbreak situation report (cumulative state total + LGA table),Active,Level 1,Pending,ReliefWeb disaster archive ep-2017-000077-nga (D43154) enumerated via curl with browser User-Agent; landing-page body text extracted,English,1,,ReliefWeb disaster archive ep-2017-000077-nga (D43154) enumerated via curl with browser User-Agent; landing-page body text extracted,AI
322,"Borno State cholera outbreak situation report, 2018-09-23 (Situation Report of Cholera Outbreak in Borno State No. 18:)",https://reliefweb.int/report/nigeria/situation-report-cholera-outbreak-borno-state-no-18-23-september-2018,Borno State (Nigeria) cholera outbreak situation report; cumulative state total and full LGA table as at 2018-09-23.,2018-01-01 to 2018-09-23,State-level cholera outbreak situation report (cumulative state total + LGA table),Active,Level 1,Pending,ReliefWeb disaster archive ep-2017-000077-nga (D43154) enumerated via curl with browser User-Agent; landing-page body text extracted,English,1,,ReliefWeb disaster archive ep-2017-000077-nga (D43154) enumerated via curl with browser User-Agent; landing-page body text extracted,AI
323,"Borno State cholera outbreak situation report, 2018-09-30 (Situation Report of Cholera Outbreak in Borno State No. 25:)",https://reliefweb.int/report/nigeria/situation-report-cholera-outbreak-borno-state-no-25-30-september-2018,Borno State (Nigeria) cholera outbreak situation report; cumulative state total and full LGA table as at 2018-09-30.,2018-01-01 to 2018-09-30,State-level cholera outbreak situation report (cumulative state total + LGA table),Active,Level 1,Pending,ReliefWeb disaster archive ep-2017-000077-nga (D43154) enumerated via curl with browser User-Agent; landing-page body text extracted,English,1,,ReliefWeb disaster archive ep-2017-000077-nga (D43154) enumerated via curl with browser User-Agent; landing-page body text extracted,AI
324,"Borno State cholera outbreak situation report, 2018-10-08 (Situation Report of Cholera Outbreak in Borno State No. 33:)",https://reliefweb.int/report/nigeria/situation-report-cholera-outbreak-borno-state-no-33-8-october-2018,Borno State (Nigeria) cholera outbreak situation report; cumulative state total and full LGA table as at 2018-10-08.,2018-01-01 to 2018-10-08,State-level cholera outbreak situation report (cumulative state total + LGA table),Active,Level 1,Pending,ReliefWeb disaster archive ep-2017-000077-nga (D43154) enumerated via curl with browser User-Agent; landing-page body text extracted,English,1,,ReliefWeb disaster archive ep-2017-000077-nga (D43154) enumerated via curl with browser User-Agent; landing-page body text extracted,AI
325,"Borno State cholera outbreak situation report, 2018-10-15 (Situation Report of Cholera Outbreak in Borno State No. 40:)",https://reliefweb.int/report/nigeria/situation-report-cholera-outbreak-borno-state-no-40-15-october-2018,Borno State (Nigeria) cholera outbreak situation report; cumulative state total and full LGA table as at 2018-10-15.,2018-01-01 to 2018-10-15,State-level cholera outbreak situation report (cumulative state total + LGA table),Active,Level 1,Pending,ReliefWeb disaster archive ep-2017-000077-nga (D43154) enumerated via curl with browser User-Agent; landing-page body text extracted,English,1,,ReliefWeb disaster archive ep-2017-000077-nga (D43154) enumerated via curl with browser User-Agent; landing-page body text extracted,AI
326,"Borno State cholera outbreak situation report, 2018-10-22 (Situation Report of Cholera Outbreak in Borno State No. 47:)",https://reliefweb.int/report/nigeria/situation-report-cholera-outbreak-borno-state-no-47-22-october-2018,Borno State (Nigeria) cholera outbreak situation report; cumulative state total and full LGA table as at 2018-10-22.,2018-01-01 to 2018-10-22,State-level cholera outbreak situation report (cumulative state total + LGA table),Active,Level 1,Pending,ReliefWeb disaster archive ep-2017-000077-nga (D43154) enumerated via curl with browser User-Agent; landing-page body text extracted,English,1,,ReliefWeb disaster archive ep-2017-000077-nga (D43154) enumerated via curl with browser User-Agent; landing-page body text extracted,AI
327,"Borno State cholera outbreak situation report, 2018-11-05 (Situation Report of Cholera Outbreak in Borno State No. 61:)",https://reliefweb.int/report/nigeria/situation-report-cholera-outbreak-borno-state-no-61-5-november-2018,Borno State (Nigeria) cholera outbreak situation report; cumulative state total and full LGA table as at 2018-11-05.,2018-01-01 to 2018-11-05,State-level cholera outbreak situation report (cumulative state total + LGA table),Active,Level 1,Pending,ReliefWeb disaster archive ep-2017-000077-nga (D43154) enumerated via curl with browser User-Agent; landing-page body text extracted,English,1,,ReliefWeb disaster archive ep-2017-000077-nga (D43154) enumerated via curl with browser User-Agent; landing-page body text extracted,AI
328,"Borno State cholera outbreak situation report, 2018-11-17 (Situation Report of Cholera Outbreak in Borno State No. 73:)",https://reliefweb.int/report/nigeria/situation-report-cholera-outbreak-borno-state-no-73-17-november-2018,Borno State (Nigeria) cholera outbreak situation report; cumulative state total and full LGA table as at 2018-11-17.,2018-01-01 to 2018-11-17,State-level cholera outbreak situation report (cumulative state total + LGA table),Active,Level 1,Pending,ReliefWeb disaster archive ep-2017-000077-nga (D43154) enumerated via curl with browser User-Agent; landing-page body text extracted,English,1,,ReliefWeb disaster archive ep-2017-000077-nga (D43154) enumerated via curl with browser User-Agent; landing-page body text extracted,AI
329,"Borno State cholera outbreak situation report, 2018-12-02 (Situation Report of Cholera Outbreak in Borno State No. 81:)",https://reliefweb.int/report/nigeria/situation-report-cholera-outbreak-borno-state-no-81-26-november-2-december-2018,Borno State (Nigeria) cholera outbreak situation report; cumulative state total and full LGA table as at 2018-12-02.,2018-01-01 to 2018-12-02,State-level cholera outbreak situation report (cumulative state total + LGA table),Active,Level 1,Pending,ReliefWeb disaster archive ep-2017-000077-nga (D43154) enumerated via curl with browser User-Agent; landing-page body text extracted,English,1,,ReliefWeb disaster archive ep-2017-000077-nga (D43154) enumerated via curl with browser User-Agent; landing-page body text extracted,AI
330,"Yobe State cholera outbreak situation report, 2018-04-16 (Yobe State Cholera Outbreak Situation Report No. 17: 16 Apri)",https://reliefweb.int/report/nigeria/yobe-state-cholera-outbreak-situation-report-no-17-16-april-2018,Yobe State (Nigeria) cholera outbreak situation report; cumulative state total and full LGA table as at 2018-04-16.,2018-01-01 to 2018-04-16,State-level cholera outbreak situation report (cumulative state total + LGA table),Active,Level 1,Pending,ReliefWeb disaster archive ep-2017-000077-nga (D43154) enumerated via curl with browser User-Agent; landing-page body text extracted,English,1,,ReliefWeb disaster archive ep-2017-000077-nga (D43154) enumerated via curl with browser User-Agent; landing-page body text extracted,AI
331,"Yobe State cholera outbreak situation report, 2018-09-21 (Yobe State Cholera Outbreak Situation Report No. 2: 21 Septe)",https://reliefweb.int/report/nigeria/yobe-state-cholera-outbreak-situation-report-no-2-21-september-2018,Yobe State (Nigeria) cholera outbreak situation report; cumulative state total and full LGA table as at 2018-09-21.,2018-01-01 to 2018-09-21,State-level cholera outbreak situation report (cumulative state total + LGA table),Active,Level 1,Pending,ReliefWeb disaster archive ep-2017-000077-nga (D43154) enumerated via curl with browser User-Agent; landing-page body text extracted,English,1,,ReliefWeb disaster archive ep-2017-000077-nga (D43154) enumerated via curl with browser User-Agent; landing-page body text extracted,AI
332,"Yobe State cholera outbreak situation report, 2018-09-28 (Yobe State Cholera Outbreak Situation Report No. 9: 28 Septe)",https://reliefweb.int/report/nigeria/yobe-state-cholera-outbreak-situation-report-no-9-28-september-2018,Yobe State (Nigeria) cholera outbreak situation report; cumulative state total and full LGA table as at 2018-09-28.,2018-01-01 to 2018-09-28,State-level cholera outbreak situation report (cumulative state total + LGA table),Active,Level 1,Pending,ReliefWeb disaster archive ep-2017-000077-nga (D43154) enumerated via curl with browser User-Agent; landing-page body text extracted,English,1,,ReliefWeb disaster archive ep-2017-000077-nga (D43154) enumerated via curl with browser User-Agent; landing-page body text extracted,AI
333,"Yobe State cholera outbreak situation report, 2018-10-05 (Yobe State Cholera Outbreak Situation Report No. 16: 5 Octob)",https://reliefweb.int/report/nigeria/yobe-state-cholera-outbreak-situation-report-no-16-5-october-2018,Yobe State (Nigeria) cholera outbreak situation report; cumulative state total and full LGA table as at 2018-10-05.,2018-01-01 to 2018-10-05,State-level cholera outbreak situation report (cumulative state total + LGA table),Active,Level 1,Pending,ReliefWeb disaster archive ep-2017-000077-nga (D43154) enumerated via curl with browser User-Agent; landing-page body text extracted,English,1,,ReliefWeb disaster archive ep-2017-000077-nga (D43154) enumerated via curl with browser User-Agent; landing-page body text extracted,AI
334,"Yobe State cholera outbreak situation report, 2018-10-11 (Yobe State Cholera Outbreak Situation Report No. 22: 11 Octo)",https://reliefweb.int/report/nigeria/yobe-state-cholera-outbreak-situation-report-no-22-11-october-2018,Yobe State (Nigeria) cholera outbreak situation report; cumulative state total and full LGA table as at 2018-10-11.,2018-01-01 to 2018-10-11,State-level cholera outbreak situation report (cumulative state total + LGA table),Active,Level 1,Pending,ReliefWeb disaster archive ep-2017-000077-nga (D43154) enumerated via curl with browser User-Agent; landing-page body text extracted,English,1,,ReliefWeb disaster archive ep-2017-000077-nga (D43154) enumerated via curl with browser User-Agent; landing-page body text extracted,AI
335,"Yobe State cholera outbreak situation report, 2018-10-22 (Yobe State Cholera Outbreak Situation Report No. 33: 22 Octo)",https://reliefweb.int/report/nigeria/yobe-state-cholera-outbreak-situation-report-no-33-22-october-2018,Yobe State (Nigeria) cholera outbreak situation report; cumulative state total and full LGA table as at 2018-10-22.,2018-01-01 to 2018-10-22,State-level cholera outbreak situation report (cumulative state total + LGA table),Active,Level 1,Pending,ReliefWeb disaster archive ep-2017-000077-nga (D43154) enumerated via curl with browser User-Agent; landing-page body text extracted,English,1,,ReliefWeb disaster archive ep-2017-000077-nga (D43154) enumerated via curl with browser User-Agent; landing-page body text extracted,AI
336,"Yobe State cholera outbreak situation report, 2018-10-29 (Yobe State Cholera Outbreak Situation Report No. 40: 29 Octo)",https://reliefweb.int/report/nigeria/yobe-state-cholera-outbreak-situation-report-no-40-29-october-2018,Yobe State (Nigeria) cholera outbreak situation report; cumulative state total and full LGA table as at 2018-10-29.,2018-01-01 to 2018-10-29,State-level cholera outbreak situation report (cumulative state total + LGA table),Active,Level 1,Pending,ReliefWeb disaster archive ep-2017-000077-nga (D43154) enumerated via curl with browser User-Agent; landing-page body text extracted,English,1,,ReliefWeb disaster archive ep-2017-000077-nga (D43154) enumerated via curl with browser User-Agent; landing-page body text extracted,AI
337,"Yobe State cholera outbreak situation report, 2018-11-05 (Yobe State Cholera Outbreak Situation Report No. 47: 5 Novem)",https://reliefweb.int/report/nigeria/yobe-state-cholera-outbreak-situation-report-no-47-5-november-2018,Yobe State (Nigeria) cholera outbreak situation report; cumulative state total and full LGA table as at 2018-11-05.,2018-01-01 to 2018-11-05,State-level cholera outbreak situation report (cumulative state total + LGA table),Active,Level 1,Pending,ReliefWeb disaster archive ep-2017-000077-nga (D43154) enumerated via curl with browser User-Agent; landing-page body text extracted,English,1,,ReliefWeb disaster archive ep-2017-000077-nga (D43154) enumerated via curl with browser User-Agent; landing-page body text extracted,AI
338,"Yobe State cholera outbreak situation report, 2018-11-12 (Yobe State Cholera Outbreak Situation Report No. 54: 12 Nove)",https://reliefweb.int/report/nigeria/yobe-state-cholera-outbreak-situation-report-no-54-12-november-2018,Yobe State (Nigeria) cholera outbreak situation report; cumulative state total and full LGA table as at 2018-11-12.,2018-01-01 to 2018-11-12,State-level cholera outbreak situation report (cumulative state total + LGA table),Active,Level 1,Pending,ReliefWeb disaster archive ep-2017-000077-nga (D43154) enumerated via curl with browser User-Agent; landing-page body text extracted,English,1,,ReliefWeb disaster archive ep-2017-000077-nga (D43154) enumerated via curl with browser User-Agent; landing-page body text extracted,AI
339,"Yobe State cholera outbreak situation report, 2018-12-02 (Yobe State Cholera Outbreak Situation Report No. 66: 26 Nove)",https://reliefweb.int/report/nigeria/yobe-state-cholera-outbreak-situation-report-no-66-26-november-2-december-2018,Yobe State (Nigeria) cholera outbreak situation report; cumulative state total and full LGA table as at 2018-12-02.,2018-01-01 to 2018-12-02,State-level cholera outbreak situation report (cumulative state total + LGA table),Active,Level 1,Pending,ReliefWeb disaster archive ep-2017-000077-nga (D43154) enumerated via curl with browser User-Agent; landing-page body text extracted,English,1,,ReliefWeb disaster archive ep-2017-000077-nga (D43154) enumerated via curl with browser User-Agent; landing-page body text extracted,AI
340,"Adamawa State cholera outbreak situation report, 2018-09-23 (Situation Report of Cholera Outbreak in Adamawa State Week 3)",https://reliefweb.int/report/nigeria/situation-report-cholera-outbreak-adamawa-state-week-38-17-23-september-2018,Adamawa State (Nigeria) cholera outbreak situation report; cumulative state total and full LGA table as at 2018-09-23.,2018-01-01 to 2018-09-23,State-level cholera outbreak situation report (cumulative state total + LGA table),Active,Level 1,Pending,ReliefWeb disaster archive ep-2017-000077-nga (D43154) enumerated via curl with browser User-Agent; landing-page body text extracted,English,1,,ReliefWeb disaster archive ep-2017-000077-nga (D43154) enumerated via curl with browser User-Agent; landing-page body text extracted,AI
341,"Adamawa State cholera outbreak situation report, 2018-09-30 (Situation Report of Cholera Outbreak in Adamawa State Week 3)",https://reliefweb.int/report/nigeria/situation-report-cholera-outbreak-adamawa-state-week-39-24-30-september-2018,Adamawa State (Nigeria) cholera outbreak situation report; cumulative state total and full LGA table as at 2018-09-30.,2018-01-01 to 2018-09-30,State-level cholera outbreak situation report (cumulative state total + LGA table),Active,Level 1,Pending,ReliefWeb disaster archive ep-2017-000077-nga (D43154) enumerated via curl with browser User-Agent; landing-page body text extracted,English,1,,ReliefWeb disaster archive ep-2017-000077-nga (D43154) enumerated via curl with browser User-Agent; landing-page body text extracted,AI
342,"Adamawa State cholera outbreak situation report, 2018-10-07 (Situation Report of Cholera Outbreak in Adamawa State Week 4)",https://reliefweb.int/report/nigeria/situation-report-cholera-outbreak-adamawa-state-week-40-1-7-october-2018,Adamawa State (Nigeria) cholera outbreak situation report; cumulative state total and full LGA table as at 2018-10-07.,2018-01-01 to 2018-10-07,State-level cholera outbreak situation report (cumulative state total + LGA table),Active,Level 1,Pending,ReliefWeb disaster archive ep-2017-000077-nga (D43154) enumerated via curl with browser User-Agent; landing-page body text extracted,English,1,,ReliefWeb disaster archive ep-2017-000077-nga (D43154) enumerated via curl with browser User-Agent; landing-page body text extracted,AI
343,"Adamawa State cholera outbreak situation report, 2018-10-21 (Situation Report of Cholera Outbreak in Adamawa State Week 4)",https://reliefweb.int/report/nigeria/situation-report-cholera-outbreak-adamawa-state-week-42-15-21-october-2018,Adamawa State (Nigeria) cholera outbreak situation report; cumulative state total and full LGA table as at 2018-10-21.,2018-01-01 to 2018-10-21,State-level cholera outbreak situation report (cumulative state total + LGA table),Active,Level 1,Pending,ReliefWeb disaster archive ep-2017-000077-nga (D43154) enumerated via curl with browser User-Agent; landing-page body text extracted,English,1,,ReliefWeb disaster archive ep-2017-000077-nga (D43154) enumerated via curl with browser User-Agent; landing-page body text extracted,AI
344,"Adamawa State cholera outbreak situation report, 2018-10-28 (Situation Report of Cholera Outbreak in Adamawa State Week 4)",https://reliefweb.int/report/nigeria/situation-report-cholera-outbreak-adamawa-state-week-43-22-28-october-2018,Adamawa State (Nigeria) cholera outbreak situation report; cumulative state total and full LGA table as at 2018-10-28.,2018-01-01 to 2018-10-28,State-level cholera outbreak situation report (cumulative state total + LGA table),Active,Level 1,Pending,ReliefWeb disaster archive ep-2017-000077-nga (D43154) enumerated via curl with browser User-Agent; landing-page body text extracted,English,1,,ReliefWeb disaster archive ep-2017-000077-nga (D43154) enumerated via curl with browser User-Agent; landing-page body text extracted,AI
345,"Adamawa State cholera outbreak situation report, 2018-11-04 (Situation Report of Cholera Outbreak in Adamawa State Week 4)",https://reliefweb.int/report/nigeria/situation-report-cholera-outbreak-adamawa-state-week-44-29-october-4-november-2018,Adamawa State (Nigeria) cholera outbreak situation report; cumulative state total and full LGA table as at 2018-11-04.,2018-01-01 to 2018-11-04,State-level cholera outbreak situation report (cumulative state total + LGA table),Active,Level 1,Pending,ReliefWeb disaster archive ep-2017-000077-nga (D43154) enumerated via curl with browser User-Agent; landing-page body text extracted,English,1,,ReliefWeb disaster archive ep-2017-000077-nga (D43154) enumerated via curl with browser User-Agent; landing-page body text extracted,AI
346,"Adamawa State cholera outbreak situation report, 2018-11-11 (Situation Report of Cholera Outbreak in Adamawa State Week 4)",https://reliefweb.int/report/nigeria/situation-report-cholera-outbreak-adamawa-state-week-45-5-11-november-2018,Adamawa State (Nigeria) cholera outbreak situation report; cumulative state total and full LGA table as at 2018-11-11.,2018-01-01 to 2018-11-11,State-level cholera outbreak situation report (cumulative state total + LGA table),Active,Level 1,Pending,ReliefWeb disaster archive ep-2017-000077-nga (D43154) enumerated via curl with browser User-Agent; landing-page body text extracted,English,1,,ReliefWeb disaster archive ep-2017-000077-nga (D43154) enumerated via curl with browser User-Agent; landing-page body text extracted,AI
347,"Adamawa State cholera outbreak situation report, 2019-07-31 (Adamawa State Situation Report of Cholera Outbreak No 20: 31)",https://reliefweb.int/report/nigeria/adamawa-state-situation-report-cholera-outbreak-no-20-31-st-july-2019,Adamawa State (Nigeria) cholera outbreak situation report; cumulative state total and full LGA table as at 2019-07-31.,2019-06-18 to 2019-07-31,State-level cholera outbreak situation report (cumulative state total + LGA table),Active,Level 1,Pending,ReliefWeb disaster archive ep-2017-000077-nga (D43154) enumerated via curl with browser User-Agent; landing-page body text extracted,English,1,,ReliefWeb disaster archive ep-2017-000077-nga (D43154) enumerated via curl with browser User-Agent; landing-page body text extracted,AI
348,"Adamawa State cholera outbreak situation report, 2019-08-07 (Adamawa State Situation Report of Cholera Outbreak No 23: 7t)",https://reliefweb.int/report/nigeria/adamawa-state-situation-report-cholera-outbreak-no-23-7th-august-2019,Adamawa State (Nigeria) cholera outbreak situation report; cumulative state total and full LGA table as at 2019-08-07.,2019-06-18 to 2019-08-07,State-level cholera outbreak situation report (cumulative state total + LGA table),Active,Level 1,Pending,ReliefWeb disaster archive ep-2017-000077-nga (D43154) enumerated via curl with browser User-Agent; landing-page body text extracted,English,1,,ReliefWeb disaster archive ep-2017-000077-nga (D43154) enumerated via curl with browser User-Agent; landing-page body text extracted,AI
349,"Adamawa State cholera outbreak situation report, 2019-08-14 (Adamawa State Situation Report of Cholera Outbreak No 25: 14)",https://reliefweb.int/report/nigeria/adamawa-state-situation-report-cholera-outbreak-no-25-14th-august-2019,Adamawa State (Nigeria) cholera outbreak situation report; cumulative state total and full LGA table as at 2019-08-14.,2019-06-18 to 2019-08-14,State-level cholera outbreak situation report (cumulative state total + LGA table),Active,Level 1,Pending,ReliefWeb disaster archive ep-2017-000077-nga (D43154) enumerated via curl with browser User-Agent; landing-page body text extracted,English,1,,ReliefWeb disaster archive ep-2017-000077-nga (D43154) enumerated via curl with browser User-Agent; landing-page body text extracted,AI
350,"Adamawa State cholera outbreak situation report, 2019-09-02 (Adamawa State Situation Report of Cholera Outbreak No 34: 2n)",https://reliefweb.int/report/nigeria/adamawa-state-situation-report-cholera-outbreak-no-34-2nd-september-2019,Adamawa State (Nigeria) cholera outbreak situation report; cumulative state total and full LGA table as at 2019-09-02.,2019-06-18 to 2019-09-02,State-level cholera outbreak situation report (cumulative state total + LGA table),Active,Level 1,Pending,ReliefWeb disaster archive ep-2017-000077-nga (D43154) enumerated via curl with browser User-Agent; landing-page body text extracted,English,1,,ReliefWeb disaster archive ep-2017-000077-nga (D43154) enumerated via curl with browser User-Agent; landing-page body text extracted,AI
351,"Adamawa State cholera outbreak situation report, 2019-09-09 (Adamawa State Situation Report of Cholera Outbreak - Week No)",https://reliefweb.int/report/nigeria/adamawa-state-situation-report-cholera-outbreak-week-no-37-9th-september-2019,Adamawa State (Nigeria) cholera outbreak situation report; cumulative state total and full LGA table as at 2019-09-09.,2019-06-18 to 2019-09-09,State-level cholera outbreak situation report (cumulative state total + LGA table),Active,Level 1,Pending,ReliefWeb disaster archive ep-2017-000077-nga (D43154) enumerated via curl with browser User-Agent; landing-page body text extracted,English,1,,ReliefWeb disaster archive ep-2017-000077-nga (D43154) enumerated via curl with browser User-Agent; landing-page body text extracted,AI
352,"Adamawa State cholera outbreak situation report, 2019-09-17 (Adamawa State Situation Report of Cholera Outbreak - Week No)",https://reliefweb.int/report/nigeria/adamawa-state-situation-report-cholera-outbreak-week-no-46-17th-september-2019,Adamawa State (Nigeria) cholera outbreak situation report; cumulative state total and full LGA table as at 2019-09-17.,2019-06-18 to 2019-09-17,State-level cholera outbreak situation report (cumulative state total + LGA table),Active,Level 1,Pending,ReliefWeb disaster archive ep-2017-000077-nga (D43154) enumerated via curl with browser User-Agent; landing-page body text extracted,English,1,,ReliefWeb disaster archive ep-2017-000077-nga (D43154) enumerated via curl with browser User-Agent; landing-page body text extracted,AI
353,"Adamawa State cholera outbreak situation report, 2019-10-04 (Adamawa State Situation Report of Cholera Outbreak - Week No)",https://reliefweb.int/report/nigeria/adamawa-state-situation-report-cholera-outbreak-week-no-59-4th-october-2019,Adamawa State (Nigeria) cholera outbreak situation report; cumulative state total and full LGA table as at 2019-10-04.,2019-06-18 to 2019-10-04,State-level cholera outbreak situation report (cumulative state total + LGA table),Active,Level 1,Pending,ReliefWeb disaster archive ep-2017-000077-nga (D43154) enumerated via curl with browser User-Agent; landing-page body text extracted,English,1,,ReliefWeb disaster archive ep-2017-000077-nga (D43154) enumerated via curl with browser User-Agent; landing-page body text extracted,AI
354,"Adamawa State cholera outbreak situation report, 2019-10-18 (Adamawa State Situation Report of Cholera Outbreak - Week No)",https://reliefweb.int/report/nigeria/adamawa-state-situation-report-cholera-outbreak-week-no-61-18th-october-2019,Adamawa State (Nigeria) cholera outbreak situation report; cumulative state total and full LGA table as at 2019-10-18.,2019-06-18 to 2019-10-18,State-level cholera outbreak situation report (cumulative state total + LGA table),Active,Level 1,Pending,ReliefWeb disaster archive ep-2017-000077-nga (D43154) enumerated via curl with browser User-Agent; landing-page body text extracted,English,1,,ReliefWeb disaster archive ep-2017-000077-nga (D43154) enumerated via curl with browser User-Agent; landing-page body text extracted,AI
355,"Adamawa State cholera outbreak situation report, 2019-11-08 (Adamawa State Situation Report of Cholera Outbreak - Week No)",https://reliefweb.int/report/nigeria/adamawa-state-situation-report-cholera-outbreak-week-no-64-8th-november-2019,Adamawa State (Nigeria) cholera outbreak situation report; cumulative state total and full LGA table as at 2019-11-08.,2019-06-18 to 2019-11-08,State-level cholera outbreak situation report (cumulative state total + LGA table),Active,Level 1,Pending,ReliefWeb disaster archive ep-2017-000077-nga (D43154) enumerated via curl with browser User-Agent; landing-page body text extracted,English,1,,ReliefWeb disaster archive ep-2017-000077-nga (D43154) enumerated via curl with browser User-Agent; landing-page body text extracted,AI
356,"Adamawa State cholera outbreak situation report, 2019-11-27 (Adamawa State Situation Report of Cholera Outbreak - Week No)",https://reliefweb.int/report/nigeria/adamawa-state-situation-report-cholera-outbreak-week-no-66-27th-november-2019,Adamawa State (Nigeria) cholera outbreak situation report; cumulative state total and full LGA table as at 2019-11-27.,2019-06-18 to 2019-11-27,State-level cholera outbreak situation report (cumulative state total + LGA table),Active,Level 1,Pending,ReliefWeb disaster archive ep-2017-000077-nga (D43154) enumerated via curl with browser User-Agent; landing-page body text extracted,English,1,,ReliefWeb disaster archive ep-2017-000077-nga (D43154) enumerated via curl with browser User-Agent; landing-page body text extracted,AI
357,"Ohanu et al. 2025, Cholera in Nigeria: a review of outbreaks, trends, contributing factors and public health responses (PMC11770646)",https://pmc.ncbi.nlm.nih.gov/articles/PMC11770646/,"Peer-reviewed narrative review carrying full state-level decompositions for the 2023 (epi week 52) and 2024 (epi week 25, to 23 June) NCDC cholera datasets, plus state figures for 2011 Plateau and Osun, 2015 Ebonyi and 2017 Borno",1991-01-01 to 2024-06-23,Peer-reviewed review with state-level and LGA-level case decompositions,Active,Level 1,Pending,WebSearch: Bayelsa cholera 2026 cases deaths outbreak Nigeria; full text retrieved via Europe PMC REST fullTextXML (PMC blocked by reCAPTCHA),English,2,,WebSearch: Bayelsa cholera 2026 cases deaths outbreak Nigeria; full text retrieved via Europe PMC REST fullTextXML (PMC blocked by reCAPTCHA),AI
358,"Elimian et al. 2022 BMJ Open: Epidemiology, diagnostics and factors associated with mortality during a cholera epidemic in Nigeria, October 2020-October 2021 (PMC9486350) Table 3",https://pmc.ncbi.nlm.nih.gov/articles/PMC9486350/,"Retrospective analysis of NCDC national cholera surveillance data for 12 Oct 2020 - 25 Oct 2021. Table 3 gives a complete 33-state-plus-FCT decomposition of cases and deaths that sums exactly to the published national total of 93,598 cases and 3,298 deaths.",2020-10-12 to 2021-10-25,Peer-reviewed analysis of national surveillance line list with complete state-level case and death table,Active,Level 1,Pending,WebSearch: NCDC cholera 2020 Nigeria states suspected cases deaths epi week 53 situation report breakdown; full text via Europe PMC REST fullTextXML,English,1,,WebSearch: NCDC cholera 2020 Nigeria states suspected cases deaths epi week 53 situation report breakdown; full text via Europe PMC REST fullTextXML,AI
359,"Charnley et al. 2022 sub-national cholera dataset for Nigeria (GitHub GinaCharnley/cholera_data_drc_nga, NGA-Table 1.csv)",https://raw.githubusercontent.com/GinaCharnley/cholera_data_drc_nga/main/Cholera%20data%2C%20DRC%20%26%20NGA/NGA-Table%201.csv,"CANONICAL REGISTRATION of the Charnley sub-national cholera dataset for Nigeria; metadata 58 and metadata 413 are duplicate registrations of the IDENTICAL file, verified 2026-09-22 by byte comparison of the two raw.githubusercontent mirrors (sha256 901c3657326536d5705de8251402b88d, 183,422 bytes, 1,354 data rows). The dedupe was defeated because the same file is mirrored under two GitHub repository names, GinaCharnley/cholera_data_drc_nga and GinaCharnley/Cholera-data-DRC-NGA-BMCInfectDis. 389 data rows in this country cite the dataset across the three entries (359: 284, 58: 100, 413: 5). CROSS-VALIDATION WARNING: those three entries are one source, not three, and must never be treated as mutual corroboration. Citation verified against NCBI eutils esummary for PMC8966316: Charnley GEC, Kelman I, Gaythorpe KAM, Murray KA. 'Accessing sub-national cholera epidemiological data for Nigeria and the Democratic Republic of Congo during the seventh pandemic.' BMC Infectious Diseases, 26 March 2022, doi 10.1186/s12879-022-07266-w. CONTENT: curated state- and LGA-level Nigerian cholera dataset, 1,354 rows, 1971-2021, each row carrying its own primary reference (WHO DON, ProMED, WHO AFRO bulletin, UNICEF cholera platform regional updates, NCDC weekly epidemiological reports, peer-reviewed outbreak investigations). URL re-fetched and confirmed live 2026-09-22.",1971-03-01 to 2021-01-20,Curated sub-national case and death dataset with per-row primary-source citations,Active,Level 2,Pending,"Data availability statement of PMC8966316, found via WebSearch: NCDC cholera 2020 Nigeria states suspected cases deaths; GitHub API tree listing then raw.githubusercontent download",English,2,PMC8966316; per-row primary references retained in processing_notes,"Data availability statement of PMC8966316, found via WebSearch: NCDC cholera 2020 Nigeria states suspected cases deaths; GitHub API tree listing then raw.githubusercontent download",AI
360,Nigeria: Adamawa State Weekly Cholera Outbreak Situation Report No. 01 as of 4 September 2022,https://reliefweb.int/report/nigeria/nigeria-adamawa-states-weekly-cholera-outbreak-situation-report-no-01-4th-september-2022,Adamawa State Ministry of Health weekly cholera outbreak situation report; state cumulative as at 2022-09-04 for the Guyuk/Shelleng outbreak that began 15 August 2022,2022-08-15 to 2022-09-04,State-level cholera outbreak situation report,Active,Level 1,Pending,"ReliefWeb site search for ""cholera"" ""Yobe State"" situation report / Adamawa cholera situation report 2022, via curl with a browser User-Agent",English,1,,"ReliefWeb site search for ""cholera"" ""Yobe State"" situation report / Adamawa cholera situation report 2022, via curl with a browser User-Agent",AI
361,"Nigeria: Adamawa State Weekly Cholera Outbreak Situation Report No. 02, 4-10 September 2022",https://reliefweb.int/report/nigeria/nigeria-adamawa-states-weekly-cholera-outbreak-situation-report-no-02-period-reporting-4th-10th-september-2022,Adamawa State Ministry of Health weekly cholera outbreak situation report; state cumulative as at 2022-09-10 for the Guyuk/Shelleng outbreak that began 15 August 2022,2022-08-15 to 2022-09-10,State-level cholera outbreak situation report,Active,Level 1,Pending,"ReliefWeb site search for ""cholera"" ""Yobe State"" situation report / Adamawa cholera situation report 2022, via curl with a browser User-Agent",English,1,,"ReliefWeb site search for ""cholera"" ""Yobe State"" situation report / Adamawa cholera situation report 2022, via curl with a browser User-Agent",AI
362,"Nigeria: Adamawa State Weekly Cholera Outbreak Situation Report No. 03, 10-17 September 2022",https://reliefweb.int/report/nigeria/nigeria-adamawa-states-weekly-cholera-outbreak-situation-report-no-03-period-reporting-10th-17th-september-2022,Adamawa State Ministry of Health weekly cholera outbreak situation report; state cumulative as at 2022-09-17 for the Guyuk/Shelleng outbreak that began 15 August 2022,2022-08-15 to 2022-09-17,State-level cholera outbreak situation report,Active,Level 1,Pending,"ReliefWeb site search for ""cholera"" ""Yobe State"" situation report / Adamawa cholera situation report 2022, via curl with a browser User-Agent",English,1,,"ReliefWeb site search for ""cholera"" ""Yobe State"" situation report / Adamawa cholera situation report 2022, via curl with a browser User-Agent",AI
363,"Nigeria: Adamawa State Weekly Cholera Outbreak Situation Report No. 05, 24 September - 1 October 2022",https://reliefweb.int/report/nigeria/nigeria-adamawa-states-weekly-cholera-outbreak-situation-report-no-05-period-reporting-24th-september-1st-october-2022,Adamawa State Ministry of Health weekly cholera outbreak situation report; state cumulative as at 2022-10-01 for the Guyuk/Shelleng outbreak that began 15 August 2022,2022-08-15 to 2022-10-01,State-level cholera outbreak situation report,Active,Level 1,Pending,"ReliefWeb site search for ""cholera"" ""Yobe State"" situation report / Adamawa cholera situation report 2022, via curl with a browser User-Agent",English,1,,"ReliefWeb site search for ""cholera"" ""Yobe State"" situation report / Adamawa cholera situation report 2022, via curl with a browser User-Agent",AI
364,"NCDC Cholera Situation Report, cumulative state table as of 2022-10-02 (NCDC Cholera Situation Report Monthly Epidemiological Report 08 Epi We)",https://reliefweb.int/report/nigeria/ncdc-cholera-situation-report-monthly-epidemiological-report-08-epi-week-36-39-5-september-2-october-2022,Nigeria Centre for Disease Control cholera situation report; the Cumulative Epi-Summary section prints the national total and a named state-by-state cumulative list as of 2022-10-02,2022-01-01 to 2022-10-02,National public health institute situation report with a dated cumulative state table,Active,Level 1,Pending,"ReliefWeb site search for ""NCDC Cholera Situation Report"" via curl with a browser User-Agent; state list read from the report landing-page body text",English,1,,"ReliefWeb site search for ""NCDC Cholera Situation Report"" via curl with a browser User-Agent; state list read from the report landing-page body text",AI
365,"NCDC Cholera Situation Report, cumulative state table as of 2023-03-05 (NCDC Cholera Situation Report Monthly Epidemiological Report 02 Epi We)",https://reliefweb.int/report/nigeria/ncdc-cholera-situation-report-monthly-epidemiological-report-02-epi-week-5-9-30-january-5-march-2023,Nigeria Centre for Disease Control cholera situation report; the Cumulative Epi-Summary section prints the national total and a named state-by-state cumulative list as of 2023-03-05,2023-01-01 to 2023-03-05,National public health institute situation report with a dated cumulative state table,Active,Level 1,Pending,"ReliefWeb site search for ""NCDC Cholera Situation Report"" via curl with a browser User-Agent; state list read from the report landing-page body text",English,1,,"ReliefWeb site search for ""NCDC Cholera Situation Report"" via curl with a browser User-Agent; state list read from the report landing-page body text",AI
366,"NCDC Cholera Situation Report, cumulative state table as of 2023-05-28 (NCDC Cholera Situation Report Monthly Epidemiological Report 05 Epi We)",https://reliefweb.int/report/nigeria/ncdc-cholera-situation-report-monthly-epidemiological-report-05-epi-week-18-21-01-may-28-may-2023,Nigeria Centre for Disease Control cholera situation report; the Cumulative Epi-Summary section prints the national total and a named state-by-state cumulative list as of 2023-05-28,2023-01-01 to 2023-05-28,National public health institute situation report with a dated cumulative state table,Active,Level 1,Pending,"ReliefWeb site search for ""NCDC Cholera Situation Report"" via curl with a browser User-Agent; state list read from the report landing-page body text",English,1,,"ReliefWeb site search for ""NCDC Cholera Situation Report"" via curl with a browser User-Agent; state list read from the report landing-page body text",AI
367,"NCDC Cholera Situation Report, cumulative state table as of 2023-07-30 (NCDC Cholera Situation Report Monthly Epidemiological Report 07 Epi We)",https://reliefweb.int/report/nigeria/ncdc-cholera-situation-report-monthly-epidemiological-report-07-epi-week-27-30-03-july-2023-30-july-2023,Nigeria Centre for Disease Control cholera situation report; the Cumulative Epi-Summary section prints the national total and a named state-by-state cumulative list as of 2023-07-30,2023-01-01 to 2023-07-30,National public health institute situation report with a dated cumulative state table,Active,Level 1,Pending,"ReliefWeb site search for ""NCDC Cholera Situation Report"" via curl with a browser User-Agent; state list read from the report landing-page body text",English,1,,"ReliefWeb site search for ""NCDC Cholera Situation Report"" via curl with a browser User-Agent; state list read from the report landing-page body text",AI
368,"NCDC Cholera Situation Report, cumulative state table as of 2023-10-01 (NCDC Cholera Situation Report Monthly Epidemiological Report 09 Epi We)",https://reliefweb.int/report/nigeria/ncdc-cholera-situation-report-monthly-epidemiological-report-09-epi-week-35-39-28-august-2023-01-october-2023,Nigeria Centre for Disease Control cholera situation report; the Cumulative Epi-Summary section prints the national total and a named state-by-state cumulative list as of 2023-10-01,2023-01-01 to 2023-10-01,National public health institute situation report with a dated cumulative state table,Active,Level 1,Pending,"ReliefWeb site search for ""NCDC Cholera Situation Report"" via curl with a browser User-Agent; state list read from the report landing-page body text",English,1,,"ReliefWeb site search for ""NCDC Cholera Situation Report"" via curl with a browser User-Agent; state list read from the report landing-page body text",AI
369,"NCDC Cholera Situation Report, cumulative state table as of 2024-01-28 (NCDC Cholera Situation Report Monthly Epidemiological Report 1 Epi Wee)",https://reliefweb.int/report/nigeria/ncdc-cholera-situation-report-monthly-epidemiological-report-1-epi-week-1-4-01-january-2024-28-january-2024,Nigeria Centre for Disease Control cholera situation report; the Cumulative Epi-Summary section prints the national total and a named state-by-state cumulative list as of 2024-01-28,2024-01-01 to 2024-01-28,National public health institute situation report with a dated cumulative state table,Active,Level 1,Pending,"ReliefWeb site search for ""NCDC Cholera Situation Report"" via curl with a browser User-Agent; state list read from the report landing-page body text",English,1,,"ReliefWeb site search for ""NCDC Cholera Situation Report"" via curl with a browser User-Agent; state list read from the report landing-page body text",AI
370,"NCDC Cholera Situation Report, cumulative state table as of 2024-03-24 (NCDC Cholera Situation Report Monthly Epidemiological Report 3 Epi Wee)",https://reliefweb.int/report/nigeria/ncdc-cholera-situation-report-monthly-epidemiological-report-3-epi-week-9-12-26-february-2024-24-march-2024,Nigeria Centre for Disease Control cholera situation report; the Cumulative Epi-Summary section prints the national total and a named state-by-state cumulative list as of 2024-03-24,2024-01-01 to 2024-03-24,National public health institute situation report with a dated cumulative state table,Active,Level 1,Pending,"ReliefWeb site search for ""NCDC Cholera Situation Report"" via curl with a browser User-Agent; state list read from the report landing-page body text",English,1,,"ReliefWeb site search for ""NCDC Cholera Situation Report"" via curl with a browser User-Agent; state list read from the report landing-page body text",AI
371,"NCDC Cholera Situation Report, cumulative state table as of 2024-04-28 (NCDC Cholera Situation Report Monthly Epidemiological Report 4 Epi Wee)",https://reliefweb.int/report/nigeria/ncdc-cholera-situation-report-monthly-epidemiological-report-4-epi-week-13-17-25-march-2024-28-april-2024,Nigeria Centre for Disease Control cholera situation report; the Cumulative Epi-Summary section prints the national total and a named state-by-state cumulative list as of 2024-04-28,2024-01-01 to 2024-04-28,National public health institute situation report with a dated cumulative state table,Active,Level 1,Pending,"ReliefWeb site search for ""NCDC Cholera Situation Report"" via curl with a browser User-Agent; state list read from the report landing-page body text",English,1,,"ReliefWeb site search for ""NCDC Cholera Situation Report"" via curl with a browser User-Agent; state list read from the report landing-page body text",AI
372,"NCDC Cholera Situation Report, cumulative state table as of 2024-06-30 (NCDC Cholera Situation Report Monthly Epidemiological Report 9 Epi wee)",https://reliefweb.int/report/nigeria/ncdc-cholera-situation-report-monthly-epidemiological-report-9-epi-week-26-24-june-2024-30-june-2024,Nigeria Centre for Disease Control cholera situation report; the Cumulative Epi-Summary section prints the national total and a named state-by-state cumulative list as of 2024-06-30,2024-01-01 to 2024-06-30,National public health institute situation report with a dated cumulative state table,Active,Level 1,Pending,"ReliefWeb site search for ""NCDC Cholera Situation Report"" via curl with a browser User-Agent; state list read from the report landing-page body text",English,1,,"ReliefWeb site search for ""NCDC Cholera Situation Report"" via curl with a browser User-Agent; state list read from the report landing-page body text",AI
373,"NCDC Cholera Situation Report, cumulative state table as of 2024-08-25 (NCDC Cholera Situation Report Monthly Epidemiological Report 17 Epi we)",https://reliefweb.int/report/nigeria/ncdc-cholera-situation-report-monthly-epidemiological-report-17-epi-week-34-19-august-2024-25-august-2024,Nigeria Centre for Disease Control cholera situation report; the Cumulative Epi-Summary section prints the national total and a named state-by-state cumulative list as of 2024-08-25,2024-01-01 to 2024-08-25,National public health institute situation report with a dated cumulative state table,Active,Level 1,Pending,"ReliefWeb site search for ""NCDC Cholera Situation Report"" via curl with a browser User-Agent; state list read from the report landing-page body text",English,1,,"ReliefWeb site search for ""NCDC Cholera Situation Report"" via curl with a browser User-Agent; state list read from the report landing-page body text",AI
374,"NCDC Cholera Situation Report, cumulative state table as of 2024-09-01 (NCDC Cholera Situation Report Monthly Epidemiological Report 18 Epi we)",https://reliefweb.int/report/nigeria/ncdc-cholera-situation-report-monthly-epidemiological-report-18-epi-week-35-26-august-2024-01-september-2024,Nigeria Centre for Disease Control cholera situation report; the Cumulative Epi-Summary section prints the national total and a named state-by-state cumulative list as of 2024-09-01,2024-01-01 to 2024-09-01,National public health institute situation report with a dated cumulative state table,Active,Level 1,Pending,"ReliefWeb site search for ""NCDC Cholera Situation Report"" via curl with a browser User-Agent; state list read from the report landing-page body text",English,1,,"ReliefWeb site search for ""NCDC Cholera Situation Report"" via curl with a browser User-Agent; state list read from the report landing-page body text",AI
375,"Borno State Ministry of Health, Cholera Daily Situation Report as of 21 October 2017",https://reliefweb.int/report/nigeria/borno-state-ministry-health-cholera-daily-situation-report-21-october-2017,"Borno State MoH daily cholera sitrep, 21 Oct 2017; prints 'Dikwa, Mafa and MMC LGAs reported zero cases' plus the per-LGA cumulative table",2017-10-21,State MoH daily situation report (LGA table + narrative zero statements),Active,Level 1,Pending,"ReliefWeb disaster archive D43154 landing-page enumeration (curl, browser UA)",en,0,,"ReliefWeb disaster archive D43154 landing-page enumeration (curl, browser UA)",AI
376,"Adamawa State Ministry of Health, Situation Report of Cholera Outbreak Week No 67, 6 December 2019",https://reliefweb.int/report/nigeria/adamawa-state-situation-report-cholera-outbreak-week-no-67-6th-december-2019,"Adamawa State MoH cholera sitrep week 67, 6 Dec 2019; final issue of the 2019 Yola outbreak series, prints the per-LGA cumulative table",2019-12-06,State MoH weekly situation report (LGA cumulative table),Active,Level 1,Pending,"ReliefWeb disaster archive D43154 landing-page enumeration (curl, browser UA)",en,0,,"ReliefWeb disaster archive D43154 landing-page enumeration (curl, browser UA)",AI
377,"NCDC Cholera Situation Report Weekly Epidemiological Report 27, Epi Week 50 2021 (13-19 December 2021)",https://reliefweb.int/report/nigeria/ncdc-cholera-situation-report-weekly-epidemiological-report-27-epi-week-50-13,"NCDC weekly cholera sitrep, epi week 50 of 2021. Carries the cumulative year-to-date enumeration 'Thirty-two states and FCT have reported suspected cholera cases in 2021. These are ...' which excludes Akwa Ibom, Anambra, Edo and Imo",2021-12-13/2021-12-19,National weekly situation report (cumulative year-to-date reporting-state enumeration),Active,Level 1,Pending,ReliefWeb landing-page enumeration of the NCDC cholera sitrep series,en,0,,ReliefWeb landing-page enumeration of the NCDC cholera sitrep series,AI
378,WHO Weekly Epidemiological Record 1973;48(39) - Areas Removed from the Infected Area List between 21 and 27 September 1973,https://iris.who.int/handle/10665/219556,"WER vol 48 no 39. Under CHOLERA, Africa, the Areas Removed from the Infected Area List table names NIGERIA: East-Central State, as a whole state with no division subsetting.",1973-09-21/1973-09-27,IHR infected-area-list removal notification (absence declaration),Active,Level 1,Pending,Systematic scan of WER vols 46-51 for 'Areas Removed from the Infected Area List' sections naming Nigeria,en,0,,Systematic scan of WER vols 46-51 for 'Areas Removed from the Infected Area List' sections naming Nigeria,AI
379,WHO Weekly Epidemiological Record 1972;47(35) - Areas Removed from the Infected Area List between 25 and 31 August 1972,https://iris.who.int/handle/10665/219056,"WER vol 47 no 35. Under CHOLERA / Africa the removal table names GHANA (Central and Greater Accra Regions) and NIGERIA: East-Central State and Lagos State, both as whole states with no division subsetting. Alphabetical order of the country list across the column break confirms the block belongs to the CHOLERA/Africa section.",1972-08-25/1972-08-31,IHR infected-area-list removal notification (absence declaration),Active,Level 1,Pending,Full scan of 266 WER removal tables in vols 46-51 for Nigerian entries,en,0,,Full scan of 266 WER removal tables in vols 46-51 for Nigerian entries,AI
380,WHO Weekly Epidemiological Record 1974;49(9) - Infected Areas as on 28 February 1974 (with the 3 and 31 January 1974 snapshots),https://iris.who.int/handle/10665/219752,"WER vol 49 no 9. The complete IHR infected-area list as on 28 February 1974. Under CHOLERA / Africa the country sequence is MALI, MOZAMBIQUE, NIGERIA, SOUTHERN RHODESIA, UPPER VOLTA, and NIGERIA's entry is 'Western State / Ibadan Province' and nothing else. The immediately preceding complete snapshots of 3 January 1974 (handle 10665/219685) and 31 January 1974 (handle 10665/219718) carry the identical single Nigerian entry, and no Nigerian area was notified as newly infected in any WER issue between them.",1974-01-03/1974-02-28,IHR complete infected-area list (enumeration by exclusion),Active,Level 1,Pending,"Manual reading of the complete Infected Areas as on <date> tables in WER vols 47-51, with the disease column identified by alphabetical country order across the column break",en,0,,"Manual reading of the complete Infected Areas as on <date> tables in WER vols 47-51, with the disease column identified by alphabetical country order across the column break",AI
381,WHO Weekly Epidemiological Record 1975;50(37) - Infected Areas as on 10 September 1975 (chain of six 1975 snapshots),https://iris.who.int/handle/10665/220519,"WHO Weekly Epidemiological Record vol 50 no 37, the complete IHR infected-area list as on 10 September 1975, cited as the closing document of a SEVEN-SNAPSHOT CHAIN that begins on 7 November 1974. Under CHOLERA / Africa each of the snapshots of 7 November 1974 (WER 1974;49(45), handle 10665/220102), 27 February (10665/220250), 24 April (10665/220326), 22 May (10665/220361), 19 June (10665/220408), 14 August (10665/220483) and 10 September 1975 (10665/220519) names for NIGERIA only North-Central State (Katsina Province, Katsina Prov.: Funtua, and from 19 June 1975 also Zaria Province) and Western State (Ibadan Province). The only Nigerian amendment anywhere between 7 November 1974 and 10 September 1975 is the newly-infected entry of 9 January 1975 for North-Central State, a state already infected. Backs Indices 2663-2692.",1975-02-27/1975-09-10,"IHR complete infected-area list (enumeration by exclusion, six-snapshot chain)",Active,Level 1,Pending,"Manual reading of every complete Infected Areas as on <date> table in WER vol 50, plus a full amendment scan of the volume",en,0,,"Manual reading of every complete Infected Areas as on <date> table in WER vol 50, plus a full amendment scan of the volume",AI
382,"Eko FO et al. 1994, Central European Journal of Public Health 2(1):37-41 - vibrio diarrhoeas, lower Cross River basin, 1991 epidemic",https://pubmed.ncbi.nlm.nih.gov/7812244/,"Eko FO, Utsalo SJ. 'Epidemiology and spectrum of vibrio diarrheas in the lower cross river basin of Nigeria.' Cent Eur J Public Health 1994 Jun;2(1):37-41. PMID 7812244. Hospital-based microbiological series covering the 1991 Nigerian cholera epidemic as seen at a single teaching hospital in Cross River State; all stool specimens cultured on TCBS.",1991-01-01 to 1991-12-31,Laboratory surveillance,Active,Level 1,Pending,Europe PMC REST search: (cholera) AND (Nigeria) AND (FIRST_PDATE:[1985-01-01 TO 2005-12-31]),English,1,,Europe PMC REST search: (cholera) AND (Nigeria) AND (FIRST_PDATE:[1985-01-01 TO 2005-12-31]),AI
383,"IFRC Nigeria: Flooding in Kaduna and Northern States; Cholera Control Operations - Information Bulletin, 21 October 2003",https://reliefweb.int/report/nigeria/nigeria-flooding-kaduna-and-northern-states-cholera-control-operations-information,"International Federation of Red Cross and Red Crescent Societies information bulletin on the Nigerian Red Cross Society response to a suspected cholera outbreak at Talata Mafara, Zamfara State, from 10 September 2003. Retrieved from the ReliefWeb landing page (full body text in HTML).",2003-09-10 to 2003-10-21,Humanitarian situation report,Active,Level 2,Pending,ReliefWeb river search with Lucene field syntax: 'Nigeria cholera outbreak deaths date.created:[2000-01-01 TO 2005-12-31]',English,0,,ReliefWeb river search with Lucene field syntax: 'Nigeria cholera outbreak deaths date.created:[2000-01-01 TO 2005-12-31]',AI
384,"IRIN Nigeria: Cholera kills 46 people in southwestern mining village, 24 February 2005",https://reliefweb.int/report/nigeria/nigeria-cholera-kills-46-people-southwestern-mining-village,"UN OCHA Integrated Regional Information Networks (IRIN) despatch, Lagos, 24 February 2005, quoting Lekan Kolade, spokesman for the Oyo State health ministry, on a cholera outbreak in the quarry/mining village of Kusa, 50 km from Ibadan.",2005-02-10 to 2005-02-24,News report quoting state health ministry,Active,Level 3,Pending,ReliefWeb river search: 'Nigeria cholera outbreak deaths date.created:[2000-01-01 TO 2005-12-31]',English,0,,ReliefWeb river search: 'Nigeria cholera outbreak deaths date.created:[2000-01-01 TO 2005-12-31]',AI
385,"IRIN Nigeria: Cholera outbreak kills up to 100 in Benue State, 25 April 2005",https://reliefweb.int/report/nigeria/nigeria-cholera-outbreak-kills-100-benue-state,"UN OCHA IRIN despatch, Abuja, 25 April 2005, on a cholera outbreak in Makurdi, Benue State, quoting Benue State commissioner for health Mike Iduma (7 confirmed deaths) against residents' and an undertaker's accounts of a toll nearer 100; also names new outbreaks in Gwer West and Apa local council areas.",2005-04-11 to 2005-04-25,News report quoting state health commissioner,Active,Level 3,Pending,ReliefWeb river search: 'Nigeria cholera outbreak deaths date.created:[2000-01-01 TO 2005-12-31]',English,0,,ReliefWeb river search: 'Nigeria cholera outbreak deaths date.created:[2000-01-01 TO 2005-12-31]',AI
386,"dpa Deutsche Presse-Agentur via ReliefWeb: Cholera claims 68 lives in Nigeria's northern state, 5 September 2006",https://reliefweb.int/report/nigeria/cholera-claims-68-lives-nigerias-northern-state,"Deutsche Presse-Agentur despatch from Abuja, 5 September 2006, confirming a Borno State cholera outbreak with the Borno State Commissioner of Health, Dr Asabe Bashir; nine affected areas, 25 treatment camps.",2006-08-30 to 2006-09-05,News report quoting state health commissioner,Active,Level 3,Pending,ReliefWeb river search: 'cholera Nigeria date.created:[2001-01-01 TO 2006-12-31]',English,0,,ReliefWeb river search: 'cholera Nigeria date.created:[2001-01-01 TO 2006-12-31]',AI
387,"Xinhua via ReliefWeb: Cholera breaks out in northeast Nigeria, killing 80, 2 September 2006",https://reliefweb.int/report/nigeria/cholera-breaks-out-northeast-nigeria-killing-80,"Xinhua despatch from Lagos, 2 September 2006, quoting Talba Alkali, permanent secretary of the Borno State ministry of health, on a cholera outbreak that began three days earlier and had spread to nine local government council areas.",2006-08-30 to 2006-09-02,News report quoting state ministry of health,Active,Level 3,Pending,ReliefWeb river search: 'cholera Nigeria date.created:[2001-01-01 TO 2006-12-31]',English,0,,ReliefWeb river search: 'cholera Nigeria date.created:[2001-01-01 TO 2006-12-31]',AI
388,"Xinhua via ReliefWeb: Cholera kills 10 in central Nigeria (Kafanchan, Kaduna State), 9 September 2005",https://reliefweb.int/report/nigeria/cholera-kills-10-central-nigeria,"Xinhua despatch from Lagos, 9 September 2005, relaying a News Agency of Nigeria report of a cholera outbreak in Kafanchan, Kaduna State, confirmed by local council chairman Abraham Jatau.",2005-09-01 to 2005-09-09,News report quoting local government chairman,Active,Level 3,Pending,ReliefWeb river search: 'cholera Nigeria date.created:[2001-01-01 TO 2006-12-31]',English,0,,ReliefWeb river search: 'cholera Nigeria date.created:[2001-01-01 TO 2006-12-31]',AI
389,"WHO Weekly Epidemiological Record 1991;66(33), 16 Aug 1991 - Diseases subject to the Regulations, Nigeria cholera cumulative 1 Jan-6 Aug 1991 (revised), and newly infected areas as at 15 Aug 1991",https://iris.who.int/handle/10665/228117,"SUPERSEDED - DO NOT USE. This metadata entry was registered with an incorrect IRIS handle (10665/228117), which resolves to a different WER item ('Notifications received from 16 to 22 August 1991'). The correct entry for WER 1991;66(33) is registered separately with handle 10665/228114. No data row was ever attached to this Index.",1991-01-01 to 1991-08-15,IHR weekly notification,Superseded,Level 1,Pending,"IRIS DSpace discover title:""1991, vol. 66"" -> bulk download of all 48 full-issue PDFs -> scan of the Diseases-subject-to-the-Regulations tables for a Nigeria line",English/French,0,,"IRIS DSpace discover title:""1991, vol. 66"" -> bulk download of all 48 full-issue PDFs -> scan of the Diseases-subject-to-the-Regulations tables for a Nigeria line",AI
390,"WHO Weekly Epidemiological Record 1991;66(33), 16 August 1991 - Nigeria cholera cumulative 1 Jan-6 Aug 1991 (revised) and newly infected areas as at 15 Aug 1991",https://iris.who.int/handle/10665/228114,"WER No. 33, 16 August 1991 [full issue], IRIS handle 10665/228114, handle verified by resolution. 'Notifications received from 9 to 15 August 1991', DISEASES SUBJECT TO THE REGULATIONS, Cholera, Africa: 'Nigeria - Nigeria  1.I-6.VIII  23 463r  3 116r' (r = revised). Same issue, 'Newly infected areas as at 15 August 1991', Cholera, Africa, Nigeria: Borno State, Gongola State. Read with pdftotext -layout on the IRIS ORIGINAL bundle PDF.",1991-01-01 to 1991-08-15,IHR weekly notification,Active,Level 1,Pending,"IRIS DSpace discover title:""1991, vol. 66"" -> bulk download of all 48 full-issue PDFs -> scan for a Nigeria line in the Diseases-subject-to-the-Regulations tables",English/French,0,,"IRIS DSpace discover title:""1991, vol. 66"" -> bulk download of all 48 full-issue PDFs -> scan for a Nigeria line in the Diseases-subject-to-the-Regulations tables",AI
391,"WHO Weekly Epidemiological Record 1992;67(10), 5 March 1992 - Diseases subject to the Regulations, Nigeria cholera 1-31 January 1992",https://iris.who.int/handle/10665/228296,"WER No. 10, 1992 [full issue], IRIS handle 10665/228296 (handle resolved, not recalled). 'Notifications received from 28 February to 5 March 1992', DISEASES SUBJECT TO THE REGULATIONS, Cholera, Africa: 'Nigeria - Nigeria  1-31.I  150  40'. Verified against a 200 dpi render of page 8 of the issue, not only the pdftotext output.",1992-01-01 to 1992-01-31,IHR weekly notification,Active,Level 1,Pending,"IRIS DSpace discover title:""1992, vol. 67"" -> bulk full-issue download -> scan of the cholera notification tables",English/French,0,,"IRIS DSpace discover title:""1992, vol. 67"" -> bulk full-issue download -> scan of the cholera notification tables",AI
392,"WHO Weekly Epidemiological Record 1992;67(31), 30 July 1992 - Diseases subject to the Regulations, Nigeria cholera 26 February-16 June 1992",https://iris.who.int/handle/10665/228442,"WER No. 31, 1992 [full issue], IRIS handle 10665/228442 (handle resolved). 'Notifications received from 24 to 30 July 1992', DISEASES SUBJECT TO THE REGULATIONS, Cholera, Africa: 'Nigeria - Nigeria  26.II-16.VI  161  39'.",1992-02-26 to 1992-06-16,IHR weekly notification,Active,Level 1,Pending,"IRIS DSpace discover title:""1992, vol. 67"" -> bulk full-issue download -> scan of the cholera notification tables",English/French,0,,"IRIS DSpace discover title:""1992, vol. 67"" -> bulk full-issue download -> scan of the cholera notification tables",AI
393,"WHO Weekly Epidemiological Record 1997;72(13), 28 March 1997 - Nigeria cholera cumulative 1 January-27 February 1997",https://iris.who.int/handle/10665/230090,"WER No. 13, 1997 [full issue], IRIS handle 10665/230090 (resolved). 'Notifications received from 21 to 27 March 1997', DISEASES SUBJECT TO THE REGULATIONS, Cholera, Africa: 'Nigeria - Nigeria  1.I-27.II  919  116'.",1997-01-01 to 1997-02-27,IHR weekly notification,Active,Level 1,Pending,"IRIS DSpace discover title:""1997, vol. 72"" -> bulk full-issue download -> scan of the cholera notification tables",English/French,0,,"IRIS DSpace discover title:""1997, vol. 72"" -> bulk full-issue download -> scan of the cholera notification tables",AI
394,"WHO Weekly Epidemiological Record 1997;72(45), 7 November 1997 - Nigeria cholera 1 March-20 October 1997",https://iris.who.int/handle/10665/230297,"WER No. 45, 1997 [full issue], IRIS handle 10665/230297 (resolved). 'Notifications received from 31 October to 6 November 1997', Cholera, Africa: 'Nigeria - Nigeria  1.III-20.X  403  18'.",1997-03-01 to 1997-10-20,IHR weekly notification,Active,Level 1,Pending,"IRIS DSpace discover title:""1997, vol. 72"" -> bulk full-issue download -> scan of the cholera notification tables",English/French,0,,"IRIS DSpace discover title:""1997, vol. 72"" -> bulk full-issue download -> scan of the cholera notification tables",AI
395,"WHO Weekly Epidemiological Record 1998;73(30), 24 July 1998 - Nigeria cholera 1 April-24 June 1998",https://iris.who.int/handle/10665/230525,"WER No. 30, 1998 [full issue], IRIS handle 10665/230525 (resolved). 'Notifications received from 17 to 24 July 1998', Cholera, Africa: 'Nigeria - Nigeria  1.IV-24.VI  491  2'.",1998-04-01 to 1998-06-24,IHR weekly notification,Active,Level 1,Pending,"IRIS DSpace discover title:""1998, vol. 73"" -> bulk full-issue download -> scan of the cholera notification tables",English/French,0,,"IRIS DSpace discover title:""1998, vol. 73"" -> bulk full-issue download -> scan of the cholera notification tables",AI
396,"WHO Weekly Epidemiological Record 1998;73(47), 20 November 1998 - Nigeria cholera 25 June-6 October 1998",https://iris.who.int/handle/10665/230637,"WER No. 47, 1998 [full issue], IRIS handle 10665/230637 (resolved). 'Notifications received from 13 to 19 November 1998', Cholera, Africa: 'Nigeria - Nigeria  25.VI-6.X(1)  2 973  185(1)', footnote 1 = 'Number of deaths to be confirmed'.",1998-06-25 to 1998-10-06,IHR weekly notification,Active,Level 1,Pending,"IRIS DSpace discover title:""1998, vol. 73"" -> bulk full-issue download -> scan of the cholera notification tables",English/French,0,,"IRIS DSpace discover title:""1998, vol. 73"" -> bulk full-issue download -> scan of the cholera notification tables",AI
397,"WHO Weekly Epidemiological Record 1999;74(19), 14 May 1999 - Nigeria cholera 24 March-6 May 1999",https://iris.who.int/handle/10665/230796,"WER No. 19, 1999 [full issue], IRIS handle 10665/230796 (resolved). 'Notifications received from 7 to 13 May 1999', DISEASES SUBJECT TO THE REGULATIONS, Cholera, Africa: 'Nigeria - Nigeria  24.III-6.V  1 122  89'.",1999-03-24 to 1999-05-06,IHR weekly notification,Active,Level 1,Pending,"IRIS DSpace discover title:""1999, vol. 74"" -> bulk full-issue download -> cholera-header-filtered scan",English/French,0,,"IRIS DSpace discover title:""1999, vol. 74"" -> bulk full-issue download -> cholera-header-filtered scan",AI
398,"WHO Weekly Epidemiological Record 1999;74(29), 23 July 1999 - Nigeria cholera 16 May-26 June 1999",https://iris.who.int/handle/10665/230863,"WER No. 29, 1999 [full issue], IRIS handle 10665/230863 (resolved). 'Notifications received from ... July 1999', Cholera, Africa: 'Nigeria - Nigeria  16.V-26.VI  6 503  237'.",1999-05-16 to 1999-06-26,IHR weekly notification,Active,Level 1,Pending,"IRIS DSpace discover title:""1999, vol. 74"" -> bulk full-issue download -> cholera-header-filtered scan",English/French,0,,"IRIS DSpace discover title:""1999, vol. 74"" -> bulk full-issue download -> cholera-header-filtered scan",AI
399,"WHO Weekly Epidemiological Record 2000;75(30), 28 July 2000 - Nigeria cholera cumulative 1 January-4 July 2000",https://iris.who.int/handle/10665/231230,"WER No. 30, 2000 [full issue], IRIS handle 10665/231230 (resolved). 'Notifications of diseases received from 21-27 July 2000', INTERNATIONAL HEALTH REGULATIONS, Cholera, Africa: 'Nigeria/Nigeria  1.I-4.VII  1242  27'.",2000-01-01 to 2000-07-04,IHR weekly notification,Active,Level 1,Pending,"IRIS DSpace discover title:""2000, vol. 75"" -> bulk full-issue download -> cholera-header-filtered scan",English/French,0,,"IRIS DSpace discover title:""2000, vol. 75"" -> bulk full-issue download -> cholera-header-filtered scan",AI
400,"WHO Weekly Epidemiological Record 2000;75(47), 24 November 2000 - Nigeria cholera 5-31 July 2000",https://iris.who.int/handle/10665/231347,"WER No. 47, 2000 [full issue], IRIS handle 10665/231347 (resolved). 'Notifications of diseases received from 17 to 23 November 2000', Cholera, Africa: 'Nigeria / Nigeria  5.VII-31.VII  1 557  16'.",2000-07-05 to 2000-07-31,IHR weekly notification,Active,Level 1,Pending,"IRIS DSpace discover title:""2000, vol. 75"" -> bulk full-issue download -> cholera-header-filtered scan",English/French,0,,"IRIS DSpace discover title:""2000, vol. 75"" -> bulk full-issue download -> cholera-header-filtered scan",AI
401,"WHO Weekly Epidemiological Record 2001;76(50), 14 December 2001 - Nigeria cholera 15-26 November 2001",https://iris.who.int/handle/10665/231724,"WER No. 50, 2001 [full issue], IRIS handle 10665/231724 (resolved). 'Notifications of diseases received from 7 to 13 December 2001', Cholera, Africa: 'Nigeria / Nigeria  15-26.XI  1 475  52'. Verified against a 200 dpi render of page 12.",2001-11-15 to 2001-11-26,IHR weekly notification,Active,Level 1,Pending,"IRIS DSpace discover title:""2001, vol. 76"" -> bulk full-issue download -> cholera-header-filtered scan",English/French,0,,"IRIS DSpace discover title:""2001, vol. 76"" -> bulk full-issue download -> cholera-header-filtered scan",AI
402,"WHO Weekly Epidemiological Record 2001;76(48), 30 November 2001 - Nigeria cholera 26 September-14 November 2001",https://iris.who.int/handle/10665/231710,"WER No. 48, 2001 [full issue], IRIS handle 10665/231710 (resolved). 'Notifications of diseases received from 23 to 29 November 2001', Cholera, Africa: 'Nigeria / Nigeria  26.IX-14.XI  724  52'. This is the primary that DATES the 724/52 figure already in the file at Index 5, which had been carried as a whole-year 2001 observation.",2001-09-26 to 2001-11-14,IHR weekly notification,Active,Level 1,Pending,"IRIS DSpace discover title:""2001, vol. 76"" -> bulk full-issue download -> cholera-header-filtered scan",English/French,0,,"IRIS DSpace discover title:""2001, vol. 76"" -> bulk full-issue download -> cholera-header-filtered scan",AI
403,"WHO Weekly Epidemiological Record 2002;77(39), 27 September 2002 - Nigeria cholera 8 July-4 August 2002",https://iris.who.int/handle/10665/231984,"WER No. 39, 2002 [full issue], IRIS handle 10665/231984 (resolved). 'Notifications of diseases received from 20 to 26 September 2002', Cholera, Africa: 'Nigeria/Nigeria  8.VII-4.VIII  624  63'.",2002-07-08 to 2002-08-04,IHR weekly notification,Active,Level 1,Pending,"IRIS DSpace discover title:""2002, vol. 77"" -> bulk full-issue download -> cholera-header-filtered scan of the INTERNATIONAL HEALTH REGULATIONS notification table",English/French,0,,"IRIS DSpace discover title:""2002, vol. 77"" -> bulk full-issue download -> cholera-header-filtered scan of the INTERNATIONAL HEALTH REGULATIONS notification table",AI
404,"WHO Weekly Epidemiological Record 2002;77(45), 8 November 2002 - Nigeria cholera cumulative 1 January-29 September 2002",https://iris.who.int/handle/10665/232025,"WER No. 45, 2002 [full issue], IRIS handle 10665/232025 (resolved). 'Notifications of diseases received from 1 to 7 November 2002', Cholera, Africa: 'Nigeria/Nigeria  1.I-29.IX  4 629  79'.",2002-01-01 to 2002-09-29,IHR weekly notification,Active,Level 1,Pending,"IRIS DSpace discover title:""2002, vol. 77"" -> bulk full-issue download -> cholera-header-filtered scan of the INTERNATIONAL HEALTH REGULATIONS notification table",English/French,0,,"IRIS DSpace discover title:""2002, vol. 77"" -> bulk full-issue download -> cholera-header-filtered scan of the INTERNATIONAL HEALTH REGULATIONS notification table",AI
405,"WHO Weekly Epidemiological Record 2002;77(49), 6 December 2002 - Nigeria cholera 18-24 November 2002",https://iris.who.int/handle/10665/232046,"WER No. 49, 2002 [full issue], IRIS handle 10665/232046 (resolved). 'Notifications of diseases received from 29 November to 5 December 2002', Cholera, Africa: 'Nigeria/Nigeria  18-24.XI  176  12'.",2002-11-18 to 2002-11-24,IHR weekly notification,Active,Level 1,Pending,"IRIS DSpace discover title:""2002, vol. 77"" -> bulk full-issue download -> cholera-header-filtered scan of the INTERNATIONAL HEALTH REGULATIONS notification table",English/French,0,,"IRIS DSpace discover title:""2002, vol. 77"" -> bulk full-issue download -> cholera-header-filtered scan of the INTERNATIONAL HEALTH REGULATIONS notification table",AI
406,"WHO Weekly Epidemiological Record 2004;79(49), 3 December 2004 - Nigeria cholera 15 October-23 November 2004",https://iris.who.int/handle/10665/232657,"WER No. 49, 2004 [full issue], IRIS handle 10665/232657 (resolved). 'Notifications of diseases received from 25 November to 2 December 2004', Cholera, Africa: 'Nigeria / Nigeria  15.X-23.XI  3079  209'. Published one week BEFORE the WER 79(50) Outbreak News item that gives 1,616/126 for Kano plus Edo, and covering exactly the window the Outbreak News assigns to Kano State.",2004-10-15 to 2004-11-23,IHR weekly notification,Active,Level 1,Pending,"IRIS DSpace discover title:""2004, vol. 79"" -> bulk full-issue download -> cholera-header-filtered scan of the INTERNATIONAL HEALTH REGULATIONS notification table",English/French,0,,"IRIS DSpace discover title:""2004, vol. 79"" -> bulk full-issue download -> cholera-header-filtered scan of the INTERNATIONAL HEALTH REGULATIONS notification table",AI
407,"WHO Weekly Epidemiological Record 2005;80(15), 15 April 2005 - Nigeria cholera cumulative 1 January-13 March 2005",https://iris.who.int/handle/10665/232771,"WER No. 15, 2005 [full issue], IRIS handle 10665/232771 (resolved). 'Notifications of diseases received from 8 to 14 April 2005', Cholera, Africa: 'Nigeria / Nigeria  1.I-13.III  2718  19'.",2005-01-01 to 2005-03-13,IHR weekly notification,Active,Level 1,Pending,"IRIS DSpace discover title:""2005, vol. 80"" -> bulk full-issue download -> cholera-header-filtered scan of the INTERNATIONAL HEALTH REGULATIONS notification table",English/French,0,,"IRIS DSpace discover title:""2005, vol. 80"" -> bulk full-issue download -> cholera-header-filtered scan of the INTERNATIONAL HEALTH REGULATIONS notification table",AI
408,"WHO Weekly Epidemiological Record 2005;80(23), 10 June 2005 - Nigeria cholera 16-24 May 2005",https://iris.who.int/handle/10665/232813,"WER No. 23, 2005 [full issue], IRIS handle 10665/232813 (resolved). 'Notifications of diseases received from 3 to 9 June 2005', Cholera, Africa: 'Nigeria / Nigeria  16-24.V  110  12'.",2005-05-16 to 2005-05-24,IHR weekly notification,Active,Level 1,Pending,"IRIS DSpace discover title:""2005, vol. 80"" -> bulk full-issue download -> cholera-header-filtered scan of the INTERNATIONAL HEALTH REGULATIONS notification table",English/French,0,,"IRIS DSpace discover title:""2005, vol. 80"" -> bulk full-issue download -> cholera-header-filtered scan of the INTERNATIONAL HEALTH REGULATIONS notification table",AI
409,"WHO Weekly Epidemiological Record 2005;80(45), 11 November 2005 - Nigeria cholera 19 September-31 October 2005",https://iris.who.int/handle/10665/232941,"WER No. 45, 2005 [full issue], IRIS handle 10665/232941 (resolved). 'Notifications of diseases received from 4 to 10 November 2005', Cholera, Africa: 'Nigeria/ Nigeria  19.IX-31.X  1007  47'.",2005-09-19 to 2005-10-31,IHR weekly notification,Active,Level 1,Pending,"IRIS DSpace discover title:""2005, vol. 80"" -> bulk full-issue download -> cholera-header-filtered scan of the INTERNATIONAL HEALTH REGULATIONS notification table",English/French,0,,"IRIS DSpace discover title:""2005, vol. 80"" -> bulk full-issue download -> cholera-header-filtered scan of the INTERNATIONAL HEALTH REGULATIONS notification table",AI
410,"WHO Weekly Epidemiological Record 1975;50(21), 23 May 1975 - CHOLERA 1975, cases and deaths reported as of 30 April 1975, with 1974 comparatives",https://iris.who.int/handle/10665/220361,"WER No. 21, 23 May 1975 [full issue], IRIS handle 10665/220361 (resolved), page 2. Table 'CHOLERA - 1975 - CHOLERA. CASES AND DEATHS REPORTED AS OF 30 APRIL 1975 / CAS ET DECES NOTIFIES AU 30 AVRIL 1975', columns: weeks 1-18 of 1975, then TOTAL to date 1975 (C, D), TOTAL same period 1974 (C, D), TOTAL for year 1974 (C, D). The Nigeria row reads: week 1 = 1 case, weeks 2-18 all '...' (data not yet received); TOTAL to date 1 / 1; TOTAL same period 1974 369 / 34; TOTAL for year 1974 773 / 89. Read from a 170 dpi page render, not from pdftotext - the OCR of this wide table interleaves adjacent country rows and is not trustworthy.",1974-01-01 to 1975-04-30,Periodic WHO cholera summary table,Active,Level 1,Pending,"IRIS DSpace title:""1975, vol. 50"" -> bulk full-issue download -> grep for a Nigeria line in a cholera context -> page-image verification",English/French,0,,"IRIS DSpace title:""1975, vol. 50"" -> bulk full-issue download -> grep for a Nigeria line in a cholera context -> page-image verification",AI
411,"WHO Weekly Epidemiological Record 2006;81(38), 22 September 2006 - Nigeria cholera 24 July-3 September 2006",https://iris.who.int/handle/10665/233026,SUPERSEDED - DO NOT USE. Registered with a placeholder IRIS handle (10665/233026) before the real handle had resolved. The resolved handle for WER 2006;81(38) is 10665/233201 and the correct entry is registered separately. No data row was ever attached to this Index.,2006-07-24 to 2006-09-03,IHR weekly notification,Superseded,Level 1,Pending,"IRIS DSpace title:""2006, vol. 81"" -> bulk full-issue download -> cholera-header-filtered scan",English/French,0,,"IRIS DSpace title:""2006, vol. 81"" -> bulk full-issue download -> cholera-header-filtered scan",AI
412,"WHO Weekly Epidemiological Record 2006;81(38), 22 September 2006 - Nigeria cholera 24 July-3 September 2006 [verified handle]",https://iris.who.int/handle/10665/233201,"WER No. 38, 2006 [full issue], IRIS handle 10665/233201, resolved by title lookup before registration. INTERNATIONAL HEALTH REGULATIONS notification table, Cholera, Africa: 'Nigeria/Nigeria  24.VII-03.IX  1200  64'.",2006-07-24 to 2006-09-03,IHR weekly notification,Active,Level 1,Pending,"IRIS DSpace title:""2006, vol. 81"" -> bulk full-issue download -> cholera-header-filtered scan",English/French,0,,"IRIS DSpace title:""2006, vol. 81"" -> bulk full-issue download -> cholera-header-filtered scan",AI
413,"Charnley et al. 2022 BMC Infect Dis - NGA-Table 1.csv, pre-2010 deaths-only entries (EM-DAT and ProMED provenance)",https://raw.githubusercontent.com/GinaCharnley/Cholera-data-DRC-NGA-BMCInfectDis/main/Cholera%20data%2C%20DRC%20%26%20NGA/NGA-Table%201.csv,"DUPLICATE REGISTRATION of the same underlying file as metadata 359 (canonical) and metadata 58 - byte-identical, verified 2026-09-22 (sha256 901c3657326536d5705de8251402b88d, 183,422 bytes, 1,354 data rows). CROSS-VALIDATION WARNING: 58, 359 and 413 are one source, not three. CITATION CORRECTED 2026-09-22: the previous Description gave the authors as 'Charnley GEC, Kelly-Hope L, et al.'; Kelly-Hope is not an author of this paper. Verified against NCBI eutils esummary for PMC8966316, the correct citation is Charnley GEC, Kelman I, Gaythorpe KAM, Murray KA. 'Accessing sub-national cholera epidemiological data for Nigeria and the Democratic Republic of Congo during the seventh pandemic.' BMC Infectious Diseases, 26 March 2022, doi 10.1186/s12879-022-07266-w. SCOPE OF THIS ENTRY: covers ONLY the pre-2010 rows whose primary reference is EM-DAT (public.emdat.be) or ProMED and which record DEATHS WITH NO CASE COUNT - a class earlier passes skipped because they filtered on a case value. Reliability is set to Level 3 rather than the Level 1-2 of the dataset as a whole, because EM-DAT disaster records are compiled from secondary reporting, date an event by its start, and are demonstrably unreliable for Nigerian cholera in at least one instance: entry NGA91-5-6-1 gives 10,000 cases with 7,289 deaths, a CFR of 72.9 per cent, which is the whole 1991 national death toll attached to a 10,000-case subset. That entry was examined and REJECTED.",1987-09-01 to 2009-10-24,Curated secondary compilation (EM-DAT/ProMED provenance),Active,Level 3,Pending,GitHub API tree listing of GinaCharnley/Cholera-data-DRC-NGA-BMCInfectDis -> raw.githubusercontent fetch of NGA-Table 1.csv -> filter Year<2010 -> diff against data/NGA/cholera_data_ai.csv,English,2,,GitHub API tree listing of GinaCharnley/Cholera-data-DRC-NGA-BMCInfectDis -> raw.githubusercontent fetch of NGA-Table 1.csv -> filter Year<2010 -> diff against data/NGA/cholera_data_ai.csv,AI
414,"Ndon JA, Udo SM, Wehrenberg WB 1992, Journal of Clinical Microbiology 30(10):2730-2732 - Vibrio-associated gastroenteritis, lower Cross River Basin",https://pubmed.ncbi.nlm.nih.gov/1400976/,"Ndon JA, Udo SM, Wehrenberg WB. 'Vibrio-associated gastroenteritis in the lower Cross-River Basin of Nigeria.' J Clin Microbiol 1992;30(10). PMID 1400976, PMC270509. THE PRIMARY behind the '1991 Cross River 588 cases' figure that Adagbada et al. 2012 Table 2 reproduces. Abstract: 'A total of 120 Vibrio species were isolated from 588 patients with acute diarrheal disease during an outbreak of gastrointestinal tract infections at different locations in the lower Cross River Basin of Nigeria. Vibrio cholerae O1, biotype El Tor, serotype Ogawa, was the prominent organism isolated... During the 3 months of study, V. cholerae non-O1 was recovered from 10 patients while Vibrio parahaemolyticus was recovered from 19 patients.' Europe PMC fullTextXML returns HTTP 500 for this PMCID (image-only scan); the abstract is the full extent of what is machine-readable.",1991-01-01 to 1991-12-31,Laboratory surveillance,Active,Level 1,Pending,Charnley et al. Literature_references-Table 1-1.csv on GitHub -> per-row primary citation -> Europe PMC core record,English,2,,Charnley et al. Literature_references-Table 1-1.csv on GitHub -> per-row primary citation -> Europe PMC core record,AI
415,"Xinhua via ReliefWeb: Fourteen die of cholera in Plateau State, Nigeria, 29 November 2007",https://reliefweb.int/report/nigeria/fourteen-die-cholera-plateau-state-nigeria,"Xinhua despatch from Lagos, 29 November 2007, relaying the News Agency of Nigeria: the Plateau State commissioner for health, Angela Miri, confirmed at least 14 cholera deaths in Bokkos Local Government Area and said the situation had been brought under control by state government intervention.",2007-11-01 to 2007-11-29,News report quoting state health commissioner,Active,Level 3,Pending,ReliefWeb river search with date-field syntax: 'cholera outbreak Nigeria state deaths date.created:[2007-01-01 TO 2008-12-31]',English,0,,ReliefWeb river search with date-field syntax: 'cholera outbreak Nigeria state deaths date.created:[2007-01-01 TO 2008-12-31]',AI
416,"IRIN via ReliefWeb: Nigeria - Officials fear cholera resurgence in north (Adamawa), 16 September 2009",https://reliefweb.int/report/nigeria/nigeria-officials-fear-cholera-resurgence-north,"UN OCHA IRIN despatch from Kano, 16 September 2009, on flooding in Adamawa State after the River Lagdo burst its banks. Quotes local government official Yahaya Hamman-Julde that Demsa, Fufore and Maiha districts were hit by a cholera outbreak in August and September that 'killed 70 people out of over 300 infected', and Adamawa state health commissioner Zainab Baba Kwanci on floodwater contamination of wells and on a health-worker strike that worsened the outbreak.",2009-08-01 to 2009-09-16,News report quoting local government and state health officials,Active,Level 3,Pending,ReliefWeb river search: 'Nigeria cholera date.created:[2007-01-01 TO 2009-12-31]',English,0,,ReliefWeb river search: 'Nigeria cholera date.created:[2007-01-01 TO 2009-12-31]',AI
417,"Nigeria FMoH/NCDC Weekly Epidemiology Report (WER-Nigeria) Vol. 2 No. 46, 23 November 2012 - full state table, cholera cumulative weeks 01-46 of 2012",https://web.archive.org/web/20130724020947if_/http://fmh.gov.ng/images/OtherWeeklyDoc/WeeklyEpidemiologyReport_Week_46_23112012.pdf,"Federal Ministry of Health - Nigeria, Weekly Epidemiology Report, Issue Volume 2 No. 46, 23rd November 2012, published by the Epid Division / Nigeria Centre for Disease Control, FMoH. Recovered from the Internet Archive (original fmh.gov.ng URL is dead). Page 9 carries 'Updates on Epidemics for 2012 as at 23rd November 2012 for Week 46 (12-18 Nov 2012)', a 37-state table with, for cholera, New (Susp Cases / LabCfd / Deaths) and Cumulative Data Wk01-46 (Susp Cases / LabCfd / Deaths / CFR). Section 4 states: 'A total of 438 suspected Cholera cases with no laboratory confirmation and 8 deaths (CFR 1.83%) were reported between week 1-46 2012. On the whole, 27 LGAs (11 States) have reported at least 1 case of suspected cholera since the beginning of 2012.' The summary table on page 1 additionally gives week 45 2012 (6 cases / 2 deaths), week 46 2012 (0 / 0), week 46 2011 (26 / 0) and cumulative weeks 01-46 of 2011 (22,823 cases / 728 deaths). THE STATE TABLE WAS READ FROM A 260 dpi PAGE RENDER, not from pdftotext: the table is 30-odd columns wide and pdftotext -layout interleaves the CSM and Cholera blocks so that CSM values appear in cholera positions.",2011-01-01 to 2012-11-18,National IDSR weekly surveillance report,Active,Level 1,Pending,Wayback CDX domain dump for fmh.gov.ng -> filtered for weekly/epidemiology PDFs -> web.archive.org/web/<ts>if_/<url> -> pdftoppm page render,English,0,,Wayback CDX domain dump for fmh.gov.ng -> filtered for weekly/epidemiology PDFs -> web.archive.org/web/<ts>if_/<url> -> pdftoppm page render,AI
418,"Nigeria FMoH/NCDC Weekly Epidemiology Report (WER-Nigeria) Vol. 3 No. 5, 8 February 2013",https://web.archive.org/web/20130929144511if_/http://www.fmh.gov.ng/index.php/news/images/OtherWeeklyDoc/WeeklyEpidemiologyReport_Week_5_08022013v1.pdf,"Federal Ministry of Health - Nigeria, Weekly Epidemiology Report, Issue Volume 3 No. 5, 8th February 2013, Epid Division / NCDC. Recovered from the Internet Archive. Page 1 Summary Table (IDSR Weekly Report as at 08/02/2013), Cholera row: Week 4 2013 = 0 cases 0 deaths; Week 5 2013 = 0 cases 0 deaths; Week 5 2012 = 14 cases 0 deaths; Cumulative Weeks 01-05 2013 = 0 cases 0 deaths; Cumulative Weeks 01-05 2012 = 40 cases 1 death CFR 2.50%. Section 3: '3.1. In week 5, 2013, no case of cholera reported. 3.2. In week 1-5, 2013, no suspected cholera case/death was reported compared with 40 suspected cholera cases including 1 death with CFR, 2.5% within the period in 2012.' The companion issue Vol. 3 No. 4 of 1 February 2013 gives Cumulative Weeks 01-04 2012 = 26 cases 1 death, Weeks 01-52 2012 = 597 cases 18 deaths and Weeks 01-52 2011 = 23 377 cases 742 deaths - the last two identical to the JHU baseline annuals.",2012-01-01 to 2013-02-08,National IDSR weekly surveillance report,Active,Level 1,Pending,Wayback CDX domain dump for fmh.gov.ng,English,0,,Wayback CDX domain dump for fmh.gov.ng,AI
419,"Nigeria FMoH Weekly Updates on Epidemics, as at 8 July 2011 (weeks 1-26 of 2011)",https://web.archive.org/web/20110720114957if_/http://www.fmh.gov.ng/index.php/resources/reports/837-weekly-updates-on-epidemics-in-nigeria-as-at-8th-july-2011,"Federal Ministry of Health of Nigeria, 'Weekly Updates on Epidemics in Nigeria: as at 8th July 2011'. Recovered from the Internet Archive; fmh.gov.ng is dead. Text: 'Federal Ministry of Health Weekly Epidemiology Report indicates that between weeks 1 - 26 2011, a total of 10,510 cases of Cholera with 277 deaths, CFR 2.64%...'",2011-01-03 to 2011-07-03,National IDSR weekly surveillance summary (Federal Ministry of Health news article summarising the Weekly Epidemiology Report),Active,Level 1,Pending,"Wayback CDX domain dump for fmh.gov.ng, filtered for 'weekly-updates-on-epidemics' article URLs, fetched via web.archive.org/web/<ts>if_/",English,0,,"Wayback CDX domain dump for fmh.gov.ng, filtered for 'weekly-updates-on-epidemics' article URLs, fetched via web.archive.org/web/<ts>if_/",AI
420,"Nigeria FMoH Weekly Updates on Epidemics, as at 9 September 2011 (weeks 1-35 of 2011)",https://web.archive.org/web/20110925091027if_/http://www.fmh.gov.ng:80/index.php/component/content/article/869-weekly-updates-on-epidemics-in-nigeria-as-at-9th-sept-2011,"Federal Ministry of Health of Nigeria, 'Weekly Updates on Epidemics in Nigeria: as at 9th Sept 2011'. Text: 'between weeks 1 - 35 2011, a total of 16,694 cases of Cholera with 491 deaths, CFR 2.94%'.",2011-01-03 to 2011-09-04,National IDSR weekly surveillance summary (Federal Ministry of Health news article summarising the Weekly Epidemiology Report),Active,Level 1,Pending,"Wayback CDX domain dump for fmh.gov.ng, filtered for 'weekly-updates-on-epidemics' article URLs, fetched via web.archive.org/web/<ts>if_/",English,0,,"Wayback CDX domain dump for fmh.gov.ng, filtered for 'weekly-updates-on-epidemics' article URLs, fetched via web.archive.org/web/<ts>if_/",AI
421,"Nigeria FMoH Weekly Updates on Epidemics, as at 16 September 2011 (weeks 1-36 of 2011)",https://web.archive.org/web/20111008064746if_/http://fmh.gov.ng/index.php/resources/reports/875-weekly-updates-on-epidemics-in-nigeria-as-at-16th-sept-2011,"Federal Ministry of Health of Nigeria, 'Weekly Updates on Epidemics in Nigeria: as at 16th Sept 2011'. Text: 'between weeks 1 - 36 2011, a total of 18,593 cases of Cholera with 590 deaths, CFR 3.17%'.",2011-01-03 to 2011-09-11,National IDSR weekly surveillance summary (Federal Ministry of Health news article summarising the Weekly Epidemiology Report),Active,Level 1,Pending,"Wayback CDX domain dump for fmh.gov.ng, filtered for 'weekly-updates-on-epidemics' article URLs, fetched via web.archive.org/web/<ts>if_/",English,0,,"Wayback CDX domain dump for fmh.gov.ng, filtered for 'weekly-updates-on-epidemics' article URLs, fetched via web.archive.org/web/<ts>if_/",AI
422,"Nigeria FMoH Weekly Updates on Epidemics, as at 23 September 2011 (weeks 1-37 of 2011)",https://web.archive.org/web/20111008061607if_/http://fmh.gov.ng/index.php/component/content/article/878-weekly-updates-on-epidemics-in-nigeria-as-at-23rd-sept-2011,"Federal Ministry of Health of Nigeria, 'Weekly Updates on Epidemics in Nigeria: as at 23rd Sept 2011'. Text: 'between weeks 1 - 37 2011, a total of 19,208 cases of Cholera with 608 deaths, CFR 3.17%'.",2011-01-03 to 2011-09-18,National IDSR weekly surveillance summary (Federal Ministry of Health news article summarising the Weekly Epidemiology Report),Active,Level 1,Pending,"Wayback CDX domain dump for fmh.gov.ng, filtered for 'weekly-updates-on-epidemics' article URLs, fetched via web.archive.org/web/<ts>if_/",English,0,,"Wayback CDX domain dump for fmh.gov.ng, filtered for 'weekly-updates-on-epidemics' article URLs, fetched via web.archive.org/web/<ts>if_/",AI
423,"Nigeria FMoH Weekly Updates on Epidemics, as at 14 October 2011 (weeks 1-40 of 2011)",https://web.archive.org/web/20111028172025if_/http://www.fmh.gov.ng:80/index.php/component/content/article/883-weekly-updates-on-epidemics-in-nigeria-as-at-14th-october-2011,"Federal Ministry of Health of Nigeria, 'Weekly Updates on Epidemics in Nigeria: as at 14th October, 2011'. Text: 'between weeks 1 - 40 2011, a total of 22,157 cases of Cholera with 704 deaths, CFR 3.2%'.",2011-01-03 to 2011-10-09,National IDSR weekly surveillance summary (Federal Ministry of Health news article summarising the Weekly Epidemiology Report),Active,Level 1,Pending,"Wayback CDX domain dump for fmh.gov.ng, filtered for 'weekly-updates-on-epidemics' article URLs, fetched via web.archive.org/web/<ts>if_/",English,0,,"Wayback CDX domain dump for fmh.gov.ng, filtered for 'weekly-updates-on-epidemics' article URLs, fetched via web.archive.org/web/<ts>if_/",AI
424,"Nigeria FMoH Weekly Updates on Epidemics, as at 21 October 2011 (weeks 1-41 of 2011)",https://web.archive.org/web/20111029201805if_/http://www.fmh.gov.ng:80/index.php/component/content/article/888-weekly-updates-on-epidemics-in-nigeria-as-at-21st-october-2011,"Federal Ministry of Health of Nigeria, 'Weekly Updates on Epidemics in Nigeria: as at 21st October, 2011'. Text: 'between weeks 1 - 41 2011, a total of 22,301 cases of Cholera with 706 deaths, CFR 3.2%'.",2011-01-03 to 2011-10-16,National IDSR weekly surveillance summary (Federal Ministry of Health news article summarising the Weekly Epidemiology Report),Active,Level 1,Pending,"Wayback CDX domain dump for fmh.gov.ng, filtered for 'weekly-updates-on-epidemics' article URLs, fetched via web.archive.org/web/<ts>if_/",English,0,,"Wayback CDX domain dump for fmh.gov.ng, filtered for 'weekly-updates-on-epidemics' article URLs, fetched via web.archive.org/web/<ts>if_/",AI
425,"Nigeria FMoH Weekly Updates on Epidemics, as at 24 February 2012 (weeks 1-7 of 2012)",https://web.archive.org/web/20120301205244if_/http://www.fmh.gov.ng/index.php/component/content/article/914-weekly-updates-on-epidemics-in-nigeria-as-at-24th-february-2012,"Federal Ministry of Health of Nigeria, 'Weekly Updates on Epidemics in Nigeria: as at 24th February 2012'. Text: 'between weeks 1-7 2012, a total of 85 suspected cases of Cholera with 2 deaths (CFR 2 4%) have been recorded'.",2012-01-02 to 2012-02-19,National IDSR weekly surveillance summary (Federal Ministry of Health news article summarising the Weekly Epidemiology Report),Active,Level 1,Pending,"Wayback CDX domain dump for fmh.gov.ng, filtered for 'weekly-updates-on-epidemics' article URLs, fetched via web.archive.org/web/<ts>if_/",English,0,,"Wayback CDX domain dump for fmh.gov.ng, filtered for 'weekly-updates-on-epidemics' article URLs, fetched via web.archive.org/web/<ts>if_/",AI
426,"Borno State cholera outbreak situation report, 2018-09-19 (Situation Report of Cholera Outbreak in Borno State No. 14)",https://reliefweb.int/report/nigeria/situation-report-cholera-outbreak-borno-state-no-14-19-september-2018,"Borno State Ministry of Health situation report No. 14, 19 September 2018, via ReliefWeb disaster ep-2017-000077-nga. Prints a state cumulative, 36 deaths, a CFR and a nine-LGA breakdown. INTERNALLY INCONSISTENT AND RECONCILED BY AGENT 5: the headline state total of 1,643 is contradicted by the report's own nine LGA values, which sum to 1,992, and by its own printed CFR of 1.8 per cent, which is 36/1992=1.807 and NOT 36/1643=2.191. The LGA line is the correct one.",2018-01-01 to 2018-09-19,State cumulative and nine-LGA cholera table,Active,Level 1,Pending,Agent 5 item D2: reconstructed the ReliefWeb slug pattern from the already-registered Borno sitrep series (sources 320-323) to reach the issue Agent 2 excluded as internally inconsistent,en,1,,Agent 5 item D2: reconstructed the ReliefWeb slug pattern from the already-registered Borno sitrep series (sources 320-323) to reach the issue Agent 2 excluded as internally inconsistent,AI
427,"Goni et al. 2025 medRxiv 2025.11.18.25340463 - Impact of Climate Change, Conflict and COVID-19 on Cholera Outbreaks in Yobe State 2020-2024",https://www.medrxiv.org/content/10.1101/2025.11.18.25340463v1,,2020-01-01 to 2024-12-31,Surveillance,Active,Level 2,Pending,WebSearch: Nigeria IDSR surveillance disruption COVID-19 2020 cholera notification decline (Agent 6 gap-context),en,0,,WebSearch: Nigeria IDSR surveillance disruption COVID-19 2020 cholera notification decline (Agent 6 gap-context),AI
428,OCHA West and Central Africa: Latest Events at a glance (25-31 August 2026),https://reliefweb.int/report/democratic-republic-congo/west-and-central-africa-latest-events-glance-25-31-august-2026,,2026-05-01 to 2026-08-24,Surveillance,Active,Level 2,Pending,"curl with browser UA: reliefweb.int/updates?search=cholera Nigeria date.created:[2026-08-24 TO 2026-09-22] (Agent 6 gap-context, targeting the 2026-08-24..2026-09-21 publication-lag window)",en,0,,"curl with browser UA: reliefweb.int/updates?search=cholera Nigeria date.created:[2026-08-24 TO 2026-09-22] (Agent 6 gap-context, targeting the 2026-08-24..2026-09-21 publication-lag window)",AI
429,"Northeast Nigeria Humanitarian Response: Health Sector Bulletin, October 2025 (WHO / Health Sector BAY states)",https://reliefweb.int/attachments/d1ad777a-7bd1-4c8e-ace7-0208ef257237/Health%20Sector_Bulletin_October.pdf,"WHO-led Health Sector bulletin for the Borno, Adamawa and Yobe (BAY) states, October 2025 issue, 24 pages. Its 'Public Health Risks' section carries a per-state cholera epidemiological paragraph with a state cumulative, deaths, CFR and the leading LGAs. Agent 1 named this monthly series as an unmined seam ('the landing pages carry no figures, the numbers are inside the PDFs'); this is the first issue mined from it. The October 2025 issue gives Adamawa State 743 cases and 33 deaths as of 2 November 2025, CFR 4.4 per cent, with Jada LGA at 456 cases and 21 deaths.",2025-01-01 to 2025-11-02,"State and LGA cholera cumulative cases and deaths, BAY states",Active,Level 1,Pending,"Agent 5 redeployment: ReliefWeb site search with a Lucene date range, search=%22Health Sector Bulletin%22 Nigeria date.created:[2024-09-01 TO 2026-01-31], then the attachments/<uuid>/<file>.pdf link from the landing page",en,1,,"Agent 5 redeployment: ReliefWeb site search with a Lucene date range, search=%22Health Sector Bulletin%22 Nigeria date.created:[2024-09-01 TO 2026-01-31], then the attachments/<uuid>/<file>.pdf link from the landing page",AI
430,"Northeast Nigeria Humanitarian Response: Health Sector Bulletin, September 2024 (WHO / Health Sector BAY states)",https://reliefweb.int/attachments/6ec8c1f2-c0a5-4608-bb40-d355eb21871a/Health%20Sector%20Bulletin%20September%202024.pdf,"WHO-led Health Sector bulletin for the Borno, Adamawa and Yobe (BAY) states. Its 'Public Health Risks/Epidemic Outbreaks' section gives, for week 43 of 2024 (27 October), BAY states cumulative 3,253 cases and 46 deaths, per-state breakdown closing exactly, plus PCR/RDT/culture confirmations. THIS SERIES IS THE ONLY SUB-NATIONAL CHOLERA INSTRUMENT COVERING NIGERIA AFTER 29 SEPTEMBER 2024: NCDC's dedicated cholera Situation Report series ends at epi week 39 of 2024 and no NCDC annual report for 2024 was ever published.",2024-01-01 to 2024-10-27,BAY-states and per-state cumulative cholera cases and deaths,Active,Level 1,Pending,Agent 5 redeployment target 1: ReliefWeb site search 'cholera Nigeria date.created:[2024-10-01 TO 2025-12-31]' then the monthly Health Sector Bulletin series; attachment link taken from the landing-page HTML,en,1,,Agent 5 redeployment target 1: ReliefWeb site search 'cholera Nigeria date.created:[2024-10-01 TO 2025-12-31]' then the monthly Health Sector Bulletin series; attachment link taken from the landing-page HTML,AI
431,"Northeast Nigeria Humanitarian Response: Health Sector Bulletin, October 2024 (WHO / Health Sector BAY states)",https://reliefweb.int/attachments/e8f9d769-f145-4dc8-a8bb-e9747264faf7/Health%20Sector%20Bulletin%20October%202024.pdf,"WHO-led Health Sector bulletin for the Borno, Adamawa and Yobe (BAY) states. Its 'Public Health Risks/Epidemic Outbreaks' section gives, for week 48 of 2024 (1 December), BAY states cumulative 7,151 cases and 64 deaths, per-state breakdown closing exactly. THIS SERIES IS THE ONLY SUB-NATIONAL CHOLERA INSTRUMENT COVERING NIGERIA AFTER 29 SEPTEMBER 2024: NCDC's dedicated cholera Situation Report series ends at epi week 39 of 2024 and no NCDC annual report for 2024 was ever published.",2024-01-01 to 2024-12-01,BAY-states and per-state cumulative cholera cases and deaths,Active,Level 1,Pending,Agent 5 redeployment target 1: ReliefWeb site search 'cholera Nigeria date.created:[2024-10-01 TO 2025-12-31]' then the monthly Health Sector Bulletin series; attachment link taken from the landing-page HTML,en,1,,Agent 5 redeployment target 1: ReliefWeb site search 'cholera Nigeria date.created:[2024-10-01 TO 2025-12-31]' then the monthly Health Sector Bulletin series; attachment link taken from the landing-page HTML,AI
432,"Northeast Nigeria Humanitarian Response: Health Sector Bulletin, December 2024 (WHO / Health Sector BAY states)",https://reliefweb.int/attachments/2154b26d-bea3-4728-8514-4151b075a507/Health%20Sector_Bulletin_December_2024.pdf,"WHO-led Health Sector bulletin for the Borno, Adamawa and Yobe (BAY) states. Its 'Public Health Risks/Epidemic Outbreaks' section gives, for week 52 of 2024 (29 December), BAY states cumulative 7,441 cases and 64 deaths, per-state breakdown closing exactly, plus a 2023 comparative. THIS SERIES IS THE ONLY SUB-NATIONAL CHOLERA INSTRUMENT COVERING NIGERIA AFTER 29 SEPTEMBER 2024: NCDC's dedicated cholera Situation Report series ends at epi week 39 of 2024 and no NCDC annual report for 2024 was ever published.",2024-01-01 to 2024-12-29,BAY-states and per-state cumulative cholera cases and deaths,Active,Level 1,Pending,Agent 5 redeployment target 1: ReliefWeb site search 'cholera Nigeria date.created:[2024-10-01 TO 2025-12-31]' then the monthly Health Sector Bulletin series; attachment link taken from the landing-page HTML,en,1,,Agent 5 redeployment target 1: ReliefWeb site search 'cholera Nigeria date.created:[2024-10-01 TO 2025-12-31]' then the monthly Health Sector Bulletin series; attachment link taken from the landing-page HTML,AI
433,"Northeast Nigeria Humanitarian Response: Health Sector Bulletin, January 2025 (WHO / Health Sector BAY states)",https://reliefweb.int/attachments/9902dff3-b5f0-4658-b2de-66614117a52d/Health%20Sector_Bulletin_Jan_2025%20%28001%29%20-%20VF%20.pdf,"WHO-led Health Sector bulletin for the Borno, Adamawa and Yobe (BAY) states, January 2025 issue. The 'Public Health Risks' section carries the cholera epidemiological summary with state cumulatives, deaths, CFR and, in the later issues, a full LGA decomposition. This monthly series is the ONLY sub-national cholera instrument covering Nigeria after NCDC's cholera Situation Report series ended at epi week 39 of 2024 and resumed only for weeks 1-9 of 2025.",2025-01-01 to 2025-02-09,"BAY-states, per-state and per-LGA cumulative cholera cases and deaths",Active,Level 1,Pending,"Agent 5 redeployment targets 1 and 3: ReliefWeb site search 'cholera Nigeria date.created:[2024-10-01 TO 2025-12-31]', monthly Health Sector Bulletin series, attachment link from the landing-page HTML",en,1,,"Agent 5 redeployment targets 1 and 3: ReliefWeb site search 'cholera Nigeria date.created:[2024-10-01 TO 2025-12-31]', monthly Health Sector Bulletin series, attachment link from the landing-page HTML",AI
434,"Northeast Nigeria Humanitarian Response: Health Sector Bulletin, February 2025 (WHO / Health Sector BAY states)",https://reliefweb.int/attachments/58f34caa-ff47-4384-bdf6-e533ccc51b7b/Health%20Sector_Bulletin_Feb_2025%20%28001%29%20-%20VF%20.pdf,"WHO-led Health Sector bulletin for the Borno, Adamawa and Yobe (BAY) states, February 2025 issue. The 'Public Health Risks' section carries the cholera epidemiological summary with state cumulatives, deaths, CFR and, in the later issues, a full LGA decomposition. This monthly series is the ONLY sub-national cholera instrument covering Nigeria after NCDC's cholera Situation Report series ended at epi week 39 of 2024 and resumed only for weeks 1-9 of 2025.",2025-01-01 to 2025-03-09,"BAY-states, per-state and per-LGA cumulative cholera cases and deaths",Active,Level 1,Pending,"Agent 5 redeployment targets 1 and 3: ReliefWeb site search 'cholera Nigeria date.created:[2024-10-01 TO 2025-12-31]', monthly Health Sector Bulletin series, attachment link from the landing-page HTML",en,1,,"Agent 5 redeployment targets 1 and 3: ReliefWeb site search 'cholera Nigeria date.created:[2024-10-01 TO 2025-12-31]', monthly Health Sector Bulletin series, attachment link from the landing-page HTML",AI
435,"Northeast Nigeria Humanitarian Response: Health Sector Bulletin, June 2025 (WHO / Health Sector BAY states)",https://reliefweb.int/attachments/9e61ebbb-3fd0-4a47-9c54-8d0eb755dd46/Health%20Sector_Bulletin_June_2025.pdf,"WHO-led Health Sector bulletin for the Borno, Adamawa and Yobe (BAY) states, June 2025 issue. The 'Public Health Risks' section carries the cholera epidemiological summary with state cumulatives, deaths, CFR and, in the later issues, a full LGA decomposition. This monthly series is the ONLY sub-national cholera instrument covering Nigeria after NCDC's cholera Situation Report series ended at epi week 39 of 2024 and resumed only for weeks 1-9 of 2025.",2025-01-01 to 2025-07-06,"BAY-states, per-state and per-LGA cumulative cholera cases and deaths",Active,Level 1,Pending,"Agent 5 redeployment targets 1 and 3: ReliefWeb site search 'cholera Nigeria date.created:[2024-10-01 TO 2025-12-31]', monthly Health Sector Bulletin series, attachment link from the landing-page HTML",en,1,,"Agent 5 redeployment targets 1 and 3: ReliefWeb site search 'cholera Nigeria date.created:[2024-10-01 TO 2025-12-31]', monthly Health Sector Bulletin series, attachment link from the landing-page HTML",AI
436,"Northeast Nigeria Humanitarian Response: Health Sector Bulletin, August 2025 (WHO / Health Sector BAY states)",https://reliefweb.int/attachments/07020921-39bf-4aa0-8734-60337614d196/Health%20Sector_Bulletin_August_2025%20.pdf,"WHO-led Health Sector bulletin for the Borno, Adamawa and Yobe (BAY) states, August 2025 issue. The 'Public Health Risks' section carries the cholera epidemiological summary with state cumulatives, deaths, CFR and, in the later issues, a full LGA decomposition. This monthly series is the ONLY sub-national cholera instrument covering Nigeria after NCDC's cholera Situation Report series ended at epi week 39 of 2024 and resumed only for weeks 1-9 of 2025.",2025-01-01 to 2025-08-24,"BAY-states, per-state and per-LGA cumulative cholera cases and deaths",Active,Level 1,Pending,"Agent 5 redeployment targets 1 and 3: ReliefWeb site search 'cholera Nigeria date.created:[2024-10-01 TO 2025-12-31]', monthly Health Sector Bulletin series, attachment link from the landing-page HTML",en,1,,"Agent 5 redeployment targets 1 and 3: ReliefWeb site search 'cholera Nigeria date.created:[2024-10-01 TO 2025-12-31]', monthly Health Sector Bulletin series, attachment link from the landing-page HTML",AI
437,"Northeast Nigeria Humanitarian Response: Health Sector Bulletin, December 2025 (WHO / Health Sector BAY states)",https://reliefweb.int/attachments/e4c8d171-9e99-4ad3-81b8-44c40d3ac053/Health%20Sector_Bulletin_December.pdf,"WHO-led Health Sector bulletin for the Borno, Adamawa and Yobe (BAY) states, December 2025 issue. The 'Public Health Risks' section carries the cholera epidemiological summary with state cumulatives, deaths, CFR and, in the later issues, a full LGA decomposition. This monthly series is the ONLY sub-national cholera instrument covering Nigeria after NCDC's cholera Situation Report series ended at epi week 39 of 2024 and resumed only for weeks 1-9 of 2025.",2025-01-01 to 2025-12-28,"BAY-states, per-state and per-LGA cumulative cholera cases and deaths",Active,Level 1,Pending,"Agent 5 redeployment targets 1 and 3: ReliefWeb site search 'cholera Nigeria date.created:[2024-10-01 TO 2025-12-31]', monthly Health Sector Bulletin series, attachment link from the landing-page HTML",en,1,,"Agent 5 redeployment targets 1 and 3: ReliefWeb site search 'cholera Nigeria date.created:[2024-10-01 TO 2025-12-31]', monthly Health Sector Bulletin series, attachment link from the landing-page HTML",AI
438,"Northeast Nigeria Humanitarian Response: Health Sector Bulletin, July 2024 (WHO / Health Sector BAY states)",https://reliefweb.int/attachments/7dd35780-e61e-4f47-b137-5723bfce684f/Health%20Sector%20Bulletin%20July%202024-2.pdf,"WHO-led Health Sector bulletin for the BAY states, July 2024 issue. IMPORTANT CAVEAT ON THE JULY 2024 ISSUE: its cumulative W1-W33 2024 figure of 489 suspected cases across the BAY states is DOMINATED BY A NON-CHOLERA EVENT - the source itself states that the 452 suspected cases in Gwoza LGA of Borno occurred in weeks 5-11, that the State Ministry of Health investigated them, and that 'cholera was excluded'. Only the Adamawa component and the small non-Gwoza Borno LGAs are usable.",2024-01-01 to 2024-08-18,"BAY-states, per-state and per-LGA cholera cases and deaths",Active,Level 1,Pending,Agent 5 redeployment: ReliefWeb monthly Health Sector Bulletin series,en,1,,Agent 5 redeployment: ReliefWeb monthly Health Sector Bulletin series,AI
439,"Northeast Nigeria Humanitarian Response: Health Sector Bulletin, August 2024 (WHO / Health Sector BAY states)",https://reliefweb.int/attachments/90442df5-0ce3-49cc-870f-2aeab86d36e0/Health%20Sector%20Bulletin%20August%202024%20%281%29.pdf,"WHO-led Health Sector bulletin for the BAY states, August 2024 issue. IMPORTANT CAVEAT ON THE JULY 2024 ISSUE: its cumulative W1-W33 2024 figure of 489 suspected cases across the BAY states is DOMINATED BY A NON-CHOLERA EVENT - the source itself states that the 452 suspected cases in Gwoza LGA of Borno occurred in weeks 5-11, that the State Ministry of Health investigated them, and that 'cholera was excluded'. Only the Adamawa component and the small non-Gwoza Borno LGAs are usable.",2024-01-01 to 2024-10-13,"BAY-states, per-state and per-LGA cholera cases and deaths",Active,Level 1,Pending,Agent 5 redeployment: ReliefWeb monthly Health Sector Bulletin series,en,1,,Agent 5 redeployment: ReliefWeb monthly Health Sector Bulletin series,AI
440,"Africa CDC Epidemic Intelligence Weekly Report, issue of 20 September 2026 (Cholera in Africa event AC55037)",https://africacdc.org/download/africa-cdc-epidemic-intelligence-weekly-report-september-2026/?wpdmdl=24035&ind=1790938638268&filename=Africa-CDC-Epidemic-Intelligence-Report-28Sep26.pdf,"Africa CDC weekly EIR, DHIS2 print, 19 raster pages. Cholera in Africa page: since 1 Jan 2026, 122,367 cases and 1,894 deaths from 20 AU MS, Nigeria (50,290; 338). Nigeria not updated since early August 2026 (ECDC CDTR wk40 also lists Nigeria among countries with no update since 26 Aug 2026).",2026-01-01 to 2026-09-20,"Continental event-based surveillance report, per-country cumulative cholera cases and deaths since 1 Jan 2026 (raster PDF, read visually)",Active,Level 1,Pending,WebSearch: Africa CDC Epidemic Intelligence Report September 2026 cholera Nigeria cases deaths; africacdc.org download page,en,0,,WebSearch: Africa CDC Epidemic Intelligence Report September 2026 cholera Nigeria cases deaths; africacdc.org download page,AI
441,"NCDC Weekly Epidemiological Report 2020 (Vol. 10 No. 1 to Vol. 11 No. 52), cholera section - national weekly IDSR counts, states and LGAs, year-to-date 2019 vs 2020",https://ncdc.gov.ng/reports/weekly/2020,"Each issue has a Cholera page: reporting-week suspected/confirmed/deaths, states and LGAs affected, key-points sentence naming states with counts, and year-to-date 2019 vs 2020 table. YTD 2020 at week 52: 1,803 suspected, 55 confirmed, 95 deaths. JHU baseline already carries two WER YTD values (2020-09-27 1140/63; 2020-10-31 1743/95) and the week 46-52 national weekly values, so this is the official national stream, not a laboratory subset. Charnley et al. 2022 (metadata 359) state/LGA 2020 rows are derived from these issues.",2019-12-30 to 2020-12-27,"Official weekly national surveillance bulletin (IDSR 002 data); 50 issues (weeks 1-39, 42-52; weeks 40-41 never published - PDF IDs 280->281 consecutive)",Active,Level 1,Pending,Re-probe of ncdc.gov.ng (up 2026-10-04 after Cloudflare 522 in prior cycle) -> /reports/weekly listing -> 50 issue pages for 2020 -> /themes/common/docs/wers/239_1579598639.pdf ... 292_1610702475.pdf,en,0,,Re-probe of ncdc.gov.ng (up 2026-10-04 after Cloudflare 522 in prior cycle) -> /reports/weekly listing -> 50 issue pages for 2020 -> /themes/common/docs/wers/239_1579598639.pdf ... 292_1610702475.pdf,AI
442,"NCDC Weekly Epidemiological Report 2022 (Vol. 12 Nos. 20-32), cholera section - national weekly IDSR counts",https://ncdc.gov.ng/reports/weekly/2022,"Weekly cholera tile and key points: wk26 54/0/0, wk27 53/0/1, wk28 201/0/2, wk29 1554/0/20 (probable error: YTD fell 3810->2827 the next week), wk30 301/18/6, wk31 220/4/7, wk32 250/7/2 (suspected/confirmed/deaths). YTD 2022 at wk32 3314. Runs above the sitrep line-list stream in July (wk27-30 ~825 vs sitrep 705) and gives no state names.",2022-05-16 to 2022-08-14,Official weekly national surveillance bulletin (IDSR 002 aggregate stream; not the cholera line-list sitrep stream),Active,Level 1,Pending,ncdc.gov.ng /reports/weekly listing (site up 2026-10-04): 2022 issues weeks 1-32 only; weeks 20-32 downloaded (/themes/common/docs/wers/388_1680645670.pdf ... 403_1681307397.pdf),en,0,,ncdc.gov.ng /reports/weekly listing (site up 2026-10-04): 2022 issues weeks 1-32 only; weeks 20-32 downloaded (/themes/common/docs/wers/388_1680645670.pdf ... 403_1681307397.pdf),AI
443,"WHO Weekly Epidemiological Record 2026, vol. 101, no. 38 (25 September 2026) - Cholera annual report 2025, Tables 1-4",https://iris.who.int/handle/10665/387694,"Table 1: Nigeria 24,354 cases, 0 imported, attack rate 10.3/100k, 548 deaths, 130 facility deaths, facility CFR 0.5%. Table 2: 418 deaths place not reported. Table 3: RDT 1,161 tested / 452 positive; culture/PCR 456 tested / 214 confirmed. Table 4: male 11,745, female 12,587; <5 y 4,373.",2025-01-01 to 2025-12-31,"WHO official annual country totals (cases, imported, attack rate, deaths, facility deaths, place of death, laboratory testing, sex/age)",Active,Level 1,Pending,"ReliefWeb listing (Nigeria, cholera) -> 'WHO reports latest global trends in cholera, meningitis and plague' 29 Sep 2026 -> IRIS DSpace API search 'Weekly epidemiological record cholera 2025' -> WER-101-38-eng.pdf",en,0,,"ReliefWeb listing (Nigeria, cholera) -> 'WHO reports latest global trends in cholera, meningitis and plague' 29 Sep 2026 -> IRIS DSpace API search 'Weekly epidemiological record cholera 2025' -> WER-101-38-eng.pdf",AI
444,"Voice of Nigeria (federal broadcaster): NCoS contains cholera outbreak at Kano custodial centre, 27 September 2026 (Kurmawa Medium Security Custodial Centre)",https://von.gov.ng/ncos-contains-cholera-outbreak-at-kano-custodial-centre/,"First case 17 Sep 2026 (vomiting and diarrhoea), laboratory confirmation 23 Sep 2026 with Kano State public health authorities; two inmate deaths (one at the centre, one at Kano State Infectious Diseases Hospital); no case count published.",2026-09-17 to 2026-09-26,News report quoting the Nigerian Correctional Service spokesperson,Active,Level 3,Pending,"Hausa WebSearch 'kwalara Najeriya 2026 ... Kano' -> Leadership Hausa (Amnesty: at least 6 inmates dead, 4 Oct 2026) -> English WebSearch 'Kurmawa custodial centre Kano cholera inmates died October 2026'",en,0,Daily Trust 26 Sep 2026 (https://dailytrust.com/inmates-die-as-cholera-hits-kano-prison/); Leadership Hausa 4 Oct 2026 (Amnesty International claim of at least six deaths),"Hausa WebSearch 'kwalara Najeriya 2026 ... Kano' -> Leadership Hausa (Amnesty: at least 6 inmates dead, 4 Oct 2026) -> English WebSearch 'Kurmawa custodial centre Kano cholera inmates died October 2026'",AI
445,OCHA Humanitarian Bulletin Nigeria Issue 02  | March 2014 (cholera figures citing WHO),https://reliefweb.int/report/nigeria/humanitarian-bulletin-nigeria-issue-02-march-2014,,2014-01-01 to 2014-03-09,UN OCHA country humanitarian bulletin; cholera section relays WHO weekly figures,Active,Level 2,Pending,ReliefWeb listing Nigeria+cholera with date filter (DO20131101-20131231 / DO20140101-20140430),en,0,,ReliefWeb listing Nigeria+cholera with date filter (DO20131101-20131231 / DO20140101-20140430),AI
446,OCHA Humanitarian Bulletin Nigeria Issue 03  | April 2014 (cholera figures citing WHO),https://reliefweb.int/report/nigeria/humanitarian-bulletin-nigeria-issue-03-april-2014,,2014-01-01 to 2014-04-27,UN OCHA country humanitarian bulletin; cholera section relays WHO weekly figures,Active,Level 2,Pending,ReliefWeb listing Nigeria+cholera with date filter (DO20131101-20131231 / DO20140101-20140430),en,0,,ReliefWeb listing Nigeria+cholera with date filter (DO20131101-20131231 / DO20140101-20140430),AI
447,OCHA Humanitarian Bulletin Nigeria Issue 08  | December 2013 (cholera figures citing WHO),https://reliefweb.int/report/nigeria/humanitarian-bulletin-nigeria-issue-08-december-2013,,2013-01-01 to 2013-11-24,UN OCHA country humanitarian bulletin; cholera section relays WHO weekly figures,Active,Level 2,Pending,ReliefWeb listing Nigeria+cholera with date filter (DO20131101-20131231 / DO20140101-20140430),en,0,,ReliefWeb listing Nigeria+cholera with date filter (DO20131101-20131231 / DO20140101-20140430),AI
448,"NCDC Weekly Epidemiological Report, December 2018 and December 2019 issues (Vol. 8 Nos. 48-52; Vol. 9 Nos. 48-52), cholera sections",https://ncdc.gov.ng/reports/weekly/2019,"2018 YTD (original): wk48 50,463/1,132; wk49 50,500/1,135; wk51 50,711/1,135; wk52 50,719/1,136. 2018 YTD as revised in 2019 comparison columns: wk48 50,620; wk49 50,662; wk50 50,705; wk51 50,711; wk52 50,719. 2019: wk48 14/1, wk49 60/11, wk50 5/0, wk51 0, wk52 9/0; YTD 2019 wk52 3,513/71.",2018-11-26 to 2019-12-29,"Official weekly national surveillance bulletin (IDSR); weekly national and state cholera counts, YTD with prior-year comparison",Active,Level 1,Pending,"ncdc.gov.ng /reports/weekly listing (site up 2026-10-04); targeted at the only missing national weeks of 2015-2019 (2018-12-10, 2018-12-24, 2019-12-16). 2018 wk50 issue not online.",en,0,,"ncdc.gov.ng /reports/weekly listing (site up 2026-10-04); targeted at the only missing national weeks of 2015-2019 (2018-12-10, 2018-12-24, 2019-12-16). 2018 wk50 issue not online.",AI
449,"WHO Disease Outbreak News, 1996 - Cholera in Nigeria - Update, 6 March 1996",https://www.who.int/emergencies/disease-outbreak-news/item/1996_03_06c-en,"As of 4 March 1996: 2,662 cases, 288 deaths; Kano 1,871/107, Kwara 272/77, Niger 304/97, Ondo 0, Oyo 215/7.",1996-01-01 to 1996-03-04,WHO outbreak news; national and state cumulative cases and deaths,Active,Level 1,Pending,"WHO DON OData API (who.int/api/news/diseaseoutbreaknews, Title contains Nigeria): 10 cholera DONs 1996-2017; this update and 2001_12_03 were the two not yet registered",en,0,,"WHO DON OData API (who.int/api/news/diseaseoutbreaknews, Title contains Nigeria): 10 cholera DONs 1996-2017; this update and 2001_12_03 were the two not yet registered",AI
450,UNICEF Nigeria Monthly Situation Report - November 2012 (cholera section),https://reliefweb.int/report/nigeria/unicef-nigeria-monthly-situation-report-november-2012,,2012-01-01 to 2012-11-25,UN agency country situation report; national cholera cumulative,Active,Level 2,Pending,ReliefWeb Nigeria+cholera 2012 listing (date filter DO20120101-20121231),en,0,,ReliefWeb Nigeria+cholera 2012 listing (date filter DO20120101-20121231),AI
451,UNICEF Nigeria Situation Report - January 2013 (cholera section: 2012 year-end and December 2012),https://reliefweb.int/report/nigeria/unicef-nigeria-situation-report-january-2013,,2012-01-01 to 2012-12-31,UN agency country situation report; national cholera weekly and cumulative counts with prior-year comparison,Active,Level 2,Pending,ReliefWeb search UNICEF Nigeria Situation Report Dec 2012-2013,en,0,,ReliefWeb search UNICEF Nigeria Situation Report Dec 2012-2013,AI
452,"UNICEF Nigeria Monthly Humanitarian Situation Report, August 2013 (cholera section, citing WHO)",https://reliefweb.int/report/nigeria/unicef-nigeria-monthly-humanitarian-situation-report-august-2013,,2012-01-01 to 2013-08-04,UN agency country situation report; national cholera weekly and cumulative counts with prior-year comparison,Active,Level 2,Pending,ReliefWeb search UNICEF Nigeria Situation Report Dec 2012-2013,en,0,,ReliefWeb search UNICEF Nigeria Situation Report Dec 2012-2013,AI
453,"UNICEF Nigeria Monthly Humanitarian Situation Report, September-October 2013 (cholera section)",https://reliefweb.int/report/nigeria/unicef-nigeria-monthly-humanitarian-situation-report-september-october-2013,,2012-01-01 to 2013-09-08,UN agency country situation report; national cholera weekly and cumulative counts with prior-year comparison,Active,Level 2,Pending,ReliefWeb search UNICEF Nigeria Situation Report Dec 2012-2013,en,0,,ReliefWeb search UNICEF Nigeria Situation Report Dec 2012-2013,AI
454,"OCHA Nigeria Humanitarian Bulletin - Issue 03, 01 May 2013 (cholera, citing WHO)",https://reliefweb.int/report/nigeria/nigeria-humanitarian-bulletin-issue-03-01-may-2013,,2012-01-01 to 2013-04-21,UN OCHA country humanitarian bulletin relaying WHO cholera surveillance,Active,Level 2,Pending,ReliefWeb listing Nigeria 'Humanitarian Bulletin' DO20130101-20140331,en,0,,ReliefWeb listing Nigeria 'Humanitarian Bulletin' DO20130101-20140331,AI
455,"OCHA Nigeria Humanitarian Bulletin Issue 05, September 2013 (cholera, citing WHO)",https://reliefweb.int/report/nigeria/nigeria-humanitarian-bulletin-issue-05-september-2013,,2013-01-01 to 2013-08-31,UN OCHA country humanitarian bulletin relaying WHO cholera surveillance,Active,Level 2,Pending,ReliefWeb listing Nigeria 'Humanitarian Bulletin' DO20130101-20140331,en,0,,ReliefWeb listing Nigeria 'Humanitarian Bulletin' DO20130101-20140331,AI
456,UNICEF Nigeria Monthly Situation Report - 25 June 2012 (cholera section),https://reliefweb.int/report/nigeria/unicef-nigeria-monthly-situation-report-25-june-2012,,2011-01-01 to 2012-06-15,UN agency country situation report; national cholera cumulative with prior-year comparison,Active,Level 2,Pending,ReliefWeb listing UNICEF Nigeria situation reports DO20120101-20130731,en,0,,ReliefWeb listing UNICEF Nigeria situation reports DO20120101-20130731,AI
457,"UNICEF Nigeria Monthly Situation Report - 27 August 2012 (cholera section, citing WHO and FMoH)",https://reliefweb.int/map/nigeria/unicef-nigeria-monthly-situation-report-27-august-2012,,2011-01-01 to 2012-07-29,UN agency country situation report; national cholera cumulative with prior-year comparison,Active,Level 2,Pending,ReliefWeb listing UNICEF Nigeria situation reports DO20120101-20130731,en,0,,ReliefWeb listing UNICEF Nigeria situation reports DO20120101-20130731,AI
458,UNICEF Nigeria Monthly Situation Report - 27 September 2012 (cholera section),https://reliefweb.int/report/nigeria/unicef-nigeria-monthly-situation-report-27-september-2012,,2012-01-01 to 2012-08-26,UN agency country situation report; national cholera cumulative with prior-year comparison,Active,Level 2,Pending,ReliefWeb listing UNICEF Nigeria situation reports DO20120101-20130731,en,0,,ReliefWeb listing UNICEF Nigeria situation reports DO20120101-20130731,AI
459,"WHO AFRO, Cholera: Situation in the WHO African Region (January-February 2012), Table 1",https://reliefweb.int/map/democratic-republic-congo/cholera-situation-who-african-region,,2012-01-01 to 2012-02-29,WHO regional cholera situation summary; country table of cases/deaths,Active,Level 1,Pending,ReliefWeb search 'Cholera: Situation in the WHO African Region' (series found via ReliefWeb Nigeria+cholera 2013 listing),en,0,,ReliefWeb search 'Cholera: Situation in the WHO African Region' (series found via ReliefWeb Nigeria+cholera 2013 listing),AI
460,"WHO AFRO, Cholera: Situation in the WHO African Region, as of 03 June 2013, Table 1 (custom-font PDF, digits decoded)",https://reliefweb.int/report/democratic-republic-congo/cholera-situation-who-african-region-03-june-2013,"PDF text layer uses a shifted glyph encoding (digits rendered as Greek/Coptic code points: Ϭ=0 ϭ=1 Ϯ=2 ϯ=3 ϰ=4 ϱ=5 ϲ=6 ϳ=7 ϴ=8 ϵ=9), validated against the printed regional total 25,762 cases / 490 deaths. Nigeria row: 3 cases, 1 death.",2013-01-01 to 2013-06-03,WHO regional cholera situation summary; country table of cases/deaths,Active,Level 1,Pending,ReliefWeb Nigeria+cholera Jan-Oct 2013 listing,en,0,,ReliefWeb Nigeria+cholera Jan-Oct 2013 listing,AI
461,"WHO AFRO Disease Surveillance and Response Outbreak Bulletin Vol. 3 Issue 9, 22 November 2013 (3. Cholera in Nigeria)",https://reliefweb.int/report/democratic-republic-congo/outbreak-bulletin-vol-3-issue-9-22-november-2013,,2013-01-01 to 2013-11-11,WHO AFRO regional outbreak bulletin; country cholera section with cumulative cases/deaths,Active,Level 1,Pending,ReliefWeb search 'cholera African Region situation' DO20100101-20141231 -> WHO AFRO Outbreak Bulletin series Vol 2-4 (2012-2014),en,0,,ReliefWeb search 'cholera African Region situation' DO20100101-20141231 -> WHO AFRO Outbreak Bulletin series Vol 2-4 (2012-2014),AI
462,"WHO AFRO Disease Surveillance and Response Outbreak Bulletin Vol. 4 Issue 3, 23 May 2014 (4. Cholera in Nigeria)",https://reliefweb.int/report/guinea/outbreak-bulletin-vol-4-issue-3-23-may-2014,,2014-01-01 to 2014-05-11,WHO AFRO regional outbreak bulletin; country cholera section with cumulative cases/deaths,Active,Level 1,Pending,ReliefWeb search 'cholera African Region situation' DO20100101-20141231 -> WHO AFRO Outbreak Bulletin series Vol 2-4 (2012-2014),en,0,,ReliefWeb search 'cholera African Region situation' DO20100101-20141231 -> WHO AFRO Outbreak Bulletin series Vol 2-4 (2012-2014),AI
463,"WHO AFRO Disease Surveillance and Response Outbreak Bulletin Vol. 4 Issue 4, 31 October 2014 (4. Cholera in Nigeria)",https://reliefweb.int/report/liberia/outbreak-bulletin-vol-4-issue-4-31-october-2014,,2013-05-01 to 2014-10-12,WHO AFRO regional outbreak bulletin; country cholera section with cumulative cases/deaths,Active,Level 1,Pending,ReliefWeb search 'cholera African Region situation' DO20100101-20141231 -> WHO AFRO Outbreak Bulletin series Vol 2-4 (2012-2014),en,0,,ReliefWeb search 'cholera African Region situation' DO20100101-20141231 -> WHO AFRO Outbreak Bulletin series Vol 2-4 (2012-2014),AI
464,"WHO AFRO Disease Surveillance and Response Programme Outbreak Bulletin Vol. 2 Issue 3, 30 April 2012 (Table 2, cholera January-March 2012)",https://reliefweb.int/report/democratic-republic-congo/outbreak-bulletin-vol-2-issue-3-april-30-2012,"Table 2 (Jan-Mar 2012): Nigeria 177 cases, 4 deaths, CFR 2.3%. Vol 2 Issue 2 (Jan-Feb 124/4) and Issue 4 (Jan-Apr 220/4) repeat figures already on file (Index 3700, 3689).",2012-01-01 to 2012-03-31,WHO AFRO regional outbreak bulletin; country table of cumulative cholera cases/deaths,Active,Level 1,Pending,ReliefWeb enumeration of 'Outbreak Bulletin' Vol 2-5 (2012-2015),en,0,,ReliefWeb enumeration of 'Outbreak Bulletin' Vol 2-5 (2012-2015),AI
465,"Akyala IA et al. 2014, Investigation of Cholera Outbreak in an Urban North Central Nigerian Community - The Akwanga Experience, Public Health Research 4(1):7-12",http://article.sapub.org/10.5923.j.phr.20140401.02.html,,2013-09-12 to 2013-09-14,"NFELTP outbreak investigation (descriptive + case-control), LGA level",Active,Level 2,Pending,WebSearch 'WHO AFRO Outbreak Bulletin Vol. 4 Issue 1 OR Issue 2 2014 cholera Nigeria Bauchi' (incidental hit),en,0,,WebSearch 'WHO AFRO Outbreak Bulletin Vol. 4 Issue 1 OR Issue 2 2014 cholera Nigeria Bauchi' (incidental hit),AI
466,"MapAction / UNICEF, Sahel Crisis: Nigeria - Reported Cholera Cases 2010 (map MA012, 22 Feb 2012) - cases, deaths, CFR for the 18 affected states",https://reliefweb.int/map/nigeria/sahel-crisis-nigeria-reported-cholera-cases-2010-22-feb-2012,"18 states: Sokoto 714/31, Kebbi 408/28, Zamfara 2507/99, Katsina 9306/457, Kano 1676/66, Jigawa 953/38, Yobe 1479/110, Borno 5549/284, Kaduna 1110/76, Bauchi 11490/195, Gombe 3702/140, Adamawa 1860/136, Taraba 616/41, Plateau 175/13, Niger 20/0, FCT 51/4, Osun 44/1, Anambra 6/0. Sum 41,666 cases / 1,719 deaths = 99.7% of the national 2010 total 41,787/1,716.",2010-01-01 to 2010-12-31,State-level annual cholera cases/deaths map (data source: UNICEF); labels read from 200 dpi renders,Active,Level 2,Pending,"ReliefWeb disaster page 'Nigeria: Cholera Outbreak - Jul 2010' (ep-2010-000172-nga, D6788) report list",en,0,,"ReliefWeb disaster page 'Nigeria: Cholera Outbreak - Jul 2010' (ep-2010-000172-nga, D6788) report list",AI
467,"IFRC Nigeria: Cholera Outbreak DREF operation MDRNG011 - Final report, 15 March 2012",https://reliefweb.int/report/nigeria/nigeria-cholera-outbreak-dref-operation-mdrng011-final-report,"Index cases week 21 (Plateau, Bauchi); by week 30: Plateau 522, Bauchi 815; national ~12,000/308 at week 30 and ~15,100/435 at week 34 (approximate, not entered).",2011-05-23 to 2011-08-28,IFRC DREF final report citing government surveillance; state and national cumulatives,Active,Level 2,Pending,"ReliefWeb disaster page 'Nigeria: Cholera Outbreak - Jun 2011' (ep-2011-000092-nga, D8778) report list",en,0,,"ReliefWeb disaster page 'Nigeria: Cholera Outbreak - Jun 2011' (ep-2011-000092-nga, D8778) report list",AI
468,"WHO Nigeria / FMoH, Cholera/Lassa Fever Situation in Nigeria - Update as at week 21, 2014 (with LGA table, Nigeria Weekly update on IDSR)",https://reliefweb.int/report/nigeria/choleralassa-fever-situation-nigeria-update-week-21-2014,,2013-01-01 to 2014-05-25,"Official weekly IDSR cholera update: national cumulative, reporting-week LGA table (cases, lab-confirmed, deaths, attack rate)",Active,Level 1,Pending,"ReliefWeb disaster page 'Nigeria: Cholera Outbreak - Nov 2013' (D14072) report list; LGA table on page 3 is an image read at 90 dpi, rows sum exactly to the printed totals",en,0,,"ReliefWeb disaster page 'Nigeria: Cholera Outbreak - Nov 2013' (D14072) report list; LGA table on page 3 is an image read at 90 dpi, rows sum exactly to the printed totals",AI
469,"WHO Nigeria / FMoH, Cholera/Lassa Fever Situation in Nigeria - Update as at week 24, 2014 (with LGA table, Nigeria Weekly update on IDSR)",https://reliefweb.int/report/nigeria/choleralassa-fever-situation-nigeria-update-week-24-2014,,2013-01-01 to 2014-06-15,"Official weekly IDSR cholera update: national cumulative, reporting-week LGA table (cases, lab-confirmed, deaths, attack rate)",Active,Level 1,Pending,"ReliefWeb disaster page 'Nigeria: Cholera Outbreak - Nov 2013' (D14072) report list; LGA table on page 3 is an image read at 90 dpi, rows sum exactly to the printed totals",en,0,,"ReliefWeb disaster page 'Nigeria: Cholera Outbreak - Nov 2013' (D14072) report list; LGA table on page 3 is an image read at 90 dpi, rows sum exactly to the printed totals",AI
470,"IFRC Nigeria: Cholera MDRNG015 DREF Final Report, 31 October 2014 (citing Bauchi State MoH Disease Surveillance)",https://reliefweb.int/report/nigeria/nigeria-cholera-mdrng015-dref-final-report,"Week 13 of 2014: national 12,223/178 cumulative (13 states); Bauchi State 1,628 cases (Bauchi metropolis 1,492, Tafawa Balewa 62); week 27: 42 cases (30 Bauchi State, 12 Bauchi Metropolis, 0 Tafawa Balewa - ambiguous split, not entered).",2014-03-24 to 2014-07-06,IFRC DREF final report; Bauchi state and LGA weekly counts,Active,Level 2,Pending,ReliefWeb disaster page 'Nigeria: Cholera Outbreak - Nov 2013' (D14072) report list,en,0,,ReliefWeb disaster page 'Nigeria: Cholera Outbreak - Nov 2013' (D14072) report list,AI
471,"Xinhua (via ReliefWeb), At least 50 killed in cholera outbreak in north Nigeria, 16 November 2004 (Jigawa State, citing NAN and the state health commissioner)",https://reliefweb.int/report/nigeria/least-50-killed-cholera-outbreak-north-nigeria,,2004-10-15 to 2004-11-16,News agency report quoting Jigawa State Commissioner for Health,Active,Level 3,Pending,ReliefWeb Nigeria+cholera listing with date filter DO20040101-20041231,en,0,,ReliefWeb Nigeria+cholera listing with date filter DO20040101-20041231,AI
472,"Leadership Hausa: Kwalara Ta Kashe Mutum 7 A Zamfara, Sama Da Mutum 200 Sun Kamu Da Cutar, 4 October 2026 (Gumi and Bukkuyum LGAs, quoting Hon. Sulaiman Abubakar Gumi)",https://hausa.leadership.ng/kwalara-ta-kashe-mutum-7-a-zamfara-sama-da-mutum-200-sun-kamu-da-cutar/,"SUPERSEDED - MISDATED REGISTRATION. This Leadership Hausa article was published 2025-08-27 (article:published_time), not 4 Oct 2026; it describes the Aug 2025 Gumi/Bukkuyum (Zamfara) outbreak. The only row citing it (Index 3892, dated 2026) was retracted by Agent 1 on 2026-10-04. Do not cite as 2026 evidence.",2026-08-10 to 2026-10-03,Hausa-language news quoting a federal legislator,Superseded,Level 3,Pending,Hausa WebSearch 'barkewar cutar kwalara 2026 jihar mutum sun kamu sun mutu Sokoto OR Zamfara OR ...',ha,0,,Hausa WebSearch 'barkewar cutar kwalara 2026 jihar mutum sun kamu sun mutu Sokoto OR Zamfara OR ...',AI
473,"Reuters (via Yahoo News), Cholera outbreak in northwest Nigeria kills eight, infects over 200, 28 August 2025 (Bukkuyum LGA, Zamfara)",https://www.yahoo.com/news/articles/cholera-outbreak-northwest-nigeria-kills-065528206.html,,2025-08-10 to 2025-08-28,"International news agency report quoting residents, village heads and a federal legislator",Active,Level 3,Pending,"English follow-up search 'Zamfara Gumi Bukkuyum cholera outbreak 2026 ...' (which revealed the Leadership Hausa item, metadata 472, was actually from Aug 2025); dates verified from page metadata (datePublished 2025-08-28)",en,0,"Leadership Hausa 27 Aug 2025 (metadata 472, superseded registration): Gumi and Bukkuyum LGAs, 7 deaths, ~200 hospitalised, outbreak from 10 Aug 2025; Sahara Reporters 27 Aug 2025","English follow-up search 'Zamfara Gumi Bukkuyum cholera outbreak 2026 ...' (which revealed the Leadership Hausa item, metadata 472, was actually from Aug 2025); dates verified from page metadata (datePublished 2025-08-28)",AI
474,"WHO Global Alert and Response, Cholera in Central Africa, 8 October 2010 (Nigeria 4 January - 3 October 2010)",https://reliefweb.int/report/cameroon/cholera-central-africa,"WHO GAR update, 8 Oct 2010, posted on ReliefWeb: Nigeria 29 115 cases including 1 191 deaths (CFR 4.1%), 4 January - 3 October 2010, 144 LGAs in 15 States incl. FCT. NO AI ROW: the figure is already in the JHU baseline (row 71345, identical TL/TR/counts); Agent 1's row 3916 was retracted as a duplicate. Kept as a registered source because it corroborates UNICEF Sitrep #5 (source 242) for the 2010-10-04 cut point.",2010-01-04 to 2010-10-03,National cumulative cases and deaths,Active,Level 1,Pending,"Agent 1 batch 6: ReliefWeb listing C175 + 'cholera' 2010-06-01..2010-12-31, item 'Cholera in Central Africa' 2010-10-08",English,0,,"Agent 1 batch 6: ReliefWeb listing C175 + 'cholera' 2010-06-01..2010-12-31, item 'Cholera in Central Africa' 2010-10-08",AI
475,"Reuters, Nigeria battles cholera, measles outbreaks, 20 August 2010 (quoting FMOH head of epidemiology Dr Henry Akpan)",https://reliefweb.int/report/cameroon/nigeria-battles-cholera-measles-outbreaks,"Reuters, 20 Aug 2010, quoting FMOH head of epidemiology Dr Henry Akpan: 231 deaths this year across 11 states; 4,665 cases recorded since January. Row 3917 (Agent 1, batch 6) was retracted for lack of a second source; RE-ADDED in batch 10 after an independent second report was found: Blitz Quotidiano 19 Aug 2010 (metadata 484, 'Health Ministry sources': deaths 231, infections 4,600). Deaths also agree with IFRC Information Bulletin No.1 (Index 1517, 'over 232').",2010-01-01 to 2010-08-20,National cumulative cases and deaths (news quoting FMOH),Active,Level 3,Pending,Agent 1 batch 6: ReliefWeb listing C175 + 'cholera' 2010-06-01..2010-12-31,English,0,,Agent 1 batch 6: ReliefWeb listing C175 + 'cholera' 2010-06-01..2010-12-31,AI
476,"OCHA ROWCA Bulletin d'Information Humanitaire Afrique de l'Ouest et du Centre, Aout 2010 (6 August - 5 September 2010)",https://reliefweb.int/report/benin/afrique-de-louest-et-du-centre-bulletin-dinformation-humanitaire-ao%C3%BBt-2010,"OCHA ROWCA humanitarian bulletin, August 2010 (period 6 Aug - 5 Sep 2010): 'Avec 10 134 cas et 571 deces, le Nigeria est le pays le plus affecte' (footnote: UNICEF). NO AI ROW: >1,000-case figure from a single Level 2 source with no as-of date and no independent corroboration (Agent 1 row 3918 retracted; same decision as Agent 1 batch 1).",2010-01-01 to 2010-09-05,National cumulative cases and deaths,Active,Level 2,Pending,Agent 1 batch 6: ReliefWeb listing C175 + 'cholera' 2010-06-01..2010-12-31,French,0,,Agent 1 batch 6: ReliefWeb listing C175 + 'cholera' 2010-06-01..2010-12-31,AI
477,"WHO AFRO EHA Weekly Emergency Situation Update Vol. 3 No. 13, 14 October 2010",https://reliefweb.int/report/benin/ehaafro-weekly-emergency-situation-update-vol-3-no-13-14-october-2010,"WHO AFRO EHA weekly update, 14 Oct 2010: Nigeria 'reported estimated cases of 38,173 and 1,555 deaths (CFR, 4.1%)'. NO AI ROW: the case count already sits in the JHU baseline (row 73415, TR 2010-10-25, deaths blank); Agent 1's row 3919 was retracted as a duplicate. For Agent 5: this source shows the 38,173 figure was current by 14 Oct (JHU dates it 25 Oct) and supplies the matching death count 1,555.",2010-01-01 to 2010-10-14,National cumulative cases and deaths,Active,Level 1,Pending,"Agent 1 batch 6: ReliefWeb listing C175 + 'cholera' 2010; EHA/AFRO PDF cached in earlier batch, Nigeria paragraph re-read",English,0,,"Agent 1 batch 6: ReliefWeb listing C175 + 'cholera' 2010; EHA/AFRO PDF cached in earlier batch, Nigeria paragraph re-read",AI
478,"UNICEF Nigeria Cholera Situation Report, 10 February 2014 (data as of 31 January 2014, source WHO/FMOH)",https://reliefweb.int/report/nigeria/unicef-nigeria-cholera-situation-report-10-february-2014,"UNICEF Nigeria cholera sitrep of 10 Feb 2014: national 855 cases (17 lab confirmed), 20 deaths, 28 LGAs in 9 states as of 31 Jan 2014; week 4: '288 cases and 10 deaths' in Bauchi, Ebonyi, FCT and Kano (same paragraph: '79.5% (237/298)' in Bauchi LGA); Bauchi wk2 5 cases, wk3 3 cases; Adamawa 1 case wk1; Borno and Yobe no cases so far in 2014. Charts: national weekly 2012-2014, Kano weekly wk1-4 (about 235, 75, 130, 40), Bauchi weekly.",2013-12-30 to 2014-01-31,National and state weekly/cumulative cases,Active,Level 2,Pending,Agent 1 batch 7: ReliefWeb listing C175 + 'cholera' 2014-01-01..2014-04-30 (target: missing national weeks 1-9 of 2014),English,0,,Agent 1 batch 7: ReliefWeb listing C175 + 'cholera' 2014-01-01..2014-04-30 (target: missing national weeks 1-9 of 2014),AI
479,"ECHO Daily Flash, Nigeria - Epidemics, 5 February 2014",https://reliefweb.int/report/nigeria/nigeria-epidemics-echo-daily-flash-5-february-2014,"ECHO Daily Flash: '524 cases of cholera, including 10 deaths, were reported during the first three weeks of 2014 in 7 states in the Middle Belt and in Northern Nigeria'.",2013-12-30 to 2014-01-19,National 3-week aggregate,Active,Level 2,Pending,Agent 1 batch 7: ReliefWeb listing C175 + 'cholera' 2014-01-01..2014-04-30,English,0,,Agent 1 batch 7: ReliefWeb listing C175 + 'cholera' 2014-01-01..2014-04-30,AI
480,"ECHO Daily Flash, Nigeria - Cholera, 29 January 2014 (citing UNICEF; Kano and Nassarawa)",https://reliefweb.int/report/nigeria/nigeria-cholera-echo-daily-flash-29-january-2014,"ECHO Daily Flash: cholera outbreak in and around Kano and Nassarawa states reported by UNICEF with 235 new cases and 12 deaths in the first week of 2014 and 75 cases and one death in the second week; 'In total 2 165 cases have been detected since November 2013, with 71 deaths'. The 2,165 / 71 total is the figure carried (as a 2014-only Kano row) by Charnley Index 456/2148 and JHU row 670 - its true start is November 2013.",2013-11-01 to 2014-01-12,State weekly cases,Active,Level 2,Pending,Agent 1 batch 7: ReliefWeb listing C175 + 'cholera' 2014-01-01..2014-04-30,English,0,,Agent 1 batch 7: ReliefWeb listing C175 + 'cholera' 2014-01-01..2014-04-30,AI
481,"WHO Weekly Epidemiological Record 1991;66(46), 15 November 1991 - Notifications received 8-14 November 1991, Nigeria cholera 1 August-30 September 1991",https://iris.who.int/handle/10665/228193,"WER No. 46 (15 Nov 1991), 'Diseases subject to the Regulations - Notifications received from 8 to 14 November 1991': Cholera, Africa, Nigeria 1.VIII-30.IX, 6 867 cases, 750 deaths (read from the scanned page image; OCR text garbles the dates).",1991-08-01 to 1991-09-30,"National period notification (cases, deaths)",Active,Level 1,Pending,"Agent 1 batch 7: IRIS discover API, all 50 WER 1991 issues downloaded and grepped for Nigeria in the notification tables (light 1990s pass, Target 4)",English/French,0,,"Agent 1 batch 7: IRIS discover API, all 50 WER 1991 issues downloaded and grepped for Nigeria in the notification tables (light 1990s pass, Target 4)",AI
482,"WHO Weekly Epidemiological Record 1993;68(10), 5 March 1993 - Notifications received 26 February-4 March 1993, Nigeria cholera 1 July-31 December 1992",https://iris.who.int/handle/10665/228644,"WER No. 10 (5 Mar 1993), 'Diseases subject to the Regulations - Notifications received from 26 February to 4 March 1993': Cholera, Africa, Nigeria 1.VII-31.XII 92, 7 150 cases, 545 deaths (read from the scanned page image).",1992-07-01 to 1992-12-31,"National period notification (cases, deaths)",Active,Level 1,Pending,"Agent 1 batch 7: IRIS discover API, WER 1993 issues downloaded and grepped for Nigeria in the notification tables",English/French,0,,"Agent 1 batch 7: IRIS discover API, WER 1993 issues downloaded and grepped for Nigeria in the notification tables",AI
483,"NCDC Cholera Situation Report, Epi Week 17 2023 (monthly report, epi weeks 14-17, data to 30 April 2023)",https://ncdc.gov.ng/themes/common/files/sitreps/e9f8edd33205ea8a712c9741b2cbd8e4.pdf,,2023-01-01 to 2023-04-30,Surveillance,Active,Level 1,Pending,"Agent 1 batch 10: NCDC cholera sitrep inventory (ncdc.gov.ng/diseases/sitreps, cholera) cross-checked against TR dates on file; the week-17 2023 issue was the only 2023 issue with no rows",en,0,,"Agent 1 batch 10: NCDC cholera sitrep inventory (ncdc.gov.ng/diseases/sitreps, cholera) cross-checked against TR dates on file; the week-17 2023 issue was the only 2023 issue with no rows",AI
484,"Blitz Quotidiano (archive), Nigeria: death toll from cholera outbreak rises to 231, 19 August 2010 (Health Ministry sources)",https://archivio.blitzquotidiano.it/archivio/nigeria-death-toll-from-cholera-outbreak-rises-to-231-511313,,2010-01-01 to 2010-08-19,Surveillance,Active,Level 3,Pending,Agent 1 batch 10: WebSearch 'ECHO Daily Flash Nigeria cholera February 2014 OR March 2014 cases deaths states week' (result surfaced the 2010 item); fetched via the archivio redirect,en,0,,Agent 1 batch 10: WebSearch 'ECHO Daily Flash Nigeria cholera February 2014 OR March 2014 cases deaths states week' (result surfaced the 2010 item); fetched via the archivio redirect,AI
485,"Northeast Nigeria Humanitarian Response: Health Sector Bulletin, April 2025 (WHO / Health Sector BAY states)",https://reliefweb.int/report/nigeria/northeast-nigeria-humanitarian-response-health-sector-bulletin-april-2025,,2025-01-01 to 2025-05-04,Surveillance,Active,Level 1,Pending,Agent 1 batch 10: ReliefWeb RSS 'health sector bulletin Nigeria' listing; issues not yet registered (Mar/Apr/May/Jul/Sep/Nov 2025) swept,en,0,,Agent 1 batch 10: ReliefWeb RSS 'health sector bulletin Nigeria' listing; issues not yet registered (Mar/Apr/May/Jul/Sep/Nov 2025) swept,AI
486,"Northeast Nigeria Humanitarian Response: Health Sector Bulletin, September 2025 (WHO / Health Sector BAY states)",https://reliefweb.int/report/nigeria/northeast-nigeria-humanitarian-response-health-sector-bulletin-september-2025,,2025-08-01 to 2025-09-30,Surveillance,Active,Level 1,Pending,Agent 1 batch 10: ReliefWeb RSS 'health sector bulletin Nigeria' listing; issues not yet registered swept,en,0,,Agent 1 batch 10: ReliefWeb RSS 'health sector bulletin Nigeria' listing; issues not yet registered swept,AI
487,"IRIN via ReliefWeb: Nigeria - Strike paralyses health services (Adamawa), 25 September 2009",https://reliefweb.int/report/nigeria/nigeria-strike-paralyses-health-services,,2009-08-01 to 2009-09-25,Surveillance,Active,Level 3,Pending,Agent 1 batch 11: ReliefWeb RSS date-filtered listing advanced-search=(C175)_(DO20090101-20091231)&search=cholera,en,0,,Agent 1 batch 11: ReliefWeb RSS date-filtered listing advanced-search=(C175)_(DO20090101-20091231)&search=cholera,AI
488,"IRIN via ReliefWeb: Nigeria - Dozens die in cholera outbreak in northern Nigeria (Zamfara, Talata-Mafara), 7 September 2003",https://reliefweb.int/report/nigeria/nigeria-dozens-die-cholera-outbreak-northern-nigeria,,2003-08-25 to 2003-09-05,Surveillance,Active,Level 3,Pending,Agent 1 batch 11: ReliefWeb RSS date-filtered listing advanced-search=(C175)_(DO20030101-20031231)&search=cholera,en,0,,Agent 1 batch 11: ReliefWeb RSS date-filtered listing advanced-search=(C175)_(DO20030101-20031231)&search=cholera,AI
489,"The Guardian Nigeria: Cross River confirms deaths from cholera outbreak, says over 30 receiving treatment (Abi LGA), 19 December 2022",https://guardian.ng/news/cross-river-confirms-deaths-from-cholera-outbreak-says-over-30-receiving-treatment/,,2022-12-15 to 2022-12-19,Surveillance,Active,Level 3,Pending,Agent 1 batch 11: WebSearch Cross River cholera December 2022 Abi Ekureku (state-press route for within-year state resolution),en,0,,Agent 1 batch 11: WebSearch Cross River cholera December 2022 Abi Ekureku (state-press route for within-year state resolution),AI
490,"Legit.ng Hausa: Cutar kwalara ta barke a jihar Nasarawa, mutane 3 sun mutu, 121 sun kamu (Awe and Obi LGAs), 18 November 2021",https://hausa.legit.ng/news/1444106-barkewar-cuta-cutar-kwalara-ta-barke-a-jihar-nasarawa-mutane-3-sun-mutu-121-sun-kamu/,,2021-11-01 to 2021-11-18,Surveillance,Active,Level 3,Pending,Agent 1 batch 12: WebSearch (extended) Hausa 'kwalara ta barke jihar Kaduna OR Neja OR Taraba OR Filato OR Nasarawa 2026' (page metadata datePublished 2021-11-18),en,0,,Agent 1 batch 12: WebSearch (extended) Hausa 'kwalara ta barke jihar Kaduna OR Neja OR Taraba OR Filato OR Nasarawa 2026' (page metadata datePublished 2021-11-18),AI
491,"Nigeria FMoH/NCDC Weekly Epidemiology Report (WER-Nigeria) Vol. 3 No. 4, 1 February 2013",https://web.archive.org/web/20130724021025if_/http://fmh.gov.ng/images/OtherWeeklyDoc/WeeklyEpidemiologyReport_Week_4_feb13.pdf,,2012-01-02 to 2013-01-27,Surveillance,Active,Level 1,Pending,"Agent 1 batch 12: Wayback CDX of fmh.gov.ng (capture 20130724021025, application/pdf) - unregistered WER-Nigeria issue; the NBE special edition Oct 2010 (epid_bulletin.pdf) was never captured",en,0,,"Agent 1 batch 12: Wayback CDX of fmh.gov.ng (capture 20130724021025, application/pdf) - unregistered WER-Nigeria issue; the NBE special edition Oct 2010 (epid_bulletin.pdf) was never captured",AI
492,"Okaba E, Ezelote JC. Cholera outbreak in a rural south-south Nigerian community: a case-control study (Toru-Orua, Sagbama LGA, Bayelsa, May-June 2024). Niger Med J 2024;65(5):647-657",https://pmc.ncbi.nlm.nih.gov/articles/PMC11612323/,,2024-05-20 to 2024-06-09,Surveillance,Active,Level 1,Pending,Agent 1 batch 12: WebSearch (extended) 'cholera outbreak 2026 Bayelsa OR Rivers OR Delta OR Ebonyi OR Anambra OR Akwa Ibom OR Imo state ministry of health confirms cases deaths'; full text via Europe PMC fullTextXML,en,0,,Agent 1 batch 12: WebSearch (extended) 'cholera outbreak 2026 Bayelsa OR Rivers OR Delta OR Ebonyi OR Anambra OR Akwa Ibom OR Imo state ministry of health confirms cases deaths'; full text via Europe PMC fullTextXML,AI
493,"IRIN Update 720 of events in West Africa (Nigeria: Cholera kills 14 in southwest - Ondo, Ilaje), 19 May 2000; with IRIN Update 722, 23 May 2000 (death toll 60)",https://reliefweb.int/report/chad/irin-update-720-events-west-africa,,2000-05-01 to 2000-05-22,Surveillance,Active,Level 3,Pending,Agent 1 batch 12: ReliefWeb RSS date-filtered listing advanced-search=(C175)_(DO20000101-20001231)&search=cholera; landing pages fetched with browser UA,en,0,,Agent 1 batch 12: ReliefWeb RSS date-filtered listing advanced-search=(C175)_(DO20000101-20001231)&search=cholera; landing pages fetched with browser UA,AI
494,"IRIN-WA Weekly Roundup 136 covering the period 3-9 Aug 2002 (Nigeria: Cholera kills 20 in Kebbi), 9 August 2002",https://reliefweb.int/report/niger/irin-wa-weekly-roundup-136-covering-period-3-9-aug-2002,,2002-07-01 to 2002-08-06,Surveillance,Active,Level 3,Pending,Agent 1 batch 12: ReliefWeb RSS date-filtered listing advanced-search=(C175)_(DO20020101-20021231)&search=cholera; landing page scanned for Nigeria cholera counts,en,0,,Agent 1 batch 12: ReliefWeb RSS date-filtered listing advanced-search=(C175)_(DO20020101-20021231)&search=cholera; landing page scanned for Nigeria cholera counts,AI
495,News Central TV Plateau State Cholera Update 15 August 2026,https://newscentraltv.com/?p=438979,"News Central TV (Abisoye Adeyiga, published 2026-08-15T18:32 per article:published_time) relaying Plateau State Commissioner for Health Nicholas Ba'amlong: 537 suspected cholera cases, 17 deaths, 517 discharged, 3 still hospitalised in Jos North LGA. Same briefing carried by Channels TV 15 Aug 2026 (channelstv.com/2026/08/15/plateau-intensifies-efforts-to-contain-cholera-outbreak-as-cases-rise-to-537-deaths-hit-17/, HTTP 403 to fetch).",2026-06-01 to 2026-08-15,News report of state MoH briefing,Active,Level 3,Pending,Agent 2 batch 1 Q2: WebSearch extended 'cholera outbreak state commissioner suspected cases deaths August 2026' restricted to Nigerian national press domains; follow-up search 'Plateau cholera 537 suspected cases 17 deaths Ba'amlong',en,0,"Channels TV 15 Aug 2026; Vanguard 27 Jul 2026 (metadata 38, 441/14)",Agent 2 batch 1 Q2: WebSearch extended 'cholera outbreak state commissioner suspected cases deaths August 2026' restricted to Nigerian national press domains; follow-up search 'Plateau cholera 537 suspected cases 17 deaths Ba'amlong',AI
496,Voice of Nigeria Gombe LGA Cholera Outbreak 10 August 2021,https://von.gov.ng/cholera-outbreak-gombe-state-records-four-deaths/,"Voice of Nigeria (published 2021-08-10T18:17 per article:published_time): Gombe State Commissioner for Health Dr Habu Dahiru declares a cholera outbreak in Gombe LGA - 77 cases reported, 48 tested positive, four deaths; ward breakdown (Bolari 15/10, Bolari West 9/6, Herwa Gana 7/7, Shamaki 34/17, Nassarawa 3/3 with one death, Jekada-Fari 1/0, Kumbiya-Kumbiya 1/1, Pantami 1/1). Also mentions earlier June-July 2021 outbreaks in Yamaltu Deba and Akko LGAs.",2021-07-26 to 2021-08-10,News report of state MoH briefing (LGA and ward counts),Active,Level 3,Pending,Agent 2 batch 1 Q11: WebSearch 'cholera outbreak Gombe 2014 deaths cases hospital commissioner' (returned 2021 items; dates verified from page metadata),en,0,,Agent 2 batch 1 Q11: WebSearch 'cholera outbreak Gombe 2014 deaths cases hospital commissioner' (returned 2021 items; dates verified from page metadata),AI
497,Gazette NGR Gombe Akko LGA Kalajanga Cholera Outbreak Over 16 June 2021,https://gazettengr.com/weve-surmounted-cholera-outbreak-in-gombe-govt/,"Gazette NGR (published 2021-06-16T18:48 per article:published_time): Gombe Commissioner for Health Dr Habu Dahiru declares Kalajanga community (Akko LGA) free from cholera; outbreak declared 27 May 2021 'claimed seven lives with 61 persons hospitalised, treated and discharged'. Outbreak declaration corroborated by Daily Trust 27 May 2021 (dailytrust.com/cholera-outbreak-claims-7-people-in-gombe: 7 deaths, 32 discharged + 6 on admission in the previous seven days, Garko Ward PHC).",2021-05-20 to 2021-06-16,News report of state MoH briefing (LGA outbreak closure),Active,Level 3,Pending,Agent 2 batch 1 Q11: WebSearch 'cholera outbreak Gombe 2014 deaths cases hospital commissioner' (returned 2021 items; dates verified from page metadata),en,0,Daily Trust 27 May 2021; VON 27 May 2021; Ripples Nigeria 27 May 2021,Agent 2 batch 1 Q11: WebSearch 'cholera outbreak Gombe 2014 deaths cases hospital commissioner' (returned 2021 items; dates verified from page metadata),AI
498,21st Century Chronicle Katsina Cholera LGA Figures 29 September 2021,https://21stcenturychronicle.com/?p=22178,"21st Century Chronicle (published 2021-09-29T13:43 per article:published_time): Katsina State Commissioner for Health Yakubu Nuhu Danja at the emergency preparedness and response committee meeting (Wednesday 29 Sep 2021): 7,566 cases and 216 deaths across 34 LGAs; Funtua 1,617 cases / 32 deaths, Jibia 359 / 24, Sabuwa 343 suspected / 4; 345 samples, 157 positive. Statewide figure equals NCDC's 19 Sep 2021 cumulative (7,568/216, Index 3093).",2021-01-01 to 2021-09-29,News report of state MoH briefing (LGA counts),Active,Level 3,Pending,Agent 2 batch 1 Q12: WebSearch 'Katsina State cholera outbreak 2014 kills cases local government' (returned 2021 items; dates verified from page metadata),en,0,"Arise News / Ripples Nigeria 5 Sep 2021 (5,677 cases, >150 deaths); NCDC sitreps 2021",Agent 2 batch 1 Q12: WebSearch 'Katsina State cholera outbreak 2014 kills cases local government' (returned 2021 items; dates verified from page metadata),AI
499,"IRIN Nigeria: Cholera outbreak kills 97 in north (Katsina, Zamfara, Bauchi, Kano), 22 September 2008",https://www.thenewhumanitarian.org/news/2008/09/22/cholera-outbreak-kills-97-north,"IRIN (then part of UN OCHA), dateline Kano, 22 September 2008 (page date and published_time 2008-09-22; retrieved via Wayback capture 20240218 because the live page is Cloudflare-blocked; node/243224 redirects here). Katsina: villages of Makadawa and Kagadama, 20 dead and 30 hospitalised (LG chairman Masur Usman Murnai); Zamfara >60 dead in two weeks (deaths only); Bauchi Nabardo village 9 dead since 13 Sep with 40 'more affected'; Kano 5 dead in past week (deaths only). Search-engine summaries misdate this item to 2013.",2008-09-08 to 2008-09-22,News report (local officials),Active,Level 3,Pending,"Agent 2 batch 1 Q13: WebSearch '""2013"" cholera outbreak Nigeria Zamfara OR Katsina OR Bauchi OR Borno ...' -> thenewhumanitarian.org/node/243224 (403) -> Wayback CDX redirect to the 2008 article",en,0,,"Agent 2 batch 1 Q13: WebSearch '""2013"" cholera outbreak Nigeria Zamfara OR Katsina OR Bauchi OR Borno ...' -> thenewhumanitarian.org/node/243224 (403) -> Wayback CDX redirect to the 2008 article",AI
500,"Vanguard 227 die in Borno, Bauchi cholera attacks, 17 August 2010",https://www.vanguardngr.com/2010/08/227-die-in-borno-bauchi-cholera-attacks/,"Vanguard (Ndahi Marama and Suzan Edeh, published 2010-08-17T20:45 per article:published_time). Bauchi State Primary Health Care Development Agency chairman Dr Musa Dabam: outbreak in its eighth week, about 1,742 infected and 67 deaths statewide (= JHU row 73641); Bauchi LG 1,368 infections / 31 deaths; Ganjuwa LG 284 cases / 20 deaths; Shira, Tafawa Balewa and Toro 10-30 patients each. Borno part: 50 deaths in Abadam, Dikwa, Kala-Balge, Guzamala and Kukawa before spreading to Maiduguri and Jere ('not less than 100' infected) - aggregates/floors, not entered.",2010-06-21 to 2010-08-16,News report of state PHC agency briefing (LGA counts),Active,Level 3,Pending,Agent 2 batch 1 Q14: WebSearch 'Borno cholera 2011 Maiduguri deaths cases outbreak commissioner health 2011' (returned the Aug 2010 item; date verified from page metadata),en,0,,Agent 2 batch 1 Q14: WebSearch 'Borno cholera 2011 Maiduguri deaths cases outbreak commissioner health 2011' (returned the Aug 2010 item; date verified from page metadata),AI
501,Gazette NGR / Ripples Nigeria Kano State Cholera Briefing 19 July 2022,https://gazettengr.com/kano-govt-confirms-189-cholera-cases-in-20-lgas/,"Gazette NGR (NAN copy, published 2022-07-19T21:09) and Ripples Nigeria (2022-07-19T21:33): Kano State Commissioner for Health Dr Aminu Tsanyawa, news conference Tuesday 19 Jul 2022 - no fewer than 189 cholera cases in 20 LGAs in 2022, five deaths, 184 treated and discharged; 2021 comparison 12,116 cases / 329 deaths (JHU full-year 12,116/368).",2022-01-01 to 2022-07-19,News report of state MoH briefing,Active,Level 3,Pending,Agent 2 batch 1 Q19: WebSearch 'Kano cholera 2021 LGAs cases deaths Ungogo Dala Fagge Sumaila commissioner Tsanyawa' (returned the Jul 2022 briefing; dates verified from page metadata),en,0,Ripples Nigeria 19 Jul 2022 (ripplesnigeria.com/kano-govt-confirms-189-cholera-cases-in-20-lgas/),Agent 2 batch 1 Q19: WebSearch 'Kano cholera 2021 LGAs cases deaths Ungogo Dala Fagge Sumaila commissioner Tsanyawa' (returned the Jul 2022 briefing; dates verified from page metadata),AI
502,NCDC Cholera Situation Report Epi Week 32 2021 (Top-10 state and Top-N LGA cumulative tables),https://ncdc.gov.ng/themes/common/files/sitreps/7980f0a79b4d362dd13d6ab51b130e2f.pdf,Nigeria Centre for Disease Control weekly Cholera Situation Report for epi week 32 (9-15 August 2021). Table 3 = top-10 states in cumulative 2021 cases; Table 4 = top-15/20 LGAs in cumulative 2021 cases (text layer extracted with PyMuPDF; pdftotext output is character-spaced). Table 5 (all-state weekly and cumulative summary) is an embedded image in this issue and was not read. Listed in the NCDC sitrep inventory (ncdc.gov.ng/diseases/sitreps/?cat=7) as 'An update of Cholera Outbreak in Nigeria for Week 32'.,2021-01-01 to 9-15 August 2021,National surveillance situation report (state and LGA cumulative tables),Active,Level 1,Pending,Agent 2 batch 2: NCDC cholera sitrep inventory enumerated after WebSearch 'Zamfara cholera 2021 ... LGAs' surfaced 2021 sitrep PDFs; issue not previously registered,en,0,,Agent 2 batch 2: NCDC cholera sitrep inventory enumerated after WebSearch 'Zamfara cholera 2021 ... LGAs' surfaced 2021 sitrep PDFs; issue not previously registered,AI
503,NCDC Cholera Situation Report Epi Week 33 2021 (Top-10 state and Top-N LGA cumulative tables),https://ncdc.gov.ng/themes/common/files/sitreps/b16e0c5e969946cae35eafdc9a9a1ad8.pdf,Nigeria Centre for Disease Control weekly Cholera Situation Report for epi week 33 (16-22 August 2021). Table 3 = top-10 states in cumulative 2021 cases; Table 4 = top-15/20 LGAs in cumulative 2021 cases (text layer extracted with PyMuPDF; pdftotext output is character-spaced). Table 5 (all-state weekly and cumulative summary) is an embedded image in this issue and was not read. Listed in the NCDC sitrep inventory (ncdc.gov.ng/diseases/sitreps/?cat=7) as 'An update of Cholera Outbreak in Nigeria for Week 33'.,2021-01-01 to 16-22 August 2021,National surveillance situation report (state and LGA cumulative tables),Active,Level 1,Pending,Agent 2 batch 2: NCDC cholera sitrep inventory enumerated after WebSearch 'Zamfara cholera 2021 ... LGAs' surfaced 2021 sitrep PDFs; issue not previously registered,en,0,,Agent 2 batch 2: NCDC cholera sitrep inventory enumerated after WebSearch 'Zamfara cholera 2021 ... LGAs' surfaced 2021 sitrep PDFs; issue not previously registered,AI
504,NCDC Cholera Situation Report Epi Week 39 2021 (Top-10 state and Top-N LGA cumulative tables),https://ncdc.gov.ng/themes/common/files/sitreps/7b9f4f576635f30bb9e8ce761b224e5c.pdf,Nigeria Centre for Disease Control weekly Cholera Situation Report for epi week 39 (27 September-3 October 2021). Table 3 = top-10 states in cumulative 2021 cases; Table 4 = top-15/20 LGAs in cumulative 2021 cases (text layer extracted with PyMuPDF; pdftotext output is character-spaced). Table 5 (all-state weekly and cumulative summary) is an embedded image in this issue and was not read. Listed in the NCDC sitrep inventory (ncdc.gov.ng/diseases/sitreps/?cat=7) as 'An update of Cholera Outbreak in Nigeria for Week 39'.,2021-01-01 to 27 September-3 October 2021,National surveillance situation report (state and LGA cumulative tables),Active,Level 1,Pending,Agent 2 batch 2: NCDC cholera sitrep inventory enumerated after WebSearch 'Zamfara cholera 2021 ... LGAs' surfaced 2021 sitrep PDFs; issue not previously registered,en,0,,Agent 2 batch 2: NCDC cholera sitrep inventory enumerated after WebSearch 'Zamfara cholera 2021 ... LGAs' surfaced 2021 sitrep PDFs; issue not previously registered,AI
505,NCDC Cholera Situation Report Epi Week 42 2021 (Top-10 state and Top-N LGA cumulative tables),https://ncdc.gov.ng/themes/common/files/sitreps/177d4bd71f9ad663a6a465ae2f6c6a60.pdf,Nigeria Centre for Disease Control weekly Cholera Situation Report for epi week 42 (18-24 October 2021). Table 3 = top-10 states in cumulative 2021 cases; Table 4 = top-15/20 LGAs in cumulative 2021 cases (text layer extracted with PyMuPDF; pdftotext output is character-spaced). Table 5 (all-state weekly and cumulative summary) is an embedded image in this issue and was not read. Listed in the NCDC sitrep inventory (ncdc.gov.ng/diseases/sitreps/?cat=7) as 'An update of Cholera Outbreak in Nigeria for Week 42'.,2021-01-01 to 18-24 October 2021,National surveillance situation report (state and LGA cumulative tables),Active,Level 1,Pending,Agent 2 batch 2: NCDC cholera sitrep inventory enumerated after WebSearch 'Zamfara cholera 2021 ... LGAs' surfaced 2021 sitrep PDFs; issue not previously registered,en,0,,Agent 2 batch 2: NCDC cholera sitrep inventory enumerated after WebSearch 'Zamfara cholera 2021 ... LGAs' surfaced 2021 sitrep PDFs; issue not previously registered,AI
506,NCDC Cholera Situation Report Epi Week 44 2021 (Top-10 state and Top-N LGA cumulative tables),https://ncdc.gov.ng/themes/common/files/sitreps/1703045f019f6affe2b4c0282e759b75.pdf,Nigeria Centre for Disease Control weekly Cholera Situation Report for epi week 44 (1-7 November 2021). Table 3 = top-10 states in cumulative 2021 cases; Table 4 = top-15/20 LGAs in cumulative 2021 cases (text layer extracted with PyMuPDF; pdftotext output is character-spaced). Table 5 (all-state weekly and cumulative summary) is an embedded image in this issue and was not read. Listed in the NCDC sitrep inventory (ncdc.gov.ng/diseases/sitreps/?cat=7) as 'An update of Cholera Outbreak in Nigeria for Week 44'.,2021-01-01 to 1-7 November 2021,National surveillance situation report (state and LGA cumulative tables),Active,Level 1,Pending,Agent 2 batch 2: NCDC cholera sitrep inventory enumerated after WebSearch 'Zamfara cholera 2021 ... LGAs' surfaced 2021 sitrep PDFs; issue not previously registered,en,0,,Agent 2 batch 2: NCDC cholera sitrep inventory enumerated after WebSearch 'Zamfara cholera 2021 ... LGAs' surfaced 2021 sitrep PDFs; issue not previously registered,AI
507,NCDC Cholera Situation Report Epi Week 45 2021 (Top-10 state and Top-N LGA cumulative tables),https://ncdc.gov.ng/themes/common/files/sitreps/984b8f022068cbf57a32d4f2b97554f0.pdf,Nigeria Centre for Disease Control weekly Cholera Situation Report for epi week 45 (8-14 November 2021). Table 3 = top-10 states in cumulative 2021 cases; Table 4 = top-15/20 LGAs in cumulative 2021 cases (text layer extracted with PyMuPDF; pdftotext output is character-spaced). Table 5 (all-state weekly and cumulative summary) is an embedded image in this issue and was not read. Listed in the NCDC sitrep inventory (ncdc.gov.ng/diseases/sitreps/?cat=7) as 'An update of Cholera Outbreak in Nigeria for Week 45'.,2021-01-01 to 8-14 November 2021,National surveillance situation report (state and LGA cumulative tables),Active,Level 1,Pending,Agent 2 batch 2: NCDC cholera sitrep inventory enumerated after WebSearch 'Zamfara cholera 2021 ... LGAs' surfaced 2021 sitrep PDFs; issue not previously registered,en,0,,Agent 2 batch 2: NCDC cholera sitrep inventory enumerated after WebSearch 'Zamfara cholera 2021 ... LGAs' surfaced 2021 sitrep PDFs; issue not previously registered,AI
508,NCDC Cholera Situation Report Epi Week 46 2021 (Top-10 state and Top-N LGA cumulative tables),https://ncdc.gov.ng/themes/common/files/sitreps/b6be779c78ae3b9f4f3c87f484d62216.pdf,Nigeria Centre for Disease Control weekly Cholera Situation Report for epi week 46 (15-21 November 2021). Table 3 = top-10 states in cumulative 2021 cases; Table 4 = top-15/20 LGAs in cumulative 2021 cases (text layer extracted with PyMuPDF; pdftotext output is character-spaced). Table 5 (all-state weekly and cumulative summary) is an embedded image in this issue and was not read. Listed in the NCDC sitrep inventory (ncdc.gov.ng/diseases/sitreps/?cat=7) as 'An update of Cholera Outbreak in Nigeria for Week 46'.,2021-01-01 to 15-21 November 2021,National surveillance situation report (state and LGA cumulative tables),Active,Level 1,Pending,Agent 2 batch 2: NCDC cholera sitrep inventory enumerated after WebSearch 'Zamfara cholera 2021 ... LGAs' surfaced 2021 sitrep PDFs; issue not previously registered,en,0,,Agent 2 batch 2: NCDC cholera sitrep inventory enumerated after WebSearch 'Zamfara cholera 2021 ... LGAs' surfaced 2021 sitrep PDFs; issue not previously registered,AI
509,NCDC Cholera Situation Report Epi Week 48 2021 (Top-10 state and Top-N LGA cumulative tables),https://ncdc.gov.ng/themes/common/files/sitreps/69a2714904975a3f54c5f01c806e87da.pdf,Nigeria Centre for Disease Control weekly Cholera Situation Report for epi week 48 (29 November-5 December 2021). Table 3 = top-10 states in cumulative 2021 cases; Table 4 = top-15/20 LGAs in cumulative 2021 cases (text layer extracted with PyMuPDF; pdftotext output is character-spaced). Table 5 (all-state weekly and cumulative summary) is an embedded image in this issue and was not read. Listed in the NCDC sitrep inventory (ncdc.gov.ng/diseases/sitreps/?cat=7) as 'An update of Cholera Outbreak in Nigeria for Week 48'.,2021-01-01 to 29 November-5 December 2021,National surveillance situation report (state and LGA cumulative tables),Active,Level 1,Pending,Agent 2 batch 2: NCDC cholera sitrep inventory enumerated after WebSearch 'Zamfara cholera 2021 ... LGAs' surfaced 2021 sitrep PDFs; issue not previously registered,en,0,,Agent 2 batch 2: NCDC cholera sitrep inventory enumerated after WebSearch 'Zamfara cholera 2021 ... LGAs' surfaced 2021 sitrep PDFs; issue not previously registered,AI
510,NCDC Cholera Situation Report Epi Week 49 2021 (Top-10 state and Top-N LGA cumulative tables),https://ncdc.gov.ng/themes/common/files/sitreps/68002c04dd023ac7f263fc9996854cd1.pdf,Nigeria Centre for Disease Control weekly Cholera Situation Report for epi week 49 (6-12 December 2021). Table 3 = top-10 states in cumulative 2021 cases; Table 4 = top-15/20 LGAs in cumulative 2021 cases (text layer extracted with PyMuPDF; pdftotext output is character-spaced). Table 5 (all-state weekly and cumulative summary) is an embedded image in this issue and was not read. Listed in the NCDC sitrep inventory (ncdc.gov.ng/diseases/sitreps/?cat=7) as 'An update of Cholera Outbreak in Nigeria for Week 49'.,2021-01-01 to 6-12 December 2021,National surveillance situation report (state and LGA cumulative tables),Active,Level 1,Pending,Agent 2 batch 2: NCDC cholera sitrep inventory enumerated after WebSearch 'Zamfara cholera 2021 ... LGAs' surfaced 2021 sitrep PDFs; issue not previously registered,en,0,,Agent 2 batch 2: NCDC cholera sitrep inventory enumerated after WebSearch 'Zamfara cholera 2021 ... LGAs' surfaced 2021 sitrep PDFs; issue not previously registered,AI
511,NCDC Cholera Situation Report Epi Week 4 2022 (Top-N state and LGA cumulative tables),https://ncdc.gov.ng/themes/common/files/sitreps/4f56866783b8c066468d1c3cb398e294.pdf,Nigeria Centre for Disease Control weekly Cholera Situation Report for epi week 4 of 2022 (24-30 January 2022). Contains a top-N states and a top-15 LGAs table of 2022 cumulative suspected cases (text layer read with PyMuPDF). Listed in the NCDC sitrep inventory as 'An update of Cholera Outbreak in Nigeria for Week 4'.,2022-01-01 to 24-30 January 2022,National surveillance situation report (state and LGA cumulative tables),Active,Level 1,Pending,Agent 2 batch 3: NCDC cholera sitrep inventory (ncdc.gov.ng/diseases/sitreps/?cat=7); issue not previously registered,en,0,,Agent 2 batch 3: NCDC cholera sitrep inventory (ncdc.gov.ng/diseases/sitreps/?cat=7); issue not previously registered,AI
512,NCDC Cholera Situation Report Epi Week 8 2022 (Top-N state and LGA cumulative tables),https://ncdc.gov.ng/themes/common/files/sitreps/cfe07c473fe2ae552ebaaf01053281fd.pdf,Nigeria Centre for Disease Control weekly Cholera Situation Report for epi week 8 of 2022 (21-27 February 2022). Contains a top-N states and a top-15 LGAs table of 2022 cumulative suspected cases (text layer read with PyMuPDF). Listed in the NCDC sitrep inventory as 'An update of Cholera Outbreak in Nigeria for Week 8'.,2022-01-01 to 21-27 February 2022,National surveillance situation report (state and LGA cumulative tables),Active,Level 1,Pending,Agent 2 batch 3: NCDC cholera sitrep inventory (ncdc.gov.ng/diseases/sitreps/?cat=7); issue not previously registered,en,0,,Agent 2 batch 3: NCDC cholera sitrep inventory (ncdc.gov.ng/diseases/sitreps/?cat=7); issue not previously registered,AI
513,NCDC Cholera Situation Report Epi Week 17 2022 (Top-N state and LGA cumulative tables),https://ncdc.gov.ng/themes/common/files/sitreps/6fd52ae6dec292847db5edfd96806cf9.pdf,Nigeria Centre for Disease Control weekly Cholera Situation Report for epi week 17 of 2022 (25 April-1 May 2022). Contains a top-N states and a top-15 LGAs table of 2022 cumulative suspected cases (text layer read with PyMuPDF). Listed in the NCDC sitrep inventory as 'An update of Cholera Outbreak in Nigeria for Week 17'.,2022-01-01 to 25 April-1 May 2022,National surveillance situation report (state and LGA cumulative tables),Active,Level 1,Pending,Agent 2 batch 3: NCDC cholera sitrep inventory (ncdc.gov.ng/diseases/sitreps/?cat=7); issue not previously registered,en,0,,Agent 2 batch 3: NCDC cholera sitrep inventory (ncdc.gov.ng/diseases/sitreps/?cat=7); issue not previously registered,AI
514,"MSF Nigeria statement on Zamfara cholera (Dr David Kizito), via Voice of Nigeria, 15 August 2025",https://von.gov.ng/over-1500-cholera-infections-recorded-in-zamfara-ngo/,"Voice of Nigeria (NAN copy, published 2025-08-15T07:28 per article:published_time) of an MSF statement issued in Birnin Kebbi on Thursday 14 Aug 2025 by MSF Medical Coordinator Dr David Kizito: >1,500 cholera infections at three Zamfara State MoH facilities supported by MSF. Zurmi CTC 562 suspected cases 16 Jun-5 Aug 2025 (mostly from Yambuki, Kadamusa and Zurmi town); Shinkafi General Hospital about 401 cases 11 Jul-5 Aug; Talata Mafara 'over 600' 1 Jul-8 Aug (floor, not entered). Leadership 21 Aug 2025 'MSF raises alarm over escalating cholera outbreak in Zamfara' carries the same statement.",2025-06-16 to 2025-08-08,NGO statement relayed by state broadcaster (facility counts by LGA),Active,Level 2,Pending,Agent 2 batch 3 Q19: WebSearch extended 'Sokoto OR Kebbi OR Zamfara cholera outbreak August September 2026 ...' (returned the Aug 2025 MSF item; date verified),en,0,Leadership 21 Aug 2025; Guardian NG features/health,Agent 2 batch 3 Q19: WebSearch extended 'Sokoto OR Kebbi OR Zamfara cholera outbreak August September 2026 ...' (returned the Aug 2025 MSF item; date verified),AI
515,"Leadership: Cholera outbreak reportedly kills 6 bandits in Zamfara hideout (Anka LGA), 3 August 2026",https://leadership.ng/cholera-outbreak-reportedly-kills-6-bandits-in-zamfara-hideout/,"Leadership (published 2026-08-03T23:42 per article:published_time): security and community sources report a cholera outbreak in the forest camp of bandit leader Muhammadu Gwaska, Anka LGA, Zamfara, killing at least six including his deputy; no case count and no laboratory confirmation. Presence evidence only.",2026-07-25 to 2026-08-03,News report (security/community sources),Active,Level 3,Pending,Agent 2 batch 3 Q19: same WebSearch,en,0,,Agent 2 batch 3 Q19: same WebSearch,AI
516,"OCHA Humanitarian Bulletin Nigeria July 2014 (Cholera Update, week 27)",https://reliefweb.int/report/nigeria/humanitarian-bulletin-nigeria-july-2014,"OCHA Nigeria Humanitarian Bulletin, July 2014 (ReliefWeb 24 Jul 2014). Cholera Update citing WHO: week 27 2014 - 488 cases / 33 deaths from 24 LGAs in eight states (Adamawa, Bauchi, Borno, Kaduna, Kano, Kebbi, Plateau, Zamfara); Kano, Kaduna, Kebbi and Zamfara = 400/488; cumulative 24,683 at week 27 (national figures already in JHU). No per-state counts.",2014-06-30 to 2014-07-06,Humanitarian bulletin (presence by state),Active,Level 2,Pending,Agent 2 batch 5 Q12: ReliefWeb RSS C175+cholera 2014-05-01..2014-10-31,en,0,,Agent 2 batch 5 Q12: ReliefWeb RSS C175+cholera 2014-05-01..2014-10-31,AI
517,UNICEF Nigeria CO Humanitarian Situation Report June 2014,https://reliefweb.int/report/nigeria/nigeria-co-humanitarian-situation-report-june-2014,"UNICEF Nigeria country office humanitarian sitrep, June 2014 (ReliefWeb 23 Jul 2014): national 23,765 cases / 288 deaths (conflicts with JHU 23,707/309, not entered by Agent 1); UNICEF supported state responses 'to the cholera outbreak in Kano, Bauchi, Kaduna, Kogi, FCT, and Benue states'. No per-state counts.",2014-01-01 to 2014-06-30,Humanitarian situation report (presence by state),Active,Level 2,Pending,Agent 2 batch 5 Q12: ReliefWeb RSS C175+cholera 2014-05-01..2014-10-31,en,0,,Agent 2 batch 5 Q12: ReliefWeb RSS C175+cholera 2014-05-01..2014-10-31,AI
518,"Voice of Nigeria: Cholera outbreak reported in Niger State LGAs, 24 July 2025",https://von.gov.ng/cholera-outbreak-reported-in-niger-state-lgas/,"Voice of Nigeria (published 2025-07-24T08:14 per article:published_time; same text on allAfrica 202507240073): Niger State outbreak first detected Sunday 20 Jul 2025 in Shiroro LGA; 13 deaths, 130 hospitalised, 'a total of 239 cases'; LGA split Chanchaga 67, Bosso 68, Shiroro 58, Bida 20, Magama 20, Munya 20 (sums to 253, i.e. more than the stated 239). Commissioner for Primary Health Dr Ibrahim Ahmed Dangana; Director of Public Health Dr Ibrahim Idris. Ripples Nigeria 23 Jul 2025 (12 dead, 230 hospitalised) corroborates the event.",2025-07-20 to 2025-07-23,News report of state MoH briefing (LGA counts),Active,Level 3,Pending,Agent 2 batch 6 Q5: WebSearch 'Niger State cholera 2025 Minna Bosso Shiroro Magama Bisa Munya cases deaths LGA commissioner',en,0,allAfrica 24 Jul 2025; Ripples Nigeria 23 Jul 2025; Daily Nigerian 23 Jul 2025,Agent 2 batch 6 Q5: WebSearch 'Niger State cholera 2025 Minna Bosso Shiroro Magama Bisa Munya cases deaths LGA commissioner',AI
519,"UNICEF Nigeria Sitrep No. 1, Cholera Response in Zamfara, 3-8 July 2025 (GlobalGiving-hosted copy)",https://www.globalgiving.org/pfil/72053/projdoc.pdf,"UNICEF Nigeria situation report No. 1 'Cholera Response in Zamfara', reporting period 3-8 July 2025 (copy hosted by GlobalGiving as a project document; header www.unicef.org/appeals/Nigeria/situation-reports). Zamfara EOC activated 3 Jul 2025; as of 9 July (week 28) 1,619 suspected cases since January 2025, 6 confirmed, 12 of 14 LGAs, 31 deaths (CFR 1.9%); Gusau 902 (56%), Zurmi 248 (15%), Bungudu 191 (12%), Tsafe 114 (7%); +449 cases and +7 deaths in the week compared with before 4 July.",2025-01-01 to 2025-07-09,UN situation report (state and LGA cumulative counts),Active,Level 2,Pending,Agent 2 batch 7 Q1: WebSearch 'Zamfara cholera 2025 LGAs cases deaths Gusau Maru Bungudu ...' -> globalgiving.org/pfil/72053/projdoc.pdf,en,0,,Agent 2 batch 7 Q1: WebSearch 'Zamfara cholera 2025 LGAs cases deaths Gusau Maru Bungudu ...' -> globalgiving.org/pfil/72053/projdoc.pdf,AI
520,"NCDC Cholera Situation Report Epi Week 12 2021 (Table 1, all-state cumulative table)",https://ncdc.gov.ng/themes/common/files/sitreps/f6602dae8b376c69fbc2623eac432251.pdf,"Nigeria Centre for Disease Control Cholera Situation Report for epi week 12 of 2021 (15-21 March 2021 (published as Week 12; Table 1 covers weeks 1-12)). Table 1 'Reported suspected cholera cases by state Week 01-12, 2021' lists every state with cases to date with cumulative suspected cases, deaths, CFR and RDT/culture results (text layer read with PyMuPDF). Earlier-layout issue; no top-LGA table.",2021-01-01 to 15-21 March 2021 (published as Week 12; Table 1 covers weeks 1-12),National surveillance situation report (all-state cumulative table),Active,Level 1,Pending,"Agent 2 batch 7: NCDC cholera sitrep inventory (ncdc.gov.ng/diseases/sitreps/?cat=7), 2021 weeks 12 and 24-29 not previously registered",en,0,,"Agent 2 batch 7: NCDC cholera sitrep inventory (ncdc.gov.ng/diseases/sitreps/?cat=7), 2021 weeks 12 and 24-29 not previously registered",AI
521,"NCDC Cholera Situation Report Epi Week 24 2021 (Table 1, all-state cumulative table)",https://ncdc.gov.ng/themes/common/files/sitreps/8c04f2a073c67e11c08a4e2d37a3124b.pdf,"Nigeria Centre for Disease Control Cholera Situation Report for epi week 24 of 2021 (14-20 June 2021). Table 1 'Reported suspected cholera cases by state Week 01-24, 2021' lists every state with cases to date with cumulative suspected cases, deaths, CFR and RDT/culture results (text layer read with PyMuPDF). Earlier-layout issue; no top-LGA table.",2021-01-01 to 14-20 June 2021,National surveillance situation report (all-state cumulative table),Active,Level 1,Pending,"Agent 2 batch 7: NCDC cholera sitrep inventory (ncdc.gov.ng/diseases/sitreps/?cat=7), 2021 weeks 12 and 24-29 not previously registered",en,0,,"Agent 2 batch 7: NCDC cholera sitrep inventory (ncdc.gov.ng/diseases/sitreps/?cat=7), 2021 weeks 12 and 24-29 not previously registered",AI
522,"NCDC Cholera Situation Report Epi Week 25 2021 (Table 1, all-state cumulative table)",https://ncdc.gov.ng/themes/common/files/sitreps/1d3271f656ea9bd07f3c9885a0b5a26c.pdf,"Nigeria Centre for Disease Control Cholera Situation Report for epi week 25 of 2021 (21-27 June 2021). Table 1 'Reported suspected cholera cases by state Week 01-25, 2021' lists every state with cases to date with cumulative suspected cases, deaths, CFR and RDT/culture results (text layer read with PyMuPDF). Earlier-layout issue; no top-LGA table.",2021-01-01 to 21-27 June 2021,National surveillance situation report (all-state cumulative table),Active,Level 1,Pending,"Agent 2 batch 7: NCDC cholera sitrep inventory (ncdc.gov.ng/diseases/sitreps/?cat=7), 2021 weeks 12 and 24-29 not previously registered",en,0,,"Agent 2 batch 7: NCDC cholera sitrep inventory (ncdc.gov.ng/diseases/sitreps/?cat=7), 2021 weeks 12 and 24-29 not previously registered",AI
523,"NCDC Cholera Situation Report Epi Week 27 2021 (Table 1, all-state cumulative table)",https://ncdc.gov.ng/themes/common/files/sitreps/33f6e05763910a9b3782c5f6455d0844.pdf,"Nigeria Centre for Disease Control Cholera Situation Report for epi week 27 of 2021 (5-11 July 2021). Table 1 'Reported suspected cholera cases by state Week 01-27, 2021' lists every state with cases to date with cumulative suspected cases, deaths, CFR and RDT/culture results (text layer read with PyMuPDF). Earlier-layout issue; no top-LGA table.",2021-01-01 to 5-11 July 2021,National surveillance situation report (all-state cumulative table),Active,Level 1,Pending,"Agent 2 batch 7: NCDC cholera sitrep inventory (ncdc.gov.ng/diseases/sitreps/?cat=7), 2021 weeks 12 and 24-29 not previously registered",en,0,,"Agent 2 batch 7: NCDC cholera sitrep inventory (ncdc.gov.ng/diseases/sitreps/?cat=7), 2021 weeks 12 and 24-29 not previously registered",AI
524,"NCDC Cholera Situation Report Epi Week 29 2021 (Table 1, all-state cumulative table)",https://ncdc.gov.ng/themes/common/files/sitreps/a598a4cc115a8f7ce5befe4087f4330c.pdf,"Nigeria Centre for Disease Control Cholera Situation Report for epi week 29 of 2021 (19-25 July 2021). Table 1 'Reported suspected cholera cases by state Week 01-29, 2021' lists every state with cases to date with cumulative suspected cases, deaths, CFR and RDT/culture results (text layer read with PyMuPDF). Earlier-layout issue; no top-LGA table.",2021-01-01 to 19-25 July 2021,National surveillance situation report (all-state cumulative table),Active,Level 1,Pending,"Agent 2 batch 7: NCDC cholera sitrep inventory (ncdc.gov.ng/diseases/sitreps/?cat=7), 2021 weeks 12 and 24-29 not previously registered",en,0,,"Agent 2 batch 7: NCDC cholera sitrep inventory (ncdc.gov.ng/diseases/sitreps/?cat=7), 2021 weeks 12 and 24-29 not previously registered",AI
525,"NCDC Weekly Epidemiological Report 2017, Volume 7, epi week 9 issue (cholera section)",https://ncdc.gov.ng/themes/common/docs/wers/29_1490702416.pdf,"NCDC Weekly Epidemiological Report (routine IDSR weekly bulletin), 2017 Volume 7, issue covering epi week 9 of 2017 (listing page ncdc.gov.ng/reports/weekly/2017/*/10). The Cholera section names the states/LGAs reporting suspected cases in the week and gives the same-week 2016 comparison, often naming the 2016 LGA. Routine IDSR stream: it can undercount outbreak line lists (e.g. the week-36 issue omits Kebbi and Zamfara, which the NCDC cholera situation report lists).",2016-2017 epi week 9,National weekly epidemiological bulletin (state/LGA weekly counts),Active,Level 1,Pending,"Agent 2 batch 7: NCDC weekly report archive (ncdc.gov.ng/reports/weekly) 2017 issues, cholera paragraph parsed with PyMuPDF",en,0,,"Agent 2 batch 7: NCDC weekly report archive (ncdc.gov.ng/reports/weekly) 2017 issues, cholera paragraph parsed with PyMuPDF",AI
526,"NCDC Weekly Epidemiological Report 2017, Volume 7, epi week 10 issue (cholera section)",https://ncdc.gov.ng/themes/common/docs/wers/30_1490707140.pdf,"NCDC Weekly Epidemiological Report (routine IDSR weekly bulletin), 2017 Volume 7, issue covering epi week 10 of 2017 (listing page ncdc.gov.ng/reports/weekly/2017/*/11). The Cholera section names the states/LGAs reporting suspected cases in the week and gives the same-week 2016 comparison, often naming the 2016 LGA. Routine IDSR stream: it can undercount outbreak line lists (e.g. the week-36 issue omits Kebbi and Zamfara, which the NCDC cholera situation report lists).",2016-2017 epi week 10,National weekly epidemiological bulletin (state/LGA weekly counts),Active,Level 1,Pending,"Agent 2 batch 7: NCDC weekly report archive (ncdc.gov.ng/reports/weekly) 2017 issues, cholera paragraph parsed with PyMuPDF",en,0,,"Agent 2 batch 7: NCDC weekly report archive (ncdc.gov.ng/reports/weekly) 2017 issues, cholera paragraph parsed with PyMuPDF",AI
527,"NCDC Weekly Epidemiological Report 2017, Volume 7, epi week 11 issue (cholera section)",https://ncdc.gov.ng/themes/common/docs/wers/32_1491834519.pdf,"NCDC Weekly Epidemiological Report (routine IDSR weekly bulletin), 2017 Volume 7, issue covering epi week 11 of 2017 (listing page ncdc.gov.ng/reports/weekly/2017/*/12). The Cholera section names the states/LGAs reporting suspected cases in the week and gives the same-week 2016 comparison, often naming the 2016 LGA. Routine IDSR stream: it can undercount outbreak line lists (e.g. the week-36 issue omits Kebbi and Zamfara, which the NCDC cholera situation report lists).",2016-2017 epi week 11,National weekly epidemiological bulletin (state/LGA weekly counts),Active,Level 1,Pending,"Agent 2 batch 7: NCDC weekly report archive (ncdc.gov.ng/reports/weekly) 2017 issues, cholera paragraph parsed with PyMuPDF",en,0,,"Agent 2 batch 7: NCDC weekly report archive (ncdc.gov.ng/reports/weekly) 2017 issues, cholera paragraph parsed with PyMuPDF",AI
528,"NCDC Weekly Epidemiological Report 2017, Volume 7, epi week 16 issue (cholera section)",https://ncdc.gov.ng/themes/common/docs/wers/46_1494429885.pdf,"NCDC Weekly Epidemiological Report (routine IDSR weekly bulletin), 2017 Volume 7, issue covering epi week 16 of 2017 (listing page ncdc.gov.ng/reports/weekly/2017/*/18). The Cholera section names the states/LGAs reporting suspected cases in the week and gives the same-week 2016 comparison, often naming the 2016 LGA. Routine IDSR stream: it can undercount outbreak line lists (e.g. the week-36 issue omits Kebbi and Zamfara, which the NCDC cholera situation report lists).",2016-2017 epi week 16,National weekly epidemiological bulletin (state/LGA weekly counts),Active,Level 1,Pending,"Agent 2 batch 7: NCDC weekly report archive (ncdc.gov.ng/reports/weekly) 2017 issues, cholera paragraph parsed with PyMuPDF",en,0,,"Agent 2 batch 7: NCDC weekly report archive (ncdc.gov.ng/reports/weekly) 2017 issues, cholera paragraph parsed with PyMuPDF",AI
529,"NCDC Weekly Epidemiological Report 2017, Volume 7, epi week 19 issue (cholera section)",https://ncdc.gov.ng/themes/common/docs/wers/49_1496148012.pdf,"NCDC Weekly Epidemiological Report (routine IDSR weekly bulletin), 2017 Volume 7, issue covering epi week 19 of 2017 (listing page ncdc.gov.ng/reports/weekly/2017/*/21). The Cholera section names the states/LGAs reporting suspected cases in the week and gives the same-week 2016 comparison, often naming the 2016 LGA. Routine IDSR stream: it can undercount outbreak line lists (e.g. the week-36 issue omits Kebbi and Zamfara, which the NCDC cholera situation report lists).",2016-2017 epi week 19,National weekly epidemiological bulletin (state/LGA weekly counts),Active,Level 1,Pending,"Agent 2 batch 7: NCDC weekly report archive (ncdc.gov.ng/reports/weekly) 2017 issues, cholera paragraph parsed with PyMuPDF",en,0,,"Agent 2 batch 7: NCDC weekly report archive (ncdc.gov.ng/reports/weekly) 2017 issues, cholera paragraph parsed with PyMuPDF",AI
530,"NCDC Weekly Epidemiological Report 2017, Volume 7, epi week 20 issue (cholera section)",https://ncdc.gov.ng/themes/common/docs/wers/50_1496769361.pdf,"NCDC Weekly Epidemiological Report (routine IDSR weekly bulletin), 2017 Volume 7, issue covering epi week 20 of 2017 (listing page ncdc.gov.ng/reports/weekly/2017/*/22). The Cholera section names the states/LGAs reporting suspected cases in the week and gives the same-week 2016 comparison, often naming the 2016 LGA. Routine IDSR stream: it can undercount outbreak line lists (e.g. the week-36 issue omits Kebbi and Zamfara, which the NCDC cholera situation report lists).",2016-2017 epi week 20,National weekly epidemiological bulletin (state/LGA weekly counts),Active,Level 1,Pending,"Agent 2 batch 7: NCDC weekly report archive (ncdc.gov.ng/reports/weekly) 2017 issues, cholera paragraph parsed with PyMuPDF",en,0,,"Agent 2 batch 7: NCDC weekly report archive (ncdc.gov.ng/reports/weekly) 2017 issues, cholera paragraph parsed with PyMuPDF",AI
531,"NCDC Weekly Epidemiological Report 2017, Volume 7, epi week 21 issue (cholera section)",https://ncdc.gov.ng/themes/common/docs/wers/51_1497361409.pdf,"NCDC Weekly Epidemiological Report (routine IDSR weekly bulletin), 2017 Volume 7, issue covering epi week 21 of 2017 (listing page ncdc.gov.ng/reports/weekly/2017/*/23). The Cholera section names the states/LGAs reporting suspected cases in the week and gives the same-week 2016 comparison, often naming the 2016 LGA. Routine IDSR stream: it can undercount outbreak line lists (e.g. the week-36 issue omits Kebbi and Zamfara, which the NCDC cholera situation report lists).",2016-2017 epi week 21,National weekly epidemiological bulletin (state/LGA weekly counts),Active,Level 1,Pending,"Agent 2 batch 7: NCDC weekly report archive (ncdc.gov.ng/reports/weekly) 2017 issues, cholera paragraph parsed with PyMuPDF",en,0,,"Agent 2 batch 7: NCDC weekly report archive (ncdc.gov.ng/reports/weekly) 2017 issues, cholera paragraph parsed with PyMuPDF",AI
532,"NCDC Weekly Epidemiological Report 2017, Volume 7, epi week 26 issue (cholera section)",https://ncdc.gov.ng/themes/common/docs/wers/62_1500389503.pdf,"NCDC Weekly Epidemiological Report (routine IDSR weekly bulletin), 2017 Volume 7, issue covering epi week 26 of 2017 (listing page ncdc.gov.ng/reports/weekly/2017/*/26). The Cholera section names the states/LGAs reporting suspected cases in the week and gives the same-week 2016 comparison, often naming the 2016 LGA. Routine IDSR stream: it can undercount outbreak line lists (e.g. the week-36 issue omits Kebbi and Zamfara, which the NCDC cholera situation report lists).",2016-2017 epi week 26,National weekly epidemiological bulletin (state/LGA weekly counts),Active,Level 1,Pending,"Agent 2 batch 7: NCDC weekly report archive (ncdc.gov.ng/reports/weekly) 2017 issues, cholera paragraph parsed with PyMuPDF",en,0,,"Agent 2 batch 7: NCDC weekly report archive (ncdc.gov.ng/reports/weekly) 2017 issues, cholera paragraph parsed with PyMuPDF",AI
533,"NCDC Weekly Epidemiological Report 2017, Volume 7, epi week 35 issue (cholera section)",https://ncdc.gov.ng/themes/common/docs/wers/82_1505850937.pdf,"NCDC Weekly Epidemiological Report (routine IDSR weekly bulletin), 2017 Volume 7, issue covering epi week 35 of 2017 (listing page ncdc.gov.ng/reports/weekly/2017/*/35). The Cholera section names the states/LGAs reporting suspected cases in the week and gives the same-week 2016 comparison, often naming the 2016 LGA. Routine IDSR stream: it can undercount outbreak line lists (e.g. the week-36 issue omits Kebbi and Zamfara, which the NCDC cholera situation report lists).",2016-2017 epi week 35,National weekly epidemiological bulletin (state/LGA weekly counts),Active,Level 1,Pending,"Agent 2 batch 7: NCDC weekly report archive (ncdc.gov.ng/reports/weekly) 2017 issues, cholera paragraph parsed with PyMuPDF",en,0,,"Agent 2 batch 7: NCDC weekly report archive (ncdc.gov.ng/reports/weekly) 2017 issues, cholera paragraph parsed with PyMuPDF",AI
534,"NCDC Weekly Epidemiological Report 2017, Volume 7, epi week 36 issue (cholera section)",https://ncdc.gov.ng/themes/common/docs/wers/84_1506452355.pdf,"NCDC Weekly Epidemiological Report (routine IDSR weekly bulletin), 2017 Volume 7, issue covering epi week 36 of 2017 (listing page ncdc.gov.ng/reports/weekly/2017/*/36). The Cholera section names the states/LGAs reporting suspected cases in the week and gives the same-week 2016 comparison, often naming the 2016 LGA. Routine IDSR stream: it can undercount outbreak line lists (e.g. the week-36 issue omits Kebbi and Zamfara, which the NCDC cholera situation report lists).",2016-2017 epi week 36,National weekly epidemiological bulletin (state/LGA weekly counts),Active,Level 1,Pending,"Agent 2 batch 7: NCDC weekly report archive (ncdc.gov.ng/reports/weekly) 2017 issues, cholera paragraph parsed with PyMuPDF",en,0,,"Agent 2 batch 7: NCDC weekly report archive (ncdc.gov.ng/reports/weekly) 2017 issues, cholera paragraph parsed with PyMuPDF",AI
535,"NCDC Weekly Epidemiological Report 2017, Volume 7, epi week 37 issue (cholera section)",https://ncdc.gov.ng/themes/common/docs/wers/85_1507059921.pdf,"NCDC Weekly Epidemiological Report (routine IDSR weekly bulletin), 2017 Volume 7, issue covering epi week 37 of 2017 (listing page ncdc.gov.ng/reports/weekly/2017/*/37). The Cholera section names the states/LGAs reporting suspected cases in the week and gives the same-week 2016 comparison, often naming the 2016 LGA. Routine IDSR stream: it can undercount outbreak line lists (e.g. the week-36 issue omits Kebbi and Zamfara, which the NCDC cholera situation report lists).",2016-2017 epi week 37,National weekly epidemiological bulletin (state/LGA weekly counts),Active,Level 1,Pending,"Agent 2 batch 7: NCDC weekly report archive (ncdc.gov.ng/reports/weekly) 2017 issues, cholera paragraph parsed with PyMuPDF",en,0,,"Agent 2 batch 7: NCDC weekly report archive (ncdc.gov.ng/reports/weekly) 2017 issues, cholera paragraph parsed with PyMuPDF",AI
536,"NCDC Weekly Epidemiological Report 2017, Volume 7, epi week 39 issue (cholera section)",https://ncdc.gov.ng/themes/common/docs/wers/87_1508277054.pdf,"NCDC Weekly Epidemiological Report (routine IDSR weekly bulletin), 2017 Volume 7, issue covering epi week 39 of 2017 (listing page ncdc.gov.ng/reports/weekly/2017/*/39). The Cholera section names the states/LGAs reporting suspected cases in the week and gives the same-week 2016 comparison, often naming the 2016 LGA. Routine IDSR stream: it can undercount outbreak line lists (e.g. the week-36 issue omits Kebbi and Zamfara, which the NCDC cholera situation report lists).",2016-2017 epi week 39,National weekly epidemiological bulletin (state/LGA weekly counts),Active,Level 1,Pending,"Agent 2 batch 7: NCDC weekly report archive (ncdc.gov.ng/reports/weekly) 2017 issues, cholera paragraph parsed with PyMuPDF",en,0,,"Agent 2 batch 7: NCDC weekly report archive (ncdc.gov.ng/reports/weekly) 2017 issues, cholera paragraph parsed with PyMuPDF",AI
537,"NCDC Weekly Epidemiological Report 2017, Volume 7, epi week 40 issue (cholera section)",https://ncdc.gov.ng/themes/common/docs/wers/88_1508871928.pdf,"NCDC Weekly Epidemiological Report (routine IDSR weekly bulletin), 2017 Volume 7, issue covering epi week 40 of 2017 (listing page ncdc.gov.ng/reports/weekly/2017/*/40). The Cholera section names the states/LGAs reporting suspected cases in the week and gives the same-week 2016 comparison, often naming the 2016 LGA. Routine IDSR stream: it can undercount outbreak line lists (e.g. the week-36 issue omits Kebbi and Zamfara, which the NCDC cholera situation report lists).",2016-2017 epi week 40,National weekly epidemiological bulletin (state/LGA weekly counts),Active,Level 1,Pending,"Agent 2 batch 7: NCDC weekly report archive (ncdc.gov.ng/reports/weekly) 2017 issues, cholera paragraph parsed with PyMuPDF",en,0,,"Agent 2 batch 7: NCDC weekly report archive (ncdc.gov.ng/reports/weekly) 2017 issues, cholera paragraph parsed with PyMuPDF",AI
538,"NCDC Weekly Epidemiological Report 2017, Volume 7, epi week 43 issue (cholera section)",https://ncdc.gov.ng/themes/common/docs/wers/92_1510684782.pdf,"NCDC Weekly Epidemiological Report (routine IDSR weekly bulletin), 2017 Volume 7, issue covering epi week 43 of 2017 (listing page ncdc.gov.ng/reports/weekly/2017/*/43). The Cholera section names the states/LGAs reporting suspected cases in the week and gives the same-week 2016 comparison, often naming the 2016 LGA. Routine IDSR stream: it can undercount outbreak line lists (e.g. the week-36 issue omits Kebbi and Zamfara, which the NCDC cholera situation report lists).",2016-2017 epi week 43,National weekly epidemiological bulletin (state/LGA weekly counts),Active,Level 1,Pending,"Agent 2 batch 7: NCDC weekly report archive (ncdc.gov.ng/reports/weekly) 2017 issues, cholera paragraph parsed with PyMuPDF",en,0,,"Agent 2 batch 7: NCDC weekly report archive (ncdc.gov.ng/reports/weekly) 2017 issues, cholera paragraph parsed with PyMuPDF",AI
539,"NCDC Weekly Epidemiological Report 2017, Volume 7, epi week 44 issue (cholera section)",https://ncdc.gov.ng/themes/common/docs/wers/93_1511294973.pdf,"NCDC Weekly Epidemiological Report (routine IDSR weekly bulletin), 2017 Volume 7, issue covering epi week 44 of 2017 (listing page ncdc.gov.ng/reports/weekly/2017/*/44). The Cholera section names the states/LGAs reporting suspected cases in the week and gives the same-week 2016 comparison, often naming the 2016 LGA. Routine IDSR stream: it can undercount outbreak line lists (e.g. the week-36 issue omits Kebbi and Zamfara, which the NCDC cholera situation report lists).",2016-2017 epi week 44,National weekly epidemiological bulletin (state/LGA weekly counts),Active,Level 1,Pending,"Agent 2 batch 7: NCDC weekly report archive (ncdc.gov.ng/reports/weekly) 2017 issues, cholera paragraph parsed with PyMuPDF",en,0,,"Agent 2 batch 7: NCDC weekly report archive (ncdc.gov.ng/reports/weekly) 2017 issues, cholera paragraph parsed with PyMuPDF",AI
540,"NCDC Weekly Epidemiological Report 2017, Volume 7, epi week 45 issue (cholera section)",https://ncdc.gov.ng/themes/common/docs/wers/94_1511896816.pdf,"NCDC Weekly Epidemiological Report (routine IDSR weekly bulletin), 2017 Volume 7, issue covering epi week 45 of 2017 (listing page ncdc.gov.ng/reports/weekly/2017/*/45). The Cholera section names the states/LGAs reporting suspected cases in the week and gives the same-week 2016 comparison, often naming the 2016 LGA. Routine IDSR stream: it can undercount outbreak line lists (e.g. the week-36 issue omits Kebbi and Zamfara, which the NCDC cholera situation report lists).",2016-2017 epi week 45,National weekly epidemiological bulletin (state/LGA weekly counts),Active,Level 1,Pending,"Agent 2 batch 7: NCDC weekly report archive (ncdc.gov.ng/reports/weekly) 2017 issues, cholera paragraph parsed with PyMuPDF",en,0,,"Agent 2 batch 7: NCDC weekly report archive (ncdc.gov.ng/reports/weekly) 2017 issues, cholera paragraph parsed with PyMuPDF",AI
541,"NCDC Weekly Epidemiological Report 2017, Volume 7, epi week 46 issue (cholera section)",https://ncdc.gov.ng/themes/common/docs/wers/95_1512504215.pdf,"NCDC Weekly Epidemiological Report (routine IDSR weekly bulletin), 2017 Volume 7, issue covering epi week 46 of 2017 (listing page ncdc.gov.ng/reports/weekly/2017/*/46). The Cholera section names the states/LGAs reporting suspected cases in the week and gives the same-week 2016 comparison, often naming the 2016 LGA. Routine IDSR stream: it can undercount outbreak line lists (e.g. the week-36 issue omits Kebbi and Zamfara, which the NCDC cholera situation report lists).",2016-2017 epi week 46,National weekly epidemiological bulletin (state/LGA weekly counts),Active,Level 1,Pending,"Agent 2 batch 7: NCDC weekly report archive (ncdc.gov.ng/reports/weekly) 2017 issues, cholera paragraph parsed with PyMuPDF",en,0,,"Agent 2 batch 7: NCDC weekly report archive (ncdc.gov.ng/reports/weekly) 2017 issues, cholera paragraph parsed with PyMuPDF",AI
542,"NCDC Weekly Epidemiological Report 2017, Volume 7, epi week 47 issue (cholera section)",https://ncdc.gov.ng/themes/common/docs/wers/96_1513113168.pdf,"NCDC Weekly Epidemiological Report (routine IDSR weekly bulletin), 2017 Volume 7, issue covering epi week 47 of 2017 (listing page ncdc.gov.ng/reports/weekly/2017/*/47). The Cholera section names the states/LGAs reporting suspected cases in the week and gives the same-week 2016 comparison, often naming the 2016 LGA. Routine IDSR stream: it can undercount outbreak line lists (e.g. the week-36 issue omits Kebbi and Zamfara, which the NCDC cholera situation report lists).",2016-2017 epi week 47,National weekly epidemiological bulletin (state/LGA weekly counts),Active,Level 1,Pending,"Agent 2 batch 7: NCDC weekly report archive (ncdc.gov.ng/reports/weekly) 2017 issues, cholera paragraph parsed with PyMuPDF",en,0,,"Agent 2 batch 7: NCDC weekly report archive (ncdc.gov.ng/reports/weekly) 2017 issues, cholera paragraph parsed with PyMuPDF",AI
543,"NCDC Weekly Epidemiological Report 2017, Volume 7, epi week 48 issue (cholera section)",https://ncdc.gov.ng/themes/common/docs/wers/97_1513695356.pdf,"NCDC Weekly Epidemiological Report (routine IDSR weekly bulletin), 2017 Volume 7, issue covering epi week 48 of 2017 (listing page ncdc.gov.ng/reports/weekly/2017/*/48). The Cholera section names the states/LGAs reporting suspected cases in the week and gives the same-week 2016 comparison, often naming the 2016 LGA. Routine IDSR stream: it can undercount outbreak line lists (e.g. the week-36 issue omits Kebbi and Zamfara, which the NCDC cholera situation report lists).",2016-2017 epi week 48,National weekly epidemiological bulletin (state/LGA weekly counts),Active,Level 1,Pending,"Agent 2 batch 7: NCDC weekly report archive (ncdc.gov.ng/reports/weekly) 2017 issues, cholera paragraph parsed with PyMuPDF",en,0,,"Agent 2 batch 7: NCDC weekly report archive (ncdc.gov.ng/reports/weekly) 2017 issues, cholera paragraph parsed with PyMuPDF",AI
544,"NCDC Weekly Epidemiological Report 2017, Volume 7, epi week 49 issue (cholera section)",https://ncdc.gov.ng/themes/common/docs/wers/98_1514362275.pdf,"NCDC Weekly Epidemiological Report (routine IDSR weekly bulletin), 2017 Volume 7, issue covering epi week 49 of 2017 (listing page ncdc.gov.ng/reports/weekly/2017/*/49). The Cholera section names the states/LGAs reporting suspected cases in the week and gives the same-week 2016 comparison, often naming the 2016 LGA. Routine IDSR stream: it can undercount outbreak line lists (e.g. the week-36 issue omits Kebbi and Zamfara, which the NCDC cholera situation report lists).",2016-2017 epi week 49,National weekly epidemiological bulletin (state/LGA weekly counts),Active,Level 1,Pending,"Agent 2 batch 7: NCDC weekly report archive (ncdc.gov.ng/reports/weekly) 2017 issues, cholera paragraph parsed with PyMuPDF",en,0,,"Agent 2 batch 7: NCDC weekly report archive (ncdc.gov.ng/reports/weekly) 2017 issues, cholera paragraph parsed with PyMuPDF",AI
545,"NCDC Weekly Epidemiological Report 2017, Volume 7, epi week 51 issue (cholera section)",https://ncdc.gov.ng/themes/common/docs/wers/100_1515558725.pdf,"NCDC Weekly Epidemiological Report (routine IDSR weekly bulletin), 2017 Volume 7, issue covering epi week 51 of 2017 (listing page ncdc.gov.ng/reports/weekly/2017/*/51). The Cholera section names the states/LGAs reporting suspected cases in the week and gives the same-week 2016 comparison, often naming the 2016 LGA. Routine IDSR stream: it can undercount outbreak line lists (e.g. the week-36 issue omits Kebbi and Zamfara, which the NCDC cholera situation report lists).",2016-2017 epi week 51,National weekly epidemiological bulletin (state/LGA weekly counts),Active,Level 1,Pending,"Agent 2 batch 7: NCDC weekly report archive (ncdc.gov.ng/reports/weekly) 2017 issues, cholera paragraph parsed with PyMuPDF",en,0,,"Agent 2 batch 7: NCDC weekly report archive (ncdc.gov.ng/reports/weekly) 2017 issues, cholera paragraph parsed with PyMuPDF",AI
546,"NCDC/FMoH Weekly Epidemiological Report 2016, Volume 6, epi week 38 issue (cholera section)",https://ncdc.gov.ng/themes/common/docs/wers/8_1477395149.pdf,"WER-Nigeria 2016 (Vol. 6), 'Update on suspected Cholera for week 38 as at 30th September, 2016': week 38 2016 36 cases from 13 LGAs (3 states, unnamed); same week of 2015: 8 cases from Gaya LGA (Kano State); cumulative weeks 1-38 2016 505 cases from 46 LGAs (12 states).",2015-2016 epi week 38,National weekly epidemiological bulletin,Active,Level 1,Pending,Agent 2 batch 8: NCDC weekly report archive 2016 issues (ncdc.gov.ng/reports/weekly/2016/9/39),en,0,,Agent 2 batch 8: NCDC weekly report archive 2016 issues (ncdc.gov.ng/reports/weekly/2016/9/39),AI
547,"NCDC/FMoH Weekly Epidemiological Report 2016, Volume 6, epi week 45 issue (cholera section)",https://ncdc.gov.ng/themes/common/docs/wers/16_1480694898.pdf,"WER-Nigeria 2016 (Vol. 6: No. 45), 'Update on suspected Cholera for week 45 as at 18th November, 2016': no case in week 45 2016; same week of 2015: 2 cases from 2 LGAs (Kano State); cumulative weeks 1-45 2016 715 cases from 52 LGAs (13 states).",2015-2016 epi week 45,National weekly epidemiological bulletin,Active,Level 1,Pending,Agent 2 batch 8: NCDC weekly report archive 2016 issues (ncdc.gov.ng/reports/weekly/2016/11/46),en,0,,Agent 2 batch 8: NCDC weekly report archive 2016 issues (ncdc.gov.ng/reports/weekly/2016/11/46),AI
548,"IFRC Information Bulletin n° 1, Lake Chad Basin: Epidemic (cholera), 22 September 2011",https://reliefweb.int/report/cameroon/lake-chad-basin-epidemic-information-bulletin-n%C2%B0-1,"IFRC information bulletin, 22 Sep 2011: Nigeria 'a total of 2,514 cases with 103 deaths (case fatality ratio of 4.1 per cent) were reported from the four affected states of Yobe, Nasarawa, Oyo and Kogi' (four-state aggregate, no per-state split; >1,000 single source - not entered as a row). NRCS DREF in Bauchi and Plateau.",2011-01-01 to 2011-09-01,Red Cross information bulletin,Active,Level 2,Pending,Agent 2 batch 8 Q18: ReliefWeb RSS 'cholera bulletin IFRC' C175 Jul-Dec 2011,en,0,,Agent 2 batch 8 Q18: ReliefWeb RSS 'cholera bulletin IFRC' C175 Jul-Dec 2011,AI
549,"Borno State Ministry of Health, Cholera Outbreak Situation Report No. 1, 1st September 2021 (with WHO)",https://reliefweb.int/report/nigeria/borno-state-ministry-health-cholera-outbreak-situation-report-no1-1st-september-2021,"Borno State Ministry of Health cholera outbreak situation report No. 1 (1st September 2021), ReliefWeb. Table 3 gives new and cumulative suspected cases and deaths by LGA (7 LGAs; cumulative total 666 cases / 45 deaths). The series counts from epi week 27 of 2021 (Table 2 of No. 10: Cumulative Epidemiological Summary Week 27-43, 2021).",2021-07-05 to 2021-09-01,State MoH situation report (LGA table),Active,Level 1,Pending,"Agent 2 batch 8: ReliefWeb RSS search ""Borno State Ministry of Health"" cholera, Aug 2021-Jan 2022 (issues 1-19 listed; only Nos. 11, 13, 17, 20, 21 were registered)",en,0,,"Agent 2 batch 8: ReliefWeb RSS search ""Borno State Ministry of Health"" cholera, Aug 2021-Jan 2022 (issues 1-19 listed; only Nos. 11, 13, 17, 20, 21 were registered)",AI
550,"Borno State Ministry of Health, Cholera Outbreak Situation Report No. 2, 6th September 2021 (with WHO)",https://reliefweb.int/report/nigeria/borno-state-ministry-health-cholera-outbreak-situation-report-no2-6th-september-2021,"Borno State Ministry of Health cholera outbreak situation report No. 2 (6th September 2021), ReliefWeb. Table 3 gives new and cumulative suspected cases and deaths by LGA (11 LGAs; cumulative total 917 cases / 56 deaths). The series counts from epi week 27 of 2021 (Table 2 of No. 10: Cumulative Epidemiological Summary Week 27-43, 2021).",2021-07-05 to 2021-09-06,State MoH situation report (LGA table),Active,Level 1,Pending,"Agent 2 batch 8: ReliefWeb RSS search ""Borno State Ministry of Health"" cholera, Aug 2021-Jan 2022 (issues 1-19 listed; only Nos. 11, 13, 17, 20, 21 were registered)",en,0,,"Agent 2 batch 8: ReliefWeb RSS search ""Borno State Ministry of Health"" cholera, Aug 2021-Jan 2022 (issues 1-19 listed; only Nos. 11, 13, 17, 20, 21 were registered)",AI
551,"Borno State Ministry of Health, Cholera Outbreak Situation Report No. 3, 13th September 2021 (with WHO)",https://reliefweb.int/report/nigeria/borno-state-ministry-health-cholera-outbreak-situation-report-no3-13th-september-2021,"Borno State Ministry of Health cholera outbreak situation report No. 3 (13th September 2021), ReliefWeb. Table 3 gives new and cumulative suspected cases and deaths by LGA (11 LGAs; cumulative total 1,168 cases / 71 deaths). The series counts from epi week 27 of 2021 (Table 2 of No. 10: Cumulative Epidemiological Summary Week 27-43, 2021).",2021-07-05 to 2021-09-13,State MoH situation report (LGA table),Active,Level 1,Pending,"Agent 2 batch 8: ReliefWeb RSS search ""Borno State Ministry of Health"" cholera, Aug 2021-Jan 2022 (issues 1-19 listed; only Nos. 11, 13, 17, 20, 21 were registered)",en,0,,"Agent 2 batch 8: ReliefWeb RSS search ""Borno State Ministry of Health"" cholera, Aug 2021-Jan 2022 (issues 1-19 listed; only Nos. 11, 13, 17, 20, 21 were registered)",AI
552,"Borno State Ministry of Health, Cholera Outbreak Situation Report No. 4, 20th September 2021 (with WHO)",https://reliefweb.int/report/nigeria/borno-state-ministry-health-cholera-outbreak-situation-report-no4-20th-september-2021,"Borno State Ministry of Health cholera outbreak situation report No. 4 (20th September 2021), ReliefWeb. Table 3 gives new and cumulative suspected cases and deaths by LGA (12 LGAs; cumulative total 1,407 cases / 90 deaths). The series counts from epi week 27 of 2021 (Table 2 of No. 10: Cumulative Epidemiological Summary Week 27-43, 2021).",2021-07-05 to 2021-09-20,State MoH situation report (LGA table),Active,Level 1,Pending,"Agent 2 batch 8: ReliefWeb RSS search ""Borno State Ministry of Health"" cholera, Aug 2021-Jan 2022 (issues 1-19 listed; only Nos. 11, 13, 17, 20, 21 were registered)",en,0,,"Agent 2 batch 8: ReliefWeb RSS search ""Borno State Ministry of Health"" cholera, Aug 2021-Jan 2022 (issues 1-19 listed; only Nos. 11, 13, 17, 20, 21 were registered)",AI
553,"Borno State Ministry of Health, Cholera Outbreak Situation Report No. 5, 26th September 2021 (with WHO)",https://reliefweb.int/report/nigeria/borno-state-ministry-health-cholera-outbreak-situation-report-no5-26th-september-2021,"Borno State Ministry of Health cholera outbreak situation report No. 5 (26th September 2021), ReliefWeb. Table 3 gives new and cumulative suspected cases and deaths by LGA (12 LGAs; cumulative total 1,681 cases / 96 deaths). The series counts from epi week 27 of 2021 (Table 2 of No. 10: Cumulative Epidemiological Summary Week 27-43, 2021).",2021-07-05 to 2021-09-26,State MoH situation report (LGA table),Active,Level 1,Pending,"Agent 2 batch 8: ReliefWeb RSS search ""Borno State Ministry of Health"" cholera, Aug 2021-Jan 2022 (issues 1-19 listed; only Nos. 11, 13, 17, 20, 21 were registered)",en,0,,"Agent 2 batch 8: ReliefWeb RSS search ""Borno State Ministry of Health"" cholera, Aug 2021-Jan 2022 (issues 1-19 listed; only Nos. 11, 13, 17, 20, 21 were registered)",AI
554,"Borno State Ministry of Health, Cholera Outbreak Situation Report No. 6, 2nd October 2021 (with WHO)",https://reliefweb.int/report/nigeria/borno-state-ministry-health-cholera-outbreak-situation-report-no6-2nd-october-2021,"Borno State Ministry of Health cholera outbreak situation report No. 6 (2nd October 2021), ReliefWeb. Table 3 gives new and cumulative suspected cases and deaths by LGA (14 LGAs; cumulative total 1,834 cases / 104 deaths). The series counts from epi week 27 of 2021 (Table 2 of No. 10: Cumulative Epidemiological Summary Week 27-43, 2021).",2021-07-05 to 2021-10-02,State MoH situation report (LGA table),Active,Level 1,Pending,"Agent 2 batch 8: ReliefWeb RSS search ""Borno State Ministry of Health"" cholera, Aug 2021-Jan 2022 (issues 1-19 listed; only Nos. 11, 13, 17, 20, 21 were registered)",en,0,,"Agent 2 batch 8: ReliefWeb RSS search ""Borno State Ministry of Health"" cholera, Aug 2021-Jan 2022 (issues 1-19 listed; only Nos. 11, 13, 17, 20, 21 were registered)",AI
555,"Borno State Ministry of Health, Cholera Outbreak Situation Report No. 7, 10th October 2021 (with WHO)",https://reliefweb.int/report/nigeria/borno-state-ministry-health-cholera-outbreak-situation-report-no7-10th-october-2021,"Borno State Ministry of Health cholera outbreak situation report No. 7 (10th October 2021), ReliefWeb. Table 3 gives new and cumulative suspected cases and deaths by LGA (16 LGAs; cumulative total 2,144 cases / 125 deaths). The series counts from epi week 27 of 2021 (Table 2 of No. 10: Cumulative Epidemiological Summary Week 27-43, 2021).",2021-07-05 to 2021-10-10,State MoH situation report (LGA table),Active,Level 1,Pending,"Agent 2 batch 8: ReliefWeb RSS search ""Borno State Ministry of Health"" cholera, Aug 2021-Jan 2022 (issues 1-19 listed; only Nos. 11, 13, 17, 20, 21 were registered)",en,0,,"Agent 2 batch 8: ReliefWeb RSS search ""Borno State Ministry of Health"" cholera, Aug 2021-Jan 2022 (issues 1-19 listed; only Nos. 11, 13, 17, 20, 21 were registered)",AI
556,"Borno State Ministry of Health, Cholera Outbreak Situation Report No. 8, 17th October 2021 (with WHO)",https://reliefweb.int/report/nigeria/borno-state-ministry-health-cholera-outbreak-situation-report-no8-17th-october-2021,"Borno State Ministry of Health cholera outbreak situation report No. 8 (17th October 2021), ReliefWeb. Table 3 gives new and cumulative suspected cases and deaths by LGA (16 LGAs; cumulative total 2,345 cases / 133 deaths). The series counts from epi week 27 of 2021 (Table 2 of No. 10: Cumulative Epidemiological Summary Week 27-43, 2021).",2021-07-05 to 2021-10-17,State MoH situation report (LGA table),Active,Level 1,Pending,"Agent 2 batch 8: ReliefWeb RSS search ""Borno State Ministry of Health"" cholera, Aug 2021-Jan 2022 (issues 1-19 listed; only Nos. 11, 13, 17, 20, 21 were registered)",en,0,,"Agent 2 batch 8: ReliefWeb RSS search ""Borno State Ministry of Health"" cholera, Aug 2021-Jan 2022 (issues 1-19 listed; only Nos. 11, 13, 17, 20, 21 were registered)",AI
557,"Borno State Ministry of Health, Cholera Outbreak Situation Report No. 9, 24th October 2021 (with WHO)",https://reliefweb.int/report/nigeria/borno-state-ministry-health-cholera-outbreak-situation-report-no9-24th-october-2021,"Borno State Ministry of Health cholera outbreak situation report No. 9 (24th October 2021), ReliefWeb. Table 3 gives new and cumulative suspected cases and deaths by LGA (17 LGAs; cumulative total 3,265 cases / 139 deaths). The series counts from epi week 27 of 2021 (Table 2 of No. 10: Cumulative Epidemiological Summary Week 27-43, 2021).",2021-07-05 to 2021-10-24,State MoH situation report (LGA table),Active,Level 1,Pending,"Agent 2 batch 8: ReliefWeb RSS search ""Borno State Ministry of Health"" cholera, Aug 2021-Jan 2022 (issues 1-19 listed; only Nos. 11, 13, 17, 20, 21 were registered)",en,0,,"Agent 2 batch 8: ReliefWeb RSS search ""Borno State Ministry of Health"" cholera, Aug 2021-Jan 2022 (issues 1-19 listed; only Nos. 11, 13, 17, 20, 21 were registered)",AI
558,"Borno State Ministry of Health, Cholera Outbreak Situation Report No. 10, 31st October 2021 (with WHO)",https://reliefweb.int/report/nigeria/borno-state-ministry-health-cholera-outbreak-situation-report-no-10-31st-october-2021,"Borno State Ministry of Health cholera outbreak situation report No. 10 (31st October 2021), ReliefWeb. Table 3 gives new and cumulative suspected cases and deaths by LGA (17 LGAs; cumulative total 3,683 cases / 145 deaths). The series counts from epi week 27 of 2021 (Table 2 of No. 10: Cumulative Epidemiological Summary Week 27-43, 2021).",2021-07-05 to 2021-10-31,State MoH situation report (LGA table),Active,Level 1,Pending,"Agent 2 batch 8: ReliefWeb RSS search ""Borno State Ministry of Health"" cholera, Aug 2021-Jan 2022 (issues 1-19 listed; only Nos. 11, 13, 17, 20, 21 were registered)",en,0,,"Agent 2 batch 8: ReliefWeb RSS search ""Borno State Ministry of Health"" cholera, Aug 2021-Jan 2022 (issues 1-19 listed; only Nos. 11, 13, 17, 20, 21 were registered)",AI
559,"Borno State Ministry of Health, Cholera Outbreak Situation Report No. 12, 16th November 2021 (with WHO)",https://reliefweb.int/report/nigeria/borno-state-ministry-health-cholera-outbreak-situation-report-no-12-16th-november,"Borno State Ministry of Health cholera outbreak situation report No. 12 (16th November 2021), ReliefWeb. Table 3 gives new and cumulative suspected cases and deaths by LGA (17 LGAs; cumulative total 4,432 cases / 169 deaths). The series counts from epi week 27 of 2021 (Table 2 of No. 10: Cumulative Epidemiological Summary Week 27-43, 2021).",2021-07-05 to 2021-11-16,State MoH situation report (LGA table),Active,Level 1,Pending,"Agent 2 batch 8: ReliefWeb RSS search ""Borno State Ministry of Health"" cholera, Aug 2021-Jan 2022 (issues 1-19 listed; only Nos. 11, 13, 17, 20, 21 were registered)",en,0,,"Agent 2 batch 8: ReliefWeb RSS search ""Borno State Ministry of Health"" cholera, Aug 2021-Jan 2022 (issues 1-19 listed; only Nos. 11, 13, 17, 20, 21 were registered)",AI
560,"Borno State Ministry of Health, Cholera Outbreak Situation Report No. 14, 28th November 2021 (with WHO)",https://reliefweb.int/report/nigeria/borno-state-ministry-health-cholera-outbreak-situation-report-no-14-28th-november,"Borno State Ministry of Health cholera outbreak situation report No. 14 (28th November 2021), ReliefWeb. Table 3 gives new and cumulative suspected cases and deaths by LGA (18 LGAs; cumulative total 4,972 cases / 170 deaths). The series counts from epi week 27 of 2021 (Table 2 of No. 10: Cumulative Epidemiological Summary Week 27-43, 2021).",2021-07-05 to 2021-11-28,State MoH situation report (LGA table),Active,Level 1,Pending,"Agent 2 batch 8: ReliefWeb RSS search ""Borno State Ministry of Health"" cholera, Aug 2021-Jan 2022 (issues 1-19 listed; only Nos. 11, 13, 17, 20, 21 were registered)",en,0,,"Agent 2 batch 8: ReliefWeb RSS search ""Borno State Ministry of Health"" cholera, Aug 2021-Jan 2022 (issues 1-19 listed; only Nos. 11, 13, 17, 20, 21 were registered)",AI
561,"Borno State Ministry of Health, Cholera Outbreak Situation Report No. 15, 5th December 2021 (with WHO)",https://reliefweb.int/report/nigeria/borno-state-ministry-health-cholera-outbreak-situation-report-no-15-5th-december-2021,"Borno State Ministry of Health cholera outbreak situation report No. 15 (5th December 2021), ReliefWeb. Table 3 gives new and cumulative suspected cases and deaths by LGA (18 LGAs; cumulative total 5,205 cases / 170 deaths). The series counts from epi week 27 of 2021 (Table 2 of No. 10: Cumulative Epidemiological Summary Week 27-43, 2021).",2021-07-05 to 2021-12-05,State MoH situation report (LGA table),Active,Level 1,Pending,"Agent 2 batch 8: ReliefWeb RSS search ""Borno State Ministry of Health"" cholera, Aug 2021-Jan 2022 (issues 1-19 listed; only Nos. 11, 13, 17, 20, 21 were registered)",en,0,,"Agent 2 batch 8: ReliefWeb RSS search ""Borno State Ministry of Health"" cholera, Aug 2021-Jan 2022 (issues 1-19 listed; only Nos. 11, 13, 17, 20, 21 were registered)",AI
562,"Borno State Ministry of Health, Cholera Outbreak Situation Report No. 16, 12th December 2021 (with WHO)",https://reliefweb.int/report/nigeria/borno-state-ministry-health-cholera-outbreak-situation-report-no-16-12th-december,"Borno State Ministry of Health cholera outbreak situation report No. 16 (12th December 2021), ReliefWeb. Table 3 gives new and cumulative suspected cases and deaths by LGA (18 LGAs; cumulative total 5,797 cases / 170 deaths). The series counts from epi week 27 of 2021 (Table 2 of No. 10: Cumulative Epidemiological Summary Week 27-43, 2021).",2021-07-05 to 2021-12-12,State MoH situation report (LGA table),Active,Level 1,Pending,"Agent 2 batch 8: ReliefWeb RSS search ""Borno State Ministry of Health"" cholera, Aug 2021-Jan 2022 (issues 1-19 listed; only Nos. 11, 13, 17, 20, 21 were registered)",en,0,,"Agent 2 batch 8: ReliefWeb RSS search ""Borno State Ministry of Health"" cholera, Aug 2021-Jan 2022 (issues 1-19 listed; only Nos. 11, 13, 17, 20, 21 were registered)",AI
563,"Borno State Ministry of Health, Cholera Outbreak Situation Report No. 18, 26th December 2021 (with WHO)",https://reliefweb.int/report/nigeria/borno-state-ministry-health-cholera-outbreak-situation-report-no-18-26th-december,"Borno State Ministry of Health cholera outbreak situation report No. 18 (26th December 2021), ReliefWeb. Table 3 gives new and cumulative suspected cases and deaths by LGA (18 LGAs; cumulative total 6,114 cases / 170 deaths). The series counts from epi week 27 of 2021 (Table 2 of No. 10: Cumulative Epidemiological Summary Week 27-43, 2021).",2021-07-05 to 2021-12-26,State MoH situation report (LGA table),Active,Level 1,Pending,"Agent 2 batch 8: ReliefWeb RSS search ""Borno State Ministry of Health"" cholera, Aug 2021-Jan 2022 (issues 1-19 listed; only Nos. 11, 13, 17, 20, 21 were registered)",en,0,,"Agent 2 batch 8: ReliefWeb RSS search ""Borno State Ministry of Health"" cholera, Aug 2021-Jan 2022 (issues 1-19 listed; only Nos. 11, 13, 17, 20, 21 were registered)",AI
564,"Borno State Ministry of Health, Cholera Outbreak Situation Report No. 19, 31st December 2021 (with WHO)",https://reliefweb.int/report/nigeria/borno-state-ministry-health-cholera-outbreak-situation-report-no-19-31st-december,"Borno State Ministry of Health cholera outbreak situation report No. 19 (31st December 2021), ReliefWeb. Table 3 gives new and cumulative suspected cases and deaths by LGA (18 LGAs; cumulative total 6,353 cases / 170 deaths). The series counts from epi week 27 of 2021 (Table 2 of No. 10: Cumulative Epidemiological Summary Week 27-43, 2021).",2021-07-05 to 2021-12-31,State MoH situation report (LGA table),Active,Level 1,Pending,"Agent 2 batch 8: ReliefWeb RSS search ""Borno State Ministry of Health"" cholera, Aug 2021-Jan 2022 (issues 1-19 listed; only Nos. 11, 13, 17, 20, 21 were registered)",en,0,,"Agent 2 batch 8: ReliefWeb RSS search ""Borno State Ministry of Health"" cholera, Aug 2021-Jan 2022 (issues 1-19 listed; only Nos. 11, 13, 17, 20, 21 were registered)",AI
565,"Adamawa State Ministry of Health, Situation Report of Cholera Outbreak Week No. 28, 18 July 2021 (Serial No. 01, with WHO)",https://reliefweb.int/report/nigeria/adamawa-state-situation-report-cholera-outbreak-week-no-28-18th-july-2021,"Adamawa State Ministry of Health 2021 cholera outbreak situation report, serial No. 01, epid-week 28, dated 18 July 2021 (ReliefWeb; produced with WHO support). Gives cumulative suspected cases and deaths by LGA (Table 1 and the Epidemiological Summary) as at 2021-07-15.",2021-01-01 to 2021-07-15,State MoH situation report (LGA table),Active,Level 1,Pending,"Agent 2 batch 9: ReliefWeb RSS search ""Adamawa State Situation Report of Cholera Outbreak"" Jul-Nov 2021 (weeks 28-40 and 44/1 Nov were unregistered)",en,0,,"Agent 2 batch 9: ReliefWeb RSS search ""Adamawa State Situation Report of Cholera Outbreak"" Jul-Nov 2021 (weeks 28-40 and 44/1 Nov were unregistered)",AI
566,"Adamawa State Ministry of Health, Situation Report of Cholera Outbreak Week No. 29, 23 July 2021 (Serial No. 02, with WHO)",https://reliefweb.int/report/nigeria/adamawa-state-situation-report-cholera-outbreak-week-no-29-23rd-july-2021,"Adamawa State Ministry of Health 2021 cholera outbreak situation report, serial No. 02, epid-week 29, dated 23 July 2021 (ReliefWeb; produced with WHO support). Gives cumulative suspected cases and deaths by LGA (Table 1 and the Epidemiological Summary) as at 2021-07-23.",2021-01-01 to 2021-07-23,State MoH situation report (LGA table),Active,Level 1,Pending,"Agent 2 batch 9: ReliefWeb RSS search ""Adamawa State Situation Report of Cholera Outbreak"" Jul-Nov 2021 (weeks 28-40 and 44/1 Nov were unregistered)",en,0,,"Agent 2 batch 9: ReliefWeb RSS search ""Adamawa State Situation Report of Cholera Outbreak"" Jul-Nov 2021 (weeks 28-40 and 44/1 Nov were unregistered)",AI
567,"Adamawa State Ministry of Health, Situation Report of Cholera Outbreak Week No. 32, 14 August 2021 (Serial No. 05, with WHO)",https://reliefweb.int/report/nigeria/adamawa-state-situation-report-cholera-outbreak-week-no-32-14th-august-2021,"Adamawa State Ministry of Health 2021 cholera outbreak situation report, serial No. 05, epid-week 32, dated 14 August 2021 (ReliefWeb; produced with WHO support). Gives cumulative suspected cases and deaths by LGA (Table 1 and the Epidemiological Summary) as at 2021-08-14.",2021-01-01 to 2021-08-14,State MoH situation report (LGA table),Active,Level 1,Pending,"Agent 2 batch 9: ReliefWeb RSS search ""Adamawa State Situation Report of Cholera Outbreak"" Jul-Nov 2021 (weeks 28-40 and 44/1 Nov were unregistered)",en,0,,"Agent 2 batch 9: ReliefWeb RSS search ""Adamawa State Situation Report of Cholera Outbreak"" Jul-Nov 2021 (weeks 28-40 and 44/1 Nov were unregistered)",AI
568,"Adamawa State Ministry of Health, Situation Report of Cholera Outbreak Week No. 33, 22 August 2021 (Serial No. 06, with WHO)",https://reliefweb.int/report/nigeria/adamawa-state-situation-report-cholera-outbreak-week-no-33-22nd-august-2021,"Adamawa State Ministry of Health 2021 cholera outbreak situation report, serial No. 06, epid-week 33, dated 22 August 2021 (ReliefWeb; produced with WHO support). Gives cumulative suspected cases and deaths by LGA (Table 1 and the Epidemiological Summary) as at 2021-08-22.",2021-01-01 to 2021-08-22,State MoH situation report (LGA table),Active,Level 1,Pending,"Agent 2 batch 9: ReliefWeb RSS search ""Adamawa State Situation Report of Cholera Outbreak"" Jul-Nov 2021 (weeks 28-40 and 44/1 Nov were unregistered)",en,0,,"Agent 2 batch 9: ReliefWeb RSS search ""Adamawa State Situation Report of Cholera Outbreak"" Jul-Nov 2021 (weeks 28-40 and 44/1 Nov were unregistered)",AI
569,"Adamawa State Ministry of Health, Situation Report of Cholera Outbreak Week No. 34, 25 August 2021 (Serial No. 07, with WHO)",https://reliefweb.int/report/nigeria/adamawa-state-situation-report-cholera-outbreak-week-no-34-25th-august-2021,"Adamawa State Ministry of Health 2021 cholera outbreak situation report, serial No. 07, epid-week 34, dated 25 August 2021 (ReliefWeb; produced with WHO support). Gives cumulative suspected cases and deaths by LGA (Table 1 and the Epidemiological Summary) as at 2021-08-25.",2021-01-01 to 2021-08-25,State MoH situation report (LGA table),Active,Level 1,Pending,"Agent 2 batch 9: ReliefWeb RSS search ""Adamawa State Situation Report of Cholera Outbreak"" Jul-Nov 2021 (weeks 28-40 and 44/1 Nov were unregistered)",en,0,,"Agent 2 batch 9: ReliefWeb RSS search ""Adamawa State Situation Report of Cholera Outbreak"" Jul-Nov 2021 (weeks 28-40 and 44/1 Nov were unregistered)",AI
570,"Adamawa State Ministry of Health, Situation Report of Cholera Outbreak Week No. 35, 31 August 2021 (Serial No. 08, with WHO)",https://reliefweb.int/report/nigeria/adamawa-state-situation-report-cholera-outbreak-week-no-35-31st-august-2021,"Adamawa State Ministry of Health 2021 cholera outbreak situation report, serial No. 08, epid-week 35, dated 31 August 2021 (ReliefWeb; produced with WHO support). Gives cumulative suspected cases and deaths by LGA (Table 1 and the Epidemiological Summary) as at 2021-08-31.",2021-01-01 to 2021-08-31,State MoH situation report (LGA table),Active,Level 1,Pending,"Agent 2 batch 9: ReliefWeb RSS search ""Adamawa State Situation Report of Cholera Outbreak"" Jul-Nov 2021 (weeks 28-40 and 44/1 Nov were unregistered)",en,0,,"Agent 2 batch 9: ReliefWeb RSS search ""Adamawa State Situation Report of Cholera Outbreak"" Jul-Nov 2021 (weeks 28-40 and 44/1 Nov were unregistered)",AI
571,"Adamawa State Ministry of Health, Situation Report of Cholera Outbreak Week No. 35, 5 September 2021 (Serial No. 09, with WHO)",https://reliefweb.int/report/nigeria/adamawa-state-situation-report-cholera-outbreak-week-no-35-5th-september-2021,"Adamawa State Ministry of Health 2021 cholera outbreak situation report, serial No. 09, epid-week 35, dated 5 September 2021 (ReliefWeb; produced with WHO support). Gives cumulative suspected cases and deaths by LGA (Table 1 and the Epidemiological Summary) as at 2021-09-05.",2021-01-01 to 2021-09-05,State MoH situation report (LGA table),Active,Level 1,Pending,"Agent 2 batch 9: ReliefWeb RSS search ""Adamawa State Situation Report of Cholera Outbreak"" Jul-Nov 2021 (weeks 28-40 and 44/1 Nov were unregistered)",en,0,,"Agent 2 batch 9: ReliefWeb RSS search ""Adamawa State Situation Report of Cholera Outbreak"" Jul-Nov 2021 (weeks 28-40 and 44/1 Nov were unregistered)",AI
572,"Adamawa State Ministry of Health, Situation Report of Cholera Outbreak Week No. 38, 20 September 2021 (Serial No. 11, with WHO)",https://reliefweb.int/report/nigeria/adamawa-state-situation-report-cholera-outbreak-week-no-38-20th-september-2021,"Adamawa State Ministry of Health 2021 cholera outbreak situation report, serial No. 11, epid-week 38, dated 20 September 2021 (ReliefWeb; produced with WHO support). Gives cumulative suspected cases and deaths by LGA (Table 1 and the Epidemiological Summary) as at 2021-09-20.",2021-01-01 to 2021-09-20,State MoH situation report (LGA table),Active,Level 1,Pending,"Agent 2 batch 9: ReliefWeb RSS search ""Adamawa State Situation Report of Cholera Outbreak"" Jul-Nov 2021 (weeks 28-40 and 44/1 Nov were unregistered)",en,0,,"Agent 2 batch 9: ReliefWeb RSS search ""Adamawa State Situation Report of Cholera Outbreak"" Jul-Nov 2021 (weeks 28-40 and 44/1 Nov were unregistered)",AI
573,"Adamawa State Ministry of Health, Situation Report of Cholera Outbreak Week No. 39, 27 September 2021 (Serial No. 12, with WHO)",https://reliefweb.int/report/nigeria/adamawa-state-situation-report-cholera-outbreak-week-no-39-27th-september-2021,"Adamawa State Ministry of Health 2021 cholera outbreak situation report, serial No. 12, epid-week 39, dated 27 September 2021 (ReliefWeb; produced with WHO support). Gives cumulative suspected cases and deaths by LGA (Table 1 and the Epidemiological Summary) as at 2021-09-27.",2021-01-01 to 2021-09-27,State MoH situation report (LGA table),Active,Level 1,Pending,"Agent 2 batch 9: ReliefWeb RSS search ""Adamawa State Situation Report of Cholera Outbreak"" Jul-Nov 2021 (weeks 28-40 and 44/1 Nov were unregistered)",en,0,,"Agent 2 batch 9: ReliefWeb RSS search ""Adamawa State Situation Report of Cholera Outbreak"" Jul-Nov 2021 (weeks 28-40 and 44/1 Nov were unregistered)",AI
574,"Adamawa State Ministry of Health, Situation Report of Cholera Outbreak Week No. 40, 4 October 2021 (Serial No. 13, with WHO)",https://reliefweb.int/report/nigeria/adamawa-state-situation-report-cholera-outbreak-week-no-40-4th-october-2021,"Adamawa State Ministry of Health 2021 cholera outbreak situation report, serial No. 13, epid-week 40, dated 4 October 2021 (ReliefWeb; produced with WHO support). Gives cumulative suspected cases and deaths by LGA (Table 1 and the Epidemiological Summary) as at 2021-10-04.",2021-01-01 to 2021-10-04,State MoH situation report (LGA table),Active,Level 1,Pending,"Agent 2 batch 9: ReliefWeb RSS search ""Adamawa State Situation Report of Cholera Outbreak"" Jul-Nov 2021 (weeks 28-40 and 44/1 Nov were unregistered)",en,0,,"Agent 2 batch 9: ReliefWeb RSS search ""Adamawa State Situation Report of Cholera Outbreak"" Jul-Nov 2021 (weeks 28-40 and 44/1 Nov were unregistered)",AI
575,"Adamawa State Ministry of Health, Situation Report of Cholera Outbreak Week No. 44, 1 November 2021 (Serial No. 17, with WHO)",https://reliefweb.int/report/nigeria/adamawa-state-situation-report-cholera-outbreak-week-no-44-1st-november-2021,"Adamawa State Ministry of Health 2021 cholera outbreak situation report, serial No. 17, epid-week 44, dated 1 November 2021 (ReliefWeb; produced with WHO support). Gives cumulative suspected cases and deaths by LGA (Table 1 and the Epidemiological Summary) as at 2021-11-01.",2021-01-01 to 2021-11-01,State MoH situation report (LGA table),Active,Level 1,Pending,"Agent 2 batch 9: ReliefWeb RSS search ""Adamawa State Situation Report of Cholera Outbreak"" Jul-Nov 2021 (weeks 28-40 and 44/1 Nov were unregistered)",en,0,,"Agent 2 batch 9: ReliefWeb RSS search ""Adamawa State Situation Report of Cholera Outbreak"" Jul-Nov 2021 (weeks 28-40 and 44/1 Nov were unregistered)",AI
576,"Nigerian Tribune, 'Ogun records 25 suspected cases of Cholera in seven LGAs', 24 June 2024",https://tribuneonlineng.com/ogun-records-25-suspected-cases-of-cholera-in-seven-lgas/,"Nigerian Tribune report (Olayinka Olukoya, published 2024-06-24 per article:published_time) of the Ogun State Commissioner for Health's press conference in Abeokuta: 25 suspected cholera cases in seven LGAs (Ado Odo/Ota, Remo North, Odeda, Sagamu, Ijebu North, Ewekoro, Obafemi Owode), nine confirmed, one death. Corroborated the same day by Arise News (arise.tv, published 2024-06-25) and Leadership (published 2024-06-24).",2024-01-01 to 2024-06-24,News report of state government press conference,Active,Level 3,Pending,Agent 2 batch 10 Q16: WebSearch extended 'cholera outbreak Osun OR Oyo OR Ogun OR Ondo OR Ekiti 2026 suspected cases deaths commissioner for health' (2026 target; hit was 2024),en,0,,Agent 2 batch 10 Q16: WebSearch extended 'cholera outbreak Osun OR Oyo OR Ogun OR Ondo OR Ekiti 2026 suspected cases deaths commissioner for health' (2026 target; hit was 2024),AI
577,"NCDC Weekly Epidemiological Report 2026, Week 1 (29 December 2025 - 4 January 2026), issued 15 February 2026",https://ncdc.gov.ng/themes/common/docs/wers/662_1773847978.pdf,"Nigeria Centre for Disease Control and Prevention Weekly Epidemiological Report, Volume 16 No. 1, epidemiological week 1 of 2026 (29 December 2025 - 4 January 2026). Cholera section: Table 8 (week counts, number of states and LGAs affected), Table 9 (year to date) and Key Points naming the state when only one state reported. Weeks 1-17 of 2026 were not among the issues registered as metadata 34 (issues 18-32).",2025-12-29 to 2026-01-04,National IDSR weekly epidemiological report,Active,Level 1,Pending,Agent 2 batch 10 Q19: NCDC WER archive https://ncdc.gov.ng/reports/weekly (2026 issue pages /reports/weekly/2026/<month>/<week>); key-point scan of the cholera section of all 2026 issues,en,0,,Agent 2 batch 10 Q19: NCDC WER archive https://ncdc.gov.ng/reports/weekly (2026 issue pages /reports/weekly/2026/<month>/<week>); key-point scan of the cholera section of all 2026 issues,AI
578,"NCDC Weekly Epidemiological Report 2026, Week 4 (19 - 25 January 2026), issued 15 February 2026",https://ncdc.gov.ng/themes/common/docs/wers/665_1773848130.pdf,"Nigeria Centre for Disease Control and Prevention Weekly Epidemiological Report, Volume 16 No. 4, epidemiological week 4 of 2026 (19 - 25 January 2026). Cholera section: Table 8 (week counts, number of states and LGAs affected), Table 9 (year to date) and Key Points naming the state when only one state reported. Weeks 1-17 of 2026 were not among the issues registered as metadata 34 (issues 18-32).",2026-01-19 to 2026-01-25,National IDSR weekly epidemiological report,Active,Level 1,Pending,Agent 2 batch 10 Q19: NCDC WER archive https://ncdc.gov.ng/reports/weekly (2026 issue pages /reports/weekly/2026/<month>/<week>); key-point scan of the cholera section of all 2026 issues,en,0,,Agent 2 batch 10 Q19: NCDC WER archive https://ncdc.gov.ng/reports/weekly (2026 issue pages /reports/weekly/2026/<month>/<week>); key-point scan of the cholera section of all 2026 issues,AI
579,"NCDC Weekly Epidemiological Report 2026, Week 9 (23 February - 1 March 2026), issued 16 March 2026",https://ncdc.gov.ng/themes/common/docs/wers/670_1780907054.pdf,"Nigeria Centre for Disease Control and Prevention Weekly Epidemiological Report, Volume 16 No. 5 [sic; printed on the Week 9 issue], epidemiological week 9 of 2026 (23 February - 1 March 2026). Cholera section: Table 8 (week counts, number of states and LGAs affected), Table 9 (year to date) and Key Points naming the state when only one state reported. Weeks 1-17 of 2026 were not among the issues registered as metadata 34 (issues 18-32).",2026-02-23 to 2026-03-01,National IDSR weekly epidemiological report,Active,Level 1,Pending,Agent 2 batch 10 Q19: NCDC WER archive https://ncdc.gov.ng/reports/weekly (2026 issue pages /reports/weekly/2026/<month>/<week>); key-point scan of the cholera section of all 2026 issues,en,0,,Agent 2 batch 10 Q19: NCDC WER archive https://ncdc.gov.ng/reports/weekly (2026 issue pages /reports/weekly/2026/<month>/<week>); key-point scan of the cholera section of all 2026 issues,AI
580,"NCDC Weekly Epidemiological Report 2026, Week 6 (2 - 8 February 2026), issued 16 March 2026",https://ncdc.gov.ng/themes/common/docs/wers/667_1780906790.pdf,"Nigeria Centre for Disease Control and Prevention Weekly Epidemiological Report, Volume 16 No. 6, epidemiological week 6 of 2026 (2-8 February 2026). Cholera key point: 'There were nine suspected cases of Cholera reported from five LGAs in three states and FCT.' Used only as presence evidence for FCT (per-state counts not given).",2026-02-02 to 2026-02-08,National IDSR weekly epidemiological report,Active,Level 1,Pending,Agent 2 batch 10 Q19: key-point scan of all 2026 NCDC WER issues,en,0,,Agent 2 batch 10 Q19: key-point scan of all 2026 NCDC WER issues,AI
581,"NCDC Weekly Epidemiological Report 2025, Week 24 (9 - 15 June 2025), issued 30 June 2025",https://ncdc.gov.ng/themes/common/docs/wers/654_1768403145.pdf,"Nigeria Centre for Disease Control and Prevention Weekly Epidemiological Report, Volume 15 No. 24, epidemiological week 24 of 2025 (9-15 June 2025). Cholera Table 8: 1 suspected case, 0 confirmed, 0 deaths, State: 1, LGA: 1; key point names Kwara.",2025-06-09 to 2025-06-15,National IDSR weekly epidemiological report,Active,Level 1,Pending,Agent 2 batch 10 Q20: key-point scan of all 52 NCDC WER issues of 2025 (https://ncdc.gov.ng/reports/weekly/2025/...),en,0,,Agent 2 batch 10 Q20: key-point scan of all 52 NCDC WER issues of 2025 (https://ncdc.gov.ng/reports/weekly/2025/...),AI
582,"NCDC Cholera Situation Report Epi Week 26 2021 (28 June - 4 July 2021), Table 1 all-state weekly and cumulative table (complete ReliefWeb copy)",https://reliefweb.int/report/nigeria/ncdc-cholera-situation-report-weekly-epidemiological-report-03-epi-week-26-28-june-4,"NCDC ""An update of Cholera outbreak in Nigeria"" weekly situation report for epi week 26 of 2021, as posted on ReliefWeb (7 pages, complete). The ncdc.gov.ng copy of this issue is truncated on every mirror and in the Wayback Machine, which is why Table 1 of weeks 26, 28 and 31 had never been extracted. Table 1 gives, per state, reporting-week suspected cases/deaths and cumulative (week 1-26) suspected cases, deaths, RDT and culture results.",2021-01-01 to 2021-07-04,National situation report (state table),Active,Level 1,Pending,"Agent 2 batch 11 Q2: ReliefWeb RSS search ""cholera situation report"" Nigeria Jun-Dec 2021 - ReliefWeb attachments of the NCDC issues that are truncated at ncdc.gov.ng",en,0,,"Agent 2 batch 11 Q2: ReliefWeb RSS search ""cholera situation report"" Nigeria Jun-Dec 2021 - ReliefWeb attachments of the NCDC issues that are truncated at ncdc.gov.ng",AI
583,"NCDC Cholera Situation Report Epi Week 28 2021 (12 - 18 July 2021), Table 1 all-state weekly and cumulative table (complete ReliefWeb copy)",https://reliefweb.int/report/nigeria/ncdc-cholera-situation-report-weekly-epidemiological-report-05-epi-week-28-12th-july,"NCDC ""An update of Cholera outbreak in Nigeria"" weekly situation report for epi week 28 of 2021, as posted on ReliefWeb (7 pages, complete). The ncdc.gov.ng copy of this issue is truncated on every mirror and in the Wayback Machine, which is why Table 1 of weeks 26, 28 and 31 had never been extracted. Table 1 gives, per state, reporting-week suspected cases/deaths and cumulative (week 1-28) suspected cases, deaths, RDT and culture results.",2021-01-01 to 2021-07-18,National situation report (state table),Active,Level 1,Pending,"Agent 2 batch 11 Q2: ReliefWeb RSS search ""cholera situation report"" Nigeria Jun-Dec 2021 - ReliefWeb attachments of the NCDC issues that are truncated at ncdc.gov.ng",en,0,,"Agent 2 batch 11 Q2: ReliefWeb RSS search ""cholera situation report"" Nigeria Jun-Dec 2021 - ReliefWeb attachments of the NCDC issues that are truncated at ncdc.gov.ng",AI
584,"NCDC Cholera Situation Report Epi Week 31 2021 (2 - 8 August 2021), Table 1 all-state weekly and cumulative table (complete ReliefWeb copy)",https://reliefweb.int/report/nigeria/ncdc-cholera-situation-report-weekly-epidemiological-report-06-epi-week-312nd-august,"NCDC ""An update of Cholera outbreak in Nigeria"" weekly situation report for epi week 31 of 2021, as posted on ReliefWeb (7 pages, complete). The ncdc.gov.ng copy of this issue is truncated on every mirror and in the Wayback Machine, which is why Table 1 of weeks 26, 28 and 31 had never been extracted. Table 1 gives, per state, reporting-week suspected cases/deaths and cumulative (week 1-31) suspected cases, deaths, RDT and culture results.",2021-01-01 to 2021-08-08,National situation report (state table),Active,Level 1,Pending,"Agent 2 batch 11 Q2: ReliefWeb RSS search ""cholera situation report"" Nigeria Jun-Dec 2021 - ReliefWeb attachments of the NCDC issues that are truncated at ncdc.gov.ng",en,0,,"Agent 2 batch 11 Q2: ReliefWeb RSS search ""cholera situation report"" Nigeria Jun-Dec 2021 - ReliefWeb attachments of the NCDC issues that are truncated at ncdc.gov.ng",AI
585,"NCDC Weekly Epidemiological Report 2023, Week 29 (17 - 23 July 2023), issued 23 July 2023",https://ncdc.gov.ng/themes/common/docs/wers/408_1716482694.pdf,"Nigeria Centre for Disease Control and Prevention Weekly Epidemiological Report, Volume 13 No. 29, epidemiological week 29 of 2023 (17 - 23 July 2023). Cholera section: week counts, number of states/LGAs affected and key points naming the state.",2023-07-17 to 2023-07-23,National IDSR weekly epidemiological report,Active,Level 1,Pending,Agent 2 batch 11 Q6: key-point scan of the 21 NCDC WER issues of 2023 on https://ncdc.gov.ng/reports/weekly,en,0,,Agent 2 batch 11 Q6: key-point scan of the 21 NCDC WER issues of 2023 on https://ncdc.gov.ng/reports/weekly,AI
586,"NCDC Weekly Epidemiological Report 2023, Week 33 (14 - 20 August 2023), issued 1 September 2023",https://ncdc.gov.ng/themes/common/docs/wers/416_1716738116.pdf,"Nigeria Centre for Disease Control and Prevention Weekly Epidemiological Report, Volume 13 No. 33, epidemiological week 33 of 2023 (14 - 20 August 2023). Cholera section: week counts, number of states/LGAs affected and key points naming the state.",2023-08-14 to 2023-08-20,National IDSR weekly epidemiological report,Active,Level 1,Pending,Agent 2 batch 11 Q6: key-point scan of the 21 NCDC WER issues of 2023 on https://ncdc.gov.ng/reports/weekly,en,0,,Agent 2 batch 11 Q6: key-point scan of the 21 NCDC WER issues of 2023 on https://ncdc.gov.ng/reports/weekly,AI
587,"NCDC Weekly Epidemiological Report 2023, Week 42 (16 - 22 October 2023), issued 24 November 2023",https://ncdc.gov.ng/themes/common/docs/wers/480_1725973241.pdf,"Nigeria Centre for Disease Control and Prevention Weekly Epidemiological Report, Volume 13 No. 42, epidemiological week 42 of 2023 (16 - 22 October 2023). Cholera section: week counts, number of states/LGAs affected and key points naming the state.",2023-10-16 to 2023-10-22,National IDSR weekly epidemiological report,Active,Level 1,Pending,Agent 2 batch 11 Q6: key-point scan of the 21 NCDC WER issues of 2023 on https://ncdc.gov.ng/reports/weekly,en,0,,Agent 2 batch 11 Q6: key-point scan of the 21 NCDC WER issues of 2023 on https://ncdc.gov.ng/reports/weekly,AI
588,"NCDC Weekly Epidemiological Report 2019, Week 7 (2019-02-11 to 2019-02-17), Vol. 9 No. 7",https://ncdc.gov.ng/themes/common/docs/wers/175_1551770030.pdf,"Nigeria Centre for Disease Control Weekly Epidemiological Report, Volume 9 No. 7 (epidemiological week 7 of 2019). Cholera page: national IDSR weekly count and a key-point sentence naming states (sometimes LGAs) with weekly counts. Metadata 448 covers only the December 2019 issues (Nos. 48-52).",2019-02-11 to 2019-02-17,National IDSR weekly epidemiological report,Active,Level 1,Pending,"Agent 2 batch 11 Q8: key-point scan of the 51 NCDC WER issues of 2019 (https://ncdc.gov.ng/reports/weekly/2019/...), compared against every AI/JHU/WHO row for the same state-week",en,0,,"Agent 2 batch 11 Q8: key-point scan of the 51 NCDC WER issues of 2019 (https://ncdc.gov.ng/reports/weekly/2019/...), compared against every AI/JHU/WHO row for the same state-week",AI
589,"NCDC Weekly Epidemiological Report 2019, Week 9 (2019-02-25 to 2019-03-03), Vol. 9 No. 9",https://ncdc.gov.ng/themes/common/docs/wers/177_1552902759.pdf,"Nigeria Centre for Disease Control Weekly Epidemiological Report, Volume 9 No. 9 (epidemiological week 9 of 2019). Cholera page: national IDSR weekly count and a key-point sentence naming states (sometimes LGAs) with weekly counts. Metadata 448 covers only the December 2019 issues (Nos. 48-52).",2019-02-25 to 2019-03-03,National IDSR weekly epidemiological report,Active,Level 1,Pending,"Agent 2 batch 11 Q8: key-point scan of the 51 NCDC WER issues of 2019 (https://ncdc.gov.ng/reports/weekly/2019/...), compared against every AI/JHU/WHO row for the same state-week",en,0,,"Agent 2 batch 11 Q8: key-point scan of the 51 NCDC WER issues of 2019 (https://ncdc.gov.ng/reports/weekly/2019/...), compared against every AI/JHU/WHO row for the same state-week",AI
590,"NCDC Weekly Epidemiological Report 2019, Week 10 (2019-03-04 to 2019-03-10), Vol. 9 No. 10",https://ncdc.gov.ng/themes/common/docs/wers/178_1553583839.pdf,"Nigeria Centre for Disease Control Weekly Epidemiological Report, Volume 9 No. 10 (epidemiological week 10 of 2019). Cholera page: national IDSR weekly count and a key-point sentence naming states (sometimes LGAs) with weekly counts. Metadata 448 covers only the December 2019 issues (Nos. 48-52).",2019-03-04 to 2019-03-10,National IDSR weekly epidemiological report,Active,Level 1,Pending,"Agent 2 batch 11 Q8: key-point scan of the 51 NCDC WER issues of 2019 (https://ncdc.gov.ng/reports/weekly/2019/...), compared against every AI/JHU/WHO row for the same state-week",en,0,,"Agent 2 batch 11 Q8: key-point scan of the 51 NCDC WER issues of 2019 (https://ncdc.gov.ng/reports/weekly/2019/...), compared against every AI/JHU/WHO row for the same state-week",AI
591,"NCDC Weekly Epidemiological Report 2019, Week 12 (2019-03-18 to 2019-03-24), Vol. 9 No. 12",https://ncdc.gov.ng/themes/common/docs/wers/180_1554793633.pdf,"Nigeria Centre for Disease Control Weekly Epidemiological Report, Volume 9 No. 12 (epidemiological week 12 of 2019). Cholera page: national IDSR weekly count and a key-point sentence naming states (sometimes LGAs) with weekly counts. Metadata 448 covers only the December 2019 issues (Nos. 48-52).",2019-03-18 to 2019-03-24,National IDSR weekly epidemiological report,Active,Level 1,Pending,"Agent 2 batch 11 Q8: key-point scan of the 51 NCDC WER issues of 2019 (https://ncdc.gov.ng/reports/weekly/2019/...), compared against every AI/JHU/WHO row for the same state-week",en,0,,"Agent 2 batch 11 Q8: key-point scan of the 51 NCDC WER issues of 2019 (https://ncdc.gov.ng/reports/weekly/2019/...), compared against every AI/JHU/WHO row for the same state-week",AI
592,"NCDC Weekly Epidemiological Report 2019, Week 13 (2019-03-25 to 2019-03-31), Vol. 9 No. 13",https://ncdc.gov.ng/themes/common/docs/wers/181_1555403076.pdf,"Nigeria Centre for Disease Control Weekly Epidemiological Report, Volume 9 No. 13 (epidemiological week 13 of 2019). Cholera page: national IDSR weekly count and a key-point sentence naming states (sometimes LGAs) with weekly counts. Metadata 448 covers only the December 2019 issues (Nos. 48-52).",2019-03-25 to 2019-03-31,National IDSR weekly epidemiological report,Active,Level 1,Pending,"Agent 2 batch 11 Q8: key-point scan of the 51 NCDC WER issues of 2019 (https://ncdc.gov.ng/reports/weekly/2019/...), compared against every AI/JHU/WHO row for the same state-week",en,0,,"Agent 2 batch 11 Q8: key-point scan of the 51 NCDC WER issues of 2019 (https://ncdc.gov.ng/reports/weekly/2019/...), compared against every AI/JHU/WHO row for the same state-week",AI
593,"NCDC Weekly Epidemiological Report 2019, Week 15 (2019-04-08 to 2019-04-14), Vol. 9 No. 15, issued 2019-04-26",https://ncdc.gov.ng/themes/common/docs/wers/183_1556648553.pdf,"Nigeria Centre for Disease Control Weekly Epidemiological Report, Volume 9 No. 15 (epidemiological week 15 of 2019). Cholera page: national IDSR weekly count and a key-point sentence naming states (sometimes LGAs) with weekly counts. Metadata 448 covers only the December 2019 issues (Nos. 48-52).",2019-04-08 to 2019-04-14,National IDSR weekly epidemiological report,Active,Level 1,Pending,"Agent 2 batch 11 Q8: key-point scan of the 51 NCDC WER issues of 2019 (https://ncdc.gov.ng/reports/weekly/2019/...), compared against every AI/JHU/WHO row for the same state-week",en,0,,"Agent 2 batch 11 Q8: key-point scan of the 51 NCDC WER issues of 2019 (https://ncdc.gov.ng/reports/weekly/2019/...), compared against every AI/JHU/WHO row for the same state-week",AI
594,"NCDC Weekly Epidemiological Report 2019, Week 17 (2019-04-22 to 2019-04-28), Vol. 9 No. 17, issued 2019-05-10",https://ncdc.gov.ng/themes/common/docs/wers/185_1557826726.pdf,"Nigeria Centre for Disease Control Weekly Epidemiological Report, Volume 9 No. 17 (epidemiological week 17 of 2019). Cholera page: national IDSR weekly count and a key-point sentence naming states (sometimes LGAs) with weekly counts. Metadata 448 covers only the December 2019 issues (Nos. 48-52).",2019-04-22 to 2019-04-28,National IDSR weekly epidemiological report,Active,Level 1,Pending,"Agent 2 batch 11 Q8: key-point scan of the 51 NCDC WER issues of 2019 (https://ncdc.gov.ng/reports/weekly/2019/...), compared against every AI/JHU/WHO row for the same state-week",en,0,,"Agent 2 batch 11 Q8: key-point scan of the 51 NCDC WER issues of 2019 (https://ncdc.gov.ng/reports/weekly/2019/...), compared against every AI/JHU/WHO row for the same state-week",AI
595,"NCDC Weekly Epidemiological Report 2019, Week 18 (2019-04-29 to 2019-05-05), Vol. 9 No. 18, issued 2019-05-17",https://ncdc.gov.ng/themes/common/docs/wers/186_1558426478.pdf,"Nigeria Centre for Disease Control Weekly Epidemiological Report, Volume 9 No. 18 (epidemiological week 18 of 2019). Cholera page: national IDSR weekly count and a key-point sentence naming states (sometimes LGAs) with weekly counts. Metadata 448 covers only the December 2019 issues (Nos. 48-52).",2019-04-29 to 2019-05-05,National IDSR weekly epidemiological report,Active,Level 1,Pending,"Agent 2 batch 11 Q8: key-point scan of the 51 NCDC WER issues of 2019 (https://ncdc.gov.ng/reports/weekly/2019/...), compared against every AI/JHU/WHO row for the same state-week",en,0,,"Agent 2 batch 11 Q8: key-point scan of the 51 NCDC WER issues of 2019 (https://ncdc.gov.ng/reports/weekly/2019/...), compared against every AI/JHU/WHO row for the same state-week",AI
596,"NCDC Weekly Epidemiological Report 2019, Week 19 (2019-05-06 to 2019-05-12), Vol. 9 No. 19, issued 2019-05-24",https://ncdc.gov.ng/themes/common/docs/wers/187_1559030639.pdf,"Nigeria Centre for Disease Control Weekly Epidemiological Report, Volume 9 No. 19 (epidemiological week 19 of 2019). Cholera page: national IDSR weekly count and a key-point sentence naming states (sometimes LGAs) with weekly counts. Metadata 448 covers only the December 2019 issues (Nos. 48-52).",2019-05-06 to 2019-05-12,National IDSR weekly epidemiological report,Active,Level 1,Pending,"Agent 2 batch 11 Q8: key-point scan of the 51 NCDC WER issues of 2019 (https://ncdc.gov.ng/reports/weekly/2019/...), compared against every AI/JHU/WHO row for the same state-week",en,0,,"Agent 2 batch 11 Q8: key-point scan of the 51 NCDC WER issues of 2019 (https://ncdc.gov.ng/reports/weekly/2019/...), compared against every AI/JHU/WHO row for the same state-week",AI
597,"NCDC Weekly Epidemiological Report 2019, Week 23 (2019-06-03 to 2019-06-09), Vol. 9 No. 23, issued 2019-06-21",https://ncdc.gov.ng/themes/common/docs/wers/191_1561455185.pdf,"Nigeria Centre for Disease Control Weekly Epidemiological Report, Volume 9 No. 23 (epidemiological week 23 of 2019). Cholera page: national IDSR weekly count and a key-point sentence naming states (sometimes LGAs) with weekly counts. Metadata 448 covers only the December 2019 issues (Nos. 48-52).",2019-06-03 to 2019-06-09,National IDSR weekly epidemiological report,Active,Level 1,Pending,"Agent 2 batch 11 Q8: key-point scan of the 51 NCDC WER issues of 2019 (https://ncdc.gov.ng/reports/weekly/2019/...), compared against every AI/JHU/WHO row for the same state-week",en,0,,"Agent 2 batch 11 Q8: key-point scan of the 51 NCDC WER issues of 2019 (https://ncdc.gov.ng/reports/weekly/2019/...), compared against every AI/JHU/WHO row for the same state-week",AI
598,"NCDC Weekly Epidemiological Report 2019, Week 25 (2019-06-17 to 2019-06-23), Vol. 9 No. 25, issued 2019-07-05",https://ncdc.gov.ng/themes/common/docs/wers/193_1562671452.pdf,"Nigeria Centre for Disease Control Weekly Epidemiological Report, Volume 9 No. 25 (epidemiological week 25 of 2019). Cholera page: national IDSR weekly count and a key-point sentence naming states (sometimes LGAs) with weekly counts. Metadata 448 covers only the December 2019 issues (Nos. 48-52).",2019-06-17 to 2019-06-23,National IDSR weekly epidemiological report,Active,Level 1,Pending,"Agent 2 batch 11 Q8: key-point scan of the 51 NCDC WER issues of 2019 (https://ncdc.gov.ng/reports/weekly/2019/...), compared against every AI/JHU/WHO row for the same state-week",en,0,,"Agent 2 batch 11 Q8: key-point scan of the 51 NCDC WER issues of 2019 (https://ncdc.gov.ng/reports/weekly/2019/...), compared against every AI/JHU/WHO row for the same state-week",AI
599,"NCDC Weekly Epidemiological Report 2019, Week 27 (2019-07-01 to 2019-07-07), Vol. 9 No. 27, issued 2019-07-19",https://ncdc.gov.ng/themes/common/docs/wers/195_1563882576.pdf,"Nigeria Centre for Disease Control Weekly Epidemiological Report, Volume 9 No. 27 (epidemiological week 27 of 2019). Cholera page: national IDSR weekly count and a key-point sentence naming states (sometimes LGAs) with weekly counts. Metadata 448 covers only the December 2019 issues (Nos. 48-52).",2019-07-01 to 2019-07-07,National IDSR weekly epidemiological report,Active,Level 1,Pending,"Agent 2 batch 11 Q8: key-point scan of the 51 NCDC WER issues of 2019 (https://ncdc.gov.ng/reports/weekly/2019/...), compared against every AI/JHU/WHO row for the same state-week",en,0,,"Agent 2 batch 11 Q8: key-point scan of the 51 NCDC WER issues of 2019 (https://ncdc.gov.ng/reports/weekly/2019/...), compared against every AI/JHU/WHO row for the same state-week",AI
600,"NCDC Weekly Epidemiological Report 2019, Week 29 (2019-07-15 to 2019-07-21), Vol. 9 No. 29, issued 2019-08-02",https://ncdc.gov.ng/themes/common/docs/wers/201_1565078654.pdf,"Nigeria Centre for Disease Control Weekly Epidemiological Report, Volume 9 No. 29 (epidemiological week 29 of 2019). Cholera page: national IDSR weekly count and a key-point sentence naming states (sometimes LGAs) with weekly counts. Metadata 448 covers only the December 2019 issues (Nos. 48-52).",2019-07-15 to 2019-07-21,National IDSR weekly epidemiological report,Active,Level 1,Pending,"Agent 2 batch 11 Q8: key-point scan of the 51 NCDC WER issues of 2019 (https://ncdc.gov.ng/reports/weekly/2019/...), compared against every AI/JHU/WHO row for the same state-week",en,0,,"Agent 2 batch 11 Q8: key-point scan of the 51 NCDC WER issues of 2019 (https://ncdc.gov.ng/reports/weekly/2019/...), compared against every AI/JHU/WHO row for the same state-week",AI
601,"NCDC Weekly Epidemiological Report 2019, Week 30 (2019-07-22 to 2019-07-28), Vol. 9 No. 30, issued 2019-08-09",https://ncdc.gov.ng/themes/common/docs/wers/202_1565769762.pdf,"Nigeria Centre for Disease Control Weekly Epidemiological Report, Volume 9 No. 30 (epidemiological week 30 of 2019). Cholera page: national IDSR weekly count and a key-point sentence naming states (sometimes LGAs) with weekly counts. Metadata 448 covers only the December 2019 issues (Nos. 48-52).",2019-07-22 to 2019-07-28,National IDSR weekly epidemiological report,Active,Level 1,Pending,"Agent 2 batch 11 Q8: key-point scan of the 51 NCDC WER issues of 2019 (https://ncdc.gov.ng/reports/weekly/2019/...), compared against every AI/JHU/WHO row for the same state-week",en,0,,"Agent 2 batch 11 Q8: key-point scan of the 51 NCDC WER issues of 2019 (https://ncdc.gov.ng/reports/weekly/2019/...), compared against every AI/JHU/WHO row for the same state-week",AI
602,"NCDC Weekly Epidemiological Report 2019, Week 35 (2019-08-26 to 2019-09-01), Vol. 9 No. 35, issued 2019-09-13",https://ncdc.gov.ng/themes/common/docs/wers/211_1569666780.pdf,"Nigeria Centre for Disease Control Weekly Epidemiological Report, Volume 9 No. 35 (epidemiological week 35 of 2019). Cholera page: national IDSR weekly count and a key-point sentence naming states (sometimes LGAs) with weekly counts. Metadata 448 covers only the December 2019 issues (Nos. 48-52).",2019-08-26 to 2019-09-01,National IDSR weekly epidemiological report,Active,Level 1,Pending,"Agent 2 batch 11 Q8: key-point scan of the 51 NCDC WER issues of 2019 (https://ncdc.gov.ng/reports/weekly/2019/...), compared against every AI/JHU/WHO row for the same state-week",en,0,,"Agent 2 batch 11 Q8: key-point scan of the 51 NCDC WER issues of 2019 (https://ncdc.gov.ng/reports/weekly/2019/...), compared against every AI/JHU/WHO row for the same state-week",AI
603,"NCDC Weekly Epidemiological Report 2019, Week 36 (2019-09-02 to 2019-09-08), Vol. 9 No. 36, issued 2019-09-20",https://ncdc.gov.ng/themes/common/docs/wers/210_1569437108.pdf,"Nigeria Centre for Disease Control Weekly Epidemiological Report, Volume 9 No. 36 (epidemiological week 36 of 2019). Cholera page: national IDSR weekly count and a key-point sentence naming states (sometimes LGAs) with weekly counts. Metadata 448 covers only the December 2019 issues (Nos. 48-52).",2019-09-02 to 2019-09-08,National IDSR weekly epidemiological report,Active,Level 1,Pending,"Agent 2 batch 11 Q8: key-point scan of the 51 NCDC WER issues of 2019 (https://ncdc.gov.ng/reports/weekly/2019/...), compared against every AI/JHU/WHO row for the same state-week",en,0,,"Agent 2 batch 11 Q8: key-point scan of the 51 NCDC WER issues of 2019 (https://ncdc.gov.ng/reports/weekly/2019/...), compared against every AI/JHU/WHO row for the same state-week",AI
604,"NCDC Weekly Epidemiological Report 2019, Week 37 (2019-09-09 to 2019-09-15), Vol. 9 No. 37, issued 2019-09-27",https://ncdc.gov.ng/themes/common/docs/wers/212_1569928008.pdf,"Nigeria Centre for Disease Control Weekly Epidemiological Report, Volume 9 No. 37 (epidemiological week 37 of 2019). Cholera page: national IDSR weekly count and a key-point sentence naming states (sometimes LGAs) with weekly counts. Metadata 448 covers only the December 2019 issues (Nos. 48-52).",2019-09-09 to 2019-09-15,National IDSR weekly epidemiological report,Active,Level 1,Pending,"Agent 2 batch 11 Q8: key-point scan of the 51 NCDC WER issues of 2019 (https://ncdc.gov.ng/reports/weekly/2019/...), compared against every AI/JHU/WHO row for the same state-week",en,0,,"Agent 2 batch 11 Q8: key-point scan of the 51 NCDC WER issues of 2019 (https://ncdc.gov.ng/reports/weekly/2019/...), compared against every AI/JHU/WHO row for the same state-week",AI
605,"NCDC Weekly Epidemiological Report 2019, Week 38 (2019-09-16 to 2019-09-22), Vol. 9 No. 38, issued 2019-10-04",https://ncdc.gov.ng/themes/common/docs/wers/213_1570528415.pdf,"Nigeria Centre for Disease Control Weekly Epidemiological Report, Volume 9 No. 38 (epidemiological week 38 of 2019). Cholera page: national IDSR weekly count and a key-point sentence naming states (sometimes LGAs) with weekly counts. Metadata 448 covers only the December 2019 issues (Nos. 48-52).",2019-09-16 to 2019-09-22,National IDSR weekly epidemiological report,Active,Level 1,Pending,"Agent 2 batch 11 Q8: key-point scan of the 51 NCDC WER issues of 2019 (https://ncdc.gov.ng/reports/weekly/2019/...), compared against every AI/JHU/WHO row for the same state-week",en,0,,"Agent 2 batch 11 Q8: key-point scan of the 51 NCDC WER issues of 2019 (https://ncdc.gov.ng/reports/weekly/2019/...), compared against every AI/JHU/WHO row for the same state-week",AI
606,"NCDC Weekly Epidemiological Report 2019, Week 39 (2019-09-23 to 2019-09-29), Vol. 9 No. 39, issued 2019-10-11",https://ncdc.gov.ng/themes/common/docs/wers/214_1571134337.pdf,"Nigeria Centre for Disease Control Weekly Epidemiological Report, Volume 9 No. 39 (epidemiological week 39 of 2019). Cholera page: national IDSR weekly count and a key-point sentence naming states (sometimes LGAs) with weekly counts. Metadata 448 covers only the December 2019 issues (Nos. 48-52).",2019-09-23 to 2019-09-29,National IDSR weekly epidemiological report,Active,Level 1,Pending,"Agent 2 batch 11 Q8: key-point scan of the 51 NCDC WER issues of 2019 (https://ncdc.gov.ng/reports/weekly/2019/...), compared against every AI/JHU/WHO row for the same state-week",en,0,,"Agent 2 batch 11 Q8: key-point scan of the 51 NCDC WER issues of 2019 (https://ncdc.gov.ng/reports/weekly/2019/...), compared against every AI/JHU/WHO row for the same state-week",AI
607,"NCDC Weekly Epidemiological Report 2019, Week 40 (2019-09-30 to 2019-10-06), Vol. 9 No. 40, issued 2019-10-18",https://ncdc.gov.ng/themes/common/docs/wers/215_1571656205.pdf,"Nigeria Centre for Disease Control Weekly Epidemiological Report, Volume 9 No. 40 (epidemiological week 40 of 2019). Cholera page: national IDSR weekly count and a key-point sentence naming states (sometimes LGAs) with weekly counts. Metadata 448 covers only the December 2019 issues (Nos. 48-52).",2019-09-30 to 2019-10-06,National IDSR weekly epidemiological report,Active,Level 1,Pending,"Agent 2 batch 11 Q8: key-point scan of the 51 NCDC WER issues of 2019 (https://ncdc.gov.ng/reports/weekly/2019/...), compared against every AI/JHU/WHO row for the same state-week",en,0,,"Agent 2 batch 11 Q8: key-point scan of the 51 NCDC WER issues of 2019 (https://ncdc.gov.ng/reports/weekly/2019/...), compared against every AI/JHU/WHO row for the same state-week",AI
608,"NCDC Weekly Epidemiological Report 2019, Week 41 (2019-10-07 to 2019-10-13), Vol. 9 No. 41, issued 2019-10-25",https://ncdc.gov.ng/themes/common/docs/wers/220_1572277790.pdf,"Nigeria Centre for Disease Control Weekly Epidemiological Report, Volume 9 No. 41 (epidemiological week 41 of 2019). Cholera page: national IDSR weekly count and a key-point sentence naming states (sometimes LGAs) with weekly counts. Metadata 448 covers only the December 2019 issues (Nos. 48-52).",2019-10-07 to 2019-10-13,National IDSR weekly epidemiological report,Active,Level 1,Pending,"Agent 2 batch 11 Q8: key-point scan of the 51 NCDC WER issues of 2019 (https://ncdc.gov.ng/reports/weekly/2019/...), compared against every AI/JHU/WHO row for the same state-week",en,0,,"Agent 2 batch 11 Q8: key-point scan of the 51 NCDC WER issues of 2019 (https://ncdc.gov.ng/reports/weekly/2019/...), compared against every AI/JHU/WHO row for the same state-week",AI
609,"NCDC Weekly Epidemiological Report 2019, Week 42 (2019-10-14 to 2019-10-20), Vol. 9 No. 42, issued 2019-11-01",https://ncdc.gov.ng/themes/common/docs/wers/221_1572880622.pdf,"Nigeria Centre for Disease Control Weekly Epidemiological Report, Volume 9 No. 42 (epidemiological week 42 of 2019). Cholera page: national IDSR weekly count and a key-point sentence naming states (sometimes LGAs) with weekly counts. Metadata 448 covers only the December 2019 issues (Nos. 48-52).",2019-10-14 to 2019-10-20,National IDSR weekly epidemiological report,Active,Level 1,Pending,"Agent 2 batch 11 Q8: key-point scan of the 51 NCDC WER issues of 2019 (https://ncdc.gov.ng/reports/weekly/2019/...), compared against every AI/JHU/WHO row for the same state-week",en,0,,"Agent 2 batch 11 Q8: key-point scan of the 51 NCDC WER issues of 2019 (https://ncdc.gov.ng/reports/weekly/2019/...), compared against every AI/JHU/WHO row for the same state-week",AI
610,"NCDC Weekly Epidemiological Report 2019, Week 43 (2019-10-21 to 2019-10-27), Vol. 9 No. 43, issued 2019-11-08",https://ncdc.gov.ng/themes/common/docs/wers/224_1573569566.pdf,"Nigeria Centre for Disease Control Weekly Epidemiological Report, Volume 9 No. 43 (epidemiological week 43 of 2019). Cholera page: national IDSR weekly count and a key-point sentence naming states (sometimes LGAs) with weekly counts. Metadata 448 covers only the December 2019 issues (Nos. 48-52).",2019-10-21 to 2019-10-27,National IDSR weekly epidemiological report,Active,Level 1,Pending,"Agent 2 batch 11 Q8: key-point scan of the 51 NCDC WER issues of 2019 (https://ncdc.gov.ng/reports/weekly/2019/...), compared against every AI/JHU/WHO row for the same state-week",en,0,,"Agent 2 batch 11 Q8: key-point scan of the 51 NCDC WER issues of 2019 (https://ncdc.gov.ng/reports/weekly/2019/...), compared against every AI/JHU/WHO row for the same state-week",AI
611,"NCDC Weekly Epidemiological Report 2019, Week 46 (2019-11-11 to 2019-11-17), Vol. 9 No. 46, issued 2019-11-29",https://ncdc.gov.ng/themes/common/docs/wers/230_1575289761.pdf,"Nigeria Centre for Disease Control Weekly Epidemiological Report, Volume 9 No. 46 (epidemiological week 46 of 2019). Cholera page: national IDSR weekly count and a key-point sentence naming states (sometimes LGAs) with weekly counts. Metadata 448 covers only the December 2019 issues (Nos. 48-52).",2019-11-11 to 2019-11-17,National IDSR weekly epidemiological report,Active,Level 1,Pending,"Agent 2 batch 11 Q8: key-point scan of the 51 NCDC WER issues of 2019 (https://ncdc.gov.ng/reports/weekly/2019/...), compared against every AI/JHU/WHO row for the same state-week",en,0,,"Agent 2 batch 11 Q8: key-point scan of the 51 NCDC WER issues of 2019 (https://ncdc.gov.ng/reports/weekly/2019/...), compared against every AI/JHU/WHO row for the same state-week",AI
612,"NCDC Weekly Epidemiological Report 2019, Week 22 (2019-05-27 to 2019-06-02), Vol. 9 No. 22, issued 2019-06-14",https://ncdc.gov.ng/themes/common/docs/wers/190_1560867705.pdf,"Nigeria Centre for Disease Control Weekly Epidemiological Report, Volume 9 No. 22 (epidemiological week 22 of 2019). Cholera page: national IDSR weekly count and a key-point sentence naming states (sometimes LGAs) with weekly counts. Metadata 448 covers only the December 2019 issues (Nos. 48-52).",2019-05-27 to 2019-06-02,National IDSR weekly epidemiological report,Active,Level 1,Pending,"Agent 2 batch 11 Q8: key-point scan of the 51 NCDC WER issues of 2019 (https://ncdc.gov.ng/reports/weekly/2019/...), compared against every AI/JHU/WHO row for the same state-week",en,0,,"Agent 2 batch 11 Q8: key-point scan of the 51 NCDC WER issues of 2019 (https://ncdc.gov.ng/reports/weekly/2019/...), compared against every AI/JHU/WHO row for the same state-week",AI
613,"NCDC Weekly Epidemiological Report 2021, Week 5 (2021-02-01 to 2021-02-07), issued 2021-02-23",https://ncdc.gov.ng/themes/common/docs/wers/298_1614431072.pdf,"Nigeria Centre for Disease Control Weekly Epidemiological Report, epidemiological week 5 of 2021. Cholera page: national IDSR weekly count and a key-point sentence naming states (sometimes LGAs) with their weekly counts.",2021-02-01 to 2021-02-07,National IDSR weekly epidemiological report,Active,Level 1,Pending,"Agent 2 batch 11: key-point scan of the NCDC WER issues of 2021 (https://ncdc.gov.ng/reports/weekly/2021/...), compared against every AI/JHU/WHO row for the same state-week",en,0,,"Agent 2 batch 11: key-point scan of the NCDC WER issues of 2021 (https://ncdc.gov.ng/reports/weekly/2021/...), compared against every AI/JHU/WHO row for the same state-week",AI
614,"NCDC Weekly Epidemiological Report 2021, Week 6 (2021-02-08 to 2021-02-14), issued 2021-03-02",https://ncdc.gov.ng/themes/common/docs/wers/299_1614928461.pdf,"Nigeria Centre for Disease Control Weekly Epidemiological Report, epidemiological week 6 of 2021. Cholera page: national IDSR weekly count and a key-point sentence naming states (sometimes LGAs) with their weekly counts.",2021-02-08 to 2021-02-14,National IDSR weekly epidemiological report,Active,Level 1,Pending,"Agent 2 batch 11: key-point scan of the NCDC WER issues of 2021 (https://ncdc.gov.ng/reports/weekly/2021/...), compared against every AI/JHU/WHO row for the same state-week",en,0,,"Agent 2 batch 11: key-point scan of the NCDC WER issues of 2021 (https://ncdc.gov.ng/reports/weekly/2021/...), compared against every AI/JHU/WHO row for the same state-week",AI
615,"NCDC Weekly Epidemiological Report 2021, Week 7 (2021-02-15 to 2021-02-21), issued 2021-03-09",https://ncdc.gov.ng/themes/common/docs/wers/300_1615550744.pdf,"Nigeria Centre for Disease Control Weekly Epidemiological Report, epidemiological week 7 of 2021. Cholera page: national IDSR weekly count and a key-point sentence naming states (sometimes LGAs) with their weekly counts.",2021-02-15 to 2021-02-21,National IDSR weekly epidemiological report,Active,Level 1,Pending,"Agent 2 batch 11: key-point scan of the NCDC WER issues of 2021 (https://ncdc.gov.ng/reports/weekly/2021/...), compared against every AI/JHU/WHO row for the same state-week",en,0,,"Agent 2 batch 11: key-point scan of the NCDC WER issues of 2021 (https://ncdc.gov.ng/reports/weekly/2021/...), compared against every AI/JHU/WHO row for the same state-week",AI
616,"NCDC Weekly Epidemiological Report 2021, Week 8 (2021-02-22 to 2021-02-28), issued 2021-03-16",https://ncdc.gov.ng/themes/common/docs/wers/301_1616165193.pdf,"Nigeria Centre for Disease Control Weekly Epidemiological Report, epidemiological week 8 of 2021. Cholera page: national IDSR weekly count and a key-point sentence naming states (sometimes LGAs) with their weekly counts.",2021-02-22 to 2021-02-28,National IDSR weekly epidemiological report,Active,Level 1,Pending,"Agent 2 batch 11: key-point scan of the NCDC WER issues of 2021 (https://ncdc.gov.ng/reports/weekly/2021/...), compared against every AI/JHU/WHO row for the same state-week",en,0,,"Agent 2 batch 11: key-point scan of the NCDC WER issues of 2021 (https://ncdc.gov.ng/reports/weekly/2021/...), compared against every AI/JHU/WHO row for the same state-week",AI
617,"NCDC Weekly Epidemiological Report 2021, Week 10 (2021-03-08 to 2021-03-14), issued 2021-03-30",https://ncdc.gov.ng/themes/common/docs/wers/303_1617399396.pdf,"Nigeria Centre for Disease Control Weekly Epidemiological Report, epidemiological week 10 of 2021. Cholera page: national IDSR weekly count and a key-point sentence naming states (sometimes LGAs) with their weekly counts.",2021-03-08 to 2021-03-14,National IDSR weekly epidemiological report,Active,Level 1,Pending,"Agent 2 batch 11: key-point scan of the NCDC WER issues of 2021 (https://ncdc.gov.ng/reports/weekly/2021/...), compared against every AI/JHU/WHO row for the same state-week",en,0,,"Agent 2 batch 11: key-point scan of the NCDC WER issues of 2021 (https://ncdc.gov.ng/reports/weekly/2021/...), compared against every AI/JHU/WHO row for the same state-week",AI
618,"NCDC Weekly Epidemiological Report 2021, Week 12 (2021-03-22 to 2021-03-28), issued 2021-04-13",https://ncdc.gov.ng/themes/common/docs/wers/305_1618656275.pdf,"Nigeria Centre for Disease Control Weekly Epidemiological Report, epidemiological week 12 of 2021. Cholera page: national IDSR weekly count and a key-point sentence naming states (sometimes LGAs) with their weekly counts.",2021-03-22 to 2021-03-28,National IDSR weekly epidemiological report,Active,Level 1,Pending,"Agent 2 batch 11: key-point scan of the NCDC WER issues of 2021 (https://ncdc.gov.ng/reports/weekly/2021/...), compared against every AI/JHU/WHO row for the same state-week",en,0,,"Agent 2 batch 11: key-point scan of the NCDC WER issues of 2021 (https://ncdc.gov.ng/reports/weekly/2021/...), compared against every AI/JHU/WHO row for the same state-week",AI
619,"NCDC Weekly Epidemiological Report 2021, Week 19 (2021-05-10 to 2021-05-16), issued 2021-06-01",https://ncdc.gov.ng/themes/common/docs/wers/313_1623058962.pdf,"Nigeria Centre for Disease Control Weekly Epidemiological Report, epidemiological week 19 of 2021. Cholera page: national IDSR weekly count and a key-point sentence naming states (sometimes LGAs) with their weekly counts.",2021-05-10 to 2021-05-16,National IDSR weekly epidemiological report,Active,Level 1,Pending,"Agent 2 batch 11: key-point scan of the NCDC WER issues of 2021 (https://ncdc.gov.ng/reports/weekly/2021/...), compared against every AI/JHU/WHO row for the same state-week",en,0,,"Agent 2 batch 11: key-point scan of the NCDC WER issues of 2021 (https://ncdc.gov.ng/reports/weekly/2021/...), compared against every AI/JHU/WHO row for the same state-week",AI
620,"NCDC Weekly Epidemiological Report 2021, Week 27 (2021-07-05 to 2021-07-11), issued 2021-07-27",https://ncdc.gov.ng/themes/common/docs/wers/321_1627899651.pdf,"Nigeria Centre for Disease Control Weekly Epidemiological Report, epidemiological week 27 of 2021. Cholera page: national IDSR weekly count and a key-point sentence naming states (sometimes LGAs) with their weekly counts.",2021-07-05 to 2021-07-11,National IDSR weekly epidemiological report,Active,Level 1,Pending,"Agent 2 batch 11: key-point scan of the NCDC WER issues of 2021 (https://ncdc.gov.ng/reports/weekly/2021/...), compared against every AI/JHU/WHO row for the same state-week",en,0,,"Agent 2 batch 11: key-point scan of the NCDC WER issues of 2021 (https://ncdc.gov.ng/reports/weekly/2021/...), compared against every AI/JHU/WHO row for the same state-week",AI
621,"Clinical Health Journal, 'Outbreak: Bauchi records 322 cholera cases, 20 deaths in one month', 26 May 2021",https://clinicalhealthjournal.com/outbreak-bauchi-records-322-cholera-cases-20-deaths-in-one-month/,"News report (published 2021-05-26 per article:published_time) of the Bauchi State Commissioner of Health's press briefing of Tuesday 25 May 2021: 322 cases and 20 deaths in nine LGAs within one month, with the LGA breakdown (Bauchi 147/9, Toro 58/3, Ningi 51/3, Misau 31/4, Giade 10/1, Ganjuwa 7/0, Shira 1/0, Darazo 1/0, Warji 16/0); index case 24 April 2021 in Magami, Burra ward, Ningi LGA. Totals corroborated by Channels TV (2021-05-25), Ripples Nigeria (2021-05-26), VON (2021-05-26), TheCable and AFP.",2021-04-24 to 2021-05-25,News report of state government press briefing,Active,Level 3,Pending,Agent 2 batch 11 Q17: WebSearch extended 'Bauchi cholera outbreak 2019 cases deaths Bauchi LGA Tsangaya' (corroboration search for PMC9993589; this 2021 item surfaced) then WebSearch 'Bauchi 322 cholera cases 20 deaths Maigoro ...',en,0,,Agent 2 batch 11 Q17: WebSearch extended 'Bauchi cholera outbreak 2019 cases deaths Bauchi LGA Tsangaya' (corroboration search for PMC9993589; this 2021 item surfaced) then WebSearch 'Bauchi 322 cholera cases 20 deaths Maigoro ...',AI
622,"Cholera outbreak in some communities in North-East Nigeria, 2019: an unmatched case-control study (BMC Public Health 2023;23:446, PMC9993589)",https://pmc.ncbi.nlm.nih.gov/articles/PMC9993589/,"Peer-reviewed NFELTP outbreak investigation of the 28 Feb - 31 Aug 2019 Bauchi State cholera outbreak: 9,725 line-listed cases, 28 deaths; Table 1 cases and deaths by LGA (Bauchi 9,017/24, Tafawa Balewa 397/2, Ganjuwa 242/1, Toro 41/0, Bogoro 10/0, Dass 7/1, Darazo 2/0, Alkaleri 1, Kirfi 1, Katagum 1, plus Jos North (Plateau) 6). Also cites Kano State annual cases 2010-2019 (1608, 778, 0, 1678, 7058, 1094, 226, 948, 2982, 89) from Ngwa et al. 2021 (PLoS NTD, PMC7846125).",2019-02-28 to 2019-08-31,Peer-reviewed outbreak investigation,Active,Level 1,Pending,Agent 2 batch 11 Q16: WebSearch extended 'cholera outbreak kills Nigeria state 2016 suspected cases local government commissioner' -> Europe PMC full text,en,0,,Agent 2 batch 11 Q16: WebSearch extended 'cholera outbreak kills Nigeria state 2016 suspected cases local government commissioner' -> Europe PMC full text,AI
623,"Ngwa MC et al. 2021, The cholera risk assessment in Kano State, Nigeria: a historical review, mapping of hotspots and evaluation of contextual factors (PLoS NTD 15(1):e0009046, PMC7846125)",https://journals.plos.org/plosntds/article?id=10.1371/journal.pntd.0009046,"Peer-reviewed analysis of LGA-level suspected and confirmed cholera data for Kano State 2010-2019 from NCDC and the Kano State Ministry of Health (16,461 cases, CFR 3.32%). Table 1: five significant space-time clusters with duration, number of LGAs and observed cases (cluster 3 = Kunchi, 2010, 303 cases; cluster 4 = Fagge, 2013-2014, 446 cases); Table 2: hotspot LGAs with 2010-2019 observed cases; Table 3: GTFCC hotspot classes by mean annual incidence.",2010-01-01 to 2019-12-31,Peer-reviewed retrospective analysis (LGA level),Active,Level 1,Pending,Agent 2 batch 11 Q19: reference 6 of PMC9993589 (Europe PMC full text PMC7846125),en,0,,Agent 2 batch 11 Q19: reference 6 of PMC9993589 (Europe PMC full text PMC7846125),AI
624,"Nigerian Tribune, 'Cholera outbreak claims 24 lives in Kebbi', 4 November 2024",https://tribuneonlineng.com/cholera-outbreak-claims-24-lives-in-kebbi/,Nigerian Tribune (Ayodele Ajoge; published 2024-11-04 per article:published_time) quoting the Kebbi State Ministry of Health Director of Public Health: 24 deaths and 875 cases across ten LGAs; 13 of the deaths in Suru LGA. No second source found.,2024-01-01 to 2024-11-04,News report quoting state ministry of health,Active,Level 3,Pending,Agent 2 batch 12 Q1: WebSearch extended '2016 cholera outbreak Nigeria Kebbi OR Sokoto OR Zamfara OR Niger OR Plateau OR Lagos ...' (2016 target; hit was 2024),en,0,,Agent 2 batch 12 Q1: WebSearch extended '2016 cholera outbreak Nigeria Kebbi OR Sokoto OR Zamfara OR Niger OR Plateau OR Lagos ...' (2016 target; hit was 2024),AI
625,"Geospatial analysis of cholera outbreak in Kano Metropolis, Kano State, Nigeria (World Journal of Advanced Research and Reviews 2025;27(01):1487-1497)",https://zenodo.org/records/17548515,"Analysis of Kano State Ministry of Health facility-based cholera records for the eight Kano Metropolis LGAs, 2010-2019. Gives shares only: 2013 = 21% and 2014 = 43% of all metropolis cases; Dala 16%, Kano Municipal 15%, Tarauni 5%; males 54% vs females 46% 'accounting for a difference of 474 male cases' (implying about 5,925 metropolis cases in 2010-2019). Used as magnitude corroboration only (no row cites it directly).",2010-01-01 to 2019-12-31,Journal article (percentages only),Active,Level 2,Pending,Agent 2 batch 12 Q2: WebSearch extended 'Kano cholera outbreak 2013 cases deaths local government areas ...' (corroboration search for Kano 2013),en,0,,Agent 2 batch 12 Q2: WebSearch extended 'Kano cholera outbreak 2013 cases deaths local government areas ...' (corroboration search for Kano 2013),AI
626,"Nairametrics, 'Sokoto records 25 deaths, treats 1,160 cases in cholera outbreak - Director', 20 November 2024",https://nairametrics.com/2024/11/20/sokoto-records-25-deaths-treats-1160-cases-in-cholera-outbreak-director/,"Sokoto State Ministry of Health statement (Nov 2024): 1,160 patients treated and 25 deaths from 'gastroenteritis-related cases from January till date across 18 local government areas'; cholera confirmed in Sokoto North, Silame and Kware LGAs; 15 active cases (7 Sokoto North, 6 Silame, 2 Kware). Also Blueprint 29 Nov 2024. The 1,160 is a gastroenteritis count, so it is NOT entered as suspected cholera; used for presence records only.",2024-01-01 to 2024-11-20,News report of state ministry statement,Active,Level 3,Pending,"Agent 2 batch 12 Q3-Q4: Blueprint 29 Nov 2024 'Citizens in fear as fresh cholera cases soar' (found by the Bauchi-2019 corroboration search) then WebSearch 'Sokoto cholera 1,160 cases 25 deaths ...'",en,0,,"Agent 2 batch 12 Q3-Q4: Blueprint 29 Nov 2024 'Citizens in fear as fresh cholera cases soar' (found by the Bauchi-2019 corroboration search) then WebSearch 'Sokoto cholera 1,160 cases 25 deaths ...'",AI
627,"Cholera outbreak investigation in Adamawa state, Nigeria, June 2021 - December 2021: an unmatched case-control study (J Public Health Afr 2026;17(1):1559, PMC13543290)",https://europepmc.org/articles/PMC13543290,"Peer-reviewed NFELTP investigation using the Adamawa State cholera line list 30 June - 1 December 2021: 1,332 cases, 48 deaths across 12 LGAs; Table 1 cases and deaths by LGA (Yola North 415/10, Numan 293/9, Yola South 192/7, Girei 150/3, Lamurde 137/11, Gombi 35/3, Fufore 29/0, Shelleng 26/0, Mubi South 19/2, Demsa 15/0, Hong 15/2, Song 6/1). The table caption says 'as of 22 December 2021' but the totals fit the 1 December line-list cut-off (SMoH sitreps: 1,139 on 16 Nov, 1,710 on 10 Dec).",2021-06-30 to 2021-12-01,Peer-reviewed outbreak investigation (line list),Active,Level 1,Pending,"Agent 2 batch 12 Q6: Europe PMC search 'cholera AND Nigeria AND (outbreak investigation OR ""local government area"") 2011-2026'",en,0,,"Agent 2 batch 12 Q6: Europe PMC search 'cholera AND Nigeria AND (outbreak investigation OR ""local government area"") 2011-2026'",AI
628,"OCHA, Nigeria: Yobe State - Weekly Situation Report No. 9 (As of 3 August 2021)",https://reliefweb.int/report/nigeria/nigeria-yobe-state-weekly-situation-report-no-9-3-august-2021,"OCHA Yobe State weekly humanitarian situation report No. 9 (as of 3 August 2021) reporting Yobe State Ministry of Health figures: AWD/cholera 50 cases including eight deaths across Bursari, Jakusko and Damaturu LGAs; about 20 of the cases in Gadine, Bursari LGA in April; five laboratory-positive samples.",2021-04-01 to 2021-08-03,UN humanitarian situation report citing SMoH,Active,Level 2,Pending,"Agent 2 batch 12 Q9: WebSearch '""Yobe State Ministry of Health"" ""Cholera Outbreak Situation Report"" No.5 ...' on reliefweb.int",en,0,,"Agent 2 batch 12 Q9: WebSearch '""Yobe State Ministry of Health"" ""Cholera Outbreak Situation Report"" No.5 ...' on reliefweb.int",AI
629,"OCHA, Nigeria: Yobe State - Weekly Situation Report No. 11 (As of 20 August 2021)",https://reliefweb.int/report/nigeria/nigeria-yobe-state-weekly-situation-report-no-11-20-august-2021,OCHA Yobe State weekly humanitarian situation report No. 11 (as of 20 August 2021): 'The number of Acute Watery Diarrhea (AWD)/Cholera cases continue to rise with 671 cases reported on 20 August 2021'; Damaturu town reported high numbers.,2021-04-01 to 2021-08-20,UN humanitarian situation report citing SMoH,Active,Level 2,Pending,"Agent 2 batch 12 Q10: same OCHA Yobe weekly series (No. 8, 9, 11 listed by the batch 12 Q9 search)",en,0,,"Agent 2 batch 12 Q10: same OCHA Yobe weekly series (No. 8, 9, 11 listed by the batch 12 Q9 search)",AI
630,"OCHA, Nigeria: Yobe State - Weekly Situation Report No. 8 (As of 26 July 2021)",https://reliefweb.int/report/nigeria/nigeria-yobe-state-weekly-situation-report-no-8-26-july-2021,"OCHA Yobe State weekly humanitarian situation report No. 8 (as of 26 July 2021): on 22 July the Yobe SPHCMB Executive Secretary confirmed three cholera-related deaths in Girgir community, Jakusko LGA, with two other suspected cases hospitalised; index case from Jigawa State (Jigawa outbreak 'killed over 30 people across nine LGAs').",2021-07-01 to 2021-07-22,UN humanitarian situation report citing state health board,Active,Level 2,Pending,Agent 2 batch 12 Q11: OCHA Yobe weekly series (No. 8),en,0,,Agent 2 batch 12 Q11: OCHA Yobe weekly series (No. 8),AI
631,"ThisDay, 'Plateau Records 441 Suspected Cholera Cases, 14 Deaths as Govt Intensifies Response', 28 July 2026",https://www.thisdaylive.com/2026/07/28/plateau-records-441-suspected-cholera-cases-14-deaths-as-govt-intensifies-response/,"ThisDay report of the Plateau Commissioner for Health's briefing (Monday 27 July 2026): 441 suspected, 14 deaths in four LGAs; Mangu 53 suspected / 4 culture-confirmed / 10 deaths (last case 22 July); Jos North 277 suspected / 1 lab-confirmed / 4 deaths; Jos South 1 confirmed; Barkin Ladi 23 suspected, no deaths (first case 16 July). State totals corroborated by Premium Times (published 2026-07-27) and Vanguard.",2026-06-01 to 2026-07-27,News report of state government briefing,Active,Level 3,Pending,Agent 2 batch 12 Q14: WebSearch extended 'Plateau cholera 2026 Mangu Jos North Bokkos Bassa Riyom cases by local government Baamlong',en,0,,Agent 2 batch 12 Q14: WebSearch extended 'Plateau cholera 2026 Mangu Jos North Bokkos Bassa Riyom cases by local government Baamlong',AI
632,"Leadership, 'Kano Prison Cholera Outbreak: NCoS Confirms Two Deaths, Says Crisis Contained', 26 September 2026",https://leadership.ng/kano-prison-cholera-outbreak-ncos-confirms-two-deaths-says-crisis-contained/,"Leadership (published 2026-09-26): Nigerian Correctional Service confirms a laboratory-confirmed cholera outbreak (confirmed 23 Sep 2026; first case 17 Sep) at the Kurmawa Medium Security Custodial Centre, Kano, with two inmate deaths (Amnesty International reported at least six). No case count.",2026-09-17 to 2026-09-26,News report (deaths only),Active,Level 3,Pending,Agent 2 batch 12 Q16: WebSearch extended 'Kano State Centre for Disease Control cholera 2026 227 suspected cases local government areas ...',en,0,,Agent 2 batch 12 Q16: WebSearch extended 'Kano State Centre for Disease Control cholera 2026 227 suspected cases local government areas ...',AI
633,"UNICEF Nigeria Humanitarian Situation Report (Cholera Response in the Northeast), 24 October 2024",https://reliefweb.int/report/nigeria/unicef-nigeria-humanitarian-situation-report-cholera-response-northeast-24-october-2024,"UNICEF two-page cholera sitrep for the BAY states: 3,103 suspected cases in 2024 (Borno 2,005 to 22 Oct; Adamawa 910 to 21 Oct; Yobe 188 to 13 Oct), 142 confirmed; deaths Borno 3, Adamawa 19, Yobe 10; ~600 Borno cases in Gubio IDP camp.",2024-01-01 to 2024-10-22,UN humanitarian situation report,Active,Level 2,Pending,"Agent 2 batch 12 Q18: WebSearch '""Borno State Ministry of Health"" ""Weekly Situation Report"" ""Cholera Outbreak and Flood Disaster"" 2024' on reliefweb.int",en,0,,"Agent 2 batch 12 Q18: WebSearch '""Borno State Ministry of Health"" ""Weekly Situation Report"" ""Cholera Outbreak and Flood Disaster"" 2024' on reliefweb.int",AI
634,"Parnis R., Cholera in West Africa, St Luke's Hospital Gazette (Malta), c.1971 - El Tor entry into sub-Saharan Africa (Guinea, Aug 1970) and into Nigeria (towards Nov 1970)",https://www.um.edu.mt/library/oar/bitstream/123456789/14925/1/Cholera%20in%20West%20Africa.pdf,"Contemporary clinical review by a Malta surgeon. States 'In August 1970 El Tor cholera appeared in Guinea, the first time that it had been diagnosed south of the Sahara' and 'towards November 1970 it entered Nigeria where it quickly established itself in Lagos and Ibadan'; Kano reached February 1971; 6,000 Nigerian cases in the first six months of 1971 (citing WHO 1971). Used only to date the introduction window and the pre-August-1970 regional absence; no counts taken from it.",1970-08-01 to 1971-09-30,Surveillance,Active,Level 3,Pending,Agent 3 batch 1 Q7 WebSearch 'cholera first introduced Nigeria December 1970 Lagos El Tor seventh pandemic' -> Q8 PDF fetch (OAR@UM repository),en,0,,Agent 3 batch 1 Q7 WebSearch 'cholera first introduced Nigeria December 1970 Lagos El Tor seventh pandemic' -> Q8 PDF fetch (OAR@UM repository),AI
635,"Arise News, 'Cholera Outbreak In Enugu Claims 10 Lives, Health Ministry Urges Vigilance', 21 October 2024 (Enugu SMoH internal memo)",https://www.arise.tv/cholera-outbreak-in-enugu-claims-10-lives-health-ministry-urges-vigilance,"Enugu State Ministry of Health internal memo (Director of Medical Services for the Commissioner, Prof. Emmanuel Obi), relayed 21 Oct 2024: 'I am directed to inform you about the outbreak of cholera in Enugu State. Several cases have been recorded, and it is feared that approximately 10 individuals may have died'. Same announcement in Gazette/NAN and Leadership, 21-22 Oct 2024. No case count; the death figure is hedged ('feared ... may have died'), so recorded as PRESENCE only. Ends Enugu's 2022-2024 documented absence run (zero rows 1039, 1042, 1046 end 2024-09-29).",2024-09-30 to 2024-10-21,Surveillance,Active,Level 3,Pending,Agent 3 batch 2 Q18 WebSearch 'Enugu cholera September 2026 zero case only state NCDC Mbah' -> Q19 article fetch (published_time 2024-10-21),en,0,,Agent 3 batch 2 Q18 WebSearch 'Enugu cholera September 2026 zero case only state NCDC Mbah' -> Q19 article fetch (published_time 2024-10-21),AI
636,"WHO AFRO news, 'WHO helps Nigeria control cholera in Borno state' (December 2017) - end-of-outbreak announcement 21 Dec 2017",https://www.afro.who.int/news/who-helps-nigeria-control-cholera-borno-state,"WHO AFRO press release: Nigeria contained a five-month cholera outbreak in Borno; 'The Government announced the end of the outbreak on Thursday (December 21) after two weeks had passed with no new cases.' By 19 December 5,365 suspected cases including 61 deaths. Companion to the WHO AFRO weekly bulletin (metadata 76) which dates the last case to 5 December 2017.",2017-08-16 to 2017-12-21,Surveillance,Active,Level 1,Pending,Agent 3 batch 3 Q5 WebSearch 'Borno cholera outbreak declared over December 2017 no new cases WHO Maiduguri end of outbreak',en,0,,Agent 3 batch 3 Q5 WebSearch 'Borno cholera outbreak declared over December 2017 no new cases WHO Maiduguri end of outbreak',AI
637,"NAN, 'Cholera vigilance in Enugu at its peak - Epidemiologist', 17 January 2024 (Enugu State Epidemiologist Dr Ogbodo Okechukwu)",https://nannews.ng/cholera-vigilance-in-enugu-at-its-peak-epidemiologist/,"State epidemiologist interview: 'the last recorded incident of cholera epidemic dates back to 2022, with no reported outbreaks during subsequent rainy seasons'; also refers to 'the relatively minimal impact of last year's cholera cases compared to other states'. No counts. Conflicts with NCDC's closed 2022 and 2023 state tables, which omit Enugu (zero rows 1039, 1042); used only to annotate and down-weight those rows.",2022-01-01 to 2024-01-17,Surveillance,Active,Level 3,Pending,Agent 3 batch 3 Q17 WebSearch 'Enugu cholera first case 2026 OR remains cholera-free ...' -> Q18 article fetch (datePublished 2024-01-17),en,0,,Agent 3 batch 3 Q17 WebSearch 'Enugu cholera first case 2026 OR remains cholera-free ...' -> Q18 article fetch (datePublished 2024-01-17),AI
638,"Ripples Nigeria, 'Ebonyi records 386 cholera cases, 28 deaths', 19 October 2024 (Ebonyi Commissioner for Health Dr Moses Ekuma)",https://www.ripplesnigeria.com/ebonyi-records-386-cholera-cases-28-deaths,Ebonyi State Commissioner for Health: 386 cases and 28 deaths since the onset of the outbreak on 24 September 2024; most deaths at home; six treatment centres; Izzi LGA (Iboko) the focus. Same statement relayed by Voice of Nigeria (single origin). Fills Q4 2024 for Ebonyi after NCDC's sitrep series ended at epi week 39.,2024-09-24 to 2024-10-19,Surveillance,Active,Level 3,Pending,Agent 3 batch 3 Q19 WebSearch 'Ebonyi State cholera outbreak 2025 ...' (surfaced 2024 items) -> batch 4 Q2 article fetch (datePublished 2024-10-19),en,0,,Agent 3 batch 3 Q19 WebSearch 'Ebonyi State cholera outbreak 2025 ...' (surfaced 2024 items) -> batch 4 Q2 article fetch (datePublished 2024-10-19),AI
639,"Adamawa State Ministry of Health, 2021 Cholera Outbreak Situation Report No. 33, epi week 06, reporting period 5-12 February 2022 (with WHO)",https://reliefweb.int/report/nigeria/adamawa-state-ministry-health-2021-cholera-outbreak-situation-report-no-33-period,"Closing issue of the Adamawa 2021-22 series: 'No new suspected cases with 0 death have been reported between 5th to 12th February, 2022'; cumulative 1,959 / 55 deaths unchanged; '13 LGAs have been affected and 0 LGAs are actively reporting cases'; 'No Cholera case has been reported for over 21days from the hotspot settlements'; deactivation on-going. Table 1: New = 0 in all 13 LGAs.",2021-06-30 to 2022-02-12,Surveillance,Active,Level 1,Pending,Agent 3 batch 4 Q4 ReliefWeb title search cholera+Yobe/Adamawa Dec 2021-Apr 2022 -> Q6 PDF fetch,en,0,,Agent 3 batch 4 Q4 ReliefWeb title search cholera+Yobe/Adamawa Dec 2021-Apr 2022 -> Q6 PDF fetch,AI
640,"ThisDay, 'Yobe Declares Cholera Outbreak over', 12 June 2018 (Yobe Commissioner for Health Dr Bello Kawuwa)",https://thisdaylive.com/index.php/2018/06/12/yobe-declares-cholera-outbreak-over,"Yobe State Government declared the first-wave 2018 outbreak over on Tuesday 12 June 2018: 404 cases, 16 deaths (CFR 3.7%) in Bade (Gashua, index report 28 Mar 2018), Karasuwa, Jakusko, Yusufari and Bursari; 'there has not been any new case of suspected cholera in the state in the last 21 days, which qualifies for the outbreak to be declared over'. Same declaration in the Guardian (Nigeria).",2018-03-28 to 2018-06-12,Surveillance,Active,Level 3,Pending,Agent 3 batch 5 Q1 WebSearch 'Adamawa cholera outbreak declared over 2026 ...' (surfaced Guardian 'Yobe declares cholera outbreak over with 3.7% fatality ratio') -> Q3 WebSearch -> Q4 ThisDay fetch,en,0,,Agent 3 batch 5 Q1 WebSearch 'Adamawa cholera outbreak declared over 2026 ...' (surfaced Guardian 'Yobe declares cholera outbreak over with 3.7% fatality ratio') -> Q3 WebSearch -> Q4 ThisDay fetch,AI
641,"News Central TV, 'Ebonyi Records 69 Cholera Cases as Death Toll Reaches 13', 29 September 2024 (Ebonyi Commissioner for Health Moses Ekuma)",https://newscentraltv.com/?p=252431,"Ebonyi Commissioner for Health: 69 cases and 13 deaths in Ebonyi and Izzi LGAs as of 29 Sep 2024, five days after the 24 Sep onset. Used with the same commissioner's 19 Oct figure (386/28, metadata 638) to derive the 30 Sep - 19 Oct increment (317/15); the 24-29 Sep portion is left to NCDC's week-39 row (Index 1019).",2024-09-24 to 2024-09-29,Surveillance,Active,Level 3,Pending,Agent 3 batch 5 Q8 WebSearch 'Ebonyi cholera outbreak declared over ... November December 2024' -> Q9 article fetch (datePublished 2024-09-29),en,0,,Agent 3 batch 5 Q8 WebSearch 'Ebonyi cholera outbreak declared over ... November December 2024' -> Q9 article fetch (datePublished 2024-09-29),AI
642,"UNICEF Nigeria, Plateau Cholera Outbreak Flash Report, reporting period 9-22 May 2025",https://www.unicef.org/nigeria/media/12021/file/Plateau%20Cholera%20Flash%20Report.pdf.pdf,"Bokkos LGA (Ngyong in Bokkos West ward; Hurti and Wurit in Manguna ward) outbreak alerted 9 May 2025 by the LGA DSNO; Plateau RRT deployed 10 May; active case search found 37 suspected cases and 3 deaths (CFR 8.1%); 4 of 7 RDTs positive (sidebar says 'inc. 9 confirmed'). Context: armed attacks in Bokkos 27 Mar - 2 Apr 2025 displaced over 1,820 into overcrowded camps. Also gives the national figure as of 20 Apr 2025 (1,307 cases, 34 deaths, 30 states, 98 LGAs).",2025-05-09 to 2025-05-22,Surveillance,Active,Level 2,Pending,Agent 3 batch 5 Q14 WebSearch 'cholera April OR May OR June 2025 Kebbi OR Jigawa ...' -> Q15 UNICEF report page -> Q16 PDF,en,0,,Agent 3 batch 5 Q14 WebSearch 'cholera April OR May OR June 2025 Kebbi OR Jigawa ...' -> Q15 UNICEF report page -> Q16 PDF,AI
643,"NAN via Gazette NG, 'Katsina records two cholera cases, none in Kaduna, Kano', 30 June 2024 (Katsina SPHCDA Director of Epidemiology Dr Kabir Suleiman)",https://gazettengr.com/katsina-records-two-cholera-cases-none-in-kaduna-kano/,"Katsina state epidemiology director: an outbreak in Kusada LGA 'around March, this year' (2024) with 68 suspected cases, 2 confirmed, 1 death; 118 recent samples negative; 'for now, we don't have new cholera cases' (30 Jun 2024). CONFLICTS in magnitude with NCDC's 2024 Katsina state cumulative (9 by 24 Mar, 26 by 28 Apr).",2024-03-01 to 2024-06-30,Surveillance,Active,Level 3,Pending,Agent 3 batch 6 Q11 WebSearch 'cholera 2026 Kaduna OR Katsina OR Jigawa ...' -> Q12 article fetch (datePublished 2024-06-30; page header is a crawl date),en,0,,Agent 3 batch 6 Q11 WebSearch 'cholera 2026 Kaduna OR Katsina OR Jigawa ...' -> Q12 article fetch (datePublished 2024-06-30; page header is a crawl date),AI
644,"Northeast Nigeria Humanitarian Response: Health Sector Bulletin, February 2022 (WHO / Health Sector BAY states; ecoi.net copy)",https://www.ecoi.net/en/file/local/2070465/health_sector_bulletin_february_2022.pdf,"Cholera section 'CHOLERA OUTBREAK RESPONSE IN BAY STATES': Borno 6,422 cases / 170 deaths as of 13 Mar 2022, no positive case since epi-week 05; 'The last positive case of cholera in Yobe state was before 21st of December, 2021. Adamawa state has not recorded any cholera cases since 19th of January 2022'; declarations of cholera over under discussion for all three states.",2021-12-21 to 2022-03-17,Surveillance,Active,Level 1,Pending,Agent 3 batch 6 Q15 WebSearch 'cholera January 2022 OR February 2022 Nguru OR Maiduguri OR Yola ...' -> Q16 PDF fetch,en,0,,Agent 3 batch 6 Q15 WebSearch 'cholera January 2022 OR February 2022 Nguru OR Maiduguri OR Yola ...' -> Q16 PDF fetch,AI
645,"Northeast Nigeria Humanitarian Response: Health Sector Bulletin, March 2022 (WHO / Health Sector BAY states)",https://reliefweb.int/report/nigeria/northeast-nigeria-humanitarian-response-covid-19-response-health-sector-bulletin-16,"Borno: 'No new confirmed cholera case has been reported in Borno State for over 8 weeks. As at 17th April 2022, a total of 6,422 suspected cholera cases have been reported with 170 associated deaths' (cumulative unchanged since 30 Jan 2022). Adamawa: the Commissioner of Health (Isa Abdullahi) declared the 2021-22 outbreak (1,959 cases, 55 deaths) over: 'Since we have not recorded any case despite heightened surveillance for Cholera for several weeks, we (government and partners) are happy to declare the Cholera outbreak over'.",2022-01-20 to 2022-04-17,Surveillance,Active,Level 1,Pending,Agent 3 batch 6 Q17 ReliefWeb title search 'Health Sector Bulletin' Nigeria Dec 2019 - Mar 2023 -> Q18 PDF fetch,en,0,,Agent 3 batch 6 Q17 ReliefWeb title search 'Health Sector Bulletin' Nigeria Dec 2019 - Mar 2023 -> Q18 PDF fetch,AI
646,"Northeast Nigeria Humanitarian Response: Health Sector Bulletin, January 2022 (WHO / Health Sector BAY states)",https://reliefweb.int/report/nigeria/northeast-nigeria-humanitarian-response-covid-19-response-health-sector-bulletin-14,"Cholera section: Borno 6,422 / 170 as of 13 Feb 2022 (no new case in week 6); Adamawa 1,959 / 55 as at 5 Feb 2022; 'YOBE: In Epi-week 4, zero (0) suspected cholera case was reported. The total number of suspected cholera cases reported from week 1-4, 2022 is zero (0). There has been no positive cases of cholera since 6 weeks past.'",2022-01-01 to 2022-02-13,Surveillance,Active,Level 1,Pending,Agent 3 batch 7 Q1 Health Sector Bulletin series (ReliefWeb listing from batch 6 Q17) -> PDF fetch,en,0,,Agent 3 batch 7 Q1 Health Sector Bulletin series (ReliefWeb listing from batch 6 Q17) -> PDF fetch,AI
647,"Northeast Nigeria Humanitarian Response: Health Sector Bulletin, April 2022 (WHO / Health Sector BAY states)",https://reliefweb.int/report/nigeria/northeast-nigeria-humanitarian-response-covid-19-response-health-sector-bulletin-april-2022,,2022-04-01 to 2022-05-15,Surveillance,Active,Level 1,Pending,"Agent 3 batch 7 Q2: ReliefWeb Health Sector Bulletin series (Borno EWARS weekly summary, epi-week 18 2022)",en,0,,"Agent 3 batch 7 Q2: ReliefWeb Health Sector Bulletin series (Borno EWARS weekly summary, epi-week 18 2022)",AI
648,"Northeast Nigeria Humanitarian Response: Monthly Health Sector Bulletin No. 1, January 2020 (WHO / Health Sector BAY states)",https://reliefweb.int/report/nigeria/northeast-nigeria-humanitarian-response-monthly-health-sector-bulletin-1-january-2020,,2019-12-16 to 2020-01-28,Surveillance,Active,Level 1,Pending,Agent 3 batch 7 Q8: ReliefWeb Health Sector Bulletin series 2019-2020 (Adamawa outbreak-over declaration; Borno EWARS week 4 2020),en,0,,Agent 3 batch 7 Q8: ReliefWeb Health Sector Bulletin series 2019-2020 (Adamawa outbreak-over declaration; Borno EWARS week 4 2020),AI
649,"Northeast Nigeria Humanitarian Response: Monthly Health Sector Bulletin No. 12, December 2019 (WHO / Health Sector BAY states)",https://reliefweb.int/report/nigeria/northeast-nigeria-humanitarian-response-monthly-health-sector-bulletin-12-december,,2019-10-01 to 2019-12-30,Surveillance,Active,Level 1,Pending,Agent 3 batch 7 Q9: ReliefWeb Health Sector Bulletin series 2019-2020 (Borno EWARS week 52 2019; Adamawa 16-30 Dec 2019 cases; Monguno AWD/RDT note),en,0,,Agent 3 batch 7 Q9: ReliefWeb Health Sector Bulletin series 2019-2020 (Borno EWARS week 52 2019; Adamawa 16-30 Dec 2019 cases; Monguno AWD/RDT note),AI
650,"Northeast Nigeria Humanitarian Response: Monthly Health Sector Bulletin #4, April 2020 (WHO / Health Sector BAY states)",https://reliefweb.int/report/nigeria/northeast-nigeria-humanitarian-response-monthly-health-sector-bulletin-4-april-2020,,2020-03-01 to 2020-04-30,Surveillance,Active,Level 1,Pending,Agent 3 batch 7 Q12: ReliefWeb Health Sector Bulletin series 2020 (Adamawa no cholera cases in March 2020),en,0,,Agent 3 batch 7 Q12: ReliefWeb Health Sector Bulletin series 2020 (Adamawa no cholera cases in March 2020),AI
651,WHO AFRO press release: Cholera - WHO supports Ebonyi State to curb the outbreak (16 January 2023),https://www.afro.who.int/fr/node/17199,,2022-12-01 to 2023-01-16,Surveillance,Active,Level 1,Pending,Agent 3 batch 9 Q19-Q20 / batch 10: T1 test of Ebonyi 2022 zero (1037) - WebSearch Ebonyi cholera 2022,en,0,,Agent 3 batch 9 Q19-Q20 / batch 10: T1 test of Ebonyi 2022 zero (1037) - WebSearch Ebonyi cholera 2022,AI
652,Voice of Nigeria (via Premium Times): Ebonyi state - Nine die in Cholera outbreak (2 January 2023),https://von.gov.ng/ebonyi-state-nine-die-in-cholera-outbreak/,,2022-12-10 to 2023-01-01,Surveillance,Active,Level 3,Pending,Agent 3 batch 10 Q2: dating the Ebonyi Dec 2022 outbreak (Ezillo/Ishielu ~3 weeks before Akpoha/Afikpo North),en,0,,Agent 3 batch 10 Q2: dating the Ebonyi Dec 2022 outbreak (Ezillo/Ishielu ~3 weeks before Akpoha/Afikpo North),AI
653,"ICIR Nigeria: Cholera outbreak kills 11, leaves six critically ill in Benue (1 October 2024)",https://www.icirnigeria.org/cholera-outbreak-kills-11-leaves-six-critically-ill-in-benue/,,2024-09-26 to 2024-09-30,Surveillance,Active,Level 3,Pending,Agent 3 batch 10 Q9-Q11: T1 test of 2022/2024 SE-state tail zeros (WebSearch cholera Abia/Benue/Imo/Anambra late 2022 -> ICIR Benue item dated 2024),en,0,,Agent 3 batch 10 Q9-Q11: T1 test of 2022/2024 SE-state tail zeros (WebSearch cholera Abia/Benue/Imo/Anambra late 2022 -> ICIR Benue item dated 2024),AI
654,UNICEF Nigeria Humanitarian Situation Report (End-of-Year) 01 January - 31 December 2023,https://reliefweb.int/report/nigeria/unicef-nigeria-humanitarian-situation-report-end-year-01-january-31-december-2023,,2022-01-01 to 2023-12-31,Surveillance,Active,Level 2,Pending,Agent 3 batch 11 Q7-Q8: ReliefWeb UNICEF Nigeria HSR 2023 (T1 test of 2023 complements) - LGA statements for Dange Shuni (Sokoto) and Zurmi (Zamfara),en,0,,Agent 3 batch 11 Q7-Q8: ReliefWeb UNICEF Nigeria HSR 2023 (T1 test of 2023 complements) - LGA statements for Dange Shuni (Sokoto) and Zurmi (Zamfara),AI
655,"UNICEF Nigeria Humanitarian Situation Report No. 1, 1 January - 30 June 2023",https://reliefweb.int/report/nigeria/unicef-nigeria-humanitarian-situation-report-no-1-1-january-30-june-2023,,2022-01-01 to 2023-06-30,Surveillance,Active,Level 2,Pending,Agent 3 batch 11 Q9: companion mid-year UNICEF HSR 2023 (Dange Shuni / Zurmi statements),en,0,,Agent 3 batch 11 Q9: companion mid-year UNICEF HSR 2023 (Dange Shuni / Zurmi statements),AI
656,"NCDC Weekly Epidemiological Report Vol. 12 No. 45 (30 Nov 2021), cholera section and Figure 8 state map, week 45 2021",https://ncdc.gov.ng/themes/common/docs/wers/332_1641981159.pdf,,2021-11-08 to 2021-11-14,Surveillance,Active,Level 1,Pending,Agent 3 batch 12 Q18: Wayback CDX of NCDC WER ids -> late-2021 WERs fetched to test the 2021 sitrep tail zeros against the IDSR stream,en,0,,Agent 3 batch 12 Q18: Wayback CDX of NCDC WER ids -> late-2021 WERs fetched to test the 2021 sitrep tail zeros against the IDSR stream,AI
657,"NCDC Weekly Epidemiological Report Vol. 12 No. 46 (7 Dec 2021), cholera section and Figure 8 state map, week 46 2021",https://ncdc.gov.ng/themes/common/docs/wers/334_1641992097.pdf,,2021-11-15 to 2021-11-21,Surveillance,Active,Level 1,Pending,Agent 3 batch 12 Q18: as above (week 46),en,0,,Agent 3 batch 12 Q18: as above (week 46),AI
658,"Abdussalam AF 2014, Climate influences on infectious diseases in Nigeria, West Africa (PhD thesis, University of Birmingham) - Table 5.5 national cholera 1991-2011 (FMoH/NCDC state-sum series 2000-2011)",https://etheses.bham.ac.uk/id/eprint/5368/1/Abdussalam14PhD.pdf,"Table 5.5 (PDF p.153, printed p.130) 'Reported cholera cases and deaths, incidence rate per 100,000 of population and case fatality rates for Nigeria between 1991 and 2011'. Sec. 3.3.2/5.2.1: state-level annual suspected cholera cases and deaths 2000-2011 obtained from the Epidemiology Division, NCDC/FMoH (DSNO reports from all 774 LGAs); 1991-2011 national records said to be 'extracted from the archives of the WHO'. Table 5.5 2000-2011 sums exactly to the Table 5.7a geopolitical-zone total (208,469), so 2000-2011 is the FMoH state-sum series. Values run 2-10x the WHO annual notifications (JHU UID 332) for 1995-2008. The four-hospital monthly cholera series 1990-2011 (Kano, Kaduna, Sokoto, Gusau) is shown only in figures and was not extracted.",1991-01-01 to 2011-12-31,National annual suspected cholera cases and deaths (thesis table); state data 2000-2011 shown only as maps,Active,Level 2,Pending,Agent 4 B1 Q4: direct fetch etheses.bham.ac.uk eprint 5368 (re-verification of Agent 2 Q9 lead); pdftotext + page render,en,1,"WHO annual (JHU UID 332); Dalhat et al. 2018 PAMJ (metadata 201, Index 1359) FMoH 2004-2008 74,881/1,387 = thesis 2004-2008 sum 74,884/1,386",Agent 4 B1 Q4: direct fetch etheses.bham.ac.uk eprint 5368 (re-verification of Agent 2 Q9 lead); pdftotext + page render,AI
659,"Ishaya S, Musa F 2023, Impact of Local Climate Variability on Cholera Outbreaks in Bida Metropolis of Niger State, Nigeria, Dutse J Pure Appl Sci 9(4a):211-226 (AJOL)",https://www.ajol.info/index.php/dujopas/article/view/262371,Methodology: 'Hospital records of cholera cases in Bida Metropolis between the period 2000-2020 were collected from Umaru Saad General Hospital and Federal Medical Centre Bida.' Results: 'the year 2007 ranked the highest with 231 cases of cholera followed by the year 2014 with 198 cases and the least year was 2013 with 26 cases'. Fig. 5 bars unlabelled; other years not extracted.,2000-01-01 to 2020-12-31,"Hospital-recorded annual cholera cases, Bida metropolis (Umaru Sanda General Hospital + Federal Medical Centre Bida), 2000-2020; three years stated in text, rest only in an unlabelled bar chart (Fig. 5)",Active,Level 3,Pending,"Agent 4 B1 Q6: AJOL search 'cholera Nigeria' (direct, www.ajol.info search) -> article 262371 PDF",en,0,,"Agent 4 B1 Q6: AJOL search 'cholera Nigeria' (direct, www.ajol.info search) -> article 262371 PDF",AI
660,"Olowu D (ed.) 1981, The Administration of Social Services in Nigeria: The Challenge to Local Governments (Univ. of Ife LGTP), p.150 table 'Cases of Notifiable Diseases in Oyo State by Sex, 1975 and 1976' (Google Books snippet)",https://books.google.com/books?id=HKsNAQAAIAAJ&pg=PA150,"Snippet-view volume (no page image). In-volume search returns p.150: 'Notifiable Diseases in Oyo State by Sex, 1975 and 1976 (13) Male Female Total Type of Diseases 1975 1976 1975 1976 1975 1976 ... Chicken Pox 447 134 390 95 837 229 Cholera 126 129 95 123 221 252 Dysentry 5,507 4,761 ...'. Column order verified arithmetically (cholera 126+95=221, 129+123=252; chicken pox 447+390=837, 134+95=229). Old Oyo State (created Feb 1976 from Western State) = present Oyo + Osun. No deaths given. WHO national annual for 1975 is 38 and for 1976 is 112 (JHU UID 332), i.e. one state's notifications exceed the WHO national total.",1975-01-01 to 1976-12-31,"State annual notifiable-disease cases by sex (Oyo State Ministry of Health statistics, table ref. 13)",Active,Level 2,Pending,"Agent 4 B1 Q12: Google Books legacy GData full-text feed q='""cholera"" ""notifiable diseases"" Nigeria states cases' -> in-volume search (jscmd=SearchWithinVolume2)",en,2,,"Agent 4 B1 Q12: Google Books legacy GData full-text feed q='""cholera"" ""notifiable diseases"" Nigeria states cases' -> in-volume search (jscmd=SearchWithinVolume2)",AI
661,"Newswatch (Lagos) 12 August 1991, pp.16-18, 1991 cholera epidemic report with state death tolls (Google Books snippet view)",https://books.google.com/books?id=MydBAQAAIAAJ&pg=RA6-PA17,"Snippet-view volume, in-volume search p.17: 'death toll at the time the minister raised the alarm was scary enough: Kano State, 500 deaths; Bauchi State, 336 deaths; Gongola State, 108 deaths; and Kwara State, 15. Since then, the epidemic has claimed 74 lives in Plateau State, 36 in Kaduna State, and in Anambra State, it killed 15 people. But there are reports attributing some of the deaths to yellow fever in some states, namely, Anambra, Kaduna and Bendel. Though Ransome-Kuti said the 1,700 deaths had occurred from 10,000 cases of cholera reported between January and last month...'; 'The cholera scourge spread like lightning across the country, leaving in its wake a sad tale of 100 in Benue State, 30 in Oyo State, more than 600 in Bendel State and another 800 deaths in Borno State. By last weekend...'. Oyo ministry: at least 24 of 42 LGAs affected. Pre-Aug-1991 state boundaries.",1991-01-01 to 1991-08-04,"News magazine: state-level cumulative cholera deaths, 1991 epidemic; national cases/deaths quoted from Health Minister Ransome-Kuti",Active,Level 3,Pending,"Agent 4 B1 Q18: Google Books legacy GData feed q='""cholera"" ""Gongola State""' -> in-volume search MydBAQAAIAAJ",en,0,,"Agent 4 B1 Q18: Google Books legacy GData feed q='""cholera"" ""Gongola State""' -> in-volume search MydBAQAAIAAJ",AI
662,"Onyemelukwe GC, Lawande RV 1991, Serotype variation in Vibrio cholerae El Tor diarrhoea in northern Nigeria, Cent Afr J Med 37(6):186-189 (PMID 1790564)",https://pubmed.ncbi.nlm.nih.gov/1790564/,"Abstract: 'Serotyping of Vibrio cholerae organisms causing epidemics in Zaria and environs since 1975 to 1986 shows that Hikojima serotype was prevalent from 1976-1978, but Ogawa became prevalent from 1984 till 1986.' Presence evidence only (no counts in abstract; full text not online).",1975-01-01 to 1986-12-31,Laboratory serotyping of V. cholerae O1 El Tor from epidemics in Zaria (ABUTH) 1975-1986; abstract gives no case counts,Active,Level 1,Pending,"Agent 4 B1 Q9-Q10: Europe PMC REST search (TITLE/ABSTRACT cholera AND Nigeria, 1976-2009) + core abstracts",en,0,,"Agent 4 B1 Q9-Q10: Europe PMC REST search (TITLE/ABSTRACT cholera AND Nigeria, 1976-2009) + core abstracts",AI
663,"Committee for the Defence of Human Rights (CDHR), Annual Report on the Human Rights Situation in Nigeria - 1996 report (p.328) and 1997 report section (RA1 p.116), Google Books snippet view",https://books.google.com/books?id=hYIHAQAAMAAJ,"1996 report p.328 'Outbreak of Cholera and Meningitis': 'an outbreak of cholera in Akoko-Edo Local Government of Edo State killed at least 10 persons. In Benue State, cholera epidemics in some villages in Okpokunu Local Government area resulted in the death of no fewer than 37 persons.' (Bauchi '270 lives ... within five weeks' NOT used: next sentence 'Further incidents of meningitis' implies meningitis.) 1997 section p.116: 'In May, no fewer than 85 persons reportedly died from cholera outbreak which occurred all over the country. Twenty-five persons, including 4 students, died in the Government Secondary School Kaltingo, Gombe State, following an outbreak of cholera' (Edo '35 persons ... cholera and guinea-worm' NOT used: mixed cause). Year of RA1 section fixed by its 1997-budget content and Gombe State (created Oct 1996).",1996-01-01 to 1997-12-31,NGO annual report summarising press reports: LGA-level cholera death tolls 1996-1997,Active,Level 3,Pending,"Agent 4 B2 Q1: Google Books GData feed '""cholera"" ""Bauchi State"" outbreak deaths' -> in-volume search hYIHAQAAMAAJ",en,0,,"Agent 4 B2 Q1: Google Books GData feed '""cholera"" ""Bauchi State"" outbreak deaths' -> in-volume search hYIHAQAAMAAJ",AI
664,"Africa Health (London) Vol 11 No 3, February/March 1989, news item 'Cholera in Nigeria' (Benue State outbreak), Google Books snippet view XB4oAQAAIAAJ",https://books.google.com/books?id=XB4oAQAAIAAJ&pg=RA12-PA7,In-volume search p.7 of section RA12: 'Cholera in Nigeria OVER 60 people are reported dead in Benue State after an outbreak of cholera. 300 people in 13 villages were confirmed as having the disease. Emergency treatment centres have been established and a vaccination programme launched.' Issue dated from adjacent sections: RA11 = Vol 11 No 2 Dec 1988/Jan 1989; RA13 = Vol 11 No 4 Apr/May 1989; RA12 cites AIDS totals 'December 1988' -> Vol 11 No 3 Feb/Mar 1989.,1988-10-01 to 1989-03-31,"Medical trade magazine news item: outbreak cases and deaths, Benue State",Active,Level 3,Pending,"Agent 4 B2 Q3: Google Books GData feed '""cholera"" ""Anambra State"" outbreak deaths' -> in-volume search XB4oAQAAIAAJ",en,0,,"Agent 4 B2 Q3: Google Books GData feed '""cholera"" ""Anambra State"" outbreak deaths' -> in-volume search XB4oAQAAIAAJ",AI
665,"Newswatch (Lagos) late April 1991, Health: 'War with a Killer - Kano State seeks aid in its battle against cholera epidemic' (quoting Kano State director of PHC Daiyabu Mohammed), Google Books snippet view",https://books.google.com/books?id=8SVBAQAAIAAJ&pg=RA17-PA50,"In-volume search p.50 (section RA17; duplicate scan TVvhAAAAMAAJ): article opens 'At 4.48 p.m., April 12, 1991 ... Infectious Diseases Hospital, IDH, Kano'; 'The cholera epidemic has already killed more than 400 people. It is the worst in recent years. Daiyabu Mohammed, state director of primary health care services, told Newswatch last week...'; '... deaths, while in 1990, there were 399 cases and 39 deaths. This year's report has already outstripped last year's both in the number of cases and in the number of deaths.' The 1990 figure CONTRADICTS the WHO statement that Nigeria reported no cases in 1990 (WER 1991;66(42); former AI Index 55).",1990-01-01 to 1991-04-30,News magazine quoting the Kano State Ministry of Health: Kano State annual 1990 cases/deaths and 1991 epidemic deaths to date,Active,Level 3,Pending,"Agent 4 B2 Q5: Google Books GData feed '""cholera"" ""Kano State"" epidemic deaths cases' -> in-volume search 8SVBAQAAIAAJ",en,0,,"Agent 4 B2 Q5: Google Books GData feed '""cholera"" ""Kano State"" epidemic deaths cases' -> in-volume search 8SVBAQAAIAAJ",AI
666,"Colonel Idris Garba: Three years of progress in Kano State (press-clipping compilation, Kano, 1991), cholera clippings incl. The Punch 1 March 1991 and Hadejia LGA report, Google Books snippet view t6wMAQAAIAAJ",https://books.google.com/books?id=t6wMAQAAIAAJ,"p.96: 'The Punch, March 1, 1991 TWENTY more people have been killed by cholera, which broke out in various parts of Kano. The latest victims of the disease were from Bachirawa in the Ungogo Local Government area of Kano State. The latest deaths bring to about 220 the number of lives so far claimed by the killer disease.' p.161: 'Cholera claims 200 lives in Hadejia LG - A CHOLERA epidemic which has been ravaging parts of Kano State for the past three months has claimed 200 lives in Hadejia local government area within the past two weeks. The latest deaths bring to about 400 the number of lives lost in the local government area since the outbreak of the disease. This was disclosed by the medical director in charge of Hadejia general hospital'. p.142 'Cholera kills 500 in Kano' combines cholera AND meningitis - NOT used. Clippings ordered chronologically (contents list Feb 8 ... Mar 11 1991; p.257 = New Nigerian 8 Jun 1991).",1991-02-01 to 1991-06-30,"Reprinted Nigerian newspaper clippings (chronological, Feb-Jun 1991): Kano State and Hadejia LGA cumulative cholera deaths",Active,Level 3,Pending,"Agent 4 B2 Q6: Google Books GData feed '""cholera"" Kano 1990 outbreak deaths' -> in-volume search t6wMAQAAIAAJ",en,0,,"Agent 4 B2 Q6: Google Books GData feed '""cholera"" Kano 1990 outbreak deaths' -> in-volume search t6wMAQAAIAAJ",AI
667,"The Guardian (Lagos) 1 August 1991, 'Kano, Plateau begin anti-cholera battle', reprinted in 'Colonel Idris Garba: 40 months as military governor of Kano State' (Google Books snippet view DK0MAQAAIAAJ, p.60)",https://books.google.com/books?id=DK0MAQAAIAAJ&pg=PA60,"p.60: '... Plateau State, where cholera has killed 74 persons, the chairman of Jos council, Mr. Ezekiel Bot, said ... The Guardian, August 1, 1991 Kano, Plateau begin anti-cholera battle'. Independent corroboration of the Newswatch 12 Aug 1991 Plateau figure (74 deaths, AI Index 5830).",1991-01-01 to 1991-08-01,"Newspaper report: Plateau State cumulative cholera deaths, 1991 epidemic",Active,Level 3,Pending,"Agent 4 B2 Q6 follow-up: Google Books GData feed 'cholera outbreak Kano 1990 ""Infectious Diseases Hospital""' -> in-volume search DK0MAQAAIAAJ",en,0,,"Agent 4 B2 Q6 follow-up: Google Books GData feed 'cholera outbreak Kano 1990 ""Infectious Diseases Hospital""' -> in-volume search DK0MAQAAIAAJ",AI
668,"Africa Current Affairs Information Service / Aktueller Informationsdienst Afrika (Institut fuer Afrika-Kunde, Hamburg) 1991, reprinted Nigerian press article 'Cholera: Death toll hits 5,785' (Google Books snippet view UbaI82Zi2ukC, RA2 pp.20-21)",https://books.google.com/books?id=UbaI82Zi2ukC&pg=RA2-PA21,"Reprint (Institut fuer Afrika-Kunde press digest) of THE GUARDIAN (Lagos), 29 AUG 1991, 'Cholera: Death toll hits 5,785', Federal Task Force on cholera figures. Snippets p.21 (RA2): '5,785 ... deaths have been recorded nationwide from a colossal 42,613 reported cases of cholera'; 'Bauchi tops the list highly affected states with 8,974 cases and 1,909 [deaths] ... Borno with 16.596 cases and 1,829 deaths. Kano State recorded 7,736 cases and 792 deaths, Gongola 2,102 cases with 345 deaths and Sokoto 2,028 cases with 298 deaths. Other are Plateau - 1,160 cases with 166 deaths; Kaduna 774 cases (124 deaths); Oyo - 2,342 cases (106 deaths); Katsina - 122 cases (52 deaths); Kwara (215 : 45); Bendel (45 ; 43): Benue (51:28); Abuja (269 : 27); Anambra (26 : six); Ondo (76 ; five); Imo (25 : five); ... Akwa [Ibom?] (26 : four)'; 'Of the old 21 states and Abuja only Rivers, Cross River and Niger states had not reported any cases as at August'. ARITHMETIC CLOSURE: state deaths sum to 5,784 (with Akwa Ibom 4) vs national 5,785; state cases sum to ~42,560 vs 42,613. Pre-27-Aug-1991 state boundaries.",1991-01-01 to 1991-08-31,Press digest reprint: 1991 cholera epidemic state cumulative cases/deaths (federal task force figures),Active,Level 3,Pending,"Agent 4 B2 Q5 follow-up: Google Books GData feed '""cholera"" ""Kano State"" epidemic deaths cases' -> UbaI82Zi2ukC; exact-phrase feed queries for further snippet windows",en,0,,"Agent 4 B2 Q5 follow-up: Google Books GData feed '""cholera"" ""Kano State"" epidemic deaths cases' -> UbaI82Zi2ukC; exact-phrase feed queries for further snippet windows",AI
669,"West Africa (London) weekly magazine, early August 1991, p.1290, Nigeria cholera epidemic report (Health Minister Ransome-Kuti alarm of 25 July 1991), Google Books snippet view qjguAQAAIAAJ",https://books.google.com/books?id=qjguAQAAIAAJ&pg=PA1290,"p.1290: '... cases were reported. Health minister, Professor Olikoye Ransome-Kuti, raised the alarm himself on July 25. He described the figures as ""unacceptably high"". Said the minister: ""I am aware that there is still a large number of cases yet unrecognised and unreported."" ... (4,276), followed by Bauchi which recorded 2,626. Continent-wide, said sources, a total of 48,784 Africans were afflicted by cholera in the first half of the year. Of that number, 3,980 died.' The highest-number state preceding '(4,276)' is Kano (feed snippet: 'It was learnt that Kano State had the highest number of cases ( 4,276 ), followed by Bauchi which recorded 2,626'). Dates the Newswatch 12 Aug 1991 'at the time the minister raised the alarm' figures to 25 July 1991.",1991-01-01 to 1991-07-25,News magazine: state cumulative cholera cases at the federal health minister's 25 July 1991 alarm,Active,Level 3,Pending,"Agent 4 B2 Q5 follow-up: Google Books GData feed '""cholera"" ""Kano State"" epidemic deaths cases' -> in-volume search qjguAQAAIAAJ",en,0,,"Agent 4 B2 Q5 follow-up: Google Books GData feed '""cholera"" ""Kano State"" epidemic deaths cases' -> in-volume search qjguAQAAIAAJ",AI
670,"Obasi IN, Yaqub NO (eds) 1998, Local Government Policy Making and Execution in Nigeria (Sam Bookman), p.143 table 'Sokoto State: Epidemic Diseases, 1980-82' from Sokoto State Ministry of Health unpublished reports (Google Books snippet view)",https://books.google.com/books?id=3BEIAQAAMAAJ&pg=PA143,"p.143: 'Sokoto State: Epidemic Diseases, 1980-82. Total Number of Cases No. of Deaths Yr.1 % Yr.2 % Yr.3 % 1 2 3 Diseases Cerebro-Spinal Meningitis 274 25.1 136 6.2 76 2.2 7 10 8 * Cholera 4 .3 12 .5 1 Viral Ifluenza 775 71.1 1321 61.1 3060 90.7 4 Infective Hepatitis 137 12.5 690 31.9 235 .9 5 5 Total 1090 2159 3371 8 15 17 Source: Ministry of Health, Sokoto State of Nigeria, Unpublished Reports, 1980-82'. Column reconstruction: Yr.2 cases sum exactly (136+12+1321+690=2159); Yr.3 sums without cholera (76+3060+235=3371) so cholera 1982 is blank; deaths solve uniquely (Yr1 7+1=8 -> cholera 1 death in 1980; Yr2 10+5=15; Yr3 8+4+5=17). Yr.1 case column has an internal error (sum 1,190 vs printed 1,090). Old Sokoto State = present Sokoto + Kebbi + Zamfara.",1980-01-01 to 1982-12-31,"State annual epidemic-disease cases and deaths (Sokoto State MoH unpublished reports, 1980-82)",Active,Level 2,Pending,"Agent 4 B2 Q4: Google Books GData feed '""cholera"" ""Sokoto State"" outbreak deaths' -> in-volume search 3BEIAQAAMAAJ",en,0,,"Agent 4 B2 Q4: Google Books GData feed '""cholera"" ""Sokoto State"" outbreak deaths' -> in-volume search 3BEIAQAAMAAJ",AI
671,"Putting Kano Back to Work: Media Portrait of Mallam Ibrahim Shekarau (2004), reprint of Daily Trust 29 July 2003 'Cholera kills 72 in Kano, Jigawa' (Google Books snippet view q0oWAQAAIAAJ, p.40)",https://books.google.com/books?id=q0oWAQAAIAAJ&pg=PA40,"p.40: 'CHOLERA KILLS 72 IN KANO, JIGAWA - DAILY TRUST, JULY 29, 2003. Cholera has killed 50 persons in Kano State and another 12 in the nearby Jigawa state in an outbreak which health officials have blamed on contaminated water supplies and unhygienic personal habits ... Only one death has been reported in Dutse, the state capital but when Daily Trust visited Dutse General Hospital several victims on admission were said to be victims of cholera'. p.82: 'Over 72 persons were reportedly killed by cholera, which broke out in Kano and Jigawa States'.",2003-06-01 to 2003-07-29,"Reprinted newspaper report: state cholera deaths, July 2003 outbreak",Active,Level 3,Pending,"Agent 4 B2 Q5 follow-up: Google Books GData feed '""cholera"" ""Kano State"" epidemic deaths cases' -> in-volume search q0oWAQAAIAAJ",en,0,,"Agent 4 B2 Q5 follow-up: Google Books GData feed '""cholera"" ""Kano State"" epidemic deaths cases' -> in-volume search q0oWAQAAIAAJ",AI
672,"Nigerian Environmental Study/Action Team (NEST) 1991, Nigeria's Threatened Environment: A National Profile, Box 2.9 'Water-Related Diseases in the News' (p.83), reprinted press clippings 1980-1989 (Google Books snippet view R9wRAQAAIAAJ)",https://books.google.com/books?id=R9wRAQAAIAAJ&pg=PA83,"Box 2.9 p.83: 'Cholera Claims 11 Lives in Ankpa - Eleven persons have been confirmed dead as a result of cholera in Ankpa Local Government of Benue State. Fifteen other persons were receiving treatment at the Ankpa General Hospital. The Commissioner for Health expressed the hope that the Directorate of Food, Roads and Rural Infrastructures (DFRRI) would assist in providing good drinking water ... New Nigerian, April 25, 1988.' and 'Cholera Claims 30 Lives in Suleja - More than 30 people have died in Suleja town, Niger State, following the outbreak of an epidemic believed to be cholera. Diarrhoea was followed immediately by death. People are daily being rushed to the General Hospital, Suleja (with these complaints). Nigerian Standard, May 22, 1982.' Not used: 'Gastroenteritis Kills 90' Kaura Namoda, Sokoto (Nigerian Herald 19 Oct 1980) - not called cholera.",1980-01-01 to 1989-12-31,"Reprinted Nigerian newspaper clippings with LGA-level cholera death tolls (1982, 1988)",Active,Level 3,Pending,"Agent 4 B2 Q9: Google Books GData feed '""cholera"" ""Niger State"" outbreak deaths' -> in-volume search R9wRAQAAIAAJ",en,0,,"Agent 4 B2 Q9: Google Books GData feed '""cholera"" ""Niger State"" outbreak deaths' -> in-volume search R9wRAQAAIAAJ",AI
673,"From Handpumps to Health: The Evolution of Water and Sanitation Programmes in Bangladesh, India and Nigeria (UNICEF, 1990), p.95 - Imo State UNICEF WATSAN project choice following a cholera outbreak in Ohaozara LGA (Google Books snippet view J3sd1FhgQpYC)",https://books.google.com/books?id=J3sd1FhgQpYC,"Feed snippet: '... cholera outbreak in its northern Local Government Authority (LGA), Ohaozara. The project was launched in late 1981 and began in Ukwa ...'. Corroborated by 'Contributions of Geosciences and Mining to National Development' (2003, lG5PAQAAIAAJ): 'Imo state had been selected by the Federal Government because of its high population density and the fact that it had suffered serious outbreak of cholera in 1981 in one of the local government areas of the State'. Ohaozara LGA is in present Ebonyi State.",1981-01-01 to 1981-12-31,Programme history: presence of a cholera outbreak (no count),Active,Level 2,Pending,"Agent 4 B2 Q8: Google Books GData feed '""cholera"" ""Imo State"" outbreak deaths'",en,0,,"Agent 4 B2 Q8: Google Books GData feed '""cholera"" ""Imo State"" outbreak deaths'",AI
674,"Civil Liberties Organisation (CLO), Annual Report [on human rights in Nigeria, covering 2001] (Lagos, 2002), p.104 health section (Google Books snippet view tVNDAQAAIAAJ)",https://books.google.com/books?id=tVNDAQAAIAAJ&pg=PA104,"p.104: 'An outbreak of meningitis in Niger state in March claimed no fewer than 20 lives, while a cholera outbreak in Kano State between October and November claimed over 600 lives. Another cholera outbreak took place in Aisegha in Ekiti state left 15 people dead, while in Moro Local Government in Kwara state, 40 persons were reckoned to have died of the disease.' Report year fixed by its 2001 content (Sharia consolidation 2001, Guardian 1 Mar 2001 citations).",2001-01-01 to 2001-12-31,NGO annual report summarising press: state/LGA cholera death tolls 2001,Active,Level 3,Pending,"Agent 4 B2 Q9 follow-up: Google Books GData feed '""cholera"" ""Niger State"" outbreak deaths' -> in-volume search tVNDAQAAIAAJ",en,0,,"Agent 4 B2 Q9 follow-up: Google Books GData feed '""cholera"" ""Niger State"" outbreak deaths' -> in-volume search tVNDAQAAIAAJ",AI
675,"Civil Liberties Organisation (CLO), Annual Report covering 1997 (Google Books dated 1999), pp.185-186 'Cholera Epidemic in Cross River' (snippet view gYMHAQAAMAAJ)",https://books.google.com/books?id=gYMHAQAAMAAJ&pg=PA185,"p.185: 'Cholera Epidemic in Cross River - A cholera epidemic broke out in January in Cross River State claiming not less than 125 lives. It was said to have been worst in Ikot-Ana and Union Island communities. In January, it reportedly killed at least 25 persons at Abia community and the surrounding areas of Etung local government council. In the first week of March, not less than 40 people were said to have been claimed by the epidemic at Ekpokpa ... died in Bokki local government council area. Another 25 persons were reported lost to the epidemic in Nke ...'; p.186 footnote: '""Cholera claims 45 in Cross River"", Nigerian Tribune, 19 April, 1997, p.2'. Not used: '75 Dead in Hadejia ... Gastro Enteritis' (not called cholera); Ekpokpa/Boki and Nke fragments (LGA link broken by snippet gaps).",1997-01-01 to 1997-04-30,"NGO annual report summarising press: Cross River State and LGA cholera deaths, 1997 epidemic",Active,Level 3,Pending,"Agent 4 B2 Q11: Google Books GData feed '""cholera"" ""Cross River State"" outbreak deaths' -> in-volume search gYMHAQAAMAAJ",en,0,,"Agent 4 B2 Q11: Google Books GData feed '""cholera"" ""Cross River State"" outbreak deaths' -> in-volume search gYMHAQAAMAAJ",AI
676,"The African Guardian (Lagos) c. 12 August 1991, p.22, 1991 cholera epidemic report with a state table of cases and deaths (Google Books snippet view tS0uAQAAIAAJ, section RA13)",https://books.google.com/books?id=tS0uAQAAIAAJ&pg=RA13-PA22,"p.22 (issue dated from adjacent sections: RA14 = Aug 19, RA15 = Aug 26, 1991): '[Borno State, with the highest number of cases] (12,029) within one month of outbreak (only July), has 839 deaths. It is followed by Kano with 4,276 cases, 430 deaths between January and May; Bauchi 2,626 cases, ... and Sokoto with 290 deaths resulting from 2,804 cases. Kaduna, Kwara, Benue and Oyo recorded 257, 117, 51 and 542 cases with 59, 29, 28 and 25 deaths' (OCR interleaves a sidebar: 'recorded 257,117, 51 | public taps. She observes that the cases and 542 cases with 59, 29, 28 and 25 deaths'). Also: 'as at July 18, 48,784 persons in 11 African countries were attacked'. Kano 4,276/430 = the WER 'Nigeria 15.II-14.IV' notification (Index 4026). Bauchi deaths cut off.",1991-01-01 to 1991-07-31,"News magazine: state cumulative cholera cases and deaths, 1991 epidemic (pre-Aug-1991 state boundaries)",Active,Level 3,Pending,"Agent 4 B2 Q15: Google Books GData feed '""cholera"" ""Borno State"" outbreak deaths' -> in-volume search tS0uAQAAIAAJ",en,0,,"Agent 4 B2 Q15: Google Books GData feed '""cholera"" ""Borno State"" outbreak deaths' -> in-volume search tS0uAQAAIAAJ",AI
677,"Civil Liberties Organisation (CLO), Annual Report [covering 1994] (Lagos, 1994/95), p.201 health section (Google Books snippet view DlNDAQAAIAAJ)",https://books.google.com/books?id=DlNDAQAAIAAJ&pg=PA201,"p.201: 'In July, an outbreak of cholera in Katsina killed 30 persons. About 315 other persons contracted the disease. They were reported to be in critical condition when the State military administrator visited the victims.' Year fixed to 1994 by the report's content (Osun State military administrator Navy Captain Udofia, in office Dec 1993-1996; 'State military administrator' title in use from Dec 1993) and the Google Books date (1994). Not used: an outbreak in Ifetayo LGA, Osun State ('About 125 persons were admitted for treatment') - disease not named in the snippet.",1994-07-01 to 1994-07-31,NGO annual report summarising press: state cholera outbreak cases/deaths 1994,Active,Level 3,Pending,"Agent 4 B2 Q15 follow-up: Google Books GData feed '""cholera"" ""Borno State"" outbreak deaths' -> in-volume search DlNDAQAAIAAJ",en,0,,"Agent 4 B2 Q15 follow-up: Google Books GData feed '""cholera"" ""Borno State"" outbreak deaths' -> in-volume search DlNDAQAAIAAJ",AI
678,"Africa Current Affairs Information Service (Institut fuer Afrika-Kunde, Hamburg) 1991, reprint of Nigerian daily report by Felix Nyong (staff correspondent) giving the federal 1991 cholera state table with deaths and CFR (Google Books snippet view t2mVzyVmWZ4C, RA7 p.30)",https://books.google.com/books?id=t2mVzyVmWZ4C&pg=RA7-PA30,"p.30: 'Kano has had the highest number of cases (4,276), followed by Bauchi 2,626, with 430 dead or an 18 per cent case fatality rate (CFR). Other states hit by the bacterial disease, their death rates and percentage CFR are: 58 Akwa Ibom (four, 6.7 per cent); Anambra - 26 (six, 23 per cent); Benue - 51 (28, 55 per cent); Kaduna 257 (59, 23 per cent); Kwara 117 (29, 25 per cent); Ogun six (deaths and CFR not indicated); Oyo - 542 (25, 4.6 per cent); Plateau 102 (20, ...' (OCR interleaves columns: 'Kaduna 23 per cent); Kwara 25 per cent); Ogun 257 (59, 117 (29, six (deaths and CFR not indicated)'). Same federal table as The African Guardian c. 12 Aug 1991 (metadata 676) and West Africa (metadata 669). The '430 dead ... 18 per cent' clause is ambiguous (Kano per African Guardian; 430/2,626 = 16%) and is not used.",1991-01-01 to 1991-07-25,"Press digest reprint: 1991 state cholera cases, deaths and CFR (federal table, c. the 25 July 1991 ministerial alarm)",Active,Level 3,Pending,"Agent 4 B2 Q17: Google Books GData feed '""cholera"" ""Akwa Ibom"" OR ""Rivers State"" outbreak deaths' -> in-volume search t2mVzyVmWZ4C",en,0,,"Agent 4 B2 Q17: Google Books GData feed '""cholera"" ""Akwa Ibom"" OR ""Rivers State"" outbreak deaths' -> in-volume search t2mVzyVmWZ4C",AI
679,"West Africa (London) weekly magazine, late June 1980 issue, p.1207 'Imo cholera' (Google Books snippet view 8z8_AQAAIAAJ)",https://books.google.com/books?id=8z8_AQAAIAAJ&pg=PA1207,"p.1207 (page footer 'June 1980 1207 WEST AFRICA'): 'Imo cholera - The Imo State Chief Health Officer, Dr. N. O. Nwozo, has said that more than 70 people have died in an outbreak of cholera in the state between March and June this year. The deaths were recorded in ...'; p.1208: '... cholera vaccinations. The health officer stated that the best prevention against the disease was for people to change their personal hygiene habits'. Old Imo State (1976-1991) = present Imo + Abia + southern Ebonyi.",1980-03-01 to 1980-06-30,"News magazine: state cholera deaths, March-June 1980",Active,Level 3,Pending,"Agent 4 B2 Q17 follow-up: Google Books GData feed '""cholera"" ""Akwa Ibom"" OR ""Rivers State"" outbreak deaths' -> in-volume search 8z8_AQAAIAAJ",en,0,,"Agent 4 B2 Q17 follow-up: Google Books GData feed '""cholera"" ""Akwa Ibom"" OR ""Rivers State"" outbreak deaths' -> in-volume search 8z8_AQAAIAAJ",AI
680,"West Africa (London) weekly magazine, early March 1992, p.381, 'Cross River' news item (Google Books snippet view 8QZzAAAAMAAJ)",https://books.google.com/books?id=8QZzAAAAMAAJ&pg=PA381,"p.381: 'Cross River - Up to 100 people have died in an outbreak of cholera in Ikom and Obubra ...'; the same page block reports a bus fire on 17 February (1992), dating the issue to about the first week of March 1992. Corroborates AI Index 2722 (Cross River 1992, 100 deaths, Charnley/EM-DAT provenance).",1992-01-01 to 1992-03-08,"News magazine: LGA cholera deaths, Cross River, early 1992",Active,Level 3,Pending,"Agent 4 B3 Q3: Google Books GData feed '""cholera"" Maiduguri outbreak died' -> in-volume search 8QZzAAAAMAAJ",en,0,,"Agent 4 B3 Q3: Google Books GData feed '""cholera"" Maiduguri outbreak died' -> in-volume search 8QZzAAAAMAAJ",AI
681,"Committee for the Defence of Human Rights (CDHR), Annual Report on the Human Rights Situation in Nigeria covering 2001 (Google Books dated 2001), pp.188-189 'Diarrhoea/Cholera' (snippet view nNmdmW82dwkC)",https://books.google.com/books?id=nNmdmW82dwkC&pg=PA189,"pp.188-189: 'There was an outbreak of cholera and diarrhoea in most parts of the country in the year ... On August 25, cholera outbreak was also recorded in Abeokuta, the Ogun State Capital ... Two deaths were initially recorded. But by mid-September, the death toll had risen to fifteen ... The epidemic ravaged Aisegba community in Gbonyin Local Government Area of Ekiti State in October and claimed close to twenty lives. In November, it killed no fewer than four hundred people including an Assistant Superintendent of Police (ASP) with the Kano Criminal Investigation Department (CID). The figure rose later. Within the same period, not less than one hundred people were killed by cholera in Kazame and Wudil Council Areas of Jigawa State. It also claimed over twenty in Gumel, Jigawa State. Sixty-five persons were also reported dead following an outbreak of cholera in Ifite-Oqwari in Anyamelu Local Government Area of Anambra State. The Council Chairman, Chief Udoji Amedu, disclosed ...'. Year: same Aisegba outbreak as the CLO 2001 report (metadata 674).",2001-08-25 to 2001-12-31,"NGO annual report summarising press: LGA cholera deaths, 2001",Active,Level 3,Pending,"Agent 4 B3 Q3 follow-up: Google Books GData feed '""cholera"" Maiduguri outbreak died' -> in-volume search nNmdmW82dwkC",en,0,,"Agent 4 B3 Q3 follow-up: Google Books GData feed '""cholera"" Maiduguri outbreak died' -> in-volume search nNmdmW82dwkC",AI
682,"Olugboji B 1996, Human Rights Practices in Nigeria, January 1995-June 1996 (Constitutional Rights Project, Lagos), pp.123-126 health section (Google Books snippet view UCYvAAAAYAAJ)",https://books.google.com/books?id=UCYvAAAAYAAJ&pg=PA123,"p.123: '... local government area of Enugu State, a guinea worm infested area, was on January 11, 1995 reported to be suffering from a cholera epidemic, with over 100 persons reported dead. Renowned physician, Professor Adeoye Lambo on January 18, raised alarm ...' (LGA name cut off in every snippet window). p.126: '... 1996 died of cholera in Ilorin, capital of Kwara State. The victims included a nursing mother, two young ladies and an aged woman. The cholera epidemic in the state claimed no fewer than 50 lives in the state within a two-week period. About 15,000 lives were lost to cholera, cerebro-spinal meningitis, gastroenteritis and measles in Kano State, in the month of February 1996 [mixed causes - not used].' Danja LGA (Katsina) 1996 item = CSM, not used.",1995-01-01 to 1996-06-30,NGO report summarising press: LGA/state cholera deaths 1995-1996,Active,Level 3,Pending,"Agent 4 B3 Q4: Google Books GData feed '""cholera"" Ilorin outbreak died' -> in-volume search + exact-phrase feed windows UCYvAAAAYAAJ",en,0,,"Agent 4 B3 Q4: Google Books GData feed '""cholera"" Ilorin outbreak died' -> in-volume search + exact-phrase feed windows UCYvAAAAYAAJ",AI
683,"West Africa (London) weekly magazine, c. 8-14 August 1994, p.1393, Kaduna State cholera item (Google Books snippet view WSwOAQAAMAAJ)",https://books.google.com/books?id=WSwOAQAAMAAJ&pg=PA1393,"p.1393: '... cholera and Oral Rehydration Therapy (ORT) vaccines worth N1.2m have been bought by the state government to prevent the spread of the epidemic. Reports say that no fewer than 200 people have died since the outbreak of the disease in some parts of Zaria. Investigations carried out by the ...'. Issue dated by pagination (p.1327 carries a 30 July listing; vol. ends with No 4030, 26 Dec 1994).",1994-06-01 to 1994-08-14,"News magazine: cholera deaths, Zaria area, mid-1994",Active,Level 3,Pending,"Agent 4 B3 Q6: Google Books GData feed '""cholera"" Onitsha OR Enugu outbreak died' -> in-volume search WSwOAQAAMAAJ",en,0,,"Agent 4 B3 Q6: Google Books GData feed '""cholera"" Onitsha OR Enugu outbreak died' -> in-volume search WSwOAQAAMAAJ",AI
684,"Committee for the Defence of Human Rights (CDHR), Annual Report on the Human Rights Situation in Nigeria covering 1999 (Google Books dated 1999), p.182 'Cholera' (snippet view 9FFDAQAAIAAJ)",https://books.google.com/books?id=9FFDAQAAIAAJ&pg=PA182,"p.182: 'Cholera - There were several cases of cholera epidemics during the year under review. Apart from the (Rtd) General Tunde Idiagbon who was reported to have died of cholera, two students of Offa Polytechnic were also killed as a result of cholera outbreak in Offa.' (Idiagbon died 24 Mar 1999 in Ilorin; cause contested - not entered.)",1999-01-01 to 1999-12-31,NGO annual report summarising press: cholera deaths 1999,Active,Level 3,Pending,"Agent 4 B3 Q6 follow-up: Google Books GData feed '""cholera"" Onitsha OR Enugu outbreak died' -> in-volume search 9FFDAQAAIAAJ",en,0,,"Agent 4 B3 Q6 follow-up: Google Books GData feed '""cholera"" Onitsha OR Enugu outbreak died' -> in-volume search 9FFDAQAAIAAJ",AI
685,"West Africa (London) weekly magazine, c. late Jan-early Feb 1991, p.192 'Cholera outbreak' (Pategi, Kwara) (Google Books snippet view ahwOAQAAMAAJ)",https://books.google.com/books?id=ahwOAQAAMAAJ&pg=PA192,"p.192: 'Cholera outbreak - Five people have died of cholera at Pategi in Edu local government area, Kwara State. The chairman of the local government, Alhaji Abubaka Tsmon called on federal and state government to intervene ...'. Issue dated by pagination (p.192 of the 1991 volume ~ 4th-5th weekly issue; the same volume's p.371 reports the early-1991 Zambia epidemic).",1991-01-01 to 1991-02-10,"News magazine: LGA cholera deaths, early 1991",Active,Level 3,Pending,"Agent 4 B3 Q7: Google Books GData feed '""cholera"" ""Port Harcourt"" OR Warri outbreak died' -> in-volume search ahwOAQAAMAAJ",en,0,,"Agent 4 B3 Q7: Google Books GData feed '""cholera"" ""Port Harcourt"" OR Warri outbreak died' -> in-volume search ahwOAQAAMAAJ",AI
686,"IRIN 'Epidemic in northern Nigeria' (c. August 1999), reprinted in African Agenda (Third World Network) 1999, RA2 pp.36-38 (Google Books snippet view nsK1AAAAIAAJ)",https://books.google.com/books?id=nsK1AAAAIAAJ&pg=RA2-PA36,"p.36: 'With the rainy season now at the peak in the region, cholera is currently taking a big toll across several states in the north of this West African country of 108 million people, leaving hundreds dead and thousands hospitalised. The worst affected states include Kano, Borno and ... states of Kaduna and Bauchi. ""Most heavily hit is Kano State,"" an official of ... Medecins Sans Frontieres ... told IRIN. In Kano MSF has treated over 700 cases, with 60 people dead in its treatment centres, he said, ""But it is hard to know how many people have actually died."" In June, at least 60 people were reported dead out of over 200 admitted in hospitals for the epidemic in Kaduna State. Local officials in the north-eastern state of Borno, overwhelmed by the scale of the disease, reported another 40 dead. In July, cholera claimed at least 50 lives in Katsina State, with 20 people dying in one day in the worst affected Fafana [sic] local government ...'.",1999-03-01 to 1999-08-31,"UN humanitarian news (IRIN) reprint: state cholera cases/deaths, 1999 northern epidemic",Active,Level 2,Pending,"Agent 4 B3 Q8: Google Books GData feed '""cholera"" Zaria OR Kaduna outbreak died deaths' -> in-volume search nsK1AAAAIAAJ",en,0,,"Agent 4 B3 Q8: Google Books GData feed '""cholera"" Zaria OR Kaduna outbreak died deaths' -> in-volume search nsK1AAAAIAAJ",AI
687,"West Africa (London) weekly magazine, 2 May 1977, pp.885-886, Rivers State news item (Google Books snippet view 4jAOAQAAMAAJ)",https://books.google.com/books?id=4jAOAQAAMAAJ&pg=PA886,pp.885-886: 'An outbreak of cholera has been reported in the riverine areas of the Rivers State. More than 50 persons were reported to have died in Oporoma district during a few days. An outbreak of tuberculosis has also been reported in the State.' Issue date from in-volume dates (p.871 = 2 May 1977 issue; p.908 = 9 May 1977 issue). Oporoma is in present Bayelsa State (Southern Ijaw LGA); Rivers State 1967-1996 = present Rivers + Bayelsa.,1977-04-01 to 1977-05-02,"News magazine: cholera deaths in a riverine district, April 1977",Active,Level 3,Pending,"Agent 4 B3 Q14: Google Books GData feed '""cholera"" ""Benin City"" OR Auchi outbreak died' -> in-volume search 4jAOAQAAMAAJ",en,0,,"Agent 4 B3 Q14: Google Books GData feed '""cholera"" ""Benin City"" OR Auchi outbreak died' -> in-volume search 4jAOAQAAMAAJ",AI
688,"TheNEWS (Lagos) weekly, mid-January 1997 (RA1 section; same volume carries the 13 Jan 1997 issue), p.20 'Cholera Epidemic' (Agbokim, Etung LGA, Cross River) (Google Books snippet view g18uAQAAIAAJ)",https://books.google.com/books?id=g18uAQAAIAAJ&pg=RA1-PA20,"p.20: '... outbreak of cholera epidemic has been reported in Agbokim, a tourist waterfall town in the newly-created Etung local government council of Cross River State. About 10 people are said to have died from the epidemic. The current Agbokin cholera outbreak is said to be the second ...'. Early report of the outbreak summarised by the CLO 1997 report (metadata 675) as 'at least 25 persons at Abia community and the surrounding areas of Etung' in January 1997.",1997-01-01 to 1997-01-31,"News magazine: early cholera deaths in Etung LGA, January 1997",Active,Level 3,Pending,"Agent 4 B3 Q13: Google Books GData feed '""cholera"" Akure OR Owo outbreak died' -> in-volume search g18uAQAAIAAJ",en,0,,"Agent 4 B3 Q13: Google Books GData feed '""cholera"" Akure OR Owo outbreak died' -> in-volume search g18uAQAAIAAJ",AI
689,"West Africa (London) weekly magazine 1995, pp.282, 322, 486 - FIFA suspension/cancellation of the 1995 World Youth Championship in Nigeria citing cerebrospinal meningitis and cholera outbreaks in Kaduna and Enugu (Google Books snippet view O0p0AAAAMAAJ)",https://books.google.com/books?id=O0p0AAAAMAAJ&pg=PA486,"p.486: '... after an initial decision to suspend the tournament 34 days earlier on health grounds. It had been claimed that there were outbreaks of cerebro-meningitis and cholera in two of the centres to host the games, Kaduna and Enugu respectively.' p.282: '... cholera in two of the four centres pencilled in to hold the Championship: Enugu and Kaduna.' Independent confirmation that cholera was present in Enugu State in early 1995.",1995-01-01 to 1995-03-31,"News magazine: presence of cholera in Enugu (and CSM in Kaduna), early 1995; no counts",Active,Level 3,Pending,"Agent 4 B4 Q5: Google Books GData feed 'cholera ""Kaduna in English"" died' -> in-volume search O0p0AAAAMAAJ",en,0,,"Agent 4 B4 Q5: Google Books GData feed 'cholera ""Kaduna in English"" died' -> in-volume search O0p0AAAAMAAJ",AI
690,"Economist Intelligence Unit, Country Report Nigeria, 4th quarter 1999, p.21 'Disease ravages impoverished communities' (Google Books snippet view VegbAQAAMAAJ, section RA6)",https://books.google.com/books?id=VegbAQAAMAAJ&pg=RA6-PA21,"p.21 (EIU Country Report 4th quarter 1999, per p.1 of the same section; Google dates the bound volume 1998): '... outbreak of cholera killed more than 200 people in September in the far northern Borno state, according to a state government spokesman. In August 16 people died of cholera in southern Delta state. Officials blamed the outbreaks of the disease, which has killed many hundreds of people in Nigeria this year ...'.",1999-08-01 to 1999-09-30,"Country risk report relaying state officials: state cholera deaths, Aug-Sep 1999",Active,Level 3,Pending,"Agent 4 B4 Q9: Google Books GData feed '""cholera"" 1998 Nigeria outbreak state killed' -> in-volume search VegbAQAAMAAJ",en,0,,"Agent 4 B4 Q9: Google Books GData feed '""cholera"" 1998 Nigeria outbreak state killed' -> in-volume search VegbAQAAMAAJ",AI
691,"Xinhua via ReliefWeb, 11 Jan 2009: 'Three die, 35 hospitalized in cholera outbreak Nigeria's Niger State' (citing News Agency of Nigeria)",https://reliefweb.int/report/nigeria/three-die-35-hospitalized-cholera-outbreak-nigerias-niger-state,"'LAGOS, Jan 11, 2009 (Xinhua via COMTEX News Network) -- At least three people were killed and 35 others hospitalized following the suspected outbreak of cholera at Dokogi village in Nigeria's Niger state, the News Agency of Nigeria reported on Sunday.'",2009-01-01 to 2009-01-11,Wire report: village suspected-cholera outbreak cases and deaths,Active,Level 3,Pending,"Agent 4 B4 Q13: ReliefWeb archive listing via Lucene date range in the search box (cholera Nigeria date.created:[2003-01-01 TO 2009-12-31]), browser UA",en,0,,"Agent 4 B4 Q13: ReliefWeb archive listing via Lucene date range in the search box (cholera Nigeria date.created:[2003-01-01 TO 2009-12-31]), browser UA",AI
692,"IRIN via ReliefWeb, 28 Mar 2008: 'Nigeria: Worst cholera outbreak in years in Benue State' (Makurdi and Oturkpo)",https://reliefweb.int/report/nigeria/nigeria-worst-cholera-outbreak-years-benue-state,"'LAGOS, 28 March 2008 (IRIN) - At least 35 people have died of cholera in the capital of Benue State, Madurdi, and the town of Oturkpo ... At least 25 of the recent deaths in Makurdi occurred near the river in the neighbourhoods of North Bank, Wadata and Modern Market, while the 10 deaths reported in Oturkpo occurred in the areas of Upu and Adoka'. Primary for Charnley/EM-DAT entry NGA08-3-1-1 (AI Index 2723, 35 deaths labelled Makurdi).",2008-03-01 to 2008-03-28,"UN humanitarian news: LGA cholera deaths, Benue 2008",Active,Level 2,Pending,"Agent 4 B4 Q14: ReliefWeb archive listing pages 3-10 (cholera Nigeria date.created:[2003-01-01 TO 2009-12-31]), browser UA",en,0,,"Agent 4 B4 Q14: ReliefWeb archive listing pages 3-10 (cholera Nigeria date.created:[2003-01-01 TO 2009-12-31]), browser UA",AI
693,"Reuters via ReliefWeb, 22 Jun 2005: 'Suspected cholera kills 50 in northeast Nigeria' (Borno, Ibrahim Mshelizza)",https://reliefweb.int/report/nigeria/suspected-cholera-kills-50-northeast-nigeria,"'MAIDUGURI, Nigeria, June 22 (Reuters) - At least 50 people have died in an outbreak of suspected cholera in the remote northeastern Nigerian state of Borno, lawmakers said on Wednesday. Kaka Adam Mustafa, a member of the Borno House of Assembly, said the victims died last week of vomiting and diarrhoea in four local government areas located near Chad and Cameroon ... Abare village ... The World Health Organisation in Abuja confirmed the outbreak, but said it had no casualty figures and was unable to confirm it was cholera ... At least 150 people have died of cholera in two other states since March' (states unnamed - not entered).",2005-06-10 to 2005-06-22,"Wire report: suspected cholera deaths in four Borno LGAs, June 2005",Active,Level 3,Pending,"Agent 4 B4 Q14: ReliefWeb archive listing pages 3-10, browser UA",en,0,,"Agent 4 B4 Q14: ReliefWeb archive listing pages 3-10, browser UA",AI
694,"Agence France Presse, 'Africa' bulletin, July 1971 (No. ~1792), 'Cholera casualties - Lagos, July 18' (Google Books snippet view QAU1AQAAMAAJ, RA4 p.14)",https://books.google.com/books?id=QAU1AQAAMAAJ&pg=RA4-PA14,"RA4 p.14: 'CHOLERA CASUALTIES - LAGOS, July 18 - More than 1000 people have died of cholera in Nigeria's North Western State since an outbreak of the disease last March, it was reported today. Health officials in the state capital of Sokoto said another 5,000 cases of the disease had been treated. One of the worst-affected areas is ...'. Year 1971 from the bulletin numbering (No. 1789 = 2 July 1971; No. 1796 = 30 July 1971). North-Western State (1967-1976) = Sokoto + Niger provinces = present Sokoto, Kebbi, Zamfara and Niger States.",1971-03-01 to 1971-07-18,"Wire bulletin: state cumulative cholera deaths and treated cases, 1971 epidemic",Active,Level 3,Pending,"Agent 4 B4 Q16: Google Books GData feed 'Nigeria cholera ""Radio Nigeria"" died state outbreak' -> in-volume search QAU1AQAAMAAJ",en,0,,"Agent 4 B4 Q16: Google Books GData feed 'Nigeria cholera ""Radio Nigeria"" died state outbreak' -> in-volume search QAU1AQAAMAAJ",AI
695,"West Africa (London) weekly magazine, late December 1975, p.1592, East-Central State news item (Okigwe cholera) (Google Books snippet view fTkuAQAAIAAJ)",https://books.google.com/books?id=fTkuAQAAIAAJ&pg=PA1592,p.1592 (December 1975 issue by pagination; p.1588 carries December 1975 tender dates): '... people have died from a cholera epidemic in Okigwe Division of the East-Central State.' The number of deaths precedes 'people' and is cut off in every snippet window (probed with numeric and quantifier phrasings). Okigwe is in present Imo State.,1975-10-01 to 1975-12-29,"News magazine: presence of a fatal cholera epidemic in Okigwe Division, late 1975 (count not recoverable)",Active,Level 3,Pending,"Agent 4 B5 Q4: Google Books GData feed '""cholera"" Abakaliki OR Afikpo OR Nsukka outbreak died' -> exact-phrase windows fTkuAQAAIAAJ",en,0,,"Agent 4 B5 Q4: Google Books GData feed '""cholera"" Abakaliki OR Afikpo OR Nsukka outbreak died' -> exact-phrase windows fTkuAQAAIAAJ",AI
696,"TheNEWS (Lagos) 24 July 2000, Vol 15 No 3, pp.7-8 'Ravaged By Epidemic: Cholera outbreak in a rural community in Edo State claims many lives' (Google Books snippet view SmUuAQAAIAAJ)",https://books.google.com/books?id=SmUuAQAAIAAJ&pg=RA2-PA8,"p.8: '[...] died of epidemic as a result of the water they drank from a pond. Death came after profuse vomiting of slime and blood and uncontrollable stooling. The list included, Owamen Iselobor, Joseph Aigbogun, Idemudia Okosun, Mrs. Mabel Okoeguale, Mrs. Martina David, Odion Okodugha, Ewohime Okwoebo and Mary Oseghale ... they died of cholera. Given the number of the dead, there was cholera epidemic in the community due to a contaminated pond which is the village's source of water.' Village/LGA not recoverable from snippets; total death count cut off ('claims many lives').",2000-06-01 to 2000-07-24,"News magazine: named cholera deaths in an Edo village, mid-2000",Active,Level 3,Pending,"Agent 4 B5 Q2: Google Books GData feed '""cholera"" Ogbomoso OR Oshogbo OR Ilesha outbreak died' -> in-volume search SmUuAQAAIAAJ",en,0,,"Agent 4 B5 Q2: Google Books GData feed '""cholera"" Ogbomoso OR Oshogbo OR Ilesha outbreak died' -> in-volume search SmUuAQAAIAAJ",AI
