Index,Location,TL,TR,deaths,sCh,cCh,CFR,reporting_date,source_index,source,confidence_weight,processing_notes,source_database,retracted_on,retracted_reason
92,AFR::NGA::Bauchi,2021-01-01,2021-10-31,320,19470,,1.64,2021-11-15,46,NCDC Cholera Situation Report Epi Week 43 2021 State Table,0.9,"Source states: 'Table 5. Summary table for Weekly & Cumulative number of Cholera Cases, for 2021 - Bauchi, Cumulative (Week 1 - 43): Cases 19,470, Deaths 320, CFR 1.6%' - interpreted as 19470 sCh cases, 320 deaths. Provincial subset - do not sum with national row. Cumulative weeks 1-43 of 2021 (1 Jan - 31 Oct 2021); the national AFR::NGA 2021 calendar-year row (index 11, 111,662/3,604) covers a longer period and is the primary national count. The 33 state rows from this table sum to exactly the printed national cumulative of 99,979 cases and 3,445 deaths, so the parts do not exceed the whole.",AI,2026-09-21,"Superseded by the NCDC Cholera Situation Report for epi week 52 of 2021, which gives the full calendar-year 2021 cumulative state/LGA table (national 111,062/3,604) for exactly the period of the national row index 11. Retaining both the week-43 interim cumulative and the week-52 final for the same state and year would put two overlapping observations of the same unit in the file, which is the double-counting hazard this agent is responsible for preventing. Value preserved in the tombstone and in ./data/NGA/search_log_agent_2.txt."
93,AFR::NGA::Jigawa,2021-01-01,2021-10-31,516,12965,,3.98,2021-11-15,46,NCDC Cholera Situation Report Epi Week 43 2021 State Table,0.9,"Source states: 'Table 5. Summary table for Weekly & Cumulative number of Cholera Cases, for 2021 - Jigawa, Cumulative (Week 1 - 43): Cases 12,965, Deaths 516, CFR 4.0%' - interpreted as 12965 sCh cases, 516 deaths. Provincial subset - do not sum with national row. Cumulative weeks 1-43 of 2021 (1 Jan - 31 Oct 2021); the national AFR::NGA 2021 calendar-year row (index 11, 111,662/3,604) covers a longer period and is the primary national count. The 33 state rows from this table sum to exactly the printed national cumulative of 99,979 cases and 3,445 deaths, so the parts do not exceed the whole.",AI,2026-09-21,"Superseded by the NCDC Cholera Situation Report for epi week 52 of 2021, which gives the full calendar-year 2021 cumulative state/LGA table (national 111,062/3,604) for exactly the period of the national row index 11. Retaining both the week-43 interim cumulative and the week-52 final for the same state and year would put two overlapping observations of the same unit in the file, which is the double-counting hazard this agent is responsible for preventing. Value preserved in the tombstone and in ./data/NGA/search_log_agent_2.txt."
94,AFR::NGA::Kano,2021-01-01,2021-10-31,368,12116,,3.04,2021-11-15,46,NCDC Cholera Situation Report Epi Week 43 2021 State Table,0.9,"Source states: 'Table 5. Summary table for Weekly & Cumulative number of Cholera Cases, for 2021 - Kano, Cumulative (Week 1 - 43): Cases 12,116, Deaths 368, CFR 3.0%' - interpreted as 12116 sCh cases, 368 deaths. Provincial subset - do not sum with national row. Cumulative weeks 1-43 of 2021 (1 Jan - 31 Oct 2021); the national AFR::NGA 2021 calendar-year row (index 11, 111,662/3,604) covers a longer period and is the primary national count. The 33 state rows from this table sum to exactly the printed national cumulative of 99,979 cases and 3,445 deaths, so the parts do not exceed the whole.",AI,2026-09-21,"Superseded by the NCDC Cholera Situation Report for epi week 52 of 2021, which gives the full calendar-year 2021 cumulative state/LGA table (national 111,062/3,604) for exactly the period of the national row index 11. Retaining both the week-43 interim cumulative and the week-52 final for the same state and year would put two overlapping observations of the same unit in the file, which is the double-counting hazard this agent is responsible for preventing. Value preserved in the tombstone and in ./data/NGA/search_log_agent_2.txt."
95,AFR::NGA::Zamfara,2021-01-01,2021-10-31,244,11101,,2.20,2021-11-15,46,NCDC Cholera Situation Report Epi Week 43 2021 State Table,0.9,"Source states: 'Table 5. Summary table for Weekly & Cumulative number of Cholera Cases, for 2021 - Zamfara, Cumulative (Week 1 - 43): Cases 11,101, Deaths 244, CFR 2.2%' - interpreted as 11101 sCh cases, 244 deaths. Provincial subset - do not sum with national row. Cumulative weeks 1-43 of 2021 (1 Jan - 31 Oct 2021); the national AFR::NGA 2021 calendar-year row (index 11, 111,662/3,604) covers a longer period and is the primary national count. The 33 state rows from this table sum to exactly the printed national cumulative of 99,979 cases and 3,445 deaths, so the parts do not exceed the whole.",AI,2026-09-21,"Superseded by the NCDC Cholera Situation Report for epi week 52 of 2021, which gives the full calendar-year 2021 cumulative state/LGA table (national 111,062/3,604) for exactly the period of the national row index 11. Retaining both the week-43 interim cumulative and the week-52 final for the same state and year would put two overlapping observations of the same unit in the file, which is the double-counting hazard this agent is responsible for preventing. Value preserved in the tombstone and in ./data/NGA/search_log_agent_2.txt."
96,AFR::NGA::Katsina,2021-01-01,2021-10-31,237,8602,,2.76,2021-11-15,46,NCDC Cholera Situation Report Epi Week 43 2021 State Table,0.9,"Source states: 'Table 5. Summary table for Weekly & Cumulative number of Cholera Cases, for 2021 - Katsina, Cumulative (Week 1 - 43): Cases 8,602, Deaths 237, CFR 2.8%' - interpreted as 8602 sCh cases, 237 deaths. Provincial subset - do not sum with national row. Cumulative weeks 1-43 of 2021 (1 Jan - 31 Oct 2021); the national AFR::NGA 2021 calendar-year row (index 11, 111,662/3,604) covers a longer period and is the primary national count. The 33 state rows from this table sum to exactly the printed national cumulative of 99,979 cases and 3,445 deaths, so the parts do not exceed the whole.",AI,2026-09-21,"Superseded by the NCDC Cholera Situation Report for epi week 52 of 2021, which gives the full calendar-year 2021 cumulative state/LGA table (national 111,062/3,604) for exactly the period of the national row index 11. Retaining both the week-43 interim cumulative and the week-52 final for the same state and year would put two overlapping observations of the same unit in the file, which is the double-counting hazard this agent is responsible for preventing. Value preserved in the tombstone and in ./data/NGA/search_log_agent_2.txt."
97,AFR::NGA::Sokoto,2021-01-01,2021-10-31,410,8477,,4.84,2021-11-15,46,NCDC Cholera Situation Report Epi Week 43 2021 State Table,0.9,"Source states: 'Table 5. Summary table for Weekly & Cumulative number of Cholera Cases, for 2021 - Sokoto, Cumulative (Week 1 - 43): Cases 8,477, Deaths 410, CFR 4.8%' - interpreted as 8477 sCh cases, 410 deaths. Provincial subset - do not sum with national row. Cumulative weeks 1-43 of 2021 (1 Jan - 31 Oct 2021); the national AFR::NGA 2021 calendar-year row (index 11, 111,662/3,604) covers a longer period and is the primary national count. The 33 state rows from this table sum to exactly the printed national cumulative of 99,979 cases and 3,445 deaths, so the parts do not exceed the whole.",AI,2026-09-21,"Superseded by the NCDC Cholera Situation Report for epi week 52 of 2021, which gives the full calendar-year 2021 cumulative state/LGA table (national 111,062/3,604) for exactly the period of the national row index 11. Retaining both the week-43 interim cumulative and the week-52 final for the same state and year would put two overlapping observations of the same unit in the file, which is the double-counting hazard this agent is responsible for preventing. Value preserved in the tombstone and in ./data/NGA/search_log_agent_2.txt."
98,AFR::NGA::Kebbi,2021-01-01,2021-10-31,374,5920,,6.32,2021-11-15,46,NCDC Cholera Situation Report Epi Week 43 2021 State Table,0.9,"Source states: 'Table 5. Summary table for Weekly & Cumulative number of Cholera Cases, for 2021 - Kebbi, Cumulative (Week 1 - 43): Cases 5,920, Deaths 374, CFR 6.3%' - interpreted as 5920 sCh cases, 374 deaths. Provincial subset - do not sum with national row. Cumulative weeks 1-43 of 2021 (1 Jan - 31 Oct 2021); the national AFR::NGA 2021 calendar-year row (index 11, 111,662/3,604) covers a longer period and is the primary national count. The 33 state rows from this table sum to exactly the printed national cumulative of 99,979 cases and 3,445 deaths, so the parts do not exceed the whole.",AI,2026-09-21,"Superseded by the NCDC Cholera Situation Report for epi week 52 of 2021, which gives the full calendar-year 2021 cumulative state/LGA table (national 111,062/3,604) for exactly the period of the national row index 11. Retaining both the week-43 interim cumulative and the week-52 final for the same state and year would put two overlapping observations of the same unit in the file, which is the double-counting hazard this agent is responsible for preventing. Value preserved in the tombstone and in ./data/NGA/search_log_agent_2.txt."
99,AFR::NGA::Borno,2021-01-01,2021-10-31,116,3906,,2.97,2021-11-15,46,NCDC Cholera Situation Report Epi Week 43 2021 State Table,0.9,"Source states: 'Table 5. Summary table for Weekly & Cumulative number of Cholera Cases, for 2021 - Borno, Cumulative (Week 1 - 43): Cases 3,906, Deaths 116, CFR 3.0%' - interpreted as 3906 sCh cases, 116 deaths. Provincial subset - do not sum with national row. Cumulative weeks 1-43 of 2021 (1 Jan - 31 Oct 2021); the national AFR::NGA 2021 calendar-year row (index 11, 111,662/3,604) covers a longer period and is the primary national count. The 33 state rows from this table sum to exactly the printed national cumulative of 99,979 cases and 3,445 deaths, so the parts do not exceed the whole.",AI,2026-09-21,"Superseded by the NCDC Cholera Situation Report for epi week 52 of 2021, which gives the full calendar-year 2021 cumulative state/LGA table (national 111,062/3,604) for exactly the period of the national row index 11. Retaining both the week-43 interim cumulative and the week-52 final for the same state and year would put two overlapping observations of the same unit in the file, which is the double-counting hazard this agent is responsible for preventing. Value preserved in the tombstone and in ./data/NGA/search_log_agent_2.txt."
100,AFR::NGA::Yobe,2021-01-01,2021-10-31,86,3750,,2.29,2021-11-15,46,NCDC Cholera Situation Report Epi Week 43 2021 State Table,0.9,"Source states: 'Table 5. Summary table for Weekly & Cumulative number of Cholera Cases, for 2021 - Yobe, Cumulative (Week 1 - 43): Cases 3,750, Deaths 86, CFR 2.3%' - interpreted as 3750 sCh cases, 86 deaths. Provincial subset - do not sum with national row. Cumulative weeks 1-43 of 2021 (1 Jan - 31 Oct 2021); the national AFR::NGA 2021 calendar-year row (index 11, 111,662/3,604) covers a longer period and is the primary national count. The 33 state rows from this table sum to exactly the printed national cumulative of 99,979 cases and 3,445 deaths, so the parts do not exceed the whole.",AI,2026-09-21,"Superseded by the NCDC Cholera Situation Report for epi week 52 of 2021, which gives the full calendar-year 2021 cumulative state/LGA table (national 111,062/3,604) for exactly the period of the national row index 11. Retaining both the week-43 interim cumulative and the week-52 final for the same state and year would put two overlapping observations of the same unit in the file, which is the double-counting hazard this agent is responsible for preventing. Value preserved in the tombstone and in ./data/NGA/search_log_agent_2.txt."
101,AFR::NGA::Niger,2021-01-01,2021-10-31,174,2821,,6.17,2021-11-15,46,NCDC Cholera Situation Report Epi Week 43 2021 State Table,0.9,"Source states: 'Table 5. Summary table for Weekly & Cumulative number of Cholera Cases, for 2021 - Niger, Cumulative (Week 1 - 43): Cases 2,821, Deaths 174, CFR 6.2%' - interpreted as 2821 sCh cases, 174 deaths. Provincial subset - do not sum with national row. Cumulative weeks 1-43 of 2021 (1 Jan - 31 Oct 2021); the national AFR::NGA 2021 calendar-year row (index 11, 111,662/3,604) covers a longer period and is the primary national count. The 33 state rows from this table sum to exactly the printed national cumulative of 99,979 cases and 3,445 deaths, so the parts do not exceed the whole.",AI,2026-09-21,"Superseded by the NCDC Cholera Situation Report for epi week 52 of 2021, which gives the full calendar-year 2021 cumulative state/LGA table (national 111,062/3,604) for exactly the period of the national row index 11. Retaining both the week-43 interim cumulative and the week-52 final for the same state and year would put two overlapping observations of the same unit in the file, which is the double-counting hazard this agent is responsible for preventing. Value preserved in the tombstone and in ./data/NGA/search_log_agent_2.txt."
102,AFR::NGA::Kaduna,2021-01-01,2021-10-31,173,2126,,8.14,2021-11-15,46,NCDC Cholera Situation Report Epi Week 43 2021 State Table,0.9,"Source states: 'Table 5. Summary table for Weekly & Cumulative number of Cholera Cases, for 2021 - Kaduna, Cumulative (Week 1 - 43): Cases 2,126, Deaths 173, CFR 8.1%' - interpreted as 2126 sCh cases, 173 deaths. Provincial subset - do not sum with national row. Cumulative weeks 1-43 of 2021 (1 Jan - 31 Oct 2021); the national AFR::NGA 2021 calendar-year row (index 11, 111,662/3,604) covers a longer period and is the primary national count. The 33 state rows from this table sum to exactly the printed national cumulative of 99,979 cases and 3,445 deaths, so the parts do not exceed the whole.",AI,2026-09-21,"Superseded by the NCDC Cholera Situation Report for epi week 52 of 2021, which gives the full calendar-year 2021 cumulative state/LGA table (national 111,062/3,604) for exactly the period of the national row index 11. Retaining both the week-43 interim cumulative and the week-52 final for the same state and year would put two overlapping observations of the same unit in the file, which is the double-counting hazard this agent is responsible for preventing. Value preserved in the tombstone and in ./data/NGA/search_log_agent_2.txt."
103,AFR::NGA::Plateau,2021-01-01,2021-10-31,21,1481,,1.42,2021-11-15,46,NCDC Cholera Situation Report Epi Week 43 2021 State Table,0.9,"Source states: 'Table 5. Summary table for Weekly & Cumulative number of Cholera Cases, for 2021 - Plateau, Cumulative (Week 1 - 43): Cases 1,481, Deaths 21, CFR 1.4%' - interpreted as 1481 sCh cases, 21 deaths. Provincial subset - do not sum with national row. Cumulative weeks 1-43 of 2021 (1 Jan - 31 Oct 2021); the national AFR::NGA 2021 calendar-year row (index 11, 111,662/3,604) covers a longer period and is the primary national count. The 33 state rows from this table sum to exactly the printed national cumulative of 99,979 cases and 3,445 deaths, so the parts do not exceed the whole.",AI,2026-09-21,"Superseded by the NCDC Cholera Situation Report for epi week 52 of 2021, which gives the full calendar-year 2021 cumulative state/LGA table (national 111,062/3,604) for exactly the period of the national row index 11. Retaining both the week-43 interim cumulative and the week-52 final for the same state and year would put two overlapping observations of the same unit in the file, which is the double-counting hazard this agent is responsible for preventing. Value preserved in the tombstone and in ./data/NGA/search_log_agent_2.txt."
104,AFR::NGA::Gombe,2021-01-01,2021-10-31,11,1412,,0.78,2021-11-15,46,NCDC Cholera Situation Report Epi Week 43 2021 State Table,0.9,"Source states: 'Table 5. Summary table for Weekly & Cumulative number of Cholera Cases, for 2021 - Gombe, Cumulative (Week 1 - 43): Cases 1,412, Deaths 11, CFR 0.8%' - interpreted as 1412 sCh cases, 11 deaths. Provincial subset - do not sum with national row. Cumulative weeks 1-43 of 2021 (1 Jan - 31 Oct 2021); the national AFR::NGA 2021 calendar-year row (index 11, 111,662/3,604) covers a longer period and is the primary national count. The 33 state rows from this table sum to exactly the printed national cumulative of 99,979 cases and 3,445 deaths, so the parts do not exceed the whole.",AI,2026-09-21,"Superseded by the NCDC Cholera Situation Report for epi week 52 of 2021, which gives the full calendar-year 2021 cumulative state/LGA table (national 111,062/3,604) for exactly the period of the national row index 11. Retaining both the week-43 interim cumulative and the week-52 final for the same state and year would put two overlapping observations of the same unit in the file, which is the double-counting hazard this agent is responsible for preventing. Value preserved in the tombstone and in ./data/NGA/search_log_agent_2.txt."
105,AFR::NGA::FCT,2021-01-01,2021-10-31,77,1286,,5.99,2021-11-15,46,NCDC Cholera Situation Report Epi Week 43 2021 State Table,0.9,"Source states: 'Table 5. Summary table for Weekly & Cumulative number of Cholera Cases, for 2021 - FCT, Cumulative (Week 1 - 43): Cases 1,286, Deaths 77, CFR 6.0%' - interpreted as 1286 sCh cases, 77 deaths. Provincial subset - do not sum with national row. Cumulative weeks 1-43 of 2021 (1 Jan - 31 Oct 2021); the national AFR::NGA 2021 calendar-year row (index 11, 111,662/3,604) covers a longer period and is the primary national count. The 33 state rows from this table sum to exactly the printed national cumulative of 99,979 cases and 3,445 deaths, so the parts do not exceed the whole.",AI,2026-09-21,"Superseded by the NCDC Cholera Situation Report for epi week 52 of 2021, which gives the full calendar-year 2021 cumulative state/LGA table (national 111,062/3,604) for exactly the period of the national row index 11. Retaining both the week-43 interim cumulative and the week-52 final for the same state and year would put two overlapping observations of the same unit in the file, which is the double-counting hazard this agent is responsible for preventing. Value preserved in the tombstone and in ./data/NGA/search_log_agent_2.txt."
106,AFR::NGA::Nasarawa,2021-01-01,2021-10-31,57,865,,6.59,2021-11-15,46,NCDC Cholera Situation Report Epi Week 43 2021 State Table,0.9,"Source states: 'Table 5. Summary table for Weekly & Cumulative number of Cholera Cases, for 2021 - Nasarawa, Cumulative (Week 1 - 43): Cases 865, Deaths 57, CFR 6.6%' - interpreted as 865 sCh cases, 57 deaths. Provincial subset - do not sum with national row. Cumulative weeks 1-43 of 2021 (1 Jan - 31 Oct 2021); the national AFR::NGA 2021 calendar-year row (index 11, 111,662/3,604) covers a longer period and is the primary national count. The 33 state rows from this table sum to exactly the printed national cumulative of 99,979 cases and 3,445 deaths, so the parts do not exceed the whole.",AI,2026-09-21,"Superseded by the NCDC Cholera Situation Report for epi week 52 of 2021, which gives the full calendar-year 2021 cumulative state/LGA table (national 111,062/3,604) for exactly the period of the national row index 11. Retaining both the week-43 interim cumulative and the week-52 final for the same state and year would put two overlapping observations of the same unit in the file, which is the double-counting hazard this agent is responsible for preventing. Value preserved in the tombstone and in ./data/NGA/search_log_agent_2.txt."
107,AFR::NGA::Adamawa,2021-01-01,2021-10-31,31,784,,3.95,2021-11-15,46,NCDC Cholera Situation Report Epi Week 43 2021 State Table,0.9,"Source states: 'Table 5. Summary table for Weekly & Cumulative number of Cholera Cases, for 2021 - Adamawa, Cumulative (Week 1 - 43): Cases 784, Deaths 31, CFR 4.0%' - interpreted as 784 sCh cases, 31 deaths. Provincial subset - do not sum with national row. Cumulative weeks 1-43 of 2021 (1 Jan - 31 Oct 2021); the national AFR::NGA 2021 calendar-year row (index 11, 111,662/3,604) covers a longer period and is the primary national count. The 33 state rows from this table sum to exactly the printed national cumulative of 99,979 cases and 3,445 deaths, so the parts do not exceed the whole.",AI,2026-09-21,"Superseded by the NCDC Cholera Situation Report for epi week 52 of 2021, which gives the full calendar-year 2021 cumulative state/LGA table (national 111,062/3,604) for exactly the period of the national row index 11. Retaining both the week-43 interim cumulative and the week-52 final for the same state and year would put two overlapping observations of the same unit in the file, which is the double-counting hazard this agent is responsible for preventing. Value preserved in the tombstone and in ./data/NGA/search_log_agent_2.txt."
108,AFR::NGA::Benue,2021-01-01,2021-10-31,12,600,,2.00,2021-11-15,46,NCDC Cholera Situation Report Epi Week 43 2021 State Table,0.9,"Source states: 'Table 5. Summary table for Weekly & Cumulative number of Cholera Cases, for 2021 - Benue, Cumulative (Week 1 - 43): Cases 600, Deaths 12, CFR 2.0%' - interpreted as 600 sCh cases, 12 deaths. Provincial subset - do not sum with national row. Cumulative weeks 1-43 of 2021 (1 Jan - 31 Oct 2021); the national AFR::NGA 2021 calendar-year row (index 11, 111,662/3,604) covers a longer period and is the primary national count. The 33 state rows from this table sum to exactly the printed national cumulative of 99,979 cases and 3,445 deaths, so the parts do not exceed the whole.",AI,2026-09-21,"Superseded by the NCDC Cholera Situation Report for epi week 52 of 2021, which gives the full calendar-year 2021 cumulative state/LGA table (national 111,062/3,604) for exactly the period of the national row index 11. Retaining both the week-43 interim cumulative and the week-52 final for the same state and year would put two overlapping observations of the same unit in the file, which is the double-counting hazard this agent is responsible for preventing. Value preserved in the tombstone and in ./data/NGA/search_log_agent_2.txt."
109,AFR::NGA::Delta,2021-01-01,2021-10-31,31,578,,5.36,2021-11-15,46,NCDC Cholera Situation Report Epi Week 43 2021 State Table,0.9,"Source states: 'Table 5. Summary table for Weekly & Cumulative number of Cholera Cases, for 2021 - Delta, Cumulative (Week 1 - 43): Cases 578, Deaths 31, CFR 5.4%' - interpreted as 578 sCh cases, 31 deaths. Provincial subset - do not sum with national row. Cumulative weeks 1-43 of 2021 (1 Jan - 31 Oct 2021); the national AFR::NGA 2021 calendar-year row (index 11, 111,662/3,604) covers a longer period and is the primary national count. The 33 state rows from this table sum to exactly the printed national cumulative of 99,979 cases and 3,445 deaths, so the parts do not exceed the whole.",AI,2026-09-21,"Superseded by the NCDC Cholera Situation Report for epi week 52 of 2021, which gives the full calendar-year 2021 cumulative state/LGA table (national 111,062/3,604) for exactly the period of the national row index 11. Retaining both the week-43 interim cumulative and the week-52 final for the same state and year would put two overlapping observations of the same unit in the file, which is the double-counting hazard this agent is responsible for preventing. Value preserved in the tombstone and in ./data/NGA/search_log_agent_2.txt."
110,AFR::NGA::Bayelsa,2021-01-01,2021-10-31,15,256,,5.86,2021-11-15,46,NCDC Cholera Situation Report Epi Week 43 2021 State Table,0.9,"Source states: 'Table 5. Summary table for Weekly & Cumulative number of Cholera Cases, for 2021 - Bayelsa, Cumulative (Week 1 - 43): Cases 256, Deaths 15, CFR 5.9%' - interpreted as 256 sCh cases, 15 deaths. Provincial subset - do not sum with national row. Cumulative weeks 1-43 of 2021 (1 Jan - 31 Oct 2021); the national AFR::NGA 2021 calendar-year row (index 11, 111,662/3,604) covers a longer period and is the primary national count. The 33 state rows from this table sum to exactly the printed national cumulative of 99,979 cases and 3,445 deaths, so the parts do not exceed the whole.",AI,2026-09-21,"Superseded by the NCDC Cholera Situation Report for epi week 52 of 2021, which gives the full calendar-year 2021 cumulative state/LGA table (national 111,062/3,604) for exactly the period of the national row index 11. Retaining both the week-43 interim cumulative and the week-52 final for the same state and year would put two overlapping observations of the same unit in the file, which is the double-counting hazard this agent is responsible for preventing. Value preserved in the tombstone and in ./data/NGA/search_log_agent_2.txt."
111,AFR::NGA::Oyo,2021-01-01,2021-10-31,10,200,,5.00,2021-11-15,46,NCDC Cholera Situation Report Epi Week 43 2021 State Table,0.9,"Source states: 'Table 5. Summary table for Weekly & Cumulative number of Cholera Cases, for 2021 - Oyo, Cumulative (Week 1 - 43): Cases 200, Deaths 10, CFR 5.0%' - interpreted as 200 sCh cases, 10 deaths. Provincial subset - do not sum with national row. Cumulative weeks 1-43 of 2021 (1 Jan - 31 Oct 2021); the national AFR::NGA 2021 calendar-year row (index 11, 111,662/3,604) covers a longer period and is the primary national count. The 33 state rows from this table sum to exactly the printed national cumulative of 99,979 cases and 3,445 deaths, so the parts do not exceed the whole.",AI,2026-09-21,"Superseded by the NCDC Cholera Situation Report for epi week 52 of 2021, which gives the full calendar-year 2021 cumulative state/LGA table (national 111,062/3,604) for exactly the period of the national row index 11. Retaining both the week-43 interim cumulative and the week-52 final for the same state and year would put two overlapping observations of the same unit in the file, which is the double-counting hazard this agent is responsible for preventing. Value preserved in the tombstone and in ./data/NGA/search_log_agent_2.txt."
112,AFR::NGA::Kwara,2021-01-01,2021-10-31,35,198,,17.68,2021-11-15,46,NCDC Cholera Situation Report Epi Week 43 2021 State Table,0.7,"Source states: 'Table 5. Summary table for Weekly & Cumulative number of Cholera Cases, for 2021 - Kwara, Cumulative (Week 1 - 43): Cases 198, Deaths 35, CFR 17.7%' - interpreted as 198 sCh cases, 35 deaths. Provincial subset - do not sum with national row. Cumulative weeks 1-43 of 2021 (1 Jan - 31 Oct 2021); the national AFR::NGA 2021 calendar-year row (index 11, 111,662/3,604) covers a longer period and is the primary national count. The 33 state rows from this table sum to exactly the printed national cumulative of 99,979 cases and 3,445 deaths, so the parts do not exceed the whole.",AI,2026-09-21,"Superseded by the NCDC Cholera Situation Report for epi week 52 of 2021, which gives the full calendar-year 2021 cumulative state/LGA table (national 111,062/3,604) for exactly the period of the national row index 11. Retaining both the week-43 interim cumulative and the week-52 final for the same state and year would put two overlapping observations of the same unit in the file, which is the double-counting hazard this agent is responsible for preventing. Value preserved in the tombstone and in ./data/NGA/search_log_agent_2.txt."
113,AFR::NGA::Ebonyi,2021-01-01,2021-10-31,23,175,,13.14,2021-11-15,46,NCDC Cholera Situation Report Epi Week 43 2021 State Table,0.9,"Source states: 'Table 5. Summary table for Weekly & Cumulative number of Cholera Cases, for 2021 - Ebonyi, Cumulative (Week 1 - 43): Cases 175, Deaths 23, CFR 13.1%' - interpreted as 175 sCh cases, 23 deaths. Provincial subset - do not sum with national row. Cumulative weeks 1-43 of 2021 (1 Jan - 31 Oct 2021); the national AFR::NGA 2021 calendar-year row (index 11, 111,662/3,604) covers a longer period and is the primary national count. The 33 state rows from this table sum to exactly the printed national cumulative of 99,979 cases and 3,445 deaths, so the parts do not exceed the whole.",AI,2026-09-21,"Superseded by the NCDC Cholera Situation Report for epi week 52 of 2021, which gives the full calendar-year 2021 cumulative state/LGA table (national 111,062/3,604) for exactly the period of the national row index 11. Retaining both the week-43 interim cumulative and the week-52 final for the same state and year would put two overlapping observations of the same unit in the file, which is the double-counting hazard this agent is responsible for preventing. Value preserved in the tombstone and in ./data/NGA/search_log_agent_2.txt."
114,AFR::NGA::Lagos,2021-01-01,2021-10-31,6,152,,3.95,2021-11-15,46,NCDC Cholera Situation Report Epi Week 43 2021 State Table,0.9,"Source states: 'Table 5. Summary table for Weekly & Cumulative number of Cholera Cases, for 2021 - Lagos, Cumulative (Week 1 - 43): Cases 152, Deaths 6, CFR 3.9%' - interpreted as 152 sCh cases, 6 deaths. Provincial subset - do not sum with national row. Cumulative weeks 1-43 of 2021 (1 Jan - 31 Oct 2021); the national AFR::NGA 2021 calendar-year row (index 11, 111,662/3,604) covers a longer period and is the primary national count. The 33 state rows from this table sum to exactly the printed national cumulative of 99,979 cases and 3,445 deaths, so the parts do not exceed the whole.",AI,2026-09-21,"Superseded by the NCDC Cholera Situation Report for epi week 52 of 2021, which gives the full calendar-year 2021 cumulative state/LGA table (national 111,062/3,604) for exactly the period of the national row index 11. Retaining both the week-43 interim cumulative and the week-52 final for the same state and year would put two overlapping observations of the same unit in the file, which is the double-counting hazard this agent is responsible for preventing. Value preserved in the tombstone and in ./data/NGA/search_log_agent_2.txt."
115,AFR::NGA::Kogi,2021-01-01,2021-10-31,37,151,,24.50,2021-11-15,46,NCDC Cholera Situation Report Epi Week 43 2021 State Table,0.7,"Source states: 'Table 5. Summary table for Weekly & Cumulative number of Cholera Cases, for 2021 - Kogi, Cumulative (Week 1 - 43): Cases 151, Deaths 37, CFR 24.5%' - interpreted as 151 sCh cases, 37 deaths. Provincial subset - do not sum with national row. Cumulative weeks 1-43 of 2021 (1 Jan - 31 Oct 2021); the national AFR::NGA 2021 calendar-year row (index 11, 111,662/3,604) covers a longer period and is the primary national count. The 33 state rows from this table sum to exactly the printed national cumulative of 99,979 cases and 3,445 deaths, so the parts do not exceed the whole.",AI,2026-09-21,"Superseded by the NCDC Cholera Situation Report for epi week 52 of 2021, which gives the full calendar-year 2021 cumulative state/LGA table (national 111,062/3,604) for exactly the period of the national row index 11. Retaining both the week-43 interim cumulative and the week-52 final for the same state and year would put two overlapping observations of the same unit in the file, which is the double-counting hazard this agent is responsible for preventing. Value preserved in the tombstone and in ./data/NGA/search_log_agent_2.txt."
116,AFR::NGA::Enugu,2021-01-01,2021-10-31,13,127,,10.24,2021-11-15,46,NCDC Cholera Situation Report Epi Week 43 2021 State Table,0.9,"Source states: 'Table 5. Summary table for Weekly & Cumulative number of Cholera Cases, for 2021 - Enugu, Cumulative (Week 1 - 43): Cases 127, Deaths 13, CFR 10.2%' - interpreted as 127 sCh cases, 13 deaths. Provincial subset - do not sum with national row. Cumulative weeks 1-43 of 2021 (1 Jan - 31 Oct 2021); the national AFR::NGA 2021 calendar-year row (index 11, 111,662/3,604) covers a longer period and is the primary national count. The 33 state rows from this table sum to exactly the printed national cumulative of 99,979 cases and 3,445 deaths, so the parts do not exceed the whole.",AI,2026-09-21,"Superseded by the NCDC Cholera Situation Report for epi week 52 of 2021, which gives the full calendar-year 2021 cumulative state/LGA table (national 111,062/3,604) for exactly the period of the national row index 11. Retaining both the week-43 interim cumulative and the week-52 final for the same state and year would put two overlapping observations of the same unit in the file, which is the double-counting hazard this agent is responsible for preventing. Value preserved in the tombstone and in ./data/NGA/search_log_agent_2.txt."
117,AFR::NGA::Taraba,2021-01-01,2021-10-31,22,119,,18.49,2021-11-15,46,NCDC Cholera Situation Report Epi Week 43 2021 State Table,0.7,"Source states: 'Table 5. Summary table for Weekly & Cumulative number of Cholera Cases, for 2021 - Taraba, Cumulative (Week 1 - 43): Cases 119, Deaths 22, CFR 18.5%' - interpreted as 119 sCh cases, 22 deaths. Provincial subset - do not sum with national row. Cumulative weeks 1-43 of 2021 (1 Jan - 31 Oct 2021); the national AFR::NGA 2021 calendar-year row (index 11, 111,662/3,604) covers a longer period and is the primary national count. The 33 state rows from this table sum to exactly the printed national cumulative of 99,979 cases and 3,445 deaths, so the parts do not exceed the whole.",AI,2026-09-21,"Superseded by the NCDC Cholera Situation Report for epi week 52 of 2021, which gives the full calendar-year 2021 cumulative state/LGA table (national 111,062/3,604) for exactly the period of the national row index 11. Retaining both the week-43 interim cumulative and the week-52 final for the same state and year would put two overlapping observations of the same unit in the file, which is the double-counting hazard this agent is responsible for preventing. Value preserved in the tombstone and in ./data/NGA/search_log_agent_2.txt."
118,AFR::NGA::Ogun,2021-01-01,2021-10-31,16,103,,15.53,2021-11-15,46,NCDC Cholera Situation Report Epi Week 43 2021 State Table,0.7,"Source states: 'Table 5. Summary table for Weekly & Cumulative number of Cholera Cases, for 2021 - Ogun, Cumulative (Week 1 - 43): Cases 103, Deaths 16, CFR 15.5%' - interpreted as 103 sCh cases, 16 deaths. Provincial subset - do not sum with national row. Cumulative weeks 1-43 of 2021 (1 Jan - 31 Oct 2021); the national AFR::NGA 2021 calendar-year row (index 11, 111,662/3,604) covers a longer period and is the primary national count. The 33 state rows from this table sum to exactly the printed national cumulative of 99,979 cases and 3,445 deaths, so the parts do not exceed the whole.",AI,2026-09-21,"Superseded by the NCDC Cholera Situation Report for epi week 52 of 2021, which gives the full calendar-year 2021 cumulative state/LGA table (national 111,062/3,604) for exactly the period of the national row index 11. Retaining both the week-43 interim cumulative and the week-52 final for the same state and year would put two overlapping observations of the same unit in the file, which is the double-counting hazard this agent is responsible for preventing. Value preserved in the tombstone and in ./data/NGA/search_log_agent_2.txt."
119,AFR::NGA::Abia,2021-01-01,2021-10-31,3,89,,3.37,2021-11-15,46,NCDC Cholera Situation Report Epi Week 43 2021 State Table,0.9,"Source states: 'Table 5. Summary table for Weekly & Cumulative number of Cholera Cases, for 2021 - Abia, Cumulative (Week 1 - 43): Cases 89, Deaths 3, CFR 3.4%' - interpreted as 89 sCh cases, 3 deaths. Provincial subset - do not sum with national row. Cumulative weeks 1-43 of 2021 (1 Jan - 31 Oct 2021); the national AFR::NGA 2021 calendar-year row (index 11, 111,662/3,604) covers a longer period and is the primary national count. The 33 state rows from this table sum to exactly the printed national cumulative of 99,979 cases and 3,445 deaths, so the parts do not exceed the whole.",AI,2026-09-21,"Superseded by the NCDC Cholera Situation Report for epi week 52 of 2021, which gives the full calendar-year 2021 cumulative state/LGA table (national 111,062/3,604) for exactly the period of the national row index 11. Retaining both the week-43 interim cumulative and the week-52 final for the same state and year would put two overlapping observations of the same unit in the file, which is the double-counting hazard this agent is responsible for preventing. Value preserved in the tombstone and in ./data/NGA/search_log_agent_2.txt."
120,AFR::NGA::Cross_River,2021-01-01,2021-10-31,1,65,,1.54,2021-11-15,46,NCDC Cholera Situation Report Epi Week 43 2021 State Table,0.9,"Source states: 'Table 5. Summary table for Weekly & Cumulative number of Cholera Cases, for 2021 - Cross River, Cumulative (Week 1 - 43): Cases 65, Deaths 1, CFR 1.5%' - interpreted as 65 sCh cases, 1 deaths. Provincial subset - do not sum with national row. Cumulative weeks 1-43 of 2021 (1 Jan - 31 Oct 2021); the national AFR::NGA 2021 calendar-year row (index 11, 111,662/3,604) covers a longer period and is the primary national count. The 33 state rows from this table sum to exactly the printed national cumulative of 99,979 cases and 3,445 deaths, so the parts do not exceed the whole.",AI,2026-09-21,"Superseded by the NCDC Cholera Situation Report for epi week 52 of 2021, which gives the full calendar-year 2021 cumulative state/LGA table (national 111,062/3,604) for exactly the period of the national row index 11. Retaining both the week-43 interim cumulative and the week-52 final for the same state and year would put two overlapping observations of the same unit in the file, which is the double-counting hazard this agent is responsible for preventing. Value preserved in the tombstone and in ./data/NGA/search_log_agent_2.txt."
121,AFR::NGA::Rivers,2021-01-01,2021-10-31,0,46,,0.00,2021-11-15,46,NCDC Cholera Situation Report Epi Week 43 2021 State Table,0.9,"Source states: 'Table 5. Summary table for Weekly & Cumulative number of Cholera Cases, for 2021 - Rivers, Cumulative (Week 1 - 43): Cases 46, Deaths 0, CFR 0.0%' - interpreted as 46 sCh cases, 0 deaths. Provincial subset - do not sum with national row. Cumulative weeks 1-43 of 2021 (1 Jan - 31 Oct 2021); the national AFR::NGA 2021 calendar-year row (index 11, 111,662/3,604) covers a longer period and is the primary national count. The 33 state rows from this table sum to exactly the printed national cumulative of 99,979 cases and 3,445 deaths, so the parts do not exceed the whole.",AI,2026-09-21,"Superseded by the NCDC Cholera Situation Report for epi week 52 of 2021, which gives the full calendar-year 2021 cumulative state/LGA table (national 111,062/3,604) for exactly the period of the national row index 11. Retaining both the week-43 interim cumulative and the week-52 final for the same state and year would put two overlapping observations of the same unit in the file, which is the double-counting hazard this agent is responsible for preventing. Value preserved in the tombstone and in ./data/NGA/search_log_agent_2.txt."
122,AFR::NGA::Osun,2021-01-01,2021-10-31,2,16,,12.50,2021-11-15,46,NCDC Cholera Situation Report Epi Week 43 2021 State Table,0.9,"Source states: 'Table 5. Summary table for Weekly & Cumulative number of Cholera Cases, for 2021 - Osun, Cumulative (Week 1 - 43): Cases 16, Deaths 2, CFR 12.5%' - interpreted as 16 sCh cases, 2 deaths. Provincial subset - do not sum with national row. Cumulative weeks 1-43 of 2021 (1 Jan - 31 Oct 2021); the national AFR::NGA 2021 calendar-year row (index 11, 111,662/3,604) covers a longer period and is the primary national count. The 33 state rows from this table sum to exactly the printed national cumulative of 99,979 cases and 3,445 deaths, so the parts do not exceed the whole.",AI,2026-09-21,"Superseded by the NCDC Cholera Situation Report for epi week 52 of 2021, which gives the full calendar-year 2021 cumulative state/LGA table (national 111,062/3,604) for exactly the period of the national row index 11. Retaining both the week-43 interim cumulative and the week-52 final for the same state and year would put two overlapping observations of the same unit in the file, which is the double-counting hazard this agent is responsible for preventing. Value preserved in the tombstone and in ./data/NGA/search_log_agent_2.txt."
123,AFR::NGA::Ondo,2021-01-01,2021-10-31,1,11,,9.09,2021-11-15,46,NCDC Cholera Situation Report Epi Week 43 2021 State Table,0.9,"Source states: 'Table 5. Summary table for Weekly & Cumulative number of Cholera Cases, for 2021 - Ondo, Cumulative (Week 1 - 43): Cases 11, Deaths 1, CFR 9.1%' - interpreted as 11 sCh cases, 1 deaths. Provincial subset - do not sum with national row. Cumulative weeks 1-43 of 2021 (1 Jan - 31 Oct 2021); the national AFR::NGA 2021 calendar-year row (index 11, 111,662/3,604) covers a longer period and is the primary national count. The 33 state rows from this table sum to exactly the printed national cumulative of 99,979 cases and 3,445 deaths, so the parts do not exceed the whole.",AI,2026-09-21,"Superseded by the NCDC Cholera Situation Report for epi week 52 of 2021, which gives the full calendar-year 2021 cumulative state/LGA table (national 111,062/3,604) for exactly the period of the national row index 11. Retaining both the week-43 interim cumulative and the week-52 final for the same state and year would put two overlapping observations of the same unit in the file, which is the double-counting hazard this agent is responsible for preventing. Value preserved in the tombstone and in ./data/NGA/search_log_agent_2.txt."
124,AFR::NGA::Ekiti,2021-01-01,2021-10-31,3,11,,27.27,2021-11-15,46,NCDC Cholera Situation Report Epi Week 43 2021 State Table,0.7,"Source states: 'Table 5. Summary table for Weekly & Cumulative number of Cholera Cases, for 2021 - Ekiti, Cumulative (Week 1 - 43): Cases 11, Deaths 3, CFR 27.3%' - interpreted as 11 sCh cases, 3 deaths. Provincial subset - do not sum with national row. Cumulative weeks 1-43 of 2021 (1 Jan - 31 Oct 2021); the national AFR::NGA 2021 calendar-year row (index 11, 111,662/3,604) covers a longer period and is the primary national count. The 33 state rows from this table sum to exactly the printed national cumulative of 99,979 cases and 3,445 deaths, so the parts do not exceed the whole.",AI,2026-09-21,"Superseded by the NCDC Cholera Situation Report for epi week 52 of 2021, which gives the full calendar-year 2021 cumulative state/LGA table (national 111,062/3,604) for exactly the period of the national row index 11. Retaining both the week-43 interim cumulative and the week-52 final for the same state and year would put two overlapping observations of the same unit in the file, which is the double-counting hazard this agent is responsible for preventing. Value preserved in the tombstone and in ./data/NGA/search_log_agent_2.txt."
125,AFR::NGA::Bauchi::Bauchi,2021-01-01,2021-10-31,,9336,,,2021-11-15,46,NCDC Cholera Situation Report Epi Week 43 2021 State Table,0.9,"Source states: 'Table 4: Top 15 Local Government Areas (LGAs) in cumulative cases - No 1, LGA Bauchi, State Bauchi, Cases 9,336' - interpreted as 9336 sCh cases. Provincial subset - do not sum with national row. District-level subset of the Bauchi state row for the same period and of the national 2021 row (index 11). Cumulative weeks 1-43 of 2021. Table 4 lists only the top 15 LGAs, so these do not exhaust the state totals; the listed Bauchi LGAs sum to 13,639, within the Bauchi state cumulative. Deaths are not reported by LGA in this table and are left empty rather than apportioned.",AI,2026-09-21,"Superseded by the NCDC Cholera Situation Report for epi week 52 of 2021, which gives the full calendar-year 2021 cumulative state/LGA table (national 111,062/3,604) for exactly the period of the national row index 11. Retaining both the week-43 interim cumulative and the week-52 final for the same state and year would put two overlapping observations of the same unit in the file, which is the double-counting hazard this agent is responsible for preventing. Value preserved in the tombstone and in ./data/NGA/search_log_agent_2.txt."
128,AFR::NGA::Zamfara::Zurmi,2021-01-01,2021-10-31,,2855,,,2021-11-15,46,NCDC Cholera Situation Report Epi Week 43 2021 State Table,0.9,"Source states: 'Table 4: Top 15 Local Government Areas (LGAs) in cumulative cases - No 4, LGA Zurmi, State Zamfara, Cases 2,855' - interpreted as 2855 sCh cases. Provincial subset - do not sum with national row. District-level subset of the Zamfara state row for the same period and of the national 2021 row (index 11). Cumulative weeks 1-43 of 2021. Table 4 lists only the top 15 LGAs, so these do not exhaust the state totals; the listed Zamfara LGAs sum to 9,119, within the Zamfara state cumulative. Deaths are not reported by LGA in this table and are left empty rather than apportioned.",AI,2026-09-21,"Superseded by the NCDC Cholera Situation Report for epi week 52 of 2021, which gives the full calendar-year 2021 cumulative state/LGA table (national 111,062/3,604) for exactly the period of the national row index 11. Retaining both the week-43 interim cumulative and the week-52 final for the same state and year would put two overlapping observations of the same unit in the file, which is the double-counting hazard this agent is responsible for preventing. Value preserved in the tombstone and in ./data/NGA/search_log_agent_2.txt."
129,AFR::NGA::Zamfara::Shinkafi,2021-01-01,2021-10-31,,2152,,,2021-11-15,46,NCDC Cholera Situation Report Epi Week 43 2021 State Table,0.9,"Source states: 'Table 4: Top 15 Local Government Areas (LGAs) in cumulative cases - No 5, LGA Shinkafi, State Zamfara, Cases 2,152' - interpreted as 2152 sCh cases. Provincial subset - do not sum with national row. District-level subset of the Zamfara state row for the same period and of the national 2021 row (index 11). Cumulative weeks 1-43 of 2021. Table 4 lists only the top 15 LGAs, so these do not exhaust the state totals; the listed Zamfara LGAs sum to 9,119, within the Zamfara state cumulative. Deaths are not reported by LGA in this table and are left empty rather than apportioned.",AI,2026-09-21,"Superseded by the NCDC Cholera Situation Report for epi week 52 of 2021, which gives the full calendar-year 2021 cumulative state/LGA table (national 111,062/3,604) for exactly the period of the national row index 11. Retaining both the week-43 interim cumulative and the week-52 final for the same state and year would put two overlapping observations of the same unit in the file, which is the double-counting hazard this agent is responsible for preventing. Value preserved in the tombstone and in ./data/NGA/search_log_agent_2.txt."
130,AFR::NGA::Zamfara::Anka,2021-01-01,2021-10-31,,2100,,,2021-11-15,46,NCDC Cholera Situation Report Epi Week 43 2021 State Table,0.9,"Source states: 'Table 4: Top 15 Local Government Areas (LGAs) in cumulative cases - No 6, LGA Anka, State Zamfara, Cases 2,100' - interpreted as 2100 sCh cases. Provincial subset - do not sum with national row. District-level subset of the Zamfara state row for the same period and of the national 2021 row (index 11). Cumulative weeks 1-43 of 2021. Table 4 lists only the top 15 LGAs, so these do not exhaust the state totals; the listed Zamfara LGAs sum to 9,119, within the Zamfara state cumulative. Deaths are not reported by LGA in this table and are left empty rather than apportioned.",AI,2026-09-21,"Superseded by the NCDC Cholera Situation Report for epi week 52 of 2021, which gives the full calendar-year 2021 cumulative state/LGA table (national 111,062/3,604) for exactly the period of the national row index 11. Retaining both the week-43 interim cumulative and the week-52 final for the same state and year would put two overlapping observations of the same unit in the file, which is the double-counting hazard this agent is responsible for preventing. Value preserved in the tombstone and in ./data/NGA/search_log_agent_2.txt."
131,AFR::NGA::Zamfara::Gusau,2021-01-01,2021-10-31,,2012,,,2021-11-15,46,NCDC Cholera Situation Report Epi Week 43 2021 State Table,0.9,"Source states: 'Table 4: Top 15 Local Government Areas (LGAs) in cumulative cases - No 7, LGA Gusau, State Zamfara, Cases 2,012' - interpreted as 2012 sCh cases. Provincial subset - do not sum with national row. District-level subset of the Zamfara state row for the same period and of the national 2021 row (index 11). Cumulative weeks 1-43 of 2021. Table 4 lists only the top 15 LGAs, so these do not exhaust the state totals; the listed Zamfara LGAs sum to 9,119, within the Zamfara state cumulative. Deaths are not reported by LGA in this table and are left empty rather than apportioned.",AI,2026-09-21,"Superseded by the NCDC Cholera Situation Report for epi week 52 of 2021, which gives the full calendar-year 2021 cumulative state/LGA table (national 111,062/3,604) for exactly the period of the national row index 11. Retaining both the week-43 interim cumulative and the week-52 final for the same state and year would put two overlapping observations of the same unit in the file, which is the double-counting hazard this agent is responsible for preventing. Value preserved in the tombstone and in ./data/NGA/search_log_agent_2.txt."
132,AFR::NGA::Katsina::Funtua,2021-01-01,2021-10-31,,1959,,,2021-11-15,46,NCDC Cholera Situation Report Epi Week 43 2021 State Table,0.9,"Source states: 'Table 4: Top 15 Local Government Areas (LGAs) in cumulative cases - No 8, LGA Funtua, State Katsina, Cases 1,959' - interpreted as 1959 sCh cases. Provincial subset - do not sum with national row. District-level subset of the Katsina state row for the same period and of the national 2021 row (index 11). Cumulative weeks 1-43 of 2021. Table 4 lists only the top 15 LGAs, so these do not exhaust the state totals; the listed Katsina LGAs sum to 1,959, within the Katsina state cumulative. Deaths are not reported by LGA in this table and are left empty rather than apportioned.",AI,2026-09-21,"Superseded by the NCDC Cholera Situation Report for epi week 52 of 2021, which gives the full calendar-year 2021 cumulative state/LGA table (national 111,062/3,604) for exactly the period of the national row index 11. Retaining both the week-43 interim cumulative and the week-52 final for the same state and year would put two overlapping observations of the same unit in the file, which is the double-counting hazard this agent is responsible for preventing. Value preserved in the tombstone and in ./data/NGA/search_log_agent_2.txt."
133,AFR::NGA::Kano::Sumaila,2021-01-01,2021-10-31,,1923,,,2021-11-15,46,NCDC Cholera Situation Report Epi Week 43 2021 State Table,0.9,"Source states: 'Table 4: Top 15 Local Government Areas (LGAs) in cumulative cases - No 9, LGA Sumaila, State Kano, Cases 1,923' - interpreted as 1923 sCh cases. Provincial subset - do not sum with national row. District-level subset of the Kano state row for the same period and of the national 2021 row (index 11). Cumulative weeks 1-43 of 2021. Table 4 lists only the top 15 LGAs, so these do not exhaust the state totals; the listed Kano LGAs sum to 1,923, within the Kano state cumulative. Deaths are not reported by LGA in this table and are left empty rather than apportioned.",AI,2026-09-21,"Superseded by the NCDC Cholera Situation Report for epi week 52 of 2021, which gives the full calendar-year 2021 cumulative state/LGA table (national 111,062/3,604) for exactly the period of the national row index 11. Retaining both the week-43 interim cumulative and the week-52 final for the same state and year would put two overlapping observations of the same unit in the file, which is the double-counting hazard this agent is responsible for preventing. Value preserved in the tombstone and in ./data/NGA/search_log_agent_2.txt."
134,AFR::NGA::Bauchi::Toro,2021-01-01,2021-10-31,,1911,,,2021-11-15,46,NCDC Cholera Situation Report Epi Week 43 2021 State Table,0.9,"Source states: 'Table 4: Top 15 Local Government Areas (LGAs) in cumulative cases - No 10, LGA Toro, State Bauchi, Cases 1,911' - interpreted as 1911 sCh cases. Provincial subset - do not sum with national row. District-level subset of the Bauchi state row for the same period and of the national 2021 row (index 11). Cumulative weeks 1-43 of 2021. Table 4 lists only the top 15 LGAs, so these do not exhaust the state totals; the listed Bauchi LGAs sum to 13,639, within the Bauchi state cumulative. Deaths are not reported by LGA in this table and are left empty rather than apportioned.",AI,2026-09-21,"Superseded by the NCDC Cholera Situation Report for epi week 52 of 2021, which gives the full calendar-year 2021 cumulative state/LGA table (national 111,062/3,604) for exactly the period of the national row index 11. Retaining both the week-43 interim cumulative and the week-52 final for the same state and year would put two overlapping observations of the same unit in the file, which is the double-counting hazard this agent is responsible for preventing. Value preserved in the tombstone and in ./data/NGA/search_log_agent_2.txt."
135,AFR::NGA::Bauchi::Ganjuwa,2021-01-01,2021-10-31,,1311,,,2021-11-15,46,NCDC Cholera Situation Report Epi Week 43 2021 State Table,0.9,"Source states: 'Table 4: Top 15 Local Government Areas (LGAs) in cumulative cases - No 11, LGA Ganjuwa, State Bauchi, Cases 1,311' - interpreted as 1311 sCh cases. Provincial subset - do not sum with national row. District-level subset of the Bauchi state row for the same period and of the national 2021 row (index 11). Cumulative weeks 1-43 of 2021. Table 4 lists only the top 15 LGAs, so these do not exhaust the state totals; the listed Bauchi LGAs sum to 13,639, within the Bauchi state cumulative. Deaths are not reported by LGA in this table and are left empty rather than apportioned.",AI,2026-09-21,"Superseded by the NCDC Cholera Situation Report for epi week 52 of 2021, which gives the full calendar-year 2021 cumulative state/LGA table (national 111,062/3,604) for exactly the period of the national row index 11. Retaining both the week-43 interim cumulative and the week-52 final for the same state and year would put two overlapping observations of the same unit in the file, which is the double-counting hazard this agent is responsible for preventing. Value preserved in the tombstone and in ./data/NGA/search_log_agent_2.txt."
136,AFR::NGA::Bauchi::Tafawa_Balewa,2021-01-01,2021-10-31,,1081,,,2021-11-15,46,NCDC Cholera Situation Report Epi Week 43 2021 State Table,0.9,"Source states: 'Table 4: Top 15 Local Government Areas (LGAs) in cumulative cases - No 12, LGA Tafawa Balewa, State Bauchi, Cases 1,081' - interpreted as 1081 sCh cases. Provincial subset - do not sum with national row. District-level subset of the Bauchi state row for the same period and of the national 2021 row (index 11). Cumulative weeks 1-43 of 2021. Table 4 lists only the top 15 LGAs, so these do not exhaust the state totals; the listed Bauchi LGAs sum to 13,639, within the Bauchi state cumulative. Deaths are not reported by LGA in this table and are left empty rather than apportioned.",AI,2026-09-21,"Superseded by the NCDC Cholera Situation Report for epi week 52 of 2021, which gives the full calendar-year 2021 cumulative state/LGA table (national 111,062/3,604) for exactly the period of the national row index 11. Retaining both the week-43 interim cumulative and the week-52 final for the same state and year would put two overlapping observations of the same unit in the file, which is the double-counting hazard this agent is responsible for preventing. Value preserved in the tombstone and in ./data/NGA/search_log_agent_2.txt."
138,AFR::NGA::Sokoto::Gwadabawa,2021-01-01,2021-10-31,,969,,,2021-11-15,46,NCDC Cholera Situation Report Epi Week 43 2021 State Table,0.9,"Source states: 'Table 4: Top 15 Local Government Areas (LGAs) in cumulative cases - No 14, LGA Gwadabawa, State Sokoto, Cases 969' - interpreted as 969 sCh cases. Provincial subset - do not sum with national row. District-level subset of the Sokoto state row for the same period and of the national 2021 row (index 11). Cumulative weeks 1-43 of 2021. Table 4 lists only the top 15 LGAs, so these do not exhaust the state totals; the listed Sokoto LGAs sum to 1,927, within the Sokoto state cumulative. Deaths are not reported by LGA in this table and are left empty rather than apportioned.",AI,2026-09-21,"Superseded by the NCDC Cholera Situation Report for epi week 52 of 2021, which gives the full calendar-year 2021 cumulative state/LGA table (national 111,062/3,604) for exactly the period of the national row index 11. Retaining both the week-43 interim cumulative and the week-52 final for the same state and year would put two overlapping observations of the same unit in the file, which is the double-counting hazard this agent is responsible for preventing. Value preserved in the tombstone and in ./data/NGA/search_log_agent_2.txt."
139,AFR::NGA::Sokoto::Dange-Shuni,2021-01-01,2021-10-31,,958,,,2021-11-15,46,NCDC Cholera Situation Report Epi Week 43 2021 State Table,0.9,"Source states: 'Table 4: Top 15 Local Government Areas (LGAs) in cumulative cases - No 15, LGA Dange-Shuni, State Sokoto, Cases 958' - interpreted as 958 sCh cases. Provincial subset - do not sum with national row. District-level subset of the Sokoto state row for the same period and of the national 2021 row (index 11). Cumulative weeks 1-43 of 2021. Table 4 lists only the top 15 LGAs, so these do not exhaust the state totals; the listed Sokoto LGAs sum to 1,927, within the Sokoto state cumulative. Deaths are not reported by LGA in this table and are left empty rather than apportioned.",AI,2026-09-21,"Superseded by the NCDC Cholera Situation Report for epi week 52 of 2021, which gives the full calendar-year 2021 cumulative state/LGA table (national 111,062/3,604) for exactly the period of the national row index 11. Retaining both the week-43 interim cumulative and the week-52 final for the same state and year would put two overlapping observations of the same unit in the file, which is the double-counting hazard this agent is responsible for preventing. Value preserved in the tombstone and in ./data/NGA/search_log_agent_2.txt."
401,AFR::NGA::Oyo,1996-01-01,1996-01-01,92,1384,,6.65,1996-01-01,58,Charnley et al. 2022 BMC Infectious Diseases Nigeria Sub-National Cholera Dataset,0.6,"Source states: 'Charnley et al. NGA-Table 1, entry NGA96-1-1-1: Year 1996, Date 1996-01-01, State Oyo, Cases 1,384, Deaths 92' - interpreted as 1384 sCh cases, 92 deaths. Provincial subset - do not sum with national row. Sub-national event record compiled in a peer-reviewed open dataset from a named primary reference; NOT an official annual state total and NOT part of an exhaustive partition of 1996. Where the dataset holds several dated reports for this state-year, the largest cumulative value is used and the full snapshot series is recorded here: [1996-01-01: 1384 cases/92 deaths]. WHO Global Health Observatory gives Nigeria 12,374 cases nationally in 1996, so this sub-national value is 11.2% of the national total and the part does not exceed the whole. TL is set to the first day of the month of the earliest report for this state-year because the dataset gives report dates, not onset dates, so the true onset may be earlier. Primary reference for the value used: Lawoyin, T.O., Ogunbodede, N.A., Olumide, E.A.A. and Onadeko, M.O., 1999. Outbreak of chol. Charnley entry ID NGA96-1-1-1. SCREENING APPLIED to every row taken from this dataset: rows with no case count, with deaths exceeding cases, with an implied CFR above 50%, or with a value at or above 90% of the WHO national total for that year (a mis-attributed-national-figure test that caught Bauchi 2014 = 35,996, exactly Nigeria's national 2014 figure, and Rivers/Andoni 2015 = 10,903 against a national 5,290) were rejected.",AI,2026-09-21,"Duplicate of index 3 at coarser geography. Index 3 already holds this same Lawoyin et al. 1999 Ibadan outbreak as AFR::NGA::Oyo::Ibadan 1996, 1,384 cases; the Charnley entry NGA96-1-1-1 is the same study and the same 1,384 cases, so a state-level copy would double-count. The one substantive difference, 92 deaths here against 73 in index 3, has been appended to index 3 instead."
534,AFR::NGA::Katsina::Sabuwa,2023-01-01,2023-07-30,,34,,,2023-07-30,64,NCDC Cholera Situation Report Epi Week 30 2023 (LGA table),0.9,"Source states: 'Table 5: Top 15 Local Government Areas (LGAs) in cumulative cases - No 14, LGA Sabuwa, State Katsina, Cases 34' - interpreted as 34 sCh cases. Provincial subset - do not sum with national row. District-level subset of the Katsina 2023 state row and of the national 2023 total. Cumulative Week 1 - 30 of 2023. NCDC re-ranks its top-N LGA table every issue, so an LGA can vanish from a later table without its count falling; only LGAs absent from the latest 2023 issue are taken here, so there is no duplication with the year-end LGA rows. The listed Katsina LGAs in this issue sum to 71 against a Katsina state total of 343. Deaths are not reported by LGA in this table and are left empty rather than apportioned. Mid-season LGAs absent from the week-52 top fourteen. State totals compared against are the full-year week-52 values.",AI,2026-09-21,"Agent 2 self-correction: this row was added from the NCDC week-30 2023 LGA table on the stated ground that Sabuwa (Katsina) was absent from the week-52 2023 top-14 table. That was wrong - Sabuwa IS in the week-52 table at position 9 with 68 cases, and is already in the file at index 346. This row duplicated the same LGA-year at a lower, earlier value."
1067,AFR::NGA,2026-01-05,2026-01-11,5,160,,3.12,2026-09-21,44,WHO Global Cholera and AWD Dashboard cholera_adm0_week Feature Service,0.95,"Source states: 'WHO Global Cholera and AWD Dashboard, cholera_adm0_week FeatureServer record: adm0_name=NIGERIA, iso_3_code=NGA, epiyr=2026, epiwk=1, date_wk=2026-01-05 (week start), cases=160, deaths=5, cum_case=52737, cum_death=1412' - interpreted as 160 sCh cases, 5 deaths. WHO national weekly record for 2026 epi week 1, previously unextracted: Agent 1 harvested only weeks 20-33 of this series, leaving weeks 1-19 of 2026 with no weekly resolution in this file. Dating follows WHO's own convention - date_wk is the week START, confirmed by the companion service cholera_report_period, which gives NIGERIA's reporting period as 2023-01-02 to 2026-08-23 (2023 epi week 1 date_wk 2023-01-02 is a Monday; 2026-08-23 is the last day of epi week 33, whose date_wk is 2026-08-17). DOUBLE-COUNTING NOTE: this is a WEEKLY INCREMENT at national level and must not be summed with the cumulative 2026 national rows already in this file (Index 36, 2026-01-01..2026-06-30, 26,848 cases from UNICEF; Index 41, 2026-01-01..2026-08-28, 65,000 cases from NCDC). The 33 WHO weekly increments for 2026 sum to about 66,200, consistent with NCDC's 65,690 to mid-August. CONFLICT NOTE: the low-confidence source-34 rows (Index 44-54, NCDC Weekly Epidemiological Report, confidence 0.4) report far smaller figures for overlapping weeks (for example 34 cases for 2026-05-18..05-24 against WHO's 1,190); that discrepancy is unresolved and is flagged for the cross-reference agent.",AI,2026-09-21,"DUPLICATION SCREEN (Agent 3, self-retraction): this week is already covered by the WHO baseline layer ./data/NGA/cholera_data_who.csv, which holds 18 national weekly rows for 2026 spanning 2026-01-05..2026-05-10 on exactly these week windows. Per CLAUDE.md the AI layer fills gaps and must not re-ingest baseline coverage. Retained only 2026 epi week 19 (2026-05-11..2026-05-17, Index 1085), which the baseline does not reach and which the re-dated Agent 1 rows no longer cover. NOTE FOR THE BASELINE REFRESH: the WHO baseline snapshot and the live cholera_adm0_week service now disagree materially on these same weeks (baseline 2026-01-05..01-11 = 101 cases vs live 160; baseline 2026-04-27..05-03 = 855 vs live 56), so WHO has revised this series since the snapshot was taken; that is a baseline-refresh issue, not something the AI layer should paper over."
1068,AFR::NGA,2026-01-12,2026-01-18,2,130,,1.54,2026-09-21,44,WHO Global Cholera and AWD Dashboard cholera_adm0_week Feature Service,0.95,"Source states: 'WHO Global Cholera and AWD Dashboard, cholera_adm0_week FeatureServer record: adm0_name=NIGERIA, iso_3_code=NGA, epiyr=2026, epiwk=2, date_wk=2026-01-12 (week start), cases=130, deaths=2, cum_case=52867, cum_death=1414' - interpreted as 130 sCh cases, 2 deaths. WHO national weekly record for 2026 epi week 2, previously unextracted: Agent 1 harvested only weeks 20-33 of this series, leaving weeks 1-19 of 2026 with no weekly resolution in this file. Dating follows WHO's own convention - date_wk is the week START, confirmed by the companion service cholera_report_period, which gives NIGERIA's reporting period as 2023-01-02 to 2026-08-23 (2023 epi week 1 date_wk 2023-01-02 is a Monday; 2026-08-23 is the last day of epi week 33, whose date_wk is 2026-08-17). DOUBLE-COUNTING NOTE: this is a WEEKLY INCREMENT at national level and must not be summed with the cumulative 2026 national rows already in this file (Index 36, 2026-01-01..2026-06-30, 26,848 cases from UNICEF; Index 41, 2026-01-01..2026-08-28, 65,000 cases from NCDC). The 33 WHO weekly increments for 2026 sum to about 66,200, consistent with NCDC's 65,690 to mid-August. CONFLICT NOTE: the low-confidence source-34 rows (Index 44-54, NCDC Weekly Epidemiological Report, confidence 0.4) report far smaller figures for overlapping weeks (for example 34 cases for 2026-05-18..05-24 against WHO's 1,190); that discrepancy is unresolved and is flagged for the cross-reference agent.",AI,2026-09-21,"DUPLICATION SCREEN (Agent 3, self-retraction): this week is already covered by the WHO baseline layer ./data/NGA/cholera_data_who.csv, which holds 18 national weekly rows for 2026 spanning 2026-01-05..2026-05-10 on exactly these week windows. Per CLAUDE.md the AI layer fills gaps and must not re-ingest baseline coverage. Retained only 2026 epi week 19 (2026-05-11..2026-05-17, Index 1085), which the baseline does not reach and which the re-dated Agent 1 rows no longer cover. NOTE FOR THE BASELINE REFRESH: the WHO baseline snapshot and the live cholera_adm0_week service now disagree materially on these same weeks (baseline 2026-01-05..01-11 = 101 cases vs live 160; baseline 2026-04-27..05-03 = 855 vs live 56), so WHO has revised this series since the snapshot was taken; that is a baseline-refresh issue, not something the AI layer should paper over."
1069,AFR::NGA,2026-01-19,2026-01-25,2,175,,1.14,2026-09-21,44,WHO Global Cholera and AWD Dashboard cholera_adm0_week Feature Service,0.95,"Source states: 'WHO Global Cholera and AWD Dashboard, cholera_adm0_week FeatureServer record: adm0_name=NIGERIA, iso_3_code=NGA, epiyr=2026, epiwk=3, date_wk=2026-01-19 (week start), cases=175, deaths=2, cum_case=53042, cum_death=1416' - interpreted as 175 sCh cases, 2 deaths. WHO national weekly record for 2026 epi week 3, previously unextracted: Agent 1 harvested only weeks 20-33 of this series, leaving weeks 1-19 of 2026 with no weekly resolution in this file. Dating follows WHO's own convention - date_wk is the week START, confirmed by the companion service cholera_report_period, which gives NIGERIA's reporting period as 2023-01-02 to 2026-08-23 (2023 epi week 1 date_wk 2023-01-02 is a Monday; 2026-08-23 is the last day of epi week 33, whose date_wk is 2026-08-17). DOUBLE-COUNTING NOTE: this is a WEEKLY INCREMENT at national level and must not be summed with the cumulative 2026 national rows already in this file (Index 36, 2026-01-01..2026-06-30, 26,848 cases from UNICEF; Index 41, 2026-01-01..2026-08-28, 65,000 cases from NCDC). The 33 WHO weekly increments for 2026 sum to about 66,200, consistent with NCDC's 65,690 to mid-August. CONFLICT NOTE: the low-confidence source-34 rows (Index 44-54, NCDC Weekly Epidemiological Report, confidence 0.4) report far smaller figures for overlapping weeks (for example 34 cases for 2026-05-18..05-24 against WHO's 1,190); that discrepancy is unresolved and is flagged for the cross-reference agent.",AI,2026-09-21,"DUPLICATION SCREEN (Agent 3, self-retraction): this week is already covered by the WHO baseline layer ./data/NGA/cholera_data_who.csv, which holds 18 national weekly rows for 2026 spanning 2026-01-05..2026-05-10 on exactly these week windows. Per CLAUDE.md the AI layer fills gaps and must not re-ingest baseline coverage. Retained only 2026 epi week 19 (2026-05-11..2026-05-17, Index 1085), which the baseline does not reach and which the re-dated Agent 1 rows no longer cover. NOTE FOR THE BASELINE REFRESH: the WHO baseline snapshot and the live cholera_adm0_week service now disagree materially on these same weeks (baseline 2026-01-05..01-11 = 101 cases vs live 160; baseline 2026-04-27..05-03 = 855 vs live 56), so WHO has revised this series since the snapshot was taken; that is a baseline-refresh issue, not something the AI layer should paper over."
1070,AFR::NGA,2026-01-26,2026-02-01,1,75,,1.33,2026-09-21,44,WHO Global Cholera and AWD Dashboard cholera_adm0_week Feature Service,0.95,"Source states: 'WHO Global Cholera and AWD Dashboard, cholera_adm0_week FeatureServer record: adm0_name=NIGERIA, iso_3_code=NGA, epiyr=2026, epiwk=4, date_wk=2026-01-26 (week start), cases=75, deaths=1, cum_case=53117, cum_death=1417' - interpreted as 75 sCh cases, 1 deaths. WHO national weekly record for 2026 epi week 4, previously unextracted: Agent 1 harvested only weeks 20-33 of this series, leaving weeks 1-19 of 2026 with no weekly resolution in this file. Dating follows WHO's own convention - date_wk is the week START, confirmed by the companion service cholera_report_period, which gives NIGERIA's reporting period as 2023-01-02 to 2026-08-23 (2023 epi week 1 date_wk 2023-01-02 is a Monday; 2026-08-23 is the last day of epi week 33, whose date_wk is 2026-08-17). DOUBLE-COUNTING NOTE: this is a WEEKLY INCREMENT at national level and must not be summed with the cumulative 2026 national rows already in this file (Index 36, 2026-01-01..2026-06-30, 26,848 cases from UNICEF; Index 41, 2026-01-01..2026-08-28, 65,000 cases from NCDC). The 33 WHO weekly increments for 2026 sum to about 66,200, consistent with NCDC's 65,690 to mid-August. CONFLICT NOTE: the low-confidence source-34 rows (Index 44-54, NCDC Weekly Epidemiological Report, confidence 0.4) report far smaller figures for overlapping weeks (for example 34 cases for 2026-05-18..05-24 against WHO's 1,190); that discrepancy is unresolved and is flagged for the cross-reference agent.",AI,2026-09-21,"DUPLICATION SCREEN (Agent 3, self-retraction): this week is already covered by the WHO baseline layer ./data/NGA/cholera_data_who.csv, which holds 18 national weekly rows for 2026 spanning 2026-01-05..2026-05-10 on exactly these week windows. Per CLAUDE.md the AI layer fills gaps and must not re-ingest baseline coverage. Retained only 2026 epi week 19 (2026-05-11..2026-05-17, Index 1085), which the baseline does not reach and which the re-dated Agent 1 rows no longer cover. NOTE FOR THE BASELINE REFRESH: the WHO baseline snapshot and the live cholera_adm0_week service now disagree materially on these same weeks (baseline 2026-01-05..01-11 = 101 cases vs live 160; baseline 2026-04-27..05-03 = 855 vs live 56), so WHO has revised this series since the snapshot was taken; that is a baseline-refresh issue, not something the AI layer should paper over."
1071,AFR::NGA,2026-02-02,2026-02-08,0,40,,0.00,2026-09-21,44,WHO Global Cholera and AWD Dashboard cholera_adm0_week Feature Service,0.95,"Source states: 'WHO Global Cholera and AWD Dashboard, cholera_adm0_week FeatureServer record: adm0_name=NIGERIA, iso_3_code=NGA, epiyr=2026, epiwk=5, date_wk=2026-02-02 (week start), cases=40, deaths=0, cum_case=53157, cum_death=1417' - interpreted as 40 sCh cases, 0 deaths. WHO national weekly record for 2026 epi week 5, previously unextracted: Agent 1 harvested only weeks 20-33 of this series, leaving weeks 1-19 of 2026 with no weekly resolution in this file. Dating follows WHO's own convention - date_wk is the week START, confirmed by the companion service cholera_report_period, which gives NIGERIA's reporting period as 2023-01-02 to 2026-08-23 (2023 epi week 1 date_wk 2023-01-02 is a Monday; 2026-08-23 is the last day of epi week 33, whose date_wk is 2026-08-17). DOUBLE-COUNTING NOTE: this is a WEEKLY INCREMENT at national level and must not be summed with the cumulative 2026 national rows already in this file (Index 36, 2026-01-01..2026-06-30, 26,848 cases from UNICEF; Index 41, 2026-01-01..2026-08-28, 65,000 cases from NCDC). The 33 WHO weekly increments for 2026 sum to about 66,200, consistent with NCDC's 65,690 to mid-August. CONFLICT NOTE: the low-confidence source-34 rows (Index 44-54, NCDC Weekly Epidemiological Report, confidence 0.4) report far smaller figures for overlapping weeks (for example 34 cases for 2026-05-18..05-24 against WHO's 1,190); that discrepancy is unresolved and is flagged for the cross-reference agent.",AI,2026-09-21,"DUPLICATION SCREEN (Agent 3, self-retraction): this week is already covered by the WHO baseline layer ./data/NGA/cholera_data_who.csv, which holds 18 national weekly rows for 2026 spanning 2026-01-05..2026-05-10 on exactly these week windows. Per CLAUDE.md the AI layer fills gaps and must not re-ingest baseline coverage. Retained only 2026 epi week 19 (2026-05-11..2026-05-17, Index 1085), which the baseline does not reach and which the re-dated Agent 1 rows no longer cover. NOTE FOR THE BASELINE REFRESH: the WHO baseline snapshot and the live cholera_adm0_week service now disagree materially on these same weeks (baseline 2026-01-05..01-11 = 101 cases vs live 160; baseline 2026-04-27..05-03 = 855 vs live 56), so WHO has revised this series since the snapshot was taken; that is a baseline-refresh issue, not something the AI layer should paper over."
1072,AFR::NGA,2026-02-09,2026-02-15,0,30,,0.00,2026-09-21,44,WHO Global Cholera and AWD Dashboard cholera_adm0_week Feature Service,0.95,"Source states: 'WHO Global Cholera and AWD Dashboard, cholera_adm0_week FeatureServer record: adm0_name=NIGERIA, iso_3_code=NGA, epiyr=2026, epiwk=6, date_wk=2026-02-09 (week start), cases=30, deaths=0, cum_case=53187, cum_death=1417' - interpreted as 30 sCh cases, 0 deaths. WHO national weekly record for 2026 epi week 6, previously unextracted: Agent 1 harvested only weeks 20-33 of this series, leaving weeks 1-19 of 2026 with no weekly resolution in this file. Dating follows WHO's own convention - date_wk is the week START, confirmed by the companion service cholera_report_period, which gives NIGERIA's reporting period as 2023-01-02 to 2026-08-23 (2023 epi week 1 date_wk 2023-01-02 is a Monday; 2026-08-23 is the last day of epi week 33, whose date_wk is 2026-08-17). DOUBLE-COUNTING NOTE: this is a WEEKLY INCREMENT at national level and must not be summed with the cumulative 2026 national rows already in this file (Index 36, 2026-01-01..2026-06-30, 26,848 cases from UNICEF; Index 41, 2026-01-01..2026-08-28, 65,000 cases from NCDC). The 33 WHO weekly increments for 2026 sum to about 66,200, consistent with NCDC's 65,690 to mid-August. CONFLICT NOTE: the low-confidence source-34 rows (Index 44-54, NCDC Weekly Epidemiological Report, confidence 0.4) report far smaller figures for overlapping weeks (for example 34 cases for 2026-05-18..05-24 against WHO's 1,190); that discrepancy is unresolved and is flagged for the cross-reference agent.",AI,2026-09-21,"DUPLICATION SCREEN (Agent 3, self-retraction): this week is already covered by the WHO baseline layer ./data/NGA/cholera_data_who.csv, which holds 18 national weekly rows for 2026 spanning 2026-01-05..2026-05-10 on exactly these week windows. Per CLAUDE.md the AI layer fills gaps and must not re-ingest baseline coverage. Retained only 2026 epi week 19 (2026-05-11..2026-05-17, Index 1085), which the baseline does not reach and which the re-dated Agent 1 rows no longer cover. NOTE FOR THE BASELINE REFRESH: the WHO baseline snapshot and the live cholera_adm0_week service now disagree materially on these same weeks (baseline 2026-01-05..01-11 = 101 cases vs live 160; baseline 2026-04-27..05-03 = 855 vs live 56), so WHO has revised this series since the snapshot was taken; that is a baseline-refresh issue, not something the AI layer should paper over."
1073,AFR::NGA,2026-02-16,2026-02-22,4,30,,13.33,2026-09-21,44,WHO Global Cholera and AWD Dashboard cholera_adm0_week Feature Service,0.95,"Source states: 'WHO Global Cholera and AWD Dashboard, cholera_adm0_week FeatureServer record: adm0_name=NIGERIA, iso_3_code=NGA, epiyr=2026, epiwk=7, date_wk=2026-02-16 (week start), cases=30, deaths=4, cum_case=53217, cum_death=1421' - interpreted as 30 sCh cases, 4 deaths. WHO national weekly record for 2026 epi week 7, previously unextracted: Agent 1 harvested only weeks 20-33 of this series, leaving weeks 1-19 of 2026 with no weekly resolution in this file. Dating follows WHO's own convention - date_wk is the week START, confirmed by the companion service cholera_report_period, which gives NIGERIA's reporting period as 2023-01-02 to 2026-08-23 (2023 epi week 1 date_wk 2023-01-02 is a Monday; 2026-08-23 is the last day of epi week 33, whose date_wk is 2026-08-17). DOUBLE-COUNTING NOTE: this is a WEEKLY INCREMENT at national level and must not be summed with the cumulative 2026 national rows already in this file (Index 36, 2026-01-01..2026-06-30, 26,848 cases from UNICEF; Index 41, 2026-01-01..2026-08-28, 65,000 cases from NCDC). The 33 WHO weekly increments for 2026 sum to about 66,200, consistent with NCDC's 65,690 to mid-August. CONFLICT NOTE: the low-confidence source-34 rows (Index 44-54, NCDC Weekly Epidemiological Report, confidence 0.4) report far smaller figures for overlapping weeks (for example 34 cases for 2026-05-18..05-24 against WHO's 1,190); that discrepancy is unresolved and is flagged for the cross-reference agent.",AI,2026-09-21,"DUPLICATION SCREEN (Agent 3, self-retraction): this week is already covered by the WHO baseline layer ./data/NGA/cholera_data_who.csv, which holds 18 national weekly rows for 2026 spanning 2026-01-05..2026-05-10 on exactly these week windows. Per CLAUDE.md the AI layer fills gaps and must not re-ingest baseline coverage. Retained only 2026 epi week 19 (2026-05-11..2026-05-17, Index 1085), which the baseline does not reach and which the re-dated Agent 1 rows no longer cover. NOTE FOR THE BASELINE REFRESH: the WHO baseline snapshot and the live cholera_adm0_week service now disagree materially on these same weeks (baseline 2026-01-05..01-11 = 101 cases vs live 160; baseline 2026-04-27..05-03 = 855 vs live 56), so WHO has revised this series since the snapshot was taken; that is a baseline-refresh issue, not something the AI layer should paper over."
1074,AFR::NGA,2026-02-23,2026-03-01,0,10,,0.00,2026-09-21,44,WHO Global Cholera and AWD Dashboard cholera_adm0_week Feature Service,0.95,"Source states: 'WHO Global Cholera and AWD Dashboard, cholera_adm0_week FeatureServer record: adm0_name=NIGERIA, iso_3_code=NGA, epiyr=2026, epiwk=8, date_wk=2026-02-23 (week start), cases=10, deaths=0, cum_case=53227, cum_death=1421' - interpreted as 10 sCh cases, 0 deaths. WHO national weekly record for 2026 epi week 8, previously unextracted: Agent 1 harvested only weeks 20-33 of this series, leaving weeks 1-19 of 2026 with no weekly resolution in this file. Dating follows WHO's own convention - date_wk is the week START, confirmed by the companion service cholera_report_period, which gives NIGERIA's reporting period as 2023-01-02 to 2026-08-23 (2023 epi week 1 date_wk 2023-01-02 is a Monday; 2026-08-23 is the last day of epi week 33, whose date_wk is 2026-08-17). DOUBLE-COUNTING NOTE: this is a WEEKLY INCREMENT at national level and must not be summed with the cumulative 2026 national rows already in this file (Index 36, 2026-01-01..2026-06-30, 26,848 cases from UNICEF; Index 41, 2026-01-01..2026-08-28, 65,000 cases from NCDC). The 33 WHO weekly increments for 2026 sum to about 66,200, consistent with NCDC's 65,690 to mid-August. CONFLICT NOTE: the low-confidence source-34 rows (Index 44-54, NCDC Weekly Epidemiological Report, confidence 0.4) report far smaller figures for overlapping weeks (for example 34 cases for 2026-05-18..05-24 against WHO's 1,190); that discrepancy is unresolved and is flagged for the cross-reference agent.",AI,2026-09-21,"DUPLICATION SCREEN (Agent 3, self-retraction): this week is already covered by the WHO baseline layer ./data/NGA/cholera_data_who.csv, which holds 18 national weekly rows for 2026 spanning 2026-01-05..2026-05-10 on exactly these week windows. Per CLAUDE.md the AI layer fills gaps and must not re-ingest baseline coverage. Retained only 2026 epi week 19 (2026-05-11..2026-05-17, Index 1085), which the baseline does not reach and which the re-dated Agent 1 rows no longer cover. NOTE FOR THE BASELINE REFRESH: the WHO baseline snapshot and the live cholera_adm0_week service now disagree materially on these same weeks (baseline 2026-01-05..01-11 = 101 cases vs live 160; baseline 2026-04-27..05-03 = 855 vs live 56), so WHO has revised this series since the snapshot was taken; that is a baseline-refresh issue, not something the AI layer should paper over."
1075,AFR::NGA,2026-03-02,2026-03-08,0,5,,0.00,2026-09-21,44,WHO Global Cholera and AWD Dashboard cholera_adm0_week Feature Service,0.95,"Source states: 'WHO Global Cholera and AWD Dashboard, cholera_adm0_week FeatureServer record: adm0_name=NIGERIA, iso_3_code=NGA, epiyr=2026, epiwk=9, date_wk=2026-03-02 (week start), cases=5, deaths=0, cum_case=53232, cum_death=1421' - interpreted as 5 sCh cases, 0 deaths. WHO national weekly record for 2026 epi week 9, previously unextracted: Agent 1 harvested only weeks 20-33 of this series, leaving weeks 1-19 of 2026 with no weekly resolution in this file. Dating follows WHO's own convention - date_wk is the week START, confirmed by the companion service cholera_report_period, which gives NIGERIA's reporting period as 2023-01-02 to 2026-08-23 (2023 epi week 1 date_wk 2023-01-02 is a Monday; 2026-08-23 is the last day of epi week 33, whose date_wk is 2026-08-17). DOUBLE-COUNTING NOTE: this is a WEEKLY INCREMENT at national level and must not be summed with the cumulative 2026 national rows already in this file (Index 36, 2026-01-01..2026-06-30, 26,848 cases from UNICEF; Index 41, 2026-01-01..2026-08-28, 65,000 cases from NCDC). The 33 WHO weekly increments for 2026 sum to about 66,200, consistent with NCDC's 65,690 to mid-August. CONFLICT NOTE: the low-confidence source-34 rows (Index 44-54, NCDC Weekly Epidemiological Report, confidence 0.4) report far smaller figures for overlapping weeks (for example 34 cases for 2026-05-18..05-24 against WHO's 1,190); that discrepancy is unresolved and is flagged for the cross-reference agent.",AI,2026-09-21,"DUPLICATION SCREEN (Agent 3, self-retraction): this week is already covered by the WHO baseline layer ./data/NGA/cholera_data_who.csv, which holds 18 national weekly rows for 2026 spanning 2026-01-05..2026-05-10 on exactly these week windows. Per CLAUDE.md the AI layer fills gaps and must not re-ingest baseline coverage. Retained only 2026 epi week 19 (2026-05-11..2026-05-17, Index 1085), which the baseline does not reach and which the re-dated Agent 1 rows no longer cover. NOTE FOR THE BASELINE REFRESH: the WHO baseline snapshot and the live cholera_adm0_week service now disagree materially on these same weeks (baseline 2026-01-05..01-11 = 101 cases vs live 160; baseline 2026-04-27..05-03 = 855 vs live 56), so WHO has revised this series since the snapshot was taken; that is a baseline-refresh issue, not something the AI layer should paper over."
1076,AFR::NGA,2026-03-09,2026-03-15,0,20,,0.00,2026-09-21,44,WHO Global Cholera and AWD Dashboard cholera_adm0_week Feature Service,0.95,"Source states: 'WHO Global Cholera and AWD Dashboard, cholera_adm0_week FeatureServer record: adm0_name=NIGERIA, iso_3_code=NGA, epiyr=2026, epiwk=10, date_wk=2026-03-09 (week start), cases=20, deaths=0, cum_case=53252, cum_death=1421' - interpreted as 20 sCh cases, 0 deaths. WHO national weekly record for 2026 epi week 10, previously unextracted: Agent 1 harvested only weeks 20-33 of this series, leaving weeks 1-19 of 2026 with no weekly resolution in this file. Dating follows WHO's own convention - date_wk is the week START, confirmed by the companion service cholera_report_period, which gives NIGERIA's reporting period as 2023-01-02 to 2026-08-23 (2023 epi week 1 date_wk 2023-01-02 is a Monday; 2026-08-23 is the last day of epi week 33, whose date_wk is 2026-08-17). DOUBLE-COUNTING NOTE: this is a WEEKLY INCREMENT at national level and must not be summed with the cumulative 2026 national rows already in this file (Index 36, 2026-01-01..2026-06-30, 26,848 cases from UNICEF; Index 41, 2026-01-01..2026-08-28, 65,000 cases from NCDC). The 33 WHO weekly increments for 2026 sum to about 66,200, consistent with NCDC's 65,690 to mid-August. CONFLICT NOTE: the low-confidence source-34 rows (Index 44-54, NCDC Weekly Epidemiological Report, confidence 0.4) report far smaller figures for overlapping weeks (for example 34 cases for 2026-05-18..05-24 against WHO's 1,190); that discrepancy is unresolved and is flagged for the cross-reference agent.",AI,2026-09-21,"DUPLICATION SCREEN (Agent 3, self-retraction): this week is already covered by the WHO baseline layer ./data/NGA/cholera_data_who.csv, which holds 18 national weekly rows for 2026 spanning 2026-01-05..2026-05-10 on exactly these week windows. Per CLAUDE.md the AI layer fills gaps and must not re-ingest baseline coverage. Retained only 2026 epi week 19 (2026-05-11..2026-05-17, Index 1085), which the baseline does not reach and which the re-dated Agent 1 rows no longer cover. NOTE FOR THE BASELINE REFRESH: the WHO baseline snapshot and the live cholera_adm0_week service now disagree materially on these same weeks (baseline 2026-01-05..01-11 = 101 cases vs live 160; baseline 2026-04-27..05-03 = 855 vs live 56), so WHO has revised this series since the snapshot was taken; that is a baseline-refresh issue, not something the AI layer should paper over."
1077,AFR::NGA,2026-03-16,2026-03-22,2,30,,6.67,2026-09-21,44,WHO Global Cholera and AWD Dashboard cholera_adm0_week Feature Service,0.95,"Source states: 'WHO Global Cholera and AWD Dashboard, cholera_adm0_week FeatureServer record: adm0_name=NIGERIA, iso_3_code=NGA, epiyr=2026, epiwk=11, date_wk=2026-03-16 (week start), cases=30, deaths=2, cum_case=53282, cum_death=1423' - interpreted as 30 sCh cases, 2 deaths. WHO national weekly record for 2026 epi week 11, previously unextracted: Agent 1 harvested only weeks 20-33 of this series, leaving weeks 1-19 of 2026 with no weekly resolution in this file. Dating follows WHO's own convention - date_wk is the week START, confirmed by the companion service cholera_report_period, which gives NIGERIA's reporting period as 2023-01-02 to 2026-08-23 (2023 epi week 1 date_wk 2023-01-02 is a Monday; 2026-08-23 is the last day of epi week 33, whose date_wk is 2026-08-17). DOUBLE-COUNTING NOTE: this is a WEEKLY INCREMENT at national level and must not be summed with the cumulative 2026 national rows already in this file (Index 36, 2026-01-01..2026-06-30, 26,848 cases from UNICEF; Index 41, 2026-01-01..2026-08-28, 65,000 cases from NCDC). The 33 WHO weekly increments for 2026 sum to about 66,200, consistent with NCDC's 65,690 to mid-August. CONFLICT NOTE: the low-confidence source-34 rows (Index 44-54, NCDC Weekly Epidemiological Report, confidence 0.4) report far smaller figures for overlapping weeks (for example 34 cases for 2026-05-18..05-24 against WHO's 1,190); that discrepancy is unresolved and is flagged for the cross-reference agent.",AI,2026-09-21,"DUPLICATION SCREEN (Agent 3, self-retraction): this week is already covered by the WHO baseline layer ./data/NGA/cholera_data_who.csv, which holds 18 national weekly rows for 2026 spanning 2026-01-05..2026-05-10 on exactly these week windows. Per CLAUDE.md the AI layer fills gaps and must not re-ingest baseline coverage. Retained only 2026 epi week 19 (2026-05-11..2026-05-17, Index 1085), which the baseline does not reach and which the re-dated Agent 1 rows no longer cover. NOTE FOR THE BASELINE REFRESH: the WHO baseline snapshot and the live cholera_adm0_week service now disagree materially on these same weeks (baseline 2026-01-05..01-11 = 101 cases vs live 160; baseline 2026-04-27..05-03 = 855 vs live 56), so WHO has revised this series since the snapshot was taken; that is a baseline-refresh issue, not something the AI layer should paper over."
1078,AFR::NGA,2026-03-23,2026-03-29,2,95,,2.11,2026-09-21,44,WHO Global Cholera and AWD Dashboard cholera_adm0_week Feature Service,0.95,"Source states: 'WHO Global Cholera and AWD Dashboard, cholera_adm0_week FeatureServer record: adm0_name=NIGERIA, iso_3_code=NGA, epiyr=2026, epiwk=12, date_wk=2026-03-23 (week start), cases=95, deaths=2, cum_case=53377, cum_death=1425' - interpreted as 95 sCh cases, 2 deaths. WHO national weekly record for 2026 epi week 12, previously unextracted: Agent 1 harvested only weeks 20-33 of this series, leaving weeks 1-19 of 2026 with no weekly resolution in this file. Dating follows WHO's own convention - date_wk is the week START, confirmed by the companion service cholera_report_period, which gives NIGERIA's reporting period as 2023-01-02 to 2026-08-23 (2023 epi week 1 date_wk 2023-01-02 is a Monday; 2026-08-23 is the last day of epi week 33, whose date_wk is 2026-08-17). DOUBLE-COUNTING NOTE: this is a WEEKLY INCREMENT at national level and must not be summed with the cumulative 2026 national rows already in this file (Index 36, 2026-01-01..2026-06-30, 26,848 cases from UNICEF; Index 41, 2026-01-01..2026-08-28, 65,000 cases from NCDC). The 33 WHO weekly increments for 2026 sum to about 66,200, consistent with NCDC's 65,690 to mid-August. CONFLICT NOTE: the low-confidence source-34 rows (Index 44-54, NCDC Weekly Epidemiological Report, confidence 0.4) report far smaller figures for overlapping weeks (for example 34 cases for 2026-05-18..05-24 against WHO's 1,190); that discrepancy is unresolved and is flagged for the cross-reference agent.",AI,2026-09-21,"DUPLICATION SCREEN (Agent 3, self-retraction): this week is already covered by the WHO baseline layer ./data/NGA/cholera_data_who.csv, which holds 18 national weekly rows for 2026 spanning 2026-01-05..2026-05-10 on exactly these week windows. Per CLAUDE.md the AI layer fills gaps and must not re-ingest baseline coverage. Retained only 2026 epi week 19 (2026-05-11..2026-05-17, Index 1085), which the baseline does not reach and which the re-dated Agent 1 rows no longer cover. NOTE FOR THE BASELINE REFRESH: the WHO baseline snapshot and the live cholera_adm0_week service now disagree materially on these same weeks (baseline 2026-01-05..01-11 = 101 cases vs live 160; baseline 2026-04-27..05-03 = 855 vs live 56), so WHO has revised this series since the snapshot was taken; that is a baseline-refresh issue, not something the AI layer should paper over."
1079,AFR::NGA,2026-03-30,2026-04-05,3,60,,5.00,2026-09-21,44,WHO Global Cholera and AWD Dashboard cholera_adm0_week Feature Service,0.95,"Source states: 'WHO Global Cholera and AWD Dashboard, cholera_adm0_week FeatureServer record: adm0_name=NIGERIA, iso_3_code=NGA, epiyr=2026, epiwk=13, date_wk=2026-03-30 (week start), cases=60, deaths=3, cum_case=53437, cum_death=1428' - interpreted as 60 sCh cases, 3 deaths. WHO national weekly record for 2026 epi week 13, previously unextracted: Agent 1 harvested only weeks 20-33 of this series, leaving weeks 1-19 of 2026 with no weekly resolution in this file. Dating follows WHO's own convention - date_wk is the week START, confirmed by the companion service cholera_report_period, which gives NIGERIA's reporting period as 2023-01-02 to 2026-08-23 (2023 epi week 1 date_wk 2023-01-02 is a Monday; 2026-08-23 is the last day of epi week 33, whose date_wk is 2026-08-17). DOUBLE-COUNTING NOTE: this is a WEEKLY INCREMENT at national level and must not be summed with the cumulative 2026 national rows already in this file (Index 36, 2026-01-01..2026-06-30, 26,848 cases from UNICEF; Index 41, 2026-01-01..2026-08-28, 65,000 cases from NCDC). The 33 WHO weekly increments for 2026 sum to about 66,200, consistent with NCDC's 65,690 to mid-August. CONFLICT NOTE: the low-confidence source-34 rows (Index 44-54, NCDC Weekly Epidemiological Report, confidence 0.4) report far smaller figures for overlapping weeks (for example 34 cases for 2026-05-18..05-24 against WHO's 1,190); that discrepancy is unresolved and is flagged for the cross-reference agent.",AI,2026-09-21,"DUPLICATION SCREEN (Agent 3, self-retraction): this week is already covered by the WHO baseline layer ./data/NGA/cholera_data_who.csv, which holds 18 national weekly rows for 2026 spanning 2026-01-05..2026-05-10 on exactly these week windows. Per CLAUDE.md the AI layer fills gaps and must not re-ingest baseline coverage. Retained only 2026 epi week 19 (2026-05-11..2026-05-17, Index 1085), which the baseline does not reach and which the re-dated Agent 1 rows no longer cover. NOTE FOR THE BASELINE REFRESH: the WHO baseline snapshot and the live cholera_adm0_week service now disagree materially on these same weeks (baseline 2026-01-05..01-11 = 101 cases vs live 160; baseline 2026-04-27..05-03 = 855 vs live 56), so WHO has revised this series since the snapshot was taken; that is a baseline-refresh issue, not something the AI layer should paper over."
1080,AFR::NGA,2026-04-06,2026-04-12,0,30,,0.00,2026-09-21,44,WHO Global Cholera and AWD Dashboard cholera_adm0_week Feature Service,0.95,"Source states: 'WHO Global Cholera and AWD Dashboard, cholera_adm0_week FeatureServer record: adm0_name=NIGERIA, iso_3_code=NGA, epiyr=2026, epiwk=14, date_wk=2026-04-06 (week start), cases=30, deaths=0, cum_case=53467, cum_death=1428' - interpreted as 30 sCh cases, 0 deaths. WHO national weekly record for 2026 epi week 14, previously unextracted: Agent 1 harvested only weeks 20-33 of this series, leaving weeks 1-19 of 2026 with no weekly resolution in this file. Dating follows WHO's own convention - date_wk is the week START, confirmed by the companion service cholera_report_period, which gives NIGERIA's reporting period as 2023-01-02 to 2026-08-23 (2023 epi week 1 date_wk 2023-01-02 is a Monday; 2026-08-23 is the last day of epi week 33, whose date_wk is 2026-08-17). DOUBLE-COUNTING NOTE: this is a WEEKLY INCREMENT at national level and must not be summed with the cumulative 2026 national rows already in this file (Index 36, 2026-01-01..2026-06-30, 26,848 cases from UNICEF; Index 41, 2026-01-01..2026-08-28, 65,000 cases from NCDC). The 33 WHO weekly increments for 2026 sum to about 66,200, consistent with NCDC's 65,690 to mid-August. CONFLICT NOTE: the low-confidence source-34 rows (Index 44-54, NCDC Weekly Epidemiological Report, confidence 0.4) report far smaller figures for overlapping weeks (for example 34 cases for 2026-05-18..05-24 against WHO's 1,190); that discrepancy is unresolved and is flagged for the cross-reference agent.",AI,2026-09-21,"DUPLICATION SCREEN (Agent 3, self-retraction): this week is already covered by the WHO baseline layer ./data/NGA/cholera_data_who.csv, which holds 18 national weekly rows for 2026 spanning 2026-01-05..2026-05-10 on exactly these week windows. Per CLAUDE.md the AI layer fills gaps and must not re-ingest baseline coverage. Retained only 2026 epi week 19 (2026-05-11..2026-05-17, Index 1085), which the baseline does not reach and which the re-dated Agent 1 rows no longer cover. NOTE FOR THE BASELINE REFRESH: the WHO baseline snapshot and the live cholera_adm0_week service now disagree materially on these same weeks (baseline 2026-01-05..01-11 = 101 cases vs live 160; baseline 2026-04-27..05-03 = 855 vs live 56), so WHO has revised this series since the snapshot was taken; that is a baseline-refresh issue, not something the AI layer should paper over."
1081,AFR::NGA,2026-04-13,2026-04-19,0,10,,0.00,2026-09-21,44,WHO Global Cholera and AWD Dashboard cholera_adm0_week Feature Service,0.95,"Source states: 'WHO Global Cholera and AWD Dashboard, cholera_adm0_week FeatureServer record: adm0_name=NIGERIA, iso_3_code=NGA, epiyr=2026, epiwk=15, date_wk=2026-04-13 (week start), cases=10, deaths=0, cum_case=53477, cum_death=1428' - interpreted as 10 sCh cases, 0 deaths. WHO national weekly record for 2026 epi week 15, previously unextracted: Agent 1 harvested only weeks 20-33 of this series, leaving weeks 1-19 of 2026 with no weekly resolution in this file. Dating follows WHO's own convention - date_wk is the week START, confirmed by the companion service cholera_report_period, which gives NIGERIA's reporting period as 2023-01-02 to 2026-08-23 (2023 epi week 1 date_wk 2023-01-02 is a Monday; 2026-08-23 is the last day of epi week 33, whose date_wk is 2026-08-17). DOUBLE-COUNTING NOTE: this is a WEEKLY INCREMENT at national level and must not be summed with the cumulative 2026 national rows already in this file (Index 36, 2026-01-01..2026-06-30, 26,848 cases from UNICEF; Index 41, 2026-01-01..2026-08-28, 65,000 cases from NCDC). The 33 WHO weekly increments for 2026 sum to about 66,200, consistent with NCDC's 65,690 to mid-August. CONFLICT NOTE: the low-confidence source-34 rows (Index 44-54, NCDC Weekly Epidemiological Report, confidence 0.4) report far smaller figures for overlapping weeks (for example 34 cases for 2026-05-18..05-24 against WHO's 1,190); that discrepancy is unresolved and is flagged for the cross-reference agent.",AI,2026-09-21,"DUPLICATION SCREEN (Agent 3, self-retraction): this week is already covered by the WHO baseline layer ./data/NGA/cholera_data_who.csv, which holds 18 national weekly rows for 2026 spanning 2026-01-05..2026-05-10 on exactly these week windows. Per CLAUDE.md the AI layer fills gaps and must not re-ingest baseline coverage. Retained only 2026 epi week 19 (2026-05-11..2026-05-17, Index 1085), which the baseline does not reach and which the re-dated Agent 1 rows no longer cover. NOTE FOR THE BASELINE REFRESH: the WHO baseline snapshot and the live cholera_adm0_week service now disagree materially on these same weeks (baseline 2026-01-05..01-11 = 101 cases vs live 160; baseline 2026-04-27..05-03 = 855 vs live 56), so WHO has revised this series since the snapshot was taken; that is a baseline-refresh issue, not something the AI layer should paper over."
1082,AFR::NGA,2026-04-20,2026-04-26,0,10,,0.00,2026-09-21,44,WHO Global Cholera and AWD Dashboard cholera_adm0_week Feature Service,0.95,"Source states: 'WHO Global Cholera and AWD Dashboard, cholera_adm0_week FeatureServer record: adm0_name=NIGERIA, iso_3_code=NGA, epiyr=2026, epiwk=16, date_wk=2026-04-20 (week start), cases=10, deaths=0, cum_case=53487, cum_death=1428' - interpreted as 10 sCh cases, 0 deaths. WHO national weekly record for 2026 epi week 16, previously unextracted: Agent 1 harvested only weeks 20-33 of this series, leaving weeks 1-19 of 2026 with no weekly resolution in this file. Dating follows WHO's own convention - date_wk is the week START, confirmed by the companion service cholera_report_period, which gives NIGERIA's reporting period as 2023-01-02 to 2026-08-23 (2023 epi week 1 date_wk 2023-01-02 is a Monday; 2026-08-23 is the last day of epi week 33, whose date_wk is 2026-08-17). DOUBLE-COUNTING NOTE: this is a WEEKLY INCREMENT at national level and must not be summed with the cumulative 2026 national rows already in this file (Index 36, 2026-01-01..2026-06-30, 26,848 cases from UNICEF; Index 41, 2026-01-01..2026-08-28, 65,000 cases from NCDC). The 33 WHO weekly increments for 2026 sum to about 66,200, consistent with NCDC's 65,690 to mid-August. CONFLICT NOTE: the low-confidence source-34 rows (Index 44-54, NCDC Weekly Epidemiological Report, confidence 0.4) report far smaller figures for overlapping weeks (for example 34 cases for 2026-05-18..05-24 against WHO's 1,190); that discrepancy is unresolved and is flagged for the cross-reference agent.",AI,2026-09-21,"DUPLICATION SCREEN (Agent 3, self-retraction): this week is already covered by the WHO baseline layer ./data/NGA/cholera_data_who.csv, which holds 18 national weekly rows for 2026 spanning 2026-01-05..2026-05-10 on exactly these week windows. Per CLAUDE.md the AI layer fills gaps and must not re-ingest baseline coverage. Retained only 2026 epi week 19 (2026-05-11..2026-05-17, Index 1085), which the baseline does not reach and which the re-dated Agent 1 rows no longer cover. NOTE FOR THE BASELINE REFRESH: the WHO baseline snapshot and the live cholera_adm0_week service now disagree materially on these same weeks (baseline 2026-01-05..01-11 = 101 cases vs live 160; baseline 2026-04-27..05-03 = 855 vs live 56), so WHO has revised this series since the snapshot was taken; that is a baseline-refresh issue, not something the AI layer should paper over."
1083,AFR::NGA,2026-04-27,2026-05-03,0,56,,0.00,2026-09-21,44,WHO Global Cholera and AWD Dashboard cholera_adm0_week Feature Service,0.95,"Source states: 'WHO Global Cholera and AWD Dashboard, cholera_adm0_week FeatureServer record: adm0_name=NIGERIA, iso_3_code=NGA, epiyr=2026, epiwk=17, date_wk=2026-04-27 (week start), cases=56, deaths=0, cum_case=53543, cum_death=1428' - interpreted as 56 sCh cases, 0 deaths. WHO national weekly record for 2026 epi week 17, previously unextracted: Agent 1 harvested only weeks 20-33 of this series, leaving weeks 1-19 of 2026 with no weekly resolution in this file. Dating follows WHO's own convention - date_wk is the week START, confirmed by the companion service cholera_report_period, which gives NIGERIA's reporting period as 2023-01-02 to 2026-08-23 (2023 epi week 1 date_wk 2023-01-02 is a Monday; 2026-08-23 is the last day of epi week 33, whose date_wk is 2026-08-17). DOUBLE-COUNTING NOTE: this is a WEEKLY INCREMENT at national level and must not be summed with the cumulative 2026 national rows already in this file (Index 36, 2026-01-01..2026-06-30, 26,848 cases from UNICEF; Index 41, 2026-01-01..2026-08-28, 65,000 cases from NCDC). The 33 WHO weekly increments for 2026 sum to about 66,200, consistent with NCDC's 65,690 to mid-August. CONFLICT NOTE: the low-confidence source-34 rows (Index 44-54, NCDC Weekly Epidemiological Report, confidence 0.4) report far smaller figures for overlapping weeks (for example 34 cases for 2026-05-18..05-24 against WHO's 1,190); that discrepancy is unresolved and is flagged for the cross-reference agent.",AI,2026-09-21,"DUPLICATION SCREEN (Agent 3, self-retraction): this week is already covered by the WHO baseline layer ./data/NGA/cholera_data_who.csv, which holds 18 national weekly rows for 2026 spanning 2026-01-05..2026-05-10 on exactly these week windows. Per CLAUDE.md the AI layer fills gaps and must not re-ingest baseline coverage. Retained only 2026 epi week 19 (2026-05-11..2026-05-17, Index 1085), which the baseline does not reach and which the re-dated Agent 1 rows no longer cover. NOTE FOR THE BASELINE REFRESH: the WHO baseline snapshot and the live cholera_adm0_week service now disagree materially on these same weeks (baseline 2026-01-05..01-11 = 101 cases vs live 160; baseline 2026-04-27..05-03 = 855 vs live 56), so WHO has revised this series since the snapshot was taken; that is a baseline-refresh issue, not something the AI layer should paper over."
1084,AFR::NGA,2026-05-04,2026-05-10,12,860,,1.40,2026-09-21,44,WHO Global Cholera and AWD Dashboard cholera_adm0_week Feature Service,0.95,"Source states: 'WHO Global Cholera and AWD Dashboard, cholera_adm0_week FeatureServer record: adm0_name=NIGERIA, iso_3_code=NGA, epiyr=2026, epiwk=18, date_wk=2026-05-04 (week start), cases=860, deaths=12, cum_case=54403, cum_death=1440' - interpreted as 860 sCh cases, 12 deaths. WHO national weekly record for 2026 epi week 18, previously unextracted: Agent 1 harvested only weeks 20-33 of this series, leaving weeks 1-19 of 2026 with no weekly resolution in this file. Dating follows WHO's own convention - date_wk is the week START, confirmed by the companion service cholera_report_period, which gives NIGERIA's reporting period as 2023-01-02 to 2026-08-23 (2023 epi week 1 date_wk 2023-01-02 is a Monday; 2026-08-23 is the last day of epi week 33, whose date_wk is 2026-08-17). DOUBLE-COUNTING NOTE: this is a WEEKLY INCREMENT at national level and must not be summed with the cumulative 2026 national rows already in this file (Index 36, 2026-01-01..2026-06-30, 26,848 cases from UNICEF; Index 41, 2026-01-01..2026-08-28, 65,000 cases from NCDC). The 33 WHO weekly increments for 2026 sum to about 66,200, consistent with NCDC's 65,690 to mid-August. CONFLICT NOTE: the low-confidence source-34 rows (Index 44-54, NCDC Weekly Epidemiological Report, confidence 0.4) report far smaller figures for overlapping weeks (for example 34 cases for 2026-05-18..05-24 against WHO's 1,190); that discrepancy is unresolved and is flagged for the cross-reference agent.",AI,2026-09-21,"DUPLICATION SCREEN (Agent 3, self-retraction): this week is already covered by the WHO baseline layer ./data/NGA/cholera_data_who.csv, which holds 18 national weekly rows for 2026 spanning 2026-01-05..2026-05-10 on exactly these week windows. Per CLAUDE.md the AI layer fills gaps and must not re-ingest baseline coverage. Retained only 2026 epi week 19 (2026-05-11..2026-05-17, Index 1085), which the baseline does not reach and which the re-dated Agent 1 rows no longer cover. NOTE FOR THE BASELINE REFRESH: the WHO baseline snapshot and the live cholera_adm0_week service now disagree materially on these same weeks (baseline 2026-01-05..01-11 = 101 cases vs live 160; baseline 2026-04-27..05-03 = 855 vs live 56), so WHO has revised this series since the snapshot was taken; that is a baseline-refresh issue, not something the AI layer should paper over."
1178,AFR::NGA,1991-01-01,1991-07-10,1600,8800,,18.18,1991-10-18,35,WHO Weekly Epidemiological Record 1991 66(42) Cholera in Africa,0.7,"Source states: 'By 10 July, the disease had spread to 14 of the 21 states in Nigeria. More than 8 800 cases and 1 600 deaths have been reported.' - interpreted as 8800 sCh cases, 1600 deaths. NATIONAL CUMULATIVE-TO-DATE, not an annual total and NOT an alternative to the 59,478 annual figure. Its value is temporal shape: only ~8,800 of 1991's eventual 59,478 cases (15%) had occurred by 10 July, so roughly 85% of the largest pre-2010 Nigerian epidemic fell in the second half of the year - a seasonality signal completely invisible in the annual row. Floor value ('more than'). CFR 18.2% exceeds 15% so confidence capped at 0.7; WER itself flags Nigeria 1991 as 'case fatality more than 13%, the highest rate observed in 1991'. CUMULATIVE SUBSET of the 1991 national annual row in ./data/NGA/cholera_data_jhu.csv and of AI row 2 - do NOT sum with them, it is contained within them.",AI,2026-09-21,"Superseded within the hour by a better source found in the same WER volume. Row 1178 carried 'more than 8 800 cases and 1 600 deaths' by 10 July 1991 from the RETROSPECTIVE feature in WER 1991;66(42) (18 Oct 1991). WER 1991;66(29) (19 Jul 1991) reports the SAME milestone contemporaneously and attributes it to the Federal Ministry of Health with an explicit as-at date: 'Nigeria (10 July 1991). The Federal Ministry of Health reports that cholera has now spread to 14 out of the 21 states of the country. A total of 7 674 cases have been reported with 990 deaths and a case-fatality rate of 13%.' The contemporaneous pair is internally consistent (990/7674 = 12.9%, matching the stated 13%); the retrospective pair is NOT (1600/8800 = 18.2%, contradicting the same article's own '13%' for Nigeria). The 66(42) numbers are therefore treated as garbled in the retrospective and replaced by the FMoH figures, added as a new row citing metadata index 145."
1194,AFR::NGA,1971-06-18,1971-07-15,909,1370,,66.35,1973-12-31,149,"WHO World Health Statistics Annual 1972, Vol. 25, Table 1.1 Quarantinable diseases - cholera cases and deaths by four-week period, 1971 and 1972",0.6,"Source states: 'Nigeria - Nigeria ' ET  C   290  1 396  1 352  1 090  685  1 338  1 370 | 101  66  31  46 / D  51  218  208  180  157  743  909 | 17  8  6  6   [Table 1.1 CHOLERA, columns '1971 I-VII' then '1972 I-VII']' - interpreted as 1370 sCh cases, 909 deaths. Four-week period VII of 1971. WHO World Health Statistics Annual 1972 Vol.25 Table 1.1, p.732. INCIDENT (non-cumulative) four-week-period count; may be summed across periods but NOT with the national annual row in ./data/NGA/cholera_data_jhu.csv, of which it is a part. Period boundaries are not printed by WHO; dates assume four-week periods running from 1 January and may be offset by up to one week. Period VII appears only in the 1972 volume - it was present but illegible in the 1971 volume - so there is no earlier value to compare it against. CFR 66% is far outside any plausible range and is the strongest single reason to treat the WHS 1971/1972 Nigeria case series as unreliable in its middle periods while the DEATHS series stays stable across both volumes. Retained at low confidence because the deaths figure (909) is corroborated identically in both volumes; the case figure is not.",AI,2026-09-21,"Retracted by the agent that added it, minutes later. Row 1194 was 1971 four-week period VII, 1,370 cases / 909 deaths, from WHO World Health Statistics Annual 1972 Vol.25 - the only source for that period, the 1971 volume having printed it illegibly. Implied CFR 66.4%, which is not epidemiologically possible for cholera. The same volume's case counts for periods V and VI were independently shown corrupt in this batch (they imply 22.9% and 55.5% CFR against a deaths series that is identical in both volumes, and they contradict the 5,489 five-period total that WER 1973;48(28) published after the revision). With its source's case column discredited and no second reading available, this row has no defensible case value. The DEATHS figure 909 for 1971 period VII is corroborated in both volumes and is recorded in ./data/NGA/search_log_agent_4.txt; it is not carried as a row because CLAUDE.md prohibits deaths-only rows in cholera_data_ai.csv."
1214,AFR::NGA::Multi_State,1971-02-21,1971-02-27,16,73,,21.92,1971-03-12,154,"WHO Weekly Epidemiological Record 1971;46(11), 12 Mar 1971 - Diseases Subject to the Regulations, Nigeria cholera by state and division, 21-27 February 1971",0.6,"Source states: 'NIGERIA1 - NIGERIA1  21-27 II | Western State | Divisions Egba, Egbado, Ibadan, Ife, Ilesha, Oshun {73  16' - interpreted as 73 sCh cases, 16 deaths. Western State, brace-grouped over six Divisions spanning modern Ogun (Egba, Egbado), Oyo (Ibadan) and Osun (Ife, Ilesha, Oshun), hence Multi_State. Confidence 0.6: this is a SECOND Multi_State row for the same week as row 1210 (East Central) and the two must not be confused - this one is Western State. From the WER weekly table 'Diseases Subject to the Regulations - Notifications Received', read via the IRIS ORIGINAL-bundle PDF re-rendered with pdftotext -layout. Nigeria used the TWELVE-STATE structure of 1967-1976; the 1971 unit and its divisions are named here and the modern ADM1 chosen is the one containing them. SUBSET of the 1971 national annual row (22,931 / 2,945) in ./data/NGA/cholera_data_jhu.csv; do NOT sum sub-national weeks with it.",AI,2026-09-21,"Agent 5: merged into Index 1210, which now carries the week total for all historical multi-state units with the per-unit breakdown in processing_notes. Not a rejected figure - a de-duplicated location key."
1226,AFR::NGA::Multi_State,1971-03-21,1971-03-27,8,140,,5.71,1971-04-09,158,"WHO Weekly Epidemiological Record 1971;46(15), 9 Apr 1971 - Diseases Subject to the Regulations, Nigeria cholera by state and division, 14-20 and 21-27 March 1971",0.6,"Source states: 'NIGERIA1 - NIGERIA  21-27 III | Western State | Divisions Abeokuta, Ekiti, Ibadan, Ife, Ijebu, Ilesha, Ondo, Oshun {140  8' - interpreted as 140 sCh cases, 8 deaths. Western State, brace-grouped over EIGHT Divisions spanning modern Ogun, Ekiti, Oyo, Osun and Ondo, hence Multi_State. Confidence 0.6: this is the second Multi_State row for the same week as row 1222 (Mid-West) and they must not be conflated. From the WER weekly table 'Diseases Subject to the Regulations - Notifications Received', read via the IRIS ORIGINAL-bundle PDF re-rendered with pdftotext -layout. Nigeria used the TWELVE-STATE structure of 1967-1976. SUBSET of the 1971 national annual row (22,931 / 2,945) in ./data/NGA/cholera_data_jhu.csv; do NOT sum sub-national weeks with it.",AI,2026-09-21,"Agent 5: merged into Index 1225, which now carries the week total for all historical multi-state units with the per-unit breakdown in processing_notes. Not a rejected figure - a de-duplicated location key."
1236,AFR::NGA::Multi_State,1971-04-11,1971-04-17,14,404,,3.47,1971-05-14,160,"WHO Weekly Epidemiological Record 1971;46(20), 14 May 1971 - Diseases Subject to the Regulations, Nigeria cholera by state and division, 11-17 April 1971",0.6,"Source states: 'NIGERIA1 (continued) - NIGERIA1 (suite)  11-17 IV | South-Eastern State | Divisions Abak, Calabar, Ikot-Ekpene, Uyo {404  14' - interpreted as 404 sCh cases, 14 deaths. South-Eastern State, brace-grouped Abak + Calabar + Ikot-Ekpene + Uyo Divisions -> modern Cross River (Calabar) and Akwa Ibom (Abak, Ikot-Ekpene, Uyo), hence Multi_State. Largest single-week south-eastern figure of 1971. Confidence 0.6 because this is the SECOND Multi_State row for the same week as the Benue Plateau row and the two must not be conflated. From the WER weekly table 'Diseases Subject to the Regulations - Notifications Received', read via the IRIS ORIGINAL-bundle PDF re-rendered with pdftotext -layout. Nigeria used the TWELVE-STATE structure of 1967-1976. SUBSET of the 1971 national annual row (22,931 / 2,945) in ./data/NGA/cholera_data_jhu.csv; do NOT sum sub-national weeks with it.",AI,2026-09-21,"Agent 5: merged into Index 1231, which now carries the week total for all historical multi-state units with the per-unit breakdown in processing_notes. Not a rejected figure - a de-duplicated location key."
1277,AFR::NGA::Multi_State,1972-04-02,1972-04-08,4,18,,22.22,1972-06-09,175,"WHO Weekly Epidemiological Record 1972;47(23), 9 Jun 1972 - Diseases Subject to the Regulations, Nigeria cholera by state, 2-8 and 9-15 April 1972",0.7,"Source states: 'NIGERIA - NIGERIA  2-8 IV | 9-15 IV :  States: North-Central  4 0 | 0 0 ;  Western  18 4 | 24 2' - interpreted as 18 sCh cases, 4 deaths. WESTERN STATE (modern Oyo, Ogun, Ondo, Osun, Ekiti), no division breakdown, hence Multi_State. Distinct from the North-Central Multi_State row for the same week. SUBSET of the 1972 national annual row (1,363 / 96) in ./data/NGA/cholera_data_jhu.csv; do NOT sum with it. Nigeria had NO sub-national data at all for 1972 before this row. From the WER weekly table 'Diseases Subject to the Regulations - Notifications Received', read via the IRIS ORIGINAL-bundle PDF re-rendered with pdftotext -layout. Nigeria used the TWELVE-STATE structure of 1967-1976.",AI,2026-09-21,"Agent 5: merged into Index 1276, which now carries the week total for all historical multi-state units with the per-unit breakdown in processing_notes. Not a rejected figure - a de-duplicated location key."
1286,AFR::NGA::Multi_State,1972-07-23,1972-07-29,0,35,,0.00,1972-12-29,176,"WHO Weekly Epidemiological Record 1972;47(52), 29 Dec 1972 - Diseases Subject to the Regulations, Nigeria cholera by state, 23-29 July and 30 July-5 August 1972",0.7,"Source states: 'NIGERIA - NIGÉRIA  23-29.VII | 30.VII-5.VIII :  States:  Lagos  82 2 | 69 0 ;  North-Central  1 0 | 1s 0 ;  Western {35s 0 | 52s 0' - interpreted as 35 sCh cases, 0 deaths. WESTERN STATE (modern Oyo, Ogun, Ondo, Osun, Ekiti), no division breakdown; the source marks the value 's' for suspect. Distinct from the North-Central Multi_State row for the same week. From the WER weekly table 'Diseases Subject to the Regulations - Notifications Received', read via the IRIS ORIGINAL-bundle PDF re-rendered with pdftotext -layout. Nigeria used the TWELVE-STATE structure of 1967-1976. SUBSET of the 1972 national annual row (1,363 / 96) in ./data/NGA/cholera_data_jhu.csv; do NOT sum with it.",AI,2026-09-21,"Agent 5: merged into Index 1284, which now carries the week total for all historical multi-state units with the per-unit breakdown in processing_notes. Not a rejected figure - a de-duplicated location key."
1287,AFR::NGA::Multi_State,1972-07-30,1972-08-05,0,52,,0.00,1972-12-29,176,"WHO Weekly Epidemiological Record 1972;47(52), 29 Dec 1972 - Diseases Subject to the Regulations, Nigeria cholera by state, 23-29 July and 30 July-5 August 1972",0.7,"Source states: 'NIGERIA - NIGÉRIA  23-29.VII | 30.VII-5.VIII :  States:  Lagos  82 2 | 69 0 ;  North-Central  1 0 | 1s 0 ;  Western {35s 0 | 52s 0' - interpreted as 52 sCh cases, 0 deaths. WESTERN STATE, week 30 Jul-5 Aug 1972, source-marked 's' for suspect. Distinct from the North-Central Multi_State row for the same week. From the WER weekly table 'Diseases Subject to the Regulations - Notifications Received', read via the IRIS ORIGINAL-bundle PDF re-rendered with pdftotext -layout. Nigeria used the TWELVE-STATE structure of 1967-1976. SUBSET of the 1972 national annual row (1,363 / 96) in ./data/NGA/cholera_data_jhu.csv; do NOT sum with it.",AI,2026-09-21,"Agent 5: merged into Index 1285, which now carries the week total for all historical multi-state units with the per-unit breakdown in processing_notes. Not a rejected figure - a de-duplicated location key."
1295,AFR::NGA::Multi_State,1974-04-07,1974-04-13,0,10,,0.00,1974-05-24,180,"WHO Weekly Epidemiological Record 1974;49(21), 24 May 1974 - Diseases Subject to the Regulations, Nigeria cholera by state and province, 31 March-6 April and 7-13 April 1974",0.7,"Source states: 'NIGERIA - NIGERIA  31.III-6.IV | 7-13.IV :  Mid-Western State  2 0 | 2 0 ;  North-Central State  (blank) | 10 0' - interpreted as 10 sCh cases, 0 deaths. NORTH-CENTRAL STATE (modern Kaduna + Katsina), no province breakdown. Distinct from the Mid-Western Multi_State row for the same week. From the WER weekly table 'Diseases Subject to the Regulations - Notifications Received', read via the IRIS ORIGINAL-bundle PDF re-rendered with pdftotext -layout. Nigeria used the TWELVE-STATE structure of 1967-1976. NOTE ON WER REPORTING LAG: the issue date and the reporting period differ by up to six months, so a 1974 issue can carry 1973 data; the period printed in the table, not the issue year, determines TL/TR.",AI,2026-09-21,"Agent 5: merged into Index 1294, which now carries the week total for all historical multi-state units with the per-unit breakdown in processing_notes. Not a rejected figure - a de-duplicated location key."
1281,AFR::NGA::Multi_State,1972-04-09,1972-04-15,0,0,,0.0,1972-06-09,175,"WHO Weekly Epidemiological Record 1972;47(23), 9 Jun 1972 - Diseases Subject to the Regulations, Nigeria cholera by state, 2-8 and 9-15 April 1972",0.85,"Source confirms zero cholera transmission 1972-04-09..1972-04-15. Source states: 'NIGERIA - NIGERIA  2-8 IV | 9-15 IV :  States: North-Central  4 0 | 0 0 ;  Western  18 4 | 24 2'. Evidence type: Documented_Absence. Surveillance system status during absence: operational. NORTH-CENTRAL STATE (modern Kaduna + Katsina) printed as 0 cases / 0 deaths for 9-15 April 1972 in the same table that records 4 cases for the preceding week. Documented_Absence, surveillance operational. Note this is the North-Central row, not the Western State row, which reported 24 cases in the same week.",AI,2026-09-21,"Agent 5: this documented-absence row asserted zero cholera on the same (location, period) key that index 1278 carries 24 cases for, because two different historical states both map to Multi_State. The nil return is preserved verbatim in index 1278 processing_notes."
6,AFR::NGA,2004-01-01,2008-12-31,1387,74881,,1.85,2009-06-30,8,Federal Ministry of Health Nigeria,0.7,"Source states: '2004-2008 surveillance: 74881 cases 1387 deaths across 12 states' - multi-year aggregated federal surveillance. Multi-year aggregate flagged with reduced weight. [AGENT 2 REVISION 2026-09-21] DOUBLE-COUNTING: National total - includes provinces not individually listed. Primary national count for its period; the sub-national rows nested inside it must not be summed with it. Sub-national rows falling inside this 2004-2008 window: index 410 (Edo 2004), 411 (Borno/Ngala 2005), 412 (Kaduna/Zaria 2008), 413 (Zamfara 2008), all from the Charnley et al. peer-reviewed compilation. They are event snapshots, not a partition, and together account for only 528 of this row's 74,881 cases. (reason: Agent 2: sub-national rows added inside this multi-year national window)",AI,2026-09-21,"Agent 5: replaced by a properly cited row carrying the identical figures. The old row's only citation was metadata index 8 'Federal Ministry of Health Nigeria' with the bare domain https://www.health.gov.ng and a paraphrased rather than quoted source statement. The primary text was located (Dalhat et al., Pan African Medical Journal 2018;30:5, PMC6093587) and the figures re-entered against metadata index 201 at confidence 0.4 with the WHO-annual conflict documented. No value is lost."
2104,AFR::NGA::Katsina,1982-01-01,1982-12-31,51,662,,7.70,2012-08-01,61,Adagbada et al. 2012 Pan African Medical Journal Cholera Epidemiology in Nigeria (state tables),0.8,"Source states: 'Table 2 Data from studies on major cholera outbreaks in Nigeria, 1991-1999 | 1992 | Katsina | Well water | 662 | 7.7% | Ogawa | 11-30 years' - interpreted as 662 sCh cases. Provincial subset - do not sum with national row. FIRST observation of ANY kind for 1992 in this file, which previously jumped from 1991 to 1995. Source of infection recorded as well water; serotype Ogawa; modal age group 11-30 years. Deaths NOT recorded: the table prints only a CFR of 7.7 per cent, which would imply about 51 deaths, and back-calculating from a two-significant-figure CFR would manufacture precision the source does not carry. The other five rows of this table (Cross River 1991 588, Kano 1995/6 2630, Kano 1997 847, Kano 1999 2347, Ibadan 1996 1384) are already on file as Indices 518, 521, 519, 520 and 3 respectively and were NOT re-added. [AGENT agent-2-geographic-expansion REVISION 2026-09-21] DATE CORRECTED 2026-09-22 from 1992 to 1982, and deaths added. The Adagbada et al. Table 2 row was read as '1992 Katsina 662 cases CFR 7.7%', but its cited primary source is Umoh JU, Adesiyun AA, Adekeye JO, Nadarajah M (1983), 'Epidemiological features of an outbreak of gastroenteritis/cholera in Katsina, Northern Nigeria', Epidemiology and Infection 91(1):101-111 - a 1983 publication cannot describe a 1992 outbreak. The Charnley et al. 2022 curated sub-national dataset for Nigeria (github.com/GinaCharnley/cholera_data_drc_nga, entry NGA82-4-1-1) independently dates the same 662-case, 51-death, Ogawa-serotype, well-water Katsina outbreak to April 1982 and supplies the death count of 51 that the Adagbada table gave only as a 7.7 per cent CFR. 51/662 = 7.70 per cent, which reproduces the printed CFR exactly and confirms the identification. The year in the Adagbada table is therefore a typographical error. This row is now the only 1982 observation in the file; 1992 reverts to having none. (reason: Primary-source publication year (1983) makes 1992 impossible; second independent dataset dates it to April 1982 and supplies deaths that reproduce the printed CFR exactly)",AI,2026-09-21,"Duplicate of Index 1, which already carries Katsina 662 cases for calendar 1982. The death count of 51 recovered from the Charnley dataset has been merged into Index 1 instead, so no information is lost and the same_period_conflict this row created is removed."
2216,AFR::NGA::Bauchi,2018-04-23,2018-04-29,,218,,,2022-03-30,359,"Charnley et al. 2022 sub-national cholera dataset for Nigeria (GitHub GinaCharnley/cholera_data_drc_nga, NGA-Table 1.csv)",0.6,"Source states: 'Charnley et al. curated Nigeria cholera dataset, entry NGA18-4-29-2: Bauchi, date 2018-04-29, cases 218; primary reference NCDC Weekly Epidemiological Report (ncdc.gov.ng/reports)' - interpreted as 218 sCh cases. Extracted from the Charnley et al. curated Nigerian sub-national cholera dataset (entry NGA18-4-29-2); the row's own primary reference is the NCDC Weekly Epidemiological Report. The source records a single date of 2018-04-29, a SUNDAY. Across this series every 2017 and 2018 entry falls on a Sunday and every 2019-2021 entry on a Monday, which identifies the convention as week-END for 2017-2018 and week-START for 2019-2021. This row therefore spans the Monday-to-Sunday week ENDING on the printed date. That mapping is THIS AGENT'S INTERPRETATION of the convention, not something the source prints, and is flagged as such. WEEKLY INCREMENT, not a cumulative: NCDC Weekly Epidemiological Reports print new suspected cases per state for the reporting week. Do NOT sum this row with any cumulative state row for the same year. Provincial subset - do not sum with national row. UNRESOLVED PARALLEL EXTRACTION, FLAGGED FOR THE QUALITY AUDIT: this file already contains a separate extraction of the same NCDC weekly series (rows 663-714, added by an earlier pass). On the 21 week-ending dates where the two extractions cover the same state, they NEVER agree and the earlier extraction is systematically the smaller - for example Kano week ending 2018-09-09 at 6 cases there against 216 here, and Zamfara week ending 2018-09-02 at 76 against 568. Only the 21 colliding week-ends were withheld; this row is one of the 204 state-weeks the earlier extraction does not cover at all. The two extractions cannot both be right and a human should adjudicate which column of the NCDC report each read. Confidence is set to 0.6 - below the Level 2 floor - for that reason.",AI,2026-09-21,Second of two Charnley entries dated 29 April 2018 for the same state with no distinguishing information; retained as an alternative value in the processing_notes of the surviving row rather than as a conflicting duplicate
2217,AFR::NGA::Ebonyi,2018-04-23,2018-04-29,,1,,,2022-03-30,359,"Charnley et al. 2022 sub-national cholera dataset for Nigeria (GitHub GinaCharnley/cholera_data_drc_nga, NGA-Table 1.csv)",0.6,"Source states: 'Charnley et al. curated Nigeria cholera dataset, entry NGA18-4-29-2: Ebonyi, date 2018-04-29, cases 1; primary reference NCDC Weekly Epidemiological Report (ncdc.gov.ng/reports)' - interpreted as 1 sCh cases. Extracted from the Charnley et al. curated Nigerian sub-national cholera dataset (entry NGA18-4-29-2); the row's own primary reference is the NCDC Weekly Epidemiological Report. The source records a single date of 2018-04-29, a SUNDAY. Across this series every 2017 and 2018 entry falls on a Sunday and every 2019-2021 entry on a Monday, which identifies the convention as week-END for 2017-2018 and week-START for 2019-2021. This row therefore spans the Monday-to-Sunday week ENDING on the printed date. That mapping is THIS AGENT'S INTERPRETATION of the convention, not something the source prints, and is flagged as such. WEEKLY INCREMENT, not a cumulative: NCDC Weekly Epidemiological Reports print new suspected cases per state for the reporting week. Do NOT sum this row with any cumulative state row for the same year. Provincial subset - do not sum with national row. UNRESOLVED PARALLEL EXTRACTION, FLAGGED FOR THE QUALITY AUDIT: this file already contains a separate extraction of the same NCDC weekly series (rows 663-714, added by an earlier pass). On the 21 week-ending dates where the two extractions cover the same state, they NEVER agree and the earlier extraction is systematically the smaller - for example Kano week ending 2018-09-09 at 6 cases there against 216 here, and Zamfara week ending 2018-09-02 at 76 against 568. Only the 21 colliding week-ends were withheld; this row is one of the 204 state-weeks the earlier extraction does not cover at all. The two extractions cannot both be right and a human should adjudicate which column of the NCDC report each read. Confidence is set to 0.6 - below the Level 2 floor - for that reason.",AI,2026-09-21,Second of two Charnley entries dated 29 April 2018 for the same state with no distinguishing information; retained as an alternative value in the processing_notes of the surviving row rather than as a conflicting duplicate
2462,AFR::NGA::Zamfara,2023-01-01,2023-12-31,,914,,,2023-12-31,20,Zamfara State Outbreak,0.9,"Source states: 'Cumulative Epi-Summary: As of 2023-12-31, a total of 3,683 suspected cases including 128 deaths have been reported ... Zamfara (914 cases)' - interpreted as 914 sCh cases. Provincial subset - do not sum with national row. CUMULATIVE from 1 January 2023 to the NCDC cut-off of 2023-12-31; these are running totals, NOT weekly increments, and must NOT be summed through time nor added to the 2023 weekly increment rows already in this file. ARITHMETIC: the 7 named states sum to 3020 against the national total of 3683 cases / 128 deaths printed in the same paragraph, i.e. 82.0 per cent; the residual falls in the states the report does not name, which it lists only as a count. Deaths are given nationally only and are NOT apportioned to states. Source: NCDC Cholera Situation Report Monthly Epidemiological Report 12 Epi Week 48-52: (27 November 2023 - 31 December 2023).",AI,2026-09-22,"Exact corroboration of Index 16, not a new observation: the NCDC monthly report cumulative state table as of 31 December 2023 prints Zamfara 914 cases, identical to the case count already on file, and adds no death count. Retracted and recorded as corroboration in that row instead."
2463,AFR::NGA::Cross_River,2023-01-01,2023-12-31,,718,,,2023-12-31,20,Zamfara State Outbreak,0.9,"Source states: 'Cumulative Epi-Summary: As of 2023-12-31, a total of 3,683 suspected cases including 128 deaths have been reported ... Cross River (718 cases)' - interpreted as 718 sCh cases. Provincial subset - do not sum with national row. CUMULATIVE from 1 January 2023 to the NCDC cut-off of 2023-12-31; these are running totals, NOT weekly increments, and must NOT be summed through time nor added to the 2023 weekly increment rows already in this file. ARITHMETIC: the 7 named states sum to 3020 against the national total of 3683 cases / 128 deaths printed in the same paragraph, i.e. 82.0 per cent; the residual falls in the states the report does not name, which it lists only as a count. Deaths are given nationally only and are NOT apportioned to states. Source: NCDC Cholera Situation Report Monthly Epidemiological Report 12 Epi Week 48-52: (27 November 2023 - 31 December 2023).",AI,2026-09-22,"Exact corroboration of Index 17, not a new observation: the NCDC monthly report cumulative state table as of 31 December 2023 prints Cross_River 718 cases, identical to the case count already on file, and adds no death count. Retracted and recorded as corroboration in that row instead."
2464,AFR::NGA::Katsina,2023-01-01,2023-12-31,,343,,,2023-12-31,20,Zamfara State Outbreak,0.9,"Source states: 'Cumulative Epi-Summary: As of 2023-12-31, a total of 3,683 suspected cases including 128 deaths have been reported ... Katsina (343 cases)' - interpreted as 343 sCh cases. Provincial subset - do not sum with national row. CUMULATIVE from 1 January 2023 to the NCDC cut-off of 2023-12-31; these are running totals, NOT weekly increments, and must NOT be summed through time nor added to the 2023 weekly increment rows already in this file. ARITHMETIC: the 7 named states sum to 3020 against the national total of 3683 cases / 128 deaths printed in the same paragraph, i.e. 82.0 per cent; the residual falls in the states the report does not name, which it lists only as a count. Deaths are given nationally only and are NOT apportioned to states. Source: NCDC Cholera Situation Report Monthly Epidemiological Report 12 Epi Week 48-52: (27 November 2023 - 31 December 2023).",AI,2026-09-22,"Exact corroboration of Index 242, not a new observation: the NCDC monthly report cumulative state table as of 31 December 2023 prints Katsina 343 cases, identical to the case count already on file, and adds no death count. Retracted and recorded as corroboration in that row instead."
2465,AFR::NGA::Bayelsa,2023-01-01,2023-12-31,,319,,,2023-12-31,20,Zamfara State Outbreak,0.9,"Source states: 'Cumulative Epi-Summary: As of 2023-12-31, a total of 3,683 suspected cases including 128 deaths have been reported ... Bayelsa (319 cases)' - interpreted as 319 sCh cases. Provincial subset - do not sum with national row. CUMULATIVE from 1 January 2023 to the NCDC cut-off of 2023-12-31; these are running totals, NOT weekly increments, and must NOT be summed through time nor added to the 2023 weekly increment rows already in this file. ARITHMETIC: the 7 named states sum to 3020 against the national total of 3683 cases / 128 deaths printed in the same paragraph, i.e. 82.0 per cent; the residual falls in the states the report does not name, which it lists only as a count. Deaths are given nationally only and are NOT apportioned to states. Source: NCDC Cholera Situation Report Monthly Epidemiological Report 12 Epi Week 48-52: (27 November 2023 - 31 December 2023).",AI,2026-09-22,"Exact corroboration of Index 243, not a new observation: the NCDC monthly report cumulative state table as of 31 December 2023 prints Bayelsa 319 cases, identical to the case count already on file, and adds no death count. Retracted and recorded as corroboration in that row instead."
2466,AFR::NGA::Ogun,2023-01-01,2023-12-31,,295,,,2023-12-31,20,Zamfara State Outbreak,0.9,"Source states: 'Cumulative Epi-Summary: As of 2023-12-31, a total of 3,683 suspected cases including 128 deaths have been reported ... Ogun (295 cases)' - interpreted as 295 sCh cases. Provincial subset - do not sum with national row. CUMULATIVE from 1 January 2023 to the NCDC cut-off of 2023-12-31; these are running totals, NOT weekly increments, and must NOT be summed through time nor added to the 2023 weekly increment rows already in this file. ARITHMETIC: the 7 named states sum to 3020 against the national total of 3683 cases / 128 deaths printed in the same paragraph, i.e. 82.0 per cent; the residual falls in the states the report does not name, which it lists only as a count. Deaths are given nationally only and are NOT apportioned to states. Source: NCDC Cholera Situation Report Monthly Epidemiological Report 12 Epi Week 48-52: (27 November 2023 - 31 December 2023).",AI,2026-09-22,"Exact corroboration of Index 244, not a new observation: the NCDC monthly report cumulative state table as of 31 December 2023 prints Ogun 295 cases, identical to the case count already on file, and adds no death count. Retracted and recorded as corroboration in that row instead."
2467,AFR::NGA::Ebonyi,2023-01-01,2023-12-31,,236,,,2023-12-31,20,Zamfara State Outbreak,0.9,"Source states: 'Cumulative Epi-Summary: As of 2023-12-31, a total of 3,683 suspected cases including 128 deaths have been reported ... Ebonyi (236 cases)' - interpreted as 236 sCh cases. Provincial subset - do not sum with national row. CUMULATIVE from 1 January 2023 to the NCDC cut-off of 2023-12-31; these are running totals, NOT weekly increments, and must NOT be summed through time nor added to the 2023 weekly increment rows already in this file. ARITHMETIC: the 7 named states sum to 3020 against the national total of 3683 cases / 128 deaths printed in the same paragraph, i.e. 82.0 per cent; the residual falls in the states the report does not name, which it lists only as a count. Deaths are given nationally only and are NOT apportioned to states. Source: NCDC Cholera Situation Report Monthly Epidemiological Report 12 Epi Week 48-52: (27 November 2023 - 31 December 2023).",AI,2026-09-22,"Exact corroboration of Index 245, not a new observation: the NCDC monthly report cumulative state table as of 31 December 2023 prints Ebonyi 236 cases, identical to the case count already on file, and adds no death count. Retracted and recorded as corroboration in that row instead."
2468,AFR::NGA::Niger,2023-01-01,2023-12-31,,195,,,2023-12-31,20,Zamfara State Outbreak,0.9,"Source states: 'Cumulative Epi-Summary: As of 2023-12-31, a total of 3,683 suspected cases including 128 deaths have been reported ... Niger (195 cases)' - interpreted as 195 sCh cases. Provincial subset - do not sum with national row. CUMULATIVE from 1 January 2023 to the NCDC cut-off of 2023-12-31; these are running totals, NOT weekly increments, and must NOT be summed through time nor added to the 2023 weekly increment rows already in this file. ARITHMETIC: the 7 named states sum to 3020 against the national total of 3683 cases / 128 deaths printed in the same paragraph, i.e. 82.0 per cent; the residual falls in the states the report does not name, which it lists only as a count. Deaths are given nationally only and are NOT apportioned to states. Source: NCDC Cholera Situation Report Monthly Epidemiological Report 12 Epi Week 48-52: (27 November 2023 - 31 December 2023).",AI,2026-09-22,"Exact corroboration of Index 246, not a new observation: the NCDC monthly report cumulative state table as of 31 December 2023 prints Niger 195 cases, identical to the case count already on file, and adds no death count. Retracted and recorded as corroboration in that row instead."
2601,AFR::NGA::Akwa_Ibom,2021-10-26,2021-12-19,0,0,,0.0,2021-12-19,377,"NCDC Cholera Situation Report Weekly Epidemiological Report 27, Epi Week 50 2021 (13-19 December 2021)",0.8,"Source confirms zero cholera transmission 2021-10-26..2021-12-19. Source states: 'Thirty-two states and FCT have reported suspected cholera cases in 2021. These are Abia, Adamawa, Bauchi, Bayelsa, Benue, Borno, Cross River, Delta, Ebonyi, Ekiti, Enugu, FCT, Gombe, Jigawa, Kaduna, Kano, Katsina, Kebbi, Kogi, Kwara, Lagos, Nasarawa, Niger, Ogun, Ondo, Osun, Oyo, Plateau, Sokoto, Taraba, Yobe, Rivers and Zamfara'. Evidence type: Documented_Absence. Surveillance system status during absence: operational. Extension of the Elimian window (Index 2597) forward to the week NCDC's own cumulative list first names Akwa Ibom. The cumulative year-to-date enumeration is the backfill-safe instrument here: unlike the 'in the reporting week' list, which this agent demonstrated is systematically incomplete, it is a running statement of which states have reported AT ANY POINT in the year, so a late report adds the state retroactively. Akwa Ibom is absent from all fifteen issues from epi week 32 to epi week 50 of 2021 and first appears at epi week 51 (20-26 December 2021), which is where the 13 Akwa Ibom cases in the NCDC 2021 annual row (Index 171) belong. Surveillance operational: NCDC published a weekly national cholera sitrep throughout 2021 with a level-2 national EOC activated from 22 June 2021. TR is the last day of epi week 50.",AI,2026-09-22,"RETRACTED BY THE AGENT THAT WROTE IT, 20 minutes after writing it, on direct contradicting evidence. The row asserted Akwa Ibom absence 2021-10-26..2021-12-19 on the strength of NCDC's cumulative year-to-date reporting-state list, which first names Akwa Ibom at epi week 51 of 2021. The JHU/IDSR weekly layer records Akwa Ibom cases in EVERY week from 8 November to 26 December 2021 (1, 2, 1, 3, 2, 2, 2), summing to exactly the 13 cases in the NCDC 2021 annual row (Index 171). NCDC's cumulative list therefore lagged the IDSR stream by about six weeks in naming Akwa Ibom, and absence from it is not absence of disease. The neighbouring row Index 2597 (Akwa Ibom 2020-10-12..2021-10-25, Elimian et al. closed table) is NOT affected: the first IDSR-recorded Akwa Ibom case of 2021 is the week beginning 8 November, after that window closes."
2726,AFR::NGA::Borno,2009-10-23,2009-10-23,70,,,,2022-03-31,413,"Charnley et al. 2022 BMC Infect Dis - NGA-Table 1.csv, pre-2010 deaths-only entries (EM-DAT and ProMED provenance)",0.35,"Source states: 'Charnley et al. NGA-Table 1.csv, entry NGA09-10-23-1: Year 2009, Date '23 Oct', State Borno, Cases blank, Deaths 70, Reference https://promedmail.org/promed-posts/' - interpreted as 70 deaths. DEATHS ONLY - no case count. A single-day ProMED datapoint for Borno State on 23 October 2009. ENTERED WITH A LOW WEIGHT BECAUSE IT SITS AWKWARDLY WITH INDEX 415, which gives Borno 1,335 cases and 149 deaths for 1-16 October 2009 from the same compilation: 70 deaths reported a week AFTER a figure of 149 is either a partial re-report, a different reporting stream, or an earlier snapshot that ProMED relayed late. It is NOT additive with Index 415 under any reading. The reason it is here at all is that Borno 2009 is otherwise a two-point series and the epidemic ran into November. Confidence 0.35, the lowest of anything I have written this session. A modeller should feel free to drop it. Provincial subset - do not sum with Index 415.",AI,2026-09-22,"Agent 4 self-retraction, same session. Written twenty minutes earlier from Charnley entry NGA09-10-23-1 (Borno, 70 deaths, 23 Oct 2009, ProMED). Retracted for three reasons taken together: (1) it has no case count; (2) it has no defensible period - a single-day TL=TR for what is plainly a cumulative re-report, which the validator correctly flags as period_single_day; (3) it contradicts Index 415 from the SAME compilation, which gives Borno 1,335 cases and 149 deaths for 1-16 October 2009, i.e. more than twice the deaths a week EARLIER. A modeller could do nothing with it that Index 415 does not already do better. The figure is preserved in this tombstone and in ./data/NGA/search_log_agent_4.txt so nothing is lost."
20,AFR::NGA::Abia,2023-01-01,2023-12-31,7,310,,2.26,2024-03-31,7,NCDC Cholera Situation Reports,0.2,"Source states: 'Abia State cholera 2023 surveillance' - NCDC state reports. Provincial subset of national 2023 data. [AGENT 2 REVISION 2026-09-21] Provincial subset - do not sum with national row. SUPERSEDED AND NON-PRIMARY. This row claims 310 suspected cases and 7 deaths for Abia in 2023. The primary source - NCDC Cholera Situation Report epi week 52 of 2023, Table 7, the national surveillance report from which the 2023 state breakdown is drawn - gives Abia 142 cases and 7 deaths for the identical calendar-year period. The discrepancy is more than double, and the NCDC state values sum exactly to the printed national total of 3,683/128, so there is no room in the national figure for the larger value claimed here. Index 247 carries the NCDC figure and is the primary row for Abia 2023. This row is retained but downweighted to 0.2 and must not be used; it is not retracted because conflict adjudication and retraction are Agent 5/7's responsibility. (reason: Agent 2: contradicted by the NCDC epi week 52 2023 primary state table) [AGENT 5 REVISION 2026-09-21] [AGENT 5 CONFLICT ADJUDICATION 2026-09-21] Conflicting row named: Index 247, same location and period, 142 cases / 7 deaths, cited to the NCDC Cholera Situation Report epi week 52 national state table - the dated year-end official enumeration whose columns close to the printed national total. This row carries 310 cases / 7 deaths. The NCDC year-end table gives 142 cases against this row's 310 for the same state-year. ADJUDICATION: INDEX 247 IS PRIMARY; this row is NON-PRIMARY. Rule applied: WHO/government official over other, and dated final over undated. The figures are NOT averaged and this row is NOT deleted - it is a defensible alternative estimate from a weaker citation and deleting it would destroy the disagreement rather than record it. (reason: Agent 5 conflict resolution: state-year figure superseded by the NCDC epi-week-52 national table)",AI,2026-09-22,"Agent 5 cross-reference: falsified by the NCDC Cholera Situation Report epi week 52 2023 Table 7 primary PDF (ncdc.gov.ng/themes/common/files/sitreps/bd3442b030951d6ed73d475d1d4d0c18.pdf), whose 31 state values I summed to exactly the printed national 3,683 cases / 128 deaths, leaving no room for this larger value. Primary gives Abia 142/7; this row claimed 310 cases. The five falsified 2023 state rows sum to 1,951 where the primary gives 245; retaining them would imply a national of 5,390 against a printed 3,683. Their implied CFRs cluster at 2.11-2.47% across five independent states, the signature of counts generated against an assumed national CFR. Superseded by the verified primary row."
21,AFR::NGA::Bauchi,2023-01-01,2023-12-31,9,420,,2.14,2024-03-31,7,NCDC Cholera Situation Reports,0.2,"Source states: 'Bauchi State cholera 2023 surveillance' - NCDC state reports. Provincial subset of national 2023 data. [AGENT 2 REVISION 2026-09-21] Provincial subset - do not sum with national row. SUPERSEDED AND NON-PRIMARY. This row claims 420 suspected cases and 9 deaths for Bauchi in 2023. The primary source - NCDC Cholera Situation Report epi week 52 of 2023, Table 7, the national surveillance report from which the 2023 state breakdown is drawn - gives Bauchi 30 cases and 1 deaths for the identical calendar-year period. The discrepancy is fourteen-fold, and the NCDC state values sum exactly to the printed national total of 3,683/128, so there is no room in the national figure for the larger value claimed here. Index 255 carries the NCDC figure and is the primary row for Bauchi 2023. This row is retained but downweighted to 0.2 and must not be used; it is not retracted because conflict adjudication and retraction are Agent 5/7's responsibility. (reason: Agent 2: contradicted by the NCDC epi week 52 2023 primary state table) [AGENT 5 REVISION 2026-09-21] [AGENT 5 CONFLICT ADJUDICATION 2026-09-21] Conflicting row named: Index 255, same location and period, 30 cases / 1 deaths, cited to the NCDC Cholera Situation Report epi week 52 national state table - the dated year-end official enumeration whose columns close to the printed national total. This row carries 420 cases / 9 deaths. The NCDC year-end table gives 30 cases / 1 death against this row's 420 / 9 for the same state-year. ADJUDICATION: INDEX 255 IS PRIMARY; this row is NON-PRIMARY. Rule applied: WHO/government official over other, and dated final over undated. The figures are NOT averaged and this row is NOT deleted - it is a defensible alternative estimate from a weaker citation and deleting it would destroy the disagreement rather than record it. (reason: Agent 5 conflict resolution: state-year figure superseded by the NCDC epi-week-52 national table)",AI,2026-09-22,"Agent 5 cross-reference: falsified by the NCDC Cholera Situation Report epi week 52 2023 Table 7 primary PDF (ncdc.gov.ng/themes/common/files/sitreps/bd3442b030951d6ed73d475d1d4d0c18.pdf), whose 31 state values I summed to exactly the printed national 3,683 cases / 128 deaths, leaving no room for this larger value. Primary gives Bauchi 30/1; this row claimed 420 cases. The five falsified 2023 state rows sum to 1,951 where the primary gives 245; retaining them would imply a national of 5,390 against a printed 3,683. Their implied CFRs cluster at 2.11-2.47% across five independent states, the signature of counts generated against an assumed national CFR. Superseded by the verified primary row."
22,AFR::NGA::Borno,2023-01-01,2023-12-31,11,521,,2.11,2024-03-31,7,NCDC Cholera Situation Reports,0.2,"Source states: 'Borno State cholera 2023 surveillance' - NCDC state reports. Provincial subset of national 2023 data. [AGENT 2 REVISION 2026-09-21] Provincial subset - do not sum with national row. SUPERSEDED AND NON-PRIMARY. This row claims 521 suspected cases and 11 deaths for Borno in 2023. The primary source - NCDC Cholera Situation Report epi week 52 of 2023, Table 7, the national surveillance report from which the 2023 state breakdown is drawn - gives Borno 38 cases and 6 deaths for the identical calendar-year period. The discrepancy is fourteen-fold, and the NCDC state values sum exactly to the printed national total of 3,683/128, so there is no room in the national figure for the larger value claimed here. Index 252 carries the NCDC figure and is the primary row for Borno 2023. This row is retained but downweighted to 0.2 and must not be used; it is not retracted because conflict adjudication and retraction are Agent 5/7's responsibility. (reason: Agent 2: contradicted by the NCDC epi week 52 2023 primary state table) [AGENT 5 REVISION 2026-09-21] [AGENT 5 CONFLICT ADJUDICATION 2026-09-21] Conflicting row named: Index 252, same location and period, 38 cases / 6 deaths, cited to the NCDC Cholera Situation Report epi week 52 national state table - the dated year-end official enumeration whose columns close to the printed national total. This row carries 521 cases / 11 deaths. The NCDC year-end table gives 38 cases / 6 deaths against this row's 521 / 11 for the same state-year. ADJUDICATION: INDEX 252 IS PRIMARY; this row is NON-PRIMARY. Rule applied: WHO/government official over other, and dated final over undated. The figures are NOT averaged and this row is NOT deleted - it is a defensible alternative estimate from a weaker citation and deleting it would destroy the disagreement rather than record it. (reason: Agent 5 conflict resolution: state-year figure superseded by the NCDC epi-week-52 national table)",AI,2026-09-22,"Agent 5 cross-reference: falsified by the NCDC Cholera Situation Report epi week 52 2023 Table 7 primary PDF (ncdc.gov.ng/themes/common/files/sitreps/bd3442b030951d6ed73d475d1d4d0c18.pdf), whose 31 state values I summed to exactly the printed national 3,683 cases / 128 deaths, leaving no room for this larger value. Primary gives Borno 38/6; this row claimed 521 cases. The five falsified 2023 state rows sum to 1,951 where the primary gives 245; retaining them would imply a national of 5,390 against a printed 3,683. Their implied CFRs cluster at 2.11-2.47% across five independent states, the signature of counts generated against an assumed national CFR. Superseded by the verified primary row."
23,AFR::NGA::Delta,2023-01-01,2023-12-31,5,215,,2.33,2024-03-31,7,NCDC Cholera Situation Reports,0.2,"Source states: 'Delta State cholera 2023 surveillance' - NCDC state reports. Provincial subset of national 2023 data. [AGENT 2 REVISION 2026-09-21] Provincial subset - do not sum with national row. SUPERSEDED AND NON-PRIMARY. This row claims 215 suspected cases and 5 deaths for Delta in 2023. The primary source - NCDC Cholera Situation Report epi week 52 of 2023, Table 7, the national surveillance report from which the 2023 state breakdown is drawn - gives Delta 20 cases and 6 deaths for the identical calendar-year period. The discrepancy is ten-fold, and the NCDC state values sum exactly to the printed national total of 3,683/128, so there is no room in the national figure for the larger value claimed here. Index 258 carries the NCDC figure and is the primary row for Delta 2023. This row is retained but downweighted to 0.2 and must not be used; it is not retracted because conflict adjudication and retraction are Agent 5/7's responsibility. (reason: Agent 2: contradicted by the NCDC epi week 52 2023 primary state table) [AGENT 5 REVISION 2026-09-21] [AGENT 5 CONFLICT ADJUDICATION 2026-09-21] Conflicting row named: Index 258, same location and period, 20 cases / 6 deaths, cited to the NCDC Cholera Situation Report epi week 52 national state table - the dated year-end official enumeration whose columns close to the printed national total. This row carries 215 cases / 5 deaths. The NCDC year-end table gives 20 cases / 6 deaths against this row's 215 / 5 for the same state-year. ADJUDICATION: INDEX 258 IS PRIMARY; this row is NON-PRIMARY. Rule applied: WHO/government official over other, and dated final over undated. The figures are NOT averaged and this row is NOT deleted - it is a defensible alternative estimate from a weaker citation and deleting it would destroy the disagreement rather than record it. (reason: Agent 5 conflict resolution: state-year figure superseded by the NCDC epi-week-52 national table)",AI,2026-09-22,"Agent 5 cross-reference: falsified by the NCDC Cholera Situation Report epi week 52 2023 Table 7 primary PDF (ncdc.gov.ng/themes/common/files/sitreps/bd3442b030951d6ed73d475d1d4d0c18.pdf), whose 31 state values I summed to exactly the printed national 3,683 cases / 128 deaths, leaving no room for this larger value. Primary gives Delta 20/6; this row claimed 215 cases. The five falsified 2023 state rows sum to 1,951 where the primary gives 245; retaining them would imply a national of 5,390 against a printed 3,683. Their implied CFRs cluster at 2.11-2.47% across five independent states, the signature of counts generated against an assumed national CFR. Superseded by the verified primary row."
19,AFR::NGA::Plateau,2023-01-01,2023-12-31,12,485,,2.47,2024-03-31,19,Plateau State Surveillance,0.2,"Source states: 'Plateau State cholera 2023 surveillance' - NCDC state reports. Provincial subset of national 2023 data. [AGENT 2 REVISION 2026-09-21] Provincial subset - do not sum with national row. SUPERSEDED AND NON-PRIMARY. This row claims 485 suspected cases and 12 deaths for Plateau in 2023. The primary source - NCDC Cholera Situation Report epi week 52 of 2023, Table 7, the national surveillance report from which the 2023 state breakdown is drawn - gives Plateau 15 cases and 0 deaths for the identical calendar-year period. The discrepancy is an order of magnitude, and the NCDC state values sum exactly to the printed national total of 3,683/128, so there is no room in the national figure for the larger value claimed here. Index 259 carries the NCDC figure and is the primary row for Plateau 2023. This row is retained but downweighted to 0.2 and must not be used; it is not retracted because conflict adjudication and retraction are Agent 5/7's responsibility. (reason: Agent 2: contradicted by the NCDC epi week 52 2023 primary state table) [AGENT 5 REVISION 2026-09-21] [AGENT 5 CONFLICT ADJUDICATION 2026-09-21] Conflicting row named: Index 259, same location and period, 15 cases / 0 deaths, cited to the NCDC Cholera Situation Report epi week 52 national state table - the dated year-end official enumeration whose columns close to the printed national total. This row carries 485 cases / 12 deaths. The NCDC year-end table gives 15 cases / 0 deaths against this row's 485 / 12 for the same state-year - the largest divergence in this group. ADJUDICATION: INDEX 259 IS PRIMARY; this row is NON-PRIMARY. Rule applied: WHO/government official over other, and dated final over undated. The figures are NOT averaged and this row is NOT deleted - it is a defensible alternative estimate from a weaker citation and deleting it would destroy the disagreement rather than record it. (reason: Agent 5 conflict resolution: state-year figure superseded by the NCDC epi-week-52 national table)",AI,2026-09-22,"Agent 5 cross-reference: falsified by the NCDC Cholera Situation Report epi week 52 2023 Table 7 primary PDF (ncdc.gov.ng/themes/common/files/sitreps/bd3442b030951d6ed73d475d1d4d0c18.pdf), whose 31 state values I summed to exactly the printed national 3,683 cases / 128 deaths, leaving no room for this larger value. Primary gives Plateau 15/0; this row claimed 485 cases. The five falsified 2023 state rows sum to 1,951 where the primary gives 245; retaining them would imply a national of 5,390 against a printed 3,683. Their implied CFRs cluster at 2.11-2.47% across five independent states, the signature of counts generated against an assumed national CFR. Superseded by the verified primary row."
16,AFR::NGA::Zamfara,2023-01-01,2023-12-31,30,914,,3.28,2024-03-31,20,Zamfara State Outbreak,0.5,"Source states: 'Zamfara 914 cases 2023' - state-level surveillance via NCDC. Provincial subset of national 2023 data. [AGENT 2 REVISION 2026-09-21] Provincial subset - do not sum with national row. CORROBORATED with a one-case discrepancy: NCDC Cholera Situation Report epi week 52 of 2023 gives Zamfara 913 cases and 28 deaths in Table 7 but 914 cases in its own Table 5 (top-9 states), so the source is internally inconsistent by one case. This row's 914/30 matches NCDC Table 5 on cases. Index 240 carries the Table 7 value and is the primary Zamfara 2023 row. (reason: Agent 2: corroborate against the NCDC epi week 52 2023 state table and mark primacy) [AGENT 5 REVISION 2026-09-21] [AGENT 5 CONFLICT ADJUDICATION 2026-09-21] Conflicting row named: Index 240, same location and period, 913 cases / 28 deaths, cited to the NCDC Cholera Situation Report epi week 52 national state table - the dated year-end official enumeration whose columns close to the printed national total. This row carries 914 cases / 30 deaths. Cases agree to within one (914 vs 913) and deaths to within two (30 vs 28), so this is near-corroboration rather than a real disagreement; the NCDC year-end table is preferred for both. ADJUDICATION: INDEX 240 IS PRIMARY; this row is NON-PRIMARY. Rule applied: WHO/government official over other, and dated final over undated. The figures are NOT averaged and this row is NOT deleted - it is a defensible alternative estimate from a weaker citation and deleting it would destroy the disagreement rather than record it. (reason: Agent 5 conflict resolution: state-year figure superseded by the NCDC epi-week-52 national table) [AGENT agent-2-geographic-expansion REVISION 2026-09-22] CORROBORATED 2026-09-22 by an independent NCDC product: the Cumulative Epi-Summary of the NCDC Cholera Situation Report Monthly Epidemiological Report 12 (Epi Week 48-52, 27 November - 31 December 2023), published on ReliefWeb, prints ""Zamfara (914 cases)"" for the same 1 January - 31 December 2023 period. The case count agrees exactly. That report gives no state-level death counts, so the death count on this row is unchanged and is unaffected. No duplicate row was created. (reason: Recording an exact independent corroboration of the case count rather than adding a duplicate row)",AI,2026-09-22,"Agent 5 cross-reference: superseded by Index 240 (Zamfara 913/28), read directly from NCDC Cholera Situation Report epi week 52 2023 Table 7. Table 7's 31 state values sum to exactly the printed national 3,683/128 with Zamfara at 913, so 913 is the arithmetically supported reading. The 914 in this row IS printed in the same document twice - the prose 'Zamfara (914 cases) accounts for 25%' and Table 5 - so this is an internal inconsistency of NCDC's own report, and the 914 variant has been recorded in Index 240's notes rather than lost. The deaths figure of 30 claimed here appears nowhere in the document; Table 7 gives 28."
17,AFR::NGA::Cross_River,2023-01-01,2023-12-31,12,718,,1.67,2024-03-31,18,Cross River 2022-2023 Outbreak,0.5,"Source states: 'Cross River 2023: 718 cases' - state-level surveillance. Provincial subset of national 2023 data. [AGENT 2 REVISION 2026-09-21] Provincial subset - do not sum with national row. CORROBORATED on cases: NCDC Cholera Situation Report epi week 52 of 2023 gives Cross River 718 cases, identical to this row, but 16 deaths rather than 12. Index 241 carries the NCDC value and is the primary Cross River 2023 row. (reason: Agent 2: corroborate against the NCDC epi week 52 2023 state table and mark primacy) [AGENT 5 REVISION 2026-09-21] [AGENT 5 CONFLICT ADJUDICATION 2026-09-21] Conflicting row named: Index 241, same location and period, 718 cases / 16 deaths, cited to the NCDC Cholera Situation Report epi week 52 national state table - the dated year-end official enumeration whose columns close to the printed national total. This row carries 718 cases / 12 deaths. Cases are IDENTICAL (718) - independent corroboration - and only the deaths differ (12 here vs 16 in the NCDC table). The NCDC year-end figure is preferred for deaths. ADJUDICATION: INDEX 241 IS PRIMARY; this row is NON-PRIMARY. Rule applied: WHO/government official over other, and dated final over undated. The figures are NOT averaged and this row is NOT deleted - it is a defensible alternative estimate from a weaker citation and deleting it would destroy the disagreement rather than record it. (reason: Agent 5 conflict resolution: state-year figure superseded by the NCDC epi-week-52 national table) [AGENT agent-2-geographic-expansion REVISION 2026-09-22] CORROBORATED 2026-09-22 by an independent NCDC product: the Cumulative Epi-Summary of the NCDC Cholera Situation Report Monthly Epidemiological Report 12 (Epi Week 48-52, 27 November - 31 December 2023), published on ReliefWeb, prints ""Cross River (718 cases)"" for the same 1 January - 31 December 2023 period. The case count agrees exactly. That report gives no state-level death counts, so the death count on this row is unchanged and is unaffected. No duplicate row was created. (reason: Recording an exact independent corroboration of the case count rather than adding a duplicate row)",AI,2026-09-22,"Agent 5 cross-reference: superseded by Index 241 (Cross River 718/16), read directly from NCDC Cholera Situation Report epi week 52 2023 Table 7. Cases agree exactly at 718, so nothing is lost on that quantity. The deaths figure of 12 claimed here appears nowhere in the document; Table 7 gives 16, and 16 is the value that makes the 31 state deaths sum to exactly the printed national 128. Retracted as a case-duplicate carrying an unsupported death count."
26,AFR::NGA::FCT,2021-01-01,2021-12-31,12,514,8,2.33,2022-06-30,7,NCDC Cholera Situation Reports,0.2,"Source states: '2021 FCT data 514 suspected 8 confirmed' - Federal Capital Territory Abuja surveillance. cCh = laboratory confirmed subset. [AGENT 2 REVISION 2026-09-21] Provincial subset - do not sum with national row. SUPERSEDED AND NON-PRIMARY. This row claims 514 suspected cases, 8 confirmed and 12 deaths for the Federal Capital Territory in 2021. The primary source - NCDC Cholera Situation Report epi week 52 of 2021, Table 5 - gives FCT 1,286 cumulative suspected cases and 77 deaths (CFR 6.0%) for weeks 1-52 of 2021, and the 34 state values sum exactly to the printed national total. Index 153 carries the NCDC figure and is the primary FCT 2021 row. Retained but downweighted; the confirmed-case value of 8 is the only information here the NCDC table does not carry. (reason: Agent 2: contradicted by the NCDC epi week 52 2021 primary state table) [AGENT 5 REVISION 2026-09-21] [AGENT 5 CONFLICT ADJUDICATION 2026-09-21] Conflicting row named: Index 153, AFR::NGA::FCT 2021-01-01..2021-12-31, 1286 cases / 77 deaths, cited to NCDC Cholera Situation Report epi week 52 of 2021 - the dated, named year-end national surveillance table. This row carries 514 cases / 12 deaths / 8 confirmed from the generic un-dated 'NCDC Cholera Situation Reports' entry. ADJUDICATION: INDEX 153 IS PRIMARY for FCT in 2021; this row is NON-PRIMARY and is downweighted from 0.3 to 0.2. Rule applied: a specific, dated official table supersedes an undated aggregation of the same publisher (CLAUDE.md - final supersedes preliminary; more specific citation preferred). The two figures are NOT averaged. The one thing this row still contributes is a laboratory-confirmed count (cCh = 8) that Index 153 does not carry; note that it belongs to the 514 denominator, not the 1286. (reason: Agent 5 conflict resolution: FCT 2021, generic NCDC aggregation vs the dated epi-week-52 table)",AI,2026-09-22,"Agent 5 cross-reference: falsified for FCT 2021. This row claimed 514 suspected / 8 confirmed / 12 deaths. TWO INDEPENDENT SOURCES agree exactly against it: Index 153 from NCDC Cholera Situation Report epi week 52 2021 Table 5 gives FCT 1,286/77, and Index 2119 from Elimian et al. 2022 BMJ Open Table 3 independently gives FCT 1,286/77 for the 2020-10-12..2021-10-25 epidemic. Two-and-a-half-fold understatement on cases and six-fold on deaths. Attribution was metadata index 7, whose URL is a category listing rather than a document, so the confirmed-case value of 8 that was the only unique content here rests on the same unverifiable citation and is not retained. Value preserved in this tombstone."
549,AFR::NGA::Borno::Kukawa,2018-01-01,2018-02-13,1,502,69,0.20,2018-02-13,58,Charnley et al. 2022 BMC Infectious Diseases Nigeria Sub-National Cholera Dataset,0.6,"Source states: 'Charnley et al. NGA-Table 1, entry NGA18-2-13-1: Date 13 Feb 2018, State Borno, Local Government Area Kukawa, Cases 502, Deaths 1, Confirmed 69' - interpreted as 502 sCh cases, 69 cCh confirmed cases, 1 deaths. Provincial subset - do not sum with national row. Sub-national event record from the Charnley et al. 2022 peer-reviewed open compilation, taken as the largest cumulative snapshot for this state-year; NOT an official annual total and NOT part of an exhaustive partition. TL is set to the first day of the month preceding the report where the report itself falls early in a month, because the source gives report dates rather than onset dates. NCDC published NO LGA-level cholera table for 2018 at all - its 2018 situation reports give only a per-state count of 'LGAs ever reported cases', never the names - so this is the ONLY LGA attribution for the 2018 Nigerian epidemic in this dataset. Kukawa's 502 cases sit inside Borno's NCDC full-year total of 6,439 (index 190).",AI,2026-09-22,"Agent 5 item D1: MISDATED DUPLICATE. This row carried Borno/Kukawa 502 cases / 1 death dated 2018-01-01..2018-02-13, i.e. as a count accumulated UP TO 13 February 2018. The primary Borno State MoH Daily Situation Report of Cholera Outbreak in Borno State No. 1, 8 March 2018 (ReliefWeb disaster ep-2017-000077-nga) states the opposite: 'The total number of cases reported from Baga LGA SINCE THE 13TH OF FEBRUARY 2018 stands at 502, with 1 death (CFR = 0.2%)' - so 502 is the count as at 8 MARCH accumulated FROM 13 February. The correctly dated row is Index 1778 (2018-02-13..2018-03-08, same 502/1, confidence 0.9, cited to the primary rather than to the Charnley secondary), and its own LGA/ward table (Doro 254 + Baga 202 + Kukawa 46) closes to exactly 502. This row was the Charnley secondary reading of the same event with the period reversed, so it both misdated the outbreak by a month and duplicated it. Its cCh=69 is recorded in Index 1778's notes as an RDT screening result (69 positive of 77 tested), not propagated as a laboratory-confirmed subset of the 502."
1533,AFR::NGA,2014-01-01,2014-04-30,22,19160,,0.11,2015-06-11,250,"IFRC Nigeria Epidemic (Cholera) Emergency Plan of Action Operation Update No. 1, DREF MDRNG020, 11 June 2015",0.7,"Source states: 'By the end of April 2015, 2,108 cases had been reported, with 97 deaths, which though compares positively to the same period in 2014 (19,160 cases, and 22 deaths), the CFR rate has risen to 4.76%' - interpreted as 19160 sCh cases, 22 deaths. FIRST NATIONAL 2014 OBSERVATION IN THE AI LAYER - the year previously held eight sub-national rows and no national row, despite 2014 being Nigeria's second-largest cholera year on record. The case figure is highly informative: 19,160 cases by end-April 2014 against a full-year total of 35,996, so more than half the 2014 epidemic had already occurred by the end of April, which is unusual for Nigeria and consistent with the Bauchi outbreak of March-July 2014 (Index 450, 15,500 cases). THE DEATH FIGURE IS FLAGGED AS DOUBTFUL AND IS NOT SILENTLY DROPPED: 22 deaths in 19,160 cases implies a CFR of 0.11 per cent, against 2.10 per cent for the whole of 2014 (755 deaths in 35,996 cases) as printed in the same document two sentences earlier. Either the January-April 2014 death count was still radically incomplete when this comparison was drawn, or 22 is a transcription error in the IFRC text. Both values are transcribed exactly as printed and confidence is set to 0.5, below the Level 2 floor, as a deliberate downgrade. DO NOT use this row to estimate 2014 case fatality. National row - do not sum with 2014 state rows. [AGENT agent-5 REVISION 2026-09-22] [AGENT 5 CONFLICT RESOLUTION 2026-09-22 - ITEM D6, THE IMPLAUSIBLE 22-DEATH 2014 FIGURE] RESOLVED AGAINST THE JHU BASELINE. DEATHS REMOVED; CASES RETAINED AND NOW CORROBORATED. (1) THE 22 IS FALSIFIED, not merely implausible. The JHU baseline carries AFR::NGA 2014-01-01..2014-03-30 with 12,223 cases and 178 DEATHS (JHU Cholera Database UID 802). Deaths to 30 April 2014 cannot therefore be fewer than 178, and the IFRC document's 22 is short by at least a factor of eight. It is a typographical or transcription error in the IFRC Operation Update, not a surveillance figure; the same sentence's own internal logic gives it away, claiming the CFR 'has risen to 4.76%' from an implied 0.11% when Nigeria's 2014 full-year CFR was 755/35,996 = 2.10%. deaths has been set to EMPTY rather than to a guess - no source gives an end-April 2014 death count, and inventing one by interpolation would be fabrication. (2) THE 19,160 CASES ARE INDEPENDENTLY CORROBORATED and are the reason this row is kept and up-weighted rather than retracted. Reconstructing the same quantity from the baseline: JHU 12,223 cases to 30 March, plus the UNICEF Country Programme weekly series (UID 5116) for 31 Mar-6 Apr 1,792; 7-13 Apr 1,727; 14-20 Apr 1,500; 21-27 Apr 1,155; plus the April three-sevenths of the 28 Apr-4 May week's 773, i.e. 331 - totals 18,728 against the IFRC's printed 19,160, a difference of 432 cases or 2.3 per cent. Two independent instruments agree on the case count to within noise. Confidence raised 0.5 -> 0.7 for the surviving case figure. The withdrawn 22 is preserved in this note and in the quoted source text above. (reason: Agent 5 item D6: the 22 deaths are falsified by the JHU baseline's 178 deaths to 30 March 2014; deaths blanked, cases corroborated to within 2.3% and up-weighted)",AI,2026-09-22,"Agent 5 item D6: retracted ONLY so that the falsified death count can be removed. py/revise_observation.py cannot blank a numeric field - its --deaths argument defaults to the empty string, so an explicit empty value is indistinguishable from omitting the flag. The row is being re-added immediately with the identical 19,160 cases, the identical source and period, and NO deaths. THE 22 DEATHS ARE FALSIFIED: the JHU baseline carries AFR::NGA 2014-01-01..2014-03-30 at 12,223 cases and 178 DEATHS (JHU Cholera Database UID 802), so deaths to 30 April 2014 cannot be below 178. THE 19,160 CASES ARE CORROBORATED to within 2.3 per cent by reconstructing the same quantity from JHU plus the UNICEF weekly series (12,223 + 1,792 + 1,727 + 1,500 + 1,155 + 331 = 18,728)."
10,AFR::NGA::Bauchi,2019-06-01,2019-12-31,29,9725,,0.30,2020-06-30,16,Bauchi 2019 State Surveillance,0.2,"Source states: '2019 Bauchi outbreak: 9725 cases with exceptional treatment response CFR 0.3%' - exceptional response. Low CFR flagged but epidemiologically defensible with strong treatment. [AGENT 2 REVISION 2026-09-21] SUPERSEDED AND NON-PRIMARY, and flagged for Agent 5/7. This row claims 9,725 suspected cases and 29 deaths in Bauchi State between June and December 2019. The primary national source - NCDC National Monthly Update for Cholera in Nigeria serial 05, 1 November 2019, Table 1 - reports a NATIONAL 2019 total of 1,583 suspected cases and 22 deaths as at 31 October 2019 from exactly seven states (Adamawa, Bayelsa, Ebonyi, Delta, Kano, Katsina and Plateau). Bauchi is not among them, and 9,725 exceeds the entire national 2019 caseload sixfold. The most likely explanation is that the cited Frontiers review's Bauchi figure belongs to the 2018 epidemic - NCDC's week-43 2018 table gives Bauchi 9,405 cases, which is within 3.3% of 9,725 - and has been mis-dated to 2019. Index 187 carries the NCDC 2018 Bauchi figure. Retained but downweighted; retraction is Agent 5/7's call. (reason: Agent 2: contradicted by the NCDC 2019 national monthly update, and the value matches Bauchi 2018) [AGENT agent-5 REVISION 2026-09-22] [AGENT 5 DOUBLE-COUNTING STATEMENT 2026-09-22] PROVINCIAL SUBSET - DO NOT SUM WITH THE NATIONAL ROW. This is an ADM1 (state) observation that falls inside the period of one or more AFR::NGA national rows. For MOSAIC aggregation the NATIONAL row is the primary count for this period; this state row is a component of it, not an addition to it. The national total already contains these cases. Not additive. (reason: Agent 5 item C: supply the explicit double-counting / primacy statement the national_subnational_overlap check requires)",AI,2026-09-22,"Agent 5 item E: FALSIFIED BY A FACTOR OF FOUR AGAINST THE NATIONAL TOTAL. This row claimed Bauchi State alone had 9,725 suspected cases between June and December 2019. Nigeria's ENTIRE national 2019 count is 2,486 cases and 43 deaths (WHO Annual Cholera Report UID 332, in data/NGA/cholera_data_jhu.csv), so one state is claimed at 3.9 times the whole country. Three further checks: (a) the NCDC National Monthly Update for Cholera serial 05 of 1 November 2019 reports a national 2019 total of 1,583 cases from exactly seven states as at 31 October and BAUCHI IS NOT AMONG THEM; (b) the Charnley curated dataset records only two Bauchi entries in the whole of 2019, of 1 case (6 January) and 2 cases (1 July); (c) the number is a near-copy of Bauchi's 2018 figure - 9,405 cases and 35 deaths, carried independently by TWO sources on file, Index 187 (NCDC Cholera Outbreak Situation Report serial 23, epi week 43 of 2018) and Index 571 - so this is the 2018 Bauchi epidemic mislabelled into 2019. Source was metadata index 16, 'Bauchi 2019 State Surveillance', whose quoted text ('2019 Bauchi outbreak: 9725 cases with exceptional treatment response CFR 0.3%') is narrative rather than tabular. Value preserved in this tombstone."
25,AFR::NGA::Lagos,2024-01-01,2024-12-31,40,1248,,3.21,2025-03-31,3,WHO AFRO Nigeria Surveillance,0.2,"Source states: 'Lagos highest cases 2024' - state-level surveillance. Provincial subset of national 2024 data. [AGENT 2 REVISION 2026-09-21] Provincial subset - do not sum with national row. SUPERSEDED AND NON-PRIMARY. This row claims 1,248 suspected cases and 40 deaths for Lagos across the whole of 2024. The primary source - NCDC Cholera Situation Report epi week 39 of 2024, Table 7 - gives Lagos 4,667 suspected cases and 134 deaths for weeks 1-39 alone (1 Jan - 29 Sep 2024), and Lagos was the 2024 national epicentre, contributing 43% of the national 10,837 cases. The value here is roughly a quarter of the true figure for a shorter period. Index 294 carries the NCDC figure and is the primary Lagos 2024 row. Retained but downweighted; retraction is Agent 5/7's call. (reason: Agent 2: contradicted by the NCDC epi week 39 2024 primary state table)",AI,2026-09-22,"Agent 5 item E: FALSIFIED AND ALREADY MARKED SUPERSEDED. This row claimed Lagos 1,248 cases and 40 deaths for the whole of 2024. The primary, Index 294 from NCDC Cholera Situation Report epi week 39 of 2024 Table 7, gives Lagos 4,667 cases and 134 deaths for weeks 1-39 ALONE - a shorter period with 3.7 times the cases and 3.4 times the deaths - and that table's 36 state values sum to exactly the printed national 10,837 cases and 359 deaths, so it is closed and leaves no room for a smaller Lagos. Lagos was the 2024 national epicentre at 43 per cent of national cases. Retracted for the same reason and by the same test as the 2023 legacy state block (former Indices 16, 17, 19-23, 26): an earlier agent correctly diagnosed it and downweighted to 0.2, but confidence_weight is not read by py/build_weekly_timeseries.py try_insert(), so annotation alone does not stop a known-false value being served. Source was metadata index 3, 'WHO AFRO Nigeria Surveillance', quoting the narrative fragment 'Lagos highest cases 2024'. Value preserved in this tombstone."
423,AFR::NGA::Gombe,2010-09-01,2010-09-05,233,735,,31.70,2010-09-05,58,Charnley et al. 2022 BMC Infectious Diseases Nigeria Sub-National Cholera Dataset,0.4,"Source states: 'Charnley et al. NGA-Table 1, entry NGA10-9-5-1: Year 2010, Date 2010-09-05, State Gombe, Cases 735, Deaths 233' - interpreted as 735 sCh cases, 233 deaths. Provincial subset - do not sum with national row. Sub-national event record compiled in a peer-reviewed open dataset from a named primary reference; NOT an official annual state total and NOT part of an exhaustive partition of 2010. Where the dataset holds several dated reports for this state-year, the largest cumulative value is used and the full snapshot series is recorded here: [2010-09-05: 735 cases/233 deaths]. WHO Global Health Observatory gives Nigeria 44,456 cases nationally in 2010, so this sub-national value is 1.7% of the national total and the part does not exceed the whole. TL is set to the first day of the month of the earliest report for this state-year because the dataset gives report dates, not onset dates, so the true onset may be earlier. Primary reference for the value used: https://promedmail.org/promed-posts/. Charnley entry ID NGA10-9-5-1. SCREENING APPLIED to every row taken from this dataset: rows with no case count, with deaths exceeding cases, with an implied CFR above 50%, or with a value at or above 90% of the WHO national total for that year (a mis-attributed-national-figure test that caught Bauchi 2014 = 35,996, exactly Nigeria's national 2014 figure, and Rivers/Andoni 2015 = 10,903 against a national 5,290) were rejected. [AGENT 2 REVISION 2026-09-21] Provincial subset - do not sum with national row. SUPERSEDED FOR ANNUAL TOTALS (Agent 2): this is a mid-outbreak snapshot of the 2010 epidemic. Adagbada et al. 2012, Pan African Medical Journal, Table 3 gives the FULL-OUTBREAK 2010 total for Gombe as 1,998 cases; index 508 carries that value and is the primary Gombe 2010 row. This row is retained because its date carries timing information the annual table does not, but it must not be summed with index 508 and should not be used as an annual total. (reason: Agent 2: superseded for annual totals by the Adagbada 2010 state table) [AGENT 5 REVISION 2026-09-21] [AGENT 5 CFR REVIEW 2026-09-21] PAIRING CHECKED: the death count and the case count come from the SAME printed row of the SAME table for the SAME period, so this is not a cumulative-deaths-over-weekly-cases artefact. CONTEXT - REPORTED AS PRINTED, WITH A KNOWN UPWARD BIAS. This row comes from the Charnley et al. 2022 compilation of dated Nigerian outbreak reports, whose underlying references are early outbreak notifications. Such reports systematically over-state CFR because community deaths are counted in the numerator while only presenting cases reach the denominator, and because the report is filed at the point of alarm rather than at the end of the outbreak. The row is therefore NOT treated as a measured CFR; it is already held at confidence 0.4-0.5 (Level 3) and must not be used to estimate case fatality. It is retained for the case count, the date and the geography, which are the parts the compilation is reliable for. (reason: Agent 5 CFR review: verify that deaths and cases share one denominator and one period, then document or correct)",AI,2026-09-22,"Agent 5 item E: DEATHS EXCEED THE STATE'S WHOLE-YEAR TOLL. This row claimed Gombe State 735 cases and 233 DEATHS in the five days 1-5 September 2010. Gombe's entire 2010 death toll is 113, and that figure is confirmed by TWO independent instruments that agree EXACTLY: Index 508, the FMOH state annual (1,998 cases / 113 deaths, confidence 0.9), and the nine-LGA decomposition at Indices 2381-2389, whose deaths sum to precisely 113 (Akko 14, Balanga 23, Billiri 2, Gombe 44, Kaltungo 7, Kwami 1, Nafada 1, Shongom 2, Yamaltu-Deba 19). A five-day window cannot contain 233 deaths in a year that contained 113. The row came from the Charnley 2010 ProMED block, which Agent 2 examined and REJECTED WITH REASONS as 'a set of mutually inconsistent cumulatives whose 28 October cross-section exceeds the FMOH annual for the same states'; the same block contains an entry recording 25 cases against 50 deaths and another whose printed CFR of 60.465% belongs to its parent row rather than to the Borno child beneath it. It was already at confidence 0.4. Value preserved in this tombstone."
2438,AFR::NGA::Cross_River,2023-01-01,2023-03-05,,647,,,2023-03-05,365,"NCDC Cholera Situation Report, cumulative state table as of 2023-03-05 (NCDC Cholera Situation Report Monthly Epidemiological Report 02 Epi We)",0.9,"Source states: 'Cumulative Epi-Summary: As of 2023-03-05, a total of 922 suspected cases including 32 deaths have been reported ... Cross River (647 cases)' - interpreted as 647 sCh cases. Provincial subset - do not sum with national row. CUMULATIVE from 1 January 2023 to the NCDC cut-off of 2023-03-05; these are running totals, NOT weekly increments, and must NOT be summed through time nor added to the 2023 weekly increment rows already in this file. ARITHMETIC: the 5 named states sum to 882 against the national total of 922 cases / 32 deaths printed in the same paragraph, i.e. 95.7 per cent; the residual falls in the states the report does not name, which it lists only as a count. Deaths are given nationally only and are NOT apportioned to states. Source: NCDC Cholera Situation Report Monthly Epidemiological Report 02 Epi Week 5 - 9: (30 January - 5 March 2023).",AI,2026-09-22,"Agent 5: STRICTLY DOMINATED DUPLICATE, not a disagreement. This row gives Cross River 647 cases as at 2023-03-05 with NO death count. Index 3293, added by me in the same pass from the NCDC Cholera Situation Report epi week 9 of 2023 read DIRECTLY from ncdc.gov.ng, gives the IDENTICAL 647 cases for the identical state and period AND supplies the 16 deaths this row lacks, from a table whose state values sum exactly to its printed national. The two rows are the same NCDC figure reached by two routes - this one through the ReliefWeb mirror, the other from the origin PDF - so they are not independent observations and keeping both created a same_period_conflict warning for a pair that agrees. The agreement itself is preserved: it is recorded in Index 3293's notes as an independent transcription check. Nothing is lost; the surviving row is a strict superset."
2439,AFR::NGA::Ebonyi,2023-01-01,2023-03-05,,97,,,2023-03-05,365,"NCDC Cholera Situation Report, cumulative state table as of 2023-03-05 (NCDC Cholera Situation Report Monthly Epidemiological Report 02 Epi We)",0.9,"Source states: 'Cumulative Epi-Summary: As of 2023-03-05, a total of 922 suspected cases including 32 deaths have been reported ... Ebonyi (97 cases)' - interpreted as 97 sCh cases. Provincial subset - do not sum with national row. CUMULATIVE from 1 January 2023 to the NCDC cut-off of 2023-03-05; these are running totals, NOT weekly increments, and must NOT be summed through time nor added to the 2023 weekly increment rows already in this file. ARITHMETIC: the 5 named states sum to 882 against the national total of 922 cases / 32 deaths printed in the same paragraph, i.e. 95.7 per cent; the residual falls in the states the report does not name, which it lists only as a count. Deaths are given nationally only and are NOT apportioned to states. Source: NCDC Cholera Situation Report Monthly Epidemiological Report 02 Epi Week 5 - 9: (30 January - 5 March 2023).",AI,2026-09-22,"Agent 5: STRICTLY DOMINATED DUPLICATE, not a disagreement. This row gives Ebonyi 97 cases as at 2023-03-05 with NO death count. Index 3294, added by me in the same pass from the NCDC Cholera Situation Report epi week 9 of 2023 read DIRECTLY from ncdc.gov.ng, gives the IDENTICAL 97 cases for the identical state and period AND supplies the 6 deaths this row lacks, from a table whose state values sum exactly to its printed national. The two rows are the same NCDC figure reached by two routes - this one through the ReliefWeb mirror, the other from the origin PDF - so they are not independent observations and keeping both created a same_period_conflict warning for a pair that agrees. The agreement itself is preserved: it is recorded in Index 3294's notes as an independent transcription check. Nothing is lost; the surviving row is a strict superset."
2440,AFR::NGA::Abia,2023-01-01,2023-03-05,,72,,,2023-03-05,365,"NCDC Cholera Situation Report, cumulative state table as of 2023-03-05 (NCDC Cholera Situation Report Monthly Epidemiological Report 02 Epi We)",0.9,"Source states: 'Cumulative Epi-Summary: As of 2023-03-05, a total of 922 suspected cases including 32 deaths have been reported ... Abia (72 cases)' - interpreted as 72 sCh cases. Provincial subset - do not sum with national row. CUMULATIVE from 1 January 2023 to the NCDC cut-off of 2023-03-05; these are running totals, NOT weekly increments, and must NOT be summed through time nor added to the 2023 weekly increment rows already in this file. ARITHMETIC: the 5 named states sum to 882 against the national total of 922 cases / 32 deaths printed in the same paragraph, i.e. 95.7 per cent; the residual falls in the states the report does not name, which it lists only as a count. Deaths are given nationally only and are NOT apportioned to states. Source: NCDC Cholera Situation Report Monthly Epidemiological Report 02 Epi Week 5 - 9: (30 January - 5 March 2023).",AI,2026-09-22,"Agent 5: STRICTLY DOMINATED DUPLICATE, not a disagreement. This row gives Abia 72 cases as at 2023-03-05 with NO death count. Index 3295, added by me in the same pass from the NCDC Cholera Situation Report epi week 9 of 2023 read DIRECTLY from ncdc.gov.ng, gives the IDENTICAL 72 cases for the identical state and period AND supplies the 6 deaths this row lacks, from a table whose state values sum exactly to its printed national. The two rows are the same NCDC figure reached by two routes - this one through the ReliefWeb mirror, the other from the origin PDF - so they are not independent observations and keeping both created a same_period_conflict warning for a pair that agrees. The agreement itself is preserved: it is recorded in Index 3295's notes as an independent transcription check. Nothing is lost; the surviving row is a strict superset."
2441,AFR::NGA::Niger,2023-01-01,2023-03-05,,38,,,2023-03-05,365,"NCDC Cholera Situation Report, cumulative state table as of 2023-03-05 (NCDC Cholera Situation Report Monthly Epidemiological Report 02 Epi We)",0.9,"Source states: 'Cumulative Epi-Summary: As of 2023-03-05, a total of 922 suspected cases including 32 deaths have been reported ... Niger (38 cases)' - interpreted as 38 sCh cases. Provincial subset - do not sum with national row. CUMULATIVE from 1 January 2023 to the NCDC cut-off of 2023-03-05; these are running totals, NOT weekly increments, and must NOT be summed through time nor added to the 2023 weekly increment rows already in this file. ARITHMETIC: the 5 named states sum to 882 against the national total of 922 cases / 32 deaths printed in the same paragraph, i.e. 95.7 per cent; the residual falls in the states the report does not name, which it lists only as a count. Deaths are given nationally only and are NOT apportioned to states. Source: NCDC Cholera Situation Report Monthly Epidemiological Report 02 Epi Week 5 - 9: (30 January - 5 March 2023).",AI,2026-09-22,"Agent 5: STRICTLY DOMINATED DUPLICATE, not a disagreement. This row gives Niger 38 cases as at 2023-03-05 with NO death count. Index 3296, added by me in the same pass from the NCDC Cholera Situation Report epi week 9 of 2023 read DIRECTLY from ncdc.gov.ng, gives the IDENTICAL 38 cases for the identical state and period AND supplies the 2 deaths this row lacks, from a table whose state values sum exactly to its printed national. The two rows are the same NCDC figure reached by two routes - this one through the ReliefWeb mirror, the other from the origin PDF - so they are not independent observations and keeping both created a same_period_conflict warning for a pair that agrees. The agreement itself is preserved: it is recorded in Index 3296's notes as an independent transcription check. Nothing is lost; the surviving row is a strict superset."
2442,AFR::NGA::Zamfara,2023-01-01,2023-03-05,,28,,,2023-03-05,365,"NCDC Cholera Situation Report, cumulative state table as of 2023-03-05 (NCDC Cholera Situation Report Monthly Epidemiological Report 02 Epi We)",0.9,"Source states: 'Cumulative Epi-Summary: As of 2023-03-05, a total of 922 suspected cases including 32 deaths have been reported ... Zamfara (28 cases)' - interpreted as 28 sCh cases. Provincial subset - do not sum with national row. CUMULATIVE from 1 January 2023 to the NCDC cut-off of 2023-03-05; these are running totals, NOT weekly increments, and must NOT be summed through time nor added to the 2023 weekly increment rows already in this file. ARITHMETIC: the 5 named states sum to 882 against the national total of 922 cases / 32 deaths printed in the same paragraph, i.e. 95.7 per cent; the residual falls in the states the report does not name, which it lists only as a count. Deaths are given nationally only and are NOT apportioned to states. Source: NCDC Cholera Situation Report Monthly Epidemiological Report 02 Epi Week 5 - 9: (30 January - 5 March 2023).",AI,2026-09-22,"Agent 5: STRICTLY DOMINATED DUPLICATE, not a disagreement. This row gives Zamfara 28 cases as at 2023-03-05 with NO death count. Index 3297, added by me in the same pass from the NCDC Cholera Situation Report epi week 9 of 2023 read DIRECTLY from ncdc.gov.ng, gives the IDENTICAL 28 cases for the identical state and period AND supplies the 1 deaths this row lacks, from a table whose state values sum exactly to its printed national. The two rows are the same NCDC figure reached by two routes - this one through the ReliefWeb mirror, the other from the origin PDF - so they are not independent observations and keeping both created a same_period_conflict warning for a pair that agrees. The agreement itself is preserved: it is recorded in Index 3297's notes as an independent transcription check. Nothing is lost; the surviving row is a strict superset."
2455,AFR::NGA::Zamfara,2023-01-01,2023-10-01,,907,,,2023-10-01,368,"NCDC Cholera Situation Report, cumulative state table as of 2023-10-01 (NCDC Cholera Situation Report Monthly Epidemiological Report 09 Epi We)",0.9,"Source states: 'Cumulative Epi-Summary: As of 2023-10-01, a total of 3,276 suspected cases including 102 deaths have been reported ... Zamfara (907 cases)' - interpreted as 907 sCh cases. Provincial subset - do not sum with national row. CUMULATIVE from 1 January 2023 to the NCDC cut-off of 2023-10-01; these are running totals, NOT weekly increments, and must NOT be summed through time nor added to the 2023 weekly increment rows already in this file. ARITHMETIC: the 7 named states sum to 2805 against the national total of 3276 cases / 102 deaths printed in the same paragraph, i.e. 85.6 per cent; the residual falls in the states the report does not name, which it lists only as a count. Deaths are given nationally only and are NOT apportioned to states. Source: NCDC Cholera Situation Report Monthly Epidemiological Report 09 Epi Week 35-39: (28 August 2023 - 01 October 2023).",AI,2026-09-22,"Agent 5: STRICTLY DOMINATED DUPLICATE, not a disagreement. This row gives Zamfara 907 cases as at 2023-10-01 with NO death count. Index 3354, added by me in the same pass from the NCDC Cholera Situation Report epi week 39 of 2023 read DIRECTLY from ncdc.gov.ng, gives the IDENTICAL 907 cases for the identical state and period AND supplies the 28 deaths this row lacks, from a table whose state values sum exactly to its printed national. The two rows are the same NCDC figure reached by two routes - this one through the ReliefWeb mirror, the other from the origin PDF - so they are not independent observations and keeping both created a same_period_conflict warning for a pair that agrees. The agreement itself is preserved: it is recorded in Index 3354's notes as an independent transcription check. Nothing is lost; the surviving row is a strict superset."
2456,AFR::NGA::Cross_River,2023-01-01,2023-10-01,,718,,,2023-10-01,368,"NCDC Cholera Situation Report, cumulative state table as of 2023-10-01 (NCDC Cholera Situation Report Monthly Epidemiological Report 09 Epi We)",0.9,"Source states: 'Cumulative Epi-Summary: As of 2023-10-01, a total of 3,276 suspected cases including 102 deaths have been reported ... Cross River (718 cases)' - interpreted as 718 sCh cases. Provincial subset - do not sum with national row. CUMULATIVE from 1 January 2023 to the NCDC cut-off of 2023-10-01; these are running totals, NOT weekly increments, and must NOT be summed through time nor added to the 2023 weekly increment rows already in this file. ARITHMETIC: the 7 named states sum to 2805 against the national total of 3276 cases / 102 deaths printed in the same paragraph, i.e. 85.6 per cent; the residual falls in the states the report does not name, which it lists only as a count. Deaths are given nationally only and are NOT apportioned to states. Source: NCDC Cholera Situation Report Monthly Epidemiological Report 09 Epi Week 35-39: (28 August 2023 - 01 October 2023).",AI,2026-09-22,"Agent 5: STRICTLY DOMINATED DUPLICATE, not a disagreement. This row gives Cross River 718 cases as at 2023-10-01 with NO death count. Index 3355, added by me in the same pass from the NCDC Cholera Situation Report epi week 39 of 2023 read DIRECTLY from ncdc.gov.ng, gives the IDENTICAL 718 cases for the identical state and period AND supplies the 16 deaths this row lacks, from a table whose state values sum exactly to its printed national. The two rows are the same NCDC figure reached by two routes - this one through the ReliefWeb mirror, the other from the origin PDF - so they are not independent observations and keeping both created a same_period_conflict warning for a pair that agrees. The agreement itself is preserved: it is recorded in Index 3355's notes as an independent transcription check. Nothing is lost; the surviving row is a strict superset."
2457,AFR::NGA::Bayelsa,2023-01-01,2023-10-01,,341,,,2023-10-01,368,"NCDC Cholera Situation Report, cumulative state table as of 2023-10-01 (NCDC Cholera Situation Report Monthly Epidemiological Report 09 Epi We)",0.9,"Source states: 'Cumulative Epi-Summary: As of 2023-10-01, a total of 3,276 suspected cases including 102 deaths have been reported ... Bayelsa (341 cases)' - interpreted as 341 sCh cases. Provincial subset - do not sum with national row. CUMULATIVE from 1 January 2023 to the NCDC cut-off of 2023-10-01; these are running totals, NOT weekly increments, and must NOT be summed through time nor added to the 2023 weekly increment rows already in this file. ARITHMETIC: the 7 named states sum to 2805 against the national total of 3276 cases / 102 deaths printed in the same paragraph, i.e. 85.6 per cent; the residual falls in the states the report does not name, which it lists only as a count. Deaths are given nationally only and are NOT apportioned to states. Source: NCDC Cholera Situation Report Monthly Epidemiological Report 09 Epi Week 35-39: (28 August 2023 - 01 October 2023).",AI,2026-09-22,"Agent 5: STRICTLY DOMINATED DUPLICATE, not a disagreement. This row gives Bayelsa 341 cases as at 2023-10-01 with NO death count. Index 3356, added by me in the same pass from the NCDC Cholera Situation Report epi week 39 of 2023 read DIRECTLY from ncdc.gov.ng, gives the IDENTICAL 341 cases for the identical state and period AND supplies the 4 deaths this row lacks, from a table whose state values sum exactly to its printed national. The two rows are the same NCDC figure reached by two routes - this one through the ReliefWeb mirror, the other from the origin PDF - so they are not independent observations and keeping both created a same_period_conflict warning for a pair that agrees. The agreement itself is preserved: it is recorded in Index 3356's notes as an independent transcription check. Nothing is lost; the surviving row is a strict superset."
2458,AFR::NGA::Katsina,2023-01-01,2023-10-01,,302,,,2023-10-01,368,"NCDC Cholera Situation Report, cumulative state table as of 2023-10-01 (NCDC Cholera Situation Report Monthly Epidemiological Report 09 Epi We)",0.9,"Source states: 'Cumulative Epi-Summary: As of 2023-10-01, a total of 3,276 suspected cases including 102 deaths have been reported ... Katsina (302 cases)' - interpreted as 302 sCh cases. Provincial subset - do not sum with national row. CUMULATIVE from 1 January 2023 to the NCDC cut-off of 2023-10-01; these are running totals, NOT weekly increments, and must NOT be summed through time nor added to the 2023 weekly increment rows already in this file. ARITHMETIC: the 7 named states sum to 2805 against the national total of 3276 cases / 102 deaths printed in the same paragraph, i.e. 85.6 per cent; the residual falls in the states the report does not name, which it lists only as a count. Deaths are given nationally only and are NOT apportioned to states. Source: NCDC Cholera Situation Report Monthly Epidemiological Report 09 Epi Week 35-39: (28 August 2023 - 01 October 2023).",AI,2026-09-22,"Agent 5: STRICTLY DOMINATED DUPLICATE, not a disagreement. This row gives Katsina 302 cases as at 2023-10-01 with NO death count. Index 3357, added by me in the same pass from the NCDC Cholera Situation Report epi week 39 of 2023 read DIRECTLY from ncdc.gov.ng, gives the IDENTICAL 302 cases for the identical state and period AND supplies the 10 deaths this row lacks, from a table whose state values sum exactly to its printed national. The two rows are the same NCDC figure reached by two routes - this one through the ReliefWeb mirror, the other from the origin PDF - so they are not independent observations and keeping both created a same_period_conflict warning for a pair that agrees. The agreement itself is preserved: it is recorded in Index 3357's notes as an independent transcription check. Nothing is lost; the surviving row is a strict superset."
2459,AFR::NGA::Ebonyi,2023-01-01,2023-10-01,,227,,,2023-10-01,368,"NCDC Cholera Situation Report, cumulative state table as of 2023-10-01 (NCDC Cholera Situation Report Monthly Epidemiological Report 09 Epi We)",0.9,"Source states: 'Cumulative Epi-Summary: As of 2023-10-01, a total of 3,276 suspected cases including 102 deaths have been reported ... Ebonyi (227 cases)' - interpreted as 227 sCh cases. Provincial subset - do not sum with national row. CUMULATIVE from 1 January 2023 to the NCDC cut-off of 2023-10-01; these are running totals, NOT weekly increments, and must NOT be summed through time nor added to the 2023 weekly increment rows already in this file. ARITHMETIC: the 7 named states sum to 2805 against the national total of 3276 cases / 102 deaths printed in the same paragraph, i.e. 85.6 per cent; the residual falls in the states the report does not name, which it lists only as a count. Deaths are given nationally only and are NOT apportioned to states. Source: NCDC Cholera Situation Report Monthly Epidemiological Report 09 Epi Week 35-39: (28 August 2023 - 01 October 2023).",AI,2026-09-22,"Agent 5: STRICTLY DOMINATED DUPLICATE, not a disagreement. This row gives Ebonyi 227 cases as at 2023-10-01 with NO death count. Index 3358, added by me in the same pass from the NCDC Cholera Situation Report epi week 39 of 2023 read DIRECTLY from ncdc.gov.ng, gives the IDENTICAL 227 cases for the identical state and period AND supplies the 9 deaths this row lacks, from a table whose state values sum exactly to its printed national. The two rows are the same NCDC figure reached by two routes - this one through the ReliefWeb mirror, the other from the origin PDF - so they are not independent observations and keeping both created a same_period_conflict warning for a pair that agrees. The agreement itself is preserved: it is recorded in Index 3358's notes as an independent transcription check. Nothing is lost; the surviving row is a strict superset."
2460,AFR::NGA::Niger,2023-01-01,2023-10-01,,161,,,2023-10-01,368,"NCDC Cholera Situation Report, cumulative state table as of 2023-10-01 (NCDC Cholera Situation Report Monthly Epidemiological Report 09 Epi We)",0.9,"Source states: 'Cumulative Epi-Summary: As of 2023-10-01, a total of 3,276 suspected cases including 102 deaths have been reported ... Niger (161 cases)' - interpreted as 161 sCh cases. Provincial subset - do not sum with national row. CUMULATIVE from 1 January 2023 to the NCDC cut-off of 2023-10-01; these are running totals, NOT weekly increments, and must NOT be summed through time nor added to the 2023 weekly increment rows already in this file. ARITHMETIC: the 7 named states sum to 2805 against the national total of 3276 cases / 102 deaths printed in the same paragraph, i.e. 85.6 per cent; the residual falls in the states the report does not name, which it lists only as a count. Deaths are given nationally only and are NOT apportioned to states. Source: NCDC Cholera Situation Report Monthly Epidemiological Report 09 Epi Week 35-39: (28 August 2023 - 01 October 2023).",AI,2026-09-22,"Agent 5: STRICTLY DOMINATED DUPLICATE, not a disagreement. This row gives Niger 161 cases as at 2023-10-01 with NO death count. Index 3359, added by me in the same pass from the NCDC Cholera Situation Report epi week 39 of 2023 read DIRECTLY from ncdc.gov.ng, gives the IDENTICAL 161 cases for the identical state and period AND supplies the 4 deaths this row lacks, from a table whose state values sum exactly to its printed national. The two rows are the same NCDC figure reached by two routes - this one through the ReliefWeb mirror, the other from the origin PDF - so they are not independent observations and keeping both created a same_period_conflict warning for a pair that agrees. The agreement itself is preserved: it is recorded in Index 3359's notes as an independent transcription check. Nothing is lost; the surviving row is a strict superset."
2461,AFR::NGA::Abia,2023-01-01,2023-10-01,,149,,,2023-10-01,368,"NCDC Cholera Situation Report, cumulative state table as of 2023-10-01 (NCDC Cholera Situation Report Monthly Epidemiological Report 09 Epi We)",0.9,"Source states: 'Cumulative Epi-Summary: As of 2023-10-01, a total of 3,276 suspected cases including 102 deaths have been reported ... Abia (149 cases)' - interpreted as 149 sCh cases. Provincial subset - do not sum with national row. CUMULATIVE from 1 January 2023 to the NCDC cut-off of 2023-10-01; these are running totals, NOT weekly increments, and must NOT be summed through time nor added to the 2023 weekly increment rows already in this file. ARITHMETIC: the 7 named states sum to 2805 against the national total of 3276 cases / 102 deaths printed in the same paragraph, i.e. 85.6 per cent; the residual falls in the states the report does not name, which it lists only as a count. Deaths are given nationally only and are NOT apportioned to states. Source: NCDC Cholera Situation Report Monthly Epidemiological Report 09 Epi Week 35-39: (28 August 2023 - 01 October 2023).",AI,2026-09-22,"Agent 5: STRICTLY DOMINATED DUPLICATE, not a disagreement. This row gives Abia 149 cases as at 2023-10-01 with NO death count. Index 3360, added by me in the same pass from the NCDC Cholera Situation Report epi week 39 of 2023 read DIRECTLY from ncdc.gov.ng, gives the IDENTICAL 149 cases for the identical state and period AND supplies the 9 deaths this row lacks, from a table whose state values sum exactly to its printed national. The two rows are the same NCDC figure reached by two routes - this one through the ReliefWeb mirror, the other from the origin PDF - so they are not independent observations and keeping both created a same_period_conflict warning for a pair that agrees. The agreement itself is preserved: it is recorded in Index 3360's notes as an independent transcription check. Nothing is lost; the surviving row is a strict superset."
13,AFR::NGA,2022-01-01,2022-12-31,584,23550,,2.48,2023-06-30,7,NCDC Cholera Situation Reports,0.9,"Source states: '2022 NCDC surveillance' - national cumulative including Borno crisis. Includes Borno provincial sub-total. National row — provincial Borno row (Index 12) is a subset. [AGENT 2 REVISION 2026-09-21] DOUBLE-COUNTING: National total - includes provinces not individually listed. This row is the primary national count for its period; the state and LGA rows that fall inside it are a nested subset and must not be summed with it. Sub-national rows for 2022 are indices 207-239 (33 state rows, NCDC epi week 52 2022). CONFLICT: this row gives 23,550/584 while the primary NCDC week-52 2022 situation report gives 23,763 suspected cases and 592 deaths, and the 33 state values sum to exactly 23,763/592. The NCDC primary figure should be preferred. (reason: Agent 2: sub-national expansion requires machine-checkable national primacy, plus conflicts found against the NCDC primary sitreps)",AI,2026-09-22,"AGENT 7 AUDIT 2026-09-22: Index 13's '2022 calendar-year national' of 23,550 cases / 584 deaths is NOT the 2022 annual - it is NCDC's WEEK-47 cumulative (cut date 27 November 2022), carried forward as though it were the year total. Established three ways, independently of the two agents who reported it. (1) ARITHMETIC, internal to this file: the 33 NCDC epi-week-52 state rows (Indices 207-239, all citing metadata 49) sum to exactly 23,763 cases and 592 deaths once the adjudicated non-primary Yobe duplicate (Index 3410, 2,297, from Goni et al.) is excluded - 26,060 minus 2,297 = 23,763, and deaths sum to 592 with no exclusion needed. That is an exact match on both quantities, so the state table is closed and leaves no room for a different national. (2) Index 3477 (NCDC week-47 2022 reporting-week line, added on Agent 5's redeployment) carries 23,550/583 for the period 2022-01-01..2022-11-27 - the same case figure as this row, five weeks earlier, which is only possible if 23,550 is the week-47 value. (3) Agent 2 wrote the same conflict into this row's own processing_notes on 2026-09-21, concluding 'The NCDC primary figure should be preferred', and Agent 5 re-derived it independently on redeployment. WHY RETRACTION AND NOT A VALUE EDIT: py/revise_observation.py cannot change source_index, and this row cites metadata 7, whose URL is an NCDC CATEGORY LISTING rather than any document. Editing the numbers in place would have attached a verified NCDC week-52 figure to an unverifiable citation - laundering a bad citation into a clean-looking one, which CLAUDE.md forbids. The replacement row cites metadata 49, the actual week-52 PDF. WHY THIS WAS FIXED AND NOT MERELY ESCALATED: this is a NATIONAL row, so unlike the eight sub-national rows in the original audit docket it is read by py/build_weekly_timeseries.load_national_rows and was Fourier-disaggregated across 15 weeks of the 2022 series (weeks 26-40) at confidence 0.45. It was actively serving a wrong annual total to MOSAIC. Leaving a note saying the other figure should be preferred is the annotation-without-action antipattern this audit criticised three times; acting on it is the only consistent course. Value preserved in this tombstone."
3746,AFR::NGA::Bauchi,2014-05-19,2014-05-25,1,200,,0.50,2014-05-30,469,"WHO Nigeria / FMoH, Cholera/Lassa Fever Situation in Nigeria - Update as at week 24, 2014 (with LGA table, Nigeria Weekly update on IDSR)",0.9,"Source states: 'Status of LGAs/States that reported Cholera Cases in Week21, 2014 (table: S/No, State, LGA, Pop, Cases, Lab Confirmed, Deaths, Attack Rate, CFR) ... Total 1040 cases, 18 deaths; Bauchi LGA rows sum to 200 cases, 1 deaths' - interpreted as 200 sCh cases, 1 deaths. Provincial subset - do not sum with national row. Weekly reporting-week count, epi week 21 of 2014, state total computed as the sum of its LGA rows in the official IDSR table (the table total 1040/18 equals the national weekly figure, which is already the JHU weekly row for this week).",AI,2026-10-04,Agent 1 self-correction: row written minutes earlier with wrong source_index 469 (week-24 document) for week-21 2014 data; re-added citing metadata 468 (week-21 document)
3747,AFR::NGA::Kaduna,2014-05-19,2014-05-25,8,471,,1.70,2014-05-30,469,"WHO Nigeria / FMoH, Cholera/Lassa Fever Situation in Nigeria - Update as at week 24, 2014 (with LGA table, Nigeria Weekly update on IDSR)",0.9,"Source states: 'Status of LGAs/States that reported Cholera Cases in Week21, 2014 (table: S/No, State, LGA, Pop, Cases, Lab Confirmed, Deaths, Attack Rate, CFR) ... Total 1040 cases, 18 deaths; Kaduna LGA rows sum to 471 cases, 8 deaths' - interpreted as 471 sCh cases, 8 deaths. Provincial subset - do not sum with national row. Weekly reporting-week count, epi week 21 of 2014, state total computed as the sum of its LGA rows in the official IDSR table (the table total 1040/18 equals the national weekly figure, which is already the JHU weekly row for this week).",AI,2026-10-04,Agent 1 self-correction: row written minutes earlier with wrong source_index 469 (week-24 document) for week-21 2014 data; re-added citing metadata 468 (week-21 document)
3748,AFR::NGA::Kano,2014-05-19,2014-05-25,4,251,,1.59,2014-05-30,469,"WHO Nigeria / FMoH, Cholera/Lassa Fever Situation in Nigeria - Update as at week 24, 2014 (with LGA table, Nigeria Weekly update on IDSR)",0.9,"Source states: 'Status of LGAs/States that reported Cholera Cases in Week21, 2014 (table: S/No, State, LGA, Pop, Cases, Lab Confirmed, Deaths, Attack Rate, CFR) ... Total 1040 cases, 18 deaths; Kano LGA rows sum to 251 cases, 4 deaths' - interpreted as 251 sCh cases, 4 deaths. Provincial subset - do not sum with national row. Weekly reporting-week count, epi week 21 of 2014, state total computed as the sum of its LGA rows in the official IDSR table (the table total 1040/18 equals the national weekly figure, which is already the JHU weekly row for this week).",AI,2026-10-04,Agent 1 self-correction: row written minutes earlier with wrong source_index 469 (week-24 document) for week-21 2014 data; re-added citing metadata 468 (week-21 document)
3749,AFR::NGA::Plateau,2014-05-19,2014-05-25,4,83,,4.82,2014-05-30,469,"WHO Nigeria / FMoH, Cholera/Lassa Fever Situation in Nigeria - Update as at week 24, 2014 (with LGA table, Nigeria Weekly update on IDSR)",0.9,"Source states: 'Status of LGAs/States that reported Cholera Cases in Week21, 2014 (table: S/No, State, LGA, Pop, Cases, Lab Confirmed, Deaths, Attack Rate, CFR) ... Total 1040 cases, 18 deaths; Plateau LGA rows sum to 83 cases, 4 deaths' - interpreted as 83 sCh cases, 4 deaths. Provincial subset - do not sum with national row. Weekly reporting-week count, epi week 21 of 2014, state total computed as the sum of its LGA rows in the official IDSR table (the table total 1040/18 equals the national weekly figure, which is already the JHU weekly row for this week).",AI,2026-10-04,Agent 1 self-correction: row written minutes earlier with wrong source_index 469 (week-24 document) for week-21 2014 data; re-added citing metadata 468 (week-21 document)
3750,AFR::NGA::Taraba,2014-05-19,2014-05-25,0,12,,0.00,2014-05-30,469,"WHO Nigeria / FMoH, Cholera/Lassa Fever Situation in Nigeria - Update as at week 24, 2014 (with LGA table, Nigeria Weekly update on IDSR)",0.9,"Source states: 'Status of LGAs/States that reported Cholera Cases in Week21, 2014 (table: S/No, State, LGA, Pop, Cases, Lab Confirmed, Deaths, Attack Rate, CFR) ... Total 1040 cases, 18 deaths; Taraba LGA rows sum to 12 cases, 0 deaths' - interpreted as 12 sCh cases, 0 deaths. Provincial subset - do not sum with national row. Weekly reporting-week count, epi week 21 of 2014, state total computed as the sum of its LGA rows in the official IDSR table (the table total 1040/18 equals the national weekly figure, which is already the JHU weekly row for this week).",AI,2026-10-04,Agent 1 self-correction: row written minutes earlier with wrong source_index 469 (week-24 document) for week-21 2014 data; re-added citing metadata 468 (week-21 document)
3751,AFR::NGA::Zamfara,2014-05-19,2014-05-25,1,23,,4.35,2014-05-30,469,"WHO Nigeria / FMoH, Cholera/Lassa Fever Situation in Nigeria - Update as at week 24, 2014 (with LGA table, Nigeria Weekly update on IDSR)",0.9,"Source states: 'Status of LGAs/States that reported Cholera Cases in Week21, 2014 (table: S/No, State, LGA, Pop, Cases, Lab Confirmed, Deaths, Attack Rate, CFR) ... Total 1040 cases, 18 deaths; Zamfara LGA rows sum to 23 cases, 1 deaths' - interpreted as 23 sCh cases, 1 deaths. Provincial subset - do not sum with national row. Weekly reporting-week count, epi week 21 of 2014, state total computed as the sum of its LGA rows in the official IDSR table (the table total 1040/18 equals the national weekly figure, which is already the JHU weekly row for this week).",AI,2026-10-04,Agent 1 self-correction: row written minutes earlier with wrong source_index 469 (week-24 document) for week-21 2014 data; re-added citing metadata 468 (week-21 document)
3752,AFR::NGA::Bauchi::Bauchi,2014-05-19,2014-05-25,0,112,,0.00,2014-05-30,469,"WHO Nigeria / FMoH, Cholera/Lassa Fever Situation in Nigeria - Update as at week 24, 2014 (with LGA table, Nigeria Weekly update on IDSR)",0.9,"Source states: 'Status of LGAs/States that reported Cholera Cases in Week21, 2014 (table: S/No, State, LGA, Pop, Cases, Lab Confirmed, Deaths, Attack Rate, CFR) ... Total 1040 cases, 18 deaths; Bauchi / Bauchi: 112 cases, 0 deaths' - interpreted as 112 sCh cases, 0 deaths. District subset - do not sum with state or national rows. Weekly reporting-week count, epi week 21 of 2014, from the official IDSR LGA table (image page read at 90 dpi; all rows sum exactly to the printed totals).",AI,2026-10-04,Agent 1 self-correction: row written minutes earlier with wrong source_index 469 (week-24 document) for week-21 2014 data; re-added citing metadata 468 (week-21 document)
3753,AFR::NGA::Bauchi::Darazo,2014-05-19,2014-05-25,0,4,,0.00,2014-05-30,469,"WHO Nigeria / FMoH, Cholera/Lassa Fever Situation in Nigeria - Update as at week 24, 2014 (with LGA table, Nigeria Weekly update on IDSR)",0.9,"Source states: 'Status of LGAs/States that reported Cholera Cases in Week21, 2014 (table: S/No, State, LGA, Pop, Cases, Lab Confirmed, Deaths, Attack Rate, CFR) ... Total 1040 cases, 18 deaths; Bauchi / Darazo: 4 cases, 0 deaths' - interpreted as 4 sCh cases, 0 deaths. District subset - do not sum with state or national rows. Weekly reporting-week count, epi week 21 of 2014, from the official IDSR LGA table (image page read at 90 dpi; all rows sum exactly to the printed totals).",AI,2026-10-04,Agent 1 self-correction: row written minutes earlier with wrong source_index 469 (week-24 document) for week-21 2014 data; re-added citing metadata 468 (week-21 document)
3754,AFR::NGA::Bauchi::Dass,2014-05-19,2014-05-25,0,6,,0.00,2014-05-30,469,"WHO Nigeria / FMoH, Cholera/Lassa Fever Situation in Nigeria - Update as at week 24, 2014 (with LGA table, Nigeria Weekly update on IDSR)",0.9,"Source states: 'Status of LGAs/States that reported Cholera Cases in Week21, 2014 (table: S/No, State, LGA, Pop, Cases, Lab Confirmed, Deaths, Attack Rate, CFR) ... Total 1040 cases, 18 deaths; Bauchi / Dass: 6 cases, 0 deaths' - interpreted as 6 sCh cases, 0 deaths. District subset - do not sum with state or national rows. Weekly reporting-week count, epi week 21 of 2014, from the official IDSR LGA table (image page read at 90 dpi; all rows sum exactly to the printed totals).",AI,2026-10-04,Agent 1 self-correction: row written minutes earlier with wrong source_index 469 (week-24 document) for week-21 2014 data; re-added citing metadata 468 (week-21 document)
3755,AFR::NGA::Bauchi::Giade,2014-05-19,2014-05-25,1,25,,4.00,2014-05-30,469,"WHO Nigeria / FMoH, Cholera/Lassa Fever Situation in Nigeria - Update as at week 24, 2014 (with LGA table, Nigeria Weekly update on IDSR)",0.9,"Source states: 'Status of LGAs/States that reported Cholera Cases in Week21, 2014 (table: S/No, State, LGA, Pop, Cases, Lab Confirmed, Deaths, Attack Rate, CFR) ... Total 1040 cases, 18 deaths; Bauchi / Giade: 25 cases, 1 deaths' - interpreted as 25 sCh cases, 1 deaths. District subset - do not sum with state or national rows. Weekly reporting-week count, epi week 21 of 2014, from the official IDSR LGA table (image page read at 90 dpi; all rows sum exactly to the printed totals).",AI,2026-10-04,Agent 1 self-correction: row written minutes earlier with wrong source_index 469 (week-24 document) for week-21 2014 data; re-added citing metadata 468 (week-21 document)
3756,AFR::NGA::Bauchi::Ningi,2014-05-19,2014-05-25,0,1,,0.00,2014-05-30,469,"WHO Nigeria / FMoH, Cholera/Lassa Fever Situation in Nigeria - Update as at week 24, 2014 (with LGA table, Nigeria Weekly update on IDSR)",0.9,"Source states: 'Status of LGAs/States that reported Cholera Cases in Week21, 2014 (table: S/No, State, LGA, Pop, Cases, Lab Confirmed, Deaths, Attack Rate, CFR) ... Total 1040 cases, 18 deaths; Bauchi / Ningi: 1 cases, 0 deaths' - interpreted as 1 sCh cases, 0 deaths. District subset - do not sum with state or national rows. Weekly reporting-week count, epi week 21 of 2014, from the official IDSR LGA table (image page read at 90 dpi; all rows sum exactly to the printed totals).",AI,2026-10-04,Agent 1 self-correction: row written minutes earlier with wrong source_index 469 (week-24 document) for week-21 2014 data; re-added citing metadata 468 (week-21 document)
3757,AFR::NGA::Bauchi::Tafawa_Balewa,2014-05-19,2014-05-25,0,5,,0.00,2014-05-30,469,"WHO Nigeria / FMoH, Cholera/Lassa Fever Situation in Nigeria - Update as at week 24, 2014 (with LGA table, Nigeria Weekly update on IDSR)",0.9,"Source states: 'Status of LGAs/States that reported Cholera Cases in Week21, 2014 (table: S/No, State, LGA, Pop, Cases, Lab Confirmed, Deaths, Attack Rate, CFR) ... Total 1040 cases, 18 deaths; Bauchi / Tafawa Balewa: 5 cases, 0 deaths' - interpreted as 5 sCh cases, 0 deaths. District subset - do not sum with state or national rows. Weekly reporting-week count, epi week 21 of 2014, from the official IDSR LGA table (image page read at 90 dpi; all rows sum exactly to the printed totals).",AI,2026-10-04,Agent 1 self-correction: row written minutes earlier with wrong source_index 469 (week-24 document) for week-21 2014 data; re-added citing metadata 468 (week-21 document)
3758,AFR::NGA::Bauchi::Toro,2014-05-19,2014-05-25,0,47,,0.00,2014-05-30,469,"WHO Nigeria / FMoH, Cholera/Lassa Fever Situation in Nigeria - Update as at week 24, 2014 (with LGA table, Nigeria Weekly update on IDSR)",0.9,"Source states: 'Status of LGAs/States that reported Cholera Cases in Week21, 2014 (table: S/No, State, LGA, Pop, Cases, Lab Confirmed, Deaths, Attack Rate, CFR) ... Total 1040 cases, 18 deaths; Bauchi / Toro: 47 cases, 0 deaths' - interpreted as 47 sCh cases, 0 deaths. District subset - do not sum with state or national rows. Weekly reporting-week count, epi week 21 of 2014, from the official IDSR LGA table (image page read at 90 dpi; all rows sum exactly to the printed totals).",AI,2026-10-04,Agent 1 self-correction: row written minutes earlier with wrong source_index 469 (week-24 document) for week-21 2014 data; re-added citing metadata 468 (week-21 document)
3759,AFR::NGA::Kaduna::Giwa,2014-05-19,2014-05-25,1,6,,16.67,2014-05-30,469,"WHO Nigeria / FMoH, Cholera/Lassa Fever Situation in Nigeria - Update as at week 24, 2014 (with LGA table, Nigeria Weekly update on IDSR)",0.9,"Source states: 'Status of LGAs/States that reported Cholera Cases in Week21, 2014 (table: S/No, State, LGA, Pop, Cases, Lab Confirmed, Deaths, Attack Rate, CFR) ... Total 1040 cases, 18 deaths; Kaduna / Giwa: 6 cases, 1 deaths' - interpreted as 6 sCh cases, 1 deaths. District subset - do not sum with state or national rows. Weekly reporting-week count, epi week 21 of 2014, from the official IDSR LGA table (image page read at 90 dpi; all rows sum exactly to the printed totals).",AI,2026-10-04,Agent 1 self-correction: row written minutes earlier with wrong source_index 469 (week-24 document) for week-21 2014 data; re-added citing metadata 468 (week-21 document)
3760,AFR::NGA::Kaduna::Igabi,2014-05-19,2014-05-25,2,166,,1.20,2014-05-30,469,"WHO Nigeria / FMoH, Cholera/Lassa Fever Situation in Nigeria - Update as at week 24, 2014 (with LGA table, Nigeria Weekly update on IDSR)",0.9,"Source states: 'Status of LGAs/States that reported Cholera Cases in Week21, 2014 (table: S/No, State, LGA, Pop, Cases, Lab Confirmed, Deaths, Attack Rate, CFR) ... Total 1040 cases, 18 deaths; Kaduna / Igabi: 166 cases, 2 deaths' - interpreted as 166 sCh cases, 2 deaths. District subset - do not sum with state or national rows. Weekly reporting-week count, epi week 21 of 2014, from the official IDSR LGA table (image page read at 90 dpi; all rows sum exactly to the printed totals).",AI,2026-10-04,Agent 1 self-correction: row written minutes earlier with wrong source_index 469 (week-24 document) for week-21 2014 data; re-added citing metadata 468 (week-21 document)
3761,AFR::NGA::Kaduna::Kachia,2014-05-19,2014-05-25,0,77,,0.00,2014-05-30,469,"WHO Nigeria / FMoH, Cholera/Lassa Fever Situation in Nigeria - Update as at week 24, 2014 (with LGA table, Nigeria Weekly update on IDSR)",0.9,"Source states: 'Status of LGAs/States that reported Cholera Cases in Week21, 2014 (table: S/No, State, LGA, Pop, Cases, Lab Confirmed, Deaths, Attack Rate, CFR) ... Total 1040 cases, 18 deaths; Kaduna / Kachia: 77 cases, 0 deaths' - interpreted as 77 sCh cases, 0 deaths. District subset - do not sum with state or national rows. Weekly reporting-week count, epi week 21 of 2014, from the official IDSR LGA table (image page read at 90 dpi; all rows sum exactly to the printed totals).",AI,2026-10-04,Agent 1 self-correction: row written minutes earlier with wrong source_index 469 (week-24 document) for week-21 2014 data; re-added citing metadata 468 (week-21 document)
3762,AFR::NGA::Kaduna::Kaduna_North,2014-05-19,2014-05-25,0,23,,0.00,2014-05-30,469,"WHO Nigeria / FMoH, Cholera/Lassa Fever Situation in Nigeria - Update as at week 24, 2014 (with LGA table, Nigeria Weekly update on IDSR)",0.9,"Source states: 'Status of LGAs/States that reported Cholera Cases in Week21, 2014 (table: S/No, State, LGA, Pop, Cases, Lab Confirmed, Deaths, Attack Rate, CFR) ... Total 1040 cases, 18 deaths; Kaduna / Kaduna North: 23 cases, 0 deaths' - interpreted as 23 sCh cases, 0 deaths. District subset - do not sum with state or national rows. Weekly reporting-week count, epi week 21 of 2014, from the official IDSR LGA table (image page read at 90 dpi; all rows sum exactly to the printed totals).",AI,2026-10-04,Agent 1 self-correction: row written minutes earlier with wrong source_index 469 (week-24 document) for week-21 2014 data; re-added citing metadata 468 (week-21 document)
3763,AFR::NGA::Kaduna::Kaduna_South,2014-05-19,2014-05-25,0,11,,0.00,2014-05-30,469,"WHO Nigeria / FMoH, Cholera/Lassa Fever Situation in Nigeria - Update as at week 24, 2014 (with LGA table, Nigeria Weekly update on IDSR)",0.9,"Source states: 'Status of LGAs/States that reported Cholera Cases in Week21, 2014 (table: S/No, State, LGA, Pop, Cases, Lab Confirmed, Deaths, Attack Rate, CFR) ... Total 1040 cases, 18 deaths; Kaduna / Kaduna South: 11 cases, 0 deaths' - interpreted as 11 sCh cases, 0 deaths. District subset - do not sum with state or national rows. Weekly reporting-week count, epi week 21 of 2014, from the official IDSR LGA table (image page read at 90 dpi; all rows sum exactly to the printed totals).",AI,2026-10-04,Agent 1 self-correction: row written minutes earlier with wrong source_index 469 (week-24 document) for week-21 2014 data; re-added citing metadata 468 (week-21 document)
3764,AFR::NGA::Kaduna::Kagarko,2014-05-19,2014-05-25,3,27,,11.11,2014-05-30,469,"WHO Nigeria / FMoH, Cholera/Lassa Fever Situation in Nigeria - Update as at week 24, 2014 (with LGA table, Nigeria Weekly update on IDSR)",0.9,"Source states: 'Status of LGAs/States that reported Cholera Cases in Week21, 2014 (table: S/No, State, LGA, Pop, Cases, Lab Confirmed, Deaths, Attack Rate, CFR) ... Total 1040 cases, 18 deaths; Kaduna / Kagarko: 27 cases, 3 deaths' - interpreted as 27 sCh cases, 3 deaths. District subset - do not sum with state or national rows. Weekly reporting-week count, epi week 21 of 2014, from the official IDSR LGA table (image page read at 90 dpi; all rows sum exactly to the printed totals).",AI,2026-10-04,Agent 1 self-correction: row written minutes earlier with wrong source_index 469 (week-24 document) for week-21 2014 data; re-added citing metadata 468 (week-21 document)
3765,AFR::NGA::Kaduna::Kubau,2014-05-19,2014-05-25,1,44,,2.27,2014-05-30,469,"WHO Nigeria / FMoH, Cholera/Lassa Fever Situation in Nigeria - Update as at week 24, 2014 (with LGA table, Nigeria Weekly update on IDSR)",0.9,"Source states: 'Status of LGAs/States that reported Cholera Cases in Week21, 2014 (table: S/No, State, LGA, Pop, Cases, Lab Confirmed, Deaths, Attack Rate, CFR) ... Total 1040 cases, 18 deaths; Kaduna / Kubau: 44 cases, 1 deaths' - interpreted as 44 sCh cases, 1 deaths. District subset - do not sum with state or national rows. Weekly reporting-week count, epi week 21 of 2014, from the official IDSR LGA table (image page read at 90 dpi; all rows sum exactly to the printed totals).",AI,2026-10-04,Agent 1 self-correction: row written minutes earlier with wrong source_index 469 (week-24 document) for week-21 2014 data; re-added citing metadata 468 (week-21 document)
3766,AFR::NGA::Kaduna::Kudan,2014-05-19,2014-05-25,1,3,,33.33,2014-05-30,469,"WHO Nigeria / FMoH, Cholera/Lassa Fever Situation in Nigeria - Update as at week 24, 2014 (with LGA table, Nigeria Weekly update on IDSR)",0.9,"Source states: 'Status of LGAs/States that reported Cholera Cases in Week21, 2014 (table: S/No, State, LGA, Pop, Cases, Lab Confirmed, Deaths, Attack Rate, CFR) ... Total 1040 cases, 18 deaths; Kaduna / Kudan: 3 cases, 1 deaths' - interpreted as 3 sCh cases, 1 deaths. District subset - do not sum with state or national rows. Weekly reporting-week count, epi week 21 of 2014, from the official IDSR LGA table (image page read at 90 dpi; all rows sum exactly to the printed totals).",AI,2026-10-04,Agent 1 self-correction: row written minutes earlier with wrong source_index 469 (week-24 document) for week-21 2014 data; re-added citing metadata 468 (week-21 document)
3767,AFR::NGA::Kaduna::Makarfi,2014-05-19,2014-05-25,0,7,,0.00,2014-05-30,469,"WHO Nigeria / FMoH, Cholera/Lassa Fever Situation in Nigeria - Update as at week 24, 2014 (with LGA table, Nigeria Weekly update on IDSR)",0.9,"Source states: 'Status of LGAs/States that reported Cholera Cases in Week21, 2014 (table: S/No, State, LGA, Pop, Cases, Lab Confirmed, Deaths, Attack Rate, CFR) ... Total 1040 cases, 18 deaths; Kaduna / Makarfi: 7 cases, 0 deaths' - interpreted as 7 sCh cases, 0 deaths. District subset - do not sum with state or national rows. Weekly reporting-week count, epi week 21 of 2014, from the official IDSR LGA table (image page read at 90 dpi; all rows sum exactly to the printed totals).",AI,2026-10-04,Agent 1 self-correction: row written minutes earlier with wrong source_index 469 (week-24 document) for week-21 2014 data; re-added citing metadata 468 (week-21 document)
3768,AFR::NGA::Kaduna::Sabon_Gari,2014-05-19,2014-05-25,0,2,,0.00,2014-05-30,469,"WHO Nigeria / FMoH, Cholera/Lassa Fever Situation in Nigeria - Update as at week 24, 2014 (with LGA table, Nigeria Weekly update on IDSR)",0.9,"Source states: 'Status of LGAs/States that reported Cholera Cases in Week21, 2014 (table: S/No, State, LGA, Pop, Cases, Lab Confirmed, Deaths, Attack Rate, CFR) ... Total 1040 cases, 18 deaths; Kaduna / Sabon Gari: 2 cases, 0 deaths' - interpreted as 2 sCh cases, 0 deaths. District subset - do not sum with state or national rows. Weekly reporting-week count, epi week 21 of 2014, from the official IDSR LGA table (image page read at 90 dpi; all rows sum exactly to the printed totals).",AI,2026-10-04,Agent 1 self-correction: row written minutes earlier with wrong source_index 469 (week-24 document) for week-21 2014 data; re-added citing metadata 468 (week-21 document)
3769,AFR::NGA::Kaduna::Soba,2014-05-19,2014-05-25,0,94,,0.00,2014-05-30,469,"WHO Nigeria / FMoH, Cholera/Lassa Fever Situation in Nigeria - Update as at week 24, 2014 (with LGA table, Nigeria Weekly update on IDSR)",0.9,"Source states: 'Status of LGAs/States that reported Cholera Cases in Week21, 2014 (table: S/No, State, LGA, Pop, Cases, Lab Confirmed, Deaths, Attack Rate, CFR) ... Total 1040 cases, 18 deaths; Kaduna / Soba: 94 cases, 0 deaths' - interpreted as 94 sCh cases, 0 deaths. District subset - do not sum with state or national rows. Weekly reporting-week count, epi week 21 of 2014, from the official IDSR LGA table (image page read at 90 dpi; all rows sum exactly to the printed totals).",AI,2026-10-04,Agent 1 self-correction: row written minutes earlier with wrong source_index 469 (week-24 document) for week-21 2014 data; re-added citing metadata 468 (week-21 document)
3770,AFR::NGA::Kaduna::Zaria,2014-05-19,2014-05-25,0,11,,0.00,2014-05-30,469,"WHO Nigeria / FMoH, Cholera/Lassa Fever Situation in Nigeria - Update as at week 24, 2014 (with LGA table, Nigeria Weekly update on IDSR)",0.9,"Source states: 'Status of LGAs/States that reported Cholera Cases in Week21, 2014 (table: S/No, State, LGA, Pop, Cases, Lab Confirmed, Deaths, Attack Rate, CFR) ... Total 1040 cases, 18 deaths; Kaduna / Zaria: 11 cases, 0 deaths' - interpreted as 11 sCh cases, 0 deaths. District subset - do not sum with state or national rows. Weekly reporting-week count, epi week 21 of 2014, from the official IDSR LGA table (image page read at 90 dpi; all rows sum exactly to the printed totals).",AI,2026-10-04,Agent 1 self-correction: row written minutes earlier with wrong source_index 469 (week-24 document) for week-21 2014 data; re-added citing metadata 468 (week-21 document)
3771,AFR::NGA::Kano::Ajingi,2014-05-19,2014-05-25,0,9,,0.00,2014-05-30,469,"WHO Nigeria / FMoH, Cholera/Lassa Fever Situation in Nigeria - Update as at week 24, 2014 (with LGA table, Nigeria Weekly update on IDSR)",0.9,"Source states: 'Status of LGAs/States that reported Cholera Cases in Week21, 2014 (table: S/No, State, LGA, Pop, Cases, Lab Confirmed, Deaths, Attack Rate, CFR) ... Total 1040 cases, 18 deaths; Kano / Ajingi: 9 cases, 0 deaths' - interpreted as 9 sCh cases, 0 deaths. District subset - do not sum with state or national rows. Weekly reporting-week count, epi week 21 of 2014, from the official IDSR LGA table (image page read at 90 dpi; all rows sum exactly to the printed totals).",AI,2026-10-04,Agent 1 self-correction: row written minutes earlier with wrong source_index 469 (week-24 document) for week-21 2014 data; re-added citing metadata 468 (week-21 document)
3772,AFR::NGA::Kano::Bunkure,2014-05-19,2014-05-25,0,2,,0.00,2014-05-30,469,"WHO Nigeria / FMoH, Cholera/Lassa Fever Situation in Nigeria - Update as at week 24, 2014 (with LGA table, Nigeria Weekly update on IDSR)",0.9,"Source states: 'Status of LGAs/States that reported Cholera Cases in Week21, 2014 (table: S/No, State, LGA, Pop, Cases, Lab Confirmed, Deaths, Attack Rate, CFR) ... Total 1040 cases, 18 deaths; Kano / Bunkure: 2 cases, 0 deaths' - interpreted as 2 sCh cases, 0 deaths. District subset - do not sum with state or national rows. Weekly reporting-week count, epi week 21 of 2014, from the official IDSR LGA table (image page read at 90 dpi; all rows sum exactly to the printed totals).",AI,2026-10-04,Agent 1 self-correction: row written minutes earlier with wrong source_index 469 (week-24 document) for week-21 2014 data; re-added citing metadata 468 (week-21 document)
3773,AFR::NGA::Kano::Garun_Mallam,2014-05-19,2014-05-25,2,40,,5.00,2014-05-30,469,"WHO Nigeria / FMoH, Cholera/Lassa Fever Situation in Nigeria - Update as at week 24, 2014 (with LGA table, Nigeria Weekly update on IDSR)",0.9,"Source states: 'Status of LGAs/States that reported Cholera Cases in Week21, 2014 (table: S/No, State, LGA, Pop, Cases, Lab Confirmed, Deaths, Attack Rate, CFR) ... Total 1040 cases, 18 deaths; Kano / Garun Mallam: 40 cases, 2 deaths' - interpreted as 40 sCh cases, 2 deaths. District subset - do not sum with state or national rows. Weekly reporting-week count, epi week 21 of 2014, from the official IDSR LGA table (image page read at 90 dpi; all rows sum exactly to the printed totals).",AI,2026-10-04,Agent 1 self-correction: row written minutes earlier with wrong source_index 469 (week-24 document) for week-21 2014 data; re-added citing metadata 468 (week-21 document)
3774,AFR::NGA::Kano::Gaya,2014-05-19,2014-05-25,2,19,,10.53,2014-05-30,469,"WHO Nigeria / FMoH, Cholera/Lassa Fever Situation in Nigeria - Update as at week 24, 2014 (with LGA table, Nigeria Weekly update on IDSR)",0.9,"Source states: 'Status of LGAs/States that reported Cholera Cases in Week21, 2014 (table: S/No, State, LGA, Pop, Cases, Lab Confirmed, Deaths, Attack Rate, CFR) ... Total 1040 cases, 18 deaths; Kano / Gaya: 19 cases, 2 deaths' - interpreted as 19 sCh cases, 2 deaths. District subset - do not sum with state or national rows. Weekly reporting-week count, epi week 21 of 2014, from the official IDSR LGA table (image page read at 90 dpi; all rows sum exactly to the printed totals).",AI,2026-10-04,Agent 1 self-correction: row written minutes earlier with wrong source_index 469 (week-24 document) for week-21 2014 data; re-added citing metadata 468 (week-21 document)
3775,AFR::NGA::Kano::Kabo,2014-05-19,2014-05-25,0,7,,0.00,2014-05-30,469,"WHO Nigeria / FMoH, Cholera/Lassa Fever Situation in Nigeria - Update as at week 24, 2014 (with LGA table, Nigeria Weekly update on IDSR)",0.9,"Source states: 'Status of LGAs/States that reported Cholera Cases in Week21, 2014 (table: S/No, State, LGA, Pop, Cases, Lab Confirmed, Deaths, Attack Rate, CFR) ... Total 1040 cases, 18 deaths; Kano / Kabo: 7 cases, 0 deaths' - interpreted as 7 sCh cases, 0 deaths. District subset - do not sum with state or national rows. Weekly reporting-week count, epi week 21 of 2014, from the official IDSR LGA table (image page read at 90 dpi; all rows sum exactly to the printed totals).",AI,2026-10-04,Agent 1 self-correction: row written minutes earlier with wrong source_index 469 (week-24 document) for week-21 2014 data; re-added citing metadata 468 (week-21 document)
3776,AFR::NGA::Kano::Madobi,2014-05-19,2014-05-25,0,20,,0.00,2014-05-30,469,"WHO Nigeria / FMoH, Cholera/Lassa Fever Situation in Nigeria - Update as at week 24, 2014 (with LGA table, Nigeria Weekly update on IDSR)",0.9,"Source states: 'Status of LGAs/States that reported Cholera Cases in Week21, 2014 (table: S/No, State, LGA, Pop, Cases, Lab Confirmed, Deaths, Attack Rate, CFR) ... Total 1040 cases, 18 deaths; Kano / Madobi: 20 cases, 0 deaths' - interpreted as 20 sCh cases, 0 deaths. District subset - do not sum with state or national rows. Weekly reporting-week count, epi week 21 of 2014, from the official IDSR LGA table (image page read at 90 dpi; all rows sum exactly to the printed totals).",AI,2026-10-04,Agent 1 self-correction: row written minutes earlier with wrong source_index 469 (week-24 document) for week-21 2014 data; re-added citing metadata 468 (week-21 document)
3777,AFR::NGA::Kano::Minjibir,2014-05-19,2014-05-25,0,47,,0.00,2014-05-30,469,"WHO Nigeria / FMoH, Cholera/Lassa Fever Situation in Nigeria - Update as at week 24, 2014 (with LGA table, Nigeria Weekly update on IDSR)",0.9,"Source states: 'Status of LGAs/States that reported Cholera Cases in Week21, 2014 (table: S/No, State, LGA, Pop, Cases, Lab Confirmed, Deaths, Attack Rate, CFR) ... Total 1040 cases, 18 deaths; Kano / Minjibir: 47 cases, 0 deaths' - interpreted as 47 sCh cases, 0 deaths. District subset - do not sum with state or national rows. Weekly reporting-week count, epi week 21 of 2014, from the official IDSR LGA table (image page read at 90 dpi; all rows sum exactly to the printed totals).",AI,2026-10-04,Agent 1 self-correction: row written minutes earlier with wrong source_index 469 (week-24 document) for week-21 2014 data; re-added citing metadata 468 (week-21 document)
3778,AFR::NGA::Kano::Rimin_Gado,2014-05-19,2014-05-25,0,18,,0.00,2014-05-30,469,"WHO Nigeria / FMoH, Cholera/Lassa Fever Situation in Nigeria - Update as at week 24, 2014 (with LGA table, Nigeria Weekly update on IDSR)",0.9,"Source states: 'Status of LGAs/States that reported Cholera Cases in Week21, 2014 (table: S/No, State, LGA, Pop, Cases, Lab Confirmed, Deaths, Attack Rate, CFR) ... Total 1040 cases, 18 deaths; Kano / Rimin Gado: 18 cases, 0 deaths' - interpreted as 18 sCh cases, 0 deaths. District subset - do not sum with state or national rows. Weekly reporting-week count, epi week 21 of 2014, from the official IDSR LGA table (image page read at 90 dpi; all rows sum exactly to the printed totals).",AI,2026-10-04,Agent 1 self-correction: row written minutes earlier with wrong source_index 469 (week-24 document) for week-21 2014 data; re-added citing metadata 468 (week-21 document)
3779,AFR::NGA::Kano::Rogo,2014-05-19,2014-05-25,0,15,,0.00,2014-05-30,469,"WHO Nigeria / FMoH, Cholera/Lassa Fever Situation in Nigeria - Update as at week 24, 2014 (with LGA table, Nigeria Weekly update on IDSR)",0.9,"Source states: 'Status of LGAs/States that reported Cholera Cases in Week21, 2014 (table: S/No, State, LGA, Pop, Cases, Lab Confirmed, Deaths, Attack Rate, CFR) ... Total 1040 cases, 18 deaths; Kano / Rogo: 15 cases, 0 deaths' - interpreted as 15 sCh cases, 0 deaths. District subset - do not sum with state or national rows. Weekly reporting-week count, epi week 21 of 2014, from the official IDSR LGA table (image page read at 90 dpi; all rows sum exactly to the printed totals).",AI,2026-10-04,Agent 1 self-correction: row written minutes earlier with wrong source_index 469 (week-24 document) for week-21 2014 data; re-added citing metadata 468 (week-21 document)
3780,AFR::NGA::Kano::Tudun_Wada,2014-05-19,2014-05-25,0,35,,0.00,2014-05-30,469,"WHO Nigeria / FMoH, Cholera/Lassa Fever Situation in Nigeria - Update as at week 24, 2014 (with LGA table, Nigeria Weekly update on IDSR)",0.9,"Source states: 'Status of LGAs/States that reported Cholera Cases in Week21, 2014 (table: S/No, State, LGA, Pop, Cases, Lab Confirmed, Deaths, Attack Rate, CFR) ... Total 1040 cases, 18 deaths; Kano / Tudun Wada: 35 cases, 0 deaths' - interpreted as 35 sCh cases, 0 deaths. District subset - do not sum with state or national rows. Weekly reporting-week count, epi week 21 of 2014, from the official IDSR LGA table (image page read at 90 dpi; all rows sum exactly to the printed totals).",AI,2026-10-04,Agent 1 self-correction: row written minutes earlier with wrong source_index 469 (week-24 document) for week-21 2014 data; re-added citing metadata 468 (week-21 document)
3781,AFR::NGA::Kano::Warawa,2014-05-19,2014-05-25,0,6,,0.00,2014-05-30,469,"WHO Nigeria / FMoH, Cholera/Lassa Fever Situation in Nigeria - Update as at week 24, 2014 (with LGA table, Nigeria Weekly update on IDSR)",0.9,"Source states: 'Status of LGAs/States that reported Cholera Cases in Week21, 2014 (table: S/No, State, LGA, Pop, Cases, Lab Confirmed, Deaths, Attack Rate, CFR) ... Total 1040 cases, 18 deaths; Kano / Warawa: 6 cases, 0 deaths' - interpreted as 6 sCh cases, 0 deaths. District subset - do not sum with state or national rows. Weekly reporting-week count, epi week 21 of 2014, from the official IDSR LGA table (image page read at 90 dpi; all rows sum exactly to the printed totals).",AI,2026-10-04,Agent 1 self-correction: row written minutes earlier with wrong source_index 469 (week-24 document) for week-21 2014 data; re-added citing metadata 468 (week-21 document)
3782,AFR::NGA::Kano::Wudil,2014-05-19,2014-05-25,0,33,,0.00,2014-05-30,469,"WHO Nigeria / FMoH, Cholera/Lassa Fever Situation in Nigeria - Update as at week 24, 2014 (with LGA table, Nigeria Weekly update on IDSR)",0.9,"Source states: 'Status of LGAs/States that reported Cholera Cases in Week21, 2014 (table: S/No, State, LGA, Pop, Cases, Lab Confirmed, Deaths, Attack Rate, CFR) ... Total 1040 cases, 18 deaths; Kano / Wudil: 33 cases, 0 deaths' - interpreted as 33 sCh cases, 0 deaths. District subset - do not sum with state or national rows. Weekly reporting-week count, epi week 21 of 2014, from the official IDSR LGA table (image page read at 90 dpi; all rows sum exactly to the printed totals).",AI,2026-10-04,Agent 1 self-correction: row written minutes earlier with wrong source_index 469 (week-24 document) for week-21 2014 data; re-added citing metadata 468 (week-21 document)
3783,AFR::NGA::Plateau::Barkin_Ladi,2014-05-19,2014-05-25,0,24,,0.00,2014-05-30,469,"WHO Nigeria / FMoH, Cholera/Lassa Fever Situation in Nigeria - Update as at week 24, 2014 (with LGA table, Nigeria Weekly update on IDSR)",0.9,"Source states: 'Status of LGAs/States that reported Cholera Cases in Week21, 2014 (table: S/No, State, LGA, Pop, Cases, Lab Confirmed, Deaths, Attack Rate, CFR) ... Total 1040 cases, 18 deaths; Plateau / Barkin Ladi: 24 cases, 0 deaths' - interpreted as 24 sCh cases, 0 deaths. District subset - do not sum with state or national rows. Weekly reporting-week count, epi week 21 of 2014, from the official IDSR LGA table (image page read at 90 dpi; all rows sum exactly to the printed totals).",AI,2026-10-04,Agent 1 self-correction: row written minutes earlier with wrong source_index 469 (week-24 document) for week-21 2014 data; re-added citing metadata 468 (week-21 document)
3784,AFR::NGA::Plateau::Jos_North,2014-05-19,2014-05-25,0,25,,0.00,2014-05-30,469,"WHO Nigeria / FMoH, Cholera/Lassa Fever Situation in Nigeria - Update as at week 24, 2014 (with LGA table, Nigeria Weekly update on IDSR)",0.9,"Source states: 'Status of LGAs/States that reported Cholera Cases in Week21, 2014 (table: S/No, State, LGA, Pop, Cases, Lab Confirmed, Deaths, Attack Rate, CFR) ... Total 1040 cases, 18 deaths; Plateau / Jos North: 25 cases, 0 deaths' - interpreted as 25 sCh cases, 0 deaths. District subset - do not sum with state or national rows. Weekly reporting-week count, epi week 21 of 2014, from the official IDSR LGA table (image page read at 90 dpi; all rows sum exactly to the printed totals).",AI,2026-10-04,Agent 1 self-correction: row written minutes earlier with wrong source_index 469 (week-24 document) for week-21 2014 data; re-added citing metadata 468 (week-21 document)
3785,AFR::NGA::Plateau::Wase,2014-05-19,2014-05-25,4,34,,11.76,2014-05-30,469,"WHO Nigeria / FMoH, Cholera/Lassa Fever Situation in Nigeria - Update as at week 24, 2014 (with LGA table, Nigeria Weekly update on IDSR)",0.9,"Source states: 'Status of LGAs/States that reported Cholera Cases in Week21, 2014 (table: S/No, State, LGA, Pop, Cases, Lab Confirmed, Deaths, Attack Rate, CFR) ... Total 1040 cases, 18 deaths; Plateau / Wase: 34 cases, 4 deaths' - interpreted as 34 sCh cases, 4 deaths. District subset - do not sum with state or national rows. Weekly reporting-week count, epi week 21 of 2014, from the official IDSR LGA table (image page read at 90 dpi; all rows sum exactly to the printed totals).",AI,2026-10-04,Agent 1 self-correction: row written minutes earlier with wrong source_index 469 (week-24 document) for week-21 2014 data; re-added citing metadata 468 (week-21 document)
3786,AFR::NGA::Taraba::Ibi,2014-05-19,2014-05-25,0,10,,0.00,2014-05-30,469,"WHO Nigeria / FMoH, Cholera/Lassa Fever Situation in Nigeria - Update as at week 24, 2014 (with LGA table, Nigeria Weekly update on IDSR)",0.9,"Source states: 'Status of LGAs/States that reported Cholera Cases in Week21, 2014 (table: S/No, State, LGA, Pop, Cases, Lab Confirmed, Deaths, Attack Rate, CFR) ... Total 1040 cases, 18 deaths; Taraba / Ibi: 10 cases, 0 deaths' - interpreted as 10 sCh cases, 0 deaths. District subset - do not sum with state or national rows. Weekly reporting-week count, epi week 21 of 2014, from the official IDSR LGA table (image page read at 90 dpi; all rows sum exactly to the printed totals).",AI,2026-10-04,Agent 1 self-correction: row written minutes earlier with wrong source_index 469 (week-24 document) for week-21 2014 data; re-added citing metadata 468 (week-21 document)
3787,AFR::NGA::Taraba::Lau,2014-05-19,2014-05-25,0,2,,0.00,2014-05-30,469,"WHO Nigeria / FMoH, Cholera/Lassa Fever Situation in Nigeria - Update as at week 24, 2014 (with LGA table, Nigeria Weekly update on IDSR)",0.9,"Source states: 'Status of LGAs/States that reported Cholera Cases in Week21, 2014 (table: S/No, State, LGA, Pop, Cases, Lab Confirmed, Deaths, Attack Rate, CFR) ... Total 1040 cases, 18 deaths; Taraba / Lau: 2 cases, 0 deaths' - interpreted as 2 sCh cases, 0 deaths. District subset - do not sum with state or national rows. Weekly reporting-week count, epi week 21 of 2014, from the official IDSR LGA table (image page read at 90 dpi; all rows sum exactly to the printed totals).",AI,2026-10-04,Agent 1 self-correction: row written minutes earlier with wrong source_index 469 (week-24 document) for week-21 2014 data; re-added citing metadata 468 (week-21 document)
3788,AFR::NGA::Zamfara::Gusau,2014-05-19,2014-05-25,1,23,,4.35,2014-05-30,469,"WHO Nigeria / FMoH, Cholera/Lassa Fever Situation in Nigeria - Update as at week 24, 2014 (with LGA table, Nigeria Weekly update on IDSR)",0.9,"Source states: 'Status of LGAs/States that reported Cholera Cases in Week21, 2014 (table: S/No, State, LGA, Pop, Cases, Lab Confirmed, Deaths, Attack Rate, CFR) ... Total 1040 cases, 18 deaths; Zamfara / Gusau: 23 cases, 1 deaths' - interpreted as 23 sCh cases, 1 deaths. District subset - do not sum with state or national rows. Weekly reporting-week count, epi week 21 of 2014, from the official IDSR LGA table (image page read at 90 dpi; all rows sum exactly to the printed totals).",AI,2026-10-04,Agent 1 self-correction: row written minutes earlier with wrong source_index 469 (week-24 document) for week-21 2014 data; re-added citing metadata 468 (week-21 document)
3892,AFR::NGA::Zamfara,2026-08-10,2026-10-03,7,200,,3.50,2026-10-04,472,"Leadership Hausa: Kwalara Ta Kashe Mutum 7 A Zamfara, Sama Da Mutum 200 Sun Kamu Da Cutar, 4 October 2026 (Gumi and Bukkuyum LGAs, quoting Hon. Sulaiman Abubakar Gumi)",0.35,"Source states: 'cutar kwalara ta ɓarke a ƙananan hukumomin Gumi da Bukkuyum a Jihar Zamfara ... cutar ta kashe aƙalla mutum bakwai tare da kwantar da kusan mutum 200 a asibiti ... cutar ta fara tun 10 ga watan Agusta [The cholera outbreak occurred in the local government areas of Gumi and Bukkuyum in Zamfara State ... killed at least seven people and hospitalised about 200 ... began on 10 August]' - interpreted as 200 sCh cases, 7 deaths. Provincial subset - do not sum with national row. Gumi and Bukkuyum LGAs only (not the whole state), combined. 'About 200 hospitalised' treated as approximate suspected cases; 'at least seven' deaths is a floor. Reported by a federal legislator (Hon. Sulaiman Abubakar Gumi) via Leadership Hausa, 4 Oct 2026; not yet in any NCDC/WHO product, so Level 3 at confidence 0.35. Evidence of active transmission in Zamfara inside the national effective gap 2026-09-01..2026-10-04.",AI,2026-10-04,"Agent 1 self-correction: misdated by one year. Article metadata shows article:published_time 2025-08-27 (WebFetch had reported 4 Oct 2026); the Gumi/Bukkuyum outbreak began 10 Aug 2025, not 2026. Re-entered as a 2025 row from a correctly dated source."
3916,AFR::NGA,2010-01-04,2010-10-03,1191,29115,,4.09,2010-10-08,474,"WHO Global Alert and Response, Cholera in Central Africa, 8 October 2010 (Nigeria 4 January - 3 October 2010)",0.9,"Source states: 'Nigeria: 29 115 cases including 1 191 deaths (CFR 4.1%) have been reported between 4 January and 3 October, in 144 LGAs in 15 States including the Federal Capital Territory (FCT). The outbreak is still ongoing and spreading to new geographical areas.' - interpreted as 29115 sCh cases, 1191 deaths. National total - includes provinces not individually listed. CUMULATIVE 4 January - 3 October 2010 (WHO). Second, independent source: UNICEF Sitrep #5 (source 242) gives 26,240 / 1,182 at 4 October from FMOH/state MoH tables; recorded separately, not averaged. Same WHO figures relayed in French by UN News Centre on 8 Oct 2010 ('29.115 cas recenses, dont 1.191 deces, dans 15 Etats'), which is a relay, not a second source.",AI,2026-10-04,"Self-correction by Agent 1 (batch 6): duplicate of a JHU baseline row. Index 3916 = WHO 8 Oct 2010 29,115/1,191 (4 Jan-3 Oct 2010) is identical to JHU row 71345; Index 3919 = EHA/AFRO 14 Oct 2010 38,173 cases repeats the case count of JHU row 73415 (dated 25 Oct 2010, deaths blank). My pre-add check covered AI rows only; JHU was not checked for these two national rows. EHA/AFRO adds deaths 1,555 and an earlier as-of date (<=14 Oct) - logged for Agent 5 rather than written."
3919,AFR::NGA,2010-01-01,2010-10-14,1555,38173,,4.07,2010-10-14,477,"WHO AFRO EHA Weekly Emergency Situation Update Vol. 3 No. 13, 14 October 2010",0.85,"Source states: 'NIGERIA: [...] Ongoing cholera epidemic in several states with reported estimated cases of 38,173 and 1,555 deaths (CFR, 4.1%)' - interpreted as 38173 sCh cases, 1555 deaths. National total - includes provinces not individually listed. CUMULATIVE 2010 to 14 October 2010 (WHO AFRO EHA weekly update). Source calls the figure 'reported estimated cases'. Single source for this exact cut point; bracketed by WHO 3 October (29,115 / 1,191, source 474) and UNICEF via UN News 22 October (40,000 / 1,500, Index 1519), and below the WHO full-year 41,787 / 1,716 (Index 7). The jump from 3 to 14 October reflects post-holiday reporting catch-up noted by UNICEF Sitrep #5. Confidence reduced below the Level 1 band for the 'estimated' wording.",AI,2026-10-04,"Self-correction by Agent 1 (batch 6): duplicate of a JHU baseline row. Index 3916 = WHO 8 Oct 2010 29,115/1,191 (4 Jan-3 Oct 2010) is identical to JHU row 71345; Index 3919 = EHA/AFRO 14 Oct 2010 38,173 cases repeats the case count of JHU row 73415 (dated 25 Oct 2010, deaths blank). My pre-add check covered AI rows only; JHU was not checked for these two national rows. EHA/AFRO adds deaths 1,555 and an earlier as-of date (<=14 Oct) - logged for Agent 5 rather than written."
3917,AFR::NGA,2010-01-01,2010-08-20,231,4665,,4.95,2010-08-20,475,"Reuters, Nigeria battles cholera, measles outbreaks, 20 August 2010 (quoting FMOH head of epidemiology Dr Henry Akpan)",0.5,"Source states: 'A cholera outbreak in northeastern Nigeria has killed 231 people this year across 11 states and infected more than 4,500 others, the country's chief epidemiologist said on Friday. [...] said Dr Henry Akpan, head of epidemiology in Nigeria's ministry of health, adding that 4,665 cases had been recorded in Africa's most populous nation since January.' - interpreted as 4665 sCh cases, 231 deaths. National total - includes provinces not individually listed. CUMULATIVE 1 January - 20 August 2010, FMOH figure relayed by Reuters (Level 3). Single source for the exact case count; the death count is consistent with IFRC Information Bulletin No.1 of 2 Sep 2010 ('over 232 deaths', Index 1517), and the cases sit between the Dalhat et al. week-33 peak and the UNICEF/WHO 30 August figure of 6,400 (Index 1516). Earliest national cumulative cut point of the 2010 epidemic in the AI layer.",AI,2026-10-04,"Self-correction by Agent 1 (batch 6): >1,000-case national figure from a single non-Level-1 source (3917 Reuters Level 3: 4,665 cases to 20 Aug 2010; 3918 OCHA Level 2: 10,134 cases, bulletin period to 5 Sep 2010) with no independent second source; the orchestrator rule allows the single-source exception only for Level 1 sources. Agent 1 had already declined the OCHA figure in batch 1 for the same reason. Logged for Agent 5."
3918,AFR::NGA,2010-01-01,2010-09-05,571,10134,,5.63,2010-09-05,476,"OCHA ROWCA Bulletin d'Information Humanitaire Afrique de l'Ouest et du Centre, Aout 2010 (6 August - 5 September 2010)",0.7,"Source states: 'Plus de 15 000 cas de cholera dont 925 morts ont ete deceles au Nigeria, Cameroun, Niger et Benin. Avec 10 134 cas et 571 deces, le Nigeria est le pays le plus affecte par cette epidemie qui est principalement due a la mauvaise hygiene et a l'acces difficile a l'eau potable.' - interpreted as 10134 sCh cases, 571 deaths. National total - includes provinces not individually listed. CUMULATIVE 2010 to the end of the bulletin period (bulletin covers 6 August - 5 September 2010; TR set to 5 September, the latest date the figure can refer to). Footnote attributes the figure to UNICEF. Translation: 'With 10,134 cases and 571 deaths, Nigeria is the country most affected'. Single source for this cut point; higher than the UNICEF/WHO 30 August figure (6,400 / 352, Index 1516) and IFRC 2 September ('over 7,000 / over 232', Index 1517), consistent with the week-33-35 epidemic peak but the exact as-of date is unknown, hence confidence at the bottom of the Level 2 band.",AI,2026-10-04,"Self-correction by Agent 1 (batch 6): >1,000-case national figure from a single non-Level-1 source (3917 Reuters Level 3: 4,665 cases to 20 Aug 2010; 3918 OCHA Level 2: 10,134 cases, bulletin period to 5 Sep 2010) with no independent second source; the orchestrator rule allows the single-source exception only for Level 1 sources. Agent 1 had already declined the OCHA figure in batch 1 for the same reason. Logged for Agent 5."
511,AFR::NGA::Plateau,2010-01-01,2010-12-31,29,526,,5.51,2012-08-01,61,Adagbada et al. 2012 Pan African Medical Journal Cholera Epidemiology in Nigeria (state tables),0.9,"Source states: 'Table 3: Cholera incidence and case fatality rate during 2010 outbreak - Plateau, Geographical Zone North central, LGAs in state 17, LGAs affected 5, Total cases 526, Total deaths 29, Case fatality rate 23.0' - interpreted as 526 sCh cases, 29 deaths. Provincial subset - do not sum with national row. Full-outbreak state total for the 2010 Nigerian cholera epidemic. The national AFR::NGA 2010 row (index 7, 41,787 cases / 1,716 deaths) is the primary national count. ARITHMETIC CHECKED: the 17 state death values sum to exactly 1,182, the table's printed total, but the 17 case values sum to 26,640 against a printed total of 26,240 - a 400-case discrepancy internal to the published table. The table's row numbering also skips 8, so at least one state appears to have been dropped in typesetting. Values are recorded exactly as printed and are NOT rescaled. The 17 states account for about 64 per cent of the national 2010 total, so the parts do not exceed the whole. The printed CFR for Plateau (23.0%) is inconsistent with its own 29/526 = 5.5% and is a typographical error in the source; CFR here is recomputed from deaths and cases. This table SUPERSEDES the Charnley mid-outbreak 2010 snapshots (indices 418-428) for annual state totals; do not sum the two sets. The source records 5 of Plateau's 17 LGAs as affected in 2010. [AGENT 1 REVISION 2026-10-04] ADJUDICATION (Agent 1, 2026-10-04; same_period_conflict with Index 3720): NON-PRIMARY and WRONG. 526 is a typesetting error for 126 (UNICEF/FMOH original 'at 4 October 2010' = 126/29, held as Index 3920; printed CFR 23.0% = 29/126), and the table is an interim cumulative to 4 Oct 2010, not full-year. Primary full-year 2010 Plateau = Index 3720 (MapAction/UNICEF map, 175/13). (reason: Agent 1 adjudication before retraction)",AI,2026-10-04,Agent 1: value 526 is a transcription error for 126 (UNICEF/FMOH original = Index 3920; printed CFR 23.0% = 29/126) and the period is a 4 Oct 2010 interim mis-entered as full-year 2010; correct values held as Index 3920 (to 4 Oct) and Index 3720 (full year)
4862,AFR::NGA::Yobe,2021-01-01,2021-10-24,,3661,,,2021-10-31,505,NCDC Cholera Situation Report Epi Week 42 2021 (Top-10 state and Top-N LGA cumulative tables),0.85,"Source states: 'Table 3: Top 10 states in cumulative cases - No 8, State Yobe, Cases 3,661' - interpreted as 3661 sCh cases. CUMULATIVE weeks 1-42 of 2021 (1 Jan to 2021-10-24); NCDC Cholera Situation Report epi week 42, Table 3 (top-10 states; the ten rows sum to the printed total 83,657). Fills week 42 in the NCDC weekly state-cumulative series already on file for other weeks (previous value on file: 3085 to 2021-10-10). NCDC reporting-basis cumulative; JHU holds a separate onset-week weekly state series for 2021 - do not difference across the two series. Provincial subset - do not sum with national row. Reporting date approximated as week end + 7 days.",AI,2026-10-04,"Agent 2 self-retraction: NCDC week-42 Table-3 Yobe cumulative 3,661 to 24 Oct 2021 duplicates in substance the Yobe SMoH sitrep No.2 row for the same date (Index 1611, 3,659/86, the state's own line list, more specific and with deaths); keeping both only creates a same_period_conflict with no new information"
4871,AFR::NGA::Borno,2021-01-01,2021-11-07,,3938,,,2021-11-14,506,NCDC Cholera Situation Report Epi Week 44 2021 (Top-10 state and Top-N LGA cumulative tables),0.85,"Source states: 'Table 3: Top 10 states in cumulative cases - No 8, State Borno, Cases 3,938' - interpreted as 3938 sCh cases. CUMULATIVE weeks 1-44 of 2021 (1 Jan to 2021-11-07); NCDC Cholera Situation Report epi week 44, Table 3 (top-10 states; the ten rows sum to the printed total 89,180). Fills week 44 in the NCDC weekly state-cumulative series already on file for other weeks (previous value on file: 3906 to 2021-10-31). Week-44 Table 3 rows sum to 89,210 against a printed total of 89,180 (30-case discrepancy inside the NCDC table). NCDC reporting-basis cumulative; JHU holds a separate onset-week weekly state series for 2021 - do not difference across the two series. Provincial subset - do not sum with national row. Reporting date approximated as week end + 7 days.",AI,2026-10-04,"Agent 2 self-retraction: NCDC week-44 Table-3 Borno cumulative 3,938 to 7 Nov 2021 lags the Borno SMoH sitrep row for the same date (Index 1587, 4,246/166/cCh 40); the state line list is primary for the date and the NCDC value adds no information"
4872,AFR::NGA::Yobe,2021-01-01,2021-11-07,,3750,,,2021-11-14,506,NCDC Cholera Situation Report Epi Week 44 2021 (Top-10 state and Top-N LGA cumulative tables),0.85,"Source states: 'Table 3: Top 10 states in cumulative cases - No 9, State Yobe, Cases 3,750' - interpreted as 3750 sCh cases. CUMULATIVE weeks 1-44 of 2021 (1 Jan to 2021-11-07); NCDC Cholera Situation Report epi week 44, Table 3 (top-10 states; the ten rows sum to the printed total 89,180). Fills week 44 in the NCDC weekly state-cumulative series already on file for other weeks (previous value on file: 3661 to 2021-10-24). Week-44 Table 3 rows sum to 89,210 against a printed total of 89,180 (30-case discrepancy inside the NCDC table). NCDC reporting-basis cumulative; JHU holds a separate onset-week weekly state series for 2021 - do not difference across the two series. Provincial subset - do not sum with national row. Reporting date approximated as week end + 7 days.",AI,2026-10-04,"Agent 2 self-retraction: NCDC week-44 Table-3 Yobe cumulative 3,750 to 7 Nov 2021 equals the Yobe SMoH figure for 31 Oct (sitrep No.3) and lags the Yobe SMoH sitrep No.4 row for 7 Nov (Index 1572, 3,893/90); NCDC lags the state by one week, so the row adds no information and creates a same_period_conflict"
4886,AFR::NGA::Borno,2021-01-01,2021-11-21,,4604,,,2021-11-28,508,NCDC Cholera Situation Report Epi Week 46 2021 (Top-10 state and Top-N LGA cumulative tables),0.85,"Source states: 'Table 3: Top 10 states in cumulative cases - No 8, State Borno, Cases 4,604' - interpreted as 4604 sCh cases. CUMULATIVE weeks 1-46 of 2021 (1 Jan to 2021-11-21); NCDC Cholera Situation Report epi week 46, Table 3 (top-10 states; the ten rows sum to the printed total 91,216). Fills week 46 in the NCDC weekly state-cumulative series already on file for other weeks (previous value on file: 3938 to 2021-11-07). NCDC reporting-basis cumulative; JHU holds a separate onset-week weekly state series for 2021 - do not difference across the two series. Provincial subset - do not sum with national row. Reporting date approximated as week end + 7 days. [AGENT 2 REVISION 2026-10-04] LAG CAVEAT (Agent 2): for Yobe and Borno the NCDC national tables trail the state MoH sitrep line lists by about one week (e.g. NCDC Yobe 3,750 at 7 Nov 2021 = Yobe SMoH 31 Oct figure; NCDC Yobe 3,893 at 14 Nov = Yobe SMoH 7 Nov figure). Where a Yobe or Borno SMoH sitrep row exists for a date, the SMoH row is primary; this NCDC row is NON-PRIMARY for that comparison. (reason: Agent 2 adjudication of NCDC vs state-sitrep timing)",AI,2026-10-04,"Agent 2 self-retraction: NCDC week-46 Table-3 Borno cumulative 4,604 to 21 Nov 2021 coincides with Borno SMoH sitrep No. 13 for the same date (Index 1598, 4,484/170, the state line list - primary for Borno); keeping both only creates a same_period_conflict"
4894,AFR::NGA::Borno::Maiduguri,2021-01-01,2021-12-26,,1655,,,2022-01-02,101,NCDC Cholera Situation Report Epi Week 51 2021 (reporting-week state case line),0.85,"Source states: 'Table 4: Top 15 Local Government Areas (LGAs) in cumulative cases - No 9, LGA Maiduguri, State Borno, Cases 1655' - interpreted as 1655 sCh cases. CUMULATIVE weeks 1-51 of 2021 (1 Jan to 2021-12-26); NCDC Cholera Situation Report epi week 51, Table 4 (the 15 listed LGAs sum to 32,862). Previous value carried for this LGA in the NCDC top-LGA series: 1489. NCDC re-ranks the table every issue and drops LGAs that fall out of the top N, so absence from a later table is not a zero. Values that appeared in only one issue and reverted the next week (probable typos) were not entered. Parts check: 1655 <= Borno state cumulative in the same issue's Table 3. District subset - do not sum with state or national row. Reporting date approximated as week end + 7 days.",AI,2026-10-04,"Agent 2 self-retraction: NCDC week-51 top-15 LGA value Maiduguri 1,655 to 26 Dec 2021 coincides with Borno SMoH sitrep No. 18 for the same date (Index 5491, 1,663/5 - primary for Borno LGAs); redundant and conflicting"
1678,AFR::NGA::Borno,2018-12-17,2019-01-21,0,0,,0.0,2019-01-22,293,"WHO Nigeria, Borno, Adamawa and Yobe States Declare End of Cholera Outbreaks, 21 January 2019",0.6,"Source confirms zero cholera transmission 2018-12-17..2019-01-21. Source states: 'It has been over two weeks since the last cases of Cholera were detected and as required by epidemiological protocols and standards, when the number of suspected cases in an epidemic area significantly declines and all samples from suspected cholera cases test negative for a minimum period of two weeks, the outbreak is considered controlled. Following the intense outbreak response which was led and coordinated by the Nigerian Government with support from the World Health Organization (WHO), the last cases of cholera were reported in Borno state on 14 December 2018, while Adamawa and Yobe states reported their last cases on 23 November and 04 December 2018 respectively.'. Evidence type: Inferred_Absence. Surveillance system status during absence: operational. FORMAL OUTBREAK-END DECLARATION by the State Commissioner for Health with WHO, not an inference from missing data. The source states that Borno's last 2018 cholera case was reported on 14 December 2018, and that the declaration followed the standard epidemiological criterion of a significant decline in suspected cases together with all samples from suspected cases testing negative for a minimum of two weeks - i.e. active laboratory surveillance continued throughout this window and returned negatives. TL is set to 2018-12-17 so that this row does not overlap the state's own weekly sitrep rows for the preceding period; TR is the declaration date of 21 January 2019. Provincial row. This closes the 2018 north-east epidemic, which totalled 6,367 cases in Borno, 2,755 in Adamawa and 1,813 in Yobe. [AGENT agent-5 REVISION 2026-09-22] [AGENT 5 DOUBLE-COUNTING STATEMENT 2026-09-22] PROVINCIAL SUBSET - DO NOT SUM WITH THE NATIONAL ROW. This is an ADM1 (state) observation that falls inside the period of one or more AFR::NGA national rows. For MOSAIC aggregation the NATIONAL row is the primary count for this period; this state row is a component of it, not an addition to it. The national total already contains these cases. Not additive. (reason: Agent 5 item C: supply the explicit double-counting / primacy statement the national_subnational_overlap check requires) [AGENT agent-6-gap-context REVISION 2026-09-22] [AGENT 6 INACCESSIBILITY FLAG 2026-09-22 - THE ONLY ZERO ROW IN THIS FILE THAT SITS INSIDE A DOCUMENTED INACCESSIBILITY WINDOW.] I cross-checked all 29 Borno/Yobe/Adamawa zero rows in this file against the LGA-resolved and year-resolved inaccessibility reconstruction in Forbi et al., Pan Afr Med J 2023;45(Supp 2):2 (PMC10874094), which maps Boko Haram-related inaccessibility in Borno and Yobe from polio field-staff recall validated against vaccinator GPS tracks and satellite population imagery. Twenty-eight rows cleared. This one does not. Forbi records protracted inaccessibility in Borno running TO 2020 in the LGAs Bama, Chibok, Damboa, Dikwa, Gubio, Gwoza, Kala/Balge, Mobbar, Ngala, Guzamala, Kukawa, Marte and Abadam, with the entirety of Marte and Abadam inaccessible for several years; this row asserts sCh=0 for the WHOLE OF BORNO STATE for 2018-12-17..2019-01-21, which is inside that window. WHAT THE SOURCE ACTUALLY SUPPORTS. The underlying document is a WHO Nigeria announcement that Borno, Adamawa and Yobe declared their cholera outbreaks over on 21 January 2019 after the standard two incubation periods without a new case. That is a Level 1 statement and it is not disputed. But an end-of-outbreak declaration is made on the REPORTING CATCHMENT: it certifies that no case was detected by the surveillance system, and in Borno in late 2018 the surveillance system did not reach thirteen LGAs. The precedent that makes this more than pedantry is in the same geography and the same period - wild poliovirus was detected in Borno in 2016 belonging to lineages last seen in 2011, five years of undetected transmission under AFP surveillance far more intensive than anything cholera receives, AFTER WHO had removed Nigeria from the endemic list on one year of silence (Nasir et al., Confl Health 2022, PMC9077905). ACTION TAKEN AND NOT TAKEN. I have NOT retracted this row. The declaration is real, the accessible majority of Borno including Maiduguri Metropolitan genuinely recorded no cases, and deleting it would discard a true observation. I have cut confidence from 0.9 to 0.6 and recorded the scope limit here. HOW TO READ IT: this row means 'no cholera detected in the surveilled portion of Borno State', NOT 'no cholera in Borno State'. A modeller treating Borno as a single well-mixed patch should not use it as a hard zero. Note for contrast that the four LGA-level Borno zeros in this file (Indices 2581, 2582 Maiduguri; 2583 Shani; 2584 Kwaya Kusar) all fall on Forbi's NEVER-LOST list of six LGAs, so they are correctly placed and need no caveat. (reason: Agent 6: this Borno STATE zero sits inside the Forbi et al. 2023 Borno inaccessibility window; it is licensed only for the surveillance catchment, not the whole state) [AGENT 7 REVISION 2026-09-22] [AGENT 7 AUDIT DECISION 2026-09-22 - INDEX 1678 ADJUDICATED] Agent 6 deferred this row to the quality audit. DECISION: the row STAYS in data/NGA/cholera_data_ai.csv and is NOT moved to data/NGA/cholera_presence_ai.csv, but its canonical Evidence type is demoted Documented_Absence -> Inferred_Absence. REASON IT IS NOT MOVED: cholera_presence_ai.csv is defined by CLAUDE.md and by py/add_observation.py add-presence as 'cholera confirmed PRESENT but no count available'; its evidence column is hardcoded to presence_confirmed_count_unknown. Filing an absence observation there would assert cholera PRESENCE in Borno for exactly the window in which WHO and the State Commissioner for Health declared the outbreak OVER - it would invert the source, which is worse than either keeping or deleting. REASON IT IS NOT RETRACTED: the 21 January 2019 end-of-outbreak declaration is genuine Level 1 evidence, the criterion applied was active laboratory surveillance returning negatives for two incubation periods, and the accessible majority of Borno - including Maiduguri Metropolitan, the epicentre of the 2018 epidemic - genuinely recorded no cases. Deleting it would discard a true observation. REASON THE LABEL IS DEMOTED: Agent 6's scope caveat was written only as prose, and no consumer reads prose. py/build_weekly_timeseries.py (load_national_rows, lines ~330-353) takes its ONLY machine-readable handle on a zero row from the first 'Evidence type: X' token: Documented_Absence is graded method=documented_zero at the row's full stated confidence, whereas Inferred_Absence is graded inferred_zero and hard-capped at INFERRED_ZERO_MAX=0.6. A caveat that changes no field is the same defect class as downweighting a falsified row - it records a judgement without acting on it. Demoting the token makes the caveat operative. AUDITOR'S INDEPENDENT VERIFICATION OF THE UNDERLYING CLAIM: I re-read Forbi et al., Pan Afr Med J 2023;45(Supp 2):2 (PMC10874094) in full text via the Europe PMC REST endpoint rather than relying on Agent 6's summary. It states verbatim that inaccessibility 'continued until 2017 in affected Yobe LGAs and until 2020 in Borno state', and that 'The Borno LGAs of Bama, Chibok, Damboa, Dikwa, Gubio, Gwoza, Kala Balge, Mobbar, Ngala, Guzamala, Kukawa, Marte and Abadam ... experienced protracted periods of inaccessibility'. That is 13 of Borno's 27 LGAs, and the window 2018-12-17..2019-01-21 falls inside it. Agent 6's Borno diagnosis is confirmed exactly. HOW TO READ THIS ROW: 'no cholera detected in the surveilled catchment of Borno State', NOT 'no cholera in Borno State'. A modeller treating Borno as one well-mixed patch must not use it as a hard zero. (reason: Agent 7 audit: make Agent 6's scope caveat machine-readable; Documented_Absence over-claims for a whole-of-state zero inside the Forbi et al. 2012-2020 Borno inaccessibility window)",AI,2026-10-04,"Agent 3 T1 contradiction (2026-10-04): zero 2018-12-17..2019-01-21 contradicted by NCDC WER 2018 wk52 (Index 3668/3669: 8 suspected cases, Gubio LGA, 24-30 Dec 2018) and JHU 71321 (WHO AFRO surveillance: Borno 12 cases 17-27 Dec 2018). The WHO declaration (re-read on ReliefWeb) dates the last LINE-LISTED case to 14 Dec but its own end criterion lets suspected cases continue while samples test negative, and Gubio is not among the 15 LGAs in the state's 2018 line list. sCh=0 cannot stand against two Level-1 suspected-case streams; row was also labelled Inferred_Absence. No replacement: no Borno-only zero is supportable for this window."
3461,AFR::NGA::Yobe,2025-01-01,2025-03-09,0,0,,0.0,2025-03-31,434,"Northeast Nigeria Humanitarian Response: Health Sector Bulletin, February 2025 (WHO / Health Sector BAY states)",0.9,"Source confirms zero cholera transmission 2025-01-01..2025-03-09. Source states: 'From week 1 to week 10 of 2025, a total of 66 suspected cholera cases and 2 deaths (CFR 3.0%) were reported across the BAY States: Borno State: 21 cases, 0 deaths (CFR 0%). Adamawa State: 45 cases, 2 deaths (CFR 4.4%). Yobe State: 0 cases, 0 deaths (CFR 0%).'. Evidence type: Documented_Absence. Surveillance system status during absence: operational. AGENT 5 REDEPLOYMENT, TARGET 3. DOCUMENTED ZERO, PRINTED AS A NUMBER. The bulletin enumerates all three BAY states for weeks 1-10 of 2025 and prints 'Yobe State: 0 cases, 0 deaths (CFR 0%)' explicitly; the three state values sum to exactly the printed BAY total of 66 cases and 2 deaths, so the enumeration is complete and the zero is a reported value rather than an omission. This is NOT the instrument Agent 3 falsified, which was the NCDC 'states reporting' list where a state's ABSENCE from a list was being read as a zero. Surveillance operational: the same series reports active laboratory confirmation across the BAY states in this period (2 RDT-positive in Borno, 6 PCR-positive and 4 RDT-positive in Adamawa) and Yobe carried 527 cases through 2024, so the state was demonstrably still reporting. PROVINCIAL SUBSET - do not sum with the national row.",AI,2026-10-04,"Agent 3 T1 contradiction (2026-10-04): Yobe zero 2025-01-01..2025-03-09 (BAY Health Sector Bulletin Feb 2025 'Yobe State: 0 cases') is contradicted by NCDC Cholera Situation Report Table 7 printing Yobe 1 suspected case cumulative wk1-5 (Index 4702) and still 1 at wk1-9 (Index 331; re-verified in the wk9 PDF, ncdc.gov.ng, 2026-10-04). The two instruments are different streams (HS: Borno 21 / Adamawa 45 vs NCDC: Borno 3 / Adamawa 1 for the same weeks), so neither is a superset; a recorded suspected case in the national authority's arithmetically closed table excludes a documented zero for the whole window. Replaced by a narrower row for wk6-9 (2025-02-03..2025-03-02), where both streams agree on no new Yobe case."
1033,AFR::NGA::Yobe,2023-01-01,2023-12-31,0,0,,0.0,2023-12-31,136,"Goni et al. 2025 Research Square preprint - Spatiotemporal Dynamics of Cholera Outbreaks in Yobe State, Northeast Nigeria, 2020-2024",0.9,"Source confirms zero cholera transmission 2023-01-01..2023-12-31. Source states: 'We reviewed cholera outbreak data from 2020 to 2024 in Yobe State NE Nigeria. There were outbreaks in 2021, 2022 and 2024 affecting individuals across all age groups and both sexes. However, no outbreaks were recorded in 2020 and 2023. [...] As earlier noted, no cases were reported in 2020 and 2023.'. Evidence type: Documented_Absence. Surveillance system status during absence: partial. PROVINCIAL SUBSET - do not sum with any AFR::NGA national row. ADM1 documented absence for Yobe State, 2023. Surveillance status partial: Yobe is a protracted-conflict state with a weakened health system, but a continuous cholera surveillance line list exists for 2020-2024 and the state reported 3,973 cases (2021), 2,297 (2022) and 522 (2024) to the same system, so the zero is a nil return from a reporting system, not a reporting hole. Arithmetic closure: 3,973+2,297+522 = 6,792 = the study total, leaving exactly 0 for 2020 and 2023. CORROBORATION for 2023: NCDC Cholera Situation Report Epi Week 52 2023 (metadata index 50) omits Yobe from its 31-state 'States Reporting cases in 2023' table whose cumulative column sums exactly to the 3,683 national total, and Yobe is absent from all 11 NCDC cholera sitreps issued in 2023. No source in any layer (JHU/WHO/AI) records a positive Yobe value overlapping 2023. [AGENT agent-6-gap-context REVISION 2026-09-22] [AGENT 6 CORROBORATION 2026-09-22 - THIS ABSENCE IS NOW CONFIRMED BY ARITHMETIC, NOT ONLY BY ASSERTION.] The same research group has posted a second, fuller version of this work on medRxiv: Goni BW, Kwairanga HS, Oguntunde O, Gana ML, Isiaka M, Babagana-kyari M, Zau LB, Kalil N, Baba MM, Abdul H, Fika GM, Bakki B, Kida IM, Yusuph H, Karimi A, Hartig R, Maina MB. 'Impact of Climate Change, Conflict and COVID-19 Pandemic on Spatial and Temporal Trend of Cholera Outbreaks in Yobe State, Northeast Nigeria.' medRxiv 2025.11.18.25340463, posted 19 November 2025 (registered here as metadata Index 427). Its abstract states: 'A total of 6,792 cholera cases and 178 deaths were reported during the study period [2020 to 2024] ... The largest outbreak occurred in 2021 (3,973 cases [58.5%]), followed by 2022 (2,297 cases [33.8%]), and least in 2024 (522 cases [7.7%]).' The three printed annual counts sum to EXACTLY the printed five-year total: 3,973 + 2,297 + 522 = 6,792. There is therefore no residual to allocate to 2023, and the zero on this row is not merely the authors' prose claim that 'no cases were reported in 2020 and 2023' but a closed arithmetic identity in their own published totals. Each printed percentage also reproduces to two decimals (58.49, 33.82, 7.69), so the totals are not rounded summaries concealing a small non-zero year. SURVEILLANCE STATUS IS UNCHANGED AND REMAINS THE BINDING CAVEAT: the same dataset records substantial Yobe outbreaks in the years either side, so the state surveillance system was demonstrably capable of detecting cholera in 2023; but Yobe is a conflict-affected state and Forbi et al. 2023 (PMC10874094) place the Yobe LGAs Gulani and Gujba under protracted inaccessibility running to 2017, so detection capability was not uniform across the state even after the window closed. The 'partial' surveillance label on this row is correct and should not be raised to 'operational'. (reason: Agent 6: independent second posting of the same study corroborates this documented absence arithmetically)",AI,2026-10-04,"T1 contradiction (Agent 3, batch 9 Q1): WHO/Health Sector Bulletin December 2024 (metadata 432) states 'Compared to the same period in 2023 (week 1 to week 52), only 168 suspected cholera cases and 4 deaths were reported (Borno: 49 cases, Yobe: 55 cases, Adamawa: 64 cases)'. A recorded suspected-case count in a Level-1 stream excludes a documented zero (precedent: retraction of 3461). The zero rested on Goni et al. ('no cases were reported in 2020 and 2023') and on Yobe's omission from NCDC's 2023 sitrep tables; the BAY data's Borno (49 vs NCDC 38) and Adamawa (64 vs NCDC 62) values show it is an independent state surveillance stream that NCDC's sitreps under-capture. Replaced by a low-confidence positive row (Yobe 2023 = 55) carrying the conflict."
1120,AFR::NGA::Ebonyi,2021-10-11,2021-12-31,0,0,,0.0,2022-01-02,47,NCDC Cholera Situation Report Epi Week 52 2021 (full-year state and LGA tables),0.85,"Source confirms zero cholera transmission 2021-10-11..2021-12-31. Source states: 'NCDC Cholera Situation Report Epi Week 52, 2021, Table 5 'Summary table for Weekly & Cumulative number of Cholera Cases, for 2021': Ebonyi cumulative cases weeks 1-52 = 175. The same cumulative value of 175 is already printed for Ebonyi in the Epi Week 40, 2021 issue.'. Evidence type: Documented_Absence. Surveillance system status during absence: operational. Provincial subset - DO NOT SUM with the national row. EPIDEMIC FADE-OUT DATED BY A CUMULATIVE SERIES ACROSS MULTIPLE DOCUMENTS. Cumulative state tables were parsed from 11 NCDC cholera sitreps of 2021 (epi weeks 34, 35, 36, 37, 40, 41, 43, 47, 50, 51, 52). Ebonyi's cumulative reaches its final full-year value of 175 by epi week 40 and is UNCHANGED in every one of the 6 later issues, so Ebonyi recorded no further cholera cases between epi week 40 and the end of 2021. Requiring the value to hold across multiple later issues is what protects this against the retrospective backfill and the small downward revisions visible elsewhere in the same series (Kano 10,195 -> 10,187; Jigawa 8,929 -> 8,911; Oyo 209 -> 200 -> 201, which is why Oyo was rejected). INDEPENDENT CROSS-CHECK: Ebonyi appears in none of the reporting-week state case lines already committed for November and December 2021 (rows 806-836), which do name Adamawa, Nasarawa, Taraba, Yobe, Zamfara, Oyo, Benue, Gombe, Ondo, Borno, Kwara, Lagos, Rivers, Akwa Ibom, Abia and Ekiti. TEMPORAL REFINEMENT of the Ebonyi 2021 annual row, not a contradiction of it.",AI,2026-10-04,"T1 contradiction (Agent 3, batch 12 Q18): the IDSR stream records Ebonyi cases inside this window although the NCDC cholera sitrep held Ebonyi flat at 175 from week 40 to week 52 of 2021. NCDC Weekly Epidemiological Report Vol 12 No 45 (metadata 656), Figure 8 'Location of suspected cases of Cholera by State, Nigeria, week 45, 2021' shades Ebonyi in the top class '25-246 Cases' (8-14 Nov 2021; 477 cases in nine states that week), and Vol 12 No 46 (metadata 657) shades Ebonyi '2 Cases' (15-21 Nov 2021). A recorded suspected-case count in a Level-1 stream excludes a documented zero; the sitrep instrument demonstrably missed this Ebonyi episode (as it missed Ebonyi's December 2022 outbreak), so no part of the window is kept. Week-46 count entered as a positive row; week-45 range recorded as presence."
55,AFR::NGA,1990-01-01,1990-12-31,0,0,,0.0,1991-10-18,35,WHO Weekly Epidemiological Record 1991 66(42) Cholera in Africa,0.9,"Source confirms zero cholera transmission 1990-01-01..1990-12-31. Source states: 'It is in Nigeria, however, that cholera has taken a particularly heavy toll. In 1990, the country had reported no cases of cholera. But in 1991, 48 200 cases and 6 354 deaths have already been notified. [French: En 1990, ce pays n'avait rapporte aucun cas de cholera.]'. Evidence type: Documented_Absence. Surveillance system status during absence: partial. CLOSES THE 1990 HISTORICAL GAP. WHO Weekly Epidemiological Record No.42, 18 October 1991, pp.305-311, 'Cholera in Africa'. Triple corroboration for a nil year: (1) this explicit WHO statement in both the English and French columns; (2) WER 1991;66(19):133-136 'Cholera in 1990' Table 2 lists the African countries notifying cholera in 1990 - Algeria, Angola, Burundi, Cameroon, Ghana, Malawi, Mozambique, Sao Tome and Principe, United Republic of Tanzania, Zambia, plus Zaire added by the 66(20) addendum - and Nigeria is not among them, with the same article noting 'Seven countries that had experienced cholera in 1989 apparently remained free in 1990'; (3) WHO Global Health Observatory has no 1990 entry for Nigeria in an otherwise continuous 1970-2016 series. INTERPRETIVE LIMIT, stated plainly: the primary WHO claim is that Nigeria REPORTED no cases, i.e. a nil notification, not a demonstration of biological absence - WHO's own guidance warns that absence of reporting is not equivalent to reported absence. It is entered as Documented_Absence because CLAUDE.md names 'WHO surveillance reports explicitly stating no cases reported' as a qualifying zero-transmission source, and because Nigeria was an active notifier either side of 1990 (1,078 cases notified in 1989; 59,478 in 1991), so 1990 is a nil return rather than a missing return. Surveillance recorded as partial rather than operational: the 1991 case fatality above 13 per cent implies weak case ascertainment, so low-level undetected transmission in 1990 cannot be excluded. WHO describes the 1991 event as a fresh epidemic wave spreading state by state (Kano first, 14 of 21 states by 10 July 1991), which is consistent with re-introduction after a quiet year rather than continuous transmission through 1990. [AGENT 3 REVISION 2026-09-21] VERIFIED BY AGENT 3 AGAINST THE PRIMARY TEXT. The full OCR text of WER 1991;66(42) was retrieved from WHO IRIS via the DSpace REST API (item hdl:10665/228168 -> uuid 0fca345e-7cbb-4213-a0a3-dd7e9206e504, TEXT bundle bitstream 5240b5b0-7aea-413a-bf76-c9d9f2cb8377) and carries this sentence exactly, in both languages: 'It is in Nigeria, however, that cholera has taken a particularly heavy toll. In 1990, the country had reported no cases of cholera. But in 1991, 48 200 cases and 6 354 deaths have already been notified.' / 'En 1990, ce pays n'avait rapporte aucun cas de cholera.' Agent 1's transcription is accurate. THREE FURTHER SUPPORTS. (1) WHO GHO OData indicator CHOLERA_0000000001 gives Nigeria a positive reported case count for EVERY year from 1970 to 2016 except 1974 and 1990, the only two years absent from the series, so 1990 is one of just two candidate national zero years and the other (1974) is a positive year at 776 cases per WER 1975;50(29). (2) The GHO series does record explicit zeros elsewhere - 51 country-years across 35 countries, 39 of them in AFRO - so its treatment of 1990 reflects the pre-2005 convention of omitting nil returns rather than an absence of information. (3) REGIONAL CROSS-CHECK: 1990 was a regionally QUIET year in West Africa - Benin, Chad, Niger, Togo, Burkina Faso and Mali all reported nothing, Cameroon 16 cases, Ghana 2,937 - immediately before the 1991 wave in which Nigeria reported 59,478, Chad 13,915, Ghana 13,172, Benin 7,474, Cameroon 4,026, Niger 3,238 and Togo 2,396. The absence is therefore an inter-epidemic trough shared with the sub-region, not an isolated claim made while neighbours were in epidemic, which is the weaker-evidence-required case. Row left at confidence 0.9 with surveillance=partial; not duplicated. (reason: Agent 3 primary-source verification of the 1990 national absence)",AI,2026-10-04,"FALSIFIED AS A ZERO-TRANSMISSION ROW (Agent 4, 2026-10-04). Its only basis is a WHO NIL NOTIFICATION ('In 1990, the country had reported no cases of cholera', WER 1991;66(42)) - its own notes state 'the primary WHO claim is that Nigeria REPORTED no cases ... not a demonstration of biological absence' and that 'low-level undetected transmission in 1990 cannot be excluded'. Newswatch (late April 1991, metadata 665) quotes the Kano State director of primary health care: 'in 1990, there were 399 cases and 39 deaths. This year's report has already outstripped last year's'. Kano 1990 positive row added as Index 5839. A national documented zero is rendered by the weekly builder as observed absence, so leaving it would assert 'no cholera in Nigeria in 1990' against a documented 399 cases / 39 deaths. Consistent with the brief's rule that 1975-1989 WHO annuals are a notification undercount and must not yield zero rows, and with this cycle's Agent 3 practice of retracting zeros falsified by positives. 1990 national total is now honestly UNKNOWN (no JHU/WHO row exists). Reinstate only if the Kano 1990 figure is shown to be wrong."
5845,AFR::NGA::(Kano|Jigawa),1991-01-01,1991-07-25,,4276,,,1991-08-11,669,"West Africa (London) weekly magazine, early August 1991, p.1290, Nigeria cholera epidemic report (Health Minister Ransome-Kuti alarm of 25 July 1991), Google Books snippet view qjguAQAAIAAJ",0.3,"Source states: 'It was learnt that Kano State had the highest number of cases ( 4,276 ), followed by Bauchi which recorded 2,626.' - interpreted as 4276 sCh cases. Provincial subset - do not sum with national row. Old Kano State (= Kano + Jigawa) -> composite. Cumulative cases as at the Health Minister's alarm of 25 July 1991. FLAG - POSSIBLE CONFLATION: 4,276 is exactly the WER national notification for 15 Feb-14 Apr 1991 (4,276/430, Index 4026); either WHO's first 'national' notification was Kano's count or the magazine attached the national figure to Kano. Also conflicts with WER 66(42) Kano >6,000 cases by 15 May (Index 1176) and with 7,736 cases at end-August (Index 5843). Newswatch gives Kano 500 deaths at the same alarm (Index 5826). SINGLE SOURCE (>1,000 cases): confidence 0.3.",AI,2026-10-04,"Superseded by Index 5859 (Agent 4, same session): The African Guardian c. 12 Aug 1991 (metadata 676) gives the same Kano figure as '4,276 cases, 430 deaths between January and May', so this West Africa row's attachment of 4,276 to the 25 July 1991 alarm date was wrong; 5859 carries the correct Jan-May window plus deaths and cites West Africa as corroboration."
4156,AFR::NGA::Yobe,2021-01-01,2021-09-26,112,5003,,2.24,2021-10-05,19,Plateau State Surveillance,0.85,"Source states: 'Table 5. Summary table for Weekly & Cumulative number of Cholera Cases, for 2021 - Cumulative (Week 1 - 38): Yobe Cases 5,003, Deaths 112. [Cumulative Epi-Summary:] As at 26th September 2021, a total of 88,563 suspected cases including 3,057 deaths (CFR 3.5%) have been reported from 28 states and FCT in 2021' - interpreted as 5003 sCh cases, 112 deaths. Provincial subset - do not sum with national row. CUMULATIVE 1 January-26 September 2021 from NCDC Cholera Situation Report, Weekly Epidemiological Report 15, Epi Week 38: 20-26 September 2021 (metadata 19 - registered under the misleading name 'Plateau State Surveillance' but its URL is this national sitrep; it had no extracted rows). Image table on page 8 read at 260 dpi; the 29 state rows sum exactly to 88,563 cases / 3,057 deaths. The sitrep's 'reporting week' state counts for week 38 (633 cases) were NOT entered: JHU already holds the final onset-week state series for 2021 (e.g. national week 38 = 3,086). >1,000 cases from a single Level 1 NCDC table; consistent with the adjacent NCDC weekly cumulative tables (19 Sep, metadata 96; 17 Oct, metadata 97) and with the JHU weekly state series.",AI,2026-10-04,"SOURCE MISPRINT (verified by Agent 5 on the rendered Table 5 image, ReliefWeb copy of NCDC wk38 2021): Yobe cumulative 5,003 cases / 112 deaths to 26 Sep 2021 is impossible - same table's week-38 column gives Yobe +204, so expected 2,382 (wk37, Index 3097) + 204 = 2,586; next issues 3,084 (wk39, Index 4854) and 3,085 (wk40); year-end final 4,002 / 91 (Index 146) is LOWER than 5,003 / 112. Table 5 sums to the printed national 88,563 only because the national total carries the same error (wk37 81,413 + wk38 weekly 633 = 82,046). Not correctable without inventing a number; retracted."
4157,AFR::NGA::Niger,2021-01-01,2021-09-26,309,4961,,6.23,2021-10-05,19,Plateau State Surveillance,0.85,"Source states: 'Table 5. Summary table for Weekly & Cumulative number of Cholera Cases, for 2021 - Cumulative (Week 1 - 38): Niger Cases 4,961, Deaths 309. [Cumulative Epi-Summary:] As at 26th September 2021, a total of 88,563 suspected cases including 3,057 deaths (CFR 3.5%) have been reported from 28 states and FCT in 2021' - interpreted as 4961 sCh cases, 309 deaths. Provincial subset - do not sum with national row. CUMULATIVE 1 January-26 September 2021 from NCDC Cholera Situation Report, Weekly Epidemiological Report 15, Epi Week 38: 20-26 September 2021 (metadata 19 - registered under the misleading name 'Plateau State Surveillance' but its URL is this national sitrep; it had no extracted rows). Image table on page 8 read at 260 dpi; the 29 state rows sum exactly to 88,563 cases / 3,057 deaths. The sitrep's 'reporting week' state counts for week 38 (633 cases) were NOT entered: JHU already holds the final onset-week state series for 2021 (e.g. national week 38 = 3,086). >1,000 cases from a single Level 1 NCDC table; consistent with the adjacent NCDC weekly cumulative tables (19 Sep, metadata 96; 17 Oct, metadata 97) and with the JHU weekly state series.",AI,2026-10-04,"SOURCE MISPRINT (verified by Agent 5 on the rendered Table 5 image, NCDC wk38 2021): Niger cumulative 4,961 cases / 309 deaths to 26 Sep 2021 is impossible - same table's week-38 column gives Niger +72, so expected 2,266 (wk37, Index 3098) + 72 = 2,338; next issues 2,266 (wk40, Index 4755) and 2,820/174 (wk41, Index 2932); year-end final 2,821 / 174 (Index 147) is LOWER than 4,961 / 309. Not correctable without inventing a number; retracted."
4188,AFR::NGA::Yobe::Damaturu,2021-01-01,2021-09-26,,1280,,,2021-10-05,19,Plateau State Surveillance,0.85,"Source states: 'Table 4: Top 20 Local Government Areas (LGAs) in cumulative cases: Damaturu (Yobe) 1280 [...] Total 33,770 (36%)' - interpreted as 1280 sCh cases. District subset - do not sum with national row or with the Yobe state row. CUMULATIVE 1 January-26 September 2021 (epi week 38) from NCDC Cholera Situation Report, Weekly Epidemiological Report 15, Epi Week 38: 20-26 September 2021 (metadata 19 - registered under the misleading name 'Plateau State Surveillance' but its URL is this national sitrep; it had no extracted rows), page 4; the 20 LGA rows sum exactly to the printed total 33,770. Cases only (no LGA deaths printed). >1,000 cases from a single Level 1 NCDC table.",AI,2026-10-04,"SOURCE MISPRINT inherited from the same NCDC wk38 2021 report (Table 4 Top-20 LGAs): Yobe::Damaturu cumulative 1,280 to 26 Sep 2021 exceeds every later cumulative of the same LGA - 800 (10 Oct, Index 4747), 850-896 (SMoH Oct-Dec) and the year-end final 896 (Index 185). Same error as the Yobe state cell (Index 4156, retracted). Retracted by Agent 5."
453,AFR::NGA::FCT::Kwali,2014-10-01,2014-10-26,6,48,4,12.50,2014-10-26,58,Charnley et al. 2022 BMC Infectious Diseases Nigeria Sub-National Cholera Dataset,0.6,"Source states: 'Charnley et al. NGA-Table 1, entry NGA14-10-26-1: Year 2014, Date 2014-10-26, State FCT, Local Government Area Kwali, Cases 48, Deaths 6, Confirmed 4' - interpreted as 48 sCh cases, 4 cCh confirmed cases, 6 deaths. Provincial subset - do not sum with national row. Sub-national event record compiled in a peer-reviewed open dataset from a named primary reference; NOT an official annual state total and NOT part of an exhaustive partition of 2014. Where the dataset holds several dated reports for this state-year, the largest cumulative value is used and the full snapshot series is recorded here: [2014-10-26: 48 cases/6 deaths]. WHO Global Health Observatory gives Nigeria 35,996 cases nationally in 2014, so this sub-national value is 0.1% of the national total and the part does not exceed the whole. TL is set to the first day of the month of the earliest report for this state-year because the dataset gives report dates, not onset dates, so the true onset may be earlier. Primary reference for the value used: Dan-Nwafor, C.C., Ogbonna, U., Onyiah, P., Gidado, S., Adebobola, B., Nguku, P. and Nsubug. Charnley entry ID NGA14-10-26-1. SCREENING APPLIED to every row taken from this dataset: rows with no case count, with deaths exceeding cases, with an implied CFR above 50%, or with a value at or above 90% of the WHO national total for that year (a mis-attributed-national-figure test that caught Bauchi 2014 = 35,996, exactly Nigeria's national 2014 figure, and Rivers/Andoni 2015 = 10,903 against a national 5,290) were rejected.",AI,2026-10-04,"SUPERSEDED BY PRIMARY (Agent 5, 2026-10-04): Charnley entry NGA14-10-26-1 (FCT::Kwali 48/6) relays Dan-Nwafor et al. 2019 BMC Public Health (now registered as metadata 730 and entered with the true outbreak period 24 Oct-11 Nov 2014 and cCh 4). This copy was dated to the Charnley entry date (TR 2014-10-26, two weeks before the outbreak ended); Index 453 and 2149 were the same datum registered under two Charnley metadata entries (58, 359) - the dataset never corroborates itself. The '43' in the paper is the case-control sample, not a conflict."
2149,AFR::NGA::FCT::Kwali,2014-01-01,2014-10-26,6,48,,12.50,2022-03-30,359,"Charnley et al. 2022 sub-national cholera dataset for Nigeria (GitHub GinaCharnley/cholera_data_drc_nga, NGA-Table 1.csv)",0.8,"Source states: 'Charnley et al. curated Nigeria cholera dataset, entry NGA14-10-26-1: State/LGA Kwali, date 2014-10-26, cases 48, deaths 6; primary reference Dan-Nwafor et al., peer-reviewed outbreak investigation' - interpreted as 48 sCh cases, 6 deaths. Extracted from the Charnley et al. curated Nigerian sub-national cholera dataset (entry NGA14-10-26-1); the row's own primary reference is Dan-Nwafor et al., peer-reviewed outbreak investigation. District subset - do not sum with the parent state row for this period. Provincial subset - do not sum with national row. FIRST FCT LGA-level observation for 2014.",AI,2026-10-04,"SUPERSEDED BY PRIMARY (Agent 5, 2026-10-04): Charnley entry NGA14-10-26-1 (FCT::Kwali 48/6) relays Dan-Nwafor et al. 2019 BMC Public Health (now registered as metadata 730 and entered with the true outbreak period 24 Oct-11 Nov 2014 and cCh 4). This copy was dated to the Charnley entry date (TR 2014-10-26, two weeks before the outbreak ended); Index 453 and 2149 were the same datum registered under two Charnley metadata entries (58, 359) - the dataset never corroborates itself. The '43' in the paper is the case-control sample, not a conflict."
4716,AFR::NGA::Katsina,1992-01-01,1992-12-31,51,662,,7.70,2012-06-01,61,Adagbada et al. 2012 Pan African Medical Journal Cholera Epidemiology in Nigeria (state tables),0.6,"Source states: 'Table 2 Data from studies on major cholera outbreaks in Nigeria, 1991-1999: Year 1992, State Katsina, Source of Infection Well water, Number of reported cholera cases 662, Case fatality rates 7.7%, Serotypes Ogawa, Age group 11-30years [36]' - interpreted as 662 sCh cases, 51 deaths. Provincial subset - do not sum with national row (1992 national: JHU 8,687/686; WER Jul-Dec 1992 7,150/545, Index 4030). Outbreak-year total for Katsina State 1992 from Adagbada et al. 2012 Table 2 (citing its reference 36); the other Table-2 rows (Cross River 1991, Kano 1995/6, 1997, 1999) were entered earlier as Index 518-521 but this Katsina row had been missed. DEATHS DERIVED from the printed CFR: 51/662 = 7.70%, the only integer that rounds to the printed 7.7% (50 -> 7.6%, 52 -> 7.9%). Exact outbreak months not given, so the full calendar year is used. Secondary citation in a Level 1 review; confidence 0.8. [AGENT 5 REVISION 2026-10-04] SAME-PERIOD ADJUDICATION (Agent 5, 2026-10-04): Katsina 1992 deaths conflict - this review row (Adagbada 2012 Table 2: 662 cases, CFR 7.7% -> 51 derived deaths) vs FOS federal notifiable-disease returns 203 deaths (Social Statistics in Nigeria 1994 Table 4.13 / Annual Abstract 1996 Table 73; Index 5962). The review's 662 is a single outbreak-investigation population (well-water source, age 11-30) - probably one locality, not the state-year. Hierarchy: government statistics over an academic secondary citation for a state-year total, so 5962 (deaths) is PRIMARY; this row stays as the only Katsina 1992 CASE count but is NON-PRIMARY for deaths (51 is derived from a rounded CFR). Never combine 203 deaths with 662 cases (implied CFR 31% is an artefact of mixing denominators). Confidence 0.8 -> 0.6. (reason: Katsina 1992: FOS deaths primary; review row downgraded)",AI,2026-10-04,"MIS-DATED DUPLICATE (Agent 5, 2026-10-04): Adagbada et al. 2012 Table 2 row '1992, Katsina, Well water, 662, 7.7%, Ogawa, 11-30 years [36]' cites ref 36 = Umoh JU, Adesiyun AA, Adekeye JO, 'Epidemiological features of an outbreak of gastroenteritis/cholera in Katsina, Northern Nigeria', J Hyg (Camb) 1983;91:101-111 (Europe PMC PMC2129288), whose abstract reads 'In April 1982, Katsina ... 662 patients were admitted to the Katsina General Hospital during a 16-week period ... The overall case fatality rate was 7.7%'. A 1983 paper cannot describe a 1992 outbreak: '1992' is a typo for 1982. This row duplicates Index 1 (Katsina 1982-04-01..1982-07-22, 662 / 51). Retracted; the Katsina 1992 'deaths conflict' (51 vs FOS 203, Index 5962) was an artefact of the typo."
8,AFR::NGA::Borno::Muna_Garage,2017-08-01,2017-12-31,61,5340,,1.14,2018-06-30,17,Muna Garage IDP Camp Outbreak,0.3,"Source states: 'IDP camp documentation (Muna Garage 2017: 5340 cases)' - Borno State IDP camp humanitarian outbreak. Deaths estimated from typical CFR. [AGENT 2 REVISION 2026-09-21] GEOGRAPHY PROBABLY WRONG (Agent 2), flagged for Agent 5/7. This row attributes 5,340 suspected cases and 61 deaths to the Muna Garage IDP camp in Borno for Aug-Dec 2017. The Charnley et al. 2022 peer-reviewed compilation gives the BORNO STATE cumulative for the same outbreak as 5,336 cases and 61 deaths as at 12 November 2017 - the same 61 deaths and cases differing by four (0.07%). It is far more likely that 5,340/61 is the Borno STATE total than the caseload of one IDP camp. Index 472 now carries the state-level figure with the correct geography. This row is retained but downweighted; if confirmed as a mislabelled state total it should be retracted, which is Agent 5/7's call. Provincial subset - do not sum with national row, and do not sum with index 472. (reason: Agent 2: the camp-level attribution is almost certainly a state total)",AI,2026-10-04,"MISLOCATED DUPLICATE OF THE BORNO STATE TOTAL (Agent 5, 2026-10-04; flagged by Agent 2): 5,340 cases / 61 deaths 'Muna Garage 2017' equals exactly the Borno SMoH state cumulative 'The total number of cases reported in Borno state since the inception of the outbreak stands at 5340, with 61 deaths (CFR = 1.1%)' of 17 Nov 2017 (Index 1764). The Muna corridor (Jere LGA, where Muna Garage camp lies) had ~2,680 cases at that date and Jere LGA 2,692 by 10 Dec 2017 (Index from metadata 304), so the camp cannot have had 5,340. The row's own notes say its deaths were 'estimated from typical CFR', and its metadata (17) cites only 'https://reliefweb.int' - unverifiable. State-level values with correct geography remain (Index 1764, 472, 648)."
563,AFR::NGA::Bayelsa::Southern_Ijaw,2020-10-01,2020-11-30,2,21,,9.52,2020-11-30,58,Charnley et al. 2022 BMC Infectious Diseases Nigeria Sub-National Cholera Dataset,0.6,"Source states: 'Charnley et al. NGA-Table 1, entry NGA20-11-30-1: Date 30 Nov 2020, State Bayelsa, Local Government Area Southern Ijaw, Cases 21, Deaths 2, Confirmed 0' - interpreted as 21 sCh cases, 2 deaths. Provincial subset - do not sum with national row. Sub-national event record from the Charnley et al. 2022 peer-reviewed open compilation, taken as the largest cumulative snapshot for this state-year; NOT an official annual total and NOT part of an exhaustive partition. TL is set to the first day of the month preceding the report where the report itself falls early in a month, because the source gives report dates rather than onset dates. 2020 has no NCDC cholera situation report, so this compilation is the only sub-national source. The dataset's next Southern Ijaw snapshot, 4 cases on 7 December 2020, is lower and is not used.",AI,2026-10-04,"MIS-DATED DUPLICATE (Agent 5, 2026-10-04): Charnley entry NGA20-11-30-1 (Southern Ijaw 21 cases / 2 deaths, 'Date 30 Nov 2020') uses the 2019-2021 WEEK-START convention (all 2019-2021 Charnley entries fall on Mondays), i.e. it is the week of 30 Nov-6 Dec 2020 - exactly the NCDC WER 2020 week-49 key point 'There were 21 suspected cases of Cholera reported from Southern Ijaw LGA in Bayelsa State ... two deaths were recorded' (Index 3593). The 2020-10-01..2020-11-30 'cumulative' framing came from a TL-widening rule and double-counts the same 21 cases; the following week (4 cases) is Index 2378."
448,AFR::NGA::Plateau::Quaan_Pan,2013-10-01,2013-10-20,8,61,,13.11,2013-10-20,58,Charnley et al. 2022 BMC Infectious Diseases Nigeria Sub-National Cholera Dataset,0.6,"Source states: 'Charnley et al. NGA-Table 1, entry NGA13-10-20-1: Year 2013, Date 2013-10-20, State Plateau, Local Government Area Quaan Pan, Cases 61, Deaths 8' - interpreted as 61 sCh cases, 8 deaths. Provincial subset - do not sum with national row. Sub-national event record compiled in a peer-reviewed open dataset from a named primary reference; NOT an official annual state total and NOT part of an exhaustive partition of 2013. Where the dataset holds several dated reports for this state-year, the largest cumulative value is used and the full snapshot series is recorded here: [2013-10-20: 61 cases/8 deaths]. WHO Global Health Observatory gives Nigeria 6,600 cases nationally in 2013, so this sub-national value is 0.9% of the national total and the part does not exceed the whole. TL is set to the first day of the month of the earliest report for this state-year because the dataset gives report dates, not onset dates, so the true onset may be earlier. Primary reference for the value used: https://promedmail.org/promed-posts/. Charnley entry ID NGA13-10-20-1. SCREENING APPLIED to every row taken from this dataset: rows with no case count, with deaths exceeding cases, with an implied CFR above 50%, or with a value at or above 90% of the WHO national total for that year (a mis-attributed-national-figure test that caught Bauchi 2014 = 35,996, exactly Nigeria's national 2014 figure, and Rivers/Andoni 2015 = 10,903 against a national 5,290) were rejected.",AI,2026-10-04,"SELF-DUPLICATE (Agent 5, 2026-10-04): Charnley entry NGA13-10-20-1 (Plateau::Quaan_Pan 61 cases / 8 deaths) is already held as Index 2146 from the canonical Charnley registration (metadata 359); this copy came from the duplicate registration (metadata 58) with a different TL. The Charnley dataset is one dataset registered three times and never corroborates itself."
561,AFR::NGA::Kebbi,2020-08-01,2020-09-14,1,21,,4.76,2020-09-14,58,Charnley et al. 2022 BMC Infectious Diseases Nigeria Sub-National Cholera Dataset,0.6,"Source states: 'Charnley et al. NGA-Table 1, entry NGA20-9-14-1: Date 14 Sep 2020, State Kebbi, Cases 21, Deaths 1, Confirmed 0' - interpreted as 21 sCh cases, 1 deaths. Provincial subset - do not sum with national row. Sub-national event record from the Charnley et al. 2022 peer-reviewed open compilation, taken as the largest cumulative snapshot for this state-year; NOT an official annual total and NOT part of an exhaustive partition. TL is set to the first day of the month preceding the report where the report itself falls early in a month, because the source gives report dates rather than onset dates. 2020 has no NCDC cholera situation report, so this compilation is the only sub-national source. The dataset spells the state 'Kebi'; normalised to Kebbi.",AI,2026-10-04,"MIS-DATED DUPLICATE (Agent 5, 2026-10-04): Charnley entry NGA20-9-14-1 (Kebbi 21 / 1, 'Date 14 Sep 2020', a Monday = 2019-2021 week-START convention) is the week 14-20 Sep 2020, already held as Index 2371 from the canonical registration (metadata 359). This copy (duplicate registration 58) framed it as a 1 Aug-14 Sep cumulative via a TL-widening rule and double-counts the same 21 cases."
550,AFR::NGA::Taraba,2019-03-01,2019-03-24,,1,,,2019-03-24,58,Charnley et al. 2022 BMC Infectious Diseases Nigeria Sub-National Cholera Dataset,0.6,"Source states: 'Charnley et al. NGA-Table 1, entry NGA19-3-24-1: Date 24 Mar 2019, State Taraba, Cases 1' - interpreted as 1 sCh cases. Provincial subset - do not sum with national row. Sub-national event record from the Charnley et al. 2022 peer-reviewed open compilation, taken as the largest cumulative snapshot for this state-year; NOT an official annual total and NOT part of an exhaustive partition. TL is set to the first day of the month preceding the report where the report itself falls early in a month, because the source gives report dates rather than onset dates. CONFLICT WITH NCDC: the NCDC National Monthly Update of 1 November 2019 names exactly seven states as having reported cholera in 2019 - Adamawa, Bayelsa, Ebonyi, Delta, Kano, Katsina and Plateau - and Taraba is not among them. This single case comes from a different reporting stream. It is recorded because spatial extent matters to a metapopulation model even at one case, but it is weighted low and should not be read as contradicting the NCDC national count of 1,583.",AI,2026-10-04,"MIS-DATED DUPLICATE (Agent 5, 2026-10-04 systematic check of Charnley registration-58 rows, 2019-2021): this Charnley 'NGA-Table 1' entry is a single REPORTING-WEEK value (Charnley dates 2019-2021 entries to the week; the same entries appear in the NCDC WER key points), but it had been framed as a cumulative with a TL widened back to the start of the month, ending where the true week BEGINS. The identical value already sits at the correct week as Index 5604 (NCDC WER, or the canonical Charnley registration). Keeping both double-counted the same cases in the weekly builder."
552,AFR::NGA::Borno,2019-10-01,2019-10-26,,11,,,2019-10-26,58,Charnley et al. 2022 BMC Infectious Diseases Nigeria Sub-National Cholera Dataset,0.6,"Source states: 'Charnley et al. NGA-Table 1, entry NGA19-10-26-2: Date 26 Oct 2019, State Borno, Cases 11' - interpreted as 11 sCh cases. Provincial subset - do not sum with national row. Sub-national event record from the Charnley et al. 2022 peer-reviewed open compilation, taken as the largest cumulative snapshot for this state-year; NOT an official annual total and NOT part of an exhaustive partition. TL is set to the first day of the month preceding the report where the report itself falls early in a month, because the source gives report dates rather than onset dates. CONFLICT WITH NCDC: Borno is not among the seven states NCDC names as reporting cholera in 2019. Same caveat as the Taraba 2019 row.",AI,2026-10-04,"MIS-DATED DUPLICATE (Agent 5, 2026-10-04 systematic check of Charnley registration-58 rows, 2019-2021): this Charnley 'NGA-Table 1' entry is a single REPORTING-WEEK value (Charnley dates 2019-2021 entries to the week; the same entries appear in the NCDC WER key points), but it had been framed as a cumulative with a TL widened back to the start of the month, ending where the true week BEGINS. The identical value already sits at the correct week as Index 5626 (NCDC WER, or the canonical Charnley registration). Keeping both double-counted the same cases in the weekly builder."
554,AFR::NGA::Ogun::Abeokuta_North,2019-11-01,2019-12-09,0,5,,0.00,2019-12-09,58,Charnley et al. 2022 BMC Infectious Diseases Nigeria Sub-National Cholera Dataset,0.6,"Source states: 'Charnley et al. NGA-Table 1, entry NGA19-12-9-1: Date 9 Dec 2019, State Ogun, Local Government Area Abeokuta North, Cases 5, Deaths 0, Confirmed 0' - interpreted as 5 sCh cases, 0 deaths. Provincial subset - do not sum with national row. Sub-national event record from the Charnley et al. 2022 peer-reviewed open compilation, taken as the largest cumulative snapshot for this state-year; NOT an official annual total and NOT part of an exhaustive partition. TL is set to the first day of the month preceding the report where the report itself falls early in a month, because the source gives report dates rather than onset dates. CONFLICT WITH NCDC: Ogun is not among the seven states NCDC names as reporting cholera in 2019. Same caveat as the Taraba 2019 row.",AI,2026-10-04,"MIS-DATED DUPLICATE (Agent 5, 2026-10-04 systematic check of Charnley registration-58 rows, 2019-2021): this Charnley 'NGA-Table 1' entry is a single REPORTING-WEEK value (Charnley dates 2019-2021 entries to the week; the same entries appear in the NCDC WER key points), but it had been framed as a cumulative with a TL widened back to the start of the month, ending where the true week BEGINS. The identical value already sits at the correct week as Index 3677 (NCDC WER, or the canonical Charnley registration). Keeping both double-counted the same cases in the weekly builder."
555,AFR::NGA::Ebonyi,2020-01-01,2020-02-03,4,257,,1.56,2020-02-03,58,Charnley et al. 2022 BMC Infectious Diseases Nigeria Sub-National Cholera Dataset,0.6,"Source states: 'Charnley et al. NGA-Table 1, entry NGA20-2-3-1: Date 3 Feb 2020, State Ebonyi, Cases 257, Deaths 4, Confirmed 0' - interpreted as 257 sCh cases, 4 deaths. Provincial subset - do not sum with national row. Sub-national event record from the Charnley et al. 2022 peer-reviewed open compilation, taken as the largest cumulative snapshot for this state-year; NOT an official annual total and NOT part of an exhaustive partition. TL is set to the first day of the month preceding the report where the report itself falls early in a month, because the source gives report dates rather than onset dates. 2020 IS THE ONE YEAR WITH NO NCDC CHOLERA SITUATION REPORT AT ALL: the NCDC archive jumps from week 44 of 2019 to week 12 of 2021, so there is no official sub-national table for 2020 and this compilation is the only sub-national source. Ebonyi's own snapshot series in the dataset runs 198 (27 Jan), 257 (3 Feb), 68 (26 Apr); the maximum is used.",AI,2026-10-04,"MIS-DATED DUPLICATE (Agent 5, 2026-10-04 systematic check of Charnley registration-58 rows, 2019-2021): this Charnley 'NGA-Table 1' entry is a single REPORTING-WEEK value (Charnley dates 2019-2021 entries to the week; the same entries appear in the NCDC WER key points), but it had been framed as a cumulative with a TL widened back to the start of the month, ending where the true week BEGINS. The identical value already sits at the correct week as Index 3556 (NCDC WER, or the canonical Charnley registration). Keeping both double-counted the same cases in the weekly builder."
556,AFR::NGA::Anambra,2020-02-01,2020-02-17,0,1,,0.00,2020-02-17,58,Charnley et al. 2022 BMC Infectious Diseases Nigeria Sub-National Cholera Dataset,0.6,"Source states: 'Charnley et al. NGA-Table 1, entry NGA20-2-17-1: Date 17 Feb 2020, State Anambra, Cases 1, Deaths 0' - interpreted as 1 sCh cases, 0 deaths. Provincial subset - do not sum with national row. Sub-national event record from the Charnley et al. 2022 peer-reviewed open compilation, taken as the largest cumulative snapshot for this state-year; NOT an official annual total and NOT part of an exhaustive partition. TL is set to the first day of the month preceding the report where the report itself falls early in a month, because the source gives report dates rather than onset dates. 2020 has no NCDC cholera situation report, so this compilation is the only sub-national source.",AI,2026-10-04,"MIS-DATED DUPLICATE (Agent 5, 2026-10-04 systematic check of Charnley registration-58 rows, 2019-2021): this Charnley 'NGA-Table 1' entry is a single REPORTING-WEEK value (Charnley dates 2019-2021 entries to the week; the same entries appear in the NCDC WER key points), but it had been framed as a cumulative with a TL widened back to the start of the month, ending where the true week BEGINS. The identical value already sits at the correct week as Index 3557 (NCDC WER, or the canonical Charnley registration). Keeping both double-counted the same cases in the weekly builder."
557,AFR::NGA::Abia::Isiala-Ngwa_North,2020-02-01,2020-03-09,0,7,,0.00,2020-03-09,58,Charnley et al. 2022 BMC Infectious Diseases Nigeria Sub-National Cholera Dataset,0.6,"Source states: 'Charnley et al. NGA-Table 1, entry NGA20-3-9-1: Date 9 Mar 2020, State Abia, Local Government Area Isiala-Ngwa North, Cases 7, Deaths 0, Confirmed 0' - interpreted as 7 sCh cases, 0 deaths. Provincial subset - do not sum with national row. Sub-national event record from the Charnley et al. 2022 peer-reviewed open compilation, taken as the largest cumulative snapshot for this state-year; NOT an official annual total and NOT part of an exhaustive partition. TL is set to the first day of the month preceding the report where the report itself falls early in a month, because the source gives report dates rather than onset dates. 2020 has no NCDC cholera situation report, so this compilation is the only sub-national source.",AI,2026-10-04,"MIS-DATED DUPLICATE (Agent 5, 2026-10-04 systematic check of Charnley registration-58 rows, 2019-2021): this Charnley 'NGA-Table 1' entry is a single REPORTING-WEEK value (Charnley dates 2019-2021 entries to the week; the same entries appear in the NCDC WER key points), but it had been framed as a cumulative with a TL widened back to the start of the month, ending where the true week BEGINS. The identical value already sits at the correct week as Index 2354 (NCDC WER, or the canonical Charnley registration). Keeping both double-counted the same cases in the weekly builder."
558,AFR::NGA::Katsina::Katsina,2020-02-01,2020-03-30,0,7,,0.00,2020-03-30,58,Charnley et al. 2022 BMC Infectious Diseases Nigeria Sub-National Cholera Dataset,0.6,"Source states: 'Charnley et al. NGA-Table 1, entry NGA20-3-30-1: Date 30 Mar 2020, State Katsina, Local Government Area Katsina, Cases 7, Deaths 0, Confirmed 0' - interpreted as 7 sCh cases, 0 deaths. Provincial subset - do not sum with national row. Sub-national event record from the Charnley et al. 2022 peer-reviewed open compilation, taken as the largest cumulative snapshot for this state-year; NOT an official annual total and NOT part of an exhaustive partition. TL is set to the first day of the month preceding the report where the report itself falls early in a month, because the source gives report dates rather than onset dates. 2020 has no NCDC cholera situation report, so this compilation is the only sub-national source.",AI,2026-10-04,"MIS-DATED DUPLICATE (Agent 5, 2026-10-04 systematic check of Charnley registration-58 rows, 2019-2021): this Charnley 'NGA-Table 1' entry is a single REPORTING-WEEK value (Charnley dates 2019-2021 entries to the week; the same entries appear in the NCDC WER key points), but it had been framed as a cumulative with a TL widened back to the start of the month, ending where the true week BEGINS. The identical value already sits at the correct week as Index 3588 (NCDC WER, or the canonical Charnley registration). Keeping both double-counted the same cases in the weekly builder."
559,AFR::NGA::Katsina::Bakori,2020-08-01,2020-09-21,0,1,,0.00,2020-09-21,58,Charnley et al. 2022 BMC Infectious Diseases Nigeria Sub-National Cholera Dataset,0.6,"Source states: 'Charnley et al. NGA-Table 1, entry NGA20-9-21-1: Date 21 Sep 2020, State Katsina, Local Government Area Bakori, Cases 1, Deaths 0' - interpreted as 1 sCh cases, 0 deaths. Provincial subset - do not sum with national row. Sub-national event record from the Charnley et al. 2022 peer-reviewed open compilation, taken as the largest cumulative snapshot for this state-year; NOT an official annual total and NOT part of an exhaustive partition. TL is set to the first day of the month preceding the report where the report itself falls early in a month, because the source gives report dates rather than onset dates. 2020 has no NCDC cholera situation report, so this compilation is the only sub-national source.",AI,2026-10-04,"MIS-DATED DUPLICATE (Agent 5, 2026-10-04 systematic check of Charnley registration-58 rows, 2019-2021): this Charnley 'NGA-Table 1' entry is a single REPORTING-WEEK value (Charnley dates 2019-2021 entries to the week; the same entries appear in the NCDC WER key points), but it had been framed as a cumulative with a TL widened back to the start of the month, ending where the true week BEGINS. The identical value already sits at the correct week as Index 3592 (NCDC WER, or the canonical Charnley registration). Keeping both double-counted the same cases in the weekly builder."
560,AFR::NGA::Kebbi::Augie,2020-04-01,2020-05-04,0,1,,0.00,2020-05-04,58,Charnley et al. 2022 BMC Infectious Diseases Nigeria Sub-National Cholera Dataset,0.6,"Source states: 'Charnley et al. NGA-Table 1, entry NGA20-5-4-1: Date 4 May 2020, State Kebbi, Local Government Area Augie, Cases 1, Deaths 0' - interpreted as 1 sCh cases, 0 deaths. Provincial subset - do not sum with national row. Sub-national event record from the Charnley et al. 2022 peer-reviewed open compilation, taken as the largest cumulative snapshot for this state-year; NOT an official annual total and NOT part of an exhaustive partition. TL is set to the first day of the month preceding the report where the report itself falls early in a month, because the source gives report dates rather than onset dates. 2020 has no NCDC cholera situation report, so this compilation is the only sub-national source.",AI,2026-10-04,"MIS-DATED DUPLICATE (Agent 5, 2026-10-04 systematic check of Charnley registration-58 rows, 2019-2021): this Charnley 'NGA-Table 1' entry is a single REPORTING-WEEK value (Charnley dates 2019-2021 entries to the week; the same entries appear in the NCDC WER key points), but it had been framed as a cumulative with a TL widened back to the start of the month, ending where the true week BEGINS. The identical value already sits at the correct week as Index 3589 (NCDC WER, or the canonical Charnley registration). Keeping both double-counted the same cases in the weekly builder."
562,AFR::NGA::Kaduna,2020-04-01,2020-05-18,0,1,,0.00,2020-05-18,58,Charnley et al. 2022 BMC Infectious Diseases Nigeria Sub-National Cholera Dataset,0.6,"Source states: 'Charnley et al. NGA-Table 1, entry NGA20-5-18-1: Date 18 May 2020, State Kaduna, Cases 1, Deaths 0' - interpreted as 1 sCh cases, 0 deaths. Provincial subset - do not sum with national row. Sub-national event record from the Charnley et al. 2022 peer-reviewed open compilation, taken as the largest cumulative snapshot for this state-year; NOT an official annual total and NOT part of an exhaustive partition. TL is set to the first day of the month preceding the report where the report itself falls early in a month, because the source gives report dates rather than onset dates. 2020 has no NCDC cholera situation report, so this compilation is the only sub-national source.",AI,2026-10-04,"MIS-DATED DUPLICATE (Agent 5, 2026-10-04 systematic check of Charnley registration-58 rows, 2019-2021): this Charnley 'NGA-Table 1' entry is a single REPORTING-WEEK value (Charnley dates 2019-2021 entries to the week; the same entries appear in the NCDC WER key points), but it had been framed as a cumulative with a TL widened back to the start of the month, ending where the true week BEGINS. The identical value already sits at the correct week as Index 3565 (NCDC WER, or the canonical Charnley registration). Keeping both double-counted the same cases in the weekly builder."
564,AFR::NGA::Bauchi::Zaki,2020-05-01,2020-06-29,0,10,,0.00,2020-06-29,58,Charnley et al. 2022 BMC Infectious Diseases Nigeria Sub-National Cholera Dataset,0.6,"Source states: 'Charnley et al. NGA-Table 1, entry NGA20-6-29-1: Date 29 Jun 2020, State Bauchi, Local Government Area Zaki, Cases 10, Deaths 0, Confirmed 0' - interpreted as 10 sCh cases, 0 deaths. Provincial subset - do not sum with national row. Sub-national event record from the Charnley et al. 2022 peer-reviewed open compilation, taken as the largest cumulative snapshot for this state-year; NOT an official annual total and NOT part of an exhaustive partition. TL is set to the first day of the month preceding the report where the report itself falls early in a month, because the source gives report dates rather than onset dates. 2020 has no NCDC cholera situation report, so this compilation is the only sub-national source.",AI,2026-10-04,"MIS-DATED DUPLICATE (Agent 5, 2026-10-04 systematic check of Charnley registration-58 rows, 2019-2021): this Charnley 'NGA-Table 1' entry is a single REPORTING-WEEK value (Charnley dates 2019-2021 entries to the week; the same entries appear in the NCDC WER key points), but it had been framed as a cumulative with a TL widened back to the start of the month, ending where the true week BEGINS. The identical value already sits at the correct week as Index 3590 (NCDC WER, or the canonical Charnley registration). Keeping both double-counted the same cases in the weekly builder."
565,AFR::NGA::Kano::Madobi,2020-08-01,2020-09-07,1,3,,33.33,2020-09-07,58,Charnley et al. 2022 BMC Infectious Diseases Nigeria Sub-National Cholera Dataset,0.5,"Source states: 'Charnley et al. NGA-Table 1, entry NGA20-9-7-1: Date 7 Sep 2020, State Kano, Local Government Area Madobi, Cases 3, Deaths 1, Confirmed 0' - interpreted as 3 sCh cases, 1 deaths. Provincial subset - do not sum with national row. Sub-national event record from the Charnley et al. 2022 peer-reviewed open compilation, taken as the largest cumulative snapshot for this state-year; NOT an official annual total and NOT part of an exhaustive partition. TL is set to the first day of the month preceding the report where the report itself falls early in a month, because the source gives report dates rather than onset dates. 2020 has no NCDC cholera situation report, so this compilation is the only sub-national source. Implied CFR 33% on three cases is an artefact of the tiny denominator, not a treatment-failure signal.",AI,2026-10-04,"MIS-DATED DUPLICATE (Agent 5, 2026-10-04 systematic check of Charnley registration-58 rows, 2019-2021): this Charnley 'NGA-Table 1' entry is a single REPORTING-WEEK value (Charnley dates 2019-2021 entries to the week; the same entries appear in the NCDC WER key points), but it had been framed as a cumulative with a TL widened back to the start of the month, ending where the true week BEGINS. The identical value already sits at the correct week as Index 3591 (NCDC WER, or the canonical Charnley registration). Keeping both double-counted the same cases in the weekly builder."
566,AFR::NGA::Ekiti::Ado_Ekiti,2020-11-01,2020-12-14,0,2,,0.00,2020-12-14,58,Charnley et al. 2022 BMC Infectious Diseases Nigeria Sub-National Cholera Dataset,0.6,"Source states: 'Charnley et al. NGA-Table 1, entry NGA20-12-14-1: Date 14 Dec 2020, State Ekiti, Local Government Area Ado Ekiti, Cases 2, Deaths 0, Confirmed 0' - interpreted as 2 sCh cases, 0 deaths. Provincial subset - do not sum with national row. Sub-national event record from the Charnley et al. 2022 peer-reviewed open compilation, taken as the largest cumulative snapshot for this state-year; NOT an official annual total and NOT part of an exhaustive partition. TL is set to the first day of the month preceding the report where the report itself falls early in a month, because the source gives report dates rather than onset dates. 2020 has no NCDC cholera situation report, so this compilation is the only sub-national source.",AI,2026-10-04,"MIS-DATED DUPLICATE (Agent 5, 2026-10-04 systematic check of Charnley registration-58 rows, 2019-2021): this Charnley 'NGA-Table 1' entry is a single REPORTING-WEEK value (Charnley dates 2019-2021 entries to the week; the same entries appear in the NCDC WER key points), but it had been framed as a cumulative with a TL widened back to the start of the month, ending where the true week BEGINS. The identical value already sits at the correct week as Index 3594 (NCDC WER, or the canonical Charnley registration). Keeping both double-counted the same cases in the weekly builder."
