Index,Source,URL,Description,Date_Range,Data_Type,Status,Reliability_Level,Validation_Status,Search_Technique,Language_Original,Citation_Depth,Cross_References,Discovery_Method,source_database
1,WHO Disease Outbreak News 1996 Global Cholera Update,https://www.who.int/emergencies/disease-outbreak-news/item/1996_01_22a-en,WHO Disease Outbreak News reporting on the 1995 cholera outbreak in Côte d'Ivoire with cases and deaths up to November 12 1995,1995-09-18 to 1995-11-12,Outbreak Report,Active,Level 1,Validated,Web search and direct URL fetch,English,1,WHO AFRO surveillance,Web search,AI
2,WHO Disease Outbreak News 2001 Cholera in West Africa,https://www.who.int/emergencies/disease-outbreak-news/item/2001_09_26-en,WHO Disease Outbreak News dated September 26 2001 reporting cholera outbreak in Côte d'Ivoire with national and Abidjan-specific case counts,2001-05-01 to 2001-09-26,Outbreak Report,Active,Level 1,Validated,Web search and direct URL fetch,English,1,JHU annual totals,Web search,AI
3,WHO Disease Outbreak News 2002 Cholera in Côte d'Ivoire,https://www.who.int/emergencies/disease-outbreak-news/item/2002_08_13a-en,WHO Disease Outbreak News dated August 13 2002 reporting 581 cases and 19 deaths across 11 districts as of July 14 2002,2002-01-01 to 2002-07-14,Outbreak Report,Active,Level 1,Validated,Web search and direct URL fetch,English,1,JHU annual 2002 data,Web search,AI
4,Cholera Incidence and Mortality in Sub-Saharan African Sites during Multi-country Surveillance - Africhol Study,https://pmc.ncbi.nlm.nih.gov/articles/PMC4871502/,Peer-reviewed PLOS NTD study reporting Africhol network surveillance data for Côte d'Ivoire including Koumassi-Port Bouet-Vridi district and Adiake prefecture 2011-2013,2012-05-01 to 2013-12-31,Academic Surveillance Study,Active,Level 1,Validated,Web search and direct URL fetch,English,2,Africhol consortium,Web search,AI
5,UNICEF Report 2011 Cholera Outbreak Abidjan Adjamé,https://m.reliefweb.int/report/382462,UNICEF report on January 2011 cholera outbreak in Adjamé district Abidjan with 35 confirmed cases 7 deaths and subsequent spread to 41 total cases 8 deaths by January 31 2011,2011-01-01 to 2011-01-31,Humanitarian Report,Active,Level 2,Validated,Web search,English,1,JHU 2011 national data,Web search,AI
6,IFRC Cholera Côte d'Ivoire Red Cross Response 2025,https://www.ifrc.org/article/cholera-cote-divoire-bustling-waterside-hub-red-cross-takes-cholera,IFRC report on 2025 cholera outbreak in Vridi Akobrate Abidjan reporting 491 cases and 20 deaths as of August 3 2025 following initial detection in May 2025,2025-05-25 to 2025-08-03,Humanitarian Report,Active,Level 2,Validated,Web search and direct URL fetch,English,1,WHO AFRO June 2025 bulletin,Web search,AI
7,Africanews Report Ivory Coast Cholera Outbreak June 2025,https://www.africanews.com/2025/06/06/ivory-coast-announces-cholera-outbreak-after-7-deaths/,News report on official announcement of 2025 cholera outbreak in Vridi Akobrate with 45 cases and 7 deaths as of June 6 2025; laboratory confirmed by Institut Pasteur CIV,2025-05-25 to 2025-06-06,News Report,Active,Level 3,Validated,Web search and direct URL fetch,English,1,INHP official announcement,Web search,AI
8,UNICEF Press Release 80000 Children at Risk Cholera West Central Africa 2025,https://www.unicef.org/press-releases/80000-children-high-risk-cholera-outbreaks-spread-across-12-countries-west-and,UNICEF press release dated July 30 2025 reporting 322 cases and 15 deaths in Côte d'Ivoire as of July 14 2025,2025-05-25 to 2025-07-14,UN Agency Report,Active,Level 2,Validated,Web search,English,1,IFRC August 2025 total,Web search,AI
9,Five Years of Cholera Surveillance in Ivory Coast 2001-2005 PubMed,https://pubmed.ncbi.nlm.nih.gov/19583033/,Peer-reviewed academic study (Seydi et al 2009) documenting comprehensive cholera surveillance in Côte d'Ivoire 2001-2005 totaling 11874 cases 564 deaths CFR 4.7% with Abidjan accounting for 60% of cases,2001-01-01 to 2005-12-31,Academic Surveillance Study,Active,Level 1,Validated,Web search,French,2,WHO annual data JHU,Web search,AI
10,WHO AFRO Monthly Cholera Bulletin December 2024,https://www.afro.who.int/publications/monthly-regional-cholera-bulletin-december-2024,WHO AFRO Monthly Cholera Bulletin for December 2024 confirming Côte d'Ivoire was not among countries reporting cholera cases in 2024; absence documented for MOSAIC zero-transmission modeling,2024-01-01 to 2024-12-31,WHO Surveillance Bulletin,Active,Level 1,Validated,Web search and direct URL fetch,English,1,WHO AFRO 2024 regional surveillance,Web search,AI
11,WHO Multi-country Outbreak of Cholera Epidemiological Update 33 27 January 2026,https://cdn.who.int/media/docs/default-source/documents/emergencies/situation-reports/20260127_multi-country_outbreak-of-cholera_epidemiological_update_33.pdf,WHO multi-country cholera epidemiological update #33 (data as of 28 December 2025) reporting full-year 2025 cumulative figure for Côte d'Ivoire of 503 cases 20 deaths CFR 4.0%; matches sitreps #31 and #32; no new cases in last 28 days indicating outbreak ended in 2025,2025-01-01 to 2025-12-28,WHO Situation Report,Active,Level 1,Validated,Web search and direct PDF text extraction,English,1,WHO sitreps 31 32,Web search,AI
12,WHO Multi-country Outbreak of Cholera Epidemiological Update 37 29 May 2026,https://cdn.who.int/media/docs/default-source/documents/emergencies/situation-reports/20260529_multi-country_outbreak-of-cholera_epidemiological_update_37.pdf,WHO multi-country cholera epidemiological update #37 (data 1 January to 26 April 2026); Côte d'Ivoire not listed among reporting countries in 2026 Table 1 indicating no cholera cases reported in CIV during January-April 2026; supports documented absence for early 2026,2026-01-01 to 2026-04-26,WHO Situation Report,Active,Level 1,Validated,Web search and direct PDF text extraction,English,1,WHO sitrep 33 year-end 2025,Web search,AI
13,WHO Weekly Epidemiological Record - Cholera in 1972 annual global table,https://iris.who.int/handle/10665/219467,"WHO Weekly Epidemiological Record annual global cholera notification report for 1972 (WER 1973, 48(30), pp. 297-299, 11 July 1973). Table of cases of cholera notified to WHO by country; used to establish that Cote d'Ivoire notified no cholera cases to WHO in 1972.",1972-01-01 to 1972-12-31,WHO Annual Surveillance Report,Active,Level 1,Pending,WHO IRIS REST API search: 'cholera in 1972' -> item bitstream PDF text extraction,English/French,1,WHO GHO cholera annual series; JHU baseline,WHO IRIS REST API search: 'cholera in 1972' -> item bitstream PDF text extraction,AI
14,WHO Weekly Epidemiological Record - Cholera in 1973 annual global table,https://iris.who.int/handle/10665/219928,"WHO Weekly Epidemiological Record annual global cholera notification report for 1973 (WER 1974, 49(27), pp. 229-231, 5 July 1974). Table of cases of cholera notified to WHO by country; used to establish that Cote d'Ivoire notified no cholera cases to WHO in 1973.",1973-01-01 to 1973-12-31,WHO Annual Surveillance Report,Active,Level 1,Pending,WHO IRIS REST API search: 'cholera in 1973' -> item bitstream PDF text extraction,English/French,1,WHO GHO cholera annual series; JHU baseline,WHO IRIS REST API search: 'cholera in 1973' -> item bitstream PDF text extraction,AI
15,WHO Weekly Epidemiological Record - Cholera in 1974 annual global table,https://iris.who.int/handle/10665/220437,"WHO Weekly Epidemiological Record annual global cholera notification report for 1974 (WER 1975, 50(29), pp. 261-262, 18 July 1975). Table of cases of cholera notified to WHO by country; used to establish that Cote d'Ivoire notified no cholera cases to WHO in 1974.",1974-01-01 to 1974-12-31,WHO Annual Surveillance Report,Active,Level 1,Pending,WHO IRIS REST API search: 'cholera in 1974' -> item bitstream PDF text extraction,English/French,1,WHO GHO cholera annual series; JHU baseline,WHO IRIS REST API search: 'cholera in 1974' -> item bitstream PDF text extraction,AI
16,WHO Weekly Epidemiological Record - Cholera in 1975 annual global table,https://iris.who.int/handle/10665/220822,"WHO Weekly Epidemiological Record annual global cholera notification report for 1975 (WER 1976, 51(18), pp. 137-138, 30 April 1976). Table of cases of cholera notified to WHO by country; used to establish that Cote d'Ivoire notified no cholera cases to WHO in 1975.",1975-01-01 to 1975-12-31,WHO Annual Surveillance Report,Active,Level 1,Pending,WHO IRIS REST API search: 'cholera in 1975' -> item bitstream PDF text extraction,English/French,1,WHO GHO cholera annual series; JHU baseline,WHO IRIS REST API search: 'cholera in 1975' -> item bitstream PDF text extraction,AI
17,WHO Weekly Epidemiological Record - Cholera in 1976 annual global table,https://iris.who.int/handle/10665/221355,"WHO Weekly Epidemiological Record annual global cholera notification report for 1976 (WER 1977, 52(19), pp. 165-167, 13 May 1977 (Cholera: Review of Recent Situation)). Table of cases of cholera notified to WHO by country; used to establish that Cote d'Ivoire notified no cholera cases to WHO in 1976.",1976-01-01 to 1976-12-31,WHO Annual Surveillance Report,Active,Level 1,Pending,WHO IRIS REST API search: 'cholera in 1976' -> item bitstream PDF text extraction,English/French,1,WHO GHO cholera annual series; JHU baseline,WHO IRIS REST API search: 'cholera in 1976' -> item bitstream PDF text extraction,AI
18,WHO Weekly Epidemiological Record - Cholera in 1977 annual global table,https://iris.who.int/handle/10665/221859,"WHO Weekly Epidemiological Record annual global cholera notification report for 1977 (WER 1978, 53(17), pp. 117-118, 28 April 1978). Table of cases of cholera notified to WHO by country; used to establish that Cote d'Ivoire notified no cholera cases to WHO in 1977.",1977-01-01 to 1977-12-31,WHO Annual Surveillance Report,Active,Level 1,Pending,WHO IRIS REST API search: 'cholera in 1977' -> item bitstream PDF text extraction,English/French,1,WHO GHO cholera annual series; JHU baseline,WHO IRIS REST API search: 'cholera in 1977' -> item bitstream PDF text extraction,AI
19,WHO Weekly Epidemiological Record - Cholera in 1978 annual global table,https://iris.who.int/handle/10665/222465,"WHO Weekly Epidemiological Record annual global cholera notification report for 1978 (WER 1979, 54(17), pp. 129-132, 27 April 1979). Table of cases of cholera notified to WHO by country; used to establish that Cote d'Ivoire notified no cholera cases to WHO in 1978.",1978-01-01 to 1978-12-31,WHO Annual Surveillance Report,Active,Level 1,Pending,WHO IRIS REST API search: 'cholera in 1978' -> item bitstream PDF text extraction,English/French,1,WHO GHO cholera annual series; JHU baseline,WHO IRIS REST API search: 'cholera in 1978' -> item bitstream PDF text extraction,AI
20,WHO Weekly Epidemiological Record - Cholera in 1980 annual global table,https://iris.who.int/handle/10665/223434,"WHO Weekly Epidemiological Record annual global cholera notification report for 1980 (WER 1981, 56(13), pp. 97-98, 3 April 1981). Table of cases of cholera notified to WHO by country; used to establish that Cote d'Ivoire notified no cholera cases to WHO in 1980.",1980-01-01 to 1980-12-31,WHO Annual Surveillance Report,Active,Level 1,Pending,WHO IRIS REST API search: 'cholera in 1980' -> item bitstream PDF text extraction,English/French,1,WHO GHO cholera annual series; JHU baseline,WHO IRIS REST API search: 'cholera in 1980' -> item bitstream PDF text extraction,AI
21,WHO Weekly Epidemiological Record - Cholera in 1981 annual global table,https://iris.who.int/handle/10665/223951,"WHO Weekly Epidemiological Record annual global cholera notification report for 1981 (WER 1982, 57(17), pp. 131-132, 30 April 1982). Table of cases of cholera notified to WHO by country; used to establish that Cote d'Ivoire notified no cholera cases to WHO in 1981.",1981-01-01 to 1981-12-31,WHO Annual Surveillance Report,Active,Level 1,Pending,WHO IRIS REST API search: 'cholera in 1981' -> item bitstream PDF text extraction,English/French,1,WHO GHO cholera annual series; JHU baseline,WHO IRIS REST API search: 'cholera in 1981' -> item bitstream PDF text extraction,AI
22,WHO Weekly Epidemiological Record - Cholera in 1983 annual global table,https://iris.who.int/handle/10665/224941,"WHO Weekly Epidemiological Record annual global cholera notification report for 1983 (WER 1984, 59(19), pp. 141-142, 11 May 1984). Table of cases of cholera notified to WHO by country; used to establish that Cote d'Ivoire notified no cholera cases to WHO in 1983.",1983-01-01 to 1983-12-31,WHO Annual Surveillance Report,Active,Level 1,Pending,WHO IRIS REST API search: 'cholera in 1983' -> item bitstream PDF text extraction,English/French,1,WHO GHO cholera annual series; JHU baseline,WHO IRIS REST API search: 'cholera in 1983' -> item bitstream PDF text extraction,AI
23,WHO Weekly Epidemiological Record - Cholera in 1984 annual global table,https://iris.who.int/handle/10665/225369,"WHO Weekly Epidemiological Record annual global cholera notification report for 1984 (WER 1985, 60(20), pp. 149-151, 17 May 1985). Table of cases of cholera notified to WHO by country; used to establish that Cote d'Ivoire notified no cholera cases to WHO in 1984.",1984-01-01 to 1984-12-31,WHO Annual Surveillance Report,Active,Level 1,Pending,WHO IRIS REST API search: 'cholera in 1984' -> item bitstream PDF text extraction,English/French,1,WHO GHO cholera annual series; JHU baseline,WHO IRIS REST API search: 'cholera in 1984' -> item bitstream PDF text extraction,AI
24,WHO Weekly Epidemiological Record - Cholera in 1985 annual global table,https://iris.who.int/handle/10665/225862,"WHO Weekly Epidemiological Record annual global cholera notification report for 1985 (WER 1986, 61(26), pp. 197-198, 27 June 1986). Table of cases of cholera notified to WHO by country; used to establish that Cote d'Ivoire notified no cholera cases to WHO in 1985.",1985-01-01 to 1985-12-31,WHO Annual Surveillance Report,Active,Level 1,Pending,WHO IRIS REST API search: 'cholera in 1985' -> item bitstream PDF text extraction,English/French,1,WHO GHO cholera annual series; JHU baseline,WHO IRIS REST API search: 'cholera in 1985' -> item bitstream PDF text extraction,AI
25,WHO Weekly Epidemiological Record - Cholera in 1986 annual global table,https://iris.who.int/handle/10665/226262,"WHO Weekly Epidemiological Record annual global cholera notification report for 1986 (WER 1987, 62(20), pp. 141-142, 15 May 1987). Table of cases of cholera notified to WHO by country; used to establish that Cote d'Ivoire notified no cholera cases to WHO in 1986.",1986-01-01 to 1986-12-31,WHO Annual Surveillance Report,Active,Level 1,Pending,WHO IRIS REST API search: 'cholera in 1986' -> item bitstream PDF text extraction,English/French,1,WHO GHO cholera annual series; JHU baseline,WHO IRIS REST API search: 'cholera in 1986' -> item bitstream PDF text extraction,AI
26,WHO Weekly Epidemiological Record - Cholera in 1987 annual global table,https://iris.who.int/handle/10665/226718,"WHO Weekly Epidemiological Record annual global cholera notification report for 1987 (WER 1988, 63(20), pp. 145-146, 13 May 1988). Table of cases of cholera notified to WHO by country; used to establish that Cote d'Ivoire notified no cholera cases to WHO in 1987.",1987-01-01 to 1987-12-31,WHO Annual Surveillance Report,Active,Level 1,Pending,WHO IRIS REST API search: 'cholera in 1987' -> item bitstream PDF text extraction,English/French,1,WHO GHO cholera annual series; JHU baseline,WHO IRIS REST API search: 'cholera in 1987' -> item bitstream PDF text extraction,AI
27,WHO Weekly Epidemiological Record - Cholera in 1988 annual global table,https://iris.who.int/handle/10665/227140,"WHO Weekly Epidemiological Record annual global cholera notification report for 1988 (WER 1989, 64(19), pp. 141-142, 12 May 1989). Table of cases of cholera notified to WHO by country; used to establish that Cote d'Ivoire notified no cholera cases to WHO in 1988.",1988-01-01 to 1988-12-31,WHO Annual Surveillance Report,Active,Level 1,Pending,WHO IRIS REST API search: 'cholera in 1988' -> item bitstream PDF text extraction,English/French,1,WHO GHO cholera annual series; JHU baseline,WHO IRIS REST API search: 'cholera in 1988' -> item bitstream PDF text extraction,AI
28,WHO Weekly Epidemiological Record - Cholera in 1989 annual global table,https://iris.who.int/handle/10665/227598,"WHO Weekly Epidemiological Record annual global cholera notification report for 1989 (WER 1990, 65(19), pp. 141-142, 11 May 1990). Table of cases of cholera notified to WHO by country; used to establish that Cote d'Ivoire notified no cholera cases to WHO in 1989.",1989-01-01 to 1989-12-31,WHO Annual Surveillance Report,Active,Level 1,Pending,WHO IRIS REST API search: 'cholera in 1989' -> item bitstream PDF text extraction,English/French,1,WHO GHO cholera annual series; JHU baseline,WHO IRIS REST API search: 'cholera in 1989' -> item bitstream PDF text extraction,AI
29,WHO Weekly Epidemiological Record - Cholera in 1990 annual global table,https://iris.who.int/handle/10665/228010,"WHO Weekly Epidemiological Record annual global cholera notification report for 1990 (WER 1991, 66(19), pp. 133-136, 10 May 1991). Table of cases of cholera notified to WHO by country; used to establish that Cote d'Ivoire notified no cholera cases to WHO in 1990.",1990-01-01 to 1990-12-31,WHO Annual Surveillance Report,Active,Level 1,Pending,WHO IRIS REST API search: 'cholera in 1990' -> item bitstream PDF text extraction,English/French,1,WHO GHO cholera annual series; JHU baseline,WHO IRIS REST API search: 'cholera in 1990' -> item bitstream PDF text extraction,AI
30,WHO Weekly Epidemiological Record - Cholera in 1997 annual global table,https://iris.who.int/handle/10665/230506,"WHO Weekly Epidemiological Record annual global cholera notification report for 1997 (WER 1998, 73(27), pp. 201-208, 3 July 1998 (Cholera in 1997)). Table of cases of cholera notified to WHO by country; used to establish that Cote d'Ivoire notified no cholera cases to WHO in 1997.",1997-01-01 to 1997-12-31,WHO Annual Surveillance Report,Active,Level 1,Pending,WHO IRIS REST API search: 'cholera in 1997' -> item bitstream PDF text extraction,English/French,1,WHO GHO cholera annual series; JHU baseline,WHO IRIS REST API search: 'cholera in 1997' -> item bitstream PDF text extraction,AI
31,WHO Weekly Epidemiological Record - Cholera in 1998 annual global table,https://iris.who.int/handle/10665/230876,"WHO Weekly Epidemiological Record annual global cholera notification report for 1998 (WER 1999, 74(31), pp. 257-263, 6 August 1999 (Cholera, 1998)). Table of cases of cholera notified to WHO by country; used to establish that Cote d'Ivoire notified no cholera cases to WHO in 1998.",1998-01-01 to 1998-12-31,WHO Annual Surveillance Report,Active,Level 1,Pending,WHO IRIS REST API search: 'cholera in 1998' -> item bitstream PDF text extraction,English/French,1,WHO GHO cholera annual series; JHU baseline,WHO IRIS REST API search: 'cholera in 1998' -> item bitstream PDF text extraction,AI
32,WHO Weekly Epidemiological Record - Cholera in 1999 annual global table,https://iris.who.int/handle/10665/231231,"WHO Weekly Epidemiological Record annual global cholera notification report for 1999 (WER 2000, 75(31), pp. 249-256, 4 August 2000 (Cholera, 1999)). Table of cases of cholera notified to WHO by country; used to establish that Cote d'Ivoire notified no cholera cases to WHO in 1999.",1999-01-01 to 1999-12-31,WHO Annual Surveillance Report,Active,Level 1,Pending,WHO IRIS REST API search: 'cholera in 1999' -> item bitstream PDF text extraction,English/French,1,WHO GHO cholera annual series; JHU baseline,WHO IRIS REST API search: 'cholera in 1999' -> item bitstream PDF text extraction,AI
33,WHO Weekly Epidemiological Record - Cholera in 2000 annual global table,https://iris.who.int/handle/10665/231588,"WHO Weekly Epidemiological Record annual global cholera notification report for 2000 (WER 2001, 76(31), pp. 233-240, 3 August 2001 (Cholera, 2000)). Table of cases of cholera notified to WHO by country; used to establish that Cote d'Ivoire notified no cholera cases to WHO in 2000.",2000-01-01 to 2000-12-31,WHO Annual Surveillance Report,Active,Level 1,Pending,WHO IRIS REST API search: 'cholera in 2000' -> item bitstream PDF text extraction,English/French,1,WHO GHO cholera annual series; JHU baseline,WHO IRIS REST API search: 'cholera in 2000' -> item bitstream PDF text extraction,AI
34,IFRC DREF Operation Ivory Coast Cholera MDRCI018 initial plan June 2025,https://go-api.ifrc.org/api/DownloadFile/91392/MDRCI018do,"IFRC DREF initial operation document for the 2025 Cote d'Ivoire cholera outbreak, published 17 June 2025; gives the Ako Brakre (Port-Bouet/Vridi health district) epicentre counts as of 9 June 2025 and the official outbreak declaration date of 5 June 2025.",2025-05-25 to 2025-06-09,Humanitarian Operation Plan,Active,Level 2,Pending,IFRC GO API appeal_document search=MDRCI018; PDF text extraction,English,0,WHO AFRO June 2025; Africanews 6 June 2025,IFRC GO API appeal_document search=MDRCI018; PDF text extraction,AI
35,IFRC DREF Operational Update 1 Cote d'Ivoire Cholera MDRCI018 August 2025,https://go-api.ifrc.org/api/DownloadFile/92125/MDRCI018du1,"IFRC DREF Operational Update no.1 published 9 August 2025 for the 2025 Cote d'Ivoire cholera outbreak. Contains the health-district breakdown of cases and deaths as of 30 July 2025 sourced to the Institut National d'Hygiene Publique (INHP): national 453 cases / 19 deaths, Port-Bouet-Vridi 200/7, Yopougon Est 228/8, Sassandra 20/3, Jacqueville 5/1.",2025-05-25 to 2025-08-01,Humanitarian Situation Report,Active,Level 2,Pending,IFRC GO API appeal_document search=MDRCI018; PDF text extraction,English,0,INHP Cote d'Ivoire national surveillance data,IFRC GO API appeal_document search=MDRCI018; PDF text extraction,AI
36,IFRC DREF Final Report Ivory Coast Cholera MDRCI018 July 2026,https://go-api.ifrc.org/api/DownloadFile/91393/MDRCI018dfr,IFRC DREF Final Report published 23 July 2026 for the 2025 Cote d'Ivoire cholera outbreak. Records the Ministry of Health and Public Hygiene official declaration of the end of the outbreak on 1 December 2025 and a final epidemic total of 556 cases and 24 deaths across six affected health districts.,2025-05-25 to 2025-12-01,Humanitarian Final Report,Active,Level 2,Pending,IFRC GO API appeal_document search=MDRCI018; PDF text extraction,English,0,WHO multi-country cholera sitrep 33 (503 cases/20 deaths),IFRC GO API appeal_document search=MDRCI018; PDF text extraction,AI
37,WHO Weekly Epidemiological Record 101(35) Multi-country cholera epidemiological update data as of 26 July 2026,https://iris.who.int/handle/10665/387397,"WER vol 101 no 35, 4 September 2026, carrying the WHO monthly multi-country cholera epidemiological update with data as of 26 July 2026. Table 1 lists 19 African Region countries reporting cholera/AWD for 1 January-26 July 2026; Cote d'Ivoire is not among them. Note the report's own caveat that missing data do not imply absence of cases.",2026-01-01 to 2026-07-26,WHO Situation Report,Active,Level 1,Pending,IRIS REST API: Weekly Epidemiological Record 2026 vol 101 issues; PDF text extraction of Table 1,English/French,0,WHO epidemiological update 37 (Jan-Apr 2026); IFRC DREF Final Report MDRCI018,IRIS REST API: Weekly Epidemiological Record 2026 vol 101 issues; PDF text extraction of Table 1,AI
38,WHO Weekly Epidemiological Record Cholera 2020 annual report,https://iris.who.int/handle/10665/345271,"WER vol 96 no 37, 17 September 2021. CRITICAL NEGATIVE FINDING for CIV: footnote b states Cote d'Ivoire did NOT report cholera data to WHO for 2020. The 2020-03-01..2020-12-31 gap is therefore documented NON-REPORTING (a surveillance gap), not validated absence - no zero-transmission row may be written for it.",2020-01-01 to 2020-12-31,WHO Annual Surveillance Report,Active,Level 1,Pending,"IRIS REST API search: 'Cholera, 2020'",English/French,0,"JHU baseline 2020 (14 rows, 0 cases, Jan-Feb only)","IRIS REST API search: 'Cholera, 2020'",AI
39,WHO Global situation report for cholera 2024 (WER 100(36)),https://iris.who.int/handle/10665/382542,"WER vol 100 no 36, 5 September 2025. Table 2 'Countries reported 0 cases and deaths in 2024, fulfilling the public health surveillance service of zero reporting' explicitly names Cote d'Ivoire among 32 African countries. Independent Level 1 confirmation of the 2024 documented absence already recorded as row 11.",2024-01-01 to 2024-12-31,WHO Annual Surveillance Report,Active,Level 1,Pending,WebSearch -> who.int/publications/i/item/who-wer10036-347-364 -> IRIS bitstream,English/French,0,WHO AFRO Monthly Cholera Bulletin December 2024 (metadata index 10),WebSearch -> who.int/publications/i/item/who-wer10036-347-364 -> IRIS bitstream,AI
40,MesVaccins.net Cholera en Cote d'Ivoire mise a jour 23 February 2011,https://www.mesvaccins.net/web/news/1140-cholera-en-cote-d-ivoire-mise-a-jour,"French medical information site (MesVaccins.net) update of 23 February 2011 on the Abidjan cholera epidemic, giving commune-level case and death counts as of 16 February 2011 (Adjame 50/8, Attecoube >300/2, Yopougon 32/1, Abidjan total >400/11) and dating the epidemic start to 19 January 2011. Cites Institut Pasteur de Cote d'Ivoire for strain isolation.",2011-01-19 to 2011-02-16,Medical News Update,Active,Level 3,Pending,WebSearch: Cote d'Ivoire cholera Attecoube Adjame Yopougon fevrier 2011 cas deces,French,0,Institut Pasteur de Cote d'Ivoire strain isolation; UNICEF Jan 2011 report (metadata index 5),WebSearch: Cote d'Ivoire cholera Attecoube Adjame Yopougon fevrier 2011 cas deces,AI
41,INHP Cote d'Ivoire Gestion d'une epidemie de cholera en milieu periurbain Cote d'Ivoire 2025,https://www.inhp.ci/public/storage/documents/documents/18-atoh%20tour%C3%A9.pdf,"Outbreak investigation abstract by Ekra KD et al., Service de surveillance epidemiologique, Institut National d'Hygiene Publique (INHP), Ministry of Health Cote d'Ivoire, with Universite Felix Houphouet-Boigny. Covers the investigation of the Vridi-Akobrakre / Port-Bouet-Vridi cholera epidemic from 25 May to 1 July 2025: 109 cases, 7 deaths, CFR 6.4%, Vibrio cholerae O1 isolated, 67.5% of cases resident in Fantikro, Ebriekro and Cailloux neighbourhoods, 60.2% of cases Ghanaian nationality and 28.9% Ivorian, occupations fishing (11.1%) and seafood trade (14.8%).",2025-05-25 to 2025-07-01,National Outbreak Investigation Report,Active,Level 1,Pending,WebSearch: memoireonline investigation epidemie cholera district sanitaire Port-Bouet Vridi Abidjan -> inhp.ci PDF,French,0,IFRC DREF MDRCI018 (metadata index 34-36); WHO sitrep 33,WebSearch: memoireonline investigation epidemie cholera district sanitaire Port-Bouet Vridi Abidjan -> inhp.ci PDF,AI
42,WHO Disease Outbreak News Cholera in Cote d'Ivoire 1 August 2003,https://www.who.int/emergencies/disease-outbreak-news/item/2003DON148,"WHO Disease Outbreak News published 1 August 2003 reporting a cholera outbreak of 70 cases including 15 deaths in the village of Tableguikou-gly, Divo health district, Cote d'Ivoire, from 22 December 2002 to 5 January 2003; laboratory confirmed by Institut Pasteur, Cote d'Ivoire.",2002-12-22 to 2003-01-05,Outbreak Report,Active,Level 1,Pending,WebSearch: Cote d'Ivoire cholera 2003 Disease Outbreak News WHO cases deaths districts,English,0,JHU annual 2002 (4188/143) and 2003 (1034/50),WebSearch: Cote d'Ivoire cholera 2003 Disease Outbreak News WHO cases deaths districts,AI
43,WHO Disease Outbreak News Cholera in West Africa 17 September 2001,https://www.who.int/emergencies/disease-outbreak-news/item/2001_09_17a-en,"WHO Disease Outbreak News of 17 September 2001 covering the West African cholera outbreak in Burkina Faso, Cote d'Ivoire and Niger. Reports 897 cases including 47 deaths in Abidjan as of 12 August 2001 - an earlier time point than the 26 September 2001 DON already in this dataset (2012 cases/51 deaths in Abidjan by 21 September).",2001-05-01 to 2001-08-12,Outbreak Report,Active,Level 1,Pending,WebSearch: Cote d'Ivoire cholera 2003 Disease Outbreak News -> WHO DON index,English,0,WHO DON 26 September 2001 (metadata index 2),WebSearch: Cote d'Ivoire cholera 2003 Disease Outbreak News -> WHO DON index,AI
44,Abidjan.net UNICEF cholera Cote d'Ivoire Sud-Comoe 14 June 2012,http://news.abidjan.net/h/435368.html,"Abidjan.net report of 14 June 2012 on UNICEF's scaled-up cholera response in Cote d'Ivoire: more than 136 cases including 18 children under five and at least 10 deaths since the start of 2012, concentrated in Adiake and Aboisso in the south-east (Sud-Comoe region) with one case in Abidjan.",2012-01-01 to 2012-06-14,News Report,Active,Level 3,Pending,WebSearch: Cote d'Ivoire cholera 2012 1321 cas 34 deces OMS UNICEF rapport situation,French,0,"Africhol Adiake study May-Oct 2012 (161 cases/3 deaths, metadata index 4)",WebSearch: Cote d'Ivoire cholera 2012 1321 cas 34 deces OMS UNICEF rapport situation,AI
45,Government of Cote d'Ivoire INHP press briefing on the cholera epidemic 9 January 2015,https://reliefweb.int/report/c-te-divoire/epid-mie-de-chol-ra-en-c-te-d-ivoire,"Press briefing given on 9 January 2015 by the Director of the Institut National d'Hygiene Publique (INHP) on behalf of the Minister of Health Dr Raymonde Goudou Coffie, published on ReliefWeb with source 'Govt. Cote d'Ivoire'. Reports the epidemic that began in epidemiological week 41 of 2014 in the Koumassi-Port-Bouet-Vridi health district of Abidjan and spread to Yopougon Est, Adjame-Plateau-Attecoube, Yopougon Ouest, Cocody-Bingerville, Fresco, Grand-Lahou and Divo: 264 cases notified with 19 deaths, overall CFR 7.2%, across the eight affected health districts. Also documents the late-2014 Divo focus at Tableguikou, 12 km from Divo, attributed to well and swamp water.",2014-10-06 to 2015-01-09,Government Press Statement,Active,Level 1,Pending,WebSearch: Cote d'Ivoire cholera 2014 epidemie 264 cas 19 deces Grand-Lahou Divo Fresco districts ReliefWeb,French,0,JHU annual 2014 (924/18) and 2015 (437/6); sante.gouv.ci press point,WebSearch: Cote d'Ivoire cholera 2014 epidemie 264 cas 19 deces Grand-Lahou Divo Fresco districts ReliefWeb,AI
46,Cote d'Ivoire Ministry of Health Rapport Annuel sur la Situation Sanitaire (RASS) 2019,https://www.snisdiis.com/wp-content/uploads/2022/03/Rapport-Annuel-sur-la-Situation-Sanitaire-RASS-2019-VF.pdf,"Official annual health situation report of the Ministere de la Sante et de l'Hygiene Publique of Cote d'Ivoire for 2019, published via the SNIS/DIIS health information system. Diseases-under-surveillance section states that in 2019 Cote d'Ivoire recorded 313 confirmed measles cases, no meningitis, no yellow fever, NO CHOLERA and no acute flaccid paralysis. National documentation of zero cholera for 2019.",2019-01-01 to 2019-12-31,National Annual Health Report,Active,Level 1,Pending,WebSearch: Cote d'Ivoire rapport annuel situation sanitaire RASS 2019 2020 cholera cas notifies,French,0,"JHU 2019 baseline (89 rows, 8 suspected cases); WHO WER Cholera 2019",WebSearch: Cote d'Ivoire rapport annuel situation sanitaire RASS 2019 2020 cholera cas notifies,AI
47,Cote d'Ivoire Ministry of Health Rapport Annuel sur la Situation Sanitaire (RASS) 2020,https://www.snisdiis.com/wp-content/uploads/2022/03/Rapport-Annuel-sur-la-Situation-Sanitaire-RASS-2020-VF.pdf,"Official annual health situation report of the Ministere de la Sante, de l'Hygiene Publique et de la Couverture Maladie Universelle of Cote d'Ivoire for 2020. Diseases-under-surveillance section enumerates 516 confirmed measles, 30 meningitis, 15 yellow fever, 12 dengue, 16 AFP, no wild poliovirus, no dracunculiasis and NO CHOLERA for 2020. CRITICAL: this national report supplies the data that WHO's Cholera 2020 annual report records Cote d'Ivoire as never having submitted - it converts the 2020 WHO non-reporting gap into a nationally documented absence.",2020-01-01 to 2020-12-31,National Annual Health Report,Active,Level 1,Pending,WebSearch: Cote d'Ivoire rapport annuel situation sanitaire RASS 2019 2020 cholera cas notifies,French,0,WHO WER 96(37) Cholera 2020 - CIV listed as NOT having reported data to WHO for 2020 (metadata index 38),WebSearch: Cote d'Ivoire rapport annuel situation sanitaire RASS 2019 2020 cholera cas notifies,AI
48,Cote d'Ivoire Ministry of Health Rapport Annuel sur la Situation Sanitaire (RASS) 2007-2009,https://www.snisdiis.com/wp-content/uploads/2022/03/Rapport-Annuel-sur-la-Situation-Sanitaire-RASS-2007-2009.pdf,"Triennial national health situation report. Section IV.3.1 Cholera gives national suspected cases and deaths for 2007 (8 cases, 1 death), 2008 (42 cases, 1 death) and 2009 (12 cases, 0 deaths) plus a district-level breakdown for each year and Map 25 showing the six affected regions (Lagunes 1 and 2, Vallee du Bandama, Worodougou, Savanes, Denguele-Bafing).",2007-01-01 to 2009-12-31,National Annual Health Report,Active,Level 1,Pending,Enumerated all RASS PDFs from https://www.snisdiis.com/rass/ then pdftotext each and grep for 'chol',French,0,JHU baseline annual rows; WHO GHO annual series,Enumerated all RASS PDFs from https://www.snisdiis.com/rass/ then pdftotext each and grep for 'chol',AI
49,Cote d'Ivoire Ministry of Health Rapport Annuel sur la Situation Sanitaire (RASS) 2010-2012,https://www.snisdiis.com/wp-content/uploads/2022/03/Rapport-Annuel-sur-la-Situation-Sanitaire-RASS-2010-2012.pdf,"Triennial national health situation report. Table 7 'Profil epidemiologique du Cholera de 2010 a 2012' gives, for each year, suspected cases, samples taken, laboratory-confirmed cases, deaths among suspected cases and CFR: 2010 (35/13/0/0/0%), 2011 (1448/566/152/32/2.20%), 2012 (589/308/50/19/3.22%). Also reports 27 of 102 health districts notified cases in 2011 (14 with declared epidemics) and 23 of 82 in 2012, agent V. cholerae O1.",2010-01-01 to 2012-12-31,National Annual Health Report,Active,Level 1,Pending,Enumerated all RASS PDFs from https://www.snisdiis.com/rass/ then pdftotext each and grep for 'chol',French,0,JHU baseline annual rows; WHO GHO annual series,Enumerated all RASS PDFs from https://www.snisdiis.com/rass/ then pdftotext each and grep for 'chol',AI
50,Cote d'Ivoire Ministry of Health Rapport Annuel sur la Situation Sanitaire (RASS) 2013,https://www.snisdiis.com/wp-content/uploads/2022/03/Rapport-Annuel-sur-la-Situation-Sanitaire-RASS-2013.pdf,"National annual health situation report for 2013. Section IV.1.1.3 Cholera: no cholera case was laboratory-confirmed among the 56 suspected cases notified in 2013, against 50 confirmed cases in 2012.",2013-01-01 to 2013-12-31,National Annual Health Report,Active,Level 1,Pending,Enumerated all RASS PDFs from https://www.snisdiis.com/rass/ then pdftotext each and grep for 'chol',French,0,JHU baseline annual rows; WHO GHO annual series,Enumerated all RASS PDFs from https://www.snisdiis.com/rass/ then pdftotext each and grep for 'chol',AI
51,Cote d'Ivoire Ministry of Health Rapport Annuel sur la Situation Sanitaire (RASS) 2015,https://www.snisdiis.com/wp-content/uploads/2022/03/Rapport-Annuel-sur-la-Situation-Sanitaire-RASS-2015.pdf,"National annual health situation report for 2015. Section IV.1.3: 30 laboratory-confirmed cholera cases in 2015, down from 77 confirmed cases in 2014; affected health districts fell from 8 (2014) to 5 (2015) - Koumassi-Port Bouet-Vridi, San Pedro, Divo, Fresco, Grand-Lahou - with Koumassi-Port-Bouet-Vridi accounting for 23 of the 30 cases; affected health regions rose from 3 to 4 (Abidjan 1-Grands Ponts, Abidjan 2, Loh-Djiboua plus Gboklé-Nawa-San Pedro).",2014-01-01 to 2015-12-31,National Annual Health Report,Active,Level 1,Pending,Enumerated all RASS PDFs from https://www.snisdiis.com/rass/ then pdftotext each and grep for 'chol',French,0,JHU baseline annual rows; WHO GHO annual series,Enumerated all RASS PDFs from https://www.snisdiis.com/rass/ then pdftotext each and grep for 'chol',AI
52,Cote d'Ivoire Ministry of Health Rapport Annuel sur la Situation Sanitaire (RASS) 2016,https://www.snisdiis.com/wp-content/uploads/2022/03/Rapport-Annuel-sur-la-Situation-Sanitaire-RASS-2016.pdf,"National annual health situation report for 2016. Diseases-under-surveillance summary states that measles rose to 45 cases, meningitis to 117 and influenza to 277 confirmed, yellow fever fell to 3, and no cholera case was recorded in 2016.",2016-01-01 to 2016-12-31,National Annual Health Report,Active,Level 1,Pending,Enumerated all RASS PDFs from https://www.snisdiis.com/rass/ then pdftotext each and grep for 'chol',French,0,JHU baseline annual rows; WHO GHO annual series,Enumerated all RASS PDFs from https://www.snisdiis.com/rass/ then pdftotext each and grep for 'chol',AI
53,Cote d'Ivoire Ministry of Health Rapport Annuel sur la Situation Sanitaire (RASS) 2017,https://www.snisdiis.com/wp-content/uploads/2022/03/Rapport-Annuel-sur-la-Situation-Sanitaire-RASS-2017-VF.pdf,"National annual health situation report for 2017. Narrative states 39 meningitis, 432 dengue, 24 yellow fever and no cholera cases in 2017. Table 70 'Cholera' gives suspected and laboratory-confirmed cholera by health region and health district with a national total line 'TOTAL CI 24 571 046 / 31 / 0' - 31 suspected cases and 0 confirmed nationally.",2017-01-01 to 2017-12-31,National Annual Health Report,Active,Level 1,Pending,Enumerated all RASS PDFs from https://www.snisdiis.com/rass/ then pdftotext each and grep for 'chol',French,0,JHU baseline annual rows; WHO GHO annual series,Enumerated all RASS PDFs from https://www.snisdiis.com/rass/ then pdftotext each and grep for 'chol',AI
54,Cote d'Ivoire Ministry of Health Rapport Annuel sur la Situation Sanitaire (RASS) 2018,https://www.snisdiis.com/wp-content/uploads/2022/03/Rapport-Annuel-sur-la-Situation-Sanitaire-RASS-2018-VF.pdf,"National annual health situation report for 2018. Diseases-under-surveillance summary: 33 confirmed meningitis, no confirmed dengue, 9 confirmed yellow fever and no confirmed cholera case in 2018.",2018-01-01 to 2018-12-31,National Annual Health Report,Active,Level 1,Pending,Enumerated all RASS PDFs from https://www.snisdiis.com/rass/ then pdftotext each and grep for 'chol',French,0,JHU baseline annual rows; WHO GHO annual series,Enumerated all RASS PDFs from https://www.snisdiis.com/rass/ then pdftotext each and grep for 'chol',AI
55,WHO Cote d'Ivoire Maladies transmissibles profil epidemiologique 2010,https://www.afro.who.int/sites/default/files/2017-06/WHO_HSE_GAR_DCE_2010.3_fre.pdf,"WHO communicable-diseases epidemiological profile for Cote d'Ivoire (WHO/HSE/GAR/DCE/2010.3). Table 1 gives cholera morbidity, mortality and CFR for 2001-2007 sourced to WER 2008, 83:261-284: 2001 5912/305/5.2%, 2002 4188/143/3.4%, 2003 1034/50/4.8%, 2004 105/9/8.6%, 2005 39/6/15.4%, 2006 414/16/3.6%, 2007 8/1/12.5%. States 'Le cholera est endemique dans toute la Cote d'Ivoire' and that cases are generally distributed over the rainy season.",2001-01-01 to 2007-12-31,WHO Country Epidemiological Profile,Active,Level 1,Pending,WebSearch: Cote d'Ivoire cholera 1995 1996 epidemie Man Danane Odienne Bouake -> afro.who.int country profile PDF,French,0,"WER 2008, 83:261-284 (Cholera 2007); JHU annual rows; WHO GHO series",WebSearch: Cote d'Ivoire cholera 1995 1996 epidemie Man Danane Odienne Bouake -> afro.who.int country profile PDF,AI
56,IRIN Cote d'Ivoire Epidemie de cholera a Abidjan 29 August 2006,https://reliefweb.int/report/c%C3%B4te-divoire/c%C3%B4te-divoire-epid%C3%A9mie-de-chol%C3%A9ra-%C3%A0-abidjan,"IRIN (UN OCHA news service) report of 29 August 2006 published on ReliefWeb on the Abidjan cholera outbreak: 40 confirmed cases and 4 deaths since early July 2006. Traces the outbreak from an index fisherman who died, through 26 cases in the precarious Port-Bouet neighbourhood in the south of the city, to 14 further cases including 2 deaths in August in two of Abidjan's most populous neighbourhoods. Quotes Dr Jean-Baptiste Brindou, director of the Abidjan-Sud health district.",2006-07-01 to 2006-08-29,News Report,Active,Level 3,Pending,WebSearch: Cote d'Ivoire cholera 2006 epidemie Abidjan cas deces juillet aout quartiers precaires,French,0,WHO Cote d'Ivoire epidemiological profile 2010 (national 2006: 414 cases/16 deaths),WebSearch: Cote d'Ivoire cholera 2006 epidemie Abidjan cas deces juillet aout quartiers precaires,AI
57,MSF Cote d'Ivoire Derriere les barreaux des soins - MACA prison Abidjan,https://www.msf.fr/actualites/cote-d-ivoire-derriere-les-barreaux-des-soins,"Medecins Sans Frontieres field report (24 April 2008) on its work in the Maison d'Arret et de Correction d'Abidjan (MACA), the country's largest prison, located in Yopougon commune. Records that cholera first brought MSF to the MACA in 1993, that MSF has worked there continuously since 1997, and that cholera flared again immediately after the attempted coup d'etat of September 2002 with more than 600 cases recorded. Documents a closed-population cholera focus absent from all surveillance series held for Cote d'Ivoire.",1993-01-01 to 2002-12-31,NGO Field Report,Active,Level 2,Pending,WebSearch: Cote d'Ivoire cholera 1991 1992 epidemie Abidjan prison Bouake cas deces OMS -> msf.fr,French,0,JHU annual 2002 (4188 cases/143 deaths); Outbreak of beriberi in a prison in Cote d'Ivoire (Ahoua et al. 2007),WebSearch: Cote d'Ivoire cholera 1991 1992 epidemie Abidjan prison Bouake cas deces OMS -> msf.fr,AI
58,Cote d'Ivoire Ministry of Health Annuaire des Statistiques Sanitaires 2001-2006,https://www.snisdiis.com/wp-content/uploads/2022/03/Annuaire-des-statistiques-sanitaires-2001-2006.pdf,"National health statistics yearbook of the Ministry of Health of Cote d'Ivoire covering 2001-2006, published through the SNIS/DIIS. Table 14 'Nombre de cas de cholera de 2001 a 2006' gives cholera case counts for EVERY health district and health region for each year, with a national line 'RCI' of 0 (2001), 4387 (2002), 1181 (2003), 114 (2004), 39 (2005) and 417 (2006). Section V.2.1.3 additionally gives cholera incidence per 1000 by district. CAVEAT: the 2001 column is zero throughout, i.e. the routine SNIS reporting stream did not capture the 2001 epidemic that the epidemiological surveillance system reported to WHO as 5912 cases - the 2001 zero must NOT be read as absence. Only a curated subset of Table 14 has been extracted into rows; the full district table remains available for Agent 2 geographic expansion.",2001-01-01 to 2006-12-31,National Health Statistics Yearbook,Active,Level 1,Pending,Enumerated PDFs on https://www.snisdiis.com/ after finding the RASS archive; pdftotext + grep 'chol',French,0,RASS 2007-2009; WHO CIV epidemiological profile 2010; JHU annual rows,Enumerated PDFs on https://www.snisdiis.com/ after finding the RASS archive; pdftotext + grep 'chol',AI
59,Cote d'Ivoire Ministry of Health Annuaire des Statistiques Sanitaires 2007-2008,https://www.snisdiis.com/wp-content/uploads/2022/03/Annuaire-des-statistiques-sanitaires-2007-2008.pdf,"National health statistics yearbook for 2007-2008. Table 52/58 'Nombre de cas suspects de cholera dans les districts sanitaires en 2007 et 2008' gives suspected cholera by health region and district with the national line 'ENSEMBLE CI 8 42'. 2007 districts: Adjame-Plateau 1, Yopougon Ouest 1 (Lagunes 1 = 2), Bingerville 2, Port Bouet-Vridi 2 (Lagunes 2 = 4), Korhogo 1, Tengrela 1 (Savanes = 2). 2008 districts: Touba 1, Bouafle 10, Man 22, Tanda 9. Source line: DIPE/SIG 2007-2008. Independently corroborates the RASS 2007-2009 national totals.",2007-01-01 to 2008-12-31,National Health Statistics Yearbook,Active,Level 1,Pending,Enumerated PDFs on https://www.snisdiis.com/; pdftotext + grep 'chol',French,0,RASS 2007-2009 (same national totals 8 and 42),Enumerated PDFs on https://www.snisdiis.com/; pdftotext + grep 'chol',AI
60,INHP Bulletin de Sante Publique de Cote d'Ivoire Vol 02 No 02 surveillance January-May 2024,https://bsp.inspci.org/wp-content/uploads/2024/08/Surveillance-epidemiologique-donnee-jan-mars-2024.pdf,"Bulletin de Sante Publique de Cote d'Ivoire, editorial committee KOUROUMA KR, N'ZI-BOA T, ADOU D, SACKOU-KOUAKOU JG, Service de Surveillance Epidemiologique of the Institut National d'Hygiene Publique (INHP). Covers notifiable-disease surveillance for weeks 1 to 20 of 2024 (January to May). Reports '2 cas suspects de Cholera confirmes negatifs' and a summary table line 'Cholera 2 - -' (2 suspected, no confirmed, no deaths). This is direct national evidence behind the WHO zero-reporting classification of Cote d'Ivoire for 2024.",2024-01-01 to 2024-05-31,National Epidemiological Bulletin,Active,Level 1,Pending,WebSearch: Cote d'Ivoire annuaire statistiques sanitaires bulletin epidemiologique hebdomadaire cholera INHP pdf,French,0,WHO AFRO Monthly Cholera Bulletin December 2024 (metadata index 10); WER Global situation report for cholera 2024 (metadata index 39),WebSearch: Cote d'Ivoire annuaire statistiques sanitaires bulletin epidemiologique hebdomadaire cholera INHP pdf,AI
61,INHP Bulletin Epidemiologique Hebdomadaire Cote d'Ivoire semaine 37 2025 (BSP-CI Vol 03 No 03),https://bsp.inspci.org/wp-content/uploads/2025/10/BSP-3.3_v_05.10.25.pdf,"Weekly epidemiological bulletin of the Service de Surveillance Epidemiologique, Institut National d'Hygiene Publique, for week 37 of 2025 (8-14 September 2025), republished in Bulletin de Sante Publique de Cote d'Ivoire Vol 03 No 03. Reports 550 cumulative cholera cases and 21 deaths (CFR 3.8%) from week 1 to week 37 of 2025, with the five health districts in epidemic listed individually: Port-Bouet-Vridi 201 cases/7 deaths (3.5%), Yopougon Est 301/9 (3%), Sassandra 28/3, Jacqueville 8/2 (25%), Fresco 12/0. Vibrio cholerae O1 isolated in stool by Institut Pasteur de Cote d'Ivoire; the Fresco focus began in week 36 with 11 cases of which 2 laboratory-confirmed. Notification promptness 106/113 health districts (93.8%).",2025-01-01 to 2025-09-14,National Weekly Epidemiological Bulletin,Active,Level 1,Pending,Enumerated PDFs on https://bsp.inspci.org/ after finding the Jan-May 2024 bulletin,French,0,IFRC DREF OU1 as of 30 July 2025 (metadata index 35); WHO sitrep 33 (503/20); IFRC DREF Final Report (556/24),Enumerated PDFs on https://bsp.inspci.org/ after finding the Jan-May 2024 bulletin,AI
62,INHP Bulletin Epidemiologique Hebdomadaire Cote d'Ivoire N931 semaine 27 2026 (BSP-CI Vol 04 No 02),https://bsp.inspci.org/wp-content/uploads/2026/08/BSP-CI-4.2_v-25.08.26_v2.pdf,"Weekly epidemiological bulletin N931/2026 of the Service de Surveillance Epidemiologique, Institut National d'Hygiene Publique, for week 27 of 2026 (29 June to 5 July 2026), republished in Bulletin de Sante Publique de Cote d'Ivoire Vol 04 No 02 (June 2026, deposited 25 August 2026). Cholera section states no suspected cholera case has been notified since the beginning of the year; summary Table IX gives 0 suspected cholera cases for 2026 week 27 against a 2025 median of 13. Notification promptness 109/113 health districts (96.46%); only Boundiali and Prikro failed to report.",2026-01-01 to 2026-07-05,National Weekly Epidemiological Bulletin,Active,Level 1,Pending,Enumerated PDFs on https://bsp.inspci.org/,French,0,WHO WER 101(35) (metadata index 37); IFRC DREF Final Report - outbreak declared over 1 December 2025,Enumerated PDFs on https://bsp.inspci.org/,AI
63,INHP Le Vigile bulletin epidemiologique hebdomadaire No 837 semaine 37 2024,https://bsp.inspci.org/wp-content/uploads/2024/10/Vigile_S37_N%c2%b0837_2024.pdf,"Institut National d'Hygiene Publique weekly epidemiological bulletin 'Le Vigile' No 837, week 37 of 2024. Cholera section: 'Aucun cas suspect de cholera n'a ete notifie au cours de la semaine 37. Trois (03) cas suspects ont ete enregistres depuis le debut de l'annee.' NO ROW ADDED: this refines the cumulative 2024 suspected-case count from 2 (weeks 1-20, row 122) to 3 (weeks 1-37) but adds no coverage, since 2024 is already covered by rows 11 and 122; registered so Agent 5 or Agent 7 can use it when reconciling the three overlapping 2024 records. Le Vigile is published weekly and the archive at bsp.inspci.org is directory-listable by year and month - a high-value untapped seam for weekly Cote d'Ivoire surveillance data.",2024-01-01 to 2024-09-14,National Weekly Epidemiological Bulletin,Active,Level 1,Pending,Directory listing of https://bsp.inspci.org/wp-content/uploads/2024/10/ after finding the Le Vigile series referenced in a search result,French,0,"INHP BSP Vol 02 No 02 (2 suspected cases weeks 1-20 2024, metadata index 60); WHO AFRO Monthly Cholera Bulletin December 2024 (metadata index 10)",Directory listing of https://bsp.inspci.org/wp-content/uploads/2024/10/ after finding the Le Vigile series referenced in a search result,AI
64,Le Patriote via APIDPM Sante tropicale Epidemie de cholera dans le district d'Abidjan 22 June 2011,https://www.santetropicale.com/actus.asp?id=12826&action=lire,"Ivorian press review item dated 22/06/2011, originally published in Le Patriote: 'Epidemie de cholera dans le district d'Abidjan : 15 deces et 577 cas notifies'. Reports the Abidjan district cumulative cholera burden since the start of 2011 as given by the Minister of Health at a press conference.",2011-01-01 to 2011-06-22,News Report,Active,Level 3,Pending,WebSearch: Cote d'Ivoire cholera 2011 933 cas 22 deces septembre epidemie nationale,French,0,"Nord-Sud via Abidjan.net 22 June 2011 (same ministerial press conference, 15 deaths); RASS 2010-2012 national 2011 figures",WebSearch: Cote d'Ivoire cholera 2011 933 cas 22 deces septembre epidemie nationale,AI
65,Nord-Sud via Abidjan.net Epidemies a Abidjan Cholera 15 morts 22 June 2011,https://news.abidjan.net/articles/402256/epidemies-a-abidjan-cholera-15-morts,"Nord-Sud newspaper report of 22 June 2011 on a press conference by Professor Therese N'Dri-Yoman, Minister of Health: 'Abidjan fait face a une epidemie de cholera qui a cause la mort de 15 personnes depuis le debut de l'annee. Abobo, Adjame, Attecoube, Yopougon, Koumassi et Port-Bouet sont touchees par le Vibrio Cholerae'. Independently corroborates the Le Patriote death count and names the six affected Abidjan communes.",2011-01-01 to 2011-06-22,News Report,Active,Level 3,Pending,WebSearch: Cote d'Ivoire cholera Attecoube Adjame Yopougon fevrier 2011 -> abidjan.net article index,French,0,"Le Patriote 22 June 2011 (577 cases / 15 deaths, metadata index 64)",WebSearch: Cote d'Ivoire cholera Attecoube Adjame Yopougon fevrier 2011 -> abidjan.net article index,AI
66,APA Cote d'Ivoire une epidemie de cholera fait 12 deces 13 January 2015,http://news.abidjan.net/h/520445.html,"Agence de Presse Africaine report of 13 January 2015 quoting Minister of Health Raymonde Goudou Coffie on national television: the epidemic that began in the Abidjan district in October 2014 totalled '272 cas dont 12 deces' and had spread to Grand-Lahou, Fresco and Divo. NO ROW ADDED: the case count (272) is consistent with the government's own briefing four days earlier (264) but the death count (12) contradicts it (19). The government briefing of 9 January 2015 is retained as the primary record (row 51); this source is registered so the discrepancy is visible to Agent 5 and Agent 7 rather than silently discarded.",2014-10-01 to 2015-01-13,News Report,Active,Level 3,Pending,WebSearch: Cote d'Ivoire cholera 2014 epidemie 12 deces officiel abidjan.net cas,French,0,"Govt. of Cote d'Ivoire INHP press briefing 9 January 2015 (264 cases / 19 deaths, metadata index 45)",WebSearch: Cote d'Ivoire cholera 2014 epidemie 12 deces officiel abidjan.net cas,AI
67,OCHA Cote d'Ivoire Daily Report 8-9 February 2006 (IRC cholera Zouan-Hounien),https://reliefweb.int/report/c%C3%B4te-divoire/c%C3%B4te-divoire-ocha-daily-report-8-9-feb-2006,"UN OCHA daily situation report for Cote d'Ivoire, 8-9 February 2006, relaying an International Rescue Committee report to OCHA-Man: 31 cholera cases including 2 deaths in the Zouan-Hounien area of the Moyen-Cavally region as of 8 February 2006, attributed to villagers drinking river water after village hand pumps failed; IRC repaired one pump on 7 February. Independently corroborates the western-Cote d'Ivoire cholera activity that the national statistics yearbook records as 344 cases in the Danane health district in 2006.",2006-01-01 to 2006-02-08,Humanitarian Situation Report,Active,Level 2,Pending,WebSearch: OCHA Cote d'Ivoire 2006 MSF Holland cholera western region 321 cases two deaths,English,0,"Annuaire des Statistiques Sanitaires 2001-2006 (Danane 344 cases in 2006, metadata index 58); MSF-Holland/OCHA figure of 321 cases and 2 deaths in western Cote d'Ivoire 30 Jan - 26 Feb 2006",WebSearch: OCHA Cote d'Ivoire 2006 MSF Holland cholera western region 321 cases two deaths,AI
68,WHO AFRO Monthly Regional Cholera Bulletin June 2025,https://iris.who.int/handle/10665/382275,"WHO Regional Office for Africa Monthly Regional Cholera Bulletin for June 2025 (data 1-29 June 2025). Gives Cote d'Ivoire cumulative 100 cases and 7 deaths (CFR 7.0%) as of 29 June 2025 and, uniquely, the MONTHLY split: 'In June, new cases increased from 24 in May to 76. There were 7 deaths reported in May with no death in June.' Also records that all deaths occurred within the first three days of the epidemic and 'occurred in the non-native community, mostly fishermen, of Ghanaian and Togolese origin', and that the Ministry of Health officially declared the outbreak on 5 June 2025. The November 2025 edition of the same series still lists Cote d'Ivoire among the 15 countries with active transmission, consistent with the outbreak being declared over on 1 December 2025.",2025-05-01 to 2025-06-29,WHO Regional Surveillance Bulletin,Active,Level 1,Pending,IRIS REST API search: 'AFRO Cholera Monthly bulletin 2025',English,0,"INHP outbreak investigation 1 July 2025 (109/7 in Port-Bouet-Vridi, metadata index 41); IFRC DREF initial (46/7 as of 9 June, metadata index 34)",IRIS REST API search: 'AFRO Cholera Monthly bulletin 2025',AI
69,WHO AFRO Weekly Bulletin on Outbreaks and other Emergencies Week 24 2025,https://iris.who.int/handle/10665/381856,"WHO AFRO Weekly Bulletin on Outbreaks and other Emergencies, week 24 of 2025 (9-15 June 2025). Its ongoing-events table carries the row 'Cote d'Ivoire | Cholera | Grade 3 | 25-May-25 | 7-Jun-25 | 46 | 3 | 7 | 15.2%', i.e. 46 total cases of which 3 laboratory-confirmed and 7 deaths for the reporting period 25 May to 7 June 2025. The confirmed-case count of 3 appears in no other source found. NOTE ON THIS SERIES: the Cote d'Ivoire row remained frozen at these values in weeks 24, 29, 31, 33, 34 and 35 before jumping to 491/491/20 at 3 August in week 36, so the AFRO weekly bulletin is NOT a usable weekly time series for Cote d'Ivoire; and the 491 'confirmed' value in week 36 duplicates the total-case value and should be treated as a data-entry artefact, not as a confirmed-case count.",2025-05-25 to 2025-06-07,WHO Regional Surveillance Bulletin,Active,Level 1,Pending,IRIS REST API search: 'Weekly bulletin on outbreaks and other emergencies African Region 2025'; PDF ongoing-events table extraction,English,0,"IFRC DREF initial (46 cases/7 deaths as of 9 June, metadata index 34); WHO AFRO Monthly Cholera Bulletin June 2025 (metadata index 68)",IRIS REST API search: 'Weekly bulletin on outbreaks and other emergencies African Region 2025'; PDF ongoing-events table extraction,AI
70,FluTrackers compilation of OCHA Cote d'Ivoire Bulletin Humanitaire cholera figures 2012,https://flutrackers.com/forum/forum/emerging-diseases-other-health-threats-alphabetical-a-thru-h/cholera-incl-haiti-cholera-disaster/128881-ivory-coast-2012-cholera-cases,"Disease-surveillance forum thread compiling the 2012 Cote d'Ivoire cholera figures published in OCHA's Bulletin Humanitaire for Cote d'Ivoire, quoting each edition with attribution: edition #19 of 19 June 2012 ('Between weeks 19 and 23, health authorities have reported 136 cases including 10 deaths'); edition #21 of 17 July 2012 ('At total of 242 cases, 14 deaths were registered so far', seven health districts, Adiake 158 cases/10 deaths, Aboisso 69 cases/3 deaths, plus Yopougon west and east, Cocody, Bingerville and Abobo); edition #23 of 30 September 2012 ('12 health district...been affected, with a total of Counted 413 cases including 19 deaths'). THE PRIMARY OCHA BULLETINS COULD NOT BE RETRIEVED: reliefweb.int serves its attachments through JavaScript and its API rejects unapproved appnames, and the unocha.org archive does not surface these editions. Registered as Level 4 for that reason, despite the figures being strongly corroborated - the 19 deaths for 2012 match the Ministry of Health RASS figure exactly and the 413 national cases sit close to the WHO GHO value of 424.",2012-05-31 to 2012-09-30,Aggregated Outbreak Compilation,Active,Level 4,Pending,WebSearch: Cote d'Ivoire cholera 2012 UNICEF OCHA sitrep Adiake Aboisso Abidjan cases deaths,English,0,RASS 2010-2012 (2012: 589 suspected / 19 deaths - death count matches exactly); WHO GHO 2012 (424 cases); Africhol Adiake study (161 suspected cases May-Oct 2012),WebSearch: Cote d'Ivoire cholera 2012 UNICEF OCHA sitrep Adiake Aboisso Abidjan cases deaths,AI
71,UNICEF Regional Cholera Platform West and Central Africa - Cholera Factsheet Cote d'Ivoire 2017,https://web.archive.org/web/20230425185700if_/https://plateformecholera.info/sites/default/files/2022-11/Cholera%20Factsheet_Ivory%20Coast_2017_SAM.pdf,"Cholera factsheet for Cote d'Ivoire produced by the Regional Cholera Platform for West and Central Africa (UNICEF-supported), based on national epidemiological surveillance data. Reports 8 424 cases and 304 deaths for 2002-2017 (CFR approx 3.6%) and, in Table I, the epidemiological parameters of cholera epidemics BY ADM1 DISTRICT for 2002-2017: cases/deaths, share of national total, CFR, number of epidemics and mean epidemic duration in weeks. Also states that cholera first appeared in Cote d'Ivoire in 1970, that cross-border epidemics occur between Cote d'Ivoire, Ghana and to a lesser extent Liberia along fishermen's migration routes, and that there is NO seasonal trend to cholera epidemics in Cote d'Ivoire, with cases recorded throughout the year - directly relevant to MOSAIC seasonality assumptions, which currently list a May-July rainy-season expectation for this country.",2002-01-01 to 2017-12-31,Regional Platform Country Factsheet,Active,Level 2,Pending,"WebSearch found the factsheet URL; the live plateformecholera.info endpoint returns HTML instead of the PDF, so it was retrieved through the Internet Archive snapshot of 25 April 2023",French,0,RASS series 2007-2020; WHO CIV epidemiological profile 2010; Zenodo 2002-2013 study (8028 suspected / 297 deaths),"WebSearch found the factsheet URL; the live plateformecholera.info endpoint returns HTML instead of the PDF, so it was retrieved through the Internet Archive snapshot of 25 April 2023",AI
72,WHO Weekly Epidemiological Record 101(38) Cholera Annual Report 2025 (25 September 2026),https://iris.who.int/handle/10665/387694,"WHO annual global cholera report for 2025 published in WER 101(38):221-, 25 Sep 2026. Table 1: Cote d'Ivoire 556 total cases, 0 imported, attack rate 1.7/100000, 24 total deaths, 0 facility deaths. Table 2: all 24 deaths in the community (100%). Table 3: culture/PCR tested 224, confirmed 123 (54.9%). Supersedes provisional WHO multi-country update #33 figure 503/20.",2025-01-01 to 2025-12-31,"Annual national surveillance totals (cases, imported, deaths by place, laboratory testing)",Active,Level 1,Pending,"IRIS DSpace REST search 'Weekly Epidemiological Record, 2026, vol. 101' sorted by date (Batch 1 q1, Agent 1 2026-09-30)",English,0,,"IRIS DSpace REST search 'Weekly Epidemiological Record, 2026, vol. 101' sorted by date (Batch 1 q1, Agent 1 2026-09-30)",AI
73,"Regional Cholera Platform West and Central Africa (UNICEF/OCHA) - Cholera Outbreaks in Central and West Africa: 2012 Regional Update, weekly suspected cases by country (HDX wca_Cases2012)",https://data.humdata.org/dataset/97759b41-ba38-4051-954a-f651cb1ad8d4/resource/aca6aa56-5ecd-4926-9c03-42c3d94ee6ef/download/wca_cases2012_regcholeraplatformwca.xlsx,"HDX workbook (published 2018-04-06) of reported cholera cases by country and epi week W1-W52 of 2012, compiled by the UNICEF/OCHA Regional Cholera Platform WCA. HDX methodology: 'Cases are reported from Weekly Epidemiological Reports of Health Ministries, Bulletins and Sitreps from country offices. Some countries report suspected cases (including Cameroon, Liberia, Sierra Leone, Cote d'Ivoire). Data are retrospectively updated'. CIV row sums to 411 for 2012. No blank/NA cells in the sheet, so a 0 cell cannot prove the country reported that week (COG Agent 7 audit finding); only positive weeks were entered as rows. Cached copy /tmp/civ_a1/wca2012.xlsx.",2012-01-01 to 2012-12-31,Weekly national suspected cholera cases by ISO epi week,Active,Level 2,Pending,"HDX CKAN package_show on WCA regional update datasets first found by the COG run (Batch 1, Agent 1 CIV 2026-09-30)",English,0,,"HDX CKAN package_show on WCA regional update datasets first found by the COG run (Batch 1, Agent 1 CIV 2026-09-30)",AI
74,"Regional Cholera Platform West and Central Africa (UNICEF/OCHA) - Cholera Outbreaks in Central and West Africa: 2013 Regional Update, weekly suspected cases by country (HDX wca_Cases2013)",https://data.humdata.org/dataset/76efa106-bc65-4231-9306-67c0d8c020bd/resource/25058ffa-4b41-4d9a-b442-f7367d8d9920/download/wca_cases2013_regcholeraplatformwca.xlsx,"HDX workbook (published 2018-03-29) of reported cholera cases by country and epi week W1-W52 of 2013, compiled by the UNICEF/OCHA Regional Cholera Platform WCA. HDX methodology: 'Cases are reported from Weekly Epidemiological Reports of Health Ministries, Bulletins and Sitreps from country offices. Some countries report suspected cases (including Cameroon, Liberia, Sierra Leone, Cote d'Ivoire). Data are retrospectively updated'. CIV row sums to 55 for 2013. No blank/NA cells in the sheet, so a 0 cell cannot prove the country reported that week (COG Agent 7 audit finding); only positive weeks were entered as rows. Cached copy /tmp/civ_a1/wca2013.xlsx.",2013-01-01 to 2013-12-31,Weekly national suspected cholera cases by ISO epi week,Active,Level 2,Pending,"HDX CKAN package_show on WCA regional update datasets first found by the COG run (Batch 1, Agent 1 CIV 2026-09-30)",English,0,,"HDX CKAN package_show on WCA regional update datasets first found by the COG run (Batch 1, Agent 1 CIV 2026-09-30)",AI
75,"Regional Cholera Platform West and Central Africa (UNICEF/OCHA) - Cholera Outbreaks in Central and West Africa: 2014 Regional Update, weekly suspected cases by country (HDX wca_Cases2014)",https://data.humdata.org/dataset/0fef9222-0a41-487c-afcd-812544844801/resource/6d5c8f2b-8c28-4ee9-bc1b-9a25309f87cc/download/wca_cases2014_regcholeraplatformwca.xlsx,"HDX workbook (published 2018-03-29) of reported cholera cases by country and epi week W1-W52 of 2014, compiled by the UNICEF/OCHA Regional Cholera Platform WCA. HDX methodology: 'Cases are reported from Weekly Epidemiological Reports of Health Ministries, Bulletins and Sitreps from country offices. Some countries report suspected cases (including Cameroon, Liberia, Sierra Leone, Cote d'Ivoire). Data are retrospectively updated'. CIV row sums to 248 for 2014. No blank/NA cells in the sheet, so a 0 cell cannot prove the country reported that week (COG Agent 7 audit finding); only positive weeks were entered as rows. Cached copy /tmp/civ_a1/wca2014.xlsx.",2014-01-01 to 2014-12-31,Weekly national suspected cholera cases by ISO epi week,Active,Level 2,Pending,"HDX CKAN package_show on WCA regional update datasets first found by the COG run (Batch 1, Agent 1 CIV 2026-09-30)",English,0,,"HDX CKAN package_show on WCA regional update datasets first found by the COG run (Batch 1, Agent 1 CIV 2026-09-30)",AI
76,"Africa CDC Epidemic Intelligence Weekly Report, date of issue 13 September 2026 (file dated 24 September 2026)",https://africacdc.org/download/africa-cdc-epidemic-intelligence-weekly-report-september-2026/?wpdmdl=24035&ind=1790323252278&filename=Africa-CDC-Epidemic-Intelligence_Weekly-Report_24-September-2026.pdf,"Cholera in Africa section (p.9-10): 'Since the beginning of 2026, a total of 119,052 cases ... have been reported from 20 AU MS: Angola ... Zimbabwe' - Cote d'Ivoire NOT among the 20 member states listed (as of 13 Sep 2026). Note: 'In 2025, a total of 323,395 cases ... were reported from 24 AU MS: ... Cote d'Ivoire (556; 24) ...' - corroborates the WHO annual 2025 total. Image-only PDF (pdftotext yields 16 bytes); pages rendered with pdftoppm and read visually. Exclusion from a list is not a positive statement of absence, so no zero row was written for Jul-Sep 2026.",2025-01-01 to 2026-09-13,"Continental event-based surveillance summary (image-only PDF, read from rendered pages)",Active,Level 1,Pending,WebSearch 'Africa CDC weekly epidemic intelligence report September 2026 cholera' + pdftoppm render (Batch 1 q8),English,0,,WebSearch 'Africa CDC weekly epidemic intelligence report September 2026 cholera' + pdftoppm render (Batch 1 q8),AI
77,WHO AFRO Weekly Bulletin on Outbreaks and other Emergencies Week 36 2026 (31 August - 6 September 2026),https://iris.who.int/server/api/core/items/038036bc-878b-4686-b8e2-496b17d105ec,"All-events table lists for Cote d'Ivoire only 'Yellow fever | Ungraded | 1-Jan-26 | 23-Aug-26 | 14 | 14 | 2' (Doropo, Tehini); no cholera event for Cote d'Ivoire, while cholera events are listed for Angola, Burundi, Cameroon, CAR, Chad, Congo, DRC, Mozambique, Namibia, Rwanda, South Africa, South Sudan and others. Exclusion from a table is not a positive statement of absence, so no zero row was written for Jul-Sep 2026; recorded as context for Agents 3 and 6.",2026-01-01 to 2026-09-06,Regional table of all ongoing events (context only; no CIV cholera row),Active,Level 1,Pending,"IRIS DSpace REST search '""Weekly Bulletin on Outbreaks and other Emergencies"" 2026' (Batch 1 q9)",English,0,,"IRIS DSpace REST search '""Weekly Bulletin on Outbreaks and other Emergencies"" 2026' (Batch 1 q9)",AI
78,"WHO Weekly Epidemiological Record 1970 vol. 45 no. 43 (1970-10-23) - Notifications received from 16 to 22 October 1970, p.482",https://iris.who.int/handle/10665/217971,"WER 1970;45(43):482. Cholera - Africa: 'IVORY COAST - COTE D'IVOIRE | 20.X | Dep. du Sud | Bingerville, S. Pref. 1 1'. Weekly quarantinable-disease notification table (cases C / deaths D by locality and period). Scanned issue retrieved via the IRIS DSpace REST API (iris.who.int blocks WebFetch); page rendered with pdftoppm and read visually. Ivory Coast 1970 notifications across WER 45(43), 45(45), 45(47), 45(49): Bingerville 1/1 (20.X), Abidjan 447/25 (21-31.X), 289/11 (1-14.XI), 45/2 (20-30.XI) = 782 cases / 39 deaths; deaths equal the WHO annual 1970 total (868 cases / 39 deaths).",1970-10-20 to 1970-11-30,Weekly IHR cholera notifications by locality,Active,Level 1,Pending,"IRIS DSpace REST: all WER 1970 vol.45 issues downloaded, grep 'Ivory/Abidjan', pages rendered (Batch 1 q10)",English/French,0,,"IRIS DSpace REST: all WER 1970 vol.45 issues downloaded, grep 'Ivory/Abidjan', pages rendered (Batch 1 q10)",AI
79,"WHO Weekly Epidemiological Record 1970 vol. 45 no. 45 (1970-11-06) - Notifications received from 30 October to 5 November 1970, p.506",https://iris.who.int/handle/10665/218000,"WER 1970;45(45):506. Cholera - Africa: 'IVORY COAST COTE D'IVOIRE | 21-31.X | Abidjan (excl. PA) 447 25'. Weekly quarantinable-disease notification table (cases C / deaths D by locality and period). Scanned issue retrieved via the IRIS DSpace REST API (iris.who.int blocks WebFetch); page rendered with pdftoppm and read visually. Ivory Coast 1970 notifications across WER 45(43), 45(45), 45(47), 45(49): Bingerville 1/1 (20.X), Abidjan 447/25 (21-31.X), 289/11 (1-14.XI), 45/2 (20-30.XI) = 782 cases / 39 deaths; deaths equal the WHO annual 1970 total (868 cases / 39 deaths).",1970-10-20 to 1970-11-30,Weekly IHR cholera notifications by locality,Active,Level 1,Pending,"IRIS DSpace REST: all WER 1970 vol.45 issues downloaded, grep 'Ivory/Abidjan', pages rendered (Batch 1 q10)",English/French,0,,"IRIS DSpace REST: all WER 1970 vol.45 issues downloaded, grep 'Ivory/Abidjan', pages rendered (Batch 1 q10)",AI
80,"WHO Weekly Epidemiological Record 1970 vol. 45 no. 47 (1970-11-20) - Notifications received from 13 to 19 November 1970, p.526",https://iris.who.int/handle/10665/218025,"WER 1970;45(47):526. Cholera - Africa: 'IVORY COAST - COTE D'IVOIRE | 1-14.XI | Abidjan (excl. PA) 289 11'. Weekly quarantinable-disease notification table (cases C / deaths D by locality and period). Scanned issue retrieved via the IRIS DSpace REST API (iris.who.int blocks WebFetch); page rendered with pdftoppm and read visually. Ivory Coast 1970 notifications across WER 45(43), 45(45), 45(47), 45(49): Bingerville 1/1 (20.X), Abidjan 447/25 (21-31.X), 289/11 (1-14.XI), 45/2 (20-30.XI) = 782 cases / 39 deaths; deaths equal the WHO annual 1970 total (868 cases / 39 deaths).",1970-10-20 to 1970-11-30,Weekly IHR cholera notifications by locality,Active,Level 1,Pending,"IRIS DSpace REST: all WER 1970 vol.45 issues downloaded, grep 'Ivory/Abidjan', pages rendered (Batch 1 q10)",English/French,0,,"IRIS DSpace REST: all WER 1970 vol.45 issues downloaded, grep 'Ivory/Abidjan', pages rendered (Batch 1 q10)",AI
81,"WHO Weekly Epidemiological Record 1970 vol. 45 no. 49 (1970-12-04) - Notifications received from 27 November to 3 December 1970, p.547",https://iris.who.int/handle/10665/218045,"WER 1970;45(49):547. Cholera - Africa: 'IVORY COAST - COTE D'IVOIRE | 20-30.XI | Abidjan (excl. PA) 45 2'. Weekly quarantinable-disease notification table (cases C / deaths D by locality and period). Scanned issue retrieved via the IRIS DSpace REST API (iris.who.int blocks WebFetch); page rendered with pdftoppm and read visually. Ivory Coast 1970 notifications across WER 45(43), 45(45), 45(47), 45(49): Bingerville 1/1 (20.X), Abidjan 447/25 (21-31.X), 289/11 (1-14.XI), 45/2 (20-30.XI) = 782 cases / 39 deaths; deaths equal the WHO annual 1970 total (868 cases / 39 deaths).",1970-10-20 to 1970-11-30,Weekly IHR cholera notifications by locality,Active,Level 1,Pending,"IRIS DSpace REST: all WER 1970 vol.45 issues downloaded, grep 'Ivory/Abidjan', pages rendered (Batch 1 q10)",English/French,0,,"IRIS DSpace REST: all WER 1970 vol.45 issues downloaded, grep 'Ivory/Abidjan', pages rendered (Batch 1 q10)",AI
82,"WHO Weekly Epidemiological Record 1971 vol. 46 no. 01-02 - Notifications received 24 December 1970 to 7 January 1971, p.9",https://iris.who.int/handle/10665/218102,"WER 1971;46(01-02):9 (issue date 1971-01-08, inferred as the Friday after the notification window). Cholera - Africa: 'IVORY COAST (Cholera El Tor) | Abidjan (excl PA) | 1-6 XII 5 0 | 7-13 XII 12 0 | 14-20 XII 20 0 | 21-27 XII 9 0'. Scanned issue retrieved via the IRIS DSpace REST API; page rendered with pdftoppm and read visually. Ivory Coast 1971 WHO notifications (all read from rendered pages): Jan 94 (Abidjan 29/0, Abengourou 4, Adiake 49, Dabou 12, Tiassale 0/0), Feb 97 (Abidjan 27/1, Abengourou 0/0, Adiake 58, Dabou 10, Tiassale 2), Mar 172 (Abidjan 59/2, Dimbokro 9, Adiake 73, Dabou 26, Grand-Lahou 0/0, Tiassale 5), Apr 149 (Abidjan 79, Dimbokro 11, Adiake 38, Dabou 16, Grand-Lahou 5, Tiassale 0/0) [WER 46(22) p.221], May 53s/1s [p.243], Jun 55s/0 [p.290], Jul 2/2 [p.362], Aug 4/1 + 35s/0 [p.390], Sep 7/2 [p.450]. Jan-Sep sum = 668 cases / 9 deaths, EXACTLY the WHO annual 1971 total (JHU/WHO AFR::CIV 1971 668/9), so the monthly series is complete and nothing was notified for Oct-Dec 1971; Abidjan was removed from the WHO infected-area list in WER 46(47) p.484 (Nov 1971).",1970-12-01 to 1970-12-27,IHR cholera notifications (monthly/weekly by locality),Active,Level 1,Pending,"IRIS DSpace REST: all WER 1971 vol.46 issues downloaded; quarterly country indexes (pp. 9, 95, 211, 221, 243, 290, 362, 390) followed; pages rendered (Batch 1 q11)",English/French,0,,"IRIS DSpace REST: all WER 1971 vol.46 issues downloaded; quarterly country indexes (pp. 9, 95, 211, 221, 243, 290, 362, 390) followed; pages rendered (Batch 1 q11)",AI
83,"WHO Weekly Epidemiological Record 1971 vol. 46 no. 10 - Notifications received 26 February to 4 March 1971, p.95",https://iris.who.int/handle/10665/218191,"WER 1971;46(10):95 (issue date 1971-03-05, inferred as the Friday after the notification window). Cholera - Africa: 'IVORY COAST | 1-22.I | Abidjan (excl PA) 9 0 | Department du Sud, Sous-Prefectures Agboville, Bingerville, Dabou, Jacqueville 11 0 (preliminary, superseded by p.221)'. Scanned issue retrieved via the IRIS DSpace REST API; page rendered with pdftoppm and read visually. Ivory Coast 1971 WHO notifications (all read from rendered pages): Jan 94 (Abidjan 29/0, Abengourou 4, Adiake 49, Dabou 12, Tiassale 0/0), Feb 97 (Abidjan 27/1, Abengourou 0/0, Adiake 58, Dabou 10, Tiassale 2), Mar 172 (Abidjan 59/2, Dimbokro 9, Adiake 73, Dabou 26, Grand-Lahou 0/0, Tiassale 5), Apr 149 (Abidjan 79, Dimbokro 11, Adiake 38, Dabou 16, Grand-Lahou 5, Tiassale 0/0) [WER 46(22) p.221], May 53s/1s [p.243], Jun 55s/0 [p.290], Jul 2/2 [p.362], Aug 4/1 + 35s/0 [p.390], Sep 7/2 [p.450]. Jan-Sep sum = 668 cases / 9 deaths, EXACTLY the WHO annual 1971 total (JHU/WHO AFR::CIV 1971 668/9), so the monthly series is complete and nothing was notified for Oct-Dec 1971; Abidjan was removed from the WHO infected-area list in WER 46(47) p.484 (Nov 1971).",1971-01-01 to 1971-01-22,IHR cholera notifications (monthly/weekly by locality),Active,Level 1,Pending,"IRIS DSpace REST: all WER 1971 vol.46 issues downloaded; quarterly country indexes (pp. 9, 95, 211, 221, 243, 290, 362, 390) followed; pages rendered (Batch 1 q11)",English/French,0,,"IRIS DSpace REST: all WER 1971 vol.46 issues downloaded; quarterly country indexes (pp. 9, 95, 211, 221, 243, 290, 362, 390) followed; pages rendered (Batch 1 q11)",AI
84,"WHO Weekly Epidemiological Record 1971 vol. 46 no. 21 - Notifications received 14 to 19 May 1971, p.211",https://iris.who.int/handle/10665/218336,"WER 1971;46(21):211 (issue date 1971-05-21, inferred as the Friday after the notification window). Cholera - Africa: 'IVORY COAST | 1-31.I 29 0 | 1-28.II 27 1 | 1-31.III 46 2 (Abidjan figures per footnote on p.221; March revised to 59/2 on p.221)'. Scanned issue retrieved via the IRIS DSpace REST API; page rendered with pdftoppm and read visually. Ivory Coast 1971 WHO notifications (all read from rendered pages): Jan 94 (Abidjan 29/0, Abengourou 4, Adiake 49, Dabou 12, Tiassale 0/0), Feb 97 (Abidjan 27/1, Abengourou 0/0, Adiake 58, Dabou 10, Tiassale 2), Mar 172 (Abidjan 59/2, Dimbokro 9, Adiake 73, Dabou 26, Grand-Lahou 0/0, Tiassale 5), Apr 149 (Abidjan 79, Dimbokro 11, Adiake 38, Dabou 16, Grand-Lahou 5, Tiassale 0/0) [WER 46(22) p.221], May 53s/1s [p.243], Jun 55s/0 [p.290], Jul 2/2 [p.362], Aug 4/1 + 35s/0 [p.390], Sep 7/2 [p.450]. Jan-Sep sum = 668 cases / 9 deaths, EXACTLY the WHO annual 1971 total (JHU/WHO AFR::CIV 1971 668/9), so the monthly series is complete and nothing was notified for Oct-Dec 1971; Abidjan was removed from the WHO infected-area list in WER 46(47) p.484 (Nov 1971).",1971-01-01 to 1971-03-31,IHR cholera notifications (monthly/weekly by locality),Active,Level 1,Pending,"IRIS DSpace REST: all WER 1971 vol.46 issues downloaded; quarterly country indexes (pp. 9, 95, 211, 221, 243, 290, 362, 390) followed; pages rendered (Batch 1 q11)",English/French,0,,"IRIS DSpace REST: all WER 1971 vol.46 issues downloaded; quarterly country indexes (pp. 9, 95, 211, 221, 243, 290, 362, 390) followed; pages rendered (Batch 1 q11)",AI
85,"WHO Weekly Epidemiological Record 1971 vol. 46 no. 22 - Notifications received 20 to 26 May 1971, p.221",https://iris.who.int/handle/10665/218346,"WER 1971;46(22):221 (issue date 1971-05-28, inferred as the Friday after the notification window). Cholera - Africa: 'IVORY COAST (Cholera El Tor): monthly cases/deaths Jan-Apr 1971 by locality - Abidjan Cap (PA), Abengourou S.Pref (Dep. de l'Est), Adiake, Dabou, Tiassale, Grand-Lahou S.Pref (Dep. du Sud), Dimbokro S.Pref (Dep. du Centre)'. Scanned issue retrieved via the IRIS DSpace REST API; page rendered with pdftoppm and read visually. Ivory Coast 1971 WHO notifications (all read from rendered pages): Jan 94 (Abidjan 29/0, Abengourou 4, Adiake 49, Dabou 12, Tiassale 0/0), Feb 97 (Abidjan 27/1, Abengourou 0/0, Adiake 58, Dabou 10, Tiassale 2), Mar 172 (Abidjan 59/2, Dimbokro 9, Adiake 73, Dabou 26, Grand-Lahou 0/0, Tiassale 5), Apr 149 (Abidjan 79, Dimbokro 11, Adiake 38, Dabou 16, Grand-Lahou 5, Tiassale 0/0) [WER 46(22) p.221], May 53s/1s [p.243], Jun 55s/0 [p.290], Jul 2/2 [p.362], Aug 4/1 + 35s/0 [p.390], Sep 7/2 [p.450]. Jan-Sep sum = 668 cases / 9 deaths, EXACTLY the WHO annual 1971 total (JHU/WHO AFR::CIV 1971 668/9), so the monthly series is complete and nothing was notified for Oct-Dec 1971; Abidjan was removed from the WHO infected-area list in WER 46(47) p.484 (Nov 1971).",1971-01-01 to 1971-04-30,IHR cholera notifications (monthly/weekly by locality),Active,Level 1,Pending,"IRIS DSpace REST: all WER 1971 vol.46 issues downloaded; quarterly country indexes (pp. 9, 95, 211, 221, 243, 290, 362, 390) followed; pages rendered (Batch 1 q11)",English/French,0,,"IRIS DSpace REST: all WER 1971 vol.46 issues downloaded; quarterly country indexes (pp. 9, 95, 211, 221, 243, 290, 362, 390) followed; pages rendered (Batch 1 q11)",AI
86,"WHO Weekly Epidemiological Record 1971 vol. 46 no. 24 - Notifications received 4 to 10 June 1971, p.243",https://iris.who.int/handle/10665/218369,"WER 1971;46(24):243 (issue date 1971-06-11, inferred as the Friday after the notification window). Cholera - Africa: 'IVORY COAST | 1-31.V | 53s 1s'. Scanned issue retrieved via the IRIS DSpace REST API; page rendered with pdftoppm and read visually. Ivory Coast 1971 WHO notifications (all read from rendered pages): Jan 94 (Abidjan 29/0, Abengourou 4, Adiake 49, Dabou 12, Tiassale 0/0), Feb 97 (Abidjan 27/1, Abengourou 0/0, Adiake 58, Dabou 10, Tiassale 2), Mar 172 (Abidjan 59/2, Dimbokro 9, Adiake 73, Dabou 26, Grand-Lahou 0/0, Tiassale 5), Apr 149 (Abidjan 79, Dimbokro 11, Adiake 38, Dabou 16, Grand-Lahou 5, Tiassale 0/0) [WER 46(22) p.221], May 53s/1s [p.243], Jun 55s/0 [p.290], Jul 2/2 [p.362], Aug 4/1 + 35s/0 [p.390], Sep 7/2 [p.450]. Jan-Sep sum = 668 cases / 9 deaths, EXACTLY the WHO annual 1971 total (JHU/WHO AFR::CIV 1971 668/9), so the monthly series is complete and nothing was notified for Oct-Dec 1971; Abidjan was removed from the WHO infected-area list in WER 46(47) p.484 (Nov 1971).",1971-05-01 to 1971-05-31,IHR cholera notifications (monthly/weekly by locality),Active,Level 1,Pending,"IRIS DSpace REST: all WER 1971 vol.46 issues downloaded; quarterly country indexes (pp. 9, 95, 211, 221, 243, 290, 362, 390) followed; pages rendered (Batch 1 q11)",English/French,0,,"IRIS DSpace REST: all WER 1971 vol.46 issues downloaded; quarterly country indexes (pp. 9, 95, 211, 221, 243, 290, 362, 390) followed; pages rendered (Batch 1 q11)",AI
87,"WHO Weekly Epidemiological Record 1971 vol. 46 no. 29 - Notifications received 9 to 15 July 1971, p.290",https://iris.who.int/handle/10665/218422,"WER 1971;46(29):290 (issue date 1971-07-16, inferred as the Friday after the notification window). Cholera - Africa: 'IVORY COAST | 1-30 VI | 55s 0'. Scanned issue retrieved via the IRIS DSpace REST API; page rendered with pdftoppm and read visually. Ivory Coast 1971 WHO notifications (all read from rendered pages): Jan 94 (Abidjan 29/0, Abengourou 4, Adiake 49, Dabou 12, Tiassale 0/0), Feb 97 (Abidjan 27/1, Abengourou 0/0, Adiake 58, Dabou 10, Tiassale 2), Mar 172 (Abidjan 59/2, Dimbokro 9, Adiake 73, Dabou 26, Grand-Lahou 0/0, Tiassale 5), Apr 149 (Abidjan 79, Dimbokro 11, Adiake 38, Dabou 16, Grand-Lahou 5, Tiassale 0/0) [WER 46(22) p.221], May 53s/1s [p.243], Jun 55s/0 [p.290], Jul 2/2 [p.362], Aug 4/1 + 35s/0 [p.390], Sep 7/2 [p.450]. Jan-Sep sum = 668 cases / 9 deaths, EXACTLY the WHO annual 1971 total (JHU/WHO AFR::CIV 1971 668/9), so the monthly series is complete and nothing was notified for Oct-Dec 1971; Abidjan was removed from the WHO infected-area list in WER 46(47) p.484 (Nov 1971).",1971-06-01 to 1971-06-30,IHR cholera notifications (monthly/weekly by locality),Active,Level 1,Pending,"IRIS DSpace REST: all WER 1971 vol.46 issues downloaded; quarterly country indexes (pp. 9, 95, 211, 221, 243, 290, 362, 390) followed; pages rendered (Batch 1 q11)",English/French,0,,"IRIS DSpace REST: all WER 1971 vol.46 issues downloaded; quarterly country indexes (pp. 9, 95, 211, 221, 243, 290, 362, 390) followed; pages rendered (Batch 1 q11)",AI
88,"WHO Weekly Epidemiological Record 1971 vol. 46 no. 34 - Notifications received 13 to 19 August 1971, p.362",https://iris.who.int/handle/10665/218476,"WER 1971;46(34):362 (issue date 1971-08-20, inferred as the Friday after the notification window). Cholera - Africa: 'IVORY COAST | 1-31 VII | 2 2'. Scanned issue retrieved via the IRIS DSpace REST API; page rendered with pdftoppm and read visually. Ivory Coast 1971 WHO notifications (all read from rendered pages): Jan 94 (Abidjan 29/0, Abengourou 4, Adiake 49, Dabou 12, Tiassale 0/0), Feb 97 (Abidjan 27/1, Abengourou 0/0, Adiake 58, Dabou 10, Tiassale 2), Mar 172 (Abidjan 59/2, Dimbokro 9, Adiake 73, Dabou 26, Grand-Lahou 0/0, Tiassale 5), Apr 149 (Abidjan 79, Dimbokro 11, Adiake 38, Dabou 16, Grand-Lahou 5, Tiassale 0/0) [WER 46(22) p.221], May 53s/1s [p.243], Jun 55s/0 [p.290], Jul 2/2 [p.362], Aug 4/1 + 35s/0 [p.390], Sep 7/2 [p.450]. Jan-Sep sum = 668 cases / 9 deaths, EXACTLY the WHO annual 1971 total (JHU/WHO AFR::CIV 1971 668/9), so the monthly series is complete and nothing was notified for Oct-Dec 1971; Abidjan was removed from the WHO infected-area list in WER 46(47) p.484 (Nov 1971).",1971-07-01 to 1971-07-31,IHR cholera notifications (monthly/weekly by locality),Active,Level 1,Pending,"IRIS DSpace REST: all WER 1971 vol.46 issues downloaded; quarterly country indexes (pp. 9, 95, 211, 221, 243, 290, 362, 390) followed; pages rendered (Batch 1 q11)",English/French,0,,"IRIS DSpace REST: all WER 1971 vol.46 issues downloaded; quarterly country indexes (pp. 9, 95, 211, 221, 243, 290, 362, 390) followed; pages rendered (Batch 1 q11)",AI
89,"WHO Weekly Epidemiological Record 1971 vol. 46 no. 37 - Notifications received 3 to 8 September 1971, p.390",https://iris.who.int/handle/10665/218507,"WER 1971;46(37):390 (issue date 1971-09-10, inferred as the Friday after the notification window). Cholera - Africa: 'IVORY COAST | 1-31 VIII | 4 1 | 35s 0'. Scanned issue retrieved via the IRIS DSpace REST API; page rendered with pdftoppm and read visually. Ivory Coast 1971 WHO notifications (all read from rendered pages): Jan 94 (Abidjan 29/0, Abengourou 4, Adiake 49, Dabou 12, Tiassale 0/0), Feb 97 (Abidjan 27/1, Abengourou 0/0, Adiake 58, Dabou 10, Tiassale 2), Mar 172 (Abidjan 59/2, Dimbokro 9, Adiake 73, Dabou 26, Grand-Lahou 0/0, Tiassale 5), Apr 149 (Abidjan 79, Dimbokro 11, Adiake 38, Dabou 16, Grand-Lahou 5, Tiassale 0/0) [WER 46(22) p.221], May 53s/1s [p.243], Jun 55s/0 [p.290], Jul 2/2 [p.362], Aug 4/1 + 35s/0 [p.390], Sep 7/2 [p.450]. Jan-Sep sum = 668 cases / 9 deaths, EXACTLY the WHO annual 1971 total (JHU/WHO AFR::CIV 1971 668/9), so the monthly series is complete and nothing was notified for Oct-Dec 1971; Abidjan was removed from the WHO infected-area list in WER 46(47) p.484 (Nov 1971).",1971-08-01 to 1971-08-31,IHR cholera notifications (monthly/weekly by locality),Active,Level 1,Pending,"IRIS DSpace REST: all WER 1971 vol.46 issues downloaded; quarterly country indexes (pp. 9, 95, 211, 221, 243, 290, 362, 390) followed; pages rendered (Batch 1 q11)",English/French,0,,"IRIS DSpace REST: all WER 1971 vol.46 issues downloaded; quarterly country indexes (pp. 9, 95, 211, 221, 243, 290, 362, 390) followed; pages rendered (Batch 1 q11)",AI
90,"WHO Weekly Epidemiological Record 1971 vol. 46 no. 43 - Notifications received 15 to 21 October 1971, p.450",https://iris.who.int/handle/10665/218569,"WER 1971;46(43):450 (issue date 1971-10-22, inferred as the Friday after the notification window). Cholera - Africa: 'IVORY COAST | 1-30 IX | 7 2'. Scanned issue retrieved via the IRIS DSpace REST API; page rendered with pdftoppm and read visually. Ivory Coast 1971 WHO notifications (all read from rendered pages): Jan 94 (Abidjan 29/0, Abengourou 4, Adiake 49, Dabou 12, Tiassale 0/0), Feb 97 (Abidjan 27/1, Abengourou 0/0, Adiake 58, Dabou 10, Tiassale 2), Mar 172 (Abidjan 59/2, Dimbokro 9, Adiake 73, Dabou 26, Grand-Lahou 0/0, Tiassale 5), Apr 149 (Abidjan 79, Dimbokro 11, Adiake 38, Dabou 16, Grand-Lahou 5, Tiassale 0/0) [WER 46(22) p.221], May 53s/1s [p.243], Jun 55s/0 [p.290], Jul 2/2 [p.362], Aug 4/1 + 35s/0 [p.390], Sep 7/2 [p.450]. Jan-Sep sum = 668 cases / 9 deaths, EXACTLY the WHO annual 1971 total (JHU/WHO AFR::CIV 1971 668/9), so the monthly series is complete and nothing was notified for Oct-Dec 1971; Abidjan was removed from the WHO infected-area list in WER 46(47) p.484 (Nov 1971).",1971-09-01 to 1971-09-30,IHR cholera notifications (monthly/weekly by locality),Active,Level 1,Pending,"IRIS DSpace REST: all WER 1971 vol.46 issues downloaded; quarterly country indexes (pp. 9, 95, 211, 221, 243, 290, 362, 390) followed; pages rendered (Batch 1 q11)",English/French,0,,"IRIS DSpace REST: all WER 1971 vol.46 issues downloaded; quarterly country indexes (pp. 9, 95, 211, 221, 243, 290, 362, 390) followed; pages rendered (Batch 1 q11)",AI
91,"WHO Weekly Epidemiological Record 1971 vol. 46 no. 47 - Notifications received (Areas removed from the infected area list, Nov 1971), p.484",https://iris.who.int/handle/10665/218608,"WER 1971;46(47):484 (issue date 1971-11-26, inferred as the Friday after the notification window). Cholera - Africa: 'Areas Removed from the Infected Area List - CHOLERA - IVORY COAST: Abidjan, Cap (PA)'. Scanned issue retrieved via the IRIS DSpace REST API; page rendered with pdftoppm and read visually. Ivory Coast 1971 WHO notifications (all read from rendered pages): Jan 94 (Abidjan 29/0, Abengourou 4, Adiake 49, Dabou 12, Tiassale 0/0), Feb 97 (Abidjan 27/1, Abengourou 0/0, Adiake 58, Dabou 10, Tiassale 2), Mar 172 (Abidjan 59/2, Dimbokro 9, Adiake 73, Dabou 26, Grand-Lahou 0/0, Tiassale 5), Apr 149 (Abidjan 79, Dimbokro 11, Adiake 38, Dabou 16, Grand-Lahou 5, Tiassale 0/0) [WER 46(22) p.221], May 53s/1s [p.243], Jun 55s/0 [p.290], Jul 2/2 [p.362], Aug 4/1 + 35s/0 [p.390], Sep 7/2 [p.450]. Jan-Sep sum = 668 cases / 9 deaths, EXACTLY the WHO annual 1971 total (JHU/WHO AFR::CIV 1971 668/9), so the monthly series is complete and nothing was notified for Oct-Dec 1971; Abidjan was removed from the WHO infected-area list in WER 46(47) p.484 (Nov 1971).",1971-11-01 to 1971-11-26,IHR cholera notifications (monthly/weekly by locality),Active,Level 1,Pending,"IRIS DSpace REST: all WER 1971 vol.46 issues downloaded; quarterly country indexes (pp. 9, 95, 211, 221, 243, 290, 362, 390) followed; pages rendered (Batch 1 q11)",English/French,0,,"IRIS DSpace REST: all WER 1971 vol.46 issues downloaded; quarterly country indexes (pp. 9, 95, 211, 221, 243, 290, 362, 390) followed; pages rendered (Batch 1 q11)",AI
92,"WHO Weekly Epidemiological Record 1991 vol. 66 no. 43 (25 October 1991) - Notifications received from 18 to 24 October 1991, p.320",https://iris.who.int/handle/10665/228179,"WER 1991;66(43):320. Diseases subject to the Regulations - Cholera - Africa: 'Cote d'Ivoire 3.X [footnote 1: Date of notification] 604 116'. Other West African notifications in the same table: Benin 355/15 (15.VIII-30.IX), Ghana 1175/72 (20.IX-10.X), Liberia 64/14, Togo 1714/51 (1.VIII-30.IX). The CIV figure equals the WHO annual 1991 total (604/116), so the whole 1991 epidemic was notified by 3 Oct 1991. The WER 1991 annual index lists p.320 as the only Cote d'Ivoire cholera notification page of 1991. Page rendered from the IRIS PDF and read visually.",1991-01-01 to 1991-10-03,"IHR cholera notification (cumulative, by date of notification)",Active,Level 1,Pending,"IRIS DSpace REST: all WER 1991 vol.66 issues downloaded, grep + annual country index (Batch 1 q12)",English/French,0,,"IRIS DSpace REST: all WER 1991 vol.66 issues downloaded, grep + annual country index (Batch 1 q12)",AI
93,"WHO Weekly Epidemiological Record 1993 vol. 68 no. 46 (12 November 1993) - Notifications received from 5 to 11 November 1993, p.344",https://iris.who.int/handle/10665/228884,"WER 1993;68(46):344. Diseases subject to the Regulations - Cholera - Africa: 'Cote d'Ivoire ..-14.X 689 27' (cumulative to 14 Oct 1993). Same table: Djibouti 323 (7-14.X), Rwanda 58/5. The WER 1993 annual index lists p.344 as the only Cote d'Ivoire cholera notification page of 1993. WHO annual 1993 total 724/42, so ~35 cases / 15 deaths were notified after 14 Oct 1993. Page rendered from the IRIS PDF and read visually.",1993-01-01 to 1993-10-14,IHR cholera notification (cumulative to date),Active,Level 1,Pending,"IRIS DSpace REST: all WER 1993 vol.68 issues downloaded, annual country index -> p.344 (Batch 1 q13)",English/French,0,,"IRIS DSpace REST: all WER 1993 vol.68 issues downloaded, annual country index -> p.344 (Batch 1 q13)",AI
94,"WHO Weekly Epidemiological Record 1994 vol. 69 no. 10 (11 March 1994) - Notifications received from 4 to 10 March 1994, p.76",https://iris.who.int/handle/10665/228996,"WER 1994;69(10):76. Diseases subject to the Regulations - Cholera - Africa: 'Cote d'Ivoire 15.X-31.XII.93 ... 35' (deaths not printed). Same table: Nigeria ..-11.XI.93 225/0, Somalia 15.II-2.III 417/122. WER 1994 annual index lists Cote d'Ivoire cholera notifications on pp. 76, 236, 260 only. WHO annual totals: 1993 = 724/42, 1994 = 1108/55 (WER 'Cholera in 1994'). Page rendered from the IRIS PDF and read visually.",1993-10-15 to 1993-12-31,IHR cholera notification,Active,Level 1,Pending,IRIS DSpace REST: WER 1994 vol.69 issues + annual country index (Batch 1 q14),English/French,0,,IRIS DSpace REST: WER 1994 vol.69 issues + annual country index (Batch 1 q14),AI
95,"WHO Weekly Epidemiological Record 1994 vol. 69 no. 31 (5 August 1994) - Notifications received from 29 July to 4 August 1994, p.236",https://iris.who.int/handle/10665/229131,"WER 1994;69(31):236. Diseases subject to the Regulations - Cholera - Africa: 'Cote d'Ivoire 1.I-30.VI ... 184 ...' (deaths: '...' = data not yet received). Same table: Guinea ...-10.VII 317/14, Uganda 239/8. WER 1994 annual index lists Cote d'Ivoire cholera notifications on pp. 76, 236, 260 only. WHO annual totals: 1993 = 724/42, 1994 = 1108/55 (WER 'Cholera in 1994'). Page rendered from the IRIS PDF and read visually.",1994-01-01 to 1994-06-30,IHR cholera notification,Active,Level 1,Pending,IRIS DSpace REST: WER 1994 vol.69 issues + annual country index (Batch 1 q14),English/French,0,,IRIS DSpace REST: WER 1994 vol.69 issues + annual country index (Batch 1 q14),AI
96,"WHO Weekly Epidemiological Record 1994 vol. 69 no. 34 (26 August 1994) - Notifications received from 19 to 25 August 1994, p.260",https://iris.who.int/handle/10665/229155,"WER 1994;69(34):260. Diseases subject to the Regulations - Cholera - Africa: 'Cote d'Ivoire 12-19.VIII ... 924 55'. Same table: Benin 12-19.VIII 4/0, Cameroon 1.I-19.VIII 221/20, Guinea 12-19.VIII 3085/16. WER 1994 annual index lists Cote d'Ivoire cholera notifications on pp. 76, 236, 260 only. WHO annual totals: 1993 = 724/42, 1994 = 1108/55 (WER 'Cholera in 1994'). Page rendered from the IRIS PDF and read visually.",1994-08-12 to 1994-08-19,IHR cholera notification,Active,Level 1,Pending,IRIS DSpace REST: WER 1994 vol.69 issues + annual country index (Batch 1 q14),English/French,0,,IRIS DSpace REST: WER 1994 vol.69 issues + annual country index (Batch 1 q14),AI
97,"WHO Weekly Epidemiological Record 1995 vol. 70 no. 31 (4 August 1995) - Diseases subject to the Regulations, notifications 28 July to 3 August 1995, p.228",https://iris.who.int/handle/10665/229489,WER 1995;70(31):228. Cholera - Africa: 'Cote d'Ivoire ...-30.VI 31 12'. Cote d'Ivoire 1995 WHO notifications (pages rendered from IRIS PDFs and read visually): ..-30.VI 31/12 [70(31) p.228]; 18-24.IX 174/7 [70(40) p.288]; -29.IX 645/109 [70(45) p.324]; 15.X-5.XI 1128/65 [70(47) p.340]; 6-12.XI 916/14 [70(48) p.344]. WHO annual 1995 total 4993/184 (WER 'Cholera in 1995'); WHO DON 22 Jan 1996 gives 2027 cases / 150 deaths for 18 Sep-12 Nov 1995 (Index 1). Infected-area list WER 70(48) names Departement du Centre (Bouake District) and Departement du Sud (Tabou District).,1995-01-01 to 1995-06-30,IHR cholera notification,Active,Level 1,Pending,IRIS DSpace REST: WER 1995 vol.70 issues 26-52 downloaded; notification pages with 'Ivoire' rendered (Batch 1 q15),English/French,0,,IRIS DSpace REST: WER 1995 vol.70 issues 26-52 downloaded; notification pages with 'Ivoire' rendered (Batch 1 q15),AI
98,"WHO Weekly Epidemiological Record 1995 vol. 70 no. 40 (6 October 1995) - Diseases subject to the Regulations, notifications (week of 6 October 1995), p.288",https://iris.who.int/handle/10665/229556,WER 1995;70(40):288. Cholera - Africa: 'Cote d'Ivoire 18-24.IX 174 7'. Cote d'Ivoire 1995 WHO notifications (pages rendered from IRIS PDFs and read visually): ..-30.VI 31/12 [70(31) p.228]; 18-24.IX 174/7 [70(40) p.288]; -29.IX 645/109 [70(45) p.324]; 15.X-5.XI 1128/65 [70(47) p.340]; 6-12.XI 916/14 [70(48) p.344]. WHO annual 1995 total 4993/184 (WER 'Cholera in 1995'); WHO DON 22 Jan 1996 gives 2027 cases / 150 deaths for 18 Sep-12 Nov 1995 (Index 1). Infected-area list WER 70(48) names Departement du Centre (Bouake District) and Departement du Sud (Tabou District).,1995-09-18 to 1995-09-24,IHR cholera notification,Active,Level 1,Pending,IRIS DSpace REST: WER 1995 vol.70 issues 26-52 downloaded; notification pages with 'Ivoire' rendered (Batch 1 q15),English/French,0,,IRIS DSpace REST: WER 1995 vol.70 issues 26-52 downloaded; notification pages with 'Ivoire' rendered (Batch 1 q15),AI
99,"WHO Weekly Epidemiological Record 1995 vol. 70 no. 45 (10 November 1995) - Diseases subject to the Regulations, notifications (week of 10 November 1995), p.324",https://iris.who.int/handle/10665/229595,WER 1995;70(45):324. Cholera - Africa: 'Cote d'Ivoire -29.IX 645 109'. Cote d'Ivoire 1995 WHO notifications (pages rendered from IRIS PDFs and read visually): ..-30.VI 31/12 [70(31) p.228]; 18-24.IX 174/7 [70(40) p.288]; -29.IX 645/109 [70(45) p.324]; 15.X-5.XI 1128/65 [70(47) p.340]; 6-12.XI 916/14 [70(48) p.344]. WHO annual 1995 total 4993/184 (WER 'Cholera in 1995'); WHO DON 22 Jan 1996 gives 2027 cases / 150 deaths for 18 Sep-12 Nov 1995 (Index 1). Infected-area list WER 70(48) names Departement du Centre (Bouake District) and Departement du Sud (Tabou District).,1995-01-01 to 1995-09-29,IHR cholera notification,Active,Level 1,Pending,IRIS DSpace REST: WER 1995 vol.70 issues 26-52 downloaded; notification pages with 'Ivoire' rendered (Batch 1 q15),English/French,0,,IRIS DSpace REST: WER 1995 vol.70 issues 26-52 downloaded; notification pages with 'Ivoire' rendered (Batch 1 q15),AI
100,"WHO Weekly Epidemiological Record 1995 vol. 70 no. 47 (24 November 1995) - Diseases subject to the Regulations, notifications (week of 24 November 1995), p.340",https://iris.who.int/handle/10665/229610,WER 1995;70(47):340. Cholera - Africa: 'Cote d'Ivoire 15.X-5.XI 1 128 65'. Cote d'Ivoire 1995 WHO notifications (pages rendered from IRIS PDFs and read visually): ..-30.VI 31/12 [70(31) p.228]; 18-24.IX 174/7 [70(40) p.288]; -29.IX 645/109 [70(45) p.324]; 15.X-5.XI 1128/65 [70(47) p.340]; 6-12.XI 916/14 [70(48) p.344]. WHO annual 1995 total 4993/184 (WER 'Cholera in 1995'); WHO DON 22 Jan 1996 gives 2027 cases / 150 deaths for 18 Sep-12 Nov 1995 (Index 1). Infected-area list WER 70(48) names Departement du Centre (Bouake District) and Departement du Sud (Tabou District).,1995-10-15 to 1995-11-05,IHR cholera notification,Active,Level 1,Pending,IRIS DSpace REST: WER 1995 vol.70 issues 26-52 downloaded; notification pages with 'Ivoire' rendered (Batch 1 q15),English/French,0,,IRIS DSpace REST: WER 1995 vol.70 issues 26-52 downloaded; notification pages with 'Ivoire' rendered (Batch 1 q15),AI
101,"WHO Weekly Epidemiological Record 1995 vol. 70 no. 48 (1 December 1995) - Diseases subject to the Regulations, notifications (week of 1 December 1995), p.344",https://iris.who.int/handle/10665/229615,WER 1995;70(48):344. Cholera - Africa: 'Cote d'Ivoire 6-12.XI 916 14'. Cote d'Ivoire 1995 WHO notifications (pages rendered from IRIS PDFs and read visually): ..-30.VI 31/12 [70(31) p.228]; 18-24.IX 174/7 [70(40) p.288]; -29.IX 645/109 [70(45) p.324]; 15.X-5.XI 1128/65 [70(47) p.340]; 6-12.XI 916/14 [70(48) p.344]. WHO annual 1995 total 4993/184 (WER 'Cholera in 1995'); WHO DON 22 Jan 1996 gives 2027 cases / 150 deaths for 18 Sep-12 Nov 1995 (Index 1). Infected-area list WER 70(48) names Departement du Centre (Bouake District) and Departement du Sud (Tabou District).,1995-11-06 to 1995-11-12,IHR cholera notification,Active,Level 1,Pending,IRIS DSpace REST: WER 1995 vol.70 issues 26-52 downloaded; notification pages with 'Ivoire' rendered (Batch 1 q15),English/French,0,,IRIS DSpace REST: WER 1995 vol.70 issues 26-52 downloaded; notification pages with 'Ivoire' rendered (Batch 1 q15),AI
102,"WHO Weekly Epidemiological Record 1996 vol. 71 no. 2 (12 January 1996) - Diseases subject to the Regulations, p.16",https://iris.who.int/handle/10665/229653,"WER 1996;71(2):16. Cholera - Africa: 'Cote d'Ivoire 13-25.XI 121 15' (same table: Senegal 13.XI-24.XII 1182/40, Burundi ...-8.XII 117/0). Cote d'Ivoire 1995-96 WHO notifications (pages rendered from IRIS PDFs and read visually): 13-25.XI.1995 121/15 [71(2) p.16]; 1-20.I.1996 166/11 [71(9) p.72]; ...-30.VI.1996 1179/11 [71(32) p.244]. The WER 1996 notification pages with 'Ivoire' are only these three. WHO annual totals: 1995 4993/184, 1996 1345/22.",1995-11-13 to 1995-11-25,IHR cholera notification,Active,Level 1,Pending,IRIS DSpace REST: all WER 1996 vol.71 issues; notification pages with Ivoire rendered (Batch 1 q16),English/French,0,,IRIS DSpace REST: all WER 1996 vol.71 issues; notification pages with Ivoire rendered (Batch 1 q16),AI
103,"WHO Weekly Epidemiological Record 1996 vol. 71 no. 9 (1 March 1996) - Diseases subject to the Regulations, p.72",https://iris.who.int/handle/10665/229698,"WER 1996;71(9):72. Cholera - Africa: 'Cote d'Ivoire 1-20.I 166 11' (same table: Mali 25.I-5.II 177/11, Mauritania 1.I-5.II 92/12, Niger 1.I-6.II). Cote d'Ivoire 1995-96 WHO notifications (pages rendered from IRIS PDFs and read visually): 13-25.XI.1995 121/15 [71(2) p.16]; 1-20.I.1996 166/11 [71(9) p.72]; ...-30.VI.1996 1179/11 [71(32) p.244]. The WER 1996 notification pages with 'Ivoire' are only these three. WHO annual totals: 1995 4993/184, 1996 1345/22.",1996-01-01 to 1996-01-20,IHR cholera notification,Active,Level 1,Pending,IRIS DSpace REST: all WER 1996 vol.71 issues; notification pages with Ivoire rendered (Batch 1 q16),English/French,0,,IRIS DSpace REST: all WER 1996 vol.71 issues; notification pages with Ivoire rendered (Batch 1 q16),AI
104,"WHO Weekly Epidemiological Record 1996 vol. 71 no. 32 (9 August 1996) - Diseases subject to the Regulations, p.244",https://iris.who.int/handle/10665/229857,"WER 1996;71(32):244. Cholera - Africa: 'Cote d'Ivoire ...-30.VI 1 179 11' (same table: Chad ...-21.VII 1000/106, Liberia 21.V-7.VII 176/2). Cote d'Ivoire 1995-96 WHO notifications (pages rendered from IRIS PDFs and read visually): 13-25.XI.1995 121/15 [71(2) p.16]; 1-20.I.1996 166/11 [71(9) p.72]; ...-30.VI.1996 1179/11 [71(32) p.244]. The WER 1996 notification pages with 'Ivoire' are only these three. WHO annual totals: 1995 4993/184, 1996 1345/22.",1996-01-01 to 1996-06-30,IHR cholera notification,Active,Level 1,Pending,IRIS DSpace REST: all WER 1996 vol.71 issues; notification pages with Ivoire rendered (Batch 1 q16),English/French,0,,IRIS DSpace REST: all WER 1996 vol.71 issues; notification pages with Ivoire rendered (Batch 1 q16),AI
105,MSF (Medecins Sans Frontieres France) Rapport d'activites 2011 - Cote d'Ivoire section,https://www.msf.fr/sites/default/files/msf_rapport_d_activite_2011_fr_lowres_pdf.pdf,"MSF France 2011 activity report, Cote d'Ivoire (p.42-43): post-electoral crisis response in Abidjan and the west. Port-Bouet general hospital (Abidjan, from June 2011): 'Une unite de traitement du cholera a ete ouverte et 84 cas traites.' A second passage (site not unambiguous in the column layout, probably the west/Duekoue camp context) states 'En juin, face a une recrudescence du cholera, MSF a ouvert une unite de traitement dans cet hopital et dans le camp d'ou venaient la plupart des cas' (no count). pdftotext raw-order extraction.",2011-01-01 to 2011-12-31,NGO operational report (cases treated in MSF cholera treatment units),Active,Level 2,Pending,WebSearch 'MSF Medecins Sans Frontieres Cote d'Ivoire cholera epidemie cas prise en charge 2001 OR 2011 OR 2006 rapport' (Batch 1 q17),French,0,,WebSearch 'MSF Medecins Sans Frontieres Cote d'Ivoire cholera epidemie cas prise en charge 2001 OR 2011 OR 2006 rapport' (Batch 1 q17),AI
106,"Lallie HD, Dago DN, Moroh AJL et al. Epidemiological aspects of cholera in Cote d'Ivoire from 2002 to 2013. Indian J Med Res Pharm Sci 2016;3(10):21-26 (INHP surveillance data)",https://zenodo.org/records/161533,"Retrospective analysis of all suspected and confirmed cholera cases notified to the Institut National d'Hygiene Publique (INHP) 2002-2013: '8028 suspect case of cholera were recorded and 101 cases had been confirmed out of 462 cases sampled'; 'Out of 8 028 notified cases, 297 deaths'; Lagunes 1 44.1% and Lagunes 2 25.3% of cases; July-August peak; weeks 26-36 and 3-8 high. Lallie et al. 2016 Figure 2 (INHP national notifications, suspected cases by year, bar labels): 2002 4290, 2003 1180, 2004 114, 2005 39, 2006 415, 2007 8, 2008 7, 2009 5, 2010 35, 2011 1448, 2012 431, 2013 56 (sum 8028 = the paper's stated total; 101 confirmed of 462 samples; 297 deaths 2002-2013, annual deaths not given). Figures 3-4 are pooled seasonal profiles (not time series). DOI 10.5281/zenodo.161533.",2002-01-01 to 2013-12-31,Retrospective descriptive study of all INHP-notified suspected/confirmed cholera cases (annual national series in Figure 2),Active,Level 2,Pending,WebSearch 'Cote d'Ivoire cholera 2002-2017 aspects epidemiologiques zenodo OR revue ...' (Batch 1 q19),English,0,RASS 2007-2009/2010-2012/2013 (Index 48-50); Annuaire 2001-2006 (Index 58); WHO/JHU annual,WebSearch 'Cote d'Ivoire cholera 2002-2017 aspects epidemiologiques zenodo OR revue ...' (Batch 1 q19),AI
107,Kacou-N'douba A et al. Antimicrobial resistance of Vibrio cholerae O1 isolated during a cholera epidemic in 2011 in dry season in Cote d'Ivoire. J Infect Dev Ctries 2012;6(7):595-597 (Institut Pasteur de Cote d'Ivoire),https://jidc.org/index.php/journal/article/view/22842949,"Institut Pasteur de Cote d'Ivoire / CHU Cocody / CHU Treichville. 'Between January and March 2011, stool specimens and rectal swab samples were collected from patients with acute diarrhea ... Out of 192 samples, 29 (15.1%) were positive for V. cholerae O1. All isolates belonged to the Ogawa serotype.' Also cites earlier IPCI resistance series for isolates of 1991, 1994 and 2006 (ref. 2). DOI 10.3855/jidc.2001.",2011-01-01 to 2011-03-31,Laboratory series (culture-confirmed V. cholerae O1 isolates),Active,Level 1,Pending,WebSearch 'Institut Pasteur Cote d'Ivoire Vibrio cholerae O1 souches isolees Abidjan 2011 2012 2014 resistance ...' (Batch 1 q20),English,0,,WebSearch 'Institut Pasteur Cote d'Ivoire Vibrio cholerae O1 souches isolees Abidjan 2011 2012 2014 resistance ...' (Batch 1 q20),AI
108,"INHP Bulletin Epidemiologique Hebdomadaire 'Le Vigile' N873/2025 semaine 21 (19-25 May 2025), in BSP-CI Vol 03 No 01 (17 Jul 2025)",https://bsp.inspci.org/wp-content/uploads/2025/07/BSP-3-1_17.07.pdf,"Weekly bulletin N873/2025, week 21 of 2025: 'Cholera - Aucun cas suspect de cholera n'a ete notifie au cours de la semaine'; Tableau VII: 'Cholera | Semaine 21: 0 | 2024 S01-S52 mediane 1, maximum 2 | Cumul 2025 S01-S21: 0 | Cumul 2024 S01-S21: 2 | Cumul 2024 S01-S52: 5'. Promptness: '108 districts sur 113 ont transmis a temps leurs donnees au cours de la semaine 21, soit une promptitude de 95,57%'. pdftotext + page image of Tableau VII.",2024-01-01 to 2025-05-25,National weekly epidemiological bulletin (INHP 'Le Vigile') embedded in BSP-CI,Active,Level 1,Pending,bsp.inspci.org uploads 2025/01-12 directory listing -> BSP-3-1 (Batch 2 q2),French,0,,bsp.inspci.org uploads 2025/01-12 directory listing -> BSP-3-1 (Batch 2 q2),AI
109,"INHP Bulletin Epidemiologique Hebdomadaire 'Le Vigile' N881/2025 semaine 29 (14-20 July 2025), in BSP-CI Vol 03 No 02 (August 2025)",https://bsp.inspci.org/wp-content/uploads/2025/08/BSP-3-2_vf.pdf,"Weekly bulletin N881/2025, week 29 of 2025: 'Soixante-huit (68) cas de cholera dont 02 deces ont ete notifies au cours de la semaine 29 par les districts de Port Bouet-Vridi 17c, Yopougon Est 47c et de Jacqueville 4. De S01-S29, 398 cas de cholera ont ete notifies. On deplore 20 deces avec une letalite de 5%.' Tableau VIII: 'Cholera | Semaine 29: 68 | 2024 mediane 1, maximum 2 | Cumul 2025 S01-S29: 398 | Cumul 2024 S01-S29: 2 | Cumul 2024 S01-S52: 5'. Promptness 92.92% (105/113); districts not notifying that week: Adiake, Fresco, Touba, Yopougon Est. Table read from the page image.",2024-01-01 to 2025-07-20,National weekly epidemiological bulletin (INHP 'Le Vigile') embedded in BSP-CI,Active,Level 1,Pending,bsp.inspci.org uploads 2025/08 -> BSP-3-2 (Batch 2 q3),French,0,,bsp.inspci.org uploads 2025/08 -> BSP-3-2 (Batch 2 q3),AI
110,"INHP Bulletins Epidemiologiques Hebdomadaires 'Le Vigile' N836-N840/2024 (weeks 36-40 of 2024), in BSP-CI Vol 02 No 04 (May 2025)",https://bsp.inspci.org/wp-content/uploads/2025/05/BSPCI_2_4_v4.pdf,"Five weekly bulletins, weeks 36-40 of 2024 (2 Sep-6 Oct 2024), each stating 'Aucun cas suspect de cholera n'a ete notifie au cours de la semaine'. N836 (week 36, promptness 92.92%) Tableau VI: 'Cholera | Semaine 36: 0 | 2023 S01-S52 mediane 2, maximum 2 | Cumul 2024 S01-S36: 3 | Cumul 2023 S01-S35: 6 | Cumul 2023 S01-S52: 6'. Table read from the page image.",2023-01-01 to 2024-10-06,National weekly epidemiological bulletin (INHP 'Le Vigile') embedded in BSP-CI,Active,Level 1,Pending,bsp.inspci.org uploads 2025/05 -> BSPCI_2_4_v4 (Batch 2 q4),French,0,,bsp.inspci.org uploads 2025/05 -> BSPCI_2_4_v4 (Batch 2 q4),AI
111,WHO Weekly Epidemiological Record 1992 vol. 67 no. 45 (6 November 1992) - Notifications received from 30 October to 5 November 1992,https://iris.who.int/handle/10665/228529,"WER 1992;67(45). Diseases subject to the Regulations - Cholera - Africa: 'Cote d'Ivoire 1.V-23.X ... 37 7' (same table: Cameroon 1.VII-31.VIII 94/3). The only 1992 WER notification page with a Cote d'Ivoire cholera entry (all 1992 issues scanned). Equals the WHO annual 1992 total (37/7, WER 'Cholera in 1992'). Page rendered and read visually.",1992-05-01 to 1992-10-23,IHR cholera notification,Active,Level 1,Pending,"IRIS DSpace REST: all WER 1992 vol.67 issues, notification pages with Ivoire (Batch 2 q5)",English/French,0,,"IRIS DSpace REST: all WER 1992 vol.67 issues, notification pages with Ivoire (Batch 2 q5)",AI
112,"WHO Weekly Epidemiological Record 1982 vol. 57 no. 34 (27 August 1982) - Notifications received from 20 to 26 August 1982, p.264",https://iris.who.int/handle/10665/224123,"WER 1982;57(34):264. 'CHOLERA - Africa - IVORY COAST - COTE D'IVOIRE 15-31 III 34 0' (same table: Rwanda 6-12.VI 4/0; Tanzania 8-14.VIII 23/1). 'Newly Infected Areas as on 26 August 1982 - CHOLERA - Africa - IVORY COAST - Departement de l'Ouest - Man S. Prefecture'. Equals the WHO annual 1982 total (34/0). Other 1982 Ivory Coast mentions in the WER concern the M'Bahiakro yellow-fever outbreak (57(24) p.188), not cholera. Page rendered and read visually.",1982-03-15 to 1982-08-26,IHR cholera notification + newly infected areas list,Active,Level 1,Pending,"IRIS DSpace REST: all WER 1982 vol.57 issues, pages with 'ivory|ivoire|abidjan' (Batch 2 q7)",English/French,0,,"IRIS DSpace REST: all WER 1982 vol.57 issues, pages with 'ivory|ivoire|abidjan' (Batch 2 q7)",AI
113,WHO Weekly Epidemiological Record 2001 vol. 76 no. 33 (17 August 2001) - International Health Regulations: notifications of diseases received from 10 to 16 August 2001,https://iris.who.int/handle/10665/231604,"Cote d'Ivoire 2001 IHR notifications in WER vol.76 (pages rendered and read visually): 1.I-29.VII 267/22 [76(33)]; 30.VII-19.VIII 630/25 [76(35) p.272]; 1.V-16.IX 2255/128 [76(39)]; 17.IX-13.X 1428/80 [76(44)]. 267+630 = 897 cases and 22+25 = 47 deaths = the WHO DON 17 Sep 2001 figure (Index 49: 897/47 in Abidjan as of 12 Aug). WHO annual 2001 = 5912/305 (so ~2229 cases / 97 deaths notified after 13 Oct). WER 76(40) caveat: 'the increase in the total number of cases since the previous report does not necessarily indicate that the increase occurred during this period. Rather, it is the result of late reporting of data.' The Annuaire des statistiques sanitaires shows 0 for 2001 (routine SNIS did not capture this epidemic).",2001-01-01 to 2001-07-29,IHR cholera notification,Active,Level 1,Pending,"IRIS DSpace REST: all WER 2001 vol.76 issues, grep Cote d Ivoire + cholera, pages rendered (Batch 2 q8)",English/French,0,,"IRIS DSpace REST: all WER 2001 vol.76 issues, grep Cote d Ivoire + cholera, pages rendered (Batch 2 q8)",AI
114,WHO Weekly Epidemiological Record 2001 vol. 76 no. 35 (31 August 2001) - International Health Regulations: notifications of diseases received from 24 to 30 August 2001,https://iris.who.int/handle/10665/231618,"Cote d'Ivoire 2001 IHR notifications in WER vol.76 (pages rendered and read visually): 1.I-29.VII 267/22 [76(33)]; 30.VII-19.VIII 630/25 [76(35) p.272]; 1.V-16.IX 2255/128 [76(39)]; 17.IX-13.X 1428/80 [76(44)]. 267+630 = 897 cases and 22+25 = 47 deaths = the WHO DON 17 Sep 2001 figure (Index 49: 897/47 in Abidjan as of 12 Aug). WHO annual 2001 = 5912/305 (so ~2229 cases / 97 deaths notified after 13 Oct). WER 76(40) caveat: 'the increase in the total number of cases since the previous report does not necessarily indicate that the increase occurred during this period. Rather, it is the result of late reporting of data.' The Annuaire des statistiques sanitaires shows 0 for 2001 (routine SNIS did not capture this epidemic).",2001-07-30 to 2001-08-19,IHR cholera notification,Active,Level 1,Pending,"IRIS DSpace REST: all WER 2001 vol.76 issues, grep Cote d Ivoire + cholera, pages rendered (Batch 2 q8)",English/French,0,,"IRIS DSpace REST: all WER 2001 vol.76 issues, grep Cote d Ivoire + cholera, pages rendered (Batch 2 q8)",AI
115,WHO Weekly Epidemiological Record 2001 vol. 76 no. 39 (28 September 2001) - International Health Regulations: notifications of diseases received from 21 to 27 September 2001,https://iris.who.int/handle/10665/231644,"Cote d'Ivoire 2001 IHR notifications in WER vol.76 (pages rendered and read visually): 1.I-29.VII 267/22 [76(33)]; 30.VII-19.VIII 630/25 [76(35) p.272]; 1.V-16.IX 2255/128 [76(39)]; 17.IX-13.X 1428/80 [76(44)]. 267+630 = 897 cases and 22+25 = 47 deaths = the WHO DON 17 Sep 2001 figure (Index 49: 897/47 in Abidjan as of 12 Aug). WHO annual 2001 = 5912/305 (so ~2229 cases / 97 deaths notified after 13 Oct). WER 76(40) caveat: 'the increase in the total number of cases since the previous report does not necessarily indicate that the increase occurred during this period. Rather, it is the result of late reporting of data.' The Annuaire des statistiques sanitaires shows 0 for 2001 (routine SNIS did not capture this epidemic).",2001-05-01 to 2001-09-16,IHR cholera notification,Active,Level 1,Pending,"IRIS DSpace REST: all WER 2001 vol.76 issues, grep Cote d Ivoire + cholera, pages rendered (Batch 2 q8)",English/French,0,,"IRIS DSpace REST: all WER 2001 vol.76 issues, grep Cote d Ivoire + cholera, pages rendered (Batch 2 q8)",AI
116,WHO Weekly Epidemiological Record 2001 vol. 76 no. 44 (2 November 2001) - International Health Regulations: notifications of diseases received from 26 October to 1 November 2001,https://iris.who.int/handle/10665/231685,"Cote d'Ivoire 2001 IHR notifications in WER vol.76 (pages rendered and read visually): 1.I-29.VII 267/22 [76(33)]; 30.VII-19.VIII 630/25 [76(35) p.272]; 1.V-16.IX 2255/128 [76(39)]; 17.IX-13.X 1428/80 [76(44)]. 267+630 = 897 cases and 22+25 = 47 deaths = the WHO DON 17 Sep 2001 figure (Index 49: 897/47 in Abidjan as of 12 Aug). WHO annual 2001 = 5912/305 (so ~2229 cases / 97 deaths notified after 13 Oct). WER 76(40) caveat: 'the increase in the total number of cases since the previous report does not necessarily indicate that the increase occurred during this period. Rather, it is the result of late reporting of data.' The Annuaire des statistiques sanitaires shows 0 for 2001 (routine SNIS did not capture this epidemic).",2001-09-17 to 2001-10-13,IHR cholera notification,Active,Level 1,Pending,"IRIS DSpace REST: all WER 2001 vol.76 issues, grep Cote d Ivoire + cholera, pages rendered (Batch 2 q8)",English/French,0,,"IRIS DSpace REST: all WER 2001 vol.76 issues, grep Cote d Ivoire + cholera, pages rendered (Batch 2 q8)",AI
117,WHO Weekly Epidemiological Record 2002 vol. 77 no. 8 (22 February 2002) - International Health Regulations: notifications of diseases received from 15 to 21 February 2002,https://iris.who.int/handle/10665/231786,"Cote d'Ivoire 2002 IHR cholera notifications in WER vol.77 (pages rendered from IRIS PDFs and read visually): 1.I-21.I.2002 115/1 [77(08) p.67]; 1.I-14.VII 466/18 [77(34) p.288]; 1.I-29.IX 2240/64 [77(45) p.380]. These are the only 2002 notification pages naming Cote d'Ivoire (all 51 issues checked; issues 20 and 47 re-checked from PDF). The WHO DON of 13 Aug 2002 / WER 77(33) p.277 give 581 cases / 19 deaths to 14 Jul 2002 (Index 3, row 4) - a different figure for the same cumulative period than the IHR notification (466/18). WHO annual 2002 total 4188/143 (WER 78(31) Table 1, JHU); INHP retrospective 4290 suspected (Lallie et al. 2016, Index 106, row 291).",2002-01-01 to 2002-01-21,IHR cholera notification,Active,Level 1,Pending,"IRIS DSpace REST: all WER 2002 vol.77 issues, grep Cote d Ivoire + cholera notifications, pages rendered (Batch 2 q9)",English/French,0,,"IRIS DSpace REST: all WER 2002 vol.77 issues, grep Cote d Ivoire + cholera notifications, pages rendered (Batch 2 q9)",AI
118,WHO Weekly Epidemiological Record 2002 vol. 77 no. 34 (23 August 2002) - International Health Regulations: notifications of diseases received from 16 to 22 August 2002,https://iris.who.int/handle/10665/231953,"Cote d'Ivoire 2002 IHR cholera notifications in WER vol.77 (pages rendered from IRIS PDFs and read visually): 1.I-21.I.2002 115/1 [77(08) p.67]; 1.I-14.VII 466/18 [77(34) p.288]; 1.I-29.IX 2240/64 [77(45) p.380]. These are the only 2002 notification pages naming Cote d'Ivoire (all 51 issues checked; issues 20 and 47 re-checked from PDF). The WHO DON of 13 Aug 2002 / WER 77(33) p.277 give 581 cases / 19 deaths to 14 Jul 2002 (Index 3, row 4) - a different figure for the same cumulative period than the IHR notification (466/18). WHO annual 2002 total 4188/143 (WER 78(31) Table 1, JHU); INHP retrospective 4290 suspected (Lallie et al. 2016, Index 106, row 291).",2002-01-01 to 2002-07-14,IHR cholera notification,Active,Level 1,Pending,"IRIS DSpace REST: all WER 2002 vol.77 issues, grep Cote d Ivoire + cholera notifications, pages rendered (Batch 2 q9)",English/French,0,,"IRIS DSpace REST: all WER 2002 vol.77 issues, grep Cote d Ivoire + cholera notifications, pages rendered (Batch 2 q9)",AI
119,WHO Weekly Epidemiological Record 2002 vol. 77 no. 45 (8 November 2002) - International Health Regulations: notifications of diseases received from 1 to 7 November 2002,https://iris.who.int/handle/10665/232025,"Cote d'Ivoire 2002 IHR cholera notifications in WER vol.77 (pages rendered from IRIS PDFs and read visually): 1.I-21.I.2002 115/1 [77(08) p.67]; 1.I-14.VII 466/18 [77(34) p.288]; 1.I-29.IX 2240/64 [77(45) p.380]. These are the only 2002 notification pages naming Cote d'Ivoire (all 51 issues checked; issues 20 and 47 re-checked from PDF). The WHO DON of 13 Aug 2002 / WER 77(33) p.277 give 581 cases / 19 deaths to 14 Jul 2002 (Index 3, row 4) - a different figure for the same cumulative period than the IHR notification (466/18). WHO annual 2002 total 4188/143 (WER 78(31) Table 1, JHU); INHP retrospective 4290 suspected (Lallie et al. 2016, Index 106, row 291).",2002-01-01 to 2002-09-29,IHR cholera notification,Active,Level 1,Pending,"IRIS DSpace REST: all WER 2002 vol.77 issues, grep Cote d Ivoire + cholera notifications, pages rendered (Batch 2 q9)",English/French,0,,"IRIS DSpace REST: all WER 2002 vol.77 issues, grep Cote d Ivoire + cholera notifications, pages rendered (Batch 2 q9)",AI
120,"INHP Bulletin Epidemiologique Hebdomadaire 'Le Vigile' N904/2025 semaine 52 (22-28 December 2025), in BSP-CI Vol 03 No 04 (21 January 2026)",https://bsp.inspci.org/wp-content/uploads/2026/01/BSP-CI-3-4_v.21.01.26.pdf,"Le Vigile N904/2025, week 52 (22-28 Dec 2025), pages 38-39 of BSP-CI Vol 03 No 04 (file dated 21 Jan 2026); page images extracted with pdfimages and read visually (no text layer). Cholera section: 'Déclaration de fin de l'épidémie de choléra en Côte d'Ivoire depuis le 14 décembre 2025. De la semaine 1 à la semaine 52, un total 556 cas a été notifié dont 24 décès, létalité 4,3% Isolement de Vibrio cholerae O1 dans les selles par IPCI. Les districts affectés étaient Port-Bouet-Vridi, Yopougon Est Jacqueville, Sassandra, Fresco et San- Pedro.' Figure 1 'Evolution des cas et décès de choléra selon les semaines épidémiologiques, 25 mai au 28 décembre 2025, Côte d'Ivoire' (bar chart S21_2025-S50_2025, no data labels). Tableau IX: 'Choléra | Semaine 52: 0 | 2024 S01-S52 médiane 1, maximum 2 | Cumul 2025 S01-S52: 556 | Cumul 2024 S01-S52: 5'. Promptness week 52: 94/113 districts (83.18%). Weekly bar heights were pixel-measured (y-axis ticks 0-120 at 4.05 px per case); the readings reproduce every exact INHP anchor: S29 = 68 and S01-S29 = 398 (Le Vigile N881, Index 109), S01-S37 = 550 (Le Vigile week 37, Index 61), S01-S52 = 556 (this bulletin). Weekly readings: S21 13, S22 32, S23 1, S24 0, S25 8, S26 105, S27 82, S28 89, S29 68, S30 75, S31 19, S32 13, S33 13, S34 2, S35 10, S36 19, S37 1, S38 0, S39 0, S40 4, S41 2, S42-S50 0 (sum 556). Death bars (red) are 1-6 cases tall and could not be read reliably except S21 (6) and S22 (1), which sum to the 7 community deaths of the first days reported by every source.",2025-05-19 to 2025-12-28,National weekly epidemiological bulletin (INHP 'Le Vigile') embedded in BSP-CI; weekly epi curve,Active,Level 1,Pending,bsp.inspci.org uploads 2025/09-2026/05 directory listing -> BSP-CI-3-4 (Batch 2 q10),French,0,,bsp.inspci.org uploads 2025/09-2026/05 directory listing -> BSP-CI-3-4 (Batch 2 q10),AI
121,WHO Weekly Epidemiological Record 2003 vol. 78 no. 3 (17 January 2003) - International Health Regulations: notifications of diseases received from 10 to 16 January 2003,https://iris.who.int/handle/10665/232070,"Cote d'Ivoire 2002-2003 IHR cholera notifications in WER vol.78 (pages rendered from IRIS PDFs and read visually): 22-31.XII.2002 65/10 [78(03) p.16]; 1-5.I.2003 6/1 [78(06) p.40]; 1.I-27.VII.2003 906/36 [78(38) p.340]. 78(46) p.400 lists Cote d'Ivoire only under yellow fever. All 2003 issues checked (issues without a text notification block re-checked in the PDF). The late-Dec 2002 / early-Jan 2003 figures coincide with the Divo (Tableguikou-gly) village outbreak, 70 cases / 15 deaths 22 Dec 2002-5 Jan 2003 (WHO DON, Index 42, row 48). WHO annual 2003 = 1034/50 (JHU); INHP retrospective 1180 (Index 106, row 292).",2002-12-22 to 2002-12-31,IHR cholera notification,Active,Level 1,Pending,"IRIS DSpace REST: all WER 2003 vol.78 issues, grep Cote d Ivoire + cholera notifications, pages rendered (Batch 2 q11)",English/French,0,,"IRIS DSpace REST: all WER 2003 vol.78 issues, grep Cote d Ivoire + cholera notifications, pages rendered (Batch 2 q11)",AI
122,WHO Weekly Epidemiological Record 2003 vol. 78 no. 6 (7 February 2003) - International Health Regulations: notifications of diseases received from 31 January to 6 February 2003,https://iris.who.int/handle/10665/232086,"Cote d'Ivoire 2002-2003 IHR cholera notifications in WER vol.78 (pages rendered from IRIS PDFs and read visually): 22-31.XII.2002 65/10 [78(03) p.16]; 1-5.I.2003 6/1 [78(06) p.40]; 1.I-27.VII.2003 906/36 [78(38) p.340]. 78(46) p.400 lists Cote d'Ivoire only under yellow fever. All 2003 issues checked (issues without a text notification block re-checked in the PDF). The late-Dec 2002 / early-Jan 2003 figures coincide with the Divo (Tableguikou-gly) village outbreak, 70 cases / 15 deaths 22 Dec 2002-5 Jan 2003 (WHO DON, Index 42, row 48). WHO annual 2003 = 1034/50 (JHU); INHP retrospective 1180 (Index 106, row 292).",2003-01-01 to 2003-01-05,IHR cholera notification,Active,Level 1,Pending,"IRIS DSpace REST: all WER 2003 vol.78 issues, grep Cote d Ivoire + cholera notifications, pages rendered (Batch 2 q11)",English/French,0,,"IRIS DSpace REST: all WER 2003 vol.78 issues, grep Cote d Ivoire + cholera notifications, pages rendered (Batch 2 q11)",AI
123,WHO Weekly Epidemiological Record 2003 vol. 78 no. 38 (19 September 2003) - International Health Regulations: notifications of diseases received from 12 to 18 September 2003,https://iris.who.int/handle/10665/232266,"Cote d'Ivoire 2002-2003 IHR cholera notifications in WER vol.78 (pages rendered from IRIS PDFs and read visually): 22-31.XII.2002 65/10 [78(03) p.16]; 1-5.I.2003 6/1 [78(06) p.40]; 1.I-27.VII.2003 906/36 [78(38) p.340]. 78(46) p.400 lists Cote d'Ivoire only under yellow fever. All 2003 issues checked (issues without a text notification block re-checked in the PDF). The late-Dec 2002 / early-Jan 2003 figures coincide with the Divo (Tableguikou-gly) village outbreak, 70 cases / 15 deaths 22 Dec 2002-5 Jan 2003 (WHO DON, Index 42, row 48). WHO annual 2003 = 1034/50 (JHU); INHP retrospective 1180 (Index 106, row 292).",2003-01-01 to 2003-07-27,IHR cholera notification,Active,Level 1,Pending,"IRIS DSpace REST: all WER 2003 vol.78 issues, grep Cote d Ivoire + cholera notifications, pages rendered (Batch 2 q11)",English/French,0,,"IRIS DSpace REST: all WER 2003 vol.78 issues, grep Cote d Ivoire + cholera notifications, pages rendered (Batch 2 q11)",AI
124,WHO Weekly Epidemiological Record 2004 vol. 79 no. 27 (2 July 2004) - International Health Regulations: notifications of diseases received from 25 June to 1 July 2004,https://iris.who.int/handle/10665/232526,"Cote d'Ivoire 2004 IHR cholera notification in WER vol.79 (page rendered from the IRIS PDF and read visually): 1.I-6.VI 82 cases, deaths column blank [79(27) p.252]. This is the only 2004 WER notification naming Cote d'Ivoire under cholera (all 2004 issues checked). WHO annual 2004 = 105/9 (JHU); INHP retrospective 114 (Index 106, row 293); Annuaire 2004 San-Pedro 67 (row 112).",2004-01-01 to 2004-06-06,IHR cholera notification,Active,Level 1,Pending,"IRIS DSpace REST: all WER 2004 vol.79 issues, grep Cote d Ivoire + cholera notifications, page rendered (Batch 2 q12)",English/French,0,,"IRIS DSpace REST: all WER 2004 vol.79 issues, grep Cote d Ivoire + cholera notifications, page rendered (Batch 2 q12)",AI
