iso_code,year,iso_week,week_start,week_end,sCh,deaths,source,confidence_weight,disaggregation_method
KEN,1971,1,1971-01-04,1971-01-10,6.3199,1.0048,JHU,0.5,fourier_country_k1
KEN,1971,2,1971-01-11,1971-01-17,6.5018,1.0338,JHU,0.5,fourier_country_k1
KEN,1971,3,1971-01-18,1971-01-24,6.6559,1.0583,JHU,0.5,fourier_country_k1
KEN,1971,4,1971-01-25,1971-01-31,6.78,1.078,JHU,0.5,fourier_country_k1
KEN,1971,5,1971-02-01,1971-02-07,6.8723,1.0927,JHU,0.5,fourier_country_k1
KEN,1971,6,1971-02-08,1971-02-14,6.9313,1.1021,JHU,0.5,fourier_country_k1
KEN,1971,7,1971-02-15,1971-02-21,6.9563,1.106,JHU,0.5,fourier_country_k1
KEN,1971,8,1971-02-22,1971-02-28,6.9469,1.1045,JHU,0.5,fourier_country_k1
KEN,1971,9,1971-03-01,1971-03-07,6.9032,1.0976,JHU,0.5,fourier_country_k1
KEN,1971,10,1971-03-08,1971-03-14,6.8259,1.0853,JHU,0.5,fourier_country_k1
KEN,1971,11,1971-03-15,1971-03-21,6.716,1.0678,JHU,0.5,fourier_country_k1
KEN,1971,12,1971-03-22,1971-03-28,6.5753,1.0454,JHU,0.5,fourier_country_k1
KEN,1971,13,1971-03-29,1971-04-04,6.4056,1.0185,JHU,0.5,fourier_country_k1
KEN,1971,14,1971-04-05,1971-04-11,6.2096,0.9873,JHU,0.5,fourier_country_k1
KEN,1971,15,1971-04-12,1971-04-18,5.9901,0.9524,JHU,0.5,fourier_country_k1
KEN,1971,16,1971-04-19,1971-04-25,5.7502,0.9143,JHU,0.5,fourier_country_k1
KEN,1971,17,1971-04-26,1971-05-02,5.4935,0.8734,JHU,0.5,fourier_country_k1
KEN,1971,18,1971-05-03,1971-05-09,5.2237,0.8306,JHU,0.5,fourier_country_k1
KEN,1971,19,1971-05-10,1971-05-16,4.9448,0.7862,JHU,0.5,fourier_country_k1
KEN,1971,20,1971-05-17,1971-05-23,4.6608,0.741,JHU,0.5,fourier_country_k1
KEN,1971,21,1971-05-24,1971-05-30,4.3758,0.6957,JHU,0.5,fourier_country_k1
KEN,1971,22,1971-05-31,1971-06-06,4.0941,0.6509,JHU,0.5,fourier_country_k1
KEN,1971,23,1971-06-07,1971-06-13,3.8197,0.6073,JHU,0.5,fourier_country_k1
KEN,1971,24,1971-06-14,1971-06-20,3.5566,0.5655,JHU,0.5,fourier_country_k1
KEN,1971,25,1971-06-21,1971-06-27,3.3086,0.5261,JHU,0.5,fourier_country_k1
KEN,1971,26,1971-06-28,1971-07-04,3.0795,0.4896,JHU,0.5,fourier_country_k1
KEN,1971,27,1971-07-05,1971-07-11,2.8724,0.4567,JHU,0.5,fourier_country_k1
KEN,1971,28,1971-07-12,1971-07-18,2.6905,0.4278,JHU,0.5,fourier_country_k1
KEN,1971,29,1971-07-19,1971-07-25,2.5364,0.4033,JHU,0.5,fourier_country_k1
KEN,1971,30,1971-07-26,1971-08-01,2.4123,0.3835,JHU,0.5,fourier_country_k1
KEN,1971,31,1971-08-02,1971-08-08,2.32,0.3689,JHU,0.5,fourier_country_k1
KEN,1971,32,1971-08-09,1971-08-15,2.261,0.3595,JHU,0.5,fourier_country_k1
KEN,1971,33,1971-08-16,1971-08-22,2.236,0.3555,JHU,0.5,fourier_country_k1
KEN,1971,34,1971-08-23,1971-08-29,2.2454,0.357,JHU,0.5,fourier_country_k1
KEN,1971,35,1971-08-30,1971-09-05,2.2891,0.364,JHU,0.5,fourier_country_k1
KEN,1971,36,1971-09-06,1971-09-12,2.3664,0.3763,JHU,0.5,fourier_country_k1
KEN,1971,37,1971-09-13,1971-09-19,2.4763,0.3937,JHU,0.5,fourier_country_k1
KEN,1971,38,1971-09-20,1971-09-26,2.617,0.4161,JHU,0.5,fourier_country_k1
KEN,1971,39,1971-09-27,1971-10-03,2.7867,0.4431,JHU,0.5,fourier_country_k1
KEN,1971,40,1971-10-04,1971-10-10,2.9827,0.4742,JHU,0.5,fourier_country_k1
KEN,1971,41,1971-10-11,1971-10-17,3.2022,0.5091,JHU,0.5,fourier_country_k1
KEN,1971,42,1971-10-18,1971-10-24,3.4421,0.5473,JHU,0.5,fourier_country_k1
KEN,1971,43,1971-10-25,1971-10-31,3.6988,0.5881,JHU,0.5,fourier_country_k1
KEN,1971,44,1971-11-01,1971-11-07,3.9686,0.631,JHU,0.5,fourier_country_k1
KEN,1971,45,1971-11-08,1971-11-14,4.2475,0.6753,JHU,0.5,fourier_country_k1
KEN,1971,46,1971-11-15,1971-11-21,4.5315,0.7205,JHU,0.5,fourier_country_k1
KEN,1971,47,1971-11-22,1971-11-28,4.8165,0.7658,JHU,0.5,fourier_country_k1
KEN,1971,48,1971-11-29,1971-12-05,5.0982,0.8106,JHU,0.5,fourier_country_k1
KEN,1971,49,1971-12-06,1971-12-12,5.3726,0.8542,JHU,0.5,fourier_country_k1
KEN,1971,50,1971-12-13,1971-12-19,5.6357,0.8961,JHU,0.5,fourier_country_k1
KEN,1971,51,1971-12-20,1971-12-26,5.8837,0.9355,JHU,0.5,fourier_country_k1
KEN,1971,52,1971-12-27,1972-01-02,6.1129,0.9719,JHU,0.5,fourier_country_k1
KEN,1972,1,1972-01-03,1972-01-09,1.3486,0.0,JHU,0.5,fourier_country_k1
KEN,1972,2,1972-01-10,1972-01-16,1.3874,0.0,JHU,0.5,fourier_country_k1
KEN,1972,3,1972-01-17,1972-01-23,1.4203,0.0,JHU,0.5,fourier_country_k1
KEN,1972,4,1972-01-24,1972-01-30,1.4468,0.0,JHU,0.5,fourier_country_k1
KEN,1972,5,1972-01-31,1972-02-06,1.4665,0.0,JHU,0.5,fourier_country_k1
KEN,1972,6,1972-02-07,1972-02-13,1.4791,0.0,JHU,0.5,fourier_country_k1
KEN,1972,7,1972-02-14,1972-02-20,1.4844,0.0,JHU,0.5,fourier_country_k1
KEN,1972,8,1972-02-21,1972-02-27,1.4824,0.0,JHU,0.5,fourier_country_k1
KEN,1972,9,1972-02-28,1972-03-05,1.4731,0.0,JHU,0.5,fourier_country_k1
KEN,1972,10,1972-03-06,1972-03-12,1.4566,0.0,JHU,0.5,fourier_country_k1
KEN,1972,11,1972-03-13,1972-03-19,1.4331,0.0,JHU,0.5,fourier_country_k1
KEN,1972,12,1972-03-20,1972-03-26,1.4031,0.0,JHU,0.5,fourier_country_k1
KEN,1972,13,1972-03-27,1972-04-02,1.3669,0.0,JHU,0.5,fourier_country_k1
KEN,1972,14,1972-04-03,1972-04-09,1.3251,0.0,JHU,0.5,fourier_country_k1
KEN,1972,15,1972-04-10,1972-04-16,1.2782,0.0,JHU,0.5,fourier_country_k1
KEN,1972,16,1972-04-17,1972-04-23,1.227,0.0,JHU,0.5,fourier_country_k1
KEN,1972,17,1972-04-24,1972-04-30,1.1723,0.0,JHU,0.5,fourier_country_k1
KEN,1972,18,1972-05-01,1972-05-07,1.1147,0.0,JHU,0.5,fourier_country_k1
KEN,1972,19,1972-05-08,1972-05-14,1.0552,0.0,JHU,0.5,fourier_country_k1
KEN,1972,20,1972-05-15,1972-05-21,0.9946,0.0,JHU,0.5,fourier_country_k1
KEN,1972,21,1972-05-22,1972-05-28,0.9338,0.0,JHU,0.5,fourier_country_k1
KEN,1972,22,1972-05-29,1972-06-04,0.8736,0.0,JHU,0.5,fourier_country_k1
KEN,1972,23,1972-06-05,1972-06-11,0.8151,0.0,JHU,0.5,fourier_country_k1
KEN,1972,24,1972-06-12,1972-06-18,0.7589,0.0,JHU,0.5,fourier_country_k1
KEN,1972,25,1972-06-19,1972-06-25,0.706,0.0,JHU,0.5,fourier_country_k1
KEN,1972,26,1972-06-26,1972-07-02,0.6571,0.0,JHU,0.5,fourier_country_k1
KEN,1972,27,1972-07-03,1972-07-09,0.6129,0.0,JHU,0.5,fourier_country_k1
KEN,1972,28,1972-07-10,1972-07-16,0.5741,0.0,JHU,0.5,fourier_country_k1
KEN,1972,29,1972-07-17,1972-07-23,0.5412,0.0,JHU,0.5,fourier_country_k1
KEN,1972,30,1972-07-24,1972-07-30,0.5148,0.0,JHU,0.5,fourier_country_k1
KEN,1972,31,1972-07-31,1972-08-06,0.4951,0.0,JHU,0.5,fourier_country_k1
KEN,1972,32,1972-08-07,1972-08-13,0.4825,0.0,JHU,0.5,fourier_country_k1
KEN,1972,33,1972-08-14,1972-08-20,0.4771,0.0,JHU,0.5,fourier_country_k1
KEN,1972,34,1972-08-21,1972-08-27,0.4791,0.0,JHU,0.5,fourier_country_k1
KEN,1972,35,1972-08-28,1972-09-03,0.4885,0.0,JHU,0.5,fourier_country_k1
KEN,1972,36,1972-09-04,1972-09-10,0.505,0.0,JHU,0.5,fourier_country_k1
KEN,1972,37,1972-09-11,1972-09-17,0.5284,0.0,JHU,0.5,fourier_country_k1
KEN,1972,38,1972-09-18,1972-09-24,0.5584,0.0,JHU,0.5,fourier_country_k1
KEN,1972,39,1972-09-25,1972-10-01,0.5946,0.0,JHU,0.5,fourier_country_k1
KEN,1972,40,1972-10-02,1972-10-08,0.6365,0.0,JHU,0.5,fourier_country_k1
KEN,1972,41,1972-10-09,1972-10-15,0.6833,0.0,JHU,0.5,fourier_country_k1
KEN,1972,42,1972-10-16,1972-10-22,0.7345,0.0,JHU,0.5,fourier_country_k1
KEN,1972,43,1972-10-23,1972-10-29,0.7893,0.0,JHU,0.5,fourier_country_k1
KEN,1972,44,1972-10-30,1972-11-05,0.8468,0.0,JHU,0.5,fourier_country_k1
KEN,1972,45,1972-11-06,1972-11-12,0.9064,0.0,JHU,0.5,fourier_country_k1
KEN,1972,46,1972-11-13,1972-11-19,0.967,0.0,JHU,0.5,fourier_country_k1
KEN,1972,47,1972-11-20,1972-11-26,1.0278,0.0,JHU,0.5,fourier_country_k1
KEN,1972,48,1972-11-27,1972-12-03,1.0879,0.0,JHU,0.5,fourier_country_k1
KEN,1972,49,1972-12-04,1972-12-10,1.1465,0.0,JHU,0.5,fourier_country_k1
KEN,1972,50,1972-12-11,1972-12-17,1.2026,0.0,JHU,0.5,fourier_country_k1
KEN,1972,51,1972-12-18,1972-12-24,1.2555,0.0,JHU,0.5,fourier_country_k1
KEN,1972,52,1972-12-25,1972-12-31,1.3044,0.0,JHU,0.5,fourier_country_k1
KEN,1973,1,1973-01-01,1973-01-07,0.0,0.0,none,0.5,assumed_zero
KEN,1973,2,1973-01-08,1973-01-14,0.0,0.0,none,0.5,assumed_zero
KEN,1973,3,1973-01-15,1973-01-21,0.0,0.0,none,0.5,assumed_zero
KEN,1973,4,1973-01-22,1973-01-28,0.0,0.0,none,0.5,assumed_zero
KEN,1973,5,1973-01-29,1973-02-04,0.0,0.0,none,0.5,assumed_zero
KEN,1973,6,1973-02-05,1973-02-11,0.0,0.0,none,0.5,assumed_zero
KEN,1973,7,1973-02-12,1973-02-18,0.0,0.0,none,0.5,assumed_zero
KEN,1973,8,1973-02-19,1973-02-25,0.0,0.0,none,0.5,assumed_zero
KEN,1973,9,1973-02-26,1973-03-04,0.0,0.0,none,0.5,assumed_zero
KEN,1973,10,1973-03-05,1973-03-11,0.0,0.0,none,0.5,assumed_zero
KEN,1973,11,1973-03-12,1973-03-18,0.0,0.0,none,0.5,assumed_zero
KEN,1973,12,1973-03-19,1973-03-25,0.0,0.0,none,0.5,assumed_zero
KEN,1973,13,1973-03-26,1973-04-01,0.0,0.0,none,0.5,assumed_zero
KEN,1973,14,1973-04-02,1973-04-08,0.0,0.0,none,0.5,assumed_zero
KEN,1973,15,1973-04-09,1973-04-15,0.0,0.0,none,0.5,assumed_zero
KEN,1973,16,1973-04-16,1973-04-22,0.0,0.0,none,0.5,assumed_zero
KEN,1973,17,1973-04-23,1973-04-29,0.0,0.0,none,0.5,assumed_zero
KEN,1973,18,1973-04-30,1973-05-06,0.0,0.0,none,0.5,assumed_zero
KEN,1973,19,1973-05-07,1973-05-13,0.0,0.0,none,0.5,assumed_zero
KEN,1973,20,1973-05-14,1973-05-20,0.0,0.0,none,0.5,assumed_zero
KEN,1973,21,1973-05-21,1973-05-27,0.0,0.0,none,0.5,assumed_zero
KEN,1973,22,1973-05-28,1973-06-03,0.0,0.0,none,0.5,assumed_zero
KEN,1973,23,1973-06-04,1973-06-10,0.0,0.0,none,0.5,assumed_zero
KEN,1973,24,1973-06-11,1973-06-17,0.0,0.0,none,0.5,assumed_zero
KEN,1973,25,1973-06-18,1973-06-24,0.0,0.0,none,0.5,assumed_zero
KEN,1973,26,1973-06-25,1973-07-01,0.0,0.0,none,0.5,assumed_zero
KEN,1973,27,1973-07-02,1973-07-08,0.0,0.0,none,0.5,assumed_zero
KEN,1973,28,1973-07-09,1973-07-15,0.0,0.0,none,0.5,assumed_zero
KEN,1973,29,1973-07-16,1973-07-22,0.0,0.0,none,0.5,assumed_zero
KEN,1973,30,1973-07-23,1973-07-29,0.0,0.0,none,0.5,assumed_zero
KEN,1973,31,1973-07-30,1973-08-05,0.0,0.0,none,0.5,assumed_zero
KEN,1973,32,1973-08-06,1973-08-12,0.0,0.0,none,0.5,assumed_zero
KEN,1973,33,1973-08-13,1973-08-19,0.0,0.0,none,0.5,assumed_zero
KEN,1973,34,1973-08-20,1973-08-26,0.0,0.0,none,0.5,assumed_zero
KEN,1973,35,1973-08-27,1973-09-02,0.0,0.0,none,0.5,assumed_zero
KEN,1973,36,1973-09-03,1973-09-09,0.0,0.0,none,0.5,assumed_zero
KEN,1973,37,1973-09-10,1973-09-16,0.0,0.0,none,0.5,assumed_zero
KEN,1973,38,1973-09-17,1973-09-23,0.0,0.0,none,0.5,assumed_zero
KEN,1973,39,1973-09-24,1973-09-30,0.0,0.0,none,0.5,assumed_zero
KEN,1973,40,1973-10-01,1973-10-07,0.0,0.0,none,0.5,assumed_zero
KEN,1973,41,1973-10-08,1973-10-14,0.0,0.0,none,0.5,assumed_zero
KEN,1973,42,1973-10-15,1973-10-21,0.0,0.0,none,0.5,assumed_zero
KEN,1973,43,1973-10-22,1973-10-28,0.0,0.0,none,0.5,assumed_zero
KEN,1973,44,1973-10-29,1973-11-04,0.0,0.0,none,0.5,assumed_zero
KEN,1973,45,1973-11-05,1973-11-11,0.0,0.0,none,0.5,assumed_zero
KEN,1973,46,1973-11-12,1973-11-18,0.0,0.0,none,0.5,assumed_zero
KEN,1973,47,1973-11-19,1973-11-25,0.0,0.0,none,0.5,assumed_zero
KEN,1973,48,1973-11-26,1973-12-02,0.0,0.0,none,0.5,assumed_zero
KEN,1973,49,1973-12-03,1973-12-09,0.0,0.0,none,0.5,assumed_zero
KEN,1973,50,1973-12-10,1973-12-16,0.0,0.0,none,0.5,assumed_zero
KEN,1973,51,1973-12-17,1973-12-23,0.0,0.0,none,0.5,assumed_zero
KEN,1973,52,1973-12-24,1973-12-30,0.0,0.0,none,0.5,assumed_zero
KEN,1974,1,1973-12-31,1974-01-06,0.0,0.0,none,0.5,assumed_zero
KEN,1974,2,1974-01-07,1974-01-13,10.9361,0.5441,JHU,0.5,fourier_country_k1
KEN,1974,3,1974-01-14,1974-01-20,11.1954,0.557,JHU,0.5,fourier_country_k1
KEN,1974,4,1974-01-21,1974-01-27,11.4041,0.5674,JHU,0.5,fourier_country_k1
KEN,1974,5,1974-01-28,1974-02-03,11.5592,0.5751,JHU,0.5,fourier_country_k1
KEN,1974,6,1974-02-04,1974-02-10,11.6586,0.58,JHU,0.5,fourier_country_k1
KEN,1974,7,1974-02-11,1974-02-17,11.7006,0.5821,JHU,0.5,fourier_country_k1
KEN,1974,8,1974-02-18,1974-02-24,11.6848,0.5813,JHU,0.5,fourier_country_k1
KEN,1974,9,1974-02-25,1974-03-03,11.6113,0.5777,JHU,0.5,fourier_country_k1
KEN,1974,10,1974-03-04,1974-03-10,11.4812,0.5712,JHU,0.5,fourier_country_k1
KEN,1974,11,1974-03-11,1974-03-17,11.2964,0.562,JHU,0.5,fourier_country_k1
KEN,1974,12,1974-03-18,1974-03-24,11.0597,0.5502,JHU,0.5,fourier_country_k1
KEN,1974,13,1974-03-25,1974-03-31,10.7743,0.536,JHU,0.5,fourier_country_k1
KEN,1974,14,1974-04-01,1974-04-07,10.4446,0.5196,JHU,0.5,fourier_country_k1
KEN,1974,15,1974-04-08,1974-04-14,10.0754,0.5013,JHU,0.5,fourier_country_k1
KEN,1974,16,1974-04-15,1974-04-21,9.6719,0.4812,JHU,0.5,fourier_country_k1
KEN,1974,17,1974-04-22,1974-04-28,9.2402,0.4597,JHU,0.5,fourier_country_k1
KEN,1974,18,1974-04-29,1974-05-05,8.7864,0.4371,JHU,0.5,fourier_country_k1
KEN,1974,19,1974-05-06,1974-05-12,8.3172,0.4138,JHU,0.5,fourier_country_k1
KEN,1974,20,1974-05-13,1974-05-19,7.8395,0.39,JHU,0.5,fourier_country_k1
KEN,1974,21,1974-05-20,1974-05-26,7.3602,0.3662,JHU,0.5,fourier_country_k1
KEN,1974,22,1974-05-27,1974-06-02,6.8863,0.3426,JHU,0.5,fourier_country_k1
KEN,1974,23,1974-06-03,1974-06-09,6.4247,0.3196,JHU,0.5,fourier_country_k1
KEN,1974,24,1974-06-10,1974-06-16,5.9822,0.2976,JHU,0.5,fourier_country_k1
KEN,1974,25,1974-06-17,1974-06-23,5.5651,0.2769,JHU,0.5,fourier_country_k1
KEN,1974,26,1974-06-24,1974-06-30,5.1797,0.2577,JHU,0.5,fourier_country_k1
KEN,1974,27,1974-07-01,1974-07-07,4.8314,0.2404,JHU,0.5,fourier_country_k1
KEN,1974,28,1974-07-08,1974-07-14,4.5254,0.2251,JHU,0.5,fourier_country_k1
KEN,1974,29,1974-07-15,1974-07-21,4.2662,0.2122,JHU,0.5,fourier_country_k1
KEN,1974,30,1974-07-22,1974-07-28,4.0575,0.2019,JHU,0.5,fourier_country_k1
KEN,1974,31,1974-07-29,1974-08-04,3.9023,0.1941,JHU,0.5,fourier_country_k1
KEN,1974,32,1974-08-05,1974-08-11,3.803,0.1892,JHU,0.5,fourier_country_k1
KEN,1974,33,1974-08-12,1974-08-18,3.7609,0.1871,JHU,0.5,fourier_country_k1
KEN,1974,34,1974-08-19,1974-08-25,3.7768,0.1879,JHU,0.5,fourier_country_k1
KEN,1974,35,1974-08-26,1974-09-01,3.8503,0.1916,JHU,0.5,fourier_country_k1
KEN,1974,36,1974-09-02,1974-09-08,3.9803,0.198,JHU,0.5,fourier_country_k1
KEN,1974,37,1974-09-09,1974-09-15,4.1651,0.2072,JHU,0.5,fourier_country_k1
KEN,1974,38,1974-09-16,1974-09-22,4.4019,0.219,JHU,0.5,fourier_country_k1
KEN,1974,39,1974-09-23,1974-09-29,4.6872,0.2332,JHU,0.5,fourier_country_k1
KEN,1974,40,1974-09-30,1974-10-06,5.0169,0.2496,JHU,0.5,fourier_country_k1
KEN,1974,41,1974-10-07,1974-10-13,5.3862,0.268,JHU,0.5,fourier_country_k1
KEN,1974,42,1974-10-14,1974-10-20,5.7896,0.288,JHU,0.5,fourier_country_k1
KEN,1974,43,1974-10-21,1974-10-27,6.2214,0.3095,JHU,0.5,fourier_country_k1
KEN,1974,44,1974-10-28,1974-11-03,6.6752,0.3321,JHU,0.5,fourier_country_k1
KEN,1974,45,1974-11-04,1974-11-10,7.1443,0.3554,JHU,0.5,fourier_country_k1
KEN,1974,46,1974-11-11,1974-11-17,7.622,0.3792,JHU,0.5,fourier_country_k1
KEN,1974,47,1974-11-18,1974-11-24,8.1013,0.4031,JHU,0.5,fourier_country_k1
KEN,1974,48,1974-11-25,1974-12-01,8.5752,0.4266,JHU,0.5,fourier_country_k1
KEN,1974,49,1974-12-02,1974-12-08,9.0368,0.4496,JHU,0.5,fourier_country_k1
KEN,1974,50,1974-12-09,1974-12-15,9.4794,0.4716,JHU,0.5,fourier_country_k1
KEN,1974,51,1974-12-16,1974-12-22,9.8964,0.4924,JHU,0.5,fourier_country_k1
KEN,1974,52,1974-12-23,1974-12-29,10.2819,0.5115,JHU,0.5,fourier_country_k1
KEN,1975,1,1974-12-30,1975-01-05,10.6301,0.5289,JHU,0.5,fourier_country_k1
KEN,1975,2,1975-01-06,1975-01-12,29.7343,2.0131,JHU,0.5,fourier_country_k1
KEN,1975,3,1975-01-13,1975-01-19,30.4391,2.0608,JHU,0.5,fourier_country_k1
KEN,1975,4,1975-01-20,1975-01-26,31.0066,2.0993,JHU,0.5,fourier_country_k1
KEN,1975,5,1975-01-27,1975-02-02,31.4285,2.1278,JHU,0.5,fourier_country_k1
KEN,1975,6,1975-02-03,1975-02-09,31.6985,2.1461,JHU,0.5,fourier_country_k1
KEN,1975,7,1975-02-10,1975-02-16,31.8129,2.1538,JHU,0.5,fourier_country_k1
KEN,1975,8,1975-02-17,1975-02-23,31.7698,2.1509,JHU,0.5,fourier_country_k1
KEN,1975,9,1975-02-24,1975-03-02,31.57,2.1374,JHU,0.5,fourier_country_k1
KEN,1975,10,1975-03-03,1975-03-09,31.2163,2.1135,JHU,0.5,fourier_country_k1
KEN,1975,11,1975-03-10,1975-03-16,30.7139,2.0794,JHU,0.5,fourier_country_k1
KEN,1975,12,1975-03-17,1975-03-23,30.0701,2.0359,JHU,0.5,fourier_country_k1
KEN,1975,13,1975-03-24,1975-03-30,29.2944,1.9833,JHU,0.5,fourier_country_k1
KEN,1975,14,1975-03-31,1975-04-06,28.398,1.9226,JHU,0.5,fourier_country_k1
KEN,1975,15,1975-04-07,1975-04-13,27.394,1.8547,JHU,0.5,fourier_country_k1
KEN,1975,16,1975-04-14,1975-04-20,26.297,1.7804,JHU,0.5,fourier_country_k1
KEN,1975,17,1975-04-21,1975-04-27,25.1231,1.7009,JHU,0.5,fourier_country_k1
KEN,1975,18,1975-04-28,1975-05-04,23.8894,1.6174,JHU,0.5,fourier_country_k1
KEN,1975,19,1975-05-05,1975-05-11,22.6137,1.531,JHU,0.5,fourier_country_k1
KEN,1975,20,1975-05-12,1975-05-18,21.3149,1.4431,JHU,0.5,fourier_country_k1
KEN,1975,21,1975-05-19,1975-05-25,20.0117,1.3549,JHU,0.5,fourier_country_k1
KEN,1975,22,1975-05-26,1975-06-01,18.7232,1.2676,JHU,0.5,fourier_country_k1
KEN,1975,23,1975-06-02,1975-06-08,17.4682,1.1827,JHU,0.5,fourier_country_k1
KEN,1975,24,1975-06-09,1975-06-15,16.265,1.1012,JHU,0.5,fourier_country_k1
KEN,1975,25,1975-06-16,1975-06-22,15.1311,1.0244,JHU,0.5,fourier_country_k1
KEN,1975,26,1975-06-23,1975-06-29,14.083,0.9535,JHU,0.5,fourier_country_k1
KEN,1975,27,1975-06-30,1975-07-06,13.1361,0.8894,JHU,0.5,fourier_country_k1
KEN,1975,28,1975-07-07,1975-07-13,12.3042,0.833,JHU,0.5,fourier_country_k1
KEN,1975,29,1975-07-14,1975-07-20,11.5993,0.7853,JHU,0.5,fourier_country_k1
KEN,1975,30,1975-07-21,1975-07-27,11.0319,0.7469,JHU,0.5,fourier_country_k1
KEN,1975,31,1975-07-28,1975-08-03,10.61,0.7183,JHU,0.5,fourier_country_k1
KEN,1975,32,1975-08-04,1975-08-10,10.3399,0.7001,JHU,0.5,fourier_country_k1
KEN,1975,33,1975-08-11,1975-08-17,10.2256,0.6923,JHU,0.5,fourier_country_k1
KEN,1975,34,1975-08-18,1975-08-24,10.2687,0.6952,JHU,0.5,fourier_country_k1
KEN,1975,35,1975-08-25,1975-08-31,10.4685,0.7088,JHU,0.5,fourier_country_k1
KEN,1975,36,1975-09-01,1975-09-07,10.8222,0.7327,JHU,0.5,fourier_country_k1
KEN,1975,37,1975-09-08,1975-09-14,11.3246,0.7667,JHU,0.5,fourier_country_k1
KEN,1975,38,1975-09-15,1975-09-21,11.9683,0.8103,JHU,0.5,fourier_country_k1
KEN,1975,39,1975-09-22,1975-09-28,12.744,0.8628,JHU,0.5,fourier_country_k1
KEN,1975,40,1975-09-29,1975-10-05,13.6405,0.9235,JHU,0.5,fourier_country_k1
KEN,1975,41,1975-10-06,1975-10-12,14.6445,0.9915,JHU,0.5,fourier_country_k1
KEN,1975,42,1975-10-13,1975-10-19,15.7414,1.0657,JHU,0.5,fourier_country_k1
KEN,1975,43,1975-10-20,1975-10-26,16.9153,1.1452,JHU,0.5,fourier_country_k1
KEN,1975,44,1975-10-27,1975-11-02,18.1491,1.2288,JHU,0.5,fourier_country_k1
KEN,1975,45,1975-11-03,1975-11-09,19.4247,1.3151,JHU,0.5,fourier_country_k1
KEN,1975,46,1975-11-10,1975-11-16,20.7236,1.4031,JHU,0.5,fourier_country_k1
KEN,1975,47,1975-11-17,1975-11-23,22.0268,1.4913,JHU,0.5,fourier_country_k1
KEN,1975,48,1975-11-24,1975-11-30,23.3153,1.5785,JHU,0.5,fourier_country_k1
KEN,1975,49,1975-12-01,1975-12-07,24.5703,1.6635,JHU,0.5,fourier_country_k1
KEN,1975,50,1975-12-08,1975-12-14,25.7735,1.745,JHU,0.5,fourier_country_k1
KEN,1975,51,1975-12-15,1975-12-21,26.9074,1.8217,JHU,0.5,fourier_country_k1
KEN,1975,52,1975-12-22,1975-12-28,27.9554,1.8927,JHU,0.5,fourier_country_k1
KEN,1976,1,1975-12-29,1976-01-04,28.9023,1.9568,JHU,0.5,fourier_country_k1
KEN,1976,2,1976-01-05,1976-01-11,37.0027,1.6064,JHU,0.5,fourier_country_k1
KEN,1976,3,1976-01-12,1976-01-18,37.8798,1.6445,JHU,0.5,fourier_country_k1
KEN,1976,4,1976-01-19,1976-01-25,38.586,1.6752,JHU,0.5,fourier_country_k1
KEN,1976,5,1976-01-26,1976-02-01,39.111,1.698,JHU,0.5,fourier_country_k1
KEN,1976,6,1976-02-02,1976-02-08,39.4471,1.7126,JHU,0.5,fourier_country_k1
KEN,1976,7,1976-02-09,1976-02-15,39.5893,1.7187,JHU,0.5,fourier_country_k1
KEN,1976,8,1976-02-16,1976-02-22,39.5358,1.7164,JHU,0.5,fourier_country_k1
KEN,1976,9,1976-02-23,1976-02-29,39.2871,1.7056,JHU,0.5,fourier_country_k1
KEN,1976,10,1976-03-01,1976-03-07,38.8469,1.6865,JHU,0.5,fourier_country_k1
KEN,1976,11,1976-03-08,1976-03-14,38.2218,1.6594,JHU,0.5,fourier_country_k1
KEN,1976,12,1976-03-15,1976-03-21,37.4206,1.6246,JHU,0.5,fourier_country_k1
KEN,1976,13,1976-03-22,1976-03-28,36.4553,1.5827,JHU,0.5,fourier_country_k1
KEN,1976,14,1976-03-29,1976-04-04,35.3398,1.5343,JHU,0.5,fourier_country_k1
KEN,1976,15,1976-04-05,1976-04-11,34.0903,1.48,JHU,0.5,fourier_country_k1
KEN,1976,16,1976-04-12,1976-04-18,32.7252,1.4207,JHU,0.5,fourier_country_k1
KEN,1976,17,1976-04-19,1976-04-25,31.2643,1.3573,JHU,0.5,fourier_country_k1
KEN,1976,18,1976-04-26,1976-05-02,29.729,1.2907,JHU,0.5,fourier_country_k1
KEN,1976,19,1976-05-03,1976-05-09,28.1416,1.2217,JHU,0.5,fourier_country_k1
KEN,1976,20,1976-05-10,1976-05-16,26.5252,1.1516,JHU,0.5,fourier_country_k1
KEN,1976,21,1976-05-17,1976-05-23,24.9034,1.0812,JHU,0.5,fourier_country_k1
KEN,1976,22,1976-05-24,1976-05-30,23.3,1.0116,JHU,0.5,fourier_country_k1
KEN,1976,23,1976-05-31,1976-06-06,21.7382,0.9437,JHU,0.5,fourier_country_k1
KEN,1976,24,1976-06-07,1976-06-13,20.2408,0.8787,JHU,0.5,fourier_country_k1
KEN,1976,25,1976-06-14,1976-06-20,18.8298,0.8175,JHU,0.5,fourier_country_k1
KEN,1976,26,1976-06-21,1976-06-27,17.5255,0.7609,JHU,0.5,fourier_country_k1
KEN,1976,27,1976-06-28,1976-07-04,16.3472,0.7097,JHU,0.5,fourier_country_k1
KEN,1976,28,1976-07-05,1976-07-11,15.3119,0.6648,JHU,0.5,fourier_country_k1
KEN,1976,29,1976-07-12,1976-07-18,14.4347,0.6267,JHU,0.5,fourier_country_k1
KEN,1976,30,1976-07-19,1976-07-25,13.7285,0.596,JHU,0.5,fourier_country_k1
KEN,1976,31,1976-07-26,1976-08-01,13.2036,0.5732,JHU,0.5,fourier_country_k1
KEN,1976,32,1976-08-02,1976-08-08,12.8675,0.5586,JHU,0.5,fourier_country_k1
KEN,1976,33,1976-08-09,1976-08-15,12.7252,0.5525,JHU,0.5,fourier_country_k1
KEN,1976,34,1976-08-16,1976-08-22,12.7788,0.5548,JHU,0.5,fourier_country_k1
KEN,1976,35,1976-08-23,1976-08-29,13.0275,0.5656,JHU,0.5,fourier_country_k1
KEN,1976,36,1976-08-30,1976-09-05,13.4676,0.5847,JHU,0.5,fourier_country_k1
KEN,1976,37,1976-09-06,1976-09-12,14.0928,0.6118,JHU,0.5,fourier_country_k1
KEN,1976,38,1976-09-13,1976-09-19,14.8939,0.6466,JHU,0.5,fourier_country_k1
KEN,1976,39,1976-09-20,1976-09-26,15.8593,0.6885,JHU,0.5,fourier_country_k1
KEN,1976,40,1976-09-27,1976-10-03,16.9748,0.7369,JHU,0.5,fourier_country_k1
KEN,1976,41,1976-10-04,1976-10-10,18.2242,0.7912,JHU,0.5,fourier_country_k1
KEN,1976,42,1976-10-11,1976-10-17,19.5893,0.8505,JHU,0.5,fourier_country_k1
KEN,1976,43,1976-10-18,1976-10-24,21.0502,0.9139,JHU,0.5,fourier_country_k1
KEN,1976,44,1976-10-25,1976-10-31,22.5856,0.9805,JHU,0.5,fourier_country_k1
KEN,1976,45,1976-11-01,1976-11-07,24.173,1.0495,JHU,0.5,fourier_country_k1
KEN,1976,46,1976-11-08,1976-11-14,25.7894,1.1196,JHU,0.5,fourier_country_k1
KEN,1976,47,1976-11-15,1976-11-21,27.4111,1.19,JHU,0.5,fourier_country_k1
KEN,1976,48,1976-11-22,1976-11-28,29.0146,1.2596,JHU,0.5,fourier_country_k1
KEN,1976,49,1976-11-29,1976-12-05,30.5764,1.3275,JHU,0.5,fourier_country_k1
KEN,1976,50,1976-12-06,1976-12-12,32.0737,1.3925,JHU,0.5,fourier_country_k1
KEN,1976,51,1976-12-13,1976-12-19,33.4848,1.4537,JHU,0.5,fourier_country_k1
KEN,1976,52,1976-12-20,1976-12-26,34.789,1.5103,JHU,0.5,fourier_country_k1
KEN,1976,53,1976-12-27,1977-01-02,34.789,1.5103,JHU,0.5,fourier_country_k1
KEN,1977,1,1977-01-03,1977-01-09,0.5553,0.0,JHU,0.5,fourier_country_k1
KEN,1977,2,1977-01-10,1977-01-16,0.5713,0.0,JHU,0.5,fourier_country_k1
KEN,1977,3,1977-01-17,1977-01-23,0.5848,0.0,JHU,0.5,fourier_country_k1
KEN,1977,4,1977-01-24,1977-01-30,0.5957,0.0,JHU,0.5,fourier_country_k1
KEN,1977,5,1977-01-31,1977-02-06,0.6038,0.0,JHU,0.5,fourier_country_k1
KEN,1977,6,1977-02-07,1977-02-13,0.609,0.0,JHU,0.5,fourier_country_k1
KEN,1977,7,1977-02-14,1977-02-20,0.6112,0.0,JHU,0.5,fourier_country_k1
KEN,1977,8,1977-02-21,1977-02-27,0.6104,0.0,JHU,0.5,fourier_country_k1
KEN,1977,9,1977-02-28,1977-03-06,0.6066,0.0,JHU,0.5,fourier_country_k1
KEN,1977,10,1977-03-07,1977-03-13,0.5998,0.0,JHU,0.5,fourier_country_k1
KEN,1977,11,1977-03-14,1977-03-20,0.5901,0.0,JHU,0.5,fourier_country_k1
KEN,1977,12,1977-03-21,1977-03-27,0.5777,0.0,JHU,0.5,fourier_country_k1
KEN,1977,13,1977-03-28,1977-04-03,0.5628,0.0,JHU,0.5,fourier_country_k1
KEN,1977,14,1977-04-04,1977-04-10,0.5456,0.0,JHU,0.5,fourier_country_k1
KEN,1977,15,1977-04-11,1977-04-17,0.5263,0.0,JHU,0.5,fourier_country_k1
KEN,1977,16,1977-04-18,1977-04-24,0.5052,0.0,JHU,0.5,fourier_country_k1
KEN,1977,17,1977-04-25,1977-05-01,0.4827,0.0,JHU,0.5,fourier_country_k1
KEN,1977,18,1977-05-02,1977-05-08,0.459,0.0,JHU,0.5,fourier_country_k1
KEN,1977,19,1977-05-09,1977-05-15,0.4345,0.0,JHU,0.5,fourier_country_k1
KEN,1977,20,1977-05-16,1977-05-22,0.4095,0.0,JHU,0.5,fourier_country_k1
KEN,1977,21,1977-05-23,1977-05-29,0.3845,0.0,JHU,0.5,fourier_country_k1
KEN,1977,22,1977-05-30,1977-06-05,0.3597,0.0,JHU,0.5,fourier_country_k1
KEN,1977,23,1977-06-06,1977-06-12,0.3356,0.0,JHU,0.5,fourier_country_k1
KEN,1977,24,1977-06-13,1977-06-19,0.3125,0.0,JHU,0.5,fourier_country_k1
KEN,1977,25,1977-06-20,1977-06-26,0.2907,0.0,JHU,0.5,fourier_country_k1
KEN,1977,26,1977-06-27,1977-07-03,0.2706,0.0,JHU,0.5,fourier_country_k1
KEN,1977,27,1977-07-04,1977-07-10,0.2524,0.0,JHU,0.5,fourier_country_k1
KEN,1977,28,1977-07-11,1977-07-17,0.2364,0.0,JHU,0.5,fourier_country_k1
KEN,1977,29,1977-07-18,1977-07-24,0.2229,0.0,JHU,0.5,fourier_country_k1
KEN,1977,30,1977-07-25,1977-07-31,0.212,0.0,JHU,0.5,fourier_country_k1
KEN,1977,31,1977-08-01,1977-08-07,0.2039,0.0,JHU,0.5,fourier_country_k1
KEN,1977,32,1977-08-08,1977-08-14,0.1987,0.0,JHU,0.5,fourier_country_k1
KEN,1977,33,1977-08-15,1977-08-21,0.1965,0.0,JHU,0.5,fourier_country_k1
KEN,1977,34,1977-08-22,1977-08-28,0.1973,0.0,JHU,0.5,fourier_country_k1
KEN,1977,35,1977-08-29,1977-09-04,0.2011,0.0,JHU,0.5,fourier_country_k1
KEN,1977,36,1977-09-05,1977-09-11,0.2079,0.0,JHU,0.5,fourier_country_k1
KEN,1977,37,1977-09-12,1977-09-18,0.2176,0.0,JHU,0.5,fourier_country_k1
KEN,1977,38,1977-09-19,1977-09-25,0.2299,0.0,JHU,0.5,fourier_country_k1
KEN,1977,39,1977-09-26,1977-10-02,0.2449,0.0,JHU,0.5,fourier_country_k1
KEN,1977,40,1977-10-03,1977-10-09,0.2621,0.0,JHU,0.5,fourier_country_k1
KEN,1977,41,1977-10-10,1977-10-16,0.2814,0.0,JHU,0.5,fourier_country_k1
KEN,1977,42,1977-10-17,1977-10-23,0.3024,0.0,JHU,0.5,fourier_country_k1
KEN,1977,43,1977-10-24,1977-10-30,0.325,0.0,JHU,0.5,fourier_country_k1
KEN,1977,44,1977-10-31,1977-11-06,0.3487,0.0,JHU,0.5,fourier_country_k1
KEN,1977,45,1977-11-07,1977-11-13,0.3732,0.0,JHU,0.5,fourier_country_k1
KEN,1977,46,1977-11-14,1977-11-20,0.3982,0.0,JHU,0.5,fourier_country_k1
KEN,1977,47,1977-11-21,1977-11-27,0.4232,0.0,JHU,0.5,fourier_country_k1
KEN,1977,48,1977-11-28,1977-12-04,0.448,0.0,JHU,0.5,fourier_country_k1
KEN,1977,49,1977-12-05,1977-12-11,0.4721,0.0,JHU,0.5,fourier_country_k1
KEN,1977,50,1977-12-12,1977-12-18,0.4952,0.0,JHU,0.5,fourier_country_k1
KEN,1977,51,1977-12-19,1977-12-25,0.517,0.0,JHU,0.5,fourier_country_k1
KEN,1977,52,1977-12-26,1978-01-01,0.5371,0.0,JHU,0.5,fourier_country_k1
KEN,1978,1,1978-01-02,1978-01-08,17.7962,0.4495,JHU,0.5,fourier_country_k1
KEN,1978,2,1978-01-09,1978-01-15,18.3085,0.4625,JHU,0.5,fourier_country_k1
KEN,1978,3,1978-01-16,1978-01-22,18.7425,0.4734,JHU,0.5,fourier_country_k1
KEN,1978,4,1978-01-23,1978-01-29,19.0919,0.4823,JHU,0.5,fourier_country_k1
KEN,1978,5,1978-01-30,1978-02-05,19.3517,0.4888,JHU,0.5,fourier_country_k1
KEN,1978,6,1978-02-06,1978-02-12,19.5179,0.493,JHU,0.5,fourier_country_k1
KEN,1978,7,1978-02-13,1978-02-19,19.5883,0.4948,JHU,0.5,fourier_country_k1
KEN,1978,8,1978-02-20,1978-02-26,19.5618,0.4941,JHU,0.5,fourier_country_k1
KEN,1978,9,1978-02-27,1978-03-05,19.4388,0.491,JHU,0.5,fourier_country_k1
KEN,1978,10,1978-03-06,1978-03-12,19.221,0.4855,JHU,0.5,fourier_country_k1
KEN,1978,11,1978-03-13,1978-03-19,18.9117,0.4777,JHU,0.5,fourier_country_k1
KEN,1978,12,1978-03-20,1978-03-26,18.5153,0.4677,JHU,0.5,fourier_country_k1
KEN,1978,13,1978-03-27,1978-04-02,18.0376,0.4556,JHU,0.5,fourier_country_k1
KEN,1978,14,1978-04-03,1978-04-09,17.4857,0.4417,JHU,0.5,fourier_country_k1
KEN,1978,15,1978-04-10,1978-04-16,16.8675,0.4261,JHU,0.5,fourier_country_k1
KEN,1978,16,1978-04-17,1978-04-23,16.1921,0.409,JHU,0.5,fourier_country_k1
KEN,1978,17,1978-04-24,1978-04-30,15.4692,0.3908,JHU,0.5,fourier_country_k1
KEN,1978,18,1978-05-01,1978-05-07,14.7095,0.3716,JHU,0.5,fourier_country_k1
KEN,1978,19,1978-05-08,1978-05-14,13.9241,0.3517,JHU,0.5,fourier_country_k1
KEN,1978,20,1978-05-15,1978-05-21,13.1243,0.3315,JHU,0.5,fourier_country_k1
KEN,1978,21,1978-05-22,1978-05-28,12.3219,0.3113,JHU,0.5,fourier_country_k1
KEN,1978,22,1978-05-29,1978-06-04,11.5286,0.2912,JHU,0.5,fourier_country_k1
KEN,1978,23,1978-06-05,1978-06-11,10.7558,0.2717,JHU,0.5,fourier_country_k1
KEN,1978,24,1978-06-12,1978-06-18,10.0149,0.253,JHU,0.5,fourier_country_k1
KEN,1978,25,1978-06-19,1978-06-25,9.3167,0.2353,JHU,0.5,fourier_country_k1
KEN,1978,26,1978-06-26,1978-07-02,8.6714,0.219,JHU,0.5,fourier_country_k1
KEN,1978,27,1978-07-03,1978-07-09,8.0884,0.2043,JHU,0.5,fourier_country_k1
KEN,1978,28,1978-07-10,1978-07-16,7.5761,0.1914,JHU,0.5,fourier_country_k1
KEN,1978,29,1978-07-17,1978-07-23,7.1421,0.1804,JHU,0.5,fourier_country_k1
KEN,1978,30,1978-07-24,1978-07-30,6.7927,0.1716,JHU,0.5,fourier_country_k1
KEN,1978,31,1978-07-31,1978-08-06,6.533,0.165,JHU,0.5,fourier_country_k1
KEN,1978,32,1978-08-07,1978-08-13,6.3667,0.1608,JHU,0.5,fourier_country_k1
KEN,1978,33,1978-08-14,1978-08-20,6.2963,0.159,JHU,0.5,fourier_country_k1
KEN,1978,34,1978-08-21,1978-08-27,6.3228,0.1597,JHU,0.5,fourier_country_k1
KEN,1978,35,1978-08-28,1978-09-03,6.4458,0.1628,JHU,0.5,fourier_country_k1
KEN,1978,36,1978-09-04,1978-09-10,6.6636,0.1683,JHU,0.5,fourier_country_k1
KEN,1978,37,1978-09-11,1978-09-17,6.9729,0.1761,JHU,0.5,fourier_country_k1
KEN,1978,38,1978-09-18,1978-09-24,7.3693,0.1861,JHU,0.5,fourier_country_k1
KEN,1978,39,1978-09-25,1978-10-01,7.847,0.1982,JHU,0.5,fourier_country_k1
KEN,1978,40,1978-10-02,1978-10-08,8.3989,0.2122,JHU,0.5,fourier_country_k1
KEN,1978,41,1978-10-09,1978-10-15,9.0171,0.2278,JHU,0.5,fourier_country_k1
KEN,1978,42,1978-10-16,1978-10-22,9.6926,0.2448,JHU,0.5,fourier_country_k1
KEN,1978,43,1978-10-23,1978-10-29,10.4154,0.2631,JHU,0.5,fourier_country_k1
KEN,1978,44,1978-10-30,1978-11-05,11.1751,0.2823,JHU,0.5,fourier_country_k1
KEN,1978,45,1978-11-06,1978-11-12,11.9605,0.3021,JHU,0.5,fourier_country_k1
KEN,1978,46,1978-11-13,1978-11-19,12.7603,0.3223,JHU,0.5,fourier_country_k1
KEN,1978,47,1978-11-20,1978-11-26,13.5627,0.3426,JHU,0.5,fourier_country_k1
KEN,1978,48,1978-11-27,1978-12-03,14.3561,0.3626,JHU,0.5,fourier_country_k1
KEN,1978,49,1978-12-04,1978-12-10,15.1288,0.3822,JHU,0.5,fourier_country_k1
KEN,1978,50,1978-12-11,1978-12-17,15.8697,0.4009,JHU,0.5,fourier_country_k1
KEN,1978,51,1978-12-18,1978-12-24,16.5679,0.4185,JHU,0.5,fourier_country_k1
KEN,1978,52,1978-12-25,1978-12-31,17.2132,0.4348,JHU,0.5,fourier_country_k1
KEN,1979,1,1979-01-01,1979-01-07,27.5652,0.0515,JHU,0.5,fourier_country_k1
KEN,1979,2,1979-01-08,1979-01-14,28.3587,0.053,JHU,0.5,fourier_country_k1
KEN,1979,3,1979-01-15,1979-01-21,29.0309,0.0543,JHU,0.5,fourier_country_k1
KEN,1979,4,1979-01-22,1979-01-28,29.5722,0.0553,JHU,0.5,fourier_country_k1
KEN,1979,5,1979-01-29,1979-02-04,29.9745,0.056,JHU,0.5,fourier_country_k1
KEN,1979,6,1979-02-05,1979-02-11,30.2321,0.0565,JHU,0.5,fourier_country_k1
KEN,1979,7,1979-02-12,1979-02-18,30.3411,0.0567,JHU,0.5,fourier_country_k1
KEN,1979,8,1979-02-19,1979-02-25,30.3,0.0566,JHU,0.5,fourier_country_k1
KEN,1979,9,1979-02-26,1979-03-04,30.1094,0.0563,JHU,0.5,fourier_country_k1
KEN,1979,10,1979-03-05,1979-03-11,29.7721,0.0556,JHU,0.5,fourier_country_k1
KEN,1979,11,1979-03-12,1979-03-18,29.293,0.0548,JHU,0.5,fourier_country_k1
KEN,1979,12,1979-03-19,1979-03-25,28.679,0.0536,JHU,0.5,fourier_country_k1
KEN,1979,13,1979-03-26,1979-04-01,27.9392,0.0522,JHU,0.5,fourier_country_k1
KEN,1979,14,1979-04-02,1979-04-08,27.0842,0.0506,JHU,0.5,fourier_country_k1
KEN,1979,15,1979-04-09,1979-04-15,26.1267,0.0488,JHU,0.5,fourier_country_k1
KEN,1979,16,1979-04-16,1979-04-22,25.0805,0.0469,JHU,0.5,fourier_country_k1
KEN,1979,17,1979-04-23,1979-04-29,23.9609,0.0448,JHU,0.5,fourier_country_k1
KEN,1979,18,1979-04-30,1979-05-06,22.7842,0.0426,JHU,0.5,fourier_country_k1
KEN,1979,19,1979-05-07,1979-05-13,21.5676,0.0403,JHU,0.5,fourier_country_k1
KEN,1979,20,1979-05-14,1979-05-20,20.3288,0.038,JHU,0.5,fourier_country_k1
KEN,1979,21,1979-05-21,1979-05-27,19.0859,0.0357,JHU,0.5,fourier_country_k1
KEN,1979,22,1979-05-28,1979-06-03,17.857,0.0334,JHU,0.5,fourier_country_k1
KEN,1979,23,1979-06-04,1979-06-10,16.6601,0.0311,JHU,0.5,fourier_country_k1
KEN,1979,24,1979-06-11,1979-06-17,15.5125,0.029,JHU,0.5,fourier_country_k1
KEN,1979,25,1979-06-18,1979-06-24,14.4311,0.027,JHU,0.5,fourier_country_k1
KEN,1979,26,1979-06-25,1979-07-01,13.4315,0.0251,JHU,0.5,fourier_country_k1
KEN,1979,27,1979-07-02,1979-07-08,12.5284,0.0234,JHU,0.5,fourier_country_k1
KEN,1979,28,1979-07-09,1979-07-15,11.735,0.0219,JHU,0.5,fourier_country_k1
KEN,1979,29,1979-07-16,1979-07-22,11.0627,0.0207,JHU,0.5,fourier_country_k1
KEN,1979,30,1979-07-23,1979-07-29,10.5215,0.0197,JHU,0.5,fourier_country_k1
KEN,1979,31,1979-07-30,1979-08-05,10.1192,0.0189,JHU,0.5,fourier_country_k1
KEN,1979,32,1979-08-06,1979-08-12,9.8616,0.0184,JHU,0.5,fourier_country_k1
KEN,1979,33,1979-08-13,1979-08-19,9.7525,0.0182,JHU,0.5,fourier_country_k1
KEN,1979,34,1979-08-20,1979-08-26,9.7936,0.0183,JHU,0.5,fourier_country_k1
KEN,1979,35,1979-08-27,1979-09-02,9.9842,0.0187,JHU,0.5,fourier_country_k1
KEN,1979,36,1979-09-03,1979-09-09,10.3215,0.0193,JHU,0.5,fourier_country_k1
KEN,1979,37,1979-09-10,1979-09-16,10.8007,0.0202,JHU,0.5,fourier_country_k1
KEN,1979,38,1979-09-17,1979-09-23,11.4146,0.0213,JHU,0.5,fourier_country_k1
KEN,1979,39,1979-09-24,1979-09-30,12.1545,0.0227,JHU,0.5,fourier_country_k1
KEN,1979,40,1979-10-01,1979-10-07,13.0094,0.0243,JHU,0.5,fourier_country_k1
KEN,1979,41,1979-10-08,1979-10-14,13.967,0.0261,JHU,0.5,fourier_country_k1
KEN,1979,42,1979-10-15,1979-10-21,15.0132,0.0281,JHU,0.5,fourier_country_k1
KEN,1979,43,1979-10-22,1979-10-28,16.1328,0.0302,JHU,0.5,fourier_country_k1
KEN,1979,44,1979-10-29,1979-11-04,17.3095,0.0324,JHU,0.5,fourier_country_k1
KEN,1979,45,1979-11-05,1979-11-11,18.5261,0.0346,JHU,0.5,fourier_country_k1
KEN,1979,46,1979-11-12,1979-11-18,19.7649,0.0369,JHU,0.5,fourier_country_k1
KEN,1979,47,1979-11-19,1979-11-25,21.0078,0.0393,JHU,0.5,fourier_country_k1
KEN,1979,48,1979-11-26,1979-12-02,22.2366,0.0416,JHU,0.5,fourier_country_k1
KEN,1979,49,1979-12-03,1979-12-09,23.4336,0.0438,JHU,0.5,fourier_country_k1
KEN,1979,50,1979-12-10,1979-12-16,24.5812,0.0459,JHU,0.5,fourier_country_k1
KEN,1979,51,1979-12-17,1979-12-23,25.6626,0.048,JHU,0.5,fourier_country_k1
KEN,1979,52,1979-12-24,1979-12-30,26.6621,0.0498,JHU,0.5,fourier_country_k1
KEN,1980,1,1979-12-31,1980-01-06,27.5652,0.0515,JHU,0.5,fourier_country_k1
KEN,1980,2,1980-01-07,1980-01-13,76.3896,1.1426,JHU,0.5,fourier_country_k1
KEN,1980,3,1980-01-14,1980-01-20,78.2004,1.1697,JHU,0.5,fourier_country_k1
KEN,1980,4,1980-01-21,1980-01-27,79.6583,1.1915,JHU,0.5,fourier_country_k1
KEN,1980,5,1980-01-28,1980-02-03,80.7421,1.2077,JHU,0.5,fourier_country_k1
KEN,1980,6,1980-02-04,1980-02-10,81.4359,1.2181,JHU,0.5,fourier_country_k1
KEN,1980,7,1980-02-11,1980-02-17,81.7296,1.2225,JHU,0.5,fourier_country_k1
KEN,1980,8,1980-02-18,1980-02-24,81.619,1.2208,JHU,0.5,fourier_country_k1
KEN,1980,9,1980-02-25,1980-03-02,81.1056,1.2131,JHU,0.5,fourier_country_k1
KEN,1980,10,1980-03-03,1980-03-09,80.197,1.1995,JHU,0.5,fourier_country_k1
KEN,1980,11,1980-03-10,1980-03-16,78.9063,1.1802,JHU,0.5,fourier_country_k1
KEN,1980,12,1980-03-17,1980-03-23,77.2525,1.1555,JHU,0.5,fourier_country_k1
KEN,1980,13,1980-03-24,1980-03-30,75.2596,1.1257,JHU,0.5,fourier_country_k1
KEN,1980,14,1980-03-31,1980-04-06,72.9566,1.0912,JHU,0.5,fourier_country_k1
KEN,1980,15,1980-04-07,1980-04-13,70.3773,1.0527,JHU,0.5,fourier_country_k1
KEN,1980,16,1980-04-14,1980-04-20,67.5591,1.0105,JHU,0.5,fourier_country_k1
KEN,1980,17,1980-04-21,1980-04-27,64.5432,0.9654,JHU,0.5,fourier_country_k1
KEN,1980,18,1980-04-28,1980-05-04,61.3736,0.918,JHU,0.5,fourier_country_k1
KEN,1980,19,1980-05-05,1980-05-11,58.0964,0.869,JHU,0.5,fourier_country_k1
KEN,1980,20,1980-05-12,1980-05-18,54.7595,0.8191,JHU,0.5,fourier_country_k1
KEN,1980,21,1980-05-19,1980-05-25,51.4115,0.769,JHU,0.5,fourier_country_k1
KEN,1980,22,1980-05-26,1980-06-01,48.1013,0.7195,JHU,0.5,fourier_country_k1
KEN,1980,23,1980-06-02,1980-06-08,44.8771,0.6712,JHU,0.5,fourier_country_k1
KEN,1980,24,1980-06-09,1980-06-15,41.7859,0.625,JHU,0.5,fourier_country_k1
KEN,1980,25,1980-06-16,1980-06-22,38.8728,0.5814,JHU,0.5,fourier_country_k1
KEN,1980,26,1980-06-23,1980-06-29,36.1803,0.5412,JHU,0.5,fourier_country_k1
KEN,1980,27,1980-06-30,1980-07-06,33.7477,0.5048,JHU,0.5,fourier_country_k1
KEN,1980,28,1980-07-07,1980-07-13,31.6104,0.4728,JHU,0.5,fourier_country_k1
KEN,1980,29,1980-07-14,1980-07-20,29.7996,0.4457,JHU,0.5,fourier_country_k1
KEN,1980,30,1980-07-21,1980-07-27,28.3417,0.4239,JHU,0.5,fourier_country_k1
KEN,1980,31,1980-07-28,1980-08-03,27.2579,0.4077,JHU,0.5,fourier_country_k1
KEN,1980,32,1980-08-04,1980-08-10,26.5641,0.3973,JHU,0.5,fourier_country_k1
KEN,1980,33,1980-08-11,1980-08-17,26.2704,0.3929,JHU,0.5,fourier_country_k1
KEN,1980,34,1980-08-18,1980-08-24,26.381,0.3946,JHU,0.5,fourier_country_k1
KEN,1980,35,1980-08-25,1980-08-31,26.8944,0.4023,JHU,0.5,fourier_country_k1
KEN,1980,36,1980-09-01,1980-09-07,27.803,0.4159,JHU,0.5,fourier_country_k1
KEN,1980,37,1980-09-08,1980-09-14,29.0937,0.4352,JHU,0.5,fourier_country_k1
KEN,1980,38,1980-09-15,1980-09-21,30.7475,0.4599,JHU,0.5,fourier_country_k1
KEN,1980,39,1980-09-22,1980-09-28,32.7404,0.4897,JHU,0.5,fourier_country_k1
KEN,1980,40,1980-09-29,1980-10-05,35.0434,0.5242,JHU,0.5,fourier_country_k1
KEN,1980,41,1980-10-06,1980-10-12,37.6227,0.5627,JHU,0.5,fourier_country_k1
KEN,1980,42,1980-10-13,1980-10-19,40.4409,0.6049,JHU,0.5,fourier_country_k1
KEN,1980,43,1980-10-20,1980-10-26,43.4568,0.65,JHU,0.5,fourier_country_k1
KEN,1980,44,1980-10-27,1980-11-02,46.6264,0.6974,JHU,0.5,fourier_country_k1
KEN,1980,45,1980-11-03,1980-11-09,49.9036,0.7464,JHU,0.5,fourier_country_k1
KEN,1980,46,1980-11-10,1980-11-16,53.2405,0.7963,JHU,0.5,fourier_country_k1
KEN,1980,47,1980-11-17,1980-11-23,56.5885,0.8464,JHU,0.5,fourier_country_k1
KEN,1980,48,1980-11-24,1980-11-30,59.8987,0.8959,JHU,0.5,fourier_country_k1
KEN,1980,49,1980-12-01,1980-12-07,63.1229,0.9441,JHU,0.5,fourier_country_k1
KEN,1980,50,1980-12-08,1980-12-14,66.2141,0.9904,JHU,0.5,fourier_country_k1
KEN,1980,51,1980-12-15,1980-12-21,69.1272,1.034,JHU,0.5,fourier_country_k1
KEN,1980,52,1980-12-22,1980-12-28,71.8197,1.0742,JHU,0.5,fourier_country_k1
KEN,1981,1,1980-12-29,1981-01-04,74.2523,1.1106,JHU,0.5,fourier_country_k1
KEN,1981,2,1981-01-05,1981-01-11,66.0003,2.9406,JHU,0.5,fourier_country_k1
KEN,1981,3,1981-01-12,1981-01-18,67.5649,3.0103,JHU,0.5,fourier_country_k1
KEN,1981,4,1981-01-19,1981-01-25,68.8245,3.0664,JHU,0.5,fourier_country_k1
KEN,1981,5,1981-01-26,1981-02-01,69.7609,3.1082,JHU,0.5,fourier_country_k1
KEN,1981,6,1981-02-02,1981-02-08,70.3603,3.1349,JHU,0.5,fourier_country_k1
KEN,1981,7,1981-02-09,1981-02-15,70.6141,3.1462,JHU,0.5,fourier_country_k1
KEN,1981,8,1981-02-16,1981-02-22,70.5185,3.1419,JHU,0.5,fourier_country_k1
KEN,1981,9,1981-02-23,1981-03-01,70.075,3.1222,JHU,0.5,fourier_country_k1
KEN,1981,10,1981-03-02,1981-03-08,69.2899,3.0872,JHU,0.5,fourier_country_k1
KEN,1981,11,1981-03-09,1981-03-15,68.1748,3.0375,JHU,0.5,fourier_country_k1
KEN,1981,12,1981-03-16,1981-03-22,66.7459,2.9738,JHU,0.5,fourier_country_k1
KEN,1981,13,1981-03-23,1981-03-29,65.024,2.8971,JHU,0.5,fourier_country_k1
KEN,1981,14,1981-03-30,1981-04-05,63.0343,2.8085,JHU,0.5,fourier_country_k1
KEN,1981,15,1981-04-06,1981-04-12,60.8057,2.7092,JHU,0.5,fourier_country_k1
KEN,1981,16,1981-04-13,1981-04-19,58.3708,2.6007,JHU,0.5,fourier_country_k1
KEN,1981,17,1981-04-20,1981-04-26,55.7651,2.4846,JHU,0.5,fourier_country_k1
KEN,1981,18,1981-04-27,1981-05-03,53.0265,2.3626,JHU,0.5,fourier_country_k1
KEN,1981,19,1981-05-04,1981-05-10,50.1951,2.2364,JHU,0.5,fourier_country_k1
KEN,1981,20,1981-05-11,1981-05-17,47.312,2.108,JHU,0.5,fourier_country_k1
KEN,1981,21,1981-05-18,1981-05-24,44.4194,1.9791,JHU,0.5,fourier_country_k1
KEN,1981,22,1981-05-25,1981-05-31,41.5593,1.8517,JHU,0.5,fourier_country_k1
KEN,1981,23,1981-06-01,1981-06-07,38.7736,1.7275,JHU,0.5,fourier_country_k1
KEN,1981,24,1981-06-08,1981-06-14,36.1029,1.6085,JHU,0.5,fourier_country_k1
KEN,1981,25,1981-06-15,1981-06-21,33.586,1.4964,JHU,0.5,fourier_country_k1
KEN,1981,26,1981-06-22,1981-06-28,31.2597,1.3928,JHU,0.5,fourier_country_k1
KEN,1981,27,1981-06-29,1981-07-05,29.1579,1.2991,JHU,0.5,fourier_country_k1
KEN,1981,28,1981-07-06,1981-07-12,27.3113,1.2168,JHU,0.5,fourier_country_k1
KEN,1981,29,1981-07-13,1981-07-19,25.7467,1.1471,JHU,0.5,fourier_country_k1
KEN,1981,30,1981-07-20,1981-07-26,24.4871,1.091,JHU,0.5,fourier_country_k1
KEN,1981,31,1981-07-27,1981-08-02,23.5507,1.0493,JHU,0.5,fourier_country_k1
KEN,1981,32,1981-08-03,1981-08-09,22.9513,1.0226,JHU,0.5,fourier_country_k1
KEN,1981,33,1981-08-10,1981-08-16,22.6975,1.0113,JHU,0.5,fourier_country_k1
KEN,1981,34,1981-08-17,1981-08-23,22.7931,1.0155,JHU,0.5,fourier_country_k1
KEN,1981,35,1981-08-24,1981-08-30,23.2366,1.0353,JHU,0.5,fourier_country_k1
KEN,1981,36,1981-08-31,1981-09-06,24.0217,1.0703,JHU,0.5,fourier_country_k1
KEN,1981,37,1981-09-07,1981-09-13,25.1368,1.12,JHU,0.5,fourier_country_k1
KEN,1981,38,1981-09-14,1981-09-20,26.5657,1.1836,JHU,0.5,fourier_country_k1
KEN,1981,39,1981-09-21,1981-09-27,28.2876,1.2603,JHU,0.5,fourier_country_k1
KEN,1981,40,1981-09-28,1981-10-04,30.2773,1.349,JHU,0.5,fourier_country_k1
KEN,1981,41,1981-10-05,1981-10-11,32.5059,1.4483,JHU,0.5,fourier_country_k1
KEN,1981,42,1981-10-12,1981-10-18,34.9408,1.5568,JHU,0.5,fourier_country_k1
KEN,1981,43,1981-10-19,1981-10-25,37.5465,1.6729,JHU,0.5,fourier_country_k1
KEN,1981,44,1981-10-26,1981-11-01,40.2851,1.7949,JHU,0.5,fourier_country_k1
KEN,1981,45,1981-11-02,1981-11-08,43.1165,1.921,JHU,0.5,fourier_country_k1
KEN,1981,46,1981-11-09,1981-11-15,45.9996,2.0495,JHU,0.5,fourier_country_k1
KEN,1981,47,1981-11-16,1981-11-22,48.8922,2.1784,JHU,0.5,fourier_country_k1
KEN,1981,48,1981-11-23,1981-11-29,51.7523,2.3058,JHU,0.5,fourier_country_k1
KEN,1981,49,1981-11-30,1981-12-06,54.538,2.4299,JHU,0.5,fourier_country_k1
KEN,1981,50,1981-12-07,1981-12-13,57.2087,2.5489,JHU,0.5,fourier_country_k1
KEN,1981,51,1981-12-14,1981-12-20,59.7256,2.661,JHU,0.5,fourier_country_k1
KEN,1981,52,1981-12-21,1981-12-27,62.0519,2.7647,JHU,0.5,fourier_country_k1
KEN,1981,53,1981-12-28,1982-01-03,62.0519,2.7647,JHU,0.5,fourier_country_k1
KEN,1982,1,1982-01-04,1982-01-10,92.498,2.4063,JHU,0.5,fourier_country_k1
KEN,1982,2,1982-01-11,1982-01-17,95.1605,2.4756,JHU,0.5,fourier_country_k1
KEN,1982,3,1982-01-18,1982-01-24,97.4163,2.5343,JHU,0.5,fourier_country_k1
KEN,1982,4,1982-01-25,1982-01-31,99.2325,2.5815,JHU,0.5,fourier_country_k1
KEN,1982,5,1982-02-01,1982-02-07,100.5826,2.6166,JHU,0.5,fourier_country_k1
KEN,1982,6,1982-02-08,1982-02-14,101.4469,2.6391,JHU,0.5,fourier_country_k1
KEN,1982,7,1982-02-15,1982-02-21,101.8128,2.6486,JHU,0.5,fourier_country_k1
KEN,1982,8,1982-02-22,1982-02-28,101.675,2.6451,JHU,0.5,fourier_country_k1
KEN,1982,9,1982-03-01,1982-03-07,101.0354,2.6284,JHU,0.5,fourier_country_k1
KEN,1982,10,1982-03-08,1982-03-14,99.9035,2.599,JHU,0.5,fourier_country_k1
KEN,1982,11,1982-03-15,1982-03-21,98.2957,2.5571,JHU,0.5,fourier_country_k1
KEN,1982,12,1982-03-22,1982-03-28,96.2355,2.5036,JHU,0.5,fourier_country_k1
KEN,1982,13,1982-03-29,1982-04-04,93.7528,2.439,JHU,0.5,fourier_country_k1
KEN,1982,14,1982-04-05,1982-04-11,90.884,2.3643,JHU,0.5,fourier_country_k1
KEN,1982,15,1982-04-12,1982-04-18,87.6709,2.2807,JHU,0.5,fourier_country_k1
KEN,1982,16,1982-04-19,1982-04-25,84.1602,2.1894,JHU,0.5,fourier_country_k1
KEN,1982,17,1982-04-26,1982-05-02,80.4032,2.0917,JHU,0.5,fourier_country_k1
KEN,1982,18,1982-05-03,1982-05-09,76.4547,1.989,JHU,0.5,fourier_country_k1
KEN,1982,19,1982-05-10,1982-05-16,72.3722,1.8828,JHU,0.5,fourier_country_k1
KEN,1982,20,1982-05-17,1982-05-23,68.2154,1.7746,JHU,0.5,fourier_country_k1
KEN,1982,21,1982-05-24,1982-05-30,64.0447,1.6661,JHU,0.5,fourier_country_k1
KEN,1982,22,1982-05-31,1982-06-06,59.9211,1.5588,JHU,0.5,fourier_country_k1
KEN,1982,23,1982-06-07,1982-06-13,55.9046,1.4543,JHU,0.5,fourier_country_k1
KEN,1982,24,1982-06-14,1982-06-20,52.0538,1.3542,JHU,0.5,fourier_country_k1
KEN,1982,25,1982-06-21,1982-06-27,48.4249,1.2598,JHU,0.5,fourier_country_k1
KEN,1982,26,1982-06-28,1982-07-04,45.0708,1.1725,JHU,0.5,fourier_country_k1
KEN,1982,27,1982-07-05,1982-07-11,42.0404,1.0937,JHU,0.5,fourier_country_k1
KEN,1982,28,1982-07-12,1982-07-18,39.3779,1.0244,JHU,0.5,fourier_country_k1
KEN,1982,29,1982-07-19,1982-07-25,37.1221,0.9657,JHU,0.5,fourier_country_k1
KEN,1982,30,1982-07-26,1982-08-01,35.306,0.9185,JHU,0.5,fourier_country_k1
KEN,1982,31,1982-08-02,1982-08-08,33.9559,0.8834,JHU,0.5,fourier_country_k1
KEN,1982,32,1982-08-09,1982-08-15,33.0916,0.8609,JHU,0.5,fourier_country_k1
KEN,1982,33,1982-08-16,1982-08-22,32.7257,0.8514,JHU,0.5,fourier_country_k1
KEN,1982,34,1982-08-23,1982-08-29,32.8635,0.8549,JHU,0.5,fourier_country_k1
KEN,1982,35,1982-08-30,1982-09-05,33.503,0.8716,JHU,0.5,fourier_country_k1
KEN,1982,36,1982-09-06,1982-09-12,34.635,0.901,JHU,0.5,fourier_country_k1
KEN,1982,37,1982-09-13,1982-09-19,36.2428,0.9429,JHU,0.5,fourier_country_k1
KEN,1982,38,1982-09-20,1982-09-26,38.303,0.9964,JHU,0.5,fourier_country_k1
KEN,1982,39,1982-09-27,1982-10-03,40.7856,1.061,JHU,0.5,fourier_country_k1
KEN,1982,40,1982-10-04,1982-10-10,43.6544,1.1357,JHU,0.5,fourier_country_k1
KEN,1982,41,1982-10-11,1982-10-17,46.8676,1.2193,JHU,0.5,fourier_country_k1
KEN,1982,42,1982-10-18,1982-10-24,50.3783,1.3106,JHU,0.5,fourier_country_k1
KEN,1982,43,1982-10-25,1982-10-31,54.1353,1.4083,JHU,0.5,fourier_country_k1
KEN,1982,44,1982-11-01,1982-11-07,58.0838,1.511,JHU,0.5,fourier_country_k1
KEN,1982,45,1982-11-08,1982-11-14,62.1662,1.6172,JHU,0.5,fourier_country_k1
KEN,1982,46,1982-11-15,1982-11-21,66.3231,1.7254,JHU,0.5,fourier_country_k1
KEN,1982,47,1982-11-22,1982-11-28,70.4938,1.8339,JHU,0.5,fourier_country_k1
KEN,1982,48,1982-11-29,1982-12-05,74.6174,1.9412,JHU,0.5,fourier_country_k1
KEN,1982,49,1982-12-06,1982-12-12,78.6339,2.0457,JHU,0.5,fourier_country_k1
KEN,1982,50,1982-12-13,1982-12-19,82.4847,2.1458,JHU,0.5,fourier_country_k1
KEN,1982,51,1982-12-20,1982-12-26,86.1135,2.2402,JHU,0.5,fourier_country_k1
KEN,1982,52,1982-12-27,1983-01-02,89.4676,2.3275,JHU,0.5,fourier_country_k1
KEN,1983,1,1983-01-03,1983-01-09,27.7388,1.4015,JHU,0.5,fourier_country_k1
KEN,1983,2,1983-01-10,1983-01-16,28.5373,1.4418,JHU,0.5,fourier_country_k1
KEN,1983,3,1983-01-17,1983-01-23,29.2138,1.476,JHU,0.5,fourier_country_k1
KEN,1983,4,1983-01-24,1983-01-30,29.7584,1.5035,JHU,0.5,fourier_country_k1
KEN,1983,5,1983-01-31,1983-02-06,30.1633,1.524,JHU,0.5,fourier_country_k1
KEN,1983,6,1983-02-07,1983-02-13,30.4225,1.5371,JHU,0.5,fourier_country_k1
KEN,1983,7,1983-02-14,1983-02-20,30.5322,1.5426,JHU,0.5,fourier_country_k1
KEN,1983,8,1983-02-21,1983-02-27,30.4909,1.5405,JHU,0.5,fourier_country_k1
KEN,1983,9,1983-02-28,1983-03-06,30.2991,1.5308,JHU,0.5,fourier_country_k1
KEN,1983,10,1983-03-07,1983-03-13,29.9596,1.5137,JHU,0.5,fourier_country_k1
KEN,1983,11,1983-03-14,1983-03-20,29.4775,1.4893,JHU,0.5,fourier_country_k1
KEN,1983,12,1983-03-21,1983-03-27,28.8596,1.4581,JHU,0.5,fourier_country_k1
KEN,1983,13,1983-03-28,1983-04-03,28.1151,1.4205,JHU,0.5,fourier_country_k1
KEN,1983,14,1983-04-04,1983-04-10,27.2548,1.377,JHU,0.5,fourier_country_k1
KEN,1983,15,1983-04-11,1983-04-17,26.2912,1.3283,JHU,0.5,fourier_country_k1
KEN,1983,16,1983-04-18,1983-04-24,25.2384,1.2752,JHU,0.5,fourier_country_k1
KEN,1983,17,1983-04-25,1983-05-01,24.1118,1.2182,JHU,0.5,fourier_country_k1
KEN,1983,18,1983-05-02,1983-05-08,22.9277,1.1584,JHU,0.5,fourier_country_k1
KEN,1983,19,1983-05-09,1983-05-15,21.7034,1.0965,JHU,0.5,fourier_country_k1
KEN,1983,20,1983-05-16,1983-05-22,20.4568,1.0336,JHU,0.5,fourier_country_k1
KEN,1983,21,1983-05-23,1983-05-29,19.2061,0.9704,JHU,0.5,fourier_country_k1
KEN,1983,22,1983-05-30,1983-06-05,17.9695,0.9079,JHU,0.5,fourier_country_k1
KEN,1983,23,1983-06-06,1983-06-12,16.765,0.847,JHU,0.5,fourier_country_k1
KEN,1983,24,1983-06-13,1983-06-19,15.6102,0.7887,JHU,0.5,fourier_country_k1
KEN,1983,25,1983-06-20,1983-06-26,14.5219,0.7337,JHU,0.5,fourier_country_k1
KEN,1983,26,1983-06-27,1983-07-03,13.5161,0.6829,JHU,0.5,fourier_country_k1
KEN,1983,27,1983-07-04,1983-07-10,12.6073,0.637,JHU,0.5,fourier_country_k1
KEN,1983,28,1983-07-11,1983-07-17,11.8089,0.5966,JHU,0.5,fourier_country_k1
KEN,1983,29,1983-07-18,1983-07-24,11.1324,0.5625,JHU,0.5,fourier_country_k1
KEN,1983,30,1983-07-25,1983-07-31,10.5878,0.5349,JHU,0.5,fourier_country_k1
KEN,1983,31,1983-08-01,1983-08-07,10.1829,0.5145,JHU,0.5,fourier_country_k1
KEN,1983,32,1983-08-08,1983-08-14,9.9237,0.5014,JHU,0.5,fourier_country_k1
KEN,1983,33,1983-08-15,1983-08-21,9.814,0.4958,JHU,0.5,fourier_country_k1
KEN,1983,34,1983-08-22,1983-08-28,9.8553,0.4979,JHU,0.5,fourier_country_k1
KEN,1983,35,1983-08-29,1983-09-04,10.0471,0.5076,JHU,0.5,fourier_country_k1
KEN,1983,36,1983-09-05,1983-09-11,10.3865,0.5248,JHU,0.5,fourier_country_k1
KEN,1983,37,1983-09-12,1983-09-18,10.8687,0.5491,JHU,0.5,fourier_country_k1
KEN,1983,38,1983-09-19,1983-09-25,11.4865,0.5803,JHU,0.5,fourier_country_k1
KEN,1983,39,1983-09-26,1983-10-02,12.231,0.618,JHU,0.5,fourier_country_k1
KEN,1983,40,1983-10-03,1983-10-09,13.0913,0.6614,JHU,0.5,fourier_country_k1
KEN,1983,41,1983-10-10,1983-10-16,14.0549,0.7101,JHU,0.5,fourier_country_k1
KEN,1983,42,1983-10-17,1983-10-23,15.1077,0.7633,JHU,0.5,fourier_country_k1
KEN,1983,43,1983-10-24,1983-10-30,16.2344,0.8202,JHU,0.5,fourier_country_k1
KEN,1983,44,1983-10-31,1983-11-06,17.4185,0.8801,JHU,0.5,fourier_country_k1
KEN,1983,45,1983-11-07,1983-11-13,18.6428,0.9419,JHU,0.5,fourier_country_k1
KEN,1983,46,1983-11-14,1983-11-20,19.8893,1.0049,JHU,0.5,fourier_country_k1
KEN,1983,47,1983-11-21,1983-11-27,21.1401,1.0681,JHU,0.5,fourier_country_k1
KEN,1983,48,1983-11-28,1983-12-04,22.3767,1.1306,JHU,0.5,fourier_country_k1
KEN,1983,49,1983-12-05,1983-12-11,23.5812,1.1914,JHU,0.5,fourier_country_k1
KEN,1983,50,1983-12-12,1983-12-18,24.736,1.2498,JHU,0.5,fourier_country_k1
KEN,1983,51,1983-12-19,1983-12-25,25.8242,1.3048,JHU,0.5,fourier_country_k1
KEN,1983,52,1983-12-26,1984-01-01,26.8301,1.3556,JHU,0.5,fourier_country_k1
KEN,1984,1,1984-01-02,1984-01-08,0.3607,0.0,JHU,0.5,fourier_country_k1
KEN,1984,2,1984-01-09,1984-01-15,0.371,0.0,JHU,0.5,fourier_country_k1
KEN,1984,3,1984-01-16,1984-01-22,0.3798,0.0,JHU,0.5,fourier_country_k1
KEN,1984,4,1984-01-23,1984-01-29,0.3869,0.0,JHU,0.5,fourier_country_k1
KEN,1984,5,1984-01-30,1984-02-05,0.3922,0.0,JHU,0.5,fourier_country_k1
KEN,1984,6,1984-02-06,1984-02-12,0.3956,0.0,JHU,0.5,fourier_country_k1
KEN,1984,7,1984-02-13,1984-02-19,0.397,0.0,JHU,0.5,fourier_country_k1
KEN,1984,8,1984-02-20,1984-02-26,0.3964,0.0,JHU,0.5,fourier_country_k1
KEN,1984,9,1984-02-27,1984-03-04,0.394,0.0,JHU,0.5,fourier_country_k1
KEN,1984,10,1984-03-05,1984-03-11,0.3895,0.0,JHU,0.5,fourier_country_k1
KEN,1984,11,1984-03-12,1984-03-18,0.3833,0.0,JHU,0.5,fourier_country_k1
KEN,1984,12,1984-03-19,1984-03-25,0.3752,0.0,JHU,0.5,fourier_country_k1
KEN,1984,13,1984-03-26,1984-04-01,0.3656,0.0,JHU,0.5,fourier_country_k1
KEN,1984,14,1984-04-02,1984-04-08,0.3544,0.0,JHU,0.5,fourier_country_k1
KEN,1984,15,1984-04-09,1984-04-15,0.3418,0.0,JHU,0.5,fourier_country_k1
KEN,1984,16,1984-04-16,1984-04-22,0.3282,0.0,JHU,0.5,fourier_country_k1
KEN,1984,17,1984-04-23,1984-04-29,0.3135,0.0,JHU,0.5,fourier_country_k1
KEN,1984,18,1984-04-30,1984-05-06,0.2981,0.0,JHU,0.5,fourier_country_k1
KEN,1984,19,1984-05-07,1984-05-13,0.2822,0.0,JHU,0.5,fourier_country_k1
KEN,1984,20,1984-05-14,1984-05-20,0.266,0.0,JHU,0.5,fourier_country_k1
KEN,1984,21,1984-05-21,1984-05-27,0.2497,0.0,JHU,0.5,fourier_country_k1
KEN,1984,22,1984-05-28,1984-06-03,0.2336,0.0,JHU,0.5,fourier_country_k1
KEN,1984,23,1984-06-04,1984-06-10,0.218,0.0,JHU,0.5,fourier_country_k1
KEN,1984,24,1984-06-11,1984-06-17,0.203,0.0,JHU,0.5,fourier_country_k1
KEN,1984,25,1984-06-18,1984-06-24,0.1888,0.0,JHU,0.5,fourier_country_k1
KEN,1984,26,1984-06-25,1984-07-01,0.1757,0.0,JHU,0.5,fourier_country_k1
KEN,1984,27,1984-07-02,1984-07-08,0.1639,0.0,JHU,0.5,fourier_country_k1
KEN,1984,28,1984-07-09,1984-07-15,0.1535,0.0,JHU,0.5,fourier_country_k1
KEN,1984,29,1984-07-16,1984-07-22,0.1447,0.0,JHU,0.5,fourier_country_k1
KEN,1984,30,1984-07-23,1984-07-29,0.1377,0.0,JHU,0.5,fourier_country_k1
KEN,1984,31,1984-07-30,1984-08-05,0.1324,0.0,JHU,0.5,fourier_country_k1
KEN,1984,32,1984-08-06,1984-08-12,0.129,0.0,JHU,0.5,fourier_country_k1
KEN,1984,33,1984-08-13,1984-08-19,0.1276,0.0,JHU,0.5,fourier_country_k1
KEN,1984,34,1984-08-20,1984-08-26,0.1281,0.0,JHU,0.5,fourier_country_k1
KEN,1984,35,1984-08-27,1984-09-02,0.1306,0.0,JHU,0.5,fourier_country_k1
KEN,1984,36,1984-09-03,1984-09-09,0.135,0.0,JHU,0.5,fourier_country_k1
KEN,1984,37,1984-09-10,1984-09-16,0.1413,0.0,JHU,0.5,fourier_country_k1
KEN,1984,38,1984-09-17,1984-09-23,0.1494,0.0,JHU,0.5,fourier_country_k1
KEN,1984,39,1984-09-24,1984-09-30,0.159,0.0,JHU,0.5,fourier_country_k1
KEN,1984,40,1984-10-01,1984-10-07,0.1702,0.0,JHU,0.5,fourier_country_k1
KEN,1984,41,1984-10-08,1984-10-14,0.1827,0.0,JHU,0.5,fourier_country_k1
KEN,1984,42,1984-10-15,1984-10-21,0.1964,0.0,JHU,0.5,fourier_country_k1
KEN,1984,43,1984-10-22,1984-10-28,0.2111,0.0,JHU,0.5,fourier_country_k1
KEN,1984,44,1984-10-29,1984-11-04,0.2265,0.0,JHU,0.5,fourier_country_k1
KEN,1984,45,1984-11-05,1984-11-11,0.2424,0.0,JHU,0.5,fourier_country_k1
KEN,1984,46,1984-11-12,1984-11-18,0.2586,0.0,JHU,0.5,fourier_country_k1
KEN,1984,47,1984-11-19,1984-11-25,0.2749,0.0,JHU,0.5,fourier_country_k1
KEN,1984,48,1984-11-26,1984-12-02,0.2909,0.0,JHU,0.5,fourier_country_k1
KEN,1984,49,1984-12-03,1984-12-09,0.3066,0.0,JHU,0.5,fourier_country_k1
KEN,1984,50,1984-12-10,1984-12-16,0.3216,0.0,JHU,0.5,fourier_country_k1
KEN,1984,51,1984-12-17,1984-12-23,0.3358,0.0,JHU,0.5,fourier_country_k1
KEN,1984,52,1984-12-24,1984-12-30,0.3489,0.0,JHU,0.5,fourier_country_k1
KEN,1985,1,1984-12-31,1985-01-06,0.3607,0.0,JHU,0.5,fourier_country_k1
KEN,1985,2,1985-01-07,1985-01-13,36.7802,2.7748,JHU,0.5,fourier_country_k1
KEN,1985,3,1985-01-14,1985-01-20,37.6521,2.8406,JHU,0.5,fourier_country_k1
KEN,1985,4,1985-01-21,1985-01-27,38.354,2.8936,JHU,0.5,fourier_country_k1
KEN,1985,5,1985-01-28,1985-02-03,38.8758,2.9329,JHU,0.5,fourier_country_k1
KEN,1985,6,1985-02-04,1985-02-10,39.2099,2.9581,JHU,0.5,fourier_country_k1
KEN,1985,7,1985-02-11,1985-02-17,39.3513,2.9688,JHU,0.5,fourier_country_k1
KEN,1985,8,1985-02-18,1985-02-24,39.298,2.9648,JHU,0.5,fourier_country_k1
KEN,1985,9,1985-02-25,1985-03-03,39.0509,2.9461,JHU,0.5,fourier_country_k1
KEN,1985,10,1985-03-04,1985-03-10,38.6134,2.9131,JHU,0.5,fourier_country_k1
KEN,1985,11,1985-03-11,1985-03-17,37.9919,2.8663,JHU,0.5,fourier_country_k1
KEN,1985,12,1985-03-18,1985-03-24,37.1956,2.8062,JHU,0.5,fourier_country_k1
KEN,1985,13,1985-03-25,1985-03-31,36.2361,2.7338,JHU,0.5,fourier_country_k1
KEN,1985,14,1985-04-01,1985-04-07,35.1273,2.6501,JHU,0.5,fourier_country_k1
KEN,1985,15,1985-04-08,1985-04-14,33.8854,2.5564,JHU,0.5,fourier_country_k1
KEN,1985,16,1985-04-15,1985-04-21,32.5285,2.4541,JHU,0.5,fourier_country_k1
KEN,1985,17,1985-04-22,1985-04-28,31.0764,2.3445,JHU,0.5,fourier_country_k1
KEN,1985,18,1985-04-29,1985-05-05,29.5502,2.2294,JHU,0.5,fourier_country_k1
KEN,1985,19,1985-05-06,1985-05-12,27.9723,2.1103,JHU,0.5,fourier_country_k1
KEN,1985,20,1985-05-13,1985-05-19,26.3657,1.9891,JHU,0.5,fourier_country_k1
KEN,1985,21,1985-05-20,1985-05-26,24.7537,1.8675,JHU,0.5,fourier_country_k1
KEN,1985,22,1985-05-27,1985-06-02,23.1599,1.7473,JHU,0.5,fourier_country_k1
KEN,1985,23,1985-06-03,1985-06-09,21.6075,1.6302,JHU,0.5,fourier_country_k1
KEN,1985,24,1985-06-10,1985-06-16,20.1191,1.5179,JHU,0.5,fourier_country_k1
KEN,1985,25,1985-06-17,1985-06-23,18.7165,1.412,JHU,0.5,fourier_country_k1
KEN,1985,26,1985-06-24,1985-06-30,17.4202,1.3142,JHU,0.5,fourier_country_k1
KEN,1985,27,1985-07-01,1985-07-07,16.2489,1.2259,JHU,0.5,fourier_country_k1
KEN,1985,28,1985-07-08,1985-07-14,15.2198,1.1482,JHU,0.5,fourier_country_k1
KEN,1985,29,1985-07-15,1985-07-21,14.3479,1.0825,JHU,0.5,fourier_country_k1
KEN,1985,30,1985-07-22,1985-07-28,13.646,1.0295,JHU,0.5,fourier_country_k1
KEN,1985,31,1985-07-29,1985-08-04,13.1242,0.9901,JHU,0.5,fourier_country_k1
KEN,1985,32,1985-08-05,1985-08-11,12.7901,0.9649,JHU,0.5,fourier_country_k1
KEN,1985,33,1985-08-12,1985-08-18,12.6487,0.9543,JHU,0.5,fourier_country_k1
KEN,1985,34,1985-08-19,1985-08-25,12.702,0.9583,JHU,0.5,fourier_country_k1
KEN,1985,35,1985-08-26,1985-09-01,12.9491,0.9769,JHU,0.5,fourier_country_k1
KEN,1985,36,1985-09-02,1985-09-08,13.3866,1.0099,JHU,0.5,fourier_country_k1
KEN,1985,37,1985-09-09,1985-09-15,14.0081,1.0568,JHU,0.5,fourier_country_k1
KEN,1985,38,1985-09-16,1985-09-22,14.8044,1.1169,JHU,0.5,fourier_country_k1
KEN,1985,39,1985-09-23,1985-09-29,15.7639,1.1893,JHU,0.5,fourier_country_k1
KEN,1985,40,1985-09-30,1985-10-06,16.8727,1.2729,JHU,0.5,fourier_country_k1
KEN,1985,41,1985-10-07,1985-10-13,18.1146,1.3666,JHU,0.5,fourier_country_k1
KEN,1985,42,1985-10-14,1985-10-20,19.4715,1.469,JHU,0.5,fourier_country_k1
KEN,1985,43,1985-10-21,1985-10-27,20.9236,1.5786,JHU,0.5,fourier_country_k1
KEN,1985,44,1985-10-28,1985-11-03,22.4498,1.6937,JHU,0.5,fourier_country_k1
KEN,1985,45,1985-11-04,1985-11-10,24.0277,1.8127,JHU,0.5,fourier_country_k1
KEN,1985,46,1985-11-11,1985-11-17,25.6343,1.9339,JHU,0.5,fourier_country_k1
KEN,1985,47,1985-11-18,1985-11-24,27.2463,2.0556,JHU,0.5,fourier_country_k1
KEN,1985,48,1985-11-25,1985-12-01,28.8401,2.1758,JHU,0.5,fourier_country_k1
KEN,1985,49,1985-12-02,1985-12-08,30.3925,2.2929,JHU,0.5,fourier_country_k1
KEN,1985,50,1985-12-09,1985-12-15,31.8809,2.4052,JHU,0.5,fourier_country_k1
KEN,1985,51,1985-12-16,1985-12-22,33.2835,2.511,JHU,0.5,fourier_country_k1
KEN,1985,52,1985-12-23,1985-12-29,34.5798,2.6088,JHU,0.5,fourier_country_k1
KEN,1986,1,1985-12-30,1986-01-05,35.7511,2.6972,JHU,0.5,fourier_country_k1
KEN,1986,2,1986-01-06,1986-01-12,22.8244,1.2242,JHU,0.5,fourier_country_k1
KEN,1986,3,1986-01-13,1986-01-19,23.3654,1.2532,JHU,0.5,fourier_country_k1
KEN,1986,4,1986-01-20,1986-01-26,23.801,1.2766,JHU,0.5,fourier_country_k1
KEN,1986,5,1986-01-27,1986-02-02,24.1249,1.2939,JHU,0.5,fourier_country_k1
KEN,1986,6,1986-02-03,1986-02-09,24.3322,1.3051,JHU,0.5,fourier_country_k1
KEN,1986,7,1986-02-10,1986-02-16,24.4199,1.3098,JHU,0.5,fourier_country_k1
KEN,1986,8,1986-02-17,1986-02-23,24.3869,1.308,JHU,0.5,fourier_country_k1
KEN,1986,9,1986-02-24,1986-03-02,24.2335,1.2998,JHU,0.5,fourier_country_k1
KEN,1986,10,1986-03-03,1986-03-09,23.962,1.2852,JHU,0.5,fourier_country_k1
KEN,1986,11,1986-03-10,1986-03-16,23.5764,1.2645,JHU,0.5,fourier_country_k1
KEN,1986,12,1986-03-17,1986-03-23,23.0822,1.238,JHU,0.5,fourier_country_k1
KEN,1986,13,1986-03-24,1986-03-30,22.4867,1.2061,JHU,0.5,fourier_country_k1
KEN,1986,14,1986-03-31,1986-04-06,21.7987,1.1692,JHU,0.5,fourier_country_k1
KEN,1986,15,1986-04-07,1986-04-13,21.028,1.1278,JHU,0.5,fourier_country_k1
KEN,1986,16,1986-04-14,1986-04-20,20.1859,1.0827,JHU,0.5,fourier_country_k1
KEN,1986,17,1986-04-21,1986-04-27,19.2848,1.0343,JHU,0.5,fourier_country_k1
KEN,1986,18,1986-04-28,1986-05-04,18.3378,0.9836,JHU,0.5,fourier_country_k1
KEN,1986,19,1986-05-05,1986-05-11,17.3586,0.931,JHU,0.5,fourier_country_k1
KEN,1986,20,1986-05-12,1986-05-18,16.3615,0.8776,JHU,0.5,fourier_country_k1
KEN,1986,21,1986-05-19,1986-05-25,15.3612,0.8239,JHU,0.5,fourier_country_k1
KEN,1986,22,1986-05-26,1986-06-01,14.3721,0.7709,JHU,0.5,fourier_country_k1
KEN,1986,23,1986-06-02,1986-06-08,13.4088,0.7192,JHU,0.5,fourier_country_k1
KEN,1986,24,1986-06-09,1986-06-15,12.4852,0.6696,JHU,0.5,fourier_country_k1
KEN,1986,25,1986-06-16,1986-06-22,11.6148,0.623,JHU,0.5,fourier_country_k1
KEN,1986,26,1986-06-23,1986-06-29,10.8103,0.5798,JHU,0.5,fourier_country_k1
KEN,1986,27,1986-06-30,1986-07-06,10.0835,0.5408,JHU,0.5,fourier_country_k1
KEN,1986,28,1986-07-07,1986-07-13,9.4448,0.5066,JHU,0.5,fourier_country_k1
KEN,1986,29,1986-07-14,1986-07-20,8.9038,0.4776,JHU,0.5,fourier_country_k1
KEN,1986,30,1986-07-21,1986-07-27,8.4682,0.4542,JHU,0.5,fourier_country_k1
KEN,1986,31,1986-07-28,1986-08-03,8.1444,0.4368,JHU,0.5,fourier_country_k1
KEN,1986,32,1986-08-04,1986-08-10,7.9371,0.4257,JHU,0.5,fourier_country_k1
KEN,1986,33,1986-08-11,1986-08-17,7.8493,0.421,JHU,0.5,fourier_country_k1
KEN,1986,34,1986-08-18,1986-08-24,7.8824,0.4228,JHU,0.5,fourier_country_k1
KEN,1986,35,1986-08-25,1986-08-31,8.0357,0.431,JHU,0.5,fourier_country_k1
KEN,1986,36,1986-09-01,1986-09-07,8.3072,0.4456,JHU,0.5,fourier_country_k1
KEN,1986,37,1986-09-08,1986-09-14,8.6929,0.4662,JHU,0.5,fourier_country_k1
KEN,1986,38,1986-09-15,1986-09-21,9.187,0.4927,JHU,0.5,fourier_country_k1
KEN,1986,39,1986-09-22,1986-09-28,9.7825,0.5247,JHU,0.5,fourier_country_k1
KEN,1986,40,1986-09-29,1986-10-05,10.4706,0.5616,JHU,0.5,fourier_country_k1
KEN,1986,41,1986-10-06,1986-10-12,11.2413,0.6029,JHU,0.5,fourier_country_k1
KEN,1986,42,1986-10-13,1986-10-19,12.0833,0.6481,JHU,0.5,fourier_country_k1
KEN,1986,43,1986-10-20,1986-10-26,12.9844,0.6964,JHU,0.5,fourier_country_k1
KEN,1986,44,1986-10-27,1986-11-02,13.9315,0.7472,JHU,0.5,fourier_country_k1
KEN,1986,45,1986-11-03,1986-11-09,14.9107,0.7997,JHU,0.5,fourier_country_k1
KEN,1986,46,1986-11-10,1986-11-16,15.9077,0.8532,JHU,0.5,fourier_country_k1
KEN,1986,47,1986-11-17,1986-11-23,16.908,0.9069,JHU,0.5,fourier_country_k1
KEN,1986,48,1986-11-24,1986-11-30,17.8971,0.9599,JHU,0.5,fourier_country_k1
KEN,1986,49,1986-12-01,1986-12-07,18.8604,1.0116,JHU,0.5,fourier_country_k1
KEN,1986,50,1986-12-08,1986-12-14,19.7841,1.0611,JHU,0.5,fourier_country_k1
KEN,1986,51,1986-12-15,1986-12-21,20.6544,1.1078,JHU,0.5,fourier_country_k1
KEN,1986,52,1986-12-22,1986-12-28,21.4589,1.151,JHU,0.5,fourier_country_k1
KEN,1987,1,1986-12-29,1987-01-04,22.1858,1.1899,JHU,0.5,fourier_country_k1
KEN,1987,2,1987-01-05,1987-01-11,6.9431,0.3267,JHU,0.5,fourier_country_k1
KEN,1987,3,1987-01-12,1987-01-18,7.1077,0.3345,JHU,0.5,fourier_country_k1
KEN,1987,4,1987-01-19,1987-01-25,7.2402,0.3407,JHU,0.5,fourier_country_k1
KEN,1987,5,1987-01-26,1987-02-01,7.3387,0.3454,JHU,0.5,fourier_country_k1
KEN,1987,6,1987-02-02,1987-02-08,7.4018,0.3483,JHU,0.5,fourier_country_k1
KEN,1987,7,1987-02-09,1987-02-15,7.4285,0.3496,JHU,0.5,fourier_country_k1
KEN,1987,8,1987-02-16,1987-02-22,7.4184,0.3491,JHU,0.5,fourier_country_k1
KEN,1987,9,1987-02-23,1987-03-01,7.3717,0.3469,JHU,0.5,fourier_country_k1
KEN,1987,10,1987-03-02,1987-03-08,7.2892,0.343,JHU,0.5,fourier_country_k1
KEN,1987,11,1987-03-09,1987-03-15,7.1719,0.3375,JHU,0.5,fourier_country_k1
KEN,1987,12,1987-03-16,1987-03-22,7.0215,0.3304,JHU,0.5,fourier_country_k1
KEN,1987,13,1987-03-23,1987-03-29,6.8404,0.3219,JHU,0.5,fourier_country_k1
KEN,1987,14,1987-03-30,1987-04-05,6.6311,0.3121,JHU,0.5,fourier_country_k1
KEN,1987,15,1987-04-06,1987-04-12,6.3966,0.301,JHU,0.5,fourier_country_k1
KEN,1987,16,1987-04-13,1987-04-19,6.1405,0.289,JHU,0.5,fourier_country_k1
KEN,1987,17,1987-04-20,1987-04-26,5.8664,0.2761,JHU,0.5,fourier_country_k1
KEN,1987,18,1987-04-27,1987-05-03,5.5783,0.2625,JHU,0.5,fourier_country_k1
KEN,1987,19,1987-05-04,1987-05-10,5.2804,0.2485,JHU,0.5,fourier_country_k1
KEN,1987,20,1987-05-11,1987-05-17,4.9771,0.2342,JHU,0.5,fourier_country_k1
KEN,1987,21,1987-05-18,1987-05-24,4.6728,0.2199,JHU,0.5,fourier_country_k1
KEN,1987,22,1987-05-25,1987-05-31,4.372,0.2057,JHU,0.5,fourier_country_k1
KEN,1987,23,1987-06-01,1987-06-07,4.0789,0.1919,JHU,0.5,fourier_country_k1
KEN,1987,24,1987-06-08,1987-06-14,3.798,0.1787,JHU,0.5,fourier_country_k1
KEN,1987,25,1987-06-15,1987-06-21,3.5332,0.1663,JHU,0.5,fourier_country_k1
KEN,1987,26,1987-06-22,1987-06-28,3.2885,0.1548,JHU,0.5,fourier_country_k1
KEN,1987,27,1987-06-29,1987-07-05,3.0674,0.1443,JHU,0.5,fourier_country_k1
KEN,1987,28,1987-07-06,1987-07-12,2.8731,0.1352,JHU,0.5,fourier_country_k1
KEN,1987,29,1987-07-13,1987-07-19,2.7085,0.1275,JHU,0.5,fourier_country_k1
KEN,1987,30,1987-07-20,1987-07-26,2.576,0.1212,JHU,0.5,fourier_country_k1
KEN,1987,31,1987-07-27,1987-08-02,2.4775,0.1166,JHU,0.5,fourier_country_k1
KEN,1987,32,1987-08-03,1987-08-09,2.4144,0.1136,JHU,0.5,fourier_country_k1
KEN,1987,33,1987-08-10,1987-08-16,2.3877,0.1124,JHU,0.5,fourier_country_k1
KEN,1987,34,1987-08-17,1987-08-23,2.3978,0.1128,JHU,0.5,fourier_country_k1
KEN,1987,35,1987-08-24,1987-08-30,2.4444,0.115,JHU,0.5,fourier_country_k1
KEN,1987,36,1987-08-31,1987-09-06,2.527,0.1189,JHU,0.5,fourier_country_k1
KEN,1987,37,1987-09-07,1987-09-13,2.6443,0.1244,JHU,0.5,fourier_country_k1
KEN,1987,38,1987-09-14,1987-09-20,2.7947,0.1315,JHU,0.5,fourier_country_k1
KEN,1987,39,1987-09-21,1987-09-27,2.9758,0.14,JHU,0.5,fourier_country_k1
KEN,1987,40,1987-09-28,1987-10-04,3.1851,0.1499,JHU,0.5,fourier_country_k1
KEN,1987,41,1987-10-05,1987-10-11,3.4196,0.1609,JHU,0.5,fourier_country_k1
KEN,1987,42,1987-10-12,1987-10-18,3.6757,0.173,JHU,0.5,fourier_country_k1
KEN,1987,43,1987-10-19,1987-10-25,3.9498,0.1859,JHU,0.5,fourier_country_k1
KEN,1987,44,1987-10-26,1987-11-01,4.2379,0.1994,JHU,0.5,fourier_country_k1
KEN,1987,45,1987-11-02,1987-11-08,4.5358,0.2134,JHU,0.5,fourier_country_k1
KEN,1987,46,1987-11-09,1987-11-15,4.8391,0.2277,JHU,0.5,fourier_country_k1
KEN,1987,47,1987-11-16,1987-11-22,5.1434,0.242,JHU,0.5,fourier_country_k1
KEN,1987,48,1987-11-23,1987-11-29,5.4442,0.2562,JHU,0.5,fourier_country_k1
KEN,1987,49,1987-11-30,1987-12-06,5.7373,0.27,JHU,0.5,fourier_country_k1
KEN,1987,50,1987-12-07,1987-12-13,6.0182,0.2832,JHU,0.5,fourier_country_k1
KEN,1987,51,1987-12-14,1987-12-20,6.283,0.2957,JHU,0.5,fourier_country_k1
KEN,1987,52,1987-12-21,1987-12-27,6.5277,0.3072,JHU,0.5,fourier_country_k1
KEN,1987,53,1987-12-28,1988-01-03,6.5277,0.3072,JHU,0.5,fourier_country_k1
KEN,1988,1,1988-01-04,1988-01-10,0.0,0.0,none,0.5,assumed_zero
KEN,1988,2,1988-01-11,1988-01-17,0.0,0.0,none,0.5,assumed_zero
KEN,1988,3,1988-01-18,1988-01-24,0.0,0.0,none,0.5,assumed_zero
KEN,1988,4,1988-01-25,1988-01-31,0.0,0.0,none,0.5,assumed_zero
KEN,1988,5,1988-02-01,1988-02-07,0.0,0.0,none,0.5,assumed_zero
KEN,1988,6,1988-02-08,1988-02-14,0.0,0.0,none,0.5,assumed_zero
KEN,1988,7,1988-02-15,1988-02-21,0.0,0.0,none,0.5,assumed_zero
KEN,1988,8,1988-02-22,1988-02-28,0.0,0.0,none,0.5,assumed_zero
KEN,1988,9,1988-02-29,1988-03-06,0.0,0.0,none,0.5,assumed_zero
KEN,1988,10,1988-03-07,1988-03-13,0.0,0.0,none,0.5,assumed_zero
KEN,1988,11,1988-03-14,1988-03-20,0.0,0.0,none,0.5,assumed_zero
KEN,1988,12,1988-03-21,1988-03-27,0.0,0.0,none,0.5,assumed_zero
KEN,1988,13,1988-03-28,1988-04-03,0.0,0.0,none,0.5,assumed_zero
KEN,1988,14,1988-04-04,1988-04-10,0.0,0.0,none,0.5,assumed_zero
KEN,1988,15,1988-04-11,1988-04-17,0.0,0.0,none,0.5,assumed_zero
KEN,1988,16,1988-04-18,1988-04-24,0.0,0.0,none,0.5,assumed_zero
KEN,1988,17,1988-04-25,1988-05-01,0.0,0.0,none,0.5,assumed_zero
KEN,1988,18,1988-05-02,1988-05-08,0.0,0.0,none,0.5,assumed_zero
KEN,1988,19,1988-05-09,1988-05-15,0.0,0.0,none,0.5,assumed_zero
KEN,1988,20,1988-05-16,1988-05-22,0.0,0.0,none,0.5,assumed_zero
KEN,1988,21,1988-05-23,1988-05-29,0.0,0.0,none,0.5,assumed_zero
KEN,1988,22,1988-05-30,1988-06-05,0.0,0.0,none,0.5,assumed_zero
KEN,1988,23,1988-06-06,1988-06-12,0.0,0.0,none,0.5,assumed_zero
KEN,1988,24,1988-06-13,1988-06-19,0.0,0.0,none,0.5,assumed_zero
KEN,1988,25,1988-06-20,1988-06-26,0.0,0.0,none,0.5,assumed_zero
KEN,1988,26,1988-06-27,1988-07-03,0.0,0.0,none,0.5,assumed_zero
KEN,1988,27,1988-07-04,1988-07-10,0.0,0.0,none,0.5,assumed_zero
KEN,1988,28,1988-07-11,1988-07-17,0.0,0.0,none,0.5,assumed_zero
KEN,1988,29,1988-07-18,1988-07-24,0.0,0.0,none,0.5,assumed_zero
KEN,1988,30,1988-07-25,1988-07-31,0.0,0.0,none,0.5,assumed_zero
KEN,1988,31,1988-08-01,1988-08-07,0.0,0.0,none,0.5,assumed_zero
KEN,1988,32,1988-08-08,1988-08-14,0.0,0.0,none,0.5,assumed_zero
KEN,1988,33,1988-08-15,1988-08-21,0.0,0.0,none,0.5,assumed_zero
KEN,1988,34,1988-08-22,1988-08-28,0.0,0.0,none,0.5,assumed_zero
KEN,1988,35,1988-08-29,1988-09-04,0.0,0.0,none,0.5,assumed_zero
KEN,1988,36,1988-09-05,1988-09-11,0.0,0.0,none,0.5,assumed_zero
KEN,1988,37,1988-09-12,1988-09-18,0.0,0.0,none,0.5,assumed_zero
KEN,1988,38,1988-09-19,1988-09-25,0.0,0.0,none,0.5,assumed_zero
KEN,1988,39,1988-09-26,1988-10-02,0.0,0.0,none,0.5,assumed_zero
KEN,1988,40,1988-10-03,1988-10-09,0.0,0.0,none,0.5,assumed_zero
KEN,1988,41,1988-10-10,1988-10-16,0.0,0.0,none,0.5,assumed_zero
KEN,1988,42,1988-10-17,1988-10-23,0.0,0.0,none,0.5,assumed_zero
KEN,1988,43,1988-10-24,1988-10-30,0.0,0.0,none,0.5,assumed_zero
KEN,1988,44,1988-10-31,1988-11-06,0.0,0.0,none,0.5,assumed_zero
KEN,1988,45,1988-11-07,1988-11-13,0.0,0.0,none,0.5,assumed_zero
KEN,1988,46,1988-11-14,1988-11-20,0.0,0.0,none,0.5,assumed_zero
KEN,1988,47,1988-11-21,1988-11-27,0.0,0.0,none,0.5,assumed_zero
KEN,1988,48,1988-11-28,1988-12-04,0.0,0.0,none,0.5,assumed_zero
KEN,1988,49,1988-12-05,1988-12-11,0.0,0.0,none,0.5,assumed_zero
KEN,1988,50,1988-12-12,1988-12-18,0.0,0.0,none,0.5,assumed_zero
KEN,1988,51,1988-12-19,1988-12-25,0.0,0.0,none,0.5,assumed_zero
KEN,1988,52,1988-12-26,1989-01-01,0.0,0.0,none,0.5,assumed_zero
KEN,1989,1,1989-01-02,1989-01-08,24.2748,0.8462,JHU,0.5,fourier_country_k1
KEN,1989,2,1989-01-09,1989-01-15,24.9735,0.8705,JHU,0.5,fourier_country_k1
KEN,1989,3,1989-01-16,1989-01-22,25.5655,0.8912,JHU,0.5,fourier_country_k1
KEN,1989,4,1989-01-23,1989-01-29,26.0421,0.9078,JHU,0.5,fourier_country_k1
KEN,1989,5,1989-01-30,1989-02-05,26.3965,0.9201,JHU,0.5,fourier_country_k1
KEN,1989,6,1989-02-06,1989-02-12,26.6233,0.928,JHU,0.5,fourier_country_k1
KEN,1989,7,1989-02-13,1989-02-19,26.7193,0.9314,JHU,0.5,fourier_country_k1
KEN,1989,8,1989-02-20,1989-02-26,26.6831,0.9301,JHU,0.5,fourier_country_k1
KEN,1989,9,1989-02-27,1989-03-05,26.5153,0.9243,JHU,0.5,fourier_country_k1
KEN,1989,10,1989-03-06,1989-03-12,26.2182,0.9139,JHU,0.5,fourier_country_k1
KEN,1989,11,1989-03-13,1989-03-19,25.7963,0.8992,JHU,0.5,fourier_country_k1
KEN,1989,12,1989-03-20,1989-03-26,25.2556,0.8804,JHU,0.5,fourier_country_k1
KEN,1989,13,1989-03-27,1989-04-02,24.6041,0.8577,JHU,0.5,fourier_country_k1
KEN,1989,14,1989-04-03,1989-04-09,23.8512,0.8314,JHU,0.5,fourier_country_k1
KEN,1989,15,1989-04-10,1989-04-16,23.008,0.802,JHU,0.5,fourier_country_k1
KEN,1989,16,1989-04-17,1989-04-23,22.0866,0.7699,JHU,0.5,fourier_country_k1
KEN,1989,17,1989-04-24,1989-04-30,21.1007,0.7355,JHU,0.5,fourier_country_k1
KEN,1989,18,1989-05-01,1989-05-07,20.0644,0.6994,JHU,0.5,fourier_country_k1
KEN,1989,19,1989-05-08,1989-05-14,18.9931,0.6621,JHU,0.5,fourier_country_k1
KEN,1989,20,1989-05-15,1989-05-21,17.9021,0.624,JHU,0.5,fourier_country_k1
KEN,1989,21,1989-05-22,1989-05-28,16.8076,0.5859,JHU,0.5,fourier_country_k1
KEN,1989,22,1989-05-29,1989-06-04,15.7254,0.5482,JHU,0.5,fourier_country_k1
KEN,1989,23,1989-06-05,1989-06-11,14.6714,0.5114,JHU,0.5,fourier_country_k1
KEN,1989,24,1989-06-12,1989-06-18,13.6608,0.4762,JHU,0.5,fourier_country_k1
KEN,1989,25,1989-06-19,1989-06-25,12.7084,0.443,JHU,0.5,fourier_country_k1
KEN,1989,26,1989-06-26,1989-07-02,11.8282,0.4123,JHU,0.5,fourier_country_k1
KEN,1989,27,1989-07-03,1989-07-09,11.0329,0.3846,JHU,0.5,fourier_country_k1
KEN,1989,28,1989-07-10,1989-07-16,10.3342,0.3602,JHU,0.5,fourier_country_k1
KEN,1989,29,1989-07-17,1989-07-23,9.7422,0.3396,JHU,0.5,fourier_country_k1
KEN,1989,30,1989-07-24,1989-07-30,9.2655,0.323,JHU,0.5,fourier_country_k1
KEN,1989,31,1989-07-31,1989-08-06,8.9112,0.3106,JHU,0.5,fourier_country_k1
KEN,1989,32,1989-08-07,1989-08-13,8.6844,0.3027,JHU,0.5,fourier_country_k1
KEN,1989,33,1989-08-14,1989-08-20,8.5884,0.2994,JHU,0.5,fourier_country_k1
KEN,1989,34,1989-08-21,1989-08-27,8.6246,0.3006,JHU,0.5,fourier_country_k1
KEN,1989,35,1989-08-28,1989-09-03,8.7924,0.3065,JHU,0.5,fourier_country_k1
KEN,1989,36,1989-09-04,1989-09-10,9.0894,0.3168,JHU,0.5,fourier_country_k1
KEN,1989,37,1989-09-11,1989-09-17,9.5114,0.3316,JHU,0.5,fourier_country_k1
KEN,1989,38,1989-09-18,1989-09-24,10.0521,0.3504,JHU,0.5,fourier_country_k1
KEN,1989,39,1989-09-25,1989-10-01,10.7036,0.3731,JHU,0.5,fourier_country_k1
KEN,1989,40,1989-10-02,1989-10-08,11.4565,0.3994,JHU,0.5,fourier_country_k1
KEN,1989,41,1989-10-09,1989-10-15,12.2997,0.4287,JHU,0.5,fourier_country_k1
KEN,1989,42,1989-10-16,1989-10-22,13.2211,0.4609,JHU,0.5,fourier_country_k1
KEN,1989,43,1989-10-23,1989-10-29,14.207,0.4952,JHU,0.5,fourier_country_k1
KEN,1989,44,1989-10-30,1989-11-05,15.2433,0.5314,JHU,0.5,fourier_country_k1
KEN,1989,45,1989-11-06,1989-11-12,16.3146,0.5687,JHU,0.5,fourier_country_k1
KEN,1989,46,1989-11-13,1989-11-19,17.4055,0.6067,JHU,0.5,fourier_country_k1
KEN,1989,47,1989-11-20,1989-11-26,18.5001,0.6449,JHU,0.5,fourier_country_k1
KEN,1989,48,1989-11-27,1989-12-03,19.5823,0.6826,JHU,0.5,fourier_country_k1
KEN,1989,49,1989-12-04,1989-12-10,20.6363,0.7193,JHU,0.5,fourier_country_k1
KEN,1989,50,1989-12-11,1989-12-17,21.6469,0.7546,JHU,0.5,fourier_country_k1
KEN,1989,51,1989-12-18,1989-12-24,22.5993,0.7878,JHU,0.5,fourier_country_k1
KEN,1989,52,1989-12-25,1989-12-31,23.4795,0.8185,JHU,0.5,fourier_country_k1
KEN,1990,1,1990-01-01,1990-01-07,0.0,0.0,none,0.5,assumed_zero
KEN,1990,2,1990-01-08,1990-01-14,0.0,0.0,none,0.5,assumed_zero
KEN,1990,3,1990-01-15,1990-01-21,0.0,0.0,none,0.5,assumed_zero
KEN,1990,4,1990-01-22,1990-01-28,0.0,0.0,none,0.5,assumed_zero
KEN,1990,5,1990-01-29,1990-02-04,0.0,0.0,none,0.5,assumed_zero
KEN,1990,6,1990-02-05,1990-02-11,0.0,0.0,none,0.5,assumed_zero
KEN,1990,7,1990-02-12,1990-02-18,0.0,0.0,none,0.5,assumed_zero
KEN,1990,8,1990-02-19,1990-02-25,0.0,0.0,none,0.5,assumed_zero
KEN,1990,9,1990-02-26,1990-03-04,0.0,0.0,none,0.5,assumed_zero
KEN,1990,10,1990-03-05,1990-03-11,0.0,0.0,none,0.5,assumed_zero
KEN,1990,11,1990-03-12,1990-03-18,0.0,0.0,none,0.5,assumed_zero
KEN,1990,12,1990-03-19,1990-03-25,0.0,0.0,none,0.5,assumed_zero
KEN,1990,13,1990-03-26,1990-04-01,0.0,0.0,none,0.5,assumed_zero
KEN,1990,14,1990-04-02,1990-04-08,0.0,0.0,none,0.5,assumed_zero
KEN,1990,15,1990-04-09,1990-04-15,0.0,0.0,none,0.5,assumed_zero
KEN,1990,16,1990-04-16,1990-04-22,0.0,0.0,none,0.5,assumed_zero
KEN,1990,17,1990-04-23,1990-04-29,0.0,0.0,none,0.5,assumed_zero
KEN,1990,18,1990-04-30,1990-05-06,0.0,0.0,none,0.5,assumed_zero
KEN,1990,19,1990-05-07,1990-05-13,0.0,0.0,none,0.5,assumed_zero
KEN,1990,20,1990-05-14,1990-05-20,0.0,0.0,none,0.5,assumed_zero
KEN,1990,21,1990-05-21,1990-05-27,0.0,0.0,none,0.5,assumed_zero
KEN,1990,22,1990-05-28,1990-06-03,0.0,0.0,none,0.5,assumed_zero
KEN,1990,23,1990-06-04,1990-06-10,0.0,0.0,none,0.5,assumed_zero
KEN,1990,24,1990-06-11,1990-06-17,0.0,0.0,none,0.5,assumed_zero
KEN,1990,25,1990-06-18,1990-06-24,0.0,0.0,none,0.5,assumed_zero
KEN,1990,26,1990-06-25,1990-07-01,0.0,0.0,none,0.5,assumed_zero
KEN,1990,27,1990-07-02,1990-07-08,0.0,0.0,none,0.5,assumed_zero
KEN,1990,28,1990-07-09,1990-07-15,0.0,0.0,none,0.5,assumed_zero
KEN,1990,29,1990-07-16,1990-07-22,0.0,0.0,none,0.5,assumed_zero
KEN,1990,30,1990-07-23,1990-07-29,0.0,0.0,none,0.5,assumed_zero
KEN,1990,31,1990-07-30,1990-08-05,0.0,0.0,none,0.5,assumed_zero
KEN,1990,32,1990-08-06,1990-08-12,0.0,0.0,none,0.5,assumed_zero
KEN,1990,33,1990-08-13,1990-08-19,0.0,0.0,none,0.5,assumed_zero
KEN,1990,34,1990-08-20,1990-08-26,0.0,0.0,none,0.5,assumed_zero
KEN,1990,35,1990-08-27,1990-09-02,0.0,0.0,none,0.5,assumed_zero
KEN,1990,36,1990-09-03,1990-09-09,0.0,0.0,none,0.5,assumed_zero
KEN,1990,37,1990-09-10,1990-09-16,0.0,0.0,none,0.5,assumed_zero
KEN,1990,38,1990-09-17,1990-09-23,0.0,0.0,none,0.5,assumed_zero
KEN,1990,39,1990-09-24,1990-09-30,0.0,0.0,none,0.5,assumed_zero
KEN,1990,40,1990-10-01,1990-10-07,0.0,0.0,none,0.5,assumed_zero
KEN,1990,41,1990-10-08,1990-10-14,0.0,0.0,none,0.5,assumed_zero
KEN,1990,42,1990-10-15,1990-10-21,0.0,0.0,none,0.5,assumed_zero
KEN,1990,43,1990-10-22,1990-10-28,0.0,0.0,none,0.5,assumed_zero
KEN,1990,44,1990-10-29,1990-11-04,0.0,0.0,none,0.5,assumed_zero
KEN,1990,45,1990-11-05,1990-11-11,0.0,0.0,none,0.5,assumed_zero
KEN,1990,46,1990-11-12,1990-11-18,0.0,0.0,none,0.5,assumed_zero
KEN,1990,47,1990-11-19,1990-11-25,0.0,0.0,none,0.5,assumed_zero
KEN,1990,48,1990-11-26,1990-12-02,0.0,0.0,none,0.5,assumed_zero
KEN,1990,49,1990-12-03,1990-12-09,0.0,0.0,none,0.5,assumed_zero
KEN,1990,50,1990-12-10,1990-12-16,0.0,0.0,none,0.5,assumed_zero
KEN,1990,51,1990-12-17,1990-12-23,0.0,0.0,none,0.5,assumed_zero
KEN,1990,52,1990-12-24,1990-12-30,0.0,0.0,none,0.5,assumed_zero
KEN,1991,1,1990-12-31,1991-01-06,0.0,0.0,none,0.5,assumed_zero
KEN,1991,2,1991-01-07,1991-01-13,0.0,0.0,none,0.5,assumed_zero
KEN,1991,3,1991-01-14,1991-01-20,0.0,0.0,none,0.5,assumed_zero
KEN,1991,4,1991-01-21,1991-01-27,0.0,0.0,none,0.5,assumed_zero
KEN,1991,5,1991-01-28,1991-02-03,0.0,0.0,none,0.5,assumed_zero
KEN,1991,6,1991-02-04,1991-02-10,0.0,0.0,none,0.5,assumed_zero
KEN,1991,7,1991-02-11,1991-02-17,0.0,0.0,none,0.5,assumed_zero
KEN,1991,8,1991-02-18,1991-02-24,0.0,0.0,none,0.5,assumed_zero
KEN,1991,9,1991-02-25,1991-03-03,0.0,0.0,none,0.5,assumed_zero
KEN,1991,10,1991-03-04,1991-03-10,0.0,0.0,none,0.5,assumed_zero
KEN,1991,11,1991-03-11,1991-03-17,0.0,0.0,none,0.5,assumed_zero
KEN,1991,12,1991-03-18,1991-03-24,0.0,0.0,none,0.5,assumed_zero
KEN,1991,13,1991-03-25,1991-03-31,0.0,0.0,none,0.5,assumed_zero
KEN,1991,14,1991-04-01,1991-04-07,0.0,0.0,none,0.5,assumed_zero
KEN,1991,15,1991-04-08,1991-04-14,0.0,0.0,none,0.5,assumed_zero
KEN,1991,16,1991-04-15,1991-04-21,0.0,0.0,none,0.5,assumed_zero
KEN,1991,17,1991-04-22,1991-04-28,0.0,0.0,none,0.5,assumed_zero
KEN,1991,18,1991-04-29,1991-05-05,0.0,0.0,none,0.5,assumed_zero
KEN,1991,19,1991-05-06,1991-05-12,0.0,0.0,none,0.5,assumed_zero
KEN,1991,20,1991-05-13,1991-05-19,0.0,0.0,none,0.5,assumed_zero
KEN,1991,21,1991-05-20,1991-05-26,0.0,0.0,none,0.5,assumed_zero
KEN,1991,22,1991-05-27,1991-06-02,0.0,0.0,none,0.5,assumed_zero
KEN,1991,23,1991-06-03,1991-06-09,0.0,0.0,none,0.5,assumed_zero
KEN,1991,24,1991-06-10,1991-06-16,0.0,0.0,none,0.5,assumed_zero
KEN,1991,25,1991-06-17,1991-06-23,0.0,0.0,none,0.5,assumed_zero
KEN,1991,26,1991-06-24,1991-06-30,0.0,0.0,none,0.5,assumed_zero
KEN,1991,27,1991-07-01,1991-07-07,0.0,0.0,none,0.5,assumed_zero
KEN,1991,28,1991-07-08,1991-07-14,0.0,0.0,none,0.5,assumed_zero
KEN,1991,29,1991-07-15,1991-07-21,0.0,0.0,none,0.5,assumed_zero
KEN,1991,30,1991-07-22,1991-07-28,0.0,0.0,none,0.5,assumed_zero
KEN,1991,31,1991-07-29,1991-08-04,0.0,0.0,none,0.5,assumed_zero
KEN,1991,32,1991-08-05,1991-08-11,0.0,0.0,none,0.5,assumed_zero
KEN,1991,33,1991-08-12,1991-08-18,0.0,0.0,none,0.5,assumed_zero
KEN,1991,34,1991-08-19,1991-08-25,0.0,0.0,none,0.5,assumed_zero
KEN,1991,35,1991-08-26,1991-09-01,0.0,0.0,none,0.5,assumed_zero
KEN,1991,36,1991-09-02,1991-09-08,0.0,0.0,none,0.5,assumed_zero
KEN,1991,37,1991-09-09,1991-09-15,0.0,0.0,none,0.5,assumed_zero
KEN,1991,38,1991-09-16,1991-09-22,0.0,0.0,none,0.5,assumed_zero
KEN,1991,39,1991-09-23,1991-09-29,0.0,0.0,none,0.5,assumed_zero
KEN,1991,40,1991-09-30,1991-10-06,0.0,0.0,none,0.5,assumed_zero
KEN,1991,41,1991-10-07,1991-10-13,0.0,0.0,none,0.5,assumed_zero
KEN,1991,42,1991-10-14,1991-10-20,0.0,0.0,none,0.5,assumed_zero
KEN,1991,43,1991-10-21,1991-10-27,0.0,0.0,none,0.5,assumed_zero
KEN,1991,44,1991-10-28,1991-11-03,0.0,0.0,none,0.5,assumed_zero
KEN,1991,45,1991-11-04,1991-11-10,0.0,0.0,none,0.5,assumed_zero
KEN,1991,46,1991-11-11,1991-11-17,0.0,0.0,none,0.5,assumed_zero
KEN,1991,47,1991-11-18,1991-11-24,0.0,0.0,none,0.5,assumed_zero
KEN,1991,48,1991-11-25,1991-12-01,0.0,0.0,none,0.5,assumed_zero
KEN,1991,49,1991-12-02,1991-12-08,0.0,0.0,none,0.5,assumed_zero
KEN,1991,50,1991-12-09,1991-12-15,0.0,0.0,none,0.5,assumed_zero
KEN,1991,51,1991-12-16,1991-12-22,0.0,0.0,none,0.5,assumed_zero
KEN,1991,52,1991-12-23,1991-12-29,0.0,0.0,none,0.5,assumed_zero
KEN,1992,1,1991-12-30,1992-01-05,0.0,0.0,AI,0.85,documented_zero
KEN,1992,2,1992-01-06,1992-01-12,92.248,2.7228,JHU,0.5,fourier_country_k1
KEN,1992,3,1992-01-13,1992-01-19,94.4347,2.7873,JHU,0.5,fourier_country_k1
KEN,1992,4,1992-01-20,1992-01-26,96.1953,2.8393,JHU,0.5,fourier_country_k1
KEN,1992,5,1992-01-27,1992-02-02,97.5041,2.8779,JHU,0.5,fourier_country_k1
KEN,1992,6,1992-02-03,1992-02-09,98.3419,2.9027,JHU,0.5,fourier_country_k1
KEN,1992,7,1992-02-10,1992-02-16,98.6966,2.9131,JHU,0.5,fourier_country_k1
KEN,1992,8,1992-02-17,1992-02-23,98.563,2.9092,JHU,0.5,fourier_country_k1
KEN,1992,9,1992-02-24,1992-03-01,97.9431,2.8909,JHU,0.5,fourier_country_k1
KEN,1992,10,1992-03-02,1992-03-08,96.8458,2.8585,JHU,0.5,fourier_country_k1
KEN,1992,11,1992-03-09,1992-03-15,95.2872,2.8125,JHU,0.5,fourier_country_k1
KEN,1992,12,1992-03-16,1992-03-22,93.29,2.7535,JHU,0.5,fourier_country_k1
KEN,1992,13,1992-03-23,1992-03-29,90.8834,2.6825,JHU,0.5,fourier_country_k1
KEN,1992,14,1992-03-30,1992-04-05,88.1024,2.6004,JHU,0.5,fourier_country_k1
KEN,1992,15,1992-04-06,1992-04-12,84.9875,2.5085,JHU,0.5,fourier_country_k1
KEN,1992,16,1992-04-13,1992-04-19,81.5843,2.408,JHU,0.5,fourier_country_k1
KEN,1992,17,1992-04-20,1992-04-26,77.9423,2.3005,JHU,0.5,fourier_country_k1
KEN,1992,18,1992-04-27,1992-05-03,74.1147,2.1876,JHU,0.5,fourier_country_k1
KEN,1992,19,1992-05-04,1992-05-10,70.1572,2.0708,JHU,0.5,fourier_country_k1
KEN,1992,20,1992-05-11,1992-05-17,66.1275,1.9518,JHU,0.5,fourier_country_k1
KEN,1992,21,1992-05-18,1992-05-24,62.0845,1.8325,JHU,0.5,fourier_country_k1
KEN,1992,22,1992-05-25,1992-05-31,58.0871,1.7145,JHU,0.5,fourier_country_k1
KEN,1992,23,1992-06-01,1992-06-07,54.1935,1.5996,JHU,0.5,fourier_country_k1
KEN,1992,24,1992-06-08,1992-06-14,50.4606,1.4894,JHU,0.5,fourier_country_k1
KEN,1992,25,1992-06-15,1992-06-21,46.9428,1.3856,JHU,0.5,fourier_country_k1
KEN,1992,26,1992-06-22,1992-06-28,43.6913,1.2896,JHU,0.5,fourier_country_k1
KEN,1992,27,1992-06-29,1992-07-05,40.7537,1.2029,JHU,0.5,fourier_country_k1
KEN,1992,28,1992-07-06,1992-07-12,38.1727,1.1267,JHU,0.5,fourier_country_k1
KEN,1992,29,1992-07-13,1992-07-19,35.9859,1.0622,JHU,0.5,fourier_country_k1
KEN,1992,30,1992-07-20,1992-07-26,34.2254,1.0102,JHU,0.5,fourier_country_k1
KEN,1992,31,1992-07-27,1992-08-02,32.9166,0.9716,JHU,0.5,fourier_country_k1
KEN,1992,32,1992-08-03,1992-08-09,32.0788,0.9468,JHU,0.5,fourier_country_k1
KEN,1992,33,1992-08-10,1992-08-16,31.7241,0.9364,JHU,0.5,fourier_country_k1
KEN,1992,34,1992-08-17,1992-08-23,31.8577,0.9403,JHU,0.5,fourier_country_k1
KEN,1992,35,1992-08-24,1992-08-30,32.4776,0.9586,JHU,0.5,fourier_country_k1
KEN,1992,36,1992-08-31,1992-09-06,33.5749,0.991,JHU,0.5,fourier_country_k1
KEN,1992,37,1992-09-07,1992-09-13,35.1335,1.037,JHU,0.5,fourier_country_k1
KEN,1992,38,1992-09-14,1992-09-20,37.1307,1.0959,JHU,0.5,fourier_country_k1
KEN,1992,39,1992-09-21,1992-09-27,39.5373,1.167,JHU,0.5,fourier_country_k1
KEN,1992,40,1992-09-28,1992-10-04,42.3183,1.2491,JHU,0.5,fourier_country_k1
KEN,1992,41,1992-10-05,1992-10-11,45.4331,1.341,JHU,0.5,fourier_country_k1
KEN,1992,42,1992-10-12,1992-10-18,48.8364,1.4415,JHU,0.5,fourier_country_k1
KEN,1992,43,1992-10-19,1992-10-25,52.4784,1.5489,JHU,0.5,fourier_country_k1
KEN,1992,44,1992-10-26,1992-11-01,56.306,1.6619,JHU,0.5,fourier_country_k1
KEN,1992,45,1992-11-02,1992-11-08,60.2635,1.7787,JHU,0.5,fourier_country_k1
KEN,1992,46,1992-11-09,1992-11-15,64.2932,1.8977,JHU,0.5,fourier_country_k1
KEN,1992,47,1992-11-16,1992-11-22,68.3362,2.017,JHU,0.5,fourier_country_k1
KEN,1992,48,1992-11-23,1992-11-29,72.3336,2.135,JHU,0.5,fourier_country_k1
KEN,1992,49,1992-11-30,1992-12-06,76.2272,2.2499,JHU,0.5,fourier_country_k1
KEN,1992,50,1992-12-07,1992-12-13,79.9601,2.3601,JHU,0.5,fourier_country_k1
KEN,1992,51,1992-12-14,1992-12-20,83.4779,2.4639,JHU,0.5,fourier_country_k1
KEN,1992,52,1992-12-21,1992-12-27,86.7293,2.5599,JHU,0.5,fourier_country_k1
KEN,1992,53,1992-12-28,1993-01-03,86.7293,2.5599,JHU,0.5,fourier_country_k1
KEN,1993,1,1993-01-04,1993-01-10,0.0,0.0,none,0.5,assumed_zero
KEN,1993,2,1993-01-11,1993-01-17,0.0,0.0,none,0.5,assumed_zero
KEN,1993,3,1993-01-18,1993-01-24,0.0,0.0,none,0.5,assumed_zero
KEN,1993,4,1993-01-25,1993-01-31,0.0,0.0,none,0.5,assumed_zero
KEN,1993,5,1993-02-01,1993-02-07,0.0,0.0,none,0.5,assumed_zero
KEN,1993,6,1993-02-08,1993-02-14,0.0,0.0,none,0.5,assumed_zero
KEN,1993,7,1993-02-15,1993-02-21,0.0,0.0,none,0.5,assumed_zero
KEN,1993,8,1993-02-22,1993-02-28,0.0,0.0,none,0.5,assumed_zero
KEN,1993,9,1993-03-01,1993-03-07,0.0,0.0,none,0.5,assumed_zero
KEN,1993,10,1993-03-08,1993-03-14,0.0,0.0,none,0.5,assumed_zero
KEN,1993,11,1993-03-15,1993-03-21,0.0,0.0,none,0.5,assumed_zero
KEN,1993,12,1993-03-22,1993-03-28,0.0,0.0,none,0.5,assumed_zero
KEN,1993,13,1993-03-29,1993-04-04,0.0,0.0,none,0.5,assumed_zero
KEN,1993,14,1993-04-05,1993-04-11,0.0,0.0,none,0.5,assumed_zero
KEN,1993,15,1993-04-12,1993-04-18,0.0,0.0,none,0.5,assumed_zero
KEN,1993,16,1993-04-19,1993-04-25,0.0,0.0,none,0.5,assumed_zero
KEN,1993,17,1993-04-26,1993-05-02,0.0,0.0,none,0.5,assumed_zero
KEN,1993,18,1993-05-03,1993-05-09,0.0,0.0,none,0.5,assumed_zero
KEN,1993,19,1993-05-10,1993-05-16,0.0,0.0,none,0.5,assumed_zero
KEN,1993,20,1993-05-17,1993-05-23,0.0,0.0,none,0.5,assumed_zero
KEN,1993,21,1993-05-24,1993-05-30,0.0,0.0,none,0.5,assumed_zero
KEN,1993,22,1993-05-31,1993-06-06,0.0,0.0,none,0.5,assumed_zero
KEN,1993,23,1993-06-07,1993-06-13,0.0,0.0,none,0.5,assumed_zero
KEN,1993,24,1993-06-14,1993-06-20,0.0,0.0,none,0.5,assumed_zero
KEN,1993,25,1993-06-21,1993-06-27,0.0,0.0,none,0.5,assumed_zero
KEN,1993,26,1993-06-28,1993-07-04,0.0,0.0,none,0.5,assumed_zero
KEN,1993,27,1993-07-05,1993-07-11,0.0,0.0,none,0.5,assumed_zero
KEN,1993,28,1993-07-12,1993-07-18,0.0,0.0,none,0.5,assumed_zero
KEN,1993,29,1993-07-19,1993-07-25,0.0,0.0,none,0.5,assumed_zero
KEN,1993,30,1993-07-26,1993-08-01,0.0,0.0,none,0.5,assumed_zero
KEN,1993,31,1993-08-02,1993-08-08,0.0,0.0,none,0.5,assumed_zero
KEN,1993,32,1993-08-09,1993-08-15,0.0,0.0,none,0.5,assumed_zero
KEN,1993,33,1993-08-16,1993-08-22,0.0,0.0,none,0.5,assumed_zero
KEN,1993,34,1993-08-23,1993-08-29,0.0,0.0,none,0.5,assumed_zero
KEN,1993,35,1993-08-30,1993-09-05,0.0,0.0,none,0.5,assumed_zero
KEN,1993,36,1993-09-06,1993-09-12,0.0,0.0,none,0.5,assumed_zero
KEN,1993,37,1993-09-13,1993-09-19,0.0,0.0,none,0.5,assumed_zero
KEN,1993,38,1993-09-20,1993-09-26,0.0,0.0,none,0.5,assumed_zero
KEN,1993,39,1993-09-27,1993-10-03,0.0,0.0,none,0.5,assumed_zero
KEN,1993,40,1993-10-04,1993-10-10,0.0,0.0,none,0.5,assumed_zero
KEN,1993,41,1993-10-11,1993-10-17,0.0,0.0,none,0.5,assumed_zero
KEN,1993,42,1993-10-18,1993-10-24,0.0,0.0,none,0.5,assumed_zero
KEN,1993,43,1993-10-25,1993-10-31,0.0,0.0,none,0.5,assumed_zero
KEN,1993,44,1993-11-01,1993-11-07,0.0,0.0,none,0.5,assumed_zero
KEN,1993,45,1993-11-08,1993-11-14,0.0,0.0,none,0.5,assumed_zero
KEN,1993,46,1993-11-15,1993-11-21,0.0,0.0,none,0.5,assumed_zero
KEN,1993,47,1993-11-22,1993-11-28,0.0,0.0,none,0.5,assumed_zero
KEN,1993,48,1993-11-29,1993-12-05,0.0,0.0,none,0.5,assumed_zero
KEN,1993,49,1993-12-06,1993-12-12,0.0,0.0,none,0.5,assumed_zero
KEN,1993,50,1993-12-13,1993-12-19,0.0,0.0,none,0.5,assumed_zero
KEN,1993,51,1993-12-20,1993-12-26,0.0,0.0,none,0.5,assumed_zero
KEN,1993,52,1993-12-27,1994-01-02,0.0,0.0,none,0.5,assumed_zero
KEN,1994,1,1994-01-03,1994-01-09,23.2699,0.7404,JHU,0.5,fourier_country_k1
KEN,1994,2,1994-01-10,1994-01-16,23.9398,0.7617,JHU,0.5,fourier_country_k1
KEN,1994,3,1994-01-17,1994-01-23,24.5073,0.7798,JHU,0.5,fourier_country_k1
KEN,1994,4,1994-01-24,1994-01-30,24.9642,0.7943,JHU,0.5,fourier_country_k1
KEN,1994,5,1994-01-31,1994-02-06,25.3038,0.8051,JHU,0.5,fourier_country_k1
KEN,1994,6,1994-02-07,1994-02-13,25.5212,0.812,JHU,0.5,fourier_country_k1
KEN,1994,7,1994-02-14,1994-02-20,25.6133,0.815,JHU,0.5,fourier_country_k1
KEN,1994,8,1994-02-21,1994-02-27,25.5786,0.8139,JHU,0.5,fourier_country_k1
KEN,1994,9,1994-02-28,1994-03-06,25.4177,0.8087,JHU,0.5,fourier_country_k1
KEN,1994,10,1994-03-07,1994-03-13,25.133,0.7997,JHU,0.5,fourier_country_k1
KEN,1994,11,1994-03-14,1994-03-20,24.7285,0.7868,JHU,0.5,fourier_country_k1
KEN,1994,12,1994-03-21,1994-03-27,24.2102,0.7703,JHU,0.5,fourier_country_k1
KEN,1994,13,1994-03-28,1994-04-03,23.5856,0.7505,JHU,0.5,fourier_country_k1
KEN,1994,14,1994-04-04,1994-04-10,22.8639,0.7275,JHU,0.5,fourier_country_k1
KEN,1994,15,1994-04-11,1994-04-17,22.0556,0.7018,JHU,0.5,fourier_country_k1
KEN,1994,16,1994-04-18,1994-04-24,21.1724,0.6737,JHU,0.5,fourier_country_k1
KEN,1994,17,1994-04-25,1994-05-01,20.2272,0.6436,JHU,0.5,fourier_country_k1
KEN,1994,18,1994-05-02,1994-05-08,19.2339,0.612,JHU,0.5,fourier_country_k1
KEN,1994,19,1994-05-09,1994-05-15,18.2069,0.5793,JHU,0.5,fourier_country_k1
KEN,1994,20,1994-05-16,1994-05-22,17.1611,0.546,JHU,0.5,fourier_country_k1
KEN,1994,21,1994-05-23,1994-05-29,16.1119,0.5127,JHU,0.5,fourier_country_k1
KEN,1994,22,1994-05-30,1994-06-05,15.0745,0.4796,JHU,0.5,fourier_country_k1
KEN,1994,23,1994-06-06,1994-06-12,14.064,0.4475,JHU,0.5,fourier_country_k1
KEN,1994,24,1994-06-13,1994-06-19,13.0953,0.4167,JHU,0.5,fourier_country_k1
KEN,1994,25,1994-06-20,1994-06-26,12.1824,0.3876,JHU,0.5,fourier_country_k1
KEN,1994,26,1994-06-27,1994-07-03,11.3386,0.3608,JHU,0.5,fourier_country_k1
KEN,1994,27,1994-07-04,1994-07-10,10.5762,0.3365,JHU,0.5,fourier_country_k1
KEN,1994,28,1994-07-11,1994-07-17,9.9064,0.3152,JHU,0.5,fourier_country_k1
KEN,1994,29,1994-07-18,1994-07-24,9.3389,0.2971,JHU,0.5,fourier_country_k1
KEN,1994,30,1994-07-25,1994-07-31,8.882,0.2826,JHU,0.5,fourier_country_k1
KEN,1994,31,1994-08-01,1994-08-07,8.5424,0.2718,JHU,0.5,fourier_country_k1
KEN,1994,32,1994-08-08,1994-08-14,8.3249,0.2649,JHU,0.5,fourier_country_k1
KEN,1994,33,1994-08-15,1994-08-21,8.2329,0.262,JHU,0.5,fourier_country_k1
KEN,1994,34,1994-08-22,1994-08-28,8.2675,0.2631,JHU,0.5,fourier_country_k1
KEN,1994,35,1994-08-29,1994-09-04,8.4284,0.2682,JHU,0.5,fourier_country_k1
KEN,1994,36,1994-09-05,1994-09-11,8.7132,0.2772,JHU,0.5,fourier_country_k1
KEN,1994,37,1994-09-12,1994-09-18,9.1177,0.2901,JHU,0.5,fourier_country_k1
KEN,1994,38,1994-09-19,1994-09-25,9.636,0.3066,JHU,0.5,fourier_country_k1
KEN,1994,39,1994-09-26,1994-10-02,10.2605,0.3265,JHU,0.5,fourier_country_k1
KEN,1994,40,1994-10-03,1994-10-09,10.9822,0.3494,JHU,0.5,fourier_country_k1
KEN,1994,41,1994-10-10,1994-10-16,11.7906,0.3752,JHU,0.5,fourier_country_k1
KEN,1994,42,1994-10-17,1994-10-23,12.6738,0.4033,JHU,0.5,fourier_country_k1
KEN,1994,43,1994-10-24,1994-10-30,13.6189,0.4333,JHU,0.5,fourier_country_k1
KEN,1994,44,1994-10-31,1994-11-06,14.6123,0.4649,JHU,0.5,fourier_country_k1
KEN,1994,45,1994-11-07,1994-11-13,15.6393,0.4976,JHU,0.5,fourier_country_k1
KEN,1994,46,1994-11-14,1994-11-20,16.6851,0.5309,JHU,0.5,fourier_country_k1
KEN,1994,47,1994-11-21,1994-11-27,17.7343,0.5643,JHU,0.5,fourier_country_k1
KEN,1994,48,1994-11-28,1994-12-04,18.7717,0.5973,JHU,0.5,fourier_country_k1
KEN,1994,49,1994-12-05,1994-12-11,19.7821,0.6294,JHU,0.5,fourier_country_k1
KEN,1994,50,1994-12-12,1994-12-18,20.7509,0.6603,JHU,0.5,fourier_country_k1
KEN,1994,51,1994-12-19,1994-12-25,21.6638,0.6893,JHU,0.5,fourier_country_k1
KEN,1994,52,1994-12-26,1995-01-01,22.5076,0.7162,JHU,0.5,fourier_country_k1
KEN,1995,1,1995-01-02,1995-01-08,40.9075,1.0313,JHU,0.5,fourier_country_k1
KEN,1995,2,1995-01-09,1995-01-15,42.085,1.061,JHU,0.5,fourier_country_k1
KEN,1995,3,1995-01-16,1995-01-22,43.0826,1.0861,JHU,0.5,fourier_country_k1
KEN,1995,4,1995-01-23,1995-01-29,43.8858,1.1064,JHU,0.5,fourier_country_k1
KEN,1995,5,1995-01-30,1995-02-05,44.4829,1.1214,JHU,0.5,fourier_country_k1
KEN,1995,6,1995-02-06,1995-02-12,44.8652,1.1311,JHU,0.5,fourier_country_k1
KEN,1995,7,1995-02-13,1995-02-19,45.027,1.1351,JHU,0.5,fourier_country_k1
KEN,1995,8,1995-02-20,1995-02-26,44.966,1.1336,JHU,0.5,fourier_country_k1
KEN,1995,9,1995-02-27,1995-03-05,44.6832,1.1265,JHU,0.5,fourier_country_k1
KEN,1995,10,1995-03-06,1995-03-12,44.1826,1.1138,JHU,0.5,fourier_country_k1
KEN,1995,11,1995-03-13,1995-03-19,43.4715,1.0959,JHU,0.5,fourier_country_k1
KEN,1995,12,1995-03-20,1995-03-26,42.5604,1.073,JHU,0.5,fourier_country_k1
KEN,1995,13,1995-03-27,1995-04-02,41.4625,1.0453,JHU,0.5,fourier_country_k1
KEN,1995,14,1995-04-03,1995-04-09,40.1937,1.0133,JHU,0.5,fourier_country_k1
KEN,1995,15,1995-04-10,1995-04-16,38.7727,0.9775,JHU,0.5,fourier_country_k1
KEN,1995,16,1995-04-17,1995-04-23,37.2201,0.9383,JHU,0.5,fourier_country_k1
KEN,1995,17,1995-04-24,1995-04-30,35.5585,0.8964,JHU,0.5,fourier_country_k1
KEN,1995,18,1995-05-01,1995-05-07,33.8123,0.8524,JHU,0.5,fourier_country_k1
KEN,1995,19,1995-05-08,1995-05-14,32.0068,0.8069,JHU,0.5,fourier_country_k1
KEN,1995,20,1995-05-15,1995-05-21,30.1684,0.7605,JHU,0.5,fourier_country_k1
KEN,1995,21,1995-05-22,1995-05-28,28.3239,0.714,JHU,0.5,fourier_country_k1
KEN,1995,22,1995-05-29,1995-06-04,26.5003,0.6681,JHU,0.5,fourier_country_k1
KEN,1995,23,1995-06-05,1995-06-11,24.7239,0.6233,JHU,0.5,fourier_country_k1
KEN,1995,24,1995-06-12,1995-06-18,23.0209,0.5804,JHU,0.5,fourier_country_k1
KEN,1995,25,1995-06-19,1995-06-25,21.4161,0.5399,JHU,0.5,fourier_country_k1
KEN,1995,26,1995-06-26,1995-07-02,19.9327,0.5025,JHU,0.5,fourier_country_k1
KEN,1995,27,1995-07-03,1995-07-09,18.5925,0.4687,JHU,0.5,fourier_country_k1
KEN,1995,28,1995-07-10,1995-07-16,17.415,0.439,JHU,0.5,fourier_country_k1
KEN,1995,29,1995-07-17,1995-07-23,16.4174,0.4139,JHU,0.5,fourier_country_k1
KEN,1995,30,1995-07-24,1995-07-30,15.6142,0.3936,JHU,0.5,fourier_country_k1
KEN,1995,31,1995-07-31,1995-08-06,15.0171,0.3786,JHU,0.5,fourier_country_k1
KEN,1995,32,1995-08-07,1995-08-13,14.6348,0.3689,JHU,0.5,fourier_country_k1
KEN,1995,33,1995-08-14,1995-08-20,14.473,0.3649,JHU,0.5,fourier_country_k1
KEN,1995,34,1995-08-21,1995-08-27,14.534,0.3664,JHU,0.5,fourier_country_k1
KEN,1995,35,1995-08-28,1995-09-03,14.8168,0.3735,JHU,0.5,fourier_country_k1
KEN,1995,36,1995-09-04,1995-09-10,15.3174,0.3862,JHU,0.5,fourier_country_k1
KEN,1995,37,1995-09-11,1995-09-17,16.0285,0.4041,JHU,0.5,fourier_country_k1
KEN,1995,38,1995-09-18,1995-09-24,16.9396,0.427,JHU,0.5,fourier_country_k1
KEN,1995,39,1995-09-25,1995-10-01,18.0375,0.4547,JHU,0.5,fourier_country_k1
KEN,1995,40,1995-10-02,1995-10-08,19.3063,0.4867,JHU,0.5,fourier_country_k1
KEN,1995,41,1995-10-09,1995-10-15,20.7273,0.5225,JHU,0.5,fourier_country_k1
KEN,1995,42,1995-10-16,1995-10-22,22.2799,0.5617,JHU,0.5,fourier_country_k1
KEN,1995,43,1995-10-23,1995-10-29,23.9415,0.6036,JHU,0.5,fourier_country_k1
KEN,1995,44,1995-10-30,1995-11-05,25.6877,0.6476,JHU,0.5,fourier_country_k1
KEN,1995,45,1995-11-06,1995-11-12,27.4932,0.6931,JHU,0.5,fourier_country_k1
KEN,1995,46,1995-11-13,1995-11-19,29.3316,0.7395,JHU,0.5,fourier_country_k1
KEN,1995,47,1995-11-20,1995-11-26,31.1761,0.786,JHU,0.5,fourier_country_k1
KEN,1995,48,1995-11-27,1995-12-03,32.9997,0.8319,JHU,0.5,fourier_country_k1
KEN,1995,49,1995-12-04,1995-12-10,34.7761,0.8767,JHU,0.5,fourier_country_k1
KEN,1995,50,1995-12-11,1995-12-17,36.4791,0.9196,JHU,0.5,fourier_country_k1
KEN,1995,51,1995-12-18,1995-12-24,38.0839,0.9601,JHU,0.5,fourier_country_k1
KEN,1995,52,1995-12-25,1995-12-31,39.5673,0.9975,JHU,0.5,fourier_country_k1
KEN,1996,1,1996-01-01,1996-01-07,12.4172,0.3607,JHU,0.5,fourier_country_k1
KEN,1996,2,1996-01-08,1996-01-14,12.7747,0.371,JHU,0.5,fourier_country_k1
KEN,1996,3,1996-01-15,1996-01-21,13.0775,0.3798,JHU,0.5,fourier_country_k1
KEN,1996,4,1996-01-22,1996-01-28,13.3213,0.3869,JHU,0.5,fourier_country_k1
KEN,1996,5,1996-01-29,1996-02-04,13.5025,0.3922,JHU,0.5,fourier_country_k1
KEN,1996,6,1996-02-05,1996-02-11,13.6186,0.3956,JHU,0.5,fourier_country_k1
KEN,1996,7,1996-02-12,1996-02-18,13.6677,0.397,JHU,0.5,fourier_country_k1
KEN,1996,8,1996-02-19,1996-02-25,13.6492,0.3964,JHU,0.5,fourier_country_k1
KEN,1996,9,1996-02-26,1996-03-03,13.5633,0.394,JHU,0.5,fourier_country_k1
KEN,1996,10,1996-03-04,1996-03-10,13.4114,0.3895,JHU,0.5,fourier_country_k1
KEN,1996,11,1996-03-11,1996-03-17,13.1955,0.3833,JHU,0.5,fourier_country_k1
KEN,1996,12,1996-03-18,1996-03-24,12.919,0.3752,JHU,0.5,fourier_country_k1
KEN,1996,13,1996-03-25,1996-03-31,12.5857,0.3656,JHU,0.5,fourier_country_k1
KEN,1996,14,1996-04-01,1996-04-07,12.2006,0.3544,JHU,0.5,fourier_country_k1
KEN,1996,15,1996-04-08,1996-04-14,11.7692,0.3418,JHU,0.5,fourier_country_k1
KEN,1996,16,1996-04-15,1996-04-21,11.2979,0.3282,JHU,0.5,fourier_country_k1
KEN,1996,17,1996-04-22,1996-04-28,10.7936,0.3135,JHU,0.5,fourier_country_k1
KEN,1996,18,1996-04-29,1996-05-05,10.2635,0.2981,JHU,0.5,fourier_country_k1
KEN,1996,19,1996-05-06,1996-05-12,9.7155,0.2822,JHU,0.5,fourier_country_k1
KEN,1996,20,1996-05-13,1996-05-19,9.1574,0.266,JHU,0.5,fourier_country_k1
KEN,1996,21,1996-05-20,1996-05-26,8.5976,0.2497,JHU,0.5,fourier_country_k1
KEN,1996,22,1996-05-27,1996-06-02,8.044,0.2336,JHU,0.5,fourier_country_k1
KEN,1996,23,1996-06-03,1996-06-09,7.5048,0.218,JHU,0.5,fourier_country_k1
KEN,1996,24,1996-06-10,1996-06-16,6.9879,0.203,JHU,0.5,fourier_country_k1
KEN,1996,25,1996-06-17,1996-06-23,6.5007,0.1888,JHU,0.5,fourier_country_k1
KEN,1996,26,1996-06-24,1996-06-30,6.0505,0.1757,JHU,0.5,fourier_country_k1
KEN,1996,27,1996-07-01,1996-07-07,5.6436,0.1639,JHU,0.5,fourier_country_k1
KEN,1996,28,1996-07-08,1996-07-14,5.2862,0.1535,JHU,0.5,fourier_country_k1
KEN,1996,29,1996-07-15,1996-07-21,4.9834,0.1447,JHU,0.5,fourier_country_k1
KEN,1996,30,1996-07-22,1996-07-28,4.7396,0.1377,JHU,0.5,fourier_country_k1
KEN,1996,31,1996-07-29,1996-08-04,4.5583,0.1324,JHU,0.5,fourier_country_k1
KEN,1996,32,1996-08-05,1996-08-11,4.4423,0.129,JHU,0.5,fourier_country_k1
KEN,1996,33,1996-08-12,1996-08-18,4.3932,0.1276,JHU,0.5,fourier_country_k1
KEN,1996,34,1996-08-19,1996-08-25,4.4117,0.1281,JHU,0.5,fourier_country_k1
KEN,1996,35,1996-08-26,1996-09-01,4.4976,0.1306,JHU,0.5,fourier_country_k1
KEN,1996,36,1996-09-02,1996-09-08,4.6495,0.135,JHU,0.5,fourier_country_k1
KEN,1996,37,1996-09-09,1996-09-15,4.8653,0.1413,JHU,0.5,fourier_country_k1
KEN,1996,38,1996-09-16,1996-09-22,5.1419,0.1494,JHU,0.5,fourier_country_k1
KEN,1996,39,1996-09-23,1996-09-29,5.4752,0.159,JHU,0.5,fourier_country_k1
KEN,1996,40,1996-09-30,1996-10-06,5.8603,0.1702,JHU,0.5,fourier_country_k1
KEN,1996,41,1996-10-07,1996-10-13,6.2917,0.1827,JHU,0.5,fourier_country_k1
KEN,1996,42,1996-10-14,1996-10-20,6.7629,0.1964,JHU,0.5,fourier_country_k1
KEN,1996,43,1996-10-21,1996-10-27,7.2673,0.2111,JHU,0.5,fourier_country_k1
KEN,1996,44,1996-10-28,1996-11-03,7.7974,0.2265,JHU,0.5,fourier_country_k1
KEN,1996,45,1996-11-04,1996-11-10,8.3454,0.2424,JHU,0.5,fourier_country_k1
KEN,1996,46,1996-11-11,1996-11-17,8.9034,0.2586,JHU,0.5,fourier_country_k1
KEN,1996,47,1996-11-18,1996-11-24,9.4633,0.2749,JHU,0.5,fourier_country_k1
KEN,1996,48,1996-11-25,1996-12-01,10.0169,0.2909,JHU,0.5,fourier_country_k1
KEN,1996,49,1996-12-02,1996-12-08,10.5561,0.3066,JHU,0.5,fourier_country_k1
KEN,1996,50,1996-12-09,1996-12-15,11.073,0.3216,JHU,0.5,fourier_country_k1
KEN,1996,51,1996-12-16,1996-12-22,11.5602,0.3358,JHU,0.5,fourier_country_k1
KEN,1996,52,1996-12-23,1996-12-29,12.0104,0.3489,JHU,0.5,fourier_country_k1
KEN,1997,1,1996-12-30,1997-01-05,12.4172,0.3607,JHU,0.5,fourier_country_k1
KEN,1997,2,1997-01-06,1997-01-12,467.9135,15.0984,JHU,0.5,fourier_country_k1
KEN,1997,3,1997-01-13,1997-01-19,479.0054,15.4563,JHU,0.5,fourier_country_k1
KEN,1997,4,1997-01-20,1997-01-26,487.9357,15.7444,JHU,0.5,fourier_country_k1
KEN,1997,5,1997-01-27,1997-02-02,494.5741,15.9586,JHU,0.5,fourier_country_k1
KEN,1997,6,1997-02-03,1997-02-09,498.8239,16.0958,JHU,0.5,fourier_country_k1
KEN,1997,7,1997-02-10,1997-02-16,500.6231,16.1538,JHU,0.5,fourier_country_k1
KEN,1997,8,1997-02-17,1997-02-23,499.9455,16.132,JHU,0.5,fourier_country_k1
KEN,1997,9,1997-02-24,1997-03-02,496.8008,16.0305,JHU,0.5,fourier_country_k1
KEN,1997,10,1997-03-03,1997-03-09,491.2351,15.8509,JHU,0.5,fourier_country_k1
KEN,1997,11,1997-03-10,1997-03-16,483.3294,15.5958,JHU,0.5,fourier_country_k1
KEN,1997,12,1997-03-17,1997-03-23,473.199,15.2689,JHU,0.5,fourier_country_k1
KEN,1997,13,1997-03-24,1997-03-30,460.9917,14.875,JHU,0.5,fourier_country_k1
KEN,1997,14,1997-03-31,1997-04-06,446.8854,14.4199,JHU,0.5,fourier_country_k1
KEN,1997,15,1997-04-07,1997-04-13,431.086,13.91,JHU,0.5,fourier_country_k1
KEN,1997,16,1997-04-14,1997-04-20,413.8236,13.353,JHU,0.5,fourier_country_k1
KEN,1997,17,1997-04-21,1997-04-27,395.3502,12.7569,JHU,0.5,fourier_country_k1
KEN,1997,18,1997-04-28,1997-05-04,375.935,12.1305,JHU,0.5,fourier_country_k1
KEN,1997,19,1997-05-05,1997-05-11,355.8612,11.4827,JHU,0.5,fourier_country_k1
KEN,1997,20,1997-05-12,1997-05-18,335.4215,10.8232,JHU,0.5,fourier_country_k1
KEN,1997,21,1997-05-19,1997-05-25,314.9139,10.1615,JHU,0.5,fourier_country_k1
KEN,1997,22,1997-05-26,1997-06-01,294.6376,9.5072,JHU,0.5,fourier_country_k1
KEN,1997,23,1997-06-02,1997-06-08,274.8881,8.8699,JHU,0.5,fourier_country_k1
KEN,1997,24,1997-06-09,1997-06-15,255.9535,8.259,JHU,0.5,fourier_country_k1
KEN,1997,25,1997-06-16,1997-06-22,238.1099,7.6832,JHU,0.5,fourier_country_k1
KEN,1997,26,1997-06-23,1997-06-29,221.6175,7.151,JHU,0.5,fourier_country_k1
KEN,1997,27,1997-06-30,1997-07-06,206.7168,6.6702,JHU,0.5,fourier_country_k1
KEN,1997,28,1997-07-07,1997-07-13,193.625,6.2478,JHU,0.5,fourier_country_k1
KEN,1997,29,1997-07-14,1997-07-20,182.5331,5.8899,JHU,0.5,fourier_country_k1
KEN,1997,30,1997-07-21,1997-07-27,173.6028,5.6017,JHU,0.5,fourier_country_k1
KEN,1997,31,1997-07-28,1997-08-03,166.9643,5.3875,JHU,0.5,fourier_country_k1
KEN,1997,32,1997-08-04,1997-08-10,162.7145,5.2504,JHU,0.5,fourier_country_k1
KEN,1997,33,1997-08-11,1997-08-17,160.9153,5.1923,JHU,0.5,fourier_country_k1
KEN,1997,34,1997-08-18,1997-08-24,161.593,5.2142,JHU,0.5,fourier_country_k1
KEN,1997,35,1997-08-25,1997-08-31,164.7376,5.3157,JHU,0.5,fourier_country_k1
KEN,1997,36,1997-09-01,1997-09-07,170.3034,5.4953,JHU,0.5,fourier_country_k1
KEN,1997,37,1997-09-08,1997-09-14,178.2091,5.7504,JHU,0.5,fourier_country_k1
KEN,1997,38,1997-09-15,1997-09-21,188.3394,6.0772,JHU,0.5,fourier_country_k1
KEN,1997,39,1997-09-22,1997-09-28,200.5468,6.4711,JHU,0.5,fourier_country_k1
KEN,1997,40,1997-09-29,1997-10-05,214.653,6.9263,JHU,0.5,fourier_country_k1
KEN,1997,41,1997-10-06,1997-10-12,230.4525,7.4361,JHU,0.5,fourier_country_k1
KEN,1997,42,1997-10-13,1997-10-19,247.7148,7.9931,JHU,0.5,fourier_country_k1
KEN,1997,43,1997-10-20,1997-10-26,266.1883,8.5892,JHU,0.5,fourier_country_k1
KEN,1997,44,1997-10-27,1997-11-02,285.6035,9.2157,JHU,0.5,fourier_country_k1
KEN,1997,45,1997-11-03,1997-11-09,305.6773,9.8634,JHU,0.5,fourier_country_k1
KEN,1997,46,1997-11-10,1997-11-16,326.117,10.523,JHU,0.5,fourier_country_k1
KEN,1997,47,1997-11-17,1997-11-23,346.6245,11.1847,JHU,0.5,fourier_country_k1
KEN,1997,48,1997-11-24,1997-11-30,366.9009,11.839,JHU,0.5,fourier_country_k1
KEN,1997,49,1997-12-01,1997-12-07,386.6503,12.4762,JHU,0.5,fourier_country_k1
KEN,1997,50,1997-12-08,1997-12-14,405.5849,13.0872,JHU,0.5,fourier_country_k1
KEN,1997,51,1997-12-15,1997-12-21,423.4285,13.663,JHU,0.5,fourier_country_k1
KEN,1997,52,1997-12-22,1997-12-28,439.921,14.1951,JHU,0.5,fourier_country_k1
KEN,1998,1,1997-12-29,1998-01-04,454.8217,14.6759,JHU,0.5,fourier_country_k1
KEN,1998,2,1998-01-05,1998-01-11,610.7754,33.6809,JHU,0.5,fourier_country_k1
KEN,1998,3,1998-01-12,1998-01-18,625.2538,34.4793,JHU,0.5,fourier_country_k1
KEN,1998,4,1998-01-19,1998-01-25,636.9107,35.1221,JHU,0.5,fourier_country_k1
KEN,1998,5,1998-01-26,1998-02-01,645.576,35.5999,JHU,0.5,fourier_country_k1
KEN,1998,6,1998-02-02,1998-02-08,651.1233,35.9058,JHU,0.5,fourier_country_k1
KEN,1998,7,1998-02-09,1998-02-15,653.4718,36.0353,JHU,0.5,fourier_country_k1
KEN,1998,8,1998-02-16,1998-02-22,652.5873,35.9866,JHU,0.5,fourier_country_k1
KEN,1998,9,1998-02-23,1998-03-01,648.4825,35.7602,JHU,0.5,fourier_country_k1
KEN,1998,10,1998-03-02,1998-03-08,641.2175,35.3596,JHU,0.5,fourier_country_k1
KEN,1998,11,1998-03-09,1998-03-15,630.898,34.7905,JHU,0.5,fourier_country_k1
KEN,1998,12,1998-03-16,1998-03-22,617.6747,34.0613,JHU,0.5,fourier_country_k1
KEN,1998,13,1998-03-23,1998-03-29,601.7402,33.1826,JHU,0.5,fourier_country_k1
KEN,1998,14,1998-03-30,1998-04-05,583.3271,32.1672,JHU,0.5,fourier_country_k1
KEN,1998,15,1998-04-06,1998-04-12,562.7038,31.03,JHU,0.5,fourier_country_k1
KEN,1998,16,1998-04-13,1998-04-19,540.171,29.7874,JHU,0.5,fourier_country_k1
KEN,1998,17,1998-04-20,1998-04-26,516.0572,28.4577,JHU,0.5,fourier_country_k1
KEN,1998,18,1998-04-27,1998-05-03,490.7143,27.0602,JHU,0.5,fourier_country_k1
KEN,1998,19,1998-05-04,1998-05-10,464.5116,25.6152,JHU,0.5,fourier_country_k1
KEN,1998,20,1998-05-11,1998-05-17,437.8313,24.144,JHU,0.5,fourier_country_k1
KEN,1998,21,1998-05-18,1998-05-24,411.0625,22.6678,JHU,0.5,fourier_country_k1
KEN,1998,22,1998-05-25,1998-05-31,384.5954,21.2083,JHU,0.5,fourier_country_k1
KEN,1998,23,1998-06-01,1998-06-07,358.8161,19.7867,JHU,0.5,fourier_country_k1
KEN,1998,24,1998-06-08,1998-06-14,334.1005,18.4238,JHU,0.5,fourier_country_k1
KEN,1998,25,1998-06-15,1998-06-21,310.8089,17.1394,JHU,0.5,fourier_country_k1
KEN,1998,26,1998-06-22,1998-06-28,289.2811,15.9522,JHU,0.5,fourier_country_k1
KEN,1998,27,1998-06-29,1998-07-05,269.8309,14.8797,JHU,0.5,fourier_country_k1
KEN,1998,28,1998-07-06,1998-07-12,252.742,13.9373,JHU,0.5,fourier_country_k1
KEN,1998,29,1998-07-13,1998-07-19,238.2635,13.1389,JHU,0.5,fourier_country_k1
KEN,1998,30,1998-07-20,1998-07-26,226.6066,12.4961,JHU,0.5,fourier_country_k1
KEN,1998,31,1998-07-27,1998-08-02,217.9414,12.0183,JHU,0.5,fourier_country_k1
KEN,1998,32,1998-08-03,1998-08-09,212.394,11.7123,JHU,0.5,fourier_country_k1
KEN,1998,33,1998-08-10,1998-08-16,210.0455,11.5828,JHU,0.5,fourier_country_k1
KEN,1998,34,1998-08-17,1998-08-23,210.9301,11.6316,JHU,0.5,fourier_country_k1
KEN,1998,35,1998-08-24,1998-08-30,215.0348,11.858,JHU,0.5,fourier_country_k1
KEN,1998,36,1998-08-31,1998-09-06,222.2999,12.2586,JHU,0.5,fourier_country_k1
KEN,1998,37,1998-09-07,1998-09-13,232.6193,12.8277,JHU,0.5,fourier_country_k1
KEN,1998,38,1998-09-14,1998-09-20,245.8426,13.5569,JHU,0.5,fourier_country_k1
KEN,1998,39,1998-09-21,1998-09-27,261.7771,14.4355,JHU,0.5,fourier_country_k1
KEN,1998,40,1998-09-28,1998-10-04,280.1902,15.4509,JHU,0.5,fourier_country_k1
KEN,1998,41,1998-10-05,1998-10-11,300.8135,16.5882,JHU,0.5,fourier_country_k1
KEN,1998,42,1998-10-12,1998-10-18,323.3464,17.8308,JHU,0.5,fourier_country_k1
KEN,1998,43,1998-10-19,1998-10-25,347.4601,19.1605,JHU,0.5,fourier_country_k1
KEN,1998,44,1998-10-26,1998-11-01,372.803,20.558,JHU,0.5,fourier_country_k1
KEN,1998,45,1998-11-02,1998-11-08,399.0057,22.0029,JHU,0.5,fourier_country_k1
KEN,1998,46,1998-11-09,1998-11-15,425.686,23.4742,JHU,0.5,fourier_country_k1
KEN,1998,47,1998-11-16,1998-11-22,452.4549,24.9504,JHU,0.5,fourier_country_k1
KEN,1998,48,1998-11-23,1998-11-29,478.9219,26.4099,JHU,0.5,fourier_country_k1
KEN,1998,49,1998-11-30,1998-12-06,504.7012,27.8315,JHU,0.5,fourier_country_k1
KEN,1998,50,1998-12-07,1998-12-13,529.4168,29.1944,JHU,0.5,fourier_country_k1
KEN,1998,51,1998-12-14,1998-12-20,552.7084,30.4788,JHU,0.5,fourier_country_k1
KEN,1998,52,1998-12-21,1998-12-27,574.2362,31.6659,JHU,0.5,fourier_country_k1
KEN,1998,53,1998-12-28,1999-01-03,574.2362,31.6659,JHU,0.5,fourier_country_k1
KEN,1999,1,1999-01-04,1999-01-10,291.9056,9.2551,JHU,0.5,fourier_country_k1
KEN,1999,2,1999-01-11,1999-01-17,300.308,9.5215,JHU,0.5,fourier_country_k1
KEN,1999,3,1999-01-18,1999-01-24,307.4268,9.7472,JHU,0.5,fourier_country_k1
KEN,1999,4,1999-01-25,1999-01-31,313.1583,9.9289,JHU,0.5,fourier_country_k1
KEN,1999,5,1999-02-01,1999-02-07,317.4188,10.064,JHU,0.5,fourier_country_k1
KEN,1999,6,1999-02-08,1999-02-14,320.1464,10.1505,JHU,0.5,fourier_country_k1
KEN,1999,7,1999-02-15,1999-02-21,321.3011,10.1871,JHU,0.5,fourier_country_k1
KEN,1999,8,1999-02-22,1999-02-28,320.8662,10.1733,JHU,0.5,fourier_country_k1
KEN,1999,9,1999-03-01,1999-03-07,318.8479,10.1093,JHU,0.5,fourier_country_k1
KEN,1999,10,1999-03-08,1999-03-14,315.2758,9.9961,JHU,0.5,fourier_country_k1
KEN,1999,11,1999-03-15,1999-03-21,310.2019,9.8352,JHU,0.5,fourier_country_k1
KEN,1999,12,1999-03-22,1999-03-28,303.7002,9.629,JHU,0.5,fourier_country_k1
KEN,1999,13,1999-03-29,1999-04-04,295.8655,9.3806,JHU,0.5,fourier_country_k1
KEN,1999,14,1999-04-05,1999-04-11,286.8121,9.0936,JHU,0.5,fourier_country_k1
KEN,1999,15,1999-04-12,1999-04-18,276.672,8.7721,JHU,0.5,fourier_country_k1
KEN,1999,16,1999-04-19,1999-04-25,265.593,8.4208,JHU,0.5,fourier_country_k1
KEN,1999,17,1999-04-26,1999-05-02,253.7367,8.0449,JHU,0.5,fourier_country_k1
KEN,1999,18,1999-05-03,1999-05-09,241.2759,7.6498,JHU,0.5,fourier_country_k1
KEN,1999,19,1999-05-10,1999-05-16,228.3925,7.2414,JHU,0.5,fourier_country_k1
KEN,1999,20,1999-05-17,1999-05-23,215.2743,6.8254,JHU,0.5,fourier_country_k1
KEN,1999,21,1999-05-24,1999-05-30,202.1125,6.4081,JHU,0.5,fourier_country_k1
KEN,1999,22,1999-05-31,1999-06-06,189.0991,5.9955,JHU,0.5,fourier_country_k1
KEN,1999,23,1999-06-07,1999-06-13,176.4238,5.5937,JHU,0.5,fourier_country_k1
KEN,1999,24,1999-06-14,1999-06-20,164.2716,5.2084,JHU,0.5,fourier_country_k1
KEN,1999,25,1999-06-21,1999-06-27,152.8195,4.8453,JHU,0.5,fourier_country_k1
KEN,1999,26,1999-06-28,1999-07-04,142.2346,4.5097,JHU,0.5,fourier_country_k1
KEN,1999,27,1999-07-05,1999-07-11,132.6713,4.2064,JHU,0.5,fourier_country_k1
KEN,1999,28,1999-07-12,1999-07-18,124.269,3.94,JHU,0.5,fourier_country_k1
KEN,1999,29,1999-07-19,1999-07-25,117.1501,3.7143,JHU,0.5,fourier_country_k1
KEN,1999,30,1999-07-26,1999-08-01,111.4187,3.5326,JHU,0.5,fourier_country_k1
KEN,1999,31,1999-08-02,1999-08-08,107.1581,3.3975,JHU,0.5,fourier_country_k1
KEN,1999,32,1999-08-09,1999-08-15,104.4306,3.3111,JHU,0.5,fourier_country_k1
KEN,1999,33,1999-08-16,1999-08-22,103.2758,3.2744,JHU,0.5,fourier_country_k1
KEN,1999,34,1999-08-23,1999-08-29,103.7108,3.2882,JHU,0.5,fourier_country_k1
KEN,1999,35,1999-08-30,1999-09-05,105.729,3.3522,JHU,0.5,fourier_country_k1
KEN,1999,36,1999-09-06,1999-09-12,109.3011,3.4655,JHU,0.5,fourier_country_k1
KEN,1999,37,1999-09-13,1999-09-19,114.375,3.6263,JHU,0.5,fourier_country_k1
KEN,1999,38,1999-09-20,1999-09-26,120.8767,3.8325,JHU,0.5,fourier_country_k1
KEN,1999,39,1999-09-27,1999-10-03,128.7114,4.0809,JHU,0.5,fourier_country_k1
KEN,1999,40,1999-10-04,1999-10-10,137.7648,4.3679,JHU,0.5,fourier_country_k1
KEN,1999,41,1999-10-11,1999-10-17,147.905,4.6894,JHU,0.5,fourier_country_k1
KEN,1999,42,1999-10-18,1999-10-24,158.984,5.0407,JHU,0.5,fourier_country_k1
KEN,1999,43,1999-10-25,1999-10-31,170.8403,5.4166,JHU,0.5,fourier_country_k1
KEN,1999,44,1999-11-01,1999-11-07,183.301,5.8117,JHU,0.5,fourier_country_k1
KEN,1999,45,1999-11-08,1999-11-14,196.1844,6.2202,JHU,0.5,fourier_country_k1
KEN,1999,46,1999-11-15,1999-11-21,209.3026,6.6361,JHU,0.5,fourier_country_k1
KEN,1999,47,1999-11-22,1999-11-28,222.4644,7.0534,JHU,0.5,fourier_country_k1
KEN,1999,48,1999-11-29,1999-12-05,235.4778,7.466,JHU,0.5,fourier_country_k1
KEN,1999,49,1999-12-06,1999-12-12,248.1531,7.8679,JHU,0.5,fourier_country_k1
KEN,1999,50,1999-12-13,1999-12-19,260.3053,8.2532,JHU,0.5,fourier_country_k1
KEN,1999,51,1999-12-20,1999-12-26,271.7574,8.6163,JHU,0.5,fourier_country_k1
KEN,1999,52,1999-12-27,2000-01-02,282.3423,8.9519,JHU,0.5,fourier_country_k1
KEN,2000,1,2000-01-03,2000-01-09,30.5947,2.0626,JHU,0.5,fourier_country_k1
KEN,2000,2,2000-01-10,2000-01-16,31.4753,2.1219,JHU,0.5,fourier_country_k1
KEN,2000,3,2000-01-17,2000-01-23,32.2215,2.1722,JHU,0.5,fourier_country_k1
KEN,2000,4,2000-01-24,2000-01-30,32.8222,2.2127,JHU,0.5,fourier_country_k1
KEN,2000,5,2000-01-31,2000-02-06,33.2687,2.2428,JHU,0.5,fourier_country_k1
KEN,2000,6,2000-02-07,2000-02-13,33.5546,2.2621,JHU,0.5,fourier_country_k1
KEN,2000,7,2000-02-14,2000-02-20,33.6756,2.2703,JHU,0.5,fourier_country_k1
KEN,2000,8,2000-02-21,2000-02-27,33.6301,2.2672,JHU,0.5,fourier_country_k1
KEN,2000,9,2000-02-28,2000-03-05,33.4185,2.2529,JHU,0.5,fourier_country_k1
KEN,2000,10,2000-03-06,2000-03-12,33.0441,2.2277,JHU,0.5,fourier_country_k1
KEN,2000,11,2000-03-13,2000-03-19,32.5123,2.1918,JHU,0.5,fourier_country_k1
KEN,2000,12,2000-03-20,2000-03-26,31.8309,2.1459,JHU,0.5,fourier_country_k1
KEN,2000,13,2000-03-27,2000-04-02,31.0097,2.0905,JHU,0.5,fourier_country_k1
KEN,2000,14,2000-04-03,2000-04-09,30.0608,2.0266,JHU,0.5,fourier_country_k1
KEN,2000,15,2000-04-10,2000-04-16,28.998,1.9549,JHU,0.5,fourier_country_k1
KEN,2000,16,2000-04-17,2000-04-23,27.8369,1.8766,JHU,0.5,fourier_country_k1
KEN,2000,17,2000-04-24,2000-04-30,26.5942,1.7929,JHU,0.5,fourier_country_k1
KEN,2000,18,2000-05-01,2000-05-07,25.2882,1.7048,JHU,0.5,fourier_country_k1
KEN,2000,19,2000-05-08,2000-05-14,23.9379,1.6138,JHU,0.5,fourier_country_k1
KEN,2000,20,2000-05-15,2000-05-21,22.5629,1.5211,JHU,0.5,fourier_country_k1
KEN,2000,21,2000-05-22,2000-05-28,21.1835,1.4281,JHU,0.5,fourier_country_k1
KEN,2000,22,2000-05-29,2000-06-04,19.8195,1.3361,JHU,0.5,fourier_country_k1
KEN,2000,23,2000-06-05,2000-06-11,18.491,1.2466,JHU,0.5,fourier_country_k1
KEN,2000,24,2000-06-12,2000-06-18,17.2173,1.1607,JHU,0.5,fourier_country_k1
KEN,2000,25,2000-06-19,2000-06-25,16.017,1.0798,JHU,0.5,fourier_country_k1
KEN,2000,26,2000-06-26,2000-07-02,14.9076,1.005,JHU,0.5,fourier_country_k1
KEN,2000,27,2000-07-03,2000-07-09,13.9053,0.9374,JHU,0.5,fourier_country_k1
KEN,2000,28,2000-07-10,2000-07-16,13.0247,0.8781,JHU,0.5,fourier_country_k1
KEN,2000,29,2000-07-17,2000-07-23,12.2785,0.8278,JHU,0.5,fourier_country_k1
KEN,2000,30,2000-07-24,2000-07-30,11.6778,0.7873,JHU,0.5,fourier_country_k1
KEN,2000,31,2000-07-31,2000-08-06,11.2313,0.7572,JHU,0.5,fourier_country_k1
KEN,2000,32,2000-08-07,2000-08-13,10.9454,0.7379,JHU,0.5,fourier_country_k1
KEN,2000,33,2000-08-14,2000-08-20,10.8244,0.7297,JHU,0.5,fourier_country_k1
KEN,2000,34,2000-08-21,2000-08-27,10.8699,0.7328,JHU,0.5,fourier_country_k1
KEN,2000,35,2000-08-28,2000-09-03,11.0815,0.7471,JHU,0.5,fourier_country_k1
KEN,2000,36,2000-09-04,2000-09-10,11.4559,0.7723,JHU,0.5,fourier_country_k1
KEN,2000,37,2000-09-11,2000-09-17,11.9877,0.8082,JHU,0.5,fourier_country_k1
KEN,2000,38,2000-09-18,2000-09-24,12.6691,0.8541,JHU,0.5,fourier_country_k1
KEN,2000,39,2000-09-25,2000-10-01,13.4903,0.9095,JHU,0.5,fourier_country_k1
KEN,2000,40,2000-10-02,2000-10-08,14.4392,0.9734,JHU,0.5,fourier_country_k1
KEN,2000,41,2000-10-09,2000-10-15,15.502,1.0451,JHU,0.5,fourier_country_k1
KEN,2000,42,2000-10-16,2000-10-22,16.6631,1.1234,JHU,0.5,fourier_country_k1
KEN,2000,43,2000-10-23,2000-10-29,17.9058,1.2071,JHU,0.5,fourier_country_k1
KEN,2000,44,2000-10-30,2000-11-05,19.2118,1.2952,JHU,0.5,fourier_country_k1
KEN,2000,45,2000-11-06,2000-11-12,20.5621,1.3862,JHU,0.5,fourier_country_k1
KEN,2000,46,2000-11-13,2000-11-19,21.9371,1.4789,JHU,0.5,fourier_country_k1
KEN,2000,47,2000-11-20,2000-11-26,23.3165,1.5719,JHU,0.5,fourier_country_k1
KEN,2000,48,2000-11-27,2000-12-03,24.6805,1.6639,JHU,0.5,fourier_country_k1
KEN,2000,49,2000-12-04,2000-12-10,26.009,1.7534,JHU,0.5,fourier_country_k1
KEN,2000,50,2000-12-11,2000-12-17,27.2827,1.8393,JHU,0.5,fourier_country_k1
KEN,2000,51,2000-12-18,2000-12-24,28.483,1.9202,JHU,0.5,fourier_country_k1
KEN,2000,52,2000-12-25,2000-12-31,29.5924,1.995,JHU,0.5,fourier_country_k1
KEN,2001,1,2001-01-01,2001-01-07,25.7877,1.4169,JHU,0.5,fourier_country_k1
KEN,2001,2,2001-01-08,2001-01-14,26.5299,1.4577,JHU,0.5,fourier_country_k1
KEN,2001,3,2001-01-15,2001-01-21,27.1588,1.4922,JHU,0.5,fourier_country_k1
KEN,2001,4,2001-01-22,2001-01-28,27.6652,1.5201,JHU,0.5,fourier_country_k1
KEN,2001,5,2001-01-29,2001-02-04,28.0416,1.5407,JHU,0.5,fourier_country_k1
KEN,2001,6,2001-02-05,2001-02-11,28.2825,1.554,JHU,0.5,fourier_country_k1
KEN,2001,7,2001-02-12,2001-02-18,28.3845,1.5596,JHU,0.5,fourier_country_k1
KEN,2001,8,2001-02-19,2001-02-25,28.3461,1.5575,JHU,0.5,fourier_country_k1
KEN,2001,9,2001-02-26,2001-03-04,28.1678,1.5477,JHU,0.5,fourier_country_k1
KEN,2001,10,2001-03-05,2001-03-11,27.8522,1.5303,JHU,0.5,fourier_country_k1
KEN,2001,11,2001-03-12,2001-03-18,27.404,1.5057,JHU,0.5,fourier_country_k1
KEN,2001,12,2001-03-19,2001-03-25,26.8296,1.4742,JHU,0.5,fourier_country_k1
KEN,2001,13,2001-03-26,2001-04-01,26.1375,1.4361,JHU,0.5,fourier_country_k1
KEN,2001,14,2001-04-02,2001-04-08,25.3377,1.3922,JHU,0.5,fourier_country_k1
KEN,2001,15,2001-04-09,2001-04-15,24.4419,1.343,JHU,0.5,fourier_country_k1
KEN,2001,16,2001-04-16,2001-04-22,23.4631,1.2892,JHU,0.5,fourier_country_k1
KEN,2001,17,2001-04-23,2001-04-29,22.4157,1.2316,JHU,0.5,fourier_country_k1
KEN,2001,18,2001-04-30,2001-05-06,21.3149,1.1711,JHU,0.5,fourier_country_k1
KEN,2001,19,2001-05-07,2001-05-13,20.1768,1.1086,JHU,0.5,fourier_country_k1
KEN,2001,20,2001-05-14,2001-05-20,19.0179,1.0449,JHU,0.5,fourier_country_k1
KEN,2001,21,2001-05-21,2001-05-27,17.8551,0.9811,JHU,0.5,fourier_country_k1
KEN,2001,22,2001-05-28,2001-06-03,16.7055,0.9179,JHU,0.5,fourier_country_k1
KEN,2001,23,2001-06-04,2001-06-10,15.5857,0.8564,JHU,0.5,fourier_country_k1
KEN,2001,24,2001-06-11,2001-06-17,14.5122,0.7974,JHU,0.5,fourier_country_k1
KEN,2001,25,2001-06-18,2001-06-24,13.5005,0.7418,JHU,0.5,fourier_country_k1
KEN,2001,26,2001-06-25,2001-07-01,12.5654,0.6904,JHU,0.5,fourier_country_k1
KEN,2001,27,2001-07-02,2001-07-08,11.7205,0.644,JHU,0.5,fourier_country_k1
KEN,2001,28,2001-07-09,2001-07-15,10.9782,0.6032,JHU,0.5,fourier_country_k1
KEN,2001,29,2001-07-16,2001-07-22,10.3493,0.5686,JHU,0.5,fourier_country_k1
KEN,2001,30,2001-07-23,2001-07-29,9.843,0.5408,JHU,0.5,fourier_country_k1
KEN,2001,31,2001-07-30,2001-08-05,9.4666,0.5201,JHU,0.5,fourier_country_k1
KEN,2001,32,2001-08-06,2001-08-12,9.2257,0.5069,JHU,0.5,fourier_country_k1
KEN,2001,33,2001-08-13,2001-08-19,9.1236,0.5013,JHU,0.5,fourier_country_k1
KEN,2001,34,2001-08-20,2001-08-26,9.1621,0.5034,JHU,0.5,fourier_country_k1
KEN,2001,35,2001-08-27,2001-09-02,9.3404,0.5132,JHU,0.5,fourier_country_k1
KEN,2001,36,2001-09-03,2001-09-09,9.6559,0.5305,JHU,0.5,fourier_country_k1
KEN,2001,37,2001-09-10,2001-09-16,10.1042,0.5552,JHU,0.5,fourier_country_k1
KEN,2001,38,2001-09-17,2001-09-23,10.6785,0.5867,JHU,0.5,fourier_country_k1
KEN,2001,39,2001-09-24,2001-09-30,11.3707,0.6248,JHU,0.5,fourier_country_k1
KEN,2001,40,2001-10-01,2001-10-07,12.1705,0.6687,JHU,0.5,fourier_country_k1
KEN,2001,41,2001-10-08,2001-10-14,13.0663,0.7179,JHU,0.5,fourier_country_k1
KEN,2001,42,2001-10-15,2001-10-21,14.045,0.7717,JHU,0.5,fourier_country_k1
KEN,2001,43,2001-10-22,2001-10-28,15.0924,0.8293,JHU,0.5,fourier_country_k1
KEN,2001,44,2001-10-29,2001-11-04,16.1933,0.8897,JHU,0.5,fourier_country_k1
KEN,2001,45,2001-11-05,2001-11-11,17.3314,0.9523,JHU,0.5,fourier_country_k1
KEN,2001,46,2001-11-12,2001-11-18,18.4903,1.016,JHU,0.5,fourier_country_k1
KEN,2001,47,2001-11-19,2001-11-25,19.6531,1.0798,JHU,0.5,fourier_country_k1
KEN,2001,48,2001-11-26,2001-12-02,20.8027,1.143,JHU,0.5,fourier_country_k1
KEN,2001,49,2001-12-03,2001-12-09,21.9225,1.2045,JHU,0.5,fourier_country_k1
KEN,2001,50,2001-12-10,2001-12-16,22.996,1.2635,JHU,0.5,fourier_country_k1
KEN,2001,51,2001-12-17,2001-12-23,24.0077,1.3191,JHU,0.5,fourier_country_k1
KEN,2001,52,2001-12-24,2001-12-30,24.9428,1.3705,JHU,0.5,fourier_country_k1
KEN,2002,1,2001-12-31,2002-01-06,25.7877,1.4169,JHU,0.5,fourier_country_k1
KEN,2002,2,2002-01-07,2002-01-13,7.9164,0.272,JHU,0.5,fourier_country_k1
KEN,2002,3,2002-01-14,2002-01-20,8.1041,0.2785,JHU,0.5,fourier_country_k1
KEN,2002,4,2002-01-21,2002-01-27,8.2552,0.2837,JHU,0.5,fourier_country_k1
KEN,2002,5,2002-01-28,2002-02-03,8.3675,0.2875,JHU,0.5,fourier_country_k1
KEN,2002,6,2002-02-04,2002-02-10,8.4394,0.29,JHU,0.5,fourier_country_k1
KEN,2002,7,2002-02-11,2002-02-17,8.4698,0.2911,JHU,0.5,fourier_country_k1
KEN,2002,8,2002-02-18,2002-02-24,8.4584,0.2907,JHU,0.5,fourier_country_k1
KEN,2002,9,2002-02-25,2002-03-03,8.4052,0.2888,JHU,0.5,fourier_country_k1
KEN,2002,10,2002-03-04,2002-03-10,8.311,0.2856,JHU,0.5,fourier_country_k1
KEN,2002,11,2002-03-11,2002-03-17,8.1773,0.281,JHU,0.5,fourier_country_k1
KEN,2002,12,2002-03-18,2002-03-24,8.0059,0.2751,JHU,0.5,fourier_country_k1
KEN,2002,13,2002-03-25,2002-03-31,7.7993,0.268,JHU,0.5,fourier_country_k1
KEN,2002,14,2002-04-01,2002-04-07,7.5607,0.2598,JHU,0.5,fourier_country_k1
KEN,2002,15,2002-04-08,2002-04-14,7.2934,0.2506,JHU,0.5,fourier_country_k1
KEN,2002,16,2002-04-15,2002-04-21,7.0013,0.2406,JHU,0.5,fourier_country_k1
KEN,2002,17,2002-04-22,2002-04-28,6.6888,0.2299,JHU,0.5,fourier_country_k1
KEN,2002,18,2002-04-29,2002-05-05,6.3603,0.2186,JHU,0.5,fourier_country_k1
KEN,2002,19,2002-05-06,2002-05-12,6.0207,0.2069,JHU,0.5,fourier_country_k1
KEN,2002,20,2002-05-13,2002-05-19,5.6749,0.195,JHU,0.5,fourier_country_k1
KEN,2002,21,2002-05-20,2002-05-26,5.3279,0.1831,JHU,0.5,fourier_country_k1
KEN,2002,22,2002-05-27,2002-06-02,4.9849,0.1713,JHU,0.5,fourier_country_k1
KEN,2002,23,2002-06-03,2002-06-09,4.6507,0.1598,JHU,0.5,fourier_country_k1
KEN,2002,24,2002-06-10,2002-06-16,4.3304,0.1488,JHU,0.5,fourier_country_k1
KEN,2002,25,2002-06-17,2002-06-23,4.0285,0.1384,JHU,0.5,fourier_country_k1
KEN,2002,26,2002-06-24,2002-06-30,3.7495,0.1288,JHU,0.5,fourier_country_k1
KEN,2002,27,2002-07-01,2002-07-07,3.4974,0.1202,JHU,0.5,fourier_country_k1
KEN,2002,28,2002-07-08,2002-07-14,3.2759,0.1126,JHU,0.5,fourier_country_k1
KEN,2002,29,2002-07-15,2002-07-21,3.0882,0.1061,JHU,0.5,fourier_country_k1
KEN,2002,30,2002-07-22,2002-07-28,2.9371,0.1009,JHU,0.5,fourier_country_k1
KEN,2002,31,2002-07-29,2002-08-04,2.8248,0.0971,JHU,0.5,fourier_country_k1
KEN,2002,32,2002-08-05,2002-08-11,2.7529,0.0946,JHU,0.5,fourier_country_k1
KEN,2002,33,2002-08-12,2002-08-18,2.7225,0.0936,JHU,0.5,fourier_country_k1
KEN,2002,34,2002-08-19,2002-08-25,2.7339,0.0939,JHU,0.5,fourier_country_k1
KEN,2002,35,2002-08-26,2002-09-01,2.7871,0.0958,JHU,0.5,fourier_country_k1
KEN,2002,36,2002-09-02,2002-09-08,2.8813,0.099,JHU,0.5,fourier_country_k1
KEN,2002,37,2002-09-09,2002-09-15,3.015,0.1036,JHU,0.5,fourier_country_k1
KEN,2002,38,2002-09-16,2002-09-22,3.1864,0.1095,JHU,0.5,fourier_country_k1
KEN,2002,39,2002-09-23,2002-09-29,3.393,0.1166,JHU,0.5,fourier_country_k1
KEN,2002,40,2002-09-30,2002-10-06,3.6316,0.1248,JHU,0.5,fourier_country_k1
KEN,2002,41,2002-10-07,2002-10-13,3.8989,0.134,JHU,0.5,fourier_country_k1
KEN,2002,42,2002-10-14,2002-10-20,4.191,0.144,JHU,0.5,fourier_country_k1
KEN,2002,43,2002-10-21,2002-10-27,4.5035,0.1548,JHU,0.5,fourier_country_k1
KEN,2002,44,2002-10-28,2002-11-03,4.832,0.166,JHU,0.5,fourier_country_k1
KEN,2002,45,2002-11-04,2002-11-10,5.1716,0.1777,JHU,0.5,fourier_country_k1
KEN,2002,46,2002-11-11,2002-11-17,5.5174,0.1896,JHU,0.5,fourier_country_k1
KEN,2002,47,2002-11-18,2002-11-24,5.8644,0.2015,JHU,0.5,fourier_country_k1
KEN,2002,48,2002-11-25,2002-12-01,6.2075,0.2133,JHU,0.5,fourier_country_k1
KEN,2002,49,2002-12-02,2002-12-08,6.5416,0.2248,JHU,0.5,fourier_country_k1
KEN,2002,50,2002-12-09,2002-12-15,6.8619,0.2358,JHU,0.5,fourier_country_k1
KEN,2002,51,2002-12-16,2002-12-22,7.1638,0.2462,JHU,0.5,fourier_country_k1
KEN,2002,52,2002-12-23,2002-12-29,7.4428,0.2558,JHU,0.5,fourier_country_k1
KEN,2003,1,2002-12-30,2003-01-05,7.6949,0.2644,JHU,0.5,fourier_country_k1
KEN,2003,2,2003-01-06,2003-01-12,0.0,0.0,JHU,0.95,documented_zero
KEN,2003,3,2003-01-13,2003-01-19,0.0,0.0,JHU,0.95,documented_zero
KEN,2003,4,2003-01-20,2003-01-26,0.0,0.0,JHU,0.95,documented_zero
KEN,2003,5,2003-01-27,2003-02-02,0.0,0.0,JHU,0.95,documented_zero
KEN,2003,6,2003-02-03,2003-02-09,0.0,0.0,JHU,0.95,documented_zero
KEN,2003,7,2003-02-10,2003-02-16,0.0,0.0,JHU,0.95,documented_zero
KEN,2003,8,2003-02-17,2003-02-23,0.0,0.0,JHU,0.95,documented_zero
KEN,2003,9,2003-02-24,2003-03-02,0.0,0.0,JHU,0.95,documented_zero
KEN,2003,10,2003-03-03,2003-03-09,0.0,0.0,JHU,0.95,documented_zero
KEN,2003,11,2003-03-10,2003-03-16,0.0,0.0,JHU,0.95,documented_zero
KEN,2003,12,2003-03-17,2003-03-23,0.0,0.0,JHU,0.95,documented_zero
KEN,2003,13,2003-03-24,2003-03-30,0.0,0.0,JHU,0.95,documented_zero
KEN,2003,14,2003-03-31,2003-04-06,0.0,0.0,JHU,0.95,documented_zero
KEN,2003,15,2003-04-07,2003-04-13,0.0,0.0,JHU,0.95,documented_zero
KEN,2003,16,2003-04-14,2003-04-20,0.0,0.0,JHU,0.95,documented_zero
KEN,2003,17,2003-04-21,2003-04-27,0.0,0.0,JHU,0.95,documented_zero
KEN,2003,18,2003-04-28,2003-05-04,0.0,0.0,JHU,0.95,documented_zero
KEN,2003,19,2003-05-05,2003-05-11,0.0,0.0,JHU,0.95,documented_zero
KEN,2003,20,2003-05-12,2003-05-18,0.0,0.0,JHU,0.95,documented_zero
KEN,2003,21,2003-05-19,2003-05-25,0.0,0.0,JHU,0.95,documented_zero
KEN,2003,22,2003-05-26,2003-06-01,0.0,0.0,JHU,0.95,documented_zero
KEN,2003,23,2003-06-02,2003-06-08,0.0,0.0,JHU,0.95,documented_zero
KEN,2003,24,2003-06-09,2003-06-15,0.0,0.0,JHU,0.95,documented_zero
KEN,2003,25,2003-06-16,2003-06-22,0.0,0.0,JHU,0.95,documented_zero
KEN,2003,26,2003-06-23,2003-06-29,0.0,0.0,JHU,0.95,documented_zero
KEN,2003,27,2003-06-30,2003-07-06,0.0,0.0,JHU,0.95,documented_zero
KEN,2003,28,2003-07-07,2003-07-13,0.0,0.0,JHU,0.95,documented_zero
KEN,2003,29,2003-07-14,2003-07-20,0.0,0.0,JHU,0.95,documented_zero
KEN,2003,30,2003-07-21,2003-07-27,0.0,0.0,JHU,0.95,documented_zero
KEN,2003,31,2003-07-28,2003-08-03,0.0,0.0,JHU,0.95,documented_zero
KEN,2003,32,2003-08-04,2003-08-10,0.0,0.0,JHU,0.95,documented_zero
KEN,2003,33,2003-08-11,2003-08-17,0.0,0.0,JHU,0.95,documented_zero
KEN,2003,34,2003-08-18,2003-08-24,0.0,0.0,JHU,0.95,documented_zero
KEN,2003,35,2003-08-25,2003-08-31,0.0,0.0,JHU,0.95,documented_zero
KEN,2003,36,2003-09-01,2003-09-07,0.0,0.0,JHU,0.95,documented_zero
KEN,2003,37,2003-09-08,2003-09-14,0.0,0.0,JHU,0.95,documented_zero
KEN,2003,38,2003-09-15,2003-09-21,0.0,0.0,JHU,0.95,documented_zero
KEN,2003,39,2003-09-22,2003-09-28,0.0,0.0,JHU,0.95,documented_zero
KEN,2003,40,2003-09-29,2003-10-05,0.0,0.0,JHU,0.95,documented_zero
KEN,2003,41,2003-10-06,2003-10-12,0.0,0.0,JHU,0.95,documented_zero
KEN,2003,42,2003-10-13,2003-10-19,0.0,0.0,JHU,0.95,documented_zero
KEN,2003,43,2003-10-20,2003-10-26,0.0,0.0,JHU,0.95,documented_zero
KEN,2003,44,2003-10-27,2003-11-02,0.0,0.0,JHU,0.95,documented_zero
KEN,2003,45,2003-11-03,2003-11-09,0.0,0.0,JHU,0.95,documented_zero
KEN,2003,46,2003-11-10,2003-11-16,0.0,0.0,JHU,0.95,documented_zero
KEN,2003,47,2003-11-17,2003-11-23,0.0,0.0,JHU,0.95,documented_zero
KEN,2003,48,2003-11-24,2003-11-30,0.0,0.0,JHU,0.95,documented_zero
KEN,2003,49,2003-12-01,2003-12-07,0.0,0.0,JHU,0.95,documented_zero
KEN,2003,50,2003-12-08,2003-12-14,0.0,0.0,JHU,0.95,documented_zero
KEN,2003,51,2003-12-15,2003-12-21,0.0,0.0,JHU,0.95,documented_zero
KEN,2003,52,2003-12-22,2003-12-28,0.0,0.0,JHU,0.95,documented_zero
KEN,2004,1,2003-12-29,2004-01-04,0.0,0.0,JHU,0.95,documented_zero
KEN,2004,2,2004-01-05,2004-01-11,23.6882,0.4084,JHU,0.5,fourier_country_k1
KEN,2004,3,2004-01-12,2004-01-18,24.2498,0.4181,JHU,0.5,fourier_country_k1
KEN,2004,4,2004-01-19,2004-01-25,24.7019,0.4259,JHU,0.5,fourier_country_k1
KEN,2004,5,2004-01-26,2004-02-01,25.0379,0.4317,JHU,0.5,fourier_country_k1
KEN,2004,6,2004-02-02,2004-02-08,25.2531,0.4354,JHU,0.5,fourier_country_k1
KEN,2004,7,2004-02-09,2004-02-15,25.3442,0.437,JHU,0.5,fourier_country_k1
KEN,2004,8,2004-02-16,2004-02-22,25.3099,0.4364,JHU,0.5,fourier_country_k1
KEN,2004,9,2004-02-23,2004-02-29,25.1507,0.4336,JHU,0.5,fourier_country_k1
KEN,2004,10,2004-03-01,2004-03-07,24.8689,0.4288,JHU,0.5,fourier_country_k1
KEN,2004,11,2004-03-08,2004-03-14,24.4687,0.4219,JHU,0.5,fourier_country_k1
KEN,2004,12,2004-03-15,2004-03-21,23.9558,0.413,JHU,0.5,fourier_country_k1
KEN,2004,13,2004-03-22,2004-03-28,23.3378,0.4024,JHU,0.5,fourier_country_k1
KEN,2004,14,2004-03-29,2004-04-04,22.6237,0.3901,JHU,0.5,fourier_country_k1
KEN,2004,15,2004-04-05,2004-04-11,21.8238,0.3763,JHU,0.5,fourier_country_k1
KEN,2004,16,2004-04-12,2004-04-18,20.9499,0.3612,JHU,0.5,fourier_country_k1
KEN,2004,17,2004-04-19,2004-04-25,20.0147,0.3451,JHU,0.5,fourier_country_k1
KEN,2004,18,2004-04-26,2004-05-02,19.0318,0.3281,JHU,0.5,fourier_country_k1
KEN,2004,19,2004-05-03,2004-05-09,18.0156,0.3106,JHU,0.5,fourier_country_k1
KEN,2004,20,2004-05-10,2004-05-16,16.9808,0.2928,JHU,0.5,fourier_country_k1
KEN,2004,21,2004-05-17,2004-05-23,15.9426,0.2749,JHU,0.5,fourier_country_k1
KEN,2004,22,2004-05-24,2004-05-30,14.9161,0.2572,JHU,0.5,fourier_country_k1
KEN,2004,23,2004-05-31,2004-06-06,13.9163,0.2399,JHU,0.5,fourier_country_k1
KEN,2004,24,2004-06-07,2004-06-13,12.9577,0.2234,JHU,0.5,fourier_country_k1
KEN,2004,25,2004-06-14,2004-06-20,12.0544,0.2078,JHU,0.5,fourier_country_k1
KEN,2004,26,2004-06-21,2004-06-27,11.2194,0.1934,JHU,0.5,fourier_country_k1
KEN,2004,27,2004-06-28,2004-07-04,10.4651,0.1804,JHU,0.5,fourier_country_k1
KEN,2004,28,2004-07-05,2004-07-11,9.8023,0.169,JHU,0.5,fourier_country_k1
KEN,2004,29,2004-07-12,2004-07-18,9.2408,0.1593,JHU,0.5,fourier_country_k1
KEN,2004,30,2004-07-19,2004-07-25,8.7887,0.1515,JHU,0.5,fourier_country_k1
KEN,2004,31,2004-07-26,2004-08-01,8.4526,0.1457,JHU,0.5,fourier_country_k1
KEN,2004,32,2004-08-02,2004-08-08,8.2375,0.142,JHU,0.5,fourier_country_k1
KEN,2004,33,2004-08-09,2004-08-15,8.1464,0.1405,JHU,0.5,fourier_country_k1
KEN,2004,34,2004-08-16,2004-08-22,8.1807,0.141,JHU,0.5,fourier_country_k1
KEN,2004,35,2004-08-23,2004-08-29,8.3399,0.1438,JHU,0.5,fourier_country_k1
KEN,2004,36,2004-08-30,2004-09-05,8.6217,0.1486,JHU,0.5,fourier_country_k1
KEN,2004,37,2004-09-06,2004-09-12,9.0219,0.1555,JHU,0.5,fourier_country_k1
KEN,2004,38,2004-09-13,2004-09-19,9.5347,0.1644,JHU,0.5,fourier_country_k1
KEN,2004,39,2004-09-20,2004-09-26,10.1527,0.175,JHU,0.5,fourier_country_k1
KEN,2004,40,2004-09-27,2004-10-03,10.8669,0.1874,JHU,0.5,fourier_country_k1
KEN,2004,41,2004-10-04,2004-10-10,11.6667,0.2012,JHU,0.5,fourier_country_k1
KEN,2004,42,2004-10-11,2004-10-17,12.5406,0.2162,JHU,0.5,fourier_country_k1
KEN,2004,43,2004-10-18,2004-10-24,13.4758,0.2323,JHU,0.5,fourier_country_k1
KEN,2004,44,2004-10-25,2004-10-31,14.4587,0.2493,JHU,0.5,fourier_country_k1
KEN,2004,45,2004-11-01,2004-11-07,15.475,0.2668,JHU,0.5,fourier_country_k1
KEN,2004,46,2004-11-08,2004-11-14,16.5098,0.2847,JHU,0.5,fourier_country_k1
KEN,2004,47,2004-11-15,2004-11-21,17.548,0.3026,JHU,0.5,fourier_country_k1
KEN,2004,48,2004-11-22,2004-11-28,18.5745,0.3202,JHU,0.5,fourier_country_k1
KEN,2004,49,2004-11-29,2004-12-05,19.5743,0.3375,JHU,0.5,fourier_country_k1
KEN,2004,50,2004-12-06,2004-12-12,20.5328,0.354,JHU,0.5,fourier_country_k1
KEN,2004,51,2004-12-13,2004-12-19,21.4362,0.3696,JHU,0.5,fourier_country_k1
KEN,2004,52,2004-12-20,2004-12-26,22.2711,0.384,JHU,0.5,fourier_country_k1
KEN,2004,53,2004-12-27,2005-01-02,22.2711,0.384,JHU,0.5,fourier_country_k1
KEN,2005,1,2005-01-03,2005-01-09,21.5776,0.5553,JHU,0.5,fourier_country_k1
KEN,2005,2,2005-01-10,2005-01-16,22.1987,0.5713,JHU,0.5,fourier_country_k1
KEN,2005,3,2005-01-17,2005-01-23,22.7249,0.5848,JHU,0.5,fourier_country_k1
KEN,2005,4,2005-01-24,2005-01-30,23.1486,0.5957,JHU,0.5,fourier_country_k1
KEN,2005,5,2005-01-31,2005-02-06,23.4635,0.6038,JHU,0.5,fourier_country_k1
KEN,2005,6,2005-02-07,2005-02-13,23.6651,0.609,JHU,0.5,fourier_country_k1
KEN,2005,7,2005-02-14,2005-02-20,23.7505,0.6112,JHU,0.5,fourier_country_k1
KEN,2005,8,2005-02-21,2005-02-27,23.7183,0.6104,JHU,0.5,fourier_country_k1
KEN,2005,9,2005-02-28,2005-03-06,23.5692,0.6066,JHU,0.5,fourier_country_k1
KEN,2005,10,2005-03-07,2005-03-13,23.3051,0.5998,JHU,0.5,fourier_country_k1
KEN,2005,11,2005-03-14,2005-03-20,22.93,0.5901,JHU,0.5,fourier_country_k1
KEN,2005,12,2005-03-21,2005-03-27,22.4494,0.5777,JHU,0.5,fourier_country_k1
KEN,2005,13,2005-03-28,2005-04-03,21.8703,0.5628,JHU,0.5,fourier_country_k1
KEN,2005,14,2005-04-04,2005-04-10,21.2011,0.5456,JHU,0.5,fourier_country_k1
KEN,2005,15,2005-04-11,2005-04-17,20.4515,0.5263,JHU,0.5,fourier_country_k1
KEN,2005,16,2005-04-18,2005-04-24,19.6326,0.5052,JHU,0.5,fourier_country_k1
KEN,2005,17,2005-04-25,2005-05-01,18.7561,0.4827,JHU,0.5,fourier_country_k1
KEN,2005,18,2005-05-02,2005-05-08,17.8351,0.459,JHU,0.5,fourier_country_k1
KEN,2005,19,2005-05-09,2005-05-15,16.8827,0.4345,JHU,0.5,fourier_country_k1
KEN,2005,20,2005-05-16,2005-05-22,15.913,0.4095,JHU,0.5,fourier_country_k1
KEN,2005,21,2005-05-23,2005-05-29,14.9401,0.3845,JHU,0.5,fourier_country_k1
KEN,2005,22,2005-05-30,2005-06-05,13.9782,0.3597,JHU,0.5,fourier_country_k1
KEN,2005,23,2005-06-06,2005-06-12,13.0412,0.3356,JHU,0.5,fourier_country_k1
KEN,2005,24,2005-06-13,2005-06-19,12.1429,0.3125,JHU,0.5,fourier_country_k1
KEN,2005,25,2005-06-20,2005-06-26,11.2964,0.2907,JHU,0.5,fourier_country_k1
KEN,2005,26,2005-06-27,2005-07-03,10.5139,0.2706,JHU,0.5,fourier_country_k1
KEN,2005,27,2005-07-04,2005-07-10,9.807,0.2524,JHU,0.5,fourier_country_k1
KEN,2005,28,2005-07-11,2005-07-17,9.1859,0.2364,JHU,0.5,fourier_country_k1
KEN,2005,29,2005-07-18,2005-07-24,8.6597,0.2229,JHU,0.5,fourier_country_k1
KEN,2005,30,2005-07-25,2005-07-31,8.236,0.212,JHU,0.5,fourier_country_k1
KEN,2005,31,2005-08-01,2005-08-07,7.9211,0.2039,JHU,0.5,fourier_country_k1
KEN,2005,32,2005-08-08,2005-08-14,7.7195,0.1987,JHU,0.5,fourier_country_k1
KEN,2005,33,2005-08-15,2005-08-21,7.6341,0.1965,JHU,0.5,fourier_country_k1
KEN,2005,34,2005-08-22,2005-08-28,7.6663,0.1973,JHU,0.5,fourier_country_k1
KEN,2005,35,2005-08-29,2005-09-04,7.8155,0.2011,JHU,0.5,fourier_country_k1
KEN,2005,36,2005-09-05,2005-09-11,8.0795,0.2079,JHU,0.5,fourier_country_k1
KEN,2005,37,2005-09-12,2005-09-18,8.4546,0.2176,JHU,0.5,fourier_country_k1
KEN,2005,38,2005-09-19,2005-09-25,8.9352,0.2299,JHU,0.5,fourier_country_k1
KEN,2005,39,2005-09-26,2005-10-02,9.5143,0.2449,JHU,0.5,fourier_country_k1
KEN,2005,40,2005-10-03,2005-10-09,10.1835,0.2621,JHU,0.5,fourier_country_k1
KEN,2005,41,2005-10-10,2005-10-16,10.9331,0.2814,JHU,0.5,fourier_country_k1
KEN,2005,42,2005-10-17,2005-10-23,11.7521,0.3024,JHU,0.5,fourier_country_k1
KEN,2005,43,2005-10-24,2005-10-30,12.6285,0.325,JHU,0.5,fourier_country_k1
KEN,2005,44,2005-10-31,2005-11-06,13.5496,0.3487,JHU,0.5,fourier_country_k1
KEN,2005,45,2005-11-07,2005-11-13,14.5019,0.3732,JHU,0.5,fourier_country_k1
KEN,2005,46,2005-11-14,2005-11-20,15.4716,0.3982,JHU,0.5,fourier_country_k1
KEN,2005,47,2005-11-21,2005-11-27,16.4445,0.4232,JHU,0.5,fourier_country_k1
KEN,2005,48,2005-11-28,2005-12-04,17.4065,0.448,JHU,0.5,fourier_country_k1
KEN,2005,49,2005-12-05,2005-12-11,18.3434,0.4721,JHU,0.5,fourier_country_k1
KEN,2005,50,2005-12-12,2005-12-18,19.2417,0.4952,JHU,0.5,fourier_country_k1
KEN,2005,51,2005-12-19,2005-12-25,20.0882,0.517,JHU,0.5,fourier_country_k1
KEN,2005,52,2005-12-26,2006-01-01,20.8707,0.5371,JHU,0.5,fourier_country_k1
KEN,2006,1,2006-01-02,2006-01-08,23.0055,0.2909,JHU,0.5,fourier_country_k1
KEN,2006,2,2006-01-09,2006-01-15,23.6677,0.2992,JHU,0.5,fourier_country_k1
KEN,2006,3,2006-01-16,2006-01-22,24.2288,0.3063,JHU,0.5,fourier_country_k1
KEN,2006,4,2006-01-23,2006-01-29,24.6805,0.3121,JHU,0.5,fourier_country_k1
KEN,2006,5,2006-01-30,2006-02-05,25.0162,0.3163,JHU,0.5,fourier_country_k1
KEN,2006,6,2006-02-06,2006-02-12,25.2312,0.319,JHU,0.5,fourier_country_k1
KEN,2006,7,2006-02-13,2006-02-19,25.3222,0.3202,JHU,0.5,fourier_country_k1
KEN,2006,8,2006-02-20,2006-02-26,25.2879,0.3197,JHU,0.5,fourier_country_k1
KEN,2006,9,2006-02-27,2006-03-05,25.1289,0.3177,JHU,0.5,fourier_country_k1
KEN,2006,10,2006-03-06,2006-03-12,24.8474,0.3142,JHU,0.5,fourier_country_k1
KEN,2006,11,2006-03-13,2006-03-19,24.4475,0.3091,JHU,0.5,fourier_country_k1
KEN,2006,12,2006-03-20,2006-03-26,23.9351,0.3026,JHU,0.5,fourier_country_k1
KEN,2006,13,2006-03-27,2006-04-02,23.3176,0.2948,JHU,0.5,fourier_country_k1
KEN,2006,14,2006-04-03,2006-04-09,22.6041,0.2858,JHU,0.5,fourier_country_k1
KEN,2006,15,2006-04-10,2006-04-16,21.8049,0.2757,JHU,0.5,fourier_country_k1
KEN,2006,16,2006-04-17,2006-04-23,20.9318,0.2647,JHU,0.5,fourier_country_k1
KEN,2006,17,2006-04-24,2006-04-30,19.9974,0.2528,JHU,0.5,fourier_country_k1
KEN,2006,18,2006-05-01,2006-05-07,19.0153,0.2404,JHU,0.5,fourier_country_k1
KEN,2006,19,2006-05-08,2006-05-14,18.0,0.2276,JHU,0.5,fourier_country_k1
KEN,2006,20,2006-05-15,2006-05-21,16.9661,0.2145,JHU,0.5,fourier_country_k1
KEN,2006,21,2006-05-22,2006-05-28,15.9288,0.2014,JHU,0.5,fourier_country_k1
KEN,2006,22,2006-05-29,2006-06-04,14.9032,0.1884,JHU,0.5,fourier_country_k1
KEN,2006,23,2006-06-05,2006-06-11,13.9042,0.1758,JHU,0.5,fourier_country_k1
KEN,2006,24,2006-06-12,2006-06-18,12.9465,0.1637,JHU,0.5,fourier_country_k1
KEN,2006,25,2006-06-19,2006-06-25,12.0439,0.1523,JHU,0.5,fourier_country_k1
KEN,2006,26,2006-06-26,2006-07-02,11.2097,0.1417,JHU,0.5,fourier_country_k1
KEN,2006,27,2006-07-03,2006-07-09,10.456,0.1322,JHU,0.5,fourier_country_k1
KEN,2006,28,2006-07-10,2006-07-16,9.7938,0.1238,JHU,0.5,fourier_country_k1
KEN,2006,29,2006-07-17,2006-07-23,9.2328,0.1167,JHU,0.5,fourier_country_k1
KEN,2006,30,2006-07-24,2006-07-30,8.7811,0.111,JHU,0.5,fourier_country_k1
KEN,2006,31,2006-07-31,2006-08-06,8.4453,0.1068,JHU,0.5,fourier_country_k1
KEN,2006,32,2006-08-07,2006-08-13,8.2303,0.1041,JHU,0.5,fourier_country_k1
KEN,2006,33,2006-08-14,2006-08-20,8.1393,0.1029,JHU,0.5,fourier_country_k1
KEN,2006,34,2006-08-21,2006-08-27,8.1736,0.1033,JHU,0.5,fourier_country_k1
KEN,2006,35,2006-08-28,2006-09-03,8.3327,0.1054,JHU,0.5,fourier_country_k1
KEN,2006,36,2006-09-04,2006-09-10,8.6142,0.1089,JHU,0.5,fourier_country_k1
KEN,2006,37,2006-09-11,2006-09-17,9.0141,0.114,JHU,0.5,fourier_country_k1
KEN,2006,38,2006-09-18,2006-09-24,9.5265,0.1204,JHU,0.5,fourier_country_k1
KEN,2006,39,2006-09-25,2006-10-01,10.1439,0.1283,JHU,0.5,fourier_country_k1
KEN,2006,40,2006-10-02,2006-10-08,10.8574,0.1373,JHU,0.5,fourier_country_k1
KEN,2006,41,2006-10-09,2006-10-15,11.6566,0.1474,JHU,0.5,fourier_country_k1
KEN,2006,42,2006-10-16,2006-10-22,12.5298,0.1584,JHU,0.5,fourier_country_k1
KEN,2006,43,2006-10-23,2006-10-29,13.4642,0.1702,JHU,0.5,fourier_country_k1
KEN,2006,44,2006-10-30,2006-11-05,14.4462,0.1827,JHU,0.5,fourier_country_k1
KEN,2006,45,2006-11-06,2006-11-12,15.4616,0.1955,JHU,0.5,fourier_country_k1
KEN,2006,46,2006-11-13,2006-11-19,16.4955,0.2086,JHU,0.5,fourier_country_k1
KEN,2006,47,2006-11-20,2006-11-26,17.5328,0.2217,JHU,0.5,fourier_country_k1
KEN,2006,48,2006-11-27,2006-12-03,18.5584,0.2346,JHU,0.5,fourier_country_k1
KEN,2006,49,2006-12-04,2006-12-10,19.5573,0.2473,JHU,0.5,fourier_country_k1
KEN,2006,50,2006-12-11,2006-12-17,20.5151,0.2594,JHU,0.5,fourier_country_k1
KEN,2006,51,2006-12-18,2006-12-24,21.4176,0.2708,JHU,0.5,fourier_country_k1
KEN,2006,52,2006-12-25,2006-12-31,22.2518,0.2813,JHU,0.5,fourier_country_k1
KEN,2007,1,2007-01-01,2007-01-07,31.0688,1.726,JHU,0.5,fourier_country_k1
KEN,2007,2,2007-01-08,2007-01-14,31.9631,1.7757,JHU,0.5,fourier_country_k1
KEN,2007,3,2007-01-15,2007-01-21,32.7208,1.8178,JHU,0.5,fourier_country_k1
KEN,2007,4,2007-01-22,2007-01-28,33.3309,1.8517,JHU,0.5,fourier_country_k1
KEN,2007,5,2007-01-29,2007-02-04,33.7843,1.8769,JHU,0.5,fourier_country_k1
KEN,2007,6,2007-02-05,2007-02-11,34.0746,1.893,JHU,0.5,fourier_country_k1
KEN,2007,7,2007-02-12,2007-02-18,34.1975,1.8999,JHU,0.5,fourier_country_k1
KEN,2007,8,2007-02-19,2007-02-25,34.1513,1.8973,JHU,0.5,fourier_country_k1
KEN,2007,9,2007-02-26,2007-03-04,33.9364,1.8854,JHU,0.5,fourier_country_k1
KEN,2007,10,2007-03-05,2007-03-11,33.5562,1.8642,JHU,0.5,fourier_country_k1
KEN,2007,11,2007-03-12,2007-03-18,33.0162,1.8342,JHU,0.5,fourier_country_k1
KEN,2007,12,2007-03-19,2007-03-25,32.3242,1.7958,JHU,0.5,fourier_country_k1
KEN,2007,13,2007-03-26,2007-04-01,31.4903,1.7495,JHU,0.5,fourier_country_k1
KEN,2007,14,2007-04-02,2007-04-08,30.5267,1.6959,JHU,0.5,fourier_country_k1
KEN,2007,15,2007-04-09,2007-04-15,29.4475,1.636,JHU,0.5,fourier_country_k1
KEN,2007,16,2007-04-16,2007-04-22,28.2683,1.5705,JHU,0.5,fourier_country_k1
KEN,2007,17,2007-04-23,2007-04-29,27.0064,1.5004,JHU,0.5,fourier_country_k1
KEN,2007,18,2007-04-30,2007-05-06,25.6801,1.4267,JHU,0.5,fourier_country_k1
KEN,2007,19,2007-05-07,2007-05-13,24.3089,1.3505,JHU,0.5,fourier_country_k1
KEN,2007,20,2007-05-14,2007-05-20,22.9126,1.2729,JHU,0.5,fourier_country_k1
KEN,2007,21,2007-05-21,2007-05-27,21.5118,1.1951,JHU,0.5,fourier_country_k1
KEN,2007,22,2007-05-28,2007-06-03,20.1267,1.1181,JHU,0.5,fourier_country_k1
KEN,2007,23,2007-06-04,2007-06-10,18.7776,1.0432,JHU,0.5,fourier_country_k1
KEN,2007,24,2007-06-11,2007-06-17,17.4842,0.9713,JHU,0.5,fourier_country_k1
KEN,2007,25,2007-06-18,2007-06-24,16.2653,0.9036,JHU,0.5,fourier_country_k1
KEN,2007,26,2007-06-25,2007-07-01,15.1387,0.841,JHU,0.5,fourier_country_k1
KEN,2007,27,2007-07-02,2007-07-08,14.1208,0.7845,JHU,0.5,fourier_country_k1
KEN,2007,28,2007-07-09,2007-07-15,13.2265,0.7348,JHU,0.5,fourier_country_k1
KEN,2007,29,2007-07-16,2007-07-22,12.4688,0.6927,JHU,0.5,fourier_country_k1
KEN,2007,30,2007-07-23,2007-07-29,11.8588,0.6588,JHU,0.5,fourier_country_k1
KEN,2007,31,2007-07-30,2007-08-05,11.4053,0.6336,JHU,0.5,fourier_country_k1
KEN,2007,32,2007-08-06,2007-08-12,11.115,0.6175,JHU,0.5,fourier_country_k1
KEN,2007,33,2007-08-13,2007-08-19,10.9921,0.6107,JHU,0.5,fourier_country_k1
KEN,2007,34,2007-08-20,2007-08-26,11.0384,0.6132,JHU,0.5,fourier_country_k1
KEN,2007,35,2007-08-27,2007-09-02,11.2532,0.6252,JHU,0.5,fourier_country_k1
KEN,2007,36,2007-09-03,2007-09-09,11.6334,0.6463,JHU,0.5,fourier_country_k1
KEN,2007,37,2007-09-10,2007-09-16,12.1735,0.6763,JHU,0.5,fourier_country_k1
KEN,2007,38,2007-09-17,2007-09-23,12.8655,0.7147,JHU,0.5,fourier_country_k1
KEN,2007,39,2007-09-24,2007-09-30,13.6993,0.7611,JHU,0.5,fourier_country_k1
KEN,2007,40,2007-10-01,2007-10-07,14.6629,0.8146,JHU,0.5,fourier_country_k1
KEN,2007,41,2007-10-08,2007-10-14,15.7422,0.8746,JHU,0.5,fourier_country_k1
KEN,2007,42,2007-10-15,2007-10-21,16.9214,0.9401,JHU,0.5,fourier_country_k1
KEN,2007,43,2007-10-22,2007-10-28,18.1833,1.0102,JHU,0.5,fourier_country_k1
KEN,2007,44,2007-10-29,2007-11-04,19.5096,1.0839,JHU,0.5,fourier_country_k1
KEN,2007,45,2007-11-05,2007-11-11,20.8808,1.16,JHU,0.5,fourier_country_k1
KEN,2007,46,2007-11-12,2007-11-18,22.277,1.2376,JHU,0.5,fourier_country_k1
KEN,2007,47,2007-11-19,2007-11-25,23.6779,1.3154,JHU,0.5,fourier_country_k1
KEN,2007,48,2007-11-26,2007-12-02,25.063,1.3924,JHU,0.5,fourier_country_k1
KEN,2007,49,2007-12-03,2007-12-09,26.4121,1.4673,JHU,0.5,fourier_country_k1
KEN,2007,50,2007-12-10,2007-12-16,27.7055,1.5392,JHU,0.5,fourier_country_k1
KEN,2007,51,2007-12-17,2007-12-23,28.9244,1.6069,JHU,0.5,fourier_country_k1
KEN,2007,52,2007-12-24,2007-12-30,30.051,1.6695,JHU,0.5,fourier_country_k1
KEN,2008,1,2007-12-31,2008-01-06,31.0688,1.726,JHU,0.5,fourier_country_k1
KEN,2008,2,2008-01-07,2008-01-13,84.0884,3.0741,JHU,0.5,fourier_country_k1
KEN,2008,3,2008-01-14,2008-01-20,86.0817,3.147,JHU,0.5,fourier_country_k1
KEN,2008,4,2008-01-21,2008-01-27,87.6866,3.2056,JHU,0.5,fourier_country_k1
KEN,2008,5,2008-01-28,2008-02-03,88.8796,3.2492,JHU,0.5,fourier_country_k1
KEN,2008,6,2008-02-04,2008-02-10,89.6433,3.2772,JHU,0.5,fourier_country_k1
KEN,2008,7,2008-02-11,2008-02-17,89.9666,3.289,JHU,0.5,fourier_country_k1
KEN,2008,8,2008-02-18,2008-02-24,89.8449,3.2845,JHU,0.5,fourier_country_k1
KEN,2008,9,2008-02-25,2008-03-02,89.2797,3.2639,JHU,0.5,fourier_country_k1
KEN,2008,10,2008-03-03,2008-03-09,88.2795,3.2273,JHU,0.5,fourier_country_k1
KEN,2008,11,2008-03-10,2008-03-16,86.8588,3.1754,JHU,0.5,fourier_country_k1
KEN,2008,12,2008-03-17,2008-03-23,85.0383,3.1088,JHU,0.5,fourier_country_k1
KEN,2008,13,2008-03-24,2008-03-30,82.8445,3.0286,JHU,0.5,fourier_country_k1
KEN,2008,14,2008-03-31,2008-04-06,80.3095,2.9359,JHU,0.5,fourier_country_k1
KEN,2008,15,2008-04-07,2008-04-13,77.4702,2.8321,JHU,0.5,fourier_country_k1
KEN,2008,16,2008-04-14,2008-04-20,74.368,2.7187,JHU,0.5,fourier_country_k1
KEN,2008,17,2008-04-21,2008-04-27,71.0481,2.5974,JHU,0.5,fourier_country_k1
KEN,2008,18,2008-04-28,2008-05-04,67.559,2.4698,JHU,0.5,fourier_country_k1
KEN,2008,19,2008-05-05,2008-05-11,63.9516,2.3379,JHU,0.5,fourier_country_k1
KEN,2008,20,2008-05-12,2008-05-18,60.2784,2.2036,JHU,0.5,fourier_country_k1
KEN,2008,21,2008-05-19,2008-05-25,56.593,2.0689,JHU,0.5,fourier_country_k1
KEN,2008,22,2008-05-26,2008-06-01,52.9491,1.9357,JHU,0.5,fourier_country_k1
KEN,2008,23,2008-06-02,2008-06-08,49.4,1.806,JHU,0.5,fourier_country_k1
KEN,2008,24,2008-06-09,2008-06-15,45.9972,1.6816,JHU,0.5,fourier_country_k1
KEN,2008,25,2008-06-16,2008-06-22,42.7906,1.5643,JHU,0.5,fourier_country_k1
KEN,2008,26,2008-06-23,2008-06-29,39.8267,1.456,JHU,0.5,fourier_country_k1
KEN,2008,27,2008-06-30,2008-07-06,37.1489,1.3581,JHU,0.5,fourier_country_k1
KEN,2008,28,2008-07-07,2008-07-13,34.7962,1.2721,JHU,0.5,fourier_country_k1
KEN,2008,29,2008-07-14,2008-07-20,32.8029,1.1992,JHU,0.5,fourier_country_k1
KEN,2008,30,2008-07-21,2008-07-27,31.198,1.1405,JHU,0.5,fourier_country_k1
KEN,2008,31,2008-07-28,2008-08-03,30.005,1.0969,JHU,0.5,fourier_country_k1
KEN,2008,32,2008-08-04,2008-08-10,29.2413,1.069,JHU,0.5,fourier_country_k1
KEN,2008,33,2008-08-11,2008-08-17,28.918,1.0572,JHU,0.5,fourier_country_k1
KEN,2008,34,2008-08-18,2008-08-24,29.0398,1.0616,JHU,0.5,fourier_country_k1
KEN,2008,35,2008-08-25,2008-08-31,29.6049,1.0823,JHU,0.5,fourier_country_k1
KEN,2008,36,2008-09-01,2008-09-07,30.6051,1.1189,JHU,0.5,fourier_country_k1
KEN,2008,37,2008-09-08,2008-09-14,32.0258,1.1708,JHU,0.5,fourier_country_k1
KEN,2008,38,2008-09-15,2008-09-21,33.8463,1.2373,JHU,0.5,fourier_country_k1
KEN,2008,39,2008-09-22,2008-09-28,36.0401,1.3175,JHU,0.5,fourier_country_k1
KEN,2008,40,2008-09-29,2008-10-05,38.5751,1.4102,JHU,0.5,fourier_country_k1
KEN,2008,41,2008-10-06,2008-10-12,41.4145,1.514,JHU,0.5,fourier_country_k1
KEN,2008,42,2008-10-13,2008-10-19,44.5167,1.6274,JHU,0.5,fourier_country_k1
KEN,2008,43,2008-10-20,2008-10-26,47.8365,1.7488,JHU,0.5,fourier_country_k1
KEN,2008,44,2008-10-27,2008-11-02,51.3256,1.8763,JHU,0.5,fourier_country_k1
KEN,2008,45,2008-11-03,2008-11-09,54.9331,2.0082,JHU,0.5,fourier_country_k1
KEN,2008,46,2008-11-10,2008-11-16,58.6063,2.1425,JHU,0.5,fourier_country_k1
KEN,2008,47,2008-11-17,2008-11-23,62.2917,2.2772,JHU,0.5,fourier_country_k1
KEN,2008,48,2008-11-24,2008-11-30,65.9355,2.4105,JHU,0.5,fourier_country_k1
KEN,2008,49,2008-12-01,2008-12-07,69.4847,2.5402,JHU,0.5,fourier_country_k1
KEN,2008,50,2008-12-08,2008-12-14,72.8874,2.6646,JHU,0.5,fourier_country_k1
KEN,2008,51,2008-12-15,2008-12-21,76.094,2.7818,JHU,0.5,fourier_country_k1
KEN,2008,52,2008-12-22,2008-12-28,79.0579,2.8902,JHU,0.5,fourier_country_k1
KEN,2009,1,2008-12-29,2009-01-04,81.7357,2.9881,JHU,0.5,fourier_country_k1
KEN,2009,2,2009-01-05,2009-01-11,311.0783,7.1882,JHU,0.475,fourier_country_k1
KEN,2009,3,2009-01-12,2009-01-18,318.4524,7.3586,JHU,0.475,fourier_country_k1
KEN,2009,4,2009-01-19,2009-01-25,324.3895,7.4957,JHU,0.475,fourier_country_k1
KEN,2009,5,2009-01-26,2009-02-01,328.8028,7.5977,JHU,0.475,fourier_country_k1
KEN,2009,6,2009-02-02,2009-02-08,331.6282,7.663,JHU,0.475,fourier_country_k1
KEN,2009,7,2009-02-09,2009-02-15,332.8243,7.6906,JHU,0.475,fourier_country_k1
KEN,2009,8,2009-02-16,2009-02-22,332.3738,7.6802,JHU,0.475,fourier_country_k1
KEN,2009,9,2009-02-23,2009-03-01,330.2832,7.6319,JHU,0.475,fourier_country_k1
KEN,2009,10,2009-03-02,2009-03-08,326.583,7.5464,JHU,0.475,fourier_country_k1
KEN,2009,11,2009-03-09,2009-03-15,321.3271,7.425,JHU,0.475,fourier_country_k1
KEN,2009,12,2009-03-16,2009-03-22,314.5922,7.2694,JHU,0.475,fourier_country_k1
KEN,2009,13,2009-03-23,2009-03-29,306.4766,7.0818,JHU,0.475,fourier_country_k1
KEN,2009,14,2009-03-30,2009-04-05,297.0984,6.8651,JHU,0.475,fourier_country_k1
KEN,2009,15,2009-04-06,2009-04-12,286.5946,6.6224,JHU,0.475,fourier_country_k1
KEN,2009,16,2009-04-13,2009-04-19,275.1183,6.3572,JHU,0.475,fourier_country_k1
KEN,2009,17,2009-04-20,2009-04-26,262.8368,6.0734,JHU,0.475,fourier_country_k1
KEN,2009,18,2009-04-27,2009-05-03,249.9291,5.7752,JHU,0.475,fourier_country_k1
KEN,2009,19,2009-05-04,2009-05-10,236.5837,5.4668,JHU,0.475,fourier_country_k1
KEN,2009,20,2009-05-11,2009-05-17,222.9949,5.1528,JHU,0.475,fourier_country_k1
KEN,2009,21,2009-05-18,2009-05-24,209.3611,4.8378,JHU,0.475,fourier_country_k1
KEN,2009,22,2009-05-25,2009-05-31,195.881,4.5263,JHU,0.475,fourier_country_k1
KEN,2009,23,2009-06-01,2009-06-07,182.7512,4.2229,JHU,0.475,fourier_country_k1
KEN,2009,24,2009-06-08,2009-06-14,170.1631,3.932,JHU,0.475,fourier_country_k1
KEN,2009,25,2009-06-15,2009-06-21,158.3003,3.6579,JHU,0.475,fourier_country_k1
KEN,2009,26,2009-06-22,2009-06-28,147.3358,3.4045,JHU,0.475,fourier_country_k1
KEN,2009,27,2009-06-29,2009-07-05,137.4295,3.1756,JHU,0.475,fourier_country_k1
KEN,2009,28,2009-07-06,2009-07-12,128.7258,2.9745,JHU,0.475,fourier_country_k1
KEN,2009,29,2009-07-13,2009-07-19,121.3517,2.8041,JHU,0.475,fourier_country_k1
KEN,2009,30,2009-07-20,2009-07-26,115.4146,2.6669,JHU,0.475,fourier_country_k1
KEN,2009,31,2009-07-27,2009-08-02,111.0012,2.5649,JHU,0.475,fourier_country_k1
KEN,2009,32,2009-08-03,2009-08-09,108.1759,2.4996,JHU,0.475,fourier_country_k1
KEN,2009,33,2009-08-10,2009-08-16,106.9797,2.472,JHU,0.475,fourier_country_k1
KEN,2009,34,2009-08-17,2009-08-23,107.4303,2.4824,JHU,0.475,fourier_country_k1
KEN,2009,35,2009-08-24,2009-08-30,109.5209,2.5307,JHU,0.475,fourier_country_k1
KEN,2009,36,2009-08-31,2009-09-06,113.2211,2.6162,JHU,0.475,fourier_country_k1
KEN,2009,37,2009-09-07,2009-09-13,118.477,2.7377,JHU,0.475,fourier_country_k1
KEN,2009,38,2009-09-14,2009-09-20,125.2119,2.8933,JHU,0.475,fourier_country_k1
KEN,2009,39,2009-09-21,2009-09-27,133.3275,3.0808,JHU,0.475,fourier_country_k1
KEN,2009,40,2009-09-28,2009-10-04,142.7056,3.2975,JHU,0.475,fourier_country_k1
KEN,2009,41,2009-10-05,2009-10-11,153.2095,3.5402,JHU,0.475,fourier_country_k1
KEN,2009,42,2009-10-12,2009-10-18,164.6858,3.8054,JHU,0.475,fourier_country_k1
KEN,2009,43,2009-10-19,2009-10-25,176.9673,4.0892,JHU,0.475,fourier_country_k1
KEN,2009,44,2009-10-26,2009-11-01,189.8749,4.3875,JHU,0.475,fourier_country_k1
KEN,2009,45,2009-11-02,2009-11-08,203.2204,4.6959,JHU,0.475,fourier_country_k1
KEN,2009,46,2009-11-09,2009-11-15,216.8091,5.0099,JHU,0.475,fourier_country_k1
KEN,2009,47,2009-11-16,2009-11-22,230.443,5.3249,JHU,0.475,fourier_country_k1
KEN,2009,48,2009-11-23,2009-11-29,243.9231,5.6364,JHU,0.475,fourier_country_k1
KEN,2009,49,2009-11-30,2009-12-06,257.0529,5.9398,JHU,0.475,fourier_country_k1
KEN,2009,50,2009-12-07,2009-12-13,269.641,6.2307,JHU,0.475,fourier_country_k1
KEN,2009,51,2009-12-14,2009-12-20,281.5038,6.5048,JHU,0.475,fourier_country_k1
KEN,2009,52,2009-12-21,2009-12-27,292.4683,6.7581,JHU,0.475,fourier_country_k1
KEN,2009,53,2009-12-28,2010-01-03,292.4683,6.7581,JHU,0.475,fourier_country_k1
KEN,2010,1,2010-01-04,2010-01-10,84.3007,1.6659,JHU,0.5,fourier_country_k1
KEN,2010,2,2010-01-11,2010-01-17,86.7272,1.7139,JHU,0.5,fourier_country_k1
KEN,2010,3,2010-01-18,2010-01-24,88.7831,1.7545,JHU,0.5,fourier_country_k1
KEN,2010,4,2010-01-25,2010-01-31,90.4383,1.7872,JHU,0.5,fourier_country_k1
KEN,2010,5,2010-02-01,2010-02-07,91.6687,1.8115,JHU,0.5,fourier_country_k1
KEN,2010,6,2010-02-08,2010-02-14,92.4564,1.8271,JHU,0.5,fourier_country_k1
KEN,2010,7,2010-02-15,2010-02-21,92.7899,1.8337,JHU,0.5,fourier_country_k1
KEN,2010,8,2010-02-22,2010-02-28,92.6643,1.8312,JHU,0.5,fourier_country_k1
KEN,2010,9,2010-03-01,2010-03-07,92.0815,1.8197,JHU,0.5,fourier_country_k1
KEN,2010,10,2010-03-08,2010-03-14,91.0499,1.7993,JHU,0.5,fourier_country_k1
KEN,2010,11,2010-03-15,2010-03-21,89.5845,1.7703,JHU,0.5,fourier_country_k1
KEN,2010,12,2010-03-22,2010-03-28,87.7069,1.7332,JHU,0.5,fourier_country_k1
KEN,2010,13,2010-03-29,2010-04-04,85.4443,1.6885,JHU,0.5,fourier_country_k1
KEN,2010,14,2010-04-05,2010-04-11,82.8297,1.6368,JHU,0.5,fourier_country_k1
KEN,2010,15,2010-04-12,2010-04-18,79.9013,1.579,JHU,0.5,fourier_country_k1
KEN,2010,16,2010-04-19,2010-04-25,76.7017,1.5157,JHU,0.5,fourier_country_k1
KEN,2010,17,2010-04-26,2010-05-02,73.2777,1.4481,JHU,0.5,fourier_country_k1
KEN,2010,18,2010-05-03,2010-05-09,69.6791,1.377,JHU,0.5,fourier_country_k1
KEN,2010,19,2010-05-10,2010-05-16,65.9585,1.3034,JHU,0.5,fourier_country_k1
KEN,2010,20,2010-05-17,2010-05-23,62.17,1.2286,JHU,0.5,fourier_country_k1
KEN,2010,21,2010-05-24,2010-05-30,58.3689,1.1535,JHU,0.5,fourier_country_k1
KEN,2010,22,2010-05-31,2010-06-06,54.6107,1.0792,JHU,0.5,fourier_country_k1
KEN,2010,23,2010-06-07,2010-06-13,50.9502,1.0069,JHU,0.5,fourier_country_k1
KEN,2010,24,2010-06-14,2010-06-20,47.4407,0.9375,JHU,0.5,fourier_country_k1
KEN,2010,25,2010-06-21,2010-06-27,44.1334,0.8721,JHU,0.5,fourier_country_k1
KEN,2010,26,2010-06-28,2010-07-04,41.0765,0.8117,JHU,0.5,fourier_country_k1
KEN,2010,27,2010-07-05,2010-07-11,38.3147,0.7572,JHU,0.5,fourier_country_k1
KEN,2010,28,2010-07-12,2010-07-18,35.8882,0.7092,JHU,0.5,fourier_country_k1
KEN,2010,29,2010-07-19,2010-07-25,33.8323,0.6686,JHU,0.5,fourier_country_k1
KEN,2010,30,2010-07-26,2010-08-01,32.1771,0.6359,JHU,0.5,fourier_country_k1
KEN,2010,31,2010-08-02,2010-08-08,30.9466,0.6116,JHU,0.5,fourier_country_k1
KEN,2010,32,2010-08-09,2010-08-15,30.1589,0.596,JHU,0.5,fourier_country_k1
KEN,2010,33,2010-08-16,2010-08-22,29.8255,0.5894,JHU,0.5,fourier_country_k1
KEN,2010,34,2010-08-23,2010-08-29,29.9511,0.5919,JHU,0.5,fourier_country_k1
KEN,2010,35,2010-08-30,2010-09-05,30.5339,0.6034,JHU,0.5,fourier_country_k1
KEN,2010,36,2010-09-06,2010-09-12,31.5655,0.6238,JHU,0.5,fourier_country_k1
KEN,2010,37,2010-09-13,2010-09-19,33.0308,0.6527,JHU,0.5,fourier_country_k1
KEN,2010,38,2010-09-20,2010-09-26,34.9085,0.6898,JHU,0.5,fourier_country_k1
KEN,2010,39,2010-09-27,2010-10-03,37.1711,0.7346,JHU,0.5,fourier_country_k1
KEN,2010,40,2010-10-04,2010-10-10,39.7857,0.7862,JHU,0.5,fourier_country_k1
KEN,2010,41,2010-10-11,2010-10-17,42.7141,0.8441,JHU,0.5,fourier_country_k1
KEN,2010,42,2010-10-18,2010-10-24,45.9137,0.9073,JHU,0.5,fourier_country_k1
KEN,2010,43,2010-10-25,2010-10-31,49.3377,0.975,JHU,0.5,fourier_country_k1
KEN,2010,44,2010-11-01,2010-11-07,52.9363,1.0461,JHU,0.5,fourier_country_k1
KEN,2010,45,2010-11-08,2010-11-14,56.6569,1.1196,JHU,0.5,fourier_country_k1
KEN,2010,46,2010-11-15,2010-11-21,60.4454,1.1945,JHU,0.5,fourier_country_k1
KEN,2010,47,2010-11-22,2010-11-28,64.2465,1.2696,JHU,0.5,fourier_country_k1
KEN,2010,48,2010-11-29,2010-12-05,68.0047,1.3439,JHU,0.5,fourier_country_k1
KEN,2010,49,2010-12-06,2010-12-12,71.6652,1.4162,JHU,0.5,fourier_country_k1
KEN,2010,50,2010-12-13,2010-12-19,75.1747,1.4856,JHU,0.5,fourier_country_k1
KEN,2010,51,2010-12-20,2010-12-26,78.482,1.5509,JHU,0.5,fourier_country_k1
KEN,2010,52,2010-12-27,2011-01-02,81.5388,1.6113,JHU,0.5,fourier_country_k1
KEN,2011,1,2011-01-03,2011-01-09,1.9568,0.0529,JHU,0.5,fourier_country_k1
KEN,2011,2,2011-01-10,2011-01-16,2.0131,0.0544,JHU,0.5,fourier_country_k1
KEN,2011,3,2011-01-17,2011-01-23,2.0608,0.0557,JHU,0.5,fourier_country_k1
KEN,2011,4,2011-01-24,2011-01-30,2.0993,0.0567,JHU,0.5,fourier_country_k1
KEN,2011,5,2011-01-31,2011-02-06,2.1278,0.0575,JHU,0.5,fourier_country_k1
KEN,2011,6,2011-02-07,2011-02-13,2.1461,0.058,JHU,0.5,fourier_country_k1
KEN,2011,7,2011-02-14,2011-02-20,2.1538,0.0582,JHU,0.5,fourier_country_k1
KEN,2011,8,2011-02-21,2011-02-27,2.1509,0.0581,JHU,0.5,fourier_country_k1
KEN,2011,9,2011-02-28,2011-03-06,2.1374,0.0578,JHU,0.5,fourier_country_k1
KEN,2011,10,2011-03-07,2011-03-13,2.1135,0.0571,JHU,0.5,fourier_country_k1
KEN,2011,11,2011-03-14,2011-03-20,2.0794,0.0562,JHU,0.5,fourier_country_k1
KEN,2011,12,2011-03-21,2011-03-27,2.0359,0.055,JHU,0.5,fourier_country_k1
KEN,2011,13,2011-03-28,2011-04-03,1.9833,0.0536,JHU,0.5,fourier_country_k1
KEN,2011,14,2011-04-04,2011-04-10,1.9226,0.052,JHU,0.5,fourier_country_k1
KEN,2011,15,2011-04-11,2011-04-17,1.8547,0.0501,JHU,0.5,fourier_country_k1
KEN,2011,16,2011-04-18,2011-04-24,1.7804,0.0481,JHU,0.5,fourier_country_k1
KEN,2011,17,2011-04-25,2011-05-01,1.7009,0.046,JHU,0.5,fourier_country_k1
KEN,2011,18,2011-05-02,2011-05-08,1.6174,0.0437,JHU,0.5,fourier_country_k1
KEN,2011,19,2011-05-09,2011-05-15,1.531,0.0414,JHU,0.5,fourier_country_k1
KEN,2011,20,2011-05-16,2011-05-22,1.4431,0.039,JHU,0.5,fourier_country_k1
KEN,2011,21,2011-05-23,2011-05-29,1.3549,0.0366,JHU,0.5,fourier_country_k1
KEN,2011,22,2011-05-30,2011-06-05,1.2676,0.0343,JHU,0.5,fourier_country_k1
KEN,2011,23,2011-06-06,2011-06-12,1.1827,0.032,JHU,0.5,fourier_country_k1
KEN,2011,24,2011-06-13,2011-06-19,1.1012,0.0298,JHU,0.5,fourier_country_k1
KEN,2011,25,2011-06-20,2011-06-26,1.0244,0.0277,JHU,0.5,fourier_country_k1
KEN,2011,26,2011-06-27,2011-07-03,0.9535,0.0258,JHU,0.5,fourier_country_k1
KEN,2011,27,2011-07-04,2011-07-10,0.8894,0.024,JHU,0.5,fourier_country_k1
KEN,2011,28,2011-07-11,2011-07-17,0.833,0.0225,JHU,0.5,fourier_country_k1
KEN,2011,29,2011-07-18,2011-07-24,0.7853,0.0212,JHU,0.5,fourier_country_k1
KEN,2011,30,2011-07-25,2011-07-31,0.7469,0.0202,JHU,0.5,fourier_country_k1
KEN,2011,31,2011-08-01,2011-08-07,0.7183,0.0194,JHU,0.5,fourier_country_k1
KEN,2011,32,2011-08-08,2011-08-14,0.7001,0.0189,JHU,0.5,fourier_country_k1
KEN,2011,33,2011-08-15,2011-08-21,0.6923,0.0187,JHU,0.5,fourier_country_k1
KEN,2011,34,2011-08-22,2011-08-28,0.6952,0.0188,JHU,0.5,fourier_country_k1
KEN,2011,35,2011-08-29,2011-09-04,0.7088,0.0192,JHU,0.5,fourier_country_k1
KEN,2011,36,2011-09-05,2011-09-11,0.7327,0.0198,JHU,0.5,fourier_country_k1
KEN,2011,37,2011-09-12,2011-09-18,0.7667,0.0207,JHU,0.5,fourier_country_k1
KEN,2011,38,2011-09-19,2011-09-25,0.8103,0.0219,JHU,0.5,fourier_country_k1
KEN,2011,39,2011-09-26,2011-10-02,0.8628,0.0233,JHU,0.5,fourier_country_k1
KEN,2011,40,2011-10-03,2011-10-09,0.9235,0.025,JHU,0.5,fourier_country_k1
KEN,2011,41,2011-10-10,2011-10-16,0.9915,0.0268,JHU,0.5,fourier_country_k1
KEN,2011,42,2011-10-17,2011-10-23,1.0657,0.0288,JHU,0.5,fourier_country_k1
KEN,2011,43,2011-10-24,2011-10-30,1.1452,0.031,JHU,0.5,fourier_country_k1
KEN,2011,44,2011-10-31,2011-11-06,1.2288,0.0332,JHU,0.5,fourier_country_k1
KEN,2011,45,2011-11-07,2011-11-13,1.3151,0.0355,JHU,0.5,fourier_country_k1
KEN,2011,46,2011-11-14,2011-11-20,1.4031,0.0379,JHU,0.5,fourier_country_k1
KEN,2011,47,2011-11-21,2011-11-27,1.4913,0.0403,JHU,0.5,fourier_country_k1
KEN,2011,48,2011-11-28,2011-12-04,1.5785,0.0427,JHU,0.5,fourier_country_k1
KEN,2011,49,2011-12-05,2011-12-11,1.6635,0.045,JHU,0.5,fourier_country_k1
KEN,2011,50,2011-12-12,2011-12-18,1.745,0.0472,JHU,0.5,fourier_country_k1
KEN,2011,51,2011-12-19,2011-12-25,1.8217,0.0492,JHU,0.5,fourier_country_k1
KEN,2011,52,2011-12-26,2012-01-01,1.8927,0.0512,JHU,0.5,fourier_country_k1
KEN,2012,1,2012-01-02,2012-01-08,0.0,0.0,AI,0.75,documented_zero
KEN,2012,2,2012-01-09,2012-01-15,0.0,0.0,AI,0.75,documented_zero
KEN,2012,3,2012-01-16,2012-01-22,0.0,0.0,AI,0.75,documented_zero
KEN,2012,4,2012-01-23,2012-01-29,0.0,0.0,AI,0.75,documented_zero
KEN,2012,5,2012-01-30,2012-02-05,0.0,0.0,AI,0.75,documented_zero
KEN,2012,6,2012-02-06,2012-02-12,0.0,0.0,AI,0.75,documented_zero
KEN,2012,7,2012-02-13,2012-02-19,0.0,0.0,AI,0.75,documented_zero
KEN,2012,8,2012-02-20,2012-02-26,0.0,0.0,AI,0.75,documented_zero
KEN,2012,9,2012-02-27,2012-03-04,0.0,0.0,AI,0.75,documented_zero
KEN,2012,10,2012-03-05,2012-03-11,0.0,0.0,AI,0.75,documented_zero
KEN,2012,11,2012-03-12,2012-03-18,0.0,0.0,AI,0.75,documented_zero
KEN,2012,12,2012-03-19,2012-03-25,0.0,0.0,AI,0.75,documented_zero
KEN,2012,13,2012-03-26,2012-04-01,0.0,0.0,AI,0.75,documented_zero
KEN,2012,14,2012-04-02,2012-04-08,0.0,0.0,AI,0.75,documented_zero
KEN,2012,15,2012-04-09,2012-04-15,0.0,0.0,AI,0.75,documented_zero
KEN,2012,16,2012-04-16,2012-04-22,0.0,0.0,AI,0.75,documented_zero
KEN,2012,17,2012-04-23,2012-04-29,0.0,0.0,AI,0.75,documented_zero
KEN,2012,18,2012-04-30,2012-05-06,0.0,0.0,AI,0.75,documented_zero
KEN,2012,19,2012-05-07,2012-05-13,0.0,0.0,AI,0.75,documented_zero
KEN,2012,20,2012-05-14,2012-05-20,0.0,0.0,AI,0.75,documented_zero
KEN,2012,21,2012-05-21,2012-05-27,0.0,0.0,AI,0.75,documented_zero
KEN,2012,22,2012-05-28,2012-06-03,0.0,0.0,AI,0.75,documented_zero
KEN,2012,23,2012-06-04,2012-06-10,0.0,0.0,AI,0.75,documented_zero
KEN,2012,24,2012-06-11,2012-06-17,0.0,0.0,AI,0.75,documented_zero
KEN,2012,25,2012-06-18,2012-06-24,0.0,0.0,AI,0.75,documented_zero
KEN,2012,26,2012-06-25,2012-07-01,0.0,0.0,AI,0.75,documented_zero
KEN,2012,27,2012-07-02,2012-07-08,0.0,0.0,AI,0.75,documented_zero
KEN,2012,28,2012-07-09,2012-07-15,0.0,0.0,AI,0.75,documented_zero
KEN,2012,29,2012-07-16,2012-07-22,0.0,0.0,AI,0.75,documented_zero
KEN,2012,30,2012-07-23,2012-07-29,0.0,0.0,AI,0.75,documented_zero
KEN,2012,31,2012-07-30,2012-08-05,0.0,0.0,AI,0.75,documented_zero
KEN,2012,32,2012-08-06,2012-08-12,0.0,0.0,AI,0.75,documented_zero
KEN,2012,33,2012-08-13,2012-08-19,0.0,0.0,AI,0.75,documented_zero
KEN,2012,34,2012-08-20,2012-08-26,0.0,0.0,AI,0.75,documented_zero
KEN,2012,35,2012-08-27,2012-09-02,0.0,0.0,AI,0.75,documented_zero
KEN,2012,36,2012-09-03,2012-09-09,0.0,0.0,AI,0.75,documented_zero
KEN,2012,37,2012-09-10,2012-09-16,0.0,0.0,AI,0.75,documented_zero
KEN,2012,38,2012-09-17,2012-09-23,0.0,0.0,AI,0.75,documented_zero
KEN,2012,39,2012-09-24,2012-09-30,0.0,0.0,AI,0.75,documented_zero
KEN,2012,40,2012-10-01,2012-10-07,0.0,0.0,AI,0.75,documented_zero
KEN,2012,41,2012-10-08,2012-10-14,0.0,0.0,AI,0.75,documented_zero
KEN,2012,42,2012-10-15,2012-10-21,0.0,0.0,AI,0.75,documented_zero
KEN,2012,43,2012-10-22,2012-10-28,0.0,0.0,AI,0.75,documented_zero
KEN,2012,44,2012-10-29,2012-11-04,0.0,0.0,AI,0.75,documented_zero
KEN,2012,45,2012-11-05,2012-11-11,0.0,0.0,AI,0.75,documented_zero
KEN,2012,46,2012-11-12,2012-11-18,0.0,0.0,AI,0.75,documented_zero
KEN,2012,47,2012-11-19,2012-11-25,0.0,0.0,AI,0.75,documented_zero
KEN,2012,48,2012-11-26,2012-12-02,0.0,0.0,AI,0.75,documented_zero
KEN,2012,49,2012-12-03,2012-12-09,0.0,0.0,AI,0.75,documented_zero
KEN,2012,50,2012-12-10,2012-12-16,0.0,0.0,AI,0.75,documented_zero
KEN,2012,51,2012-12-17,2012-12-23,0.0,0.0,AI,0.75,documented_zero
KEN,2012,52,2012-12-24,2012-12-30,0.0,0.0,AI,0.75,documented_zero
KEN,2013,1,2012-12-31,2013-01-06,0.0,0.0,AI,0.75,documented_zero
KEN,2013,2,2013-01-07,2013-01-13,0.0,0.0,AI,0.85,documented_zero
KEN,2013,3,2013-01-14,2013-01-20,0.0,0.0,AI,0.85,documented_zero
KEN,2013,4,2013-01-21,2013-01-27,0.0,0.0,AI,0.85,documented_zero
KEN,2013,5,2013-01-28,2013-02-03,0.0,0.0,AI,0.85,documented_zero
KEN,2013,6,2013-02-04,2013-02-10,0.0,0.0,AI,0.85,documented_zero
KEN,2013,7,2013-02-11,2013-02-17,0.0,0.0,AI,0.85,documented_zero
KEN,2013,8,2013-02-18,2013-02-24,0.0,0.0,AI,0.85,documented_zero
KEN,2013,9,2013-02-25,2013-03-03,0.0,0.0,AI,0.85,documented_zero
KEN,2013,10,2013-03-04,2013-03-10,0.0,0.0,AI,0.85,documented_zero
KEN,2013,11,2013-03-11,2013-03-17,0.0,0.0,AI,0.85,documented_zero
KEN,2013,12,2013-03-18,2013-03-24,0.0,0.0,AI,0.85,documented_zero
KEN,2013,13,2013-03-25,2013-03-31,0.0,0.0,AI,0.85,documented_zero
KEN,2013,14,2013-04-01,2013-04-07,0.0,0.0,AI,0.85,documented_zero
KEN,2013,15,2013-04-08,2013-04-14,0.0,0.0,AI,0.85,documented_zero
KEN,2013,16,2013-04-15,2013-04-21,0.0,0.0,AI,0.85,documented_zero
KEN,2013,17,2013-04-22,2013-04-28,0.0,0.0,AI,0.85,documented_zero
KEN,2013,18,2013-04-29,2013-05-05,0.0,0.0,AI,0.85,documented_zero
KEN,2013,19,2013-05-06,2013-05-12,0.0,0.0,AI,0.85,documented_zero
KEN,2013,20,2013-05-13,2013-05-19,0.0,0.0,AI,0.85,documented_zero
KEN,2013,21,2013-05-20,2013-05-26,0.0,0.0,AI,0.85,documented_zero
KEN,2013,22,2013-05-27,2013-06-02,0.0,0.0,AI,0.85,documented_zero
KEN,2013,23,2013-06-03,2013-06-09,0.0,0.0,AI,0.85,documented_zero
KEN,2013,24,2013-06-10,2013-06-16,0.0,0.0,AI,0.85,documented_zero
KEN,2013,25,2013-06-17,2013-06-23,0.0,0.0,AI,0.85,documented_zero
KEN,2013,26,2013-06-24,2013-06-30,0.0,0.0,AI,0.85,documented_zero
KEN,2013,27,2013-07-01,2013-07-07,0.0,0.0,AI,0.85,documented_zero
KEN,2013,28,2013-07-08,2013-07-14,0.0,0.0,AI,0.85,documented_zero
KEN,2013,29,2013-07-15,2013-07-21,0.0,0.0,AI,0.85,documented_zero
KEN,2013,30,2013-07-22,2013-07-28,0.0,0.0,AI,0.85,documented_zero
KEN,2013,31,2013-07-29,2013-08-04,0.0,0.0,AI,0.85,documented_zero
KEN,2013,32,2013-08-05,2013-08-11,0.0,0.0,AI,0.85,documented_zero
KEN,2013,33,2013-08-12,2013-08-18,0.0,0.0,AI,0.85,documented_zero
KEN,2013,34,2013-08-19,2013-08-25,0.0,0.0,AI,0.85,documented_zero
KEN,2013,35,2013-08-26,2013-09-01,0.0,0.0,AI,0.85,documented_zero
KEN,2013,36,2013-09-02,2013-09-08,0.0,0.0,AI,0.85,documented_zero
KEN,2013,37,2013-09-09,2013-09-15,0.0,0.0,AI,0.85,documented_zero
KEN,2013,38,2013-09-16,2013-09-22,0.0,0.0,AI,0.85,documented_zero
KEN,2013,39,2013-09-23,2013-09-29,0.0,0.0,AI,0.85,documented_zero
KEN,2013,40,2013-09-30,2013-10-06,0.0,0.0,AI,0.85,documented_zero
KEN,2013,41,2013-10-07,2013-10-13,0.0,0.0,AI,0.85,documented_zero
KEN,2013,42,2013-10-14,2013-10-20,0.0,0.0,AI,0.85,documented_zero
KEN,2013,43,2013-10-21,2013-10-27,0.0,0.0,AI,0.85,documented_zero
KEN,2013,44,2013-10-28,2013-11-03,0.0,0.0,AI,0.85,documented_zero
KEN,2013,45,2013-11-04,2013-11-10,0.0,0.0,AI,0.85,documented_zero
KEN,2013,46,2013-11-11,2013-11-17,0.0,0.0,AI,0.85,documented_zero
KEN,2013,47,2013-11-18,2013-11-24,0.0,0.0,AI,0.85,documented_zero
KEN,2013,48,2013-11-25,2013-12-01,0.0,0.0,AI,0.85,documented_zero
KEN,2013,49,2013-12-02,2013-12-08,0.0,0.0,AI,0.85,documented_zero
KEN,2013,50,2013-12-09,2013-12-15,0.0,0.0,AI,0.85,documented_zero
KEN,2013,51,2013-12-16,2013-12-22,0.0,0.0,AI,0.85,documented_zero
KEN,2013,52,2013-12-23,2013-12-29,0.0,0.0,AI,0.85,documented_zero
KEN,2014,1,2013-12-30,2014-01-05,0.0,0.0,AI,0.85,documented_zero
KEN,2014,2,2014-01-06,2014-01-12,0.9521,0.2448,JHU,0.5,fourier_country_k1
KEN,2014,3,2014-01-13,2014-01-19,0.9747,0.2506,JHU,0.5,fourier_country_k1
KEN,2014,4,2014-01-20,2014-01-26,0.9929,0.2553,JHU,0.5,fourier_country_k1
KEN,2014,5,2014-01-27,2014-02-02,1.0064,0.2588,JHU,0.5,fourier_country_k1
KEN,2014,6,2014-02-03,2014-02-09,1.015,0.261,JHU,0.5,fourier_country_k1
KEN,2014,7,2014-02-10,2014-02-16,1.0187,0.262,JHU,0.5,fourier_country_k1
KEN,2014,8,2014-02-17,2014-02-23,1.0173,0.2616,JHU,0.5,fourier_country_k1
KEN,2014,9,2014-02-24,2014-03-02,1.0109,0.26,JHU,0.5,fourier_country_k1
KEN,2014,10,2014-03-03,2014-03-09,0.9996,0.257,JHU,0.5,fourier_country_k1
KEN,2014,11,2014-03-10,2014-03-16,0.9835,0.2529,JHU,0.5,fourier_country_k1
KEN,2014,12,2014-03-17,2014-03-23,0.9629,0.2476,JHU,0.5,fourier_country_k1
KEN,2014,13,2014-03-24,2014-03-30,0.9381,0.2412,JHU,0.5,fourier_country_k1
KEN,2014,14,2014-03-31,2014-04-06,0.9094,0.2338,JHU,0.5,fourier_country_k1
KEN,2014,15,2014-04-07,2014-04-13,0.8772,0.2256,JHU,0.5,fourier_country_k1
KEN,2014,16,2014-04-14,2014-04-20,0.8421,0.2165,JHU,0.5,fourier_country_k1
KEN,2014,17,2014-04-21,2014-04-27,0.8045,0.2069,JHU,0.5,fourier_country_k1
KEN,2014,18,2014-04-28,2014-05-04,0.765,0.1967,JHU,0.5,fourier_country_k1
KEN,2014,19,2014-05-05,2014-05-11,0.7241,0.1862,JHU,0.5,fourier_country_k1
KEN,2014,20,2014-05-12,2014-05-18,0.6825,0.1755,JHU,0.5,fourier_country_k1
KEN,2014,21,2014-05-19,2014-05-25,0.6408,0.1648,JHU,0.5,fourier_country_k1
KEN,2014,22,2014-05-26,2014-06-01,0.5996,0.1542,JHU,0.5,fourier_country_k1
KEN,2014,23,2014-06-02,2014-06-08,0.5594,0.1438,JHU,0.5,fourier_country_k1
KEN,2014,24,2014-06-09,2014-06-15,0.5208,0.1339,JHU,0.5,fourier_country_k1
KEN,2014,25,2014-06-16,2014-06-22,0.4845,0.1246,JHU,0.5,fourier_country_k1
KEN,2014,26,2014-06-23,2014-06-29,0.451,0.116,JHU,0.5,fourier_country_k1
KEN,2014,27,2014-06-30,2014-07-06,0.4206,0.1082,JHU,0.5,fourier_country_k1
KEN,2014,28,2014-07-07,2014-07-13,0.394,0.1013,JHU,0.5,fourier_country_k1
KEN,2014,29,2014-07-14,2014-07-20,0.3714,0.0955,JHU,0.5,fourier_country_k1
KEN,2014,30,2014-07-21,2014-07-27,0.3533,0.0908,JHU,0.5,fourier_country_k1
KEN,2014,31,2014-07-28,2014-08-03,0.3398,0.0874,JHU,0.5,fourier_country_k1
KEN,2014,32,2014-08-04,2014-08-10,0.3311,0.0851,JHU,0.5,fourier_country_k1
KEN,2014,33,2014-08-11,2014-08-17,0.3274,0.0842,JHU,0.5,fourier_country_k1
KEN,2014,34,2014-08-18,2014-08-24,0.3288,0.0846,JHU,0.5,fourier_country_k1
KEN,2014,35,2014-08-25,2014-08-31,0.3352,0.0862,JHU,0.5,fourier_country_k1
KEN,2014,36,2014-09-01,2014-09-07,0.3465,0.0891,JHU,0.5,fourier_country_k1
KEN,2014,37,2014-09-08,2014-09-14,0.3626,0.0932,JHU,0.5,fourier_country_k1
KEN,2014,38,2014-09-15,2014-09-21,0.3832,0.0985,JHU,0.5,fourier_country_k1
KEN,2014,39,2014-09-22,2014-09-28,0.4081,0.1049,JHU,0.5,fourier_country_k1
KEN,2014,40,2014-09-29,2014-10-05,0.4368,0.1123,JHU,0.5,fourier_country_k1
KEN,2014,41,2014-10-06,2014-10-12,0.4689,0.1206,JHU,0.5,fourier_country_k1
KEN,2014,42,2014-10-13,2014-10-19,0.5041,0.1296,JHU,0.5,fourier_country_k1
KEN,2014,43,2014-10-20,2014-10-26,0.5417,0.1393,JHU,0.5,fourier_country_k1
KEN,2014,44,2014-10-27,2014-11-02,0.5812,0.1494,JHU,0.5,fourier_country_k1
KEN,2014,45,2014-11-03,2014-11-09,0.622,0.1599,JHU,0.5,fourier_country_k1
KEN,2014,46,2014-11-10,2014-11-16,0.6636,0.1706,JHU,0.5,fourier_country_k1
KEN,2014,47,2014-11-17,2014-11-23,0.7053,0.1814,JHU,0.5,fourier_country_k1
KEN,2014,48,2014-11-24,2014-11-30,0.7466,0.192,JHU,0.5,fourier_country_k1
KEN,2014,49,2014-12-01,2014-12-07,199.1075,,JHU,0.485,fourier_country_k1
KEN,2014,50,2014-12-08,2014-12-14,208.8579,,JHU,0.485,fourier_country_k1
KEN,2014,51,2014-12-15,2014-12-21,218.0466,,JHU,0.485,fourier_country_k1
KEN,2014,52,2014-12-22,2014-12-28,226.5395,,JHU,0.485,fourier_country_k1
KEN,2015,1,2014-12-29,2015-01-04,234.2127,,JHU,0.485,fourier_country_k1
KEN,2015,2,2015-01-05,2015-01-11,240.9543,,JHU,0.485,fourier_country_k1
KEN,2015,3,2015-01-12,2015-01-18,246.6662,,JHU,0.485,fourier_country_k1
KEN,2015,4,2015-01-19,2015-01-25,251.2649,,JHU,0.485,fourier_country_k1
KEN,2015,5,2015-01-26,2015-02-01,254.6834,,JHU,0.485,fourier_country_k1
KEN,2015,6,2015-02-02,2015-02-08,256.8718,,JHU,0.485,fourier_country_k1
KEN,2015,7,2015-02-09,2015-02-15,257.7983,,JHU,0.485,fourier_country_k1
KEN,2015,8,2015-02-16,2015-02-22,257.4494,,JHU,0.485,fourier_country_k1
KEN,2015,9,2015-02-23,2015-03-01,255.83,,JHU,0.485,fourier_country_k1
KEN,2015,10,2015-03-02,2015-03-08,252.9639,,JHU,0.485,fourier_country_k1
KEN,2015,11,2015-03-09,2015-03-15,248.8928,,JHU,0.485,fourier_country_k1
KEN,2015,12,2015-03-16,2015-03-22,243.6762,,JHU,0.485,fourier_country_k1
KEN,2015,13,2015-03-23,2015-03-29,237.3899,,JHU,0.485,fourier_country_k1
KEN,2015,14,2015-03-30,2015-04-05,230.1259,,JHU,0.485,fourier_country_k1
KEN,2015,15,2015-04-06,2015-04-12,221.9898,,JHU,0.485,fourier_country_k1
KEN,2015,16,2015-04-13,2015-04-19,213.1005,,JHU,0.485,fourier_country_k1
KEN,2015,17,2015-04-20,2015-04-26,203.5875,,JHU,0.485,fourier_country_k1
KEN,2015,18,2015-04-27,2015-05-03,193.5896,,JHU,0.485,fourier_country_k1
KEN,2015,19,2015-05-04,2015-05-10,183.2525,,JHU,0.485,fourier_country_k1
KEN,2015,20,2015-05-11,2015-05-17,172.7269,,JHU,0.485,fourier_country_k1
KEN,2015,21,2015-05-18,2015-05-24,162.1665,,JHU,0.485,fourier_country_k1
KEN,2015,22,2015-05-25,2015-05-31,151.7251,,JHU,0.485,fourier_country_k1
KEN,2015,23,2015-06-01,2015-06-07,141.555,,JHU,0.485,fourier_country_k1
KEN,2015,24,2015-06-08,2015-06-14,131.8045,,JHU,0.485,fourier_country_k1
KEN,2015,25,2015-06-15,2015-06-21,122.6159,,JHU,0.485,fourier_country_k1
KEN,2015,26,2015-06-22,2015-06-28,114.123,,JHU,0.485,fourier_country_k1
KEN,2015,27,2015-06-29,2015-07-05,106.4498,,JHU,0.485,fourier_country_k1
KEN,2015,28,2015-07-06,2015-07-12,99.7081,,JHU,0.485,fourier_country_k1
KEN,2015,29,2015-07-13,2015-07-19,93.9963,,JHU,0.485,fourier_country_k1
KEN,2015,30,2015-07-20,2015-07-26,89.3976,,JHU,0.485,fourier_country_k1
KEN,2015,31,2015-07-27,2015-08-02,85.9791,,JHU,0.485,fourier_country_k1
KEN,2015,32,2015-08-03,2015-08-09,83.7906,,JHU,0.485,fourier_country_k1
KEN,2015,33,2015-08-10,2015-08-16,82.8641,,JHU,0.485,fourier_country_k1
KEN,2015,34,2015-08-17,2015-08-23,83.2131,,JHU,0.485,fourier_country_k1
KEN,2015,35,2015-08-24,2015-08-30,84.8324,,JHU,0.485,fourier_country_k1
KEN,2015,36,2015-08-31,2015-09-06,87.6986,,JHU,0.485,fourier_country_k1
KEN,2015,37,2015-09-07,2015-09-13,91.7696,,JHU,0.485,fourier_country_k1
KEN,2015,38,2015-09-14,2015-09-20,96.9863,,JHU,0.485,fourier_country_k1
KEN,2015,39,2015-09-21,2015-09-27,103.2725,,JHU,0.485,fourier_country_k1
KEN,2015,40,2015-09-28,2015-10-04,110.5366,,JHU,0.485,fourier_country_k1
KEN,2015,41,2015-10-05,2015-10-11,118.6726,,JHU,0.485,fourier_country_k1
KEN,2015,42,2015-10-12,2015-10-18,127.562,,JHU,0.485,fourier_country_k1
KEN,2015,43,2015-10-19,2015-10-25,137.075,,JHU,0.485,fourier_country_k1
KEN,2015,44,2015-10-26,2015-11-01,147.0729,,JHU,0.485,fourier_country_k1
KEN,2015,45,2015-11-02,2015-11-08,157.41,,JHU,0.485,fourier_country_k1
KEN,2015,46,2015-11-09,2015-11-15,167.9355,,JHU,0.485,fourier_country_k1
KEN,2015,47,2015-11-16,2015-11-22,178.496,,JHU,0.485,fourier_country_k1
KEN,2015,48,2015-11-23,2015-11-29,188.9374,,JHU,0.485,fourier_country_k1
KEN,2015,49,2015-11-30,2015-12-06,199.1075,,JHU,0.485,fourier_country_k1
KEN,2015,50,2015-12-07,2015-12-13,208.8579,,JHU,0.485,fourier_country_k1
KEN,2015,51,2015-12-14,2015-12-20,218.0466,,JHU,0.485,fourier_country_k1
KEN,2015,52,2015-12-21,2015-12-27,226.5395,,JHU,0.485,fourier_country_k1
KEN,2015,53,2015-12-28,2016-01-03,226.5395,,JHU,0.485,fourier_country_k1
KEN,2016,1,2016-01-04,2016-01-10,234.2127,,JHU,0.485,fourier_country_k1
KEN,2016,2,2016-01-11,2016-01-17,240.9543,,JHU,0.485,fourier_country_k1
KEN,2016,3,2016-01-18,2016-01-24,246.6662,,JHU,0.485,fourier_country_k1
KEN,2016,4,2016-01-25,2016-01-31,251.2649,,JHU,0.485,fourier_country_k1
KEN,2016,5,2016-02-01,2016-02-07,254.6834,,JHU,0.485,fourier_country_k1
KEN,2016,6,2016-02-08,2016-02-14,256.8718,,JHU,0.485,fourier_country_k1
KEN,2016,7,2016-02-15,2016-02-21,257.7983,,JHU,0.485,fourier_country_k1
KEN,2016,8,2016-02-22,2016-02-28,257.4494,,JHU,0.485,fourier_country_k1
KEN,2016,9,2016-02-29,2016-03-06,255.83,,JHU,0.485,fourier_country_k1
KEN,2016,10,2016-03-07,2016-03-13,252.9639,,JHU,0.485,fourier_country_k1
KEN,2016,11,2016-03-14,2016-03-20,248.8928,,JHU,0.485,fourier_country_k1
KEN,2016,12,2016-03-21,2016-03-27,243.6762,,JHU,0.485,fourier_country_k1
KEN,2016,13,2016-03-28,2016-04-03,237.3899,,JHU,0.485,fourier_country_k1
KEN,2016,14,2016-04-04,2016-04-10,230.1259,,JHU,0.485,fourier_country_k1
KEN,2016,15,2016-04-11,2016-04-17,221.9898,,JHU,0.485,fourier_country_k1
KEN,2016,16,2016-04-18,2016-04-24,213.1005,,JHU,0.485,fourier_country_k1
KEN,2016,17,2016-04-25,2016-05-01,203.5875,,JHU,0.485,fourier_country_k1
KEN,2016,18,2016-05-02,2016-05-08,193.5896,,JHU,0.485,fourier_country_k1
KEN,2016,19,2016-05-09,2016-05-15,183.2525,,JHU,0.485,fourier_country_k1
KEN,2016,20,2016-05-16,2016-05-22,172.7269,,JHU,0.485,fourier_country_k1
KEN,2016,21,2016-05-23,2016-05-29,162.1665,,JHU,0.485,fourier_country_k1
KEN,2016,22,2016-05-30,2016-06-05,151.7251,,JHU,0.485,fourier_country_k1
KEN,2016,23,2016-06-06,2016-06-12,141.555,,JHU,0.485,fourier_country_k1
KEN,2016,24,2016-06-13,2016-06-19,131.8045,,JHU,0.485,fourier_country_k1
KEN,2016,25,2016-06-20,2016-06-26,122.6159,,JHU,0.485,fourier_country_k1
KEN,2016,26,2016-06-27,2016-07-03,114.123,,JHU,0.485,fourier_country_k1
KEN,2016,27,2016-07-04,2016-07-10,106.4498,,JHU,0.485,fourier_country_k1
KEN,2016,28,2016-07-11,2016-07-17,99.7081,,JHU,0.485,fourier_country_k1
KEN,2016,29,2016-07-18,2016-07-24,93.9963,,JHU,0.485,fourier_country_k1
KEN,2016,30,2016-07-25,2016-07-31,89.3976,,JHU,0.485,fourier_country_k1
KEN,2016,31,2016-08-01,2016-08-07,85.9791,,JHU,0.485,fourier_country_k1
KEN,2016,32,2016-08-08,2016-08-14,83.7906,,JHU,0.485,fourier_country_k1
KEN,2016,33,2016-08-15,2016-08-21,82.8641,,JHU,0.485,fourier_country_k1
KEN,2016,34,2016-08-22,2016-08-28,83.2131,,JHU,0.485,fourier_country_k1
KEN,2016,35,2016-08-29,2016-09-04,84.8324,,JHU,0.485,fourier_country_k1
KEN,2016,36,2016-09-05,2016-09-11,87.6986,,JHU,0.485,fourier_country_k1
KEN,2016,37,2016-09-12,2016-09-18,91.7696,,JHU,0.485,fourier_country_k1
KEN,2016,38,2016-09-19,2016-09-25,96.9863,,JHU,0.485,fourier_country_k1
KEN,2016,39,2016-09-26,2016-10-02,103.2725,,JHU,0.485,fourier_country_k1
KEN,2016,40,2016-10-03,2016-10-09,110.5366,,JHU,0.485,fourier_country_k1
KEN,2016,41,2016-10-10,2016-10-16,118.6726,,JHU,0.485,fourier_country_k1
KEN,2016,42,2016-10-17,2016-10-23,127.562,,JHU,0.485,fourier_country_k1
KEN,2016,43,2016-10-24,2016-10-30,137.075,,JHU,0.485,fourier_country_k1
KEN,2016,44,2016-10-31,2016-11-06,147.0729,,JHU,0.485,fourier_country_k1
KEN,2016,45,2016-11-07,2016-11-13,157.41,,JHU,0.485,fourier_country_k1
KEN,2016,46,2016-11-14,2016-11-20,167.9355,,JHU,0.485,fourier_country_k1
KEN,2016,47,2016-11-21,2016-11-27,178.496,,JHU,0.485,fourier_country_k1
KEN,2016,48,2016-11-28,2016-12-04,188.9374,,JHU,0.485,fourier_country_k1
KEN,2016,49,2016-12-05,2016-12-11,199.1075,,JHU,0.485,fourier_country_k1
KEN,2016,50,2016-12-12,2016-12-18,208.8579,,JHU,0.485,fourier_country_k1
KEN,2016,51,2016-12-19,2016-12-25,218.0466,,JHU,0.485,fourier_country_k1
KEN,2016,52,2016-12-26,2017-01-01,12.0,,JHU,0.97,observed
KEN,2017,1,2017-01-02,2017-01-08,7.0,,JHU,0.97,observed
KEN,2017,2,2017-01-09,2017-01-15,2.0,,JHU,0.97,observed
KEN,2017,3,2017-01-16,2017-01-22,14.0,,JHU,0.97,observed
KEN,2017,4,2017-01-23,2017-01-29,3.0,,JHU,0.97,observed
KEN,2017,5,2017-01-30,2017-02-05,6.0,,JHU,0.97,observed
KEN,2017,6,2017-02-06,2017-02-12,7.0,,JHU,0.97,observed
KEN,2017,7,2017-02-13,2017-02-19,3.0,,JHU,0.97,observed
KEN,2017,8,2017-02-20,2017-02-26,1.0,,JHU,0.97,observed
KEN,2017,9,2017-02-27,2017-03-05,9.0,,JHU,0.97,observed
KEN,2017,10,2017-03-06,2017-03-12,8.0,,JHU,0.97,observed
KEN,2017,11,2017-03-13,2017-03-19,24.0,,JHU,0.97,observed
KEN,2017,12,2017-03-20,2017-03-26,13.0,,JHU,0.97,observed
KEN,2017,13,2017-03-27,2017-04-02,10.0,,JHU,0.97,observed
KEN,2017,14,2017-04-03,2017-04-09,11.0,,JHU,0.97,observed
KEN,2017,15,2017-04-10,2017-04-16,26.0,,JHU,0.97,observed
KEN,2017,16,2017-04-17,2017-04-23,25.0,,JHU,0.97,observed
KEN,2017,17,2017-04-24,2017-04-30,16.0,,JHU,0.97,observed
KEN,2017,18,2017-05-01,2017-05-07,32.0,,JHU,0.97,observed
KEN,2017,19,2017-05-08,2017-05-14,38.0,,JHU,0.97,observed
KEN,2017,20,2017-05-15,2017-05-21,55.0,,JHU,0.97,observed
KEN,2017,21,2017-05-22,2017-05-28,57.0,,JHU,0.97,observed
KEN,2017,22,2017-05-29,2017-06-04,52.0,,JHU,0.97,observed
KEN,2017,23,2017-06-05,2017-06-11,85.0,,JHU,0.97,observed
KEN,2017,24,2017-06-12,2017-06-18,72.0,,JHU,0.97,observed
KEN,2017,25,2017-06-19,2017-06-25,101.0,,JHU,0.97,observed
KEN,2017,26,2017-06-26,2017-07-02,66.0,,JHU,0.97,observed
KEN,2017,27,2017-07-03,2017-07-09,155.0,,JHU,0.97,observed
KEN,2017,28,2017-07-10,2017-07-16,263.0,,JHU,0.97,observed
KEN,2017,29,2017-07-17,2017-07-23,158.0,,JHU,0.97,observed
KEN,2017,30,2017-07-24,2017-07-30,108.0,,JHU,0.97,observed
KEN,2017,31,2017-07-31,2017-08-06,63.0,2.0,JHU,0.9,observed
KEN,2017,32,2017-08-07,2017-08-13,69.0,0.0,JHU,0.9,observed
KEN,2017,33,2017-08-14,2017-08-20,19.0,0.0,JHU,0.9,observed
KEN,2017,34,2017-08-21,2017-08-27,111.0,1.0,JHU,0.9,observed
KEN,2017,35,2017-08-28,2017-09-03,183.0,0.0,JHU,0.9,observed
KEN,2017,36,2017-09-04,2017-09-10,46.0,3.0,JHU,0.9,observed
KEN,2017,37,2017-09-11,2017-09-17,49.0,1.0,JHU,0.9,observed
KEN,2017,38,2017-09-18,2017-09-24,37.0,1.0,JHU,0.9,observed
KEN,2017,39,2017-09-25,2017-10-01,89.0,,JHU,0.95,observed
KEN,2017,40,2017-10-02,2017-10-08,40.0,1.0,JHU,0.9,observed
KEN,2017,41,2017-10-09,2017-10-15,41.0,2.0,JHU,0.9,observed
KEN,2017,42,2017-10-16,2017-10-22,23.0,0.0,JHU,0.9,observed
KEN,2017,43,2017-10-23,2017-10-29,88.0,4.0,JHU,0.9,observed
KEN,2017,44,2017-10-30,2017-11-05,107.0,,JHU,0.95,observed
KEN,2017,45,2017-11-06,2017-11-12,121.0,3.0,JHU,0.9,observed
KEN,2017,46,2017-11-13,2017-11-19,60.0,3.0,JHU,0.9,observed
KEN,2017,47,2017-11-20,2017-11-26,212.025,3.5698,JHU,0.45,fourier_country_k1
KEN,2017,48,2017-11-27,2017-12-03,50.0,0.0,JHU,0.9,observed
KEN,2017,49,2017-12-04,2017-12-10,44.0,0.0,JHU,0.9,observed
KEN,2017,50,2017-12-11,2017-12-17,248.0902,4.177,JHU,0.45,fourier_country_k1
KEN,2017,51,2017-12-18,2017-12-24,259.0049,4.3608,JHU,0.45,fourier_country_k1
KEN,2017,52,2017-12-25,2017-12-31,269.093,4.5306,JHU,0.45,fourier_country_k1
KEN,2018,1,2018-01-01,2018-01-07,101.0,1.0,JHU,0.9,observed
KEN,2018,2,2018-01-08,2018-01-14,199.0,0.0,JHU,0.9,observed
KEN,2018,3,2018-01-15,2018-01-21,194.0,0.0,JHU,0.9,observed
KEN,2018,4,2018-01-22,2018-01-28,73.0,1.0,JHU,0.9,observed
KEN,2018,5,2018-01-29,2018-02-04,66.0,0.0,JHU,0.9,observed
KEN,2018,6,2018-02-05,2018-02-11,115.0,0.0,JHU,0.9,observed
KEN,2018,7,2018-02-12,2018-02-18,79.0,0.0,JHU,0.9,observed
KEN,2018,8,2018-02-19,2018-02-25,88.0,5.0,JHU,0.9,observed
KEN,2018,9,2018-02-26,2018-03-04,181.0,1.0,JHU,0.9,observed
KEN,2018,10,2018-03-05,2018-03-11,300.4811,5.0591,JHU,0.45,fourier_country_k1
KEN,2018,11,2018-03-12,2018-03-18,295.6453,4.9777,JHU,0.45,fourier_country_k1
KEN,2018,12,2018-03-19,2018-03-25,183.0,0.0,JHU,0.9,observed
KEN,2018,13,2018-03-26,2018-04-01,37.0,0.0,JHU,0.9,observed
KEN,2018,14,2018-04-02,2018-04-08,24.0,0.0,JHU,0.9,observed
KEN,2018,15,2018-04-09,2018-04-15,63.0,0.0,JHU,0.9,observed
KEN,2018,16,2018-04-16,2018-04-22,87.0,0.0,JHU,0.9,observed
KEN,2018,17,2018-04-23,2018-04-29,24.0,0.0,JHU,0.9,observed
KEN,2018,18,2018-04-30,2018-05-06,58.0,0.0,JHU,0.9,observed
KEN,2018,19,2018-05-07,2018-05-13,302.0,0.0,JHU,0.9,observed
KEN,2018,20,2018-05-14,2018-05-20,250.0,0.0,JHU,0.9,observed
KEN,2018,21,2018-05-21,2018-05-27,261.0,0.0,JHU,0.9,observed
KEN,2018,22,2018-05-28,2018-06-03,52.0,0.0,JHU,0.9,observed
KEN,2018,23,2018-06-04,2018-06-10,82.6573,1.5233,AI,0.475,fourier_country_k1
KEN,2018,24,2018-06-11,2018-06-17,97.0,0.0,JHU,0.9,observed
KEN,2018,25,2018-06-18,2018-06-24,75.0,0.0,JHU,0.9,observed
KEN,2018,26,2018-06-25,2018-07-01,18.0,0.0,JHU,0.9,observed
KEN,2018,27,2018-07-02,2018-07-08,62.1586,1.1455,AI,0.475,fourier_country_k1
KEN,2018,28,2018-07-09,2018-07-15,12.0,0.0,JHU,0.9,observed
KEN,2018,29,2018-07-16,2018-07-22,18.0,0.0,JHU,0.9,observed
KEN,2018,30,2018-07-23,2018-07-29,11.0,0.0,JHU,0.9,observed
KEN,2018,31,2018-07-30,2018-08-05,8.0,0.0,JHU,0.9,observed
KEN,2018,32,2018-08-06,2018-08-12,2.0,0.0,JHU,0.9,observed
KEN,2018,33,2018-08-13,2018-08-19,6.0,0.0,JHU,0.9,observed
KEN,2018,34,2018-08-20,2018-08-26,0.0,0.0,JHU,0.9,observed
KEN,2018,35,2018-08-27,2018-09-02,0.0,0.0,JHU,0.9,observed
KEN,2018,36,2018-09-03,2018-09-09,0.0,0.0,JHU,0.9,observed
KEN,2018,37,2018-09-10,2018-09-16,1.0,0.0,JHU,0.9,observed
KEN,2018,38,2018-09-17,2018-09-23,3.0,0.0,JHU,0.9,observed
KEN,2018,39,2018-09-24,2018-09-30,2.0,0.0,JHU,0.9,observed
KEN,2018,40,2018-10-01,2018-10-07,3.0,0.0,JHU,0.9,observed
KEN,2018,41,2018-10-08,2018-10-14,7.0,0.0,JHU,0.9,observed
KEN,2018,42,2018-10-15,2018-10-21,7.0,0.0,JHU,0.9,observed
KEN,2018,43,2018-10-22,2018-10-28,1.0,0.0,JHU,0.9,observed
KEN,2018,44,2018-10-29,2018-11-04,0.0,0.0,JHU,0.9,observed
KEN,2018,45,2018-11-05,2018-11-11,0.0,0.0,JHU,0.9,observed
KEN,2018,46,2018-11-12,2018-11-18,0.0,0.0,JHU,0.9,observed
KEN,2018,47,2018-11-19,2018-11-25,0.0,0.0,JHU,0.9,observed
KEN,2018,48,2018-11-26,2018-12-02,0.0,0.0,JHU,0.9,observed
KEN,2018,49,2018-12-03,2018-12-09,0.0,0.0,JHU,0.9,observed
KEN,2018,50,2018-12-10,2018-12-16,0.0,0.0,JHU,0.9,observed
KEN,2018,51,2018-12-17,2018-12-23,0.0,0.0,JHU,0.9,observed
KEN,2018,52,2018-12-24,2018-12-30,0.0,0.0,JHU,0.9,observed
KEN,2019,1,2018-12-31,2019-01-06,0.0,0.0,JHU,0.9,observed
KEN,2019,2,2019-01-07,2019-01-13,115.0,2.0,JHU,0.9,observed
KEN,2019,3,2019-01-14,2019-01-20,50.0,0.0,JHU,0.9,observed
KEN,2019,4,2019-01-21,2019-01-27,60.0,0.0,JHU,0.9,observed
KEN,2019,5,2019-01-28,2019-02-03,101.0,0.0,JHU,0.9,observed
KEN,2019,6,2019-02-04,2019-02-10,149.0,0.0,JHU,0.9,observed
KEN,2019,7,2019-02-11,2019-02-17,42.0,1.0,JHU,0.9,observed
KEN,2019,8,2019-02-18,2019-02-24,19.0,0.0,JHU,0.9,observed
KEN,2019,9,2019-02-25,2019-03-03,10.0,0.0,JHU,0.9,observed
KEN,2019,10,2019-03-04,2019-03-10,7.0,0.0,JHU,0.9,observed
KEN,2019,11,2019-03-11,2019-03-17,2.0,0.0,JHU,0.9,observed
KEN,2019,12,2019-03-18,2019-03-24,300.5384,8.1367,JHU,0.5,fourier_country_k1
KEN,2019,13,2019-03-25,2019-03-31,26.0,0.0,JHU,0.9,observed
KEN,2019,14,2019-04-01,2019-04-07,14.0,0.0,JHU,0.9,observed
KEN,2019,15,2019-04-08,2019-04-14,132.0,1.0,JHU,0.9,observed
KEN,2019,16,2019-04-15,2019-04-21,112.0,2.0,JHU,0.9,observed
KEN,2019,17,2019-04-22,2019-04-28,272.0,0.0,JHU,0.9,observed
KEN,2019,18,2019-04-29,2019-05-05,155.0,0.0,JHU,0.9,observed
KEN,2019,19,2019-05-06,2019-05-12,130.0,1.0,JHU,0.9,observed
KEN,2019,20,2019-05-13,2019-05-19,117.0,,JHU,0.9,observed
KEN,2019,21,2019-05-20,2019-05-26,174.0,0.0,JHU,0.9,observed
KEN,2019,22,2019-05-27,2019-06-02,284.0,3.0,JHU,0.9,observed
KEN,2019,23,2019-06-03,2019-06-09,188.0,2.0,JHU,0.9,observed
KEN,2019,24,2019-06-10,2019-06-16,162.5613,4.4011,JHU,0.5,fourier_country_k1
KEN,2019,25,2019-06-17,2019-06-23,151.2285,4.0943,JHU,0.5,fourier_country_k1
KEN,2019,26,2019-06-24,2019-06-30,140.7538,3.8107,JHU,0.5,fourier_country_k1
KEN,2019,27,2019-07-01,2019-07-07,131.29,3.5545,JHU,0.5,fourier_country_k1
KEN,2019,28,2019-07-08,2019-07-14,122.9752,3.3294,JHU,0.5,fourier_country_k1
KEN,2019,29,2019-07-15,2019-07-21,115.9305,3.1387,JHU,0.5,fourier_country_k1
KEN,2019,30,2019-07-22,2019-07-28,110.2587,2.9851,JHU,0.5,fourier_country_k1
KEN,2019,31,2019-07-29,2019-08-04,106.0425,2.871,JHU,0.5,fourier_country_k1
KEN,2019,32,2019-08-05,2019-08-11,103.3433,2.7979,JHU,0.5,fourier_country_k1
KEN,2019,33,2019-08-12,2019-08-18,102.2006,2.767,JHU,0.5,fourier_country_k1
KEN,2019,34,2019-08-19,2019-08-25,102.631,2.7786,JHU,0.5,fourier_country_k1
KEN,2019,35,2019-08-26,2019-09-01,104.6282,2.8327,JHU,0.5,fourier_country_k1
KEN,2019,36,2019-09-02,2019-09-08,108.1632,2.9284,JHU,0.5,fourier_country_k1
KEN,2019,37,2019-09-09,2019-09-15,113.1842,3.0643,JHU,0.5,fourier_country_k1
KEN,2019,38,2019-09-16,2019-09-22,119.6182,3.2385,JHU,0.5,fourier_country_k1
KEN,2019,39,2019-09-23,2019-09-29,127.3713,3.4484,JHU,0.5,fourier_country_k1
KEN,2019,40,2019-09-30,2019-10-06,136.3305,3.691,JHU,0.5,fourier_country_k1
KEN,2019,41,2019-10-07,2019-10-13,146.3651,3.9626,JHU,0.5,fourier_country_k1
KEN,2019,42,2019-10-14,2019-10-20,157.3288,4.2595,JHU,0.5,fourier_country_k1
KEN,2019,43,2019-10-21,2019-10-27,169.0616,4.5771,JHU,0.5,fourier_country_k1
KEN,2019,44,2019-10-28,2019-11-03,181.3926,4.911,JHU,0.5,fourier_country_k1
KEN,2019,45,2019-11-04,2019-11-10,194.1419,5.2561,JHU,0.5,fourier_country_k1
KEN,2019,46,2019-11-11,2019-11-17,207.1236,5.6076,JHU,0.5,fourier_country_k1
KEN,2019,47,2019-11-18,2019-11-24,220.1483,5.9602,JHU,0.5,fourier_country_k1
KEN,2019,48,2019-11-25,2019-12-01,233.0263,6.3089,JHU,0.5,fourier_country_k1
KEN,2019,49,2019-12-02,2019-12-08,245.5695,6.6485,JHU,0.5,fourier_country_k1
KEN,2019,50,2019-12-09,2019-12-15,257.5953,6.9741,JHU,0.5,fourier_country_k1
KEN,2019,51,2019-12-16,2019-12-22,268.9281,7.2809,JHU,0.5,fourier_country_k1
KEN,2019,52,2019-12-23,2019-12-29,279.4028,7.5645,JHU,0.5,fourier_country_k1
KEN,2020,1,2019-12-30,2020-01-05,288.8666,7.8207,JHU,0.5,fourier_country_k1
KEN,2020,2,2020-01-06,2020-01-12,12.1709,0.3267,JHU,0.5,fourier_country_k1
KEN,2020,3,2020-01-13,2020-01-19,12.4594,0.3345,JHU,0.5,fourier_country_k1
KEN,2020,4,2020-01-20,2020-01-26,12.6916,0.3407,JHU,0.5,fourier_country_k1
KEN,2020,5,2020-01-27,2020-02-02,12.8643,0.3454,JHU,0.5,fourier_country_k1
KEN,2020,6,2020-02-03,2020-02-09,12.9749,0.3483,JHU,0.5,fourier_country_k1
KEN,2020,7,2020-02-10,2020-02-16,13.0217,0.3496,JHU,0.5,fourier_country_k1
KEN,2020,8,2020-02-17,2020-02-23,13.004,0.3491,JHU,0.5,fourier_country_k1
KEN,2020,9,2020-02-24,2020-03-01,12.9222,0.3469,JHU,0.5,fourier_country_k1
KEN,2020,10,2020-03-02,2020-03-08,12.7775,0.343,JHU,0.5,fourier_country_k1
KEN,2020,11,2020-03-09,2020-03-15,12.5718,0.3375,JHU,0.5,fourier_country_k1
KEN,2020,12,2020-03-16,2020-03-22,12.3083,0.3304,JHU,0.5,fourier_country_k1
KEN,2020,13,2020-03-23,2020-03-29,11.9908,0.3219,JHU,0.5,fourier_country_k1
KEN,2020,14,2020-03-30,2020-04-05,11.6239,0.3121,JHU,0.5,fourier_country_k1
KEN,2020,15,2020-04-06,2020-04-12,11.2129,0.301,JHU,0.5,fourier_country_k1
KEN,2020,16,2020-04-13,2020-04-19,10.7639,0.289,JHU,0.5,fourier_country_k1
KEN,2020,17,2020-04-20,2020-04-26,10.2834,0.2761,JHU,0.5,fourier_country_k1
KEN,2020,18,2020-04-27,2020-05-03,9.7784,0.2625,JHU,0.5,fourier_country_k1
KEN,2020,19,2020-05-04,2020-05-10,9.2563,0.2485,JHU,0.5,fourier_country_k1
KEN,2020,20,2020-05-11,2020-05-17,8.7246,0.2342,JHU,0.5,fourier_country_k1
KEN,2020,21,2020-05-18,2020-05-24,8.1912,0.2199,JHU,0.5,fourier_country_k1
KEN,2020,22,2020-05-25,2020-05-31,7.6638,0.2057,JHU,0.5,fourier_country_k1
KEN,2020,23,2020-06-01,2020-06-07,7.1501,0.1919,JHU,0.5,fourier_country_k1
KEN,2020,24,2020-06-08,2020-06-14,6.6576,0.1787,JHU,0.5,fourier_country_k1
KEN,2020,25,2020-06-15,2020-06-21,6.1935,0.1663,JHU,0.5,fourier_country_k1
KEN,2020,26,2020-06-22,2020-06-28,5.7645,0.1548,JHU,0.5,fourier_country_k1
KEN,2020,27,2020-06-29,2020-07-05,5.3769,0.1443,JHU,0.5,fourier_country_k1
KEN,2020,28,2020-07-06,2020-07-12,5.0364,0.1352,JHU,0.5,fourier_country_k1
KEN,2020,29,2020-07-13,2020-07-19,4.7479,0.1275,JHU,0.5,fourier_country_k1
KEN,2020,30,2020-07-20,2020-07-26,4.5156,0.1212,JHU,0.5,fourier_country_k1
KEN,2020,31,2020-07-27,2020-08-02,4.3429,0.1166,JHU,0.5,fourier_country_k1
KEN,2020,32,2020-08-03,2020-08-09,4.2324,0.1136,JHU,0.5,fourier_country_k1
KEN,2020,33,2020-08-10,2020-08-16,4.1856,0.1124,JHU,0.5,fourier_country_k1
KEN,2020,34,2020-08-17,2020-08-23,4.2032,0.1128,JHU,0.5,fourier_country_k1
KEN,2020,35,2020-08-24,2020-08-30,4.285,0.115,JHU,0.5,fourier_country_k1
KEN,2020,36,2020-08-31,2020-09-06,4.4297,0.1189,JHU,0.5,fourier_country_k1
KEN,2020,37,2020-09-07,2020-09-13,4.6354,0.1244,JHU,0.5,fourier_country_k1
KEN,2020,38,2020-09-14,2020-09-20,4.8989,0.1315,JHU,0.5,fourier_country_k1
KEN,2020,39,2020-09-21,2020-09-27,5.2164,0.14,JHU,0.5,fourier_country_k1
KEN,2020,40,2020-09-28,2020-10-04,5.5833,0.1499,JHU,0.5,fourier_country_k1
KEN,2020,41,2020-10-05,2020-10-11,5.9943,0.1609,JHU,0.5,fourier_country_k1
KEN,2020,42,2020-10-12,2020-10-18,6.4433,0.173,JHU,0.5,fourier_country_k1
KEN,2020,43,2020-10-19,2020-10-25,6.9238,0.1859,JHU,0.5,fourier_country_k1
KEN,2020,44,2020-10-26,2020-11-01,7.4288,0.1994,JHU,0.5,fourier_country_k1
KEN,2020,45,2020-11-02,2020-11-08,7.9509,0.2134,JHU,0.5,fourier_country_k1
KEN,2020,46,2020-11-09,2020-11-15,8.4826,0.2277,JHU,0.5,fourier_country_k1
KEN,2020,47,2020-11-16,2020-11-22,9.016,0.242,JHU,0.5,fourier_country_k1
KEN,2020,48,2020-11-23,2020-11-29,9.5434,0.2562,JHU,0.5,fourier_country_k1
KEN,2020,49,2020-11-30,2020-12-06,10.0571,0.27,JHU,0.5,fourier_country_k1
KEN,2020,50,2020-12-07,2020-12-13,10.5496,0.2832,JHU,0.5,fourier_country_k1
KEN,2020,51,2020-12-14,2020-12-20,11.0138,0.2957,JHU,0.5,fourier_country_k1
KEN,2020,52,2020-12-21,2020-12-27,11.4427,0.3072,JHU,0.5,fourier_country_k1
KEN,2020,53,2020-12-28,2021-01-03,11.4427,0.3072,JHU,0.5,fourier_country_k1
KEN,2021,1,2021-01-04,2021-01-10,1.0048,0.0,JHU,0.5,fourier_country_k1
KEN,2021,2,2021-01-11,2021-01-17,1.0338,0.0,JHU,0.5,fourier_country_k1
KEN,2021,3,2021-01-18,2021-01-24,1.0583,0.0,JHU,0.5,fourier_country_k1
KEN,2021,4,2021-01-25,2021-01-31,1.078,0.0,JHU,0.5,fourier_country_k1
KEN,2021,5,2021-02-01,2021-02-07,1.0927,0.0,JHU,0.5,fourier_country_k1
KEN,2021,6,2021-02-08,2021-02-14,1.1021,0.0,JHU,0.5,fourier_country_k1
KEN,2021,7,2021-02-15,2021-02-21,1.106,0.0,JHU,0.5,fourier_country_k1
KEN,2021,8,2021-02-22,2021-02-28,1.1045,0.0,JHU,0.5,fourier_country_k1
KEN,2021,9,2021-03-01,2021-03-07,1.0976,0.0,JHU,0.5,fourier_country_k1
KEN,2021,10,2021-03-08,2021-03-14,1.0853,0.0,JHU,0.5,fourier_country_k1
KEN,2021,11,2021-03-15,2021-03-21,1.0678,0.0,JHU,0.5,fourier_country_k1
KEN,2021,12,2021-03-22,2021-03-28,1.0454,0.0,JHU,0.5,fourier_country_k1
KEN,2021,13,2021-03-29,2021-04-04,1.0185,0.0,JHU,0.5,fourier_country_k1
KEN,2021,14,2021-04-05,2021-04-11,0.9873,0.0,JHU,0.5,fourier_country_k1
KEN,2021,15,2021-04-12,2021-04-18,0.9524,0.0,JHU,0.5,fourier_country_k1
KEN,2021,16,2021-04-19,2021-04-25,0.9143,0.0,JHU,0.5,fourier_country_k1
KEN,2021,17,2021-04-26,2021-05-02,0.8734,0.0,JHU,0.5,fourier_country_k1
KEN,2021,18,2021-05-03,2021-05-09,0.8306,0.0,JHU,0.5,fourier_country_k1
KEN,2021,19,2021-05-10,2021-05-16,0.7862,0.0,JHU,0.5,fourier_country_k1
KEN,2021,20,2021-05-17,2021-05-23,0.741,0.0,JHU,0.5,fourier_country_k1
KEN,2021,21,2021-05-24,2021-05-30,0.6957,0.0,JHU,0.5,fourier_country_k1
KEN,2021,22,2021-05-31,2021-06-06,0.6509,0.0,JHU,0.5,fourier_country_k1
KEN,2021,23,2021-06-07,2021-06-13,0.6073,0.0,JHU,0.5,fourier_country_k1
KEN,2021,24,2021-06-14,2021-06-20,0.5655,0.0,JHU,0.5,fourier_country_k1
KEN,2021,25,2021-06-21,2021-06-27,0.5261,0.0,JHU,0.5,fourier_country_k1
KEN,2021,26,2021-06-28,2021-07-04,0.4896,0.0,JHU,0.5,fourier_country_k1
KEN,2021,27,2021-07-05,2021-07-11,0.4567,0.0,JHU,0.5,fourier_country_k1
KEN,2021,28,2021-07-12,2021-07-18,0.4278,0.0,JHU,0.5,fourier_country_k1
KEN,2021,29,2021-07-19,2021-07-25,0.4033,0.0,JHU,0.5,fourier_country_k1
KEN,2021,30,2021-07-26,2021-08-01,0.3835,0.0,JHU,0.5,fourier_country_k1
KEN,2021,31,2021-08-02,2021-08-08,0.3689,0.0,JHU,0.5,fourier_country_k1
KEN,2021,32,2021-08-09,2021-08-15,0.3595,0.0,JHU,0.5,fourier_country_k1
KEN,2021,33,2021-08-16,2021-08-22,0.3555,0.0,JHU,0.5,fourier_country_k1
KEN,2021,34,2021-08-23,2021-08-29,0.357,0.0,JHU,0.5,fourier_country_k1
KEN,2021,35,2021-08-30,2021-09-05,0.364,0.0,JHU,0.5,fourier_country_k1
KEN,2021,36,2021-09-06,2021-09-12,0.3763,0.0,JHU,0.5,fourier_country_k1
KEN,2021,37,2021-09-13,2021-09-19,0.3937,0.0,JHU,0.5,fourier_country_k1
KEN,2021,38,2021-09-20,2021-09-26,0.4161,0.0,JHU,0.5,fourier_country_k1
KEN,2021,39,2021-09-27,2021-10-03,0.4431,0.0,JHU,0.5,fourier_country_k1
KEN,2021,40,2021-10-04,2021-10-10,0.4742,0.0,JHU,0.5,fourier_country_k1
KEN,2021,41,2021-10-11,2021-10-17,0.5091,0.0,JHU,0.5,fourier_country_k1
KEN,2021,42,2021-10-18,2021-10-24,0.5473,0.0,JHU,0.5,fourier_country_k1
KEN,2021,43,2021-10-25,2021-10-31,0.5881,0.0,JHU,0.5,fourier_country_k1
KEN,2021,44,2021-11-01,2021-11-07,0.631,0.0,JHU,0.5,fourier_country_k1
KEN,2021,45,2021-11-08,2021-11-14,0.6753,0.0,JHU,0.5,fourier_country_k1
KEN,2021,46,2021-11-15,2021-11-21,0.7205,0.0,JHU,0.5,fourier_country_k1
KEN,2021,47,2021-11-22,2021-11-28,0.7658,0.0,JHU,0.5,fourier_country_k1
KEN,2021,48,2021-11-29,2021-12-05,0.8106,0.0,JHU,0.5,fourier_country_k1
KEN,2021,49,2021-12-06,2021-12-12,0.8542,0.0,JHU,0.5,fourier_country_k1
KEN,2021,50,2021-12-13,2021-12-19,0.8961,0.0,JHU,0.5,fourier_country_k1
KEN,2021,51,2021-12-20,2021-12-26,0.9355,0.0,JHU,0.5,fourier_country_k1
KEN,2021,52,2021-12-27,2022-01-02,0.9719,0.0,JHU,0.5,fourier_country_k1
KEN,2022,1,2022-01-03,2022-01-09,130.7364,2.3737,JHU,0.5,fourier_country_k1
KEN,2022,2,2022-01-10,2022-01-16,134.4996,2.442,JHU,0.5,fourier_country_k1
KEN,2022,3,2022-01-17,2022-01-23,137.6879,2.4999,JHU,0.5,fourier_country_k1
KEN,2022,4,2022-01-24,2022-01-30,140.2548,2.5465,JHU,0.5,fourier_country_k1
KEN,2022,5,2022-01-31,2022-02-06,142.163,2.5811,JHU,0.5,fourier_country_k1
KEN,2022,6,2022-02-07,2022-02-13,143.3846,2.6033,JHU,0.5,fourier_country_k1
KEN,2022,7,2022-02-14,2022-02-20,143.9018,2.6127,JHU,0.5,fourier_country_k1
KEN,2022,8,2022-02-21,2022-02-27,143.707,2.6091,JHU,0.5,fourier_country_k1
KEN,2022,9,2022-02-28,2022-03-06,142.8031,2.5927,JHU,0.5,fourier_country_k1
KEN,2022,10,2022-03-07,2022-03-13,141.2032,2.5637,JHU,0.5,fourier_country_k1
KEN,2022,11,2022-03-14,2022-03-20,138.9308,2.5224,JHU,0.5,fourier_country_k1
KEN,2022,12,2022-03-21,2022-03-27,136.0189,2.4696,JHU,0.5,fourier_country_k1
KEN,2022,13,2022-03-28,2022-04-03,132.5099,2.4059,JHU,0.5,fourier_country_k1
KEN,2022,14,2022-04-04,2022-04-10,128.4551,2.3322,JHU,0.5,fourier_country_k1
KEN,2022,15,2022-04-11,2022-04-17,123.9137,2.2498,JHU,0.5,fourier_country_k1
KEN,2022,16,2022-04-18,2022-04-24,118.9517,2.1597,JHU,0.5,fourier_country_k1
KEN,2022,17,2022-04-25,2022-05-01,113.6416,2.0633,JHU,0.5,fourier_country_k1
KEN,2022,18,2022-05-02,2022-05-08,108.0608,1.962,JHU,0.5,fourier_country_k1
KEN,2022,19,2022-05-09,2022-05-15,4.0,,JHU,0.95,observed
KEN,2022,20,2022-05-16,2022-05-22,312.0,,JHU,0.95,observed
KEN,2022,21,2022-05-23,2022-05-29,88.0903,0.5523,JHU,0.855,fourier_country_k1
KEN,2022,22,2022-05-30,2022-06-05,82.4184,0.5167,JHU,0.855,fourier_country_k1
KEN,2022,23,2022-06-06,2022-06-12,76.8939,0.4821,JHU,0.855,fourier_country_k1
KEN,2022,24,2022-06-13,2022-06-19,71.5974,0.4489,JHU,0.855,fourier_country_k1
KEN,2022,25,2022-06-20,2022-06-26,68.4436,1.2427,JHU,0.5,fourier_country_k1
KEN,2022,26,2022-06-27,2022-07-03,63.7029,1.1566,JHU,0.5,fourier_country_k1
KEN,2022,27,2022-07-04,2022-07-10,59.4198,1.0788,JHU,0.5,fourier_country_k1
KEN,2022,28,2022-07-11,2022-07-17,55.6566,1.0105,JHU,0.5,fourier_country_k1
KEN,2022,29,2022-07-18,2022-07-24,52.4683,0.9526,JHU,0.5,fourier_country_k1
KEN,2022,30,2022-07-25,2022-07-31,49.9013,0.906,JHU,0.5,fourier_country_k1
KEN,2022,31,2022-08-01,2022-08-07,47.9931,0.8714,JHU,0.5,fourier_country_k1
KEN,2022,32,2022-08-08,2022-08-14,46.7715,0.8492,JHU,0.5,fourier_country_k1
KEN,2022,33,2022-08-15,2022-08-21,46.2544,0.8398,JHU,0.5,fourier_country_k1
KEN,2022,34,2022-08-22,2022-08-28,46.4492,0.8433,JHU,0.5,fourier_country_k1
KEN,2022,35,2022-08-29,2022-09-04,47.3531,0.8597,JHU,0.5,fourier_country_k1
KEN,2022,36,2022-09-05,2022-09-11,48.9529,0.8888,JHU,0.5,fourier_country_k1
KEN,2022,37,2022-09-12,2022-09-18,51.2254,0.93,JHU,0.5,fourier_country_k1
KEN,2022,38,2022-09-19,2022-09-25,54.1373,0.9829,JHU,0.5,fourier_country_k1
KEN,2022,39,2022-09-26,2022-10-02,57.6462,1.0466,JHU,0.5,fourier_country_k1
KEN,2022,40,2022-10-03,2022-10-09,40.0,,JHU,0.95,observed
KEN,2022,41,2022-10-10,2022-10-16,40.0,,JHU,0.95,observed
KEN,2022,42,2022-10-17,2022-10-23,36.0,,JHU,0.95,observed
KEN,2022,43,2022-10-24,2022-10-30,70.0,,JHU,0.95,observed
KEN,2022,44,2022-10-31,2022-11-06,113.0,,JHU,0.95,observed
KEN,2022,45,2022-11-07,2022-11-13,301.0,,JHU,0.95,observed
KEN,2022,46,2022-11-14,2022-11-20,314.0,,JHU,0.95,observed
KEN,2022,47,2022-11-21,2022-11-27,410.0,,JHU,0.95,observed
KEN,2022,48,2022-11-28,2022-12-04,399.0,,JHU,0.95,observed
KEN,2022,49,2022-12-05,2022-12-11,471.0,,JHU,0.95,observed
KEN,2022,50,2022-12-12,2022-12-18,503.0,,JHU,0.95,observed
KEN,2022,51,2022-12-19,2022-12-25,414.0,,JHU,0.95,observed
KEN,2022,52,2022-12-26,2023-01-01,376.0,,JHU,0.95,observed
KEN,2023,1,2023-01-02,2023-01-08,0.0,,WHO,0.9,observed
KEN,2023,2,2023-01-09,2023-01-15,0.0,,WHO,0.9,observed
KEN,2023,3,2023-01-16,2023-01-22,880.0,18.0,WHO,0.9,observed
KEN,2023,4,2023-01-23,2023-01-29,109.0,4.0,WHO,0.9,observed
KEN,2023,5,2023-01-30,2023-02-05,232.0,1.0,WHO,0.9,observed
KEN,2023,6,2023-02-06,2023-02-12,109.0,,WHO,0.9,observed
KEN,2023,7,2023-02-13,2023-02-19,185.0,2.0,WHO,0.9,observed
KEN,2023,8,2023-02-20,2023-02-26,558.0,4.0,WHO,0.9,observed
KEN,2023,9,2023-02-27,2023-03-05,1012.0,10.0,WHO,0.9,observed
KEN,2023,10,2023-03-06,2023-03-12,536.0,10.0,WHO,0.9,observed
KEN,2023,11,2023-03-13,2023-03-19,383.0,5.0,WHO,0.9,observed
KEN,2023,12,2023-03-20,2023-03-26,388.0,8.0,WHO,0.9,observed
KEN,2023,13,2023-03-27,2023-04-02,504.0,10.0,WHO,0.9,observed
KEN,2023,14,2023-04-03,2023-04-09,382.0,5.0,WHO,0.9,observed
KEN,2023,15,2023-04-10,2023-04-16,376.0,5.0,WHO,0.9,observed
KEN,2023,16,2023-04-17,2023-04-23,0.0,,WHO,0.9,observed
KEN,2023,17,2023-04-24,2023-04-30,878.0,15.0,WHO,0.9,observed
KEN,2023,18,2023-05-01,2023-05-07,310.0,5.0,WHO,0.9,observed
KEN,2023,19,2023-05-08,2023-05-14,149.0,2.0,WHO,0.9,observed
KEN,2023,20,2023-05-15,2023-05-21,109.0,3.0,WHO,0.9,observed
KEN,2023,21,2023-05-22,2023-05-28,437.0,10.0,WHO,0.9,observed
KEN,2023,22,2023-05-29,2023-06-04,239.0,5.0,WHO,0.9,observed
KEN,2023,23,2023-06-05,2023-06-11,144.0,,WHO,0.9,observed
KEN,2023,24,2023-06-12,2023-06-18,262.0,4.0,WHO,0.9,observed
KEN,2023,25,2023-06-19,2023-06-25,126.0,2.0,WHO,0.9,observed
KEN,2023,26,2023-06-26,2023-07-02,80.0,4.0,WHO,0.9,observed
KEN,2023,27,2023-07-03,2023-07-09,102.0,2.0,WHO,0.9,observed
KEN,2023,28,2023-07-10,2023-07-16,46.0,,WHO,0.9,observed
KEN,2023,29,2023-07-17,2023-07-23,30.0,,WHO,0.9,observed
KEN,2023,30,2023-07-24,2023-07-30,19.0,,WHO,0.9,observed
KEN,2023,31,2023-07-31,2023-08-06,6.0,,WHO,0.9,observed
KEN,2023,32,2023-08-07,2023-08-13,82.0,3.0,WHO,0.9,observed
KEN,2023,33,2023-08-14,2023-08-20,46.0,,WHO,0.9,observed
KEN,2023,34,2023-08-21,2023-08-27,0.0,,WHO,0.9,observed
KEN,2023,35,2023-08-28,2023-09-03,54.0,4.0,WHO,0.9,observed
KEN,2023,36,2023-09-04,2023-09-10,23.0,1.0,WHO,0.9,observed
KEN,2023,37,2023-09-11,2023-09-17,0.0,,WHO,0.9,observed
KEN,2023,38,2023-09-18,2023-09-24,0.0,,WHO,0.9,observed
KEN,2023,39,2023-09-25,2023-10-01,15.0,,WHO,0.9,observed
KEN,2023,40,2023-10-02,2023-10-08,0.0,,WHO,0.9,observed
KEN,2023,41,2023-10-09,2023-10-15,3.0,,WHO,0.9,observed
KEN,2023,42,2023-10-16,2023-10-22,0.0,,WHO,0.9,observed
KEN,2023,43,2023-10-23,2023-10-29,2.0,,WHO,0.9,observed
KEN,2023,44,2023-10-30,2023-11-05,1.0,,WHO,0.9,observed
KEN,2023,45,2023-11-06,2023-11-12,0.0,,WHO,0.9,observed
KEN,2023,46,2023-11-13,2023-11-19,0.0,,WHO,0.9,observed
KEN,2023,47,2023-11-20,2023-11-26,49.0,1.0,WHO,0.9,observed
KEN,2023,48,2023-11-27,2023-12-03,0.0,,WHO,0.9,observed
KEN,2023,49,2023-12-04,2023-12-10,60.0,2.0,WHO,0.9,observed
KEN,2023,50,2023-12-11,2023-12-17,0.0,,WHO,0.9,observed
KEN,2023,51,2023-12-18,2023-12-24,0.0,,WHO,0.9,observed
KEN,2023,52,2023-12-25,2023-12-31,0.0,,WHO,0.9,observed
KEN,2024,1,2024-01-01,2024-01-07,0.0,,WHO,0.9,observed
KEN,2024,2,2024-01-08,2024-01-14,0.0,,WHO,0.9,observed
KEN,2024,3,2024-01-15,2024-01-21,199.0,1.0,WHO,0.9,observed
KEN,2024,4,2024-01-22,2024-01-28,0.0,,WHO,0.9,observed
KEN,2024,5,2024-01-29,2024-02-04,0.0,,WHO,0.9,observed
KEN,2024,6,2024-02-05,2024-02-11,0.0,,WHO,0.9,observed
KEN,2024,7,2024-02-12,2024-02-18,0.0,,WHO,0.9,observed
KEN,2024,8,2024-02-19,2024-02-25,89.0,,WHO,0.9,observed
KEN,2024,9,2024-02-26,2024-03-03,0.0,,WHO,0.9,observed
KEN,2024,10,2024-03-04,2024-03-10,0.0,,WHO,0.9,observed
KEN,2024,11,2024-03-11,2024-03-17,0.0,,WHO,0.9,observed
KEN,2024,12,2024-03-18,2024-03-24,0.0,,WHO,0.9,observed
KEN,2024,13,2024-03-25,2024-03-31,0.0,,WHO,0.9,observed
KEN,2024,14,2024-04-01,2024-04-07,25.0,1.0,WHO,0.9,observed
KEN,2024,15,2024-04-08,2024-04-14,0.0,,WHO,0.9,observed
KEN,2024,16,2024-04-15,2024-04-21,0.0,,WHO,0.9,observed
KEN,2024,17,2024-04-22,2024-04-28,0.0,,WHO,0.9,observed
KEN,2024,18,2024-04-29,2024-05-05,0.0,,WHO,0.9,observed
KEN,2024,19,2024-05-06,2024-05-12,0.0,,WHO,0.9,observed
KEN,2024,20,2024-05-13,2024-05-19,59.0,1.0,WHO,0.9,observed
KEN,2024,21,2024-05-20,2024-05-26,8.0,,WHO,0.9,observed
KEN,2024,22,2024-05-27,2024-06-02,0.0,,WHO,0.9,observed
KEN,2024,23,2024-06-03,2024-06-09,12.0,,WHO,0.9,observed
KEN,2024,24,2024-06-10,2024-06-16,0.0,,WHO,0.9,observed
KEN,2024,25,2024-06-17,2024-06-23,0.0,,WHO,0.9,observed
KEN,2024,26,2024-06-24,2024-06-30,0.0,,WHO,0.9,observed
KEN,2024,27,2024-07-01,2024-07-07,0.0,,WHO,0.9,observed
KEN,2024,28,2024-07-08,2024-07-14,40.0,1.0,WHO,0.9,observed
KEN,2024,29,2024-07-15,2024-07-21,0.0,,WHO,0.9,observed
KEN,2024,30,2024-07-22,2024-07-28,0.0,,WHO,0.9,observed
KEN,2024,31,2024-07-29,2024-08-04,0.0,,WHO,0.9,observed
KEN,2024,32,2024-08-05,2024-08-11,181.0,1.0,WHO,0.9,observed
KEN,2024,33,2024-08-12,2024-08-18,0.0,,WHO,0.9,observed
KEN,2024,34,2024-08-19,2024-08-25,0.0,,WHO,0.9,observed
KEN,2024,35,2024-08-26,2024-09-01,0.0,,WHO,0.9,observed
KEN,2024,36,2024-09-02,2024-09-08,0.0,,WHO,0.9,observed
KEN,2024,37,2024-09-09,2024-09-15,0.0,,WHO,0.9,observed
KEN,2024,38,2024-09-16,2024-09-22,0.0,,WHO,0.9,observed
KEN,2024,39,2024-09-23,2024-09-29,0.0,,WHO,0.9,observed
KEN,2024,40,2024-09-30,2024-10-06,0.0,,WHO,0.9,observed
KEN,2024,41,2024-10-07,2024-10-13,0.0,,WHO,0.9,observed
KEN,2024,42,2024-10-14,2024-10-20,0.0,,WHO,0.9,observed
KEN,2024,43,2024-10-21,2024-10-27,0.0,,WHO,0.9,observed
KEN,2024,44,2024-10-28,2024-11-03,0.0,,WHO,0.9,observed
KEN,2024,45,2024-11-04,2024-11-10,0.0,,WHO,0.9,observed
KEN,2024,46,2024-11-11,2024-11-17,0.0,,WHO,0.9,observed
KEN,2024,47,2024-11-18,2024-11-24,0.0,,WHO,0.9,observed
KEN,2024,48,2024-11-25,2024-12-01,0.0,,WHO,0.9,observed
KEN,2024,49,2024-12-02,2024-12-08,0.0,,WHO,0.9,observed
KEN,2024,50,2024-12-09,2024-12-15,0.0,,WHO,0.9,observed
KEN,2024,51,2024-12-16,2024-12-22,0.0,,WHO,0.9,observed
KEN,2024,52,2024-12-23,2024-12-29,0.0,,WHO,0.9,observed
KEN,2025,1,2024-12-30,2025-01-05,0.0,,WHO,0.9,observed
KEN,2025,2,2025-01-06,2025-01-12,0.0,,WHO,0.9,observed
KEN,2025,3,2025-01-13,2025-01-19,0.0,,WHO,0.9,observed
KEN,2025,4,2025-01-20,2025-01-26,0.0,,WHO,0.9,observed
KEN,2025,5,2025-01-27,2025-02-02,0.0,,WHO,0.9,observed
KEN,2025,6,2025-02-03,2025-02-09,0.0,,WHO,0.9,observed
KEN,2025,7,2025-02-10,2025-02-16,19.0,1.0,WHO,0.9,observed
KEN,2025,8,2025-02-17,2025-02-23,18.0,,WHO,0.9,observed
KEN,2025,9,2025-02-24,2025-03-02,2.0,,WHO,0.9,observed
KEN,2025,10,2025-03-03,2025-03-09,3.0,,WHO,0.9,observed
KEN,2025,11,2025-03-10,2025-03-16,1.0,,WHO,0.9,observed
KEN,2025,12,2025-03-17,2025-03-23,2.0,,WHO,0.9,observed
KEN,2025,13,2025-03-24,2025-03-30,24.0,4.0,WHO,0.9,observed
KEN,2025,14,2025-03-31,2025-04-06,31.0,,WHO,0.9,observed
KEN,2025,15,2025-04-07,2025-04-13,25.0,,WHO,0.9,observed
KEN,2025,16,2025-04-14,2025-04-20,3.0,,WHO,0.9,observed
KEN,2025,17,2025-04-21,2025-04-27,43.0,4.0,WHO,0.9,observed
KEN,2025,18,2025-04-28,2025-05-04,49.0,2.0,WHO,0.9,observed
KEN,2025,19,2025-05-05,2025-05-11,19.0,,WHO,0.9,observed
KEN,2025,20,2025-05-12,2025-05-18,16.0,2.0,WHO,0.9,observed
KEN,2025,21,2025-05-19,2025-05-25,24.0,,WHO,0.9,observed
KEN,2025,22,2025-05-26,2025-06-01,40.0,1.0,WHO,0.9,observed
KEN,2025,23,2025-06-02,2025-06-08,0.0,0.0,AI,0.8,documented_zero
KEN,2025,24,2025-06-09,2025-06-15,0.0,0.0,AI,0.8,documented_zero
KEN,2025,25,2025-06-16,2025-06-22,0.0,0.0,AI,0.8,documented_zero
KEN,2025,26,2025-06-23,2025-06-29,0.0,0.0,AI,0.8,documented_zero
KEN,2025,27,2025-06-30,2025-07-06,0.0,0.0,AI,0.8,documented_zero
KEN,2025,28,2025-07-07,2025-07-13,0.0,0.0,AI,0.8,documented_zero
KEN,2025,29,2025-07-14,2025-07-20,0.0,0.0,AI,0.8,documented_zero
KEN,2025,30,2025-07-21,2025-07-27,0.0,0.0,AI,0.8,documented_zero
KEN,2025,31,2025-07-28,2025-08-03,0.0,0.0,AI,0.8,documented_zero
KEN,2025,32,2025-08-04,2025-08-10,0.0,0.0,AI,0.8,documented_zero
KEN,2025,33,2025-08-11,2025-08-17,0.0,0.0,AI,0.8,documented_zero
KEN,2025,34,2025-08-18,2025-08-24,0.0,0.0,AI,0.8,documented_zero
KEN,2025,35,2025-08-25,2025-08-31,0.0,0.0,AI,0.8,documented_zero
KEN,2025,36,2025-09-01,2025-09-07,0.0,0.0,AI,0.8,documented_zero
KEN,2025,37,2025-09-08,2025-09-14,0.0,0.0,AI,0.8,documented_zero
KEN,2025,38,2025-09-15,2025-09-21,0.0,0.0,AI,0.8,documented_zero
KEN,2025,39,2025-09-22,2025-09-28,0.0,0.0,AI,0.8,documented_zero
KEN,2025,40,2025-09-29,2025-10-05,0.0,0.0,AI,0.8,documented_zero
KEN,2025,41,2025-10-06,2025-10-12,0.0,0.0,AI,0.8,documented_zero
KEN,2025,42,2025-10-13,2025-10-19,0.0,0.0,AI,0.8,documented_zero
KEN,2025,43,2025-10-20,2025-10-26,0.0,0.0,AI,0.8,documented_zero
KEN,2025,44,2025-10-27,2025-11-02,0.0,0.0,AI,0.8,documented_zero
KEN,2025,45,2025-11-03,2025-11-09,0.0,0.0,AI,0.8,documented_zero
KEN,2025,46,2025-11-10,2025-11-16,0.0,0.0,AI,0.8,documented_zero
KEN,2025,47,2025-11-17,2025-11-23,0.0,0.0,AI,0.8,documented_zero
KEN,2025,48,2025-11-24,2025-11-30,0.0,0.0,AI,0.8,documented_zero
KEN,2025,49,2025-12-01,2025-12-07,0.0,0.0,AI,0.8,documented_zero
KEN,2025,50,2025-12-08,2025-12-14,0.0,0.0,AI,0.8,documented_zero
KEN,2025,51,2025-12-15,2025-12-21,0.0,0.0,AI,0.8,documented_zero
KEN,2025,52,2025-12-22,2025-12-28,0.0,0.0,AI,0.8,documented_zero
KEN,2026,1,2025-12-29,2026-01-04,0.0,0.0,AI,0.8,documented_zero
KEN,2026,2,2026-01-05,2026-01-11,0.0,0.0,AI,0.8,documented_zero
KEN,2026,3,2026-01-12,2026-01-18,0.0,0.0,AI,0.8,documented_zero
KEN,2026,4,2026-01-19,2026-01-25,0.0,0.0,AI,0.8,documented_zero
KEN,2026,5,2026-01-26,2026-02-01,0.0,0.0,AI,0.8,documented_zero
KEN,2026,6,2026-02-02,2026-02-08,0.0,0.0,AI,0.8,documented_zero
KEN,2026,7,2026-02-09,2026-02-15,0.0,0.0,AI,0.8,documented_zero
KEN,2026,8,2026-02-16,2026-02-22,0.0,0.0,AI,0.8,documented_zero
KEN,2026,9,2026-02-23,2026-03-01,0.0,0.0,AI,0.8,documented_zero
KEN,2026,10,2026-03-02,2026-03-08,0.0,0.0,AI,0.8,documented_zero
KEN,2026,11,2026-03-09,2026-03-15,0.0,0.0,AI,0.8,documented_zero
KEN,2026,12,2026-03-16,2026-03-22,0.0,0.0,AI,0.8,documented_zero
KEN,2026,13,2026-03-23,2026-03-29,0.0,0.0,AI,0.8,documented_zero
KEN,2026,14,2026-03-30,2026-04-05,0.0,0.0,AI,0.8,documented_zero
KEN,2026,15,2026-04-06,2026-04-12,0.0,0.0,AI,0.8,documented_zero
KEN,2026,16,2026-04-13,2026-04-19,0.0,0.0,AI,0.8,documented_zero
KEN,2026,17,2026-04-20,2026-04-26,0.0,0.0,AI,0.8,documented_zero
KEN,2026,18,2026-04-27,2026-05-03,0.0,0.0,AI,0.8,documented_zero
KEN,2026,19,2026-05-04,2026-05-10,0.0,0.0,AI,0.8,documented_zero
KEN,2026,20,2026-05-11,2026-05-17,0.0,0.0,AI,0.8,documented_zero
KEN,2026,21,2026-05-18,2026-05-24,0.0,0.0,AI,0.8,documented_zero
KEN,2026,22,2026-05-25,2026-05-31,0.0,0.0,AI,0.8,documented_zero
KEN,2026,23,2026-06-01,2026-06-07,0.0,0.0,AI,0.8,documented_zero
KEN,2026,24,2026-06-08,2026-06-14,0.0,0.0,AI,0.8,documented_zero
KEN,2026,25,2026-06-15,2026-06-21,0.0,0.0,AI,0.8,documented_zero
KEN,2026,26,2026-06-22,2026-06-28,0.0,0.0,AI,0.8,documented_zero
KEN,2026,27,2026-06-29,2026-07-05,0.0,0.0,AI,0.8,documented_zero
KEN,2026,28,2026-07-06,2026-07-12,0.0,0.0,AI,0.8,documented_zero
KEN,2026,29,2026-07-13,2026-07-19,0.0,0.0,AI,0.8,documented_zero
KEN,2026,30,2026-07-20,2026-07-26,0.0,0.0,AI,0.8,documented_zero
KEN,2026,31,2026-07-27,2026-08-02,0.0,0.0,AI,0.8,documented_zero
KEN,2026,32,2026-08-03,2026-08-09,0.0,0.0,AI,0.8,documented_zero
KEN,2026,33,2026-08-10,2026-08-16,0.0,0.0,AI,0.8,documented_zero
KEN,2026,34,2026-08-17,2026-08-23,0.0,0.0,AI,0.8,documented_zero
KEN,2026,35,2026-08-24,2026-08-30,0.0,0.0,AI,0.8,documented_zero
KEN,2026,36,2026-08-31,2026-09-06,0.0,0.0,AI,0.8,documented_zero
KEN,2026,37,2026-09-07,2026-09-13,0.0,0.0,AI,0.8,documented_zero
KEN,2026,38,2026-09-14,2026-09-20,0.0,0.0,AI,0.8,documented_zero
KEN,2026,39,2026-09-21,2026-09-27,0.0,0.0,AI,0.8,documented_zero
KEN,2026,40,2026-09-28,2026-10-04,0.0,0.0,AI,0.8,documented_zero
KEN,2026,41,2026-10-05,2026-10-11,0.0,0.0,AI,0.8,documented_zero
KEN,2026,42,2026-10-12,2026-10-18,0.0,0.0,AI,0.8,documented_zero
KEN,2026,43,2026-10-19,2026-10-25,0.0,0.0,AI,0.8,documented_zero
KEN,2026,44,2026-10-26,2026-11-01,0.0,0.0,AI,0.8,documented_zero
KEN,2026,45,2026-11-02,2026-11-08,0.0,0.0,AI,0.8,documented_zero
KEN,2026,46,2026-11-09,2026-11-15,0.0,0.0,AI,0.8,documented_zero
KEN,2026,47,2026-11-16,2026-11-22,0.0,0.0,AI,0.8,documented_zero
KEN,2026,48,2026-11-23,2026-11-29,0.0,0.0,AI,0.8,documented_zero
KEN,2026,49,2026-11-30,2026-12-06,0.0,0.0,AI,0.8,documented_zero
KEN,2026,50,2026-12-07,2026-12-13,0.0,0.0,AI,0.8,documented_zero
KEN,2026,51,2026-12-14,2026-12-20,0.0,0.0,AI,0.8,documented_zero
KEN,2026,52,2026-12-21,2026-12-27,0.0,0.0,AI,0.8,documented_zero
KEN,2026,53,2026-12-28,2027-01-03,0.0,0.0,AI,0.8,documented_zero
KEN,2027,1,2027-01-04,2027-01-10,0.0,0.0,AI,0.8,documented_zero
KEN,2027,2,2027-01-11,2027-01-17,0.0,0.0,AI,0.8,documented_zero
KEN,2027,3,2027-01-18,2027-01-24,0.0,0.0,AI,0.8,documented_zero
KEN,2027,4,2027-01-25,2027-01-31,0.0,0.0,AI,0.8,documented_zero
KEN,2027,5,2027-02-01,2027-02-07,0.0,0.0,AI,0.8,documented_zero
KEN,2027,6,2027-02-08,2027-02-14,0.0,0.0,AI,0.8,documented_zero
KEN,2027,7,2027-02-15,2027-02-21,0.0,0.0,AI,0.8,documented_zero
KEN,2027,8,2027-02-22,2027-02-28,0.0,0.0,AI,0.8,documented_zero
KEN,2027,9,2027-03-01,2027-03-07,0.0,0.0,AI,0.8,documented_zero
KEN,2027,10,2027-03-08,2027-03-14,0.0,0.0,AI,0.8,documented_zero
KEN,2027,11,2027-03-15,2027-03-21,0.0,0.0,AI,0.8,documented_zero
KEN,2027,12,2027-03-22,2027-03-28,0.0,0.0,AI,0.8,documented_zero
KEN,2027,13,2027-03-29,2027-04-04,0.0,0.0,AI,0.8,documented_zero
KEN,2027,14,2027-04-05,2027-04-11,0.0,0.0,AI,0.8,documented_zero
KEN,2027,15,2027-04-12,2027-04-18,0.0,0.0,AI,0.8,documented_zero
KEN,2027,16,2027-04-19,2027-04-25,0.0,0.0,AI,0.8,documented_zero
KEN,2027,17,2027-04-26,2027-05-02,0.0,0.0,AI,0.8,documented_zero
KEN,2027,18,2027-05-03,2027-05-09,0.0,0.0,AI,0.8,documented_zero
KEN,2027,19,2027-05-10,2027-05-16,0.0,0.0,AI,0.8,documented_zero
KEN,2027,20,2027-05-17,2027-05-23,0.0,0.0,AI,0.8,documented_zero
KEN,2027,21,2027-05-24,2027-05-30,0.0,0.0,AI,0.8,documented_zero
KEN,2027,22,2027-05-31,2027-06-06,0.0,0.0,AI,0.8,documented_zero
KEN,2027,23,2027-06-07,2027-06-13,0.0,0.0,AI,0.8,documented_zero
KEN,2027,24,2027-06-14,2027-06-20,0.0,0.0,AI,0.8,documented_zero
KEN,2027,25,2027-06-21,2027-06-27,0.0,0.0,AI,0.8,documented_zero
KEN,2027,26,2027-06-28,2027-07-04,0.0,0.0,AI,0.8,documented_zero
KEN,2027,27,2027-07-05,2027-07-11,0.0,0.0,AI,0.8,documented_zero
KEN,2027,28,2027-07-12,2027-07-18,0.0,0.0,AI,0.8,documented_zero
KEN,2027,29,2027-07-19,2027-07-25,0.0,0.0,AI,0.8,documented_zero
KEN,2027,30,2027-07-26,2027-08-01,0.0,0.0,AI,0.8,documented_zero
KEN,2027,31,2027-08-02,2027-08-08,0.0,0.0,AI,0.8,documented_zero
KEN,2027,32,2027-08-09,2027-08-15,0.0,0.0,AI,0.8,documented_zero
KEN,2027,33,2027-08-16,2027-08-22,0.0,0.0,AI,0.8,documented_zero
KEN,2027,34,2027-08-23,2027-08-29,0.0,0.0,AI,0.8,documented_zero
KEN,2027,35,2027-08-30,2027-09-05,0.0,0.0,AI,0.8,documented_zero
KEN,2027,36,2027-09-06,2027-09-12,0.0,0.0,AI,0.8,documented_zero
KEN,2027,37,2027-09-13,2027-09-19,0.0,0.0,AI,0.8,documented_zero
KEN,2027,38,2027-09-20,2027-09-26,0.0,0.0,AI,0.8,documented_zero
KEN,2027,39,2027-09-27,2027-10-03,0.0,0.0,AI,0.8,documented_zero
KEN,2027,40,2027-10-04,2027-10-10,0.0,0.0,AI,0.8,documented_zero
KEN,2027,41,2027-10-11,2027-10-17,0.0,0.0,AI,0.8,documented_zero
KEN,2027,42,2027-10-18,2027-10-24,0.0,0.0,AI,0.8,documented_zero
KEN,2027,43,2027-10-25,2027-10-31,0.0,0.0,AI,0.8,documented_zero
KEN,2027,44,2027-11-01,2027-11-07,0.0,0.0,AI,0.8,documented_zero
KEN,2027,45,2027-11-08,2027-11-14,0.0,0.0,AI,0.8,documented_zero
KEN,2027,46,2027-11-15,2027-11-21,0.0,0.0,AI,0.8,documented_zero
KEN,2027,47,2027-11-22,2027-11-28,0.0,0.0,AI,0.8,documented_zero
KEN,2027,48,2027-11-29,2027-12-05,0.0,0.0,AI,0.8,documented_zero
KEN,2027,49,2027-12-06,2027-12-12,0.0,0.0,AI,0.8,documented_zero
KEN,2027,50,2027-12-13,2027-12-19,0.0,0.0,AI,0.8,documented_zero
KEN,2027,51,2027-12-20,2027-12-26,0.0,0.0,AI,0.8,documented_zero
KEN,2027,52,2027-12-27,2028-01-02,0.0,0.0,AI,0.8,documented_zero
KEN,2028,1,2028-01-03,2028-01-09,0.0,0.0,AI,0.8,documented_zero
KEN,2028,2,2028-01-10,2028-01-16,0.0,0.0,AI,0.8,documented_zero
KEN,2028,3,2028-01-17,2028-01-23,0.0,0.0,AI,0.8,documented_zero
KEN,2028,4,2028-01-24,2028-01-30,0.0,0.0,AI,0.8,documented_zero
KEN,2028,5,2028-01-31,2028-02-06,0.0,0.0,AI,0.8,documented_zero
KEN,2028,6,2028-02-07,2028-02-13,0.0,0.0,AI,0.8,documented_zero
KEN,2028,7,2028-02-14,2028-02-20,0.0,0.0,AI,0.8,documented_zero
KEN,2028,8,2028-02-21,2028-02-27,0.0,0.0,AI,0.8,documented_zero
KEN,2028,9,2028-02-28,2028-03-05,0.0,0.0,AI,0.8,documented_zero
KEN,2028,10,2028-03-06,2028-03-12,0.0,0.0,AI,0.8,documented_zero
KEN,2028,11,2028-03-13,2028-03-19,0.0,0.0,AI,0.8,documented_zero
KEN,2028,12,2028-03-20,2028-03-26,0.0,0.0,AI,0.8,documented_zero
KEN,2028,13,2028-03-27,2028-04-02,0.0,0.0,AI,0.8,documented_zero
KEN,2028,14,2028-04-03,2028-04-09,0.0,0.0,AI,0.8,documented_zero
KEN,2028,15,2028-04-10,2028-04-16,0.0,0.0,AI,0.8,documented_zero
KEN,2028,16,2028-04-17,2028-04-23,0.0,0.0,AI,0.8,documented_zero
KEN,2028,17,2028-04-24,2028-04-30,0.0,0.0,AI,0.8,documented_zero
KEN,2028,18,2028-05-01,2028-05-07,0.0,0.0,AI,0.8,documented_zero
KEN,2028,19,2028-05-08,2028-05-14,0.0,0.0,AI,0.8,documented_zero
KEN,2028,20,2028-05-15,2028-05-21,0.0,0.0,AI,0.8,documented_zero
KEN,2028,21,2028-05-22,2028-05-28,0.0,0.0,AI,0.8,documented_zero
KEN,2028,22,2028-05-29,2028-06-04,0.0,0.0,AI,0.8,documented_zero
KEN,2028,23,2028-06-05,2028-06-11,0.0,0.0,AI,0.8,documented_zero
KEN,2028,24,2028-06-12,2028-06-18,0.0,0.0,AI,0.8,documented_zero
KEN,2028,25,2028-06-19,2028-06-25,0.0,0.0,AI,0.8,documented_zero
KEN,2028,26,2028-06-26,2028-07-02,0.0,0.0,AI,0.8,documented_zero
KEN,2028,27,2028-07-03,2028-07-09,0.0,0.0,AI,0.8,documented_zero
KEN,2028,28,2028-07-10,2028-07-16,0.0,0.0,AI,0.8,documented_zero
KEN,2028,29,2028-07-17,2028-07-23,0.0,0.0,AI,0.8,documented_zero
KEN,2028,30,2028-07-24,2028-07-30,0.0,0.0,AI,0.8,documented_zero
KEN,2028,31,2028-07-31,2028-08-06,0.0,0.0,AI,0.8,documented_zero
KEN,2028,32,2028-08-07,2028-08-13,0.0,0.0,AI,0.8,documented_zero
KEN,2028,33,2028-08-14,2028-08-20,0.0,0.0,AI,0.8,documented_zero
KEN,2028,34,2028-08-21,2028-08-27,0.0,0.0,AI,0.8,documented_zero
KEN,2028,35,2028-08-28,2028-09-03,0.0,0.0,AI,0.8,documented_zero
KEN,2028,36,2028-09-04,2028-09-10,0.0,0.0,AI,0.8,documented_zero
KEN,2028,37,2028-09-11,2028-09-17,0.0,0.0,AI,0.8,documented_zero
KEN,2028,38,2028-09-18,2028-09-24,0.0,0.0,AI,0.8,documented_zero
KEN,2028,39,2028-09-25,2028-10-01,0.0,0.0,AI,0.8,documented_zero
KEN,2028,40,2028-10-02,2028-10-08,0.0,0.0,AI,0.8,documented_zero
KEN,2028,41,2028-10-09,2028-10-15,0.0,0.0,AI,0.8,documented_zero
KEN,2028,42,2028-10-16,2028-10-22,0.0,0.0,AI,0.8,documented_zero
KEN,2028,43,2028-10-23,2028-10-29,0.0,0.0,AI,0.8,documented_zero
KEN,2028,44,2028-10-30,2028-11-05,0.0,0.0,AI,0.8,documented_zero
KEN,2028,45,2028-11-06,2028-11-12,0.0,0.0,AI,0.8,documented_zero
KEN,2028,46,2028-11-13,2028-11-19,0.0,0.0,AI,0.8,documented_zero
KEN,2028,47,2028-11-20,2028-11-26,0.0,0.0,AI,0.8,documented_zero
KEN,2028,48,2028-11-27,2028-12-03,0.0,0.0,AI,0.8,documented_zero
KEN,2028,49,2028-12-04,2028-12-10,0.0,0.0,AI,0.8,documented_zero
KEN,2028,50,2028-12-11,2028-12-17,0.0,0.0,AI,0.8,documented_zero
KEN,2028,51,2028-12-18,2028-12-24,0.0,0.0,AI,0.8,documented_zero
KEN,2028,52,2028-12-25,2028-12-31,0.0,0.0,AI,0.8,documented_zero
KEN,2029,1,2029-01-01,2029-01-07,0.0,0.0,AI,0.8,documented_zero
KEN,2029,2,2029-01-08,2029-01-14,0.0,0.0,AI,0.8,documented_zero
KEN,2029,3,2029-01-15,2029-01-21,0.0,0.0,AI,0.8,documented_zero
KEN,2029,4,2029-01-22,2029-01-28,0.0,0.0,AI,0.8,documented_zero
KEN,2029,5,2029-01-29,2029-02-04,0.0,0.0,AI,0.8,documented_zero
KEN,2029,6,2029-02-05,2029-02-11,0.0,0.0,AI,0.8,documented_zero
KEN,2029,7,2029-02-12,2029-02-18,0.0,0.0,AI,0.8,documented_zero
KEN,2029,8,2029-02-19,2029-02-25,0.0,0.0,AI,0.8,documented_zero
KEN,2029,9,2029-02-26,2029-03-04,0.0,0.0,AI,0.8,documented_zero
KEN,2029,10,2029-03-05,2029-03-11,0.0,0.0,AI,0.8,documented_zero
KEN,2029,11,2029-03-12,2029-03-18,0.0,0.0,AI,0.8,documented_zero
KEN,2029,12,2029-03-19,2029-03-25,0.0,0.0,AI,0.8,documented_zero
KEN,2029,13,2029-03-26,2029-04-01,0.0,0.0,AI,0.8,documented_zero
KEN,2029,14,2029-04-02,2029-04-08,0.0,0.0,AI,0.8,documented_zero
KEN,2029,15,2029-04-09,2029-04-15,0.0,0.0,AI,0.8,documented_zero
KEN,2029,16,2029-04-16,2029-04-22,0.0,0.0,AI,0.8,documented_zero
KEN,2029,17,2029-04-23,2029-04-29,0.0,0.0,AI,0.8,documented_zero
KEN,2029,18,2029-04-30,2029-05-06,0.0,0.0,AI,0.8,documented_zero
KEN,2029,19,2029-05-07,2029-05-13,0.0,0.0,AI,0.8,documented_zero
KEN,2029,20,2029-05-14,2029-05-20,0.0,0.0,AI,0.8,documented_zero
KEN,2029,21,2029-05-21,2029-05-27,0.0,0.0,AI,0.8,documented_zero
KEN,2029,22,2029-05-28,2029-06-03,0.0,0.0,AI,0.8,documented_zero
KEN,2029,23,2029-06-04,2029-06-10,0.0,0.0,AI,0.8,documented_zero
KEN,2029,24,2029-06-11,2029-06-17,0.0,0.0,AI,0.8,documented_zero
KEN,2029,25,2029-06-18,2029-06-24,0.0,0.0,AI,0.8,documented_zero
KEN,2029,26,2029-06-25,2029-07-01,0.0,0.0,AI,0.8,documented_zero
KEN,2029,27,2029-07-02,2029-07-08,0.0,0.0,AI,0.8,documented_zero
KEN,2029,28,2029-07-09,2029-07-15,0.0,0.0,AI,0.8,documented_zero
KEN,2029,29,2029-07-16,2029-07-22,0.0,0.0,AI,0.8,documented_zero
KEN,2029,30,2029-07-23,2029-07-29,0.0,0.0,AI,0.8,documented_zero
KEN,2029,31,2029-07-30,2029-08-05,0.0,0.0,AI,0.8,documented_zero
KEN,2029,32,2029-08-06,2029-08-12,0.0,0.0,AI,0.8,documented_zero
KEN,2029,33,2029-08-13,2029-08-19,0.0,0.0,AI,0.8,documented_zero
KEN,2029,34,2029-08-20,2029-08-26,0.0,0.0,AI,0.8,documented_zero
KEN,2029,35,2029-08-27,2029-09-02,0.0,0.0,AI,0.8,documented_zero
KEN,2029,36,2029-09-03,2029-09-09,0.0,0.0,AI,0.8,documented_zero
KEN,2029,37,2029-09-10,2029-09-16,0.0,0.0,AI,0.8,documented_zero
KEN,2029,38,2029-09-17,2029-09-23,0.0,0.0,AI,0.8,documented_zero
KEN,2029,39,2029-09-24,2029-09-30,0.0,0.0,AI,0.8,documented_zero
KEN,2029,40,2029-10-01,2029-10-07,0.0,0.0,AI,0.8,documented_zero
KEN,2029,41,2029-10-08,2029-10-14,0.0,0.0,AI,0.8,documented_zero
KEN,2029,42,2029-10-15,2029-10-21,0.0,0.0,AI,0.8,documented_zero
KEN,2029,43,2029-10-22,2029-10-28,0.0,0.0,AI,0.8,documented_zero
KEN,2029,44,2029-10-29,2029-11-04,0.0,0.0,AI,0.8,documented_zero
KEN,2029,45,2029-11-05,2029-11-11,0.0,0.0,AI,0.8,documented_zero
KEN,2029,46,2029-11-12,2029-11-18,0.0,0.0,AI,0.8,documented_zero
KEN,2029,47,2029-11-19,2029-11-25,0.0,0.0,AI,0.8,documented_zero
KEN,2029,48,2029-11-26,2029-12-02,0.0,0.0,AI,0.8,documented_zero
KEN,2029,49,2029-12-03,2029-12-09,0.0,0.0,AI,0.8,documented_zero
KEN,2029,50,2029-12-10,2029-12-16,0.0,0.0,AI,0.8,documented_zero
KEN,2029,51,2029-12-17,2029-12-23,0.0,0.0,AI,0.8,documented_zero
KEN,2029,52,2029-12-24,2029-12-30,0.0,0.0,AI,0.8,documented_zero
KEN,2030,1,2029-12-31,2030-01-06,0.0,0.0,AI,0.8,documented_zero
KEN,2030,2,2030-01-07,2030-01-13,0.0,0.0,AI,0.8,documented_zero
KEN,2030,3,2030-01-14,2030-01-20,0.0,0.0,AI,0.8,documented_zero
KEN,2030,4,2030-01-21,2030-01-27,0.0,0.0,AI,0.8,documented_zero
KEN,2030,5,2030-01-28,2030-02-03,0.0,0.0,AI,0.8,documented_zero
KEN,2030,6,2030-02-04,2030-02-10,0.0,0.0,AI,0.8,documented_zero
KEN,2030,7,2030-02-11,2030-02-17,0.0,0.0,AI,0.8,documented_zero
KEN,2030,8,2030-02-18,2030-02-24,0.0,0.0,AI,0.8,documented_zero
KEN,2030,9,2030-02-25,2030-03-03,0.0,0.0,AI,0.8,documented_zero
KEN,2030,10,2030-03-04,2030-03-10,0.0,0.0,AI,0.8,documented_zero
KEN,2030,11,2030-03-11,2030-03-17,0.0,0.0,AI,0.8,documented_zero
KEN,2030,12,2030-03-18,2030-03-24,0.0,0.0,AI,0.8,documented_zero
KEN,2030,13,2030-03-25,2030-03-31,0.0,0.0,AI,0.8,documented_zero
KEN,2030,14,2030-04-01,2030-04-07,0.0,0.0,AI,0.8,documented_zero
KEN,2030,15,2030-04-08,2030-04-14,0.0,0.0,AI,0.8,documented_zero
KEN,2030,16,2030-04-15,2030-04-21,0.0,0.0,AI,0.8,documented_zero
KEN,2030,17,2030-04-22,2030-04-28,0.0,0.0,AI,0.8,documented_zero
KEN,2030,18,2030-04-29,2030-05-05,0.0,0.0,AI,0.8,documented_zero
KEN,2030,19,2030-05-06,2030-05-12,0.0,0.0,AI,0.8,documented_zero
KEN,2030,20,2030-05-13,2030-05-19,0.0,0.0,AI,0.8,documented_zero
KEN,2030,21,2030-05-20,2030-05-26,0.0,0.0,AI,0.8,documented_zero
KEN,2030,22,2030-05-27,2030-06-02,0.0,0.0,AI,0.8,documented_zero
KEN,2030,23,2030-06-03,2030-06-09,0.0,0.0,AI,0.8,documented_zero
KEN,2030,24,2030-06-10,2030-06-16,0.0,0.0,AI,0.8,documented_zero
KEN,2030,25,2030-06-17,2030-06-23,0.0,0.0,AI,0.8,documented_zero
KEN,2030,26,2030-06-24,2030-06-30,0.0,0.0,AI,0.8,documented_zero
KEN,2030,27,2030-07-01,2030-07-07,0.0,0.0,AI,0.8,documented_zero
KEN,2030,28,2030-07-08,2030-07-14,0.0,0.0,AI,0.8,documented_zero
KEN,2030,29,2030-07-15,2030-07-21,0.0,0.0,AI,0.8,documented_zero
KEN,2030,30,2030-07-22,2030-07-28,0.0,0.0,AI,0.8,documented_zero
KEN,2030,31,2030-07-29,2030-08-04,0.0,0.0,AI,0.8,documented_zero
KEN,2030,32,2030-08-05,2030-08-11,0.0,0.0,AI,0.8,documented_zero
KEN,2030,33,2030-08-12,2030-08-18,0.0,0.0,AI,0.8,documented_zero
KEN,2030,34,2030-08-19,2030-08-25,0.0,0.0,AI,0.8,documented_zero
KEN,2030,35,2030-08-26,2030-09-01,0.0,0.0,AI,0.8,documented_zero
KEN,2030,36,2030-09-02,2030-09-08,0.0,0.0,AI,0.8,documented_zero
KEN,2030,37,2030-09-09,2030-09-15,0.0,0.0,AI,0.8,documented_zero
KEN,2030,38,2030-09-16,2030-09-22,0.0,0.0,AI,0.8,documented_zero
KEN,2030,39,2030-09-23,2030-09-29,0.0,0.0,AI,0.8,documented_zero
KEN,2030,40,2030-09-30,2030-10-06,0.0,0.0,AI,0.8,documented_zero
KEN,2030,41,2030-10-07,2030-10-13,0.0,0.0,AI,0.8,documented_zero
KEN,2030,42,2030-10-14,2030-10-20,0.0,0.0,AI,0.8,documented_zero
KEN,2030,43,2030-10-21,2030-10-27,0.0,0.0,AI,0.8,documented_zero
KEN,2030,44,2030-10-28,2030-11-03,0.0,0.0,AI,0.8,documented_zero
KEN,2030,45,2030-11-04,2030-11-10,0.0,0.0,AI,0.8,documented_zero
KEN,2030,46,2030-11-11,2030-11-17,0.0,0.0,AI,0.8,documented_zero
KEN,2030,47,2030-11-18,2030-11-24,0.0,0.0,AI,0.8,documented_zero
KEN,2030,48,2030-11-25,2030-12-01,0.0,0.0,AI,0.8,documented_zero
KEN,2030,49,2030-12-02,2030-12-08,0.0,0.0,AI,0.8,documented_zero
KEN,2030,50,2030-12-09,2030-12-15,0.0,0.0,AI,0.8,documented_zero
KEN,2030,51,2030-12-16,2030-12-22,0.0,0.0,AI,0.8,documented_zero
KEN,2030,52,2030-12-23,2030-12-29,0.0,0.0,AI,0.8,documented_zero
KEN,2031,1,2030-12-30,2031-01-05,0.0,0.0,AI,0.8,documented_zero
