Index,Location,TL,TR,deaths,sCh,cCh,CFR,reporting_date,source_index,source,confidence_weight,processing_notes,source_database
1,AFR::BWA,2008-11-01,2009-02-13,,8,,,2009-02-13,1,UN News Cholera Southern Africa Zimbabwe February 2009,0.8,"Source states: 'Botswana, which is not endemic for cholera, has eight cases' - interpreted as 8 sCh cases by Feb 13 2009. Cases linked to spread from Zimbabwe 2008-2009 outbreak. Palm Tree village (near Zimbabwe border) confirmed. This early count preceded the full outbreak total documented in source 2. [AGENT 1 REVISION 2026-10-02] National total - includes provinces not individually listed (Agent 1, 2026-10-02: sub-national AI row Idx14 AFR::BWA::Southern overlaps this period). OCHA Regional Updates (AI Idx10, 9, 11) give the same episode's cumulative counts at 8 Jan (5), 22 Jan (6) and 30 Jan 2009 (8 confirmed, 1 death) - do not sum. (reason: Agent 1: national/sub-national overlap labelling for new Southern District row) [AGENT 5 REVISION 2026-10-03] SEMANTICS: CUMULATIVE-TO-DATE (WHO count since the start of the importation episode), not a period count. TL corrected 2008-12-01 -> 2008-11-01: the first cases were 19 Nov 2008 (row 55) and WHO/OCHA count from 1 Nov 2008. Re-read (UN News, 13 Feb 2009): 'Botswana, which is not endemic for cholera, has eight cases' - WHO spokesperson's Geneva briefing; equals OCHA Regional Update No.5's 8 confirmed cases/1 death to 30 Jan 2009 (row 11), i.e. the same snapshot restated two weeks later, not new cases. Stream: WHO/OCHA confirmed series (5 -> 6 -> 8 -> 15, monotonic). Do not sum with any other 2008-09 national row. (reason: Agent 5: cumulative-row TL set to episode start; semantics)",AI
2,AFR::BWA,2008-11-01,2009-03-14,2,55,15,3.64,2009-03-18,2,ReliefWeb Botswana Cholera Increase March 2009,0.9,"Source states: 'Botswana recorded 55 suspected cases of cholera, with 15 confirmed cases resulting in two deaths' as of March 18 2009. Vibrio cholerae detected in Shashe reservoir near Tonota and Letsibogo Dam. Cases linked to Zimbabwe 2008-2009 cross-border outbreak. CFR = 2/55 = 3.6%. Note: JHU baseline has annual 2009 data showing 15 cases 2 deaths - these are the same outbreak reported at different points in time. This source provides the fuller suspected/confirmed breakdown at outbreak peak. [AGENT 1 REVISION 2026-10-02] National total - includes provinces not individually listed (Agent 1, 2026-10-02: sub-national AI row Idx14 AFR::BWA::Southern overlaps this period). OCHA Regional Updates No.6-10 (AI Idx12, Idx13) report the confirmed-case series: 15 cases, 2 deaths to 3 Mar 2009 and no new cases from 3 Mar to 24 May 2009. (reason: Agent 1: national/sub-national overlap labelling for new Southern District row) [AGENT 1 REVISION 2026-10-02] Earlier original source (Agent 1): Mmegi 2 Mar 2009 (metadata Index 43) reports the same 55 suspected / 15 confirmed / 2 deaths from the public health director's press briefing, i.e. this cumulative total was reached by ~2 Mar 2009 (AI row from Index 43); deaths were at Princess Marina (Gaborone) and Maun General hospitals. (reason: Agent 1: original-source corroboration) [AGENT 2 REVISION 2026-10-03] Provenance (Agent 2, 2026-10-02): the ReliefWeb item cited here is the Government of Botswana/BOPA Daily News article 'Botswana: Cholera on the increase' (posted and originally published 18 Mar 2009, source 'Govt. Botswana', dateline MOCHUDI), i.e. the Daily News 18 Mar 2009 article that Agent 1 believed lost - not an IRIN report. The figures were given by the Kgatleng assistant district officer (Mr Tshepo Masala) at a cholera-awareness walk in Bokaa: 'Botswana has recorded 55 suspected cases of cholera. Of the suspected cases, 15 have been confirmed as cholera resulting in two deaths so far ... most of these cases are those of people from neighbouring countries.' National figures only; no district counts. (reason: Agent 2: resolve hand-off (lost 18 Mar 2009 Daily News article) and correct source origin) [AGENT 5 REVISION 2026-10-03] SEMANTICS: CUMULATIVE-TO-DATE for the whole episode (government/MoH stream), not a period count. Re-read (ReliefWeb): 'Botswana has recorded 55 suspected cases of cholera. Of the suspected cases, 15 have been confirmed as cholera resulting in two deaths so far' - stated by the Kgatleng assistant district officer at the Bokaa awareness walk 'on Saturday', i.e. 14 Mar 2009 (published 18 Mar). TL corrected 2008-12-01 -> 2008-11-01 (the 55 include the Nov 2008 cases; first case 19 Nov 2008) and TR 2009-03-18 -> 2009-03-14 (as-of date of the statement; reporting_date unchanged). Same 55/15/2 as the Director of Public Health's briefing reported 2 Mar 2009 (row 52): the government cumulative did not change between ~2 and 14 Mar 2009, consistent with OCHA (no new cases since 3 Mar, row 13). JHU baseline row 2009-02-24..2009-03-02 (40 suspected/15 confirmed/2 deaths) is likewise a cumulative-to-date snapshot (its 15 confirmed and 2 deaths are the episode totals) - see CONFLICT REGISTER in ./data/BWA/search_log_agent_5.txt. Do not sum. (reason: Agent 5: cumulative-row TL/TR set to episode start and statement date; semantics)",AI
3,AFR::BWA,2018-10-08,2018-10-19,0,0,,0.0,2018-10-20,3,WHO AFRO Botswana Diarrhoea Outbreak Response 2018,1.0,"Source states: 'Between 8th and 19th October 2018, the NHL cultured 22 stool specimens and all the specimens were negative for Vibrio cholerae.' Additionally: 'No suspected cholera cases have been detected in Botswana in recent times.' - confirms zero cholera transmission during diarrhoea outbreak investigation period. Surveillance system was operational: 22 specimens tested. Rotavirus identified as cause. Evidence type: Documented_Absence from WHO AFRO laboratory investigation report. [AGENT 3 REVISION 2026-10-03] Nested within AI row 72 (2018-09-03..2018-10-21, Documented_Absence 0.9; Weldegebriel et al., Vaccine 2024, PMC10953700, metadata 61: 'Microbiological analysis ruled out cholera as cause of the outbreak', 634 stool samples, IDSR weeks 36-42). Independent corroboration of the same national absence; zeros, nothing to double count. (reason: Agent 3: cross-reference to the longer documented 2018 outbreak-window zero)",AI
4,AFR::BWA,2023-06-15,2023-06-19,0,0,,0.0,2023-06-20,4,Xinhua Botswana First Suspected Cholera Case June 2023,0.9,"Source states first-ever suspected cholera case reported June 15 2023 in Somerset suburb of Francistown; health minister stated 'It is suspected that a probable case of cholera has been detected.' Per follow-up confirmation, National Health Laboratory confirmatory tests came out negative for cholera despite initial positive rapid diagnostic test. Zero confirmed cholera cases. Surveillance system operational with laboratory confirmation capacity. Evidence type: Documented_Absence confirmed by National Health Laboratory negative result. [AGENT 1 REVISION 2026-10-02] Official corroboration (Agent 1, 2026-10-02): Government of Botswana Daily News 19 Jun 2023 'Botswana's suspected Cholera case comes out negative' (metadata Index 39): 'Fortunately, the confirmatory test results came out negative' after samples went to the National Health Laboratory, the country reference laboratory. (reason: Agent 1: add official MoH confirmation) [AGENT 2 REVISION 2026-10-03] National total - includes provinces not individually listed (Agent 2, 2026-10-02: calendar-2023 district Documented_Absence rows for Kgatleng and Kgalagadi (Hukuntsi) overlap this window - the Botswana Public Health Institute told The Voice (30 Jan 2024, metadata Index 59) that the 2023 'false alarms' in Francistown, Hukuntsi and Kgatleng all tested negative; the Francistown alert is this row's case, so no separate Francistown row was added). (reason: Agent 2: national/sub-national overlap labelling for new 2023 district zero rows) [AGENT 2 REVISION 2026-10-03] Also overlapped by AI row 71 (AFR::BWA::Kweneng::Mogoditshane_Thamaga, 2023-06-01..2023-06-22: school diarrhoea cluster, >20 learners, all tested negative for cholera; Daily News 22 Jun 2023, metadata Index 60) - district rows are subsets of this national zero; do not sum. (reason: Agent 2: cross-reference to overlapping district zero row 71)",AI
9,AFR::BWA,2008-11-01,2009-01-22,0,6,,0.00,2009-01-23,9,OCHA Regional Update No 4 Cholera AWD Outbreaks Southern Africa 23 January 2009,0.85,"Source states: 'Between 1 November 2008 and 22 January 2009 a total of six cases of cholera have been reported, all emanating from Zimbabwe, in three regions (South-East, Francistown and Central). No deaths have been registered, and there is no evidence of local transmission.' - interpreted as 6 sCh cases, 0 deaths. Cumulative-to-date count since 1 Nov 2008 (Table 1 gives 6 cases, 0 deaths, CFR 0.00%, period 01 Nov 08 - 23 Jan 09; narrative ends 22 Jan). All cases imported from Zimbabwe. Earlier cumulative time point of the same 2008-09 importation episode as AI Idx1 (8 cases to 13 Feb 2009) and Idx2 (55 sCh to 18 Mar 2009) - do not sum. Conflict noted: WHO annual report (JHU baseline) gives 8 cases/1 death for calendar 2008, whereas OCHA reports 0 deaths to 22 Jan 2009. National total - includes districts not individually listed. [AGENT 5 REVISION 2026-10-03] SEMANTICS: CUMULATIVE-TO-DATE since 1 Nov 2008 (OCHA ROSA Table 1 stream; re-read: 'Between 1 November 2008 and 22 January 2009 a total of six cases of cholera have been reported ... No deaths have been registered'). STREAM CHECK (Agent 5): OCHA table series 2 (Nov 08, No.1) -> 8 (to 17 Dec, No.2 = WHO's 8 suspected) -> 5 (to 8 Jan, No.3, confirmed) -> 6 (this row) -> 8 (to 30 Jan, No.5, confirmed) -> 15 (to 3 Mar, No.6) -> 15 (to 24 May, No.10): monotonic from No.3 onward; the 8 -> 5 drop between No.2 and No.3 is a case-definition switch (suspected -> confirmed), not a data error. No.4 does not state that its six cases are confirmed, so it is NOT used for differencing (derived row 75 uses No.3 and No.5). The first death was reported 23-30 Jan 2009. (reason: Agent 5: semantics and monotonicity check)",AI
10,AFR::BWA,2008-11-01,2009-01-08,0,5,5,0.00,2009-01-09,10,OCHA Regional Update No 3 Cholera Outbreaks Southern Africa 9 January 2009,0.85,"Source states: 'WHO reports that as of 8 January 2009 five confirmed cases were reported in the country, all of whom had recently travelled to Zimbabwe.' - interpreted as 5 sCh cases, 5 cCh confirmed cases, 0 deaths. Cumulative-to-date since 1 Nov 2008 (Table 1: Botswana 5 cases, 0 deaths, 0.00%, 01 Nov 08 - 08 Jan 09). All cases imported (travel to Zimbabwe); confirmed cases, so sCh set equal to cCh. Earliest cumulative snapshot of the 2008-09 importation episode; later snapshots AI Idx9 (6 to 22 Jan), Idx1/OCHA No.5 (8), Idx2 (55 sCh/15 cCh) - do not sum. National total - includes provinces not individually listed. [AGENT 5 REVISION 2026-10-03] SEMANTICS: CUMULATIVE-TO-DATE since 1 Nov 2008 = also the FIRST PERIOD INCREMENT of the OCHA confirmed-case chain (episode start to 8 Jan 2009). Re-read (Agent 5): 'WHO reports that as of 8 January 2009 five confirmed cases were reported in the country' (Table 1: 5 cases, 0 deaths, 01 Nov 08 - 08 Jan 09). OCHA confirmed-case increment chain (non-overlapping; sums to the episode total 15 cases/2 deaths): this row (5/0) -> row 75, 9-30 Jan 2009 (3/1, derived No.5 minus No.3) -> row 12, 31 Jan-3 Mar 2009 (7/1, stated by No.6) -> row 13, 4 Mar-24 May 2009 (0). Non-monotonic vs OCHA No.2 (8 'cases' to 17 Dec = WHO's suspected count) - case-definition switch. Do not sum with cumulative rows or with the government suspected-case chain (rows 55, 76, 77). (reason: Agent 5: semantics; increment-chain anchor)",AI
11,AFR::BWA,2008-11-01,2009-01-30,1,8,8,12.50,2009-02-09,11,OCHA Regional Update No 5 Cholera AWD Outbreaks Southern Africa 9 February 2009,0.85,"Source states: 'This brings the total number of confirmed cholera cases to eight and one death since 01 November 2008 in the Central, Francistown, Gabarone and Southern Districts. All confirmed cases are adult Zimbabwean nationals.' - interpreted as 8 sCh cases, 8 cCh confirmed cases, 1 deaths. Cumulative-to-date since 1 Nov 2008; Table 1 gives Botswana 8 cases, 1 death, 01 Nov 08 - 30 Jan 09. Confirmed cases (sCh set equal to cCh). Adds the first death (Gaborone) and a dated count to the episode; AI Idx1 (UN News, 8 cases to 13 Feb 2009) is the same cumulative total reported later - do not sum. National total - includes provinces not individually listed (Southern District row for Kanye case is a subset). [AGENT 5 REVISION 2026-10-03] SEMANTICS: CUMULATIVE-TO-DATE since 1 Nov 2008 (re-read by Agent 5: Table 1 '8 1 12.1 01 Nov 08 -30 Jan 09'). DEATH IDENTITY: this first death ('one fatality was reported in the capital city of Gabarone', 23-30 Jan 2009; No.4 had no deaths to 22 Jan) is a man of Zimbabwean origin: Daily News 5 Feb 2009 (metadata 49): 'A 41-year-old man recently died at Tsolamosese Clinic in Mogoditshane after showing cholera symptoms'; Mmegi 2 Mar 2009: deaths 'at Princess Marina and Maun General hospitals ... a man and woman of Zimbabwean origin'; CSO HSR 2009: Gaborone 1 case/1 death (Table 3.10) and one male in-patient A00.1 death (Table 4.11); OCHA's 6 Mar and 3 Apr 2009 deaths insets place it in Kweneng (Mogoditshane). WHO-ANNUAL OVERLAP: WHO's 2008 annual figure (WER 84(31) Table 1, weeks 1-52 2008, metadata 71: Botswana 8 cases, 1 death = JHU baseline 2008 row) is exactly this snapshot, although the death occurred in late January 2009; WHO's 2009 figure (WER 85(31), metadata 72: 15 cases, 2 deaths = JHU 2009 row) is the whole-episode cumulative. The two annual values overlap: summing them (23 cases/3 deaths) double counts 8 cases and 1 death; the episode total is 15 confirmed / 55 suspected / 2 deaths. (reason: Agent 5: semantics; death identity; WHO-annual overlap finding)",AI
12,AFR::BWA,2009-01-31,2009-03-03,1,7,,14.29,2009-03-06,12,OCHA Regional Update No 6 Cholera AWD Outbreaks Southern Africa 6 March 2009,0.8,"Source states: 'Seven new cases and one death have been reported since 30 January 2009, bringing the total number to 15 cases and 2 deaths (CFR 13.3) for the period 15 November 2008 to 3 March 2009.' - interpreted as 7 sCh cases, 1 deaths. PERIOD (incremental) count, not cumulative: 7 new cases and 1 death between 31 Jan and 3 Mar 2009. OCHA's Botswana series counted confirmed cases (Updates No.3 and No.5 say 'confirmed'); cCh left blank because this sentence does not say so explicitly. Suspected-case series from other sources is larger (JHU: 40 sCh/15 cCh to 2 Mar; AI Idx2: 55 sCh/15 cCh to 18 Mar). Of the 15 cumulative cases, 12 infected in Zimbabwe; Tutume and Francistown districts had 8 of 15. National total - includes provinces not individually listed. [AGENT 5 REVISION 2026-10-03] SEMANTICS: PERIOD INCREMENT stated by the source (re-read by Agent 5: 'Seven new cases and one death have been reported since 30 January 2009, bringing the total number to 15 cases and 2 deaths (CFR 13.3) for the period 15 November 2008 to 3 March 2009'); third link of the OCHA confirmed-case chain (row 10 -> row 75 -> this row -> row 13). Same denominator: the death in this increment is the 28-year-old Zimbabwean woman admitted at Letsholathebe II Memorial (Maun General) Hospital on 28 Jan 2009, confirmed early Feb (not among No.5's 8 to 30 Jan, which list no Ngamiland case), 'recovering' on 9 Feb (row 57) and dead by ~2 Mar 2009 (Mmegi; OCHA 6 Mar and 3 Apr deaths insets: Ngamiland 1, row 37). CFR 14.3% on 7 cases is a small-number artefact. No.6 also: 'Of the 15 cases reported, 12 of these are reported to have contracted the infection from Zimbabwe ... The other three cases include two locals that live in Francistown, near the border to Zimbabwe and another case was a traveller from Zambia to South Africa' (Mmegi 2 Mar 2009 names the two locally acquired Batswana cases as residents of 'Jacklas No. 10' [Jackalas, near Francistown] and Palapye - location of the second local case unresolved). (reason: Agent 5: semantics; second-death identity)",AI
13,AFR::BWA,2009-03-04,2009-05-24,0,0,,0.0,2009-06-01,13,OCHA Regional Update No 10 Cholera AWD Outbreaks Southern Africa 1 June 2009,0.7,"Source confirms zero cholera transmission 2009-03-19..2009-05-24. Source states: 'No new cases of cholera have been reported in the country since 3 March 2009. Cumulatively, there were 15 cases and two deaths (CFR 13.3%) registered for the period 15 November 2008 to 28 March 2009.'. Evidence type: Documented_Absence. Surveillance system status during absence: operational. Table 1 of Update No.10 extends the Botswana period to 01/11/08 - 24/05/09 with the cumulative total unchanged at 15 cases, 2 deaths, i.e. zero new cases through 24 May 2009 (same statement in Updates No.8, 3 Apr 2009, and No.9, 17 Apr 2009). Update No.8: 'Monitoring and surveillance in all districts have been activated.' TL set to 19 Mar 2009, not 4 Mar, because AI Idx2 (ReliefWeb, 18 Mar 2009) reports suspected cases rising to 55 while confirmed stayed at 15; OCHA's series tracks confirmed cases, so zero is asserted only after the last suspected-case report. Confidence reduced to 0.75 for that suspected/confirmed ambiguity. [AGENT 1 REVISION 2026-10-02] National total - includes provinces not individually listed (Agent 1, 2026-10-02). CAVEAT added after finding Statistics Botswana Health Statistics 2009 (AI Idx26-32): the national notifiable-disease table reports 11 cholera notifications in calendar 2009 (5 in Ngamiland, a district never named in OCHA narratives) without dates, so some suspected notifications may fall inside this window; the zero rests on OCHA/MoH statements about confirmed cases. Confidence lowered 0.75 -> 0.7. (reason: Agent 1: national-total label and CSO 2009 conflict caveat) [AGENT 5 REVISION 2026-10-03] TL corrected 2009-03-19 -> 2009-03-04 (Agent 5). The original TL rested on the belief that suspected cases rose to 55 between 3 and 18 Mar 2009 (row 2); the 55 suspected/15 confirmed/2 deaths were already reported by ~2 Mar 2009 (Mmegi, row 52) and were unchanged when restated on Sat 14 Mar 2009 (row 2), so neither the confirmed nor the suspected stream records any case after 3 Mar 2009. OCHA Update No.10 (re-read): 'No new cases of cholera have been reported in the country since 3 March 2009' (also No.8, No.9). SEMANTICS: PERIOD INCREMENT = 0 (zero new cases), last link of the OCHA confirmed-case chain (rows 10, 75, 12, 13); adjacent to row 12 with no gap. CSO 2009 caveat (undated calendar-2009 notifications) retained; confidence unchanged. (reason: Agent 5: zero-window start corrected after suspected-case ambiguity resolved)",AI
14,AFR::BWA::Southern,2009-01-23,2009-01-30,,1,1,,2009-02-09,11,OCHA Regional Update No 5 Cholera AWD Outbreaks Southern Africa 9 February 2009,0.8,"Source states: 'As of 30 January 2009, one new case of cholera was reported in Kanye in the Southern District, and one fatality was reported in the capital city of Gabarone.' - interpreted as 1 sCh cases, 1 cCh confirmed cases. Single confirmed case in Kanye (Southern District) reported between OCHA Update No.4 (23 Jan) and 30 Jan 2009; imported (all confirmed cases adult Zimbabwean nationals). Provincial subset - do not sum with national row (AI Idx11, 8 cases to 30 Jan 2009, includes this case). The Gaborone fatality is recorded only in the national row. [AGENT 5 REVISION 2026-10-03] SEMANTICS: PERIOD INCREMENT (one new confirmed case in Kanye between OCHA No.4 (22 Jan) and 30 Jan 2009; re-read: 'As of 30 January 2009, one new case of cholera was reported in Kanye in the Southern District') and, being the district's first case, also its cumulative count to 30 Jan (No.5 map 'Southern Region 1; 0'). Southern stayed at 1 to 3 Mar (row 40) and 24 May 2009. CSO HSR 2009 Table 3.10 shows Southern 0 (calendar 2009, by notifying health district) - CSO district attribution is incomplete for this episode (see rows 26, 27). (reason: Agent 5: semantics)",AI
15,AFR::BWA,1970-01-01,1996-12-31,0,0,,0.0,1997-08-01,14,WHO Weekly Epidemiological Record 1997 72(31) Cholera in 1996,0.9,"Source confirms zero cholera transmission 1970-01-01..1996-12-31. Source states: 'In the southern part of Africa, Botswana has never experienced any cholera outbreaks.'. Evidence type: Documented_Absence. Surveillance system status during absence: unknown. WHO global cholera review for 1996 (WER 1 Aug 1997). The statement is retrospective ('never') and covers the whole seventh-pandemic period up to 1996; the row is bounded at the MOSAIC series start (1970-01-01) and the end of the year reviewed (1996-12-31). The statement concerns outbreaks; sporadic unnotified imported cases cannot be excluded, but Botswana does not appear as a reporting country (cases or imported cases) in any WER annual cholera review 1969-2004 checked by Agent 1 (1976 issue not located), consistent with zero notified cases. Surveillance status for 1970-1996 is not described by the source (set to unknown). One multi-year row per pipeline convention for multi-year absence. [AGENT 3 REVISION 2026-10-03] Corroboration and surveillance-status evidence (Agent 3, metadata 64): (a) the 1976 annual review missing from Agent 1's 1969-2004 sweep was located - WER 52(19) 1977, Table 1 'Cases of Cholera Notified to WHO, 1976' lists 11 African countries and Botswana is not among them ('In 1976 cholera was quiescent'), so no WER review 1969-2004 now lacks a check; (b) WER 52(50), 16 Dec 1977, Annex 1 'States Reporting on the Functioning of the International Health Regulations (1969) for the Period 1 January - 31 December 1976' lists Botswana: the national health administration was submitting IHR reports (cholera being a notifiable disease under the IHR) in 1976, i.e. some international reporting capacity existed (surveillance at least partial that year). No contradicting record (imported case, notification) found. (reason: Agent 3: close 1976 WER gap; IHR reporting-status evidence for 1970-1996 row) [AGENT 3 REVISION 2026-10-03] Surveillance-status evidence 1976-1985 (Agent 3, metadata 66): WHO's annual reports on the functioning of the IHR (1969), published in the WER, list Botswana among 'States Reporting on the Functioning of the International Health Regulations' for 1976, 1977, 1978 and 1981 (not 1979, 1980, 1984), and list among national epidemiological reports received by WHO 'Botswana: Monthly Epidemiological Bulletin (monthly)' in the 1979 and 1982-1985 reports, plus from 1982 an 'Epidemiological Surveillance of Communicable Diseases Report (yearly)'. A national notifiable-disease surveillance and publication system therefore operated through at least 1976-1985 (consistent with the MoH 'no quarantinable diseases (i.e. cholera, plague, yellow fever)' notes for 1982-1984 and 1986, rows 47-50), while Botswana is absent from every WHO annual cholera notification table 1969-2004. For 1976-1985 the surveillance status is better described as partial-to-operational than 'unknown'; 1970-1975 and 1987-1996 remain without direct status evidence. (reason: Agent 3: IHR reporting and national epidemiological bulletin evidence for 1970-1996 surveillance status) [AGENT 4 REVISION 2026-10-03] Corroboration and contradiction check (Agent 4, metadata 68, 69, 67): (a) WER 66(42), 18 Oct 1991, 'Cholera in Africa' (IRIS 10665/228168) - an earlier, independent WHO statement covering 1970 to Sep 1991, worded on CASES rather than outbreaks: 'Since 1970, only 8 of the 52 countries in Africa have never reported autochthonous cases of cholera to WHO (Botswana, the Central African Republic, Egypt, Lesotho, Madagascar, Mauritius, Namibia and the Seychelles). One of these countries has nevertheless notified imported cases'. The imported-case country is Madagascar, not Botswana: WER 47(30) 1972 'Cholera in 1971' (IRIS 10665/218990): 'Imported cases were reported from Berlin (West), France, Hebron District, Madagascar, Sweden and the United Kingdom'. (b) WER 72(13), 28 Mar 1997, 'Cholera in Africa' (IRIS 10665/230085) carries the same 'Botswana has never experienced any cholera outbreaks' sentence as this row's source (same WHO review cycle, not independent). (c) Contemporaneous national statement for 1978: Botswana Daily News 1 Jun 1978 (JPRS World Epidemiology Review No. 96): 'There has never been any outbreak of cholera in Botswana ... there is no threat of a cholera outbreak in the country' (MoH spokesman) - year-specific row 74 (1978-01-01..1978-06-01). (d) Context, not cases: WHO 1970 emergency cholera supply table (WHA24/A-11, 1971, 'Situation of the cholera pandemic', IRIS 10665/145164; EB47/WP/8) lists Botswana among countries receiving cholera vaccine/rehydration fluid/diagnostic sera in 1970 - preparedness during the West African/East African spread, with no Botswana case notified. No contradicting record found. (reason: Agent 4: WER 1991 cases-worded WHO statement 1970-1991; imported-case caveat resolved (Madagascar); 1978 MoH statement) [AGENT 4 REVISION 2026-10-03] Precision on item (d) above: WHA24/A-11 Annex 1 is titled 'CHOLERA VACCINE, REHYDRATION FLUID AND OTHER SUPPLIES PROVIDED TO COUNTRIES DURING EMERGENCY SITUATION, 1970' (columns: vaccine, rehydration fluid, tetracycline, TCBS media, diagnostic sera); Botswana is listed, but which items and quantities it received are not legible in the OCR text layer. (reason: Agent 4: precision correction to own note (supply items not legible)) [AGENT 4 REVISION 2026-10-03] Surveillance-status evidence 1971-1973 and WHO-corpus contradiction sweep 1970-1979 (Agent 4): all 365 WHO IRIS items 1970-1979 whose full text contains both 'Botswana' and 'cholera' were downloaded and every Botswana mention within 300 characters of 'cholera' was read (47 passages). Botswana appears in the WER weekly 'Diseases subject to the Regulations' notification tables and 'Infected areas' lists of 1971-1973 ONLY under SMALLPOX - VARIOLE (district-level weekly notifications, e.g. WER 47(14) 1972 'Notifications received from 30 March to 6 April 1972': 'SMALLPOX VARIOLE Africa - Afrique BOTSWANA'; Kweneng, Central, Ngamiland, Ngwaketse, North-East, South-East districts), never under CHOLERA; the WHO Director-General's report for 1971 (IRIS 10665/90030) describes 'un systeme tres actif de surveillance epidemiologique de la variole' in Botswana. So in 1971-1973 Botswana was actively notifying a quarantinable disease to WHO under the IHR, week by week and by district, while notifying no cholera - surveillance at least partial/operational for international notification in 1971-1973 (previously 'unknown' for 1970-1975). Other Botswana-cholera co-mentions are context only: a WHO country project 'Botswana 4001 Development of basic health services' funded in part from the Special Account for the Cholera Programme (1971, emphasis on epidemiological surveillance), cholera-programme contribution tables, and Malawi's 1971 cholera-certificate rule exempting arrivals from Botswana (WER 46(34)). No cholera case or notification for Botswana in any 1970s WHO document. (reason: Agent 4: 1970s WHO full-text contradiction sweep; IHR smallpox notifications show functioning notification 1971-73) [AGENT 4 REVISION 2026-10-03] WHO-corpus contradiction sweep 1980-1999 and surveillance status 1987-1996 (Agent 4): all WHO IRIS items 1980-1989 (188) and 1990-1999 (249) whose full text contains both 'Botswana' and 'cholera' were downloaded and every Botswana mention within 300 characters of 'cholera' was read. No Botswana cholera notification, imported case or outbreak appears anywhere. Botswana's appearances in the WER notification tables of the period are for PLAGUE: WER 65(22) 1990, 'Diseases subject to the Regulations: Notifications received from 25 to 31 May 1990' lists 'PLAGUE - PESTE Africa ... BOTSWANA ... Boteti District ... 163 [cases] 12 [deaths]', and WER 65(40) 1990 (based on 'A report from the Ministry of Health') notes 'These are the first cases of plague to be reported from Botswana since 1951'. So in 1989-1990 the Ministry of Health was notifying a disease subject to the IHR (plague, like cholera) to WHO by district - IHR notification functioning in 1989-90 (previously no status evidence for 1987-1996). WHO EB95 summary record (Jan 1995, IRIS 10665/172509) reports 'Malaria epidemics in Botswana ... had occurred during the year' (1994), again with no cholera; WHO EHA 1993 lists Botswana only in the southern-Africa drought emergency. Other co-mentions: WHO 'assistance to Front-Line States' 1984/1985 Botswana paragraphs (drugs, drought, malnutrition survey; anticholera aid listed for Lesotho and Angola only), WER items 1982-1986 based on the quarterly 'Botswana Epidemiological Bulletin' (rabies, tuberculosis, EPI, measles - national bulletin functioning). Cumulative WHO-corpus sweep 1970-1999 (802 items): no contradicting record. (reason: Agent 4: 1980s-1990s WHO full-text sweep; plague notifications 1989-90 show IHR notification functioning) [AGENT 4 REVISION 2026-10-03] Agent 4 consolidated contradiction sweep beyond WHO (2026-10-03): (1) US JPRS epidemiology series 1977-1995 (World Epidemiology Review, Worldwide Report: Epidemiology, JPRS Report: Epidemiology; 199 issues read), which reprinted Botswana Daily News / Radio Botswana health items: Botswana items concern measles, rabies, TB, malaria, schistosomiasis, plague (1989-90) and FMD; the only cholera item is the MoH statement of 1 Jun 1978 ('There has never been any outbreak of cholera in Botswana', row 74). (2) JPRS Sub-Saharan Africa Reports 1973-1987 and FBIS Daily Report: Sub-Saharan Africa 1991-1997 (133 issues): no Botswana cholera item. (3) Africa Research Bulletin annual indexes 1970-75, 1978-80, 1985-86, 1989-96, 2000: no Botswana cholera entry. (4) WHO Sixth Report on the World Health Situation (1980), Botswana review 1973-1977: main health problems tuberculosis, respiratory diseases, enteritis, measles, malaria; last smallpox case Oct 1973; Medical Statistics Unit = 1 statistical officer + 11 assistants; cholera not mentioned. (5) CSO Health Statistics 1986, s.3.5: 'The notifiable diseases surveillance system developed in 1980 ... Fourteen such Diseases are reported on a weekly basis' (national weekly notifiable-disease system from 1980). (6) Pre-series baseline: Bechuanaland Protectorate annual reports 1962 and 1963 (HMSO, Wellcome MOH collection): 'Cholera and Yellow Fever: In neither year were [cases recorded]'. No record of cholera in Botswana before Nov 2008 was found in any source; contradiction hunt negative. (reason: Agent 4: consolidated press/regional/WHO-situation sweep 1962-2007 - no contradicting record) [AGENT 4 REVISION 2026-10-03] Precision on item (6) above: the quoted words 'Cholera and Yellow Fever: In neither year were' are from the 1962 report (Internet Archive b31415969); the 1963 report (b31415970) reads 'Cholera and Yellow Fever These diseases were not ...'. Only full-text-search snippets were available (bracketed words are paraphrase, not quotation); pre-1970 context only. (reason: Agent 4: precision correction to own note (Bechuanaland report wording)) [AGENT 6 REVISION 2026-10-03] Agent 6 gap classification (2026-10-03): DOCUMENTED_ABSENCE kept (0.9). Health-system evidence by sub-period: 1970-1975 PARTIAL (weekly IHR smallpox notifications by district 1971-73; measles reported to WHO from 1974 - WHO GHO WHS3_62, metadata 77: 5 625 cases 1974, 8 832 in 1975); 1976-1996 OPERATIONAL (IHR functioning reports 1976-78/1981, national monthly epidemiological bulletin 1979-85, weekly notifiable-disease system from 1980, plague notifications 1989-90, and measles reported to WHO in EVERY year 1974-1996 incl. low years such as 126 in 1987). A country that notified smallpox, plague and measles to WHO throughout but never cholera was looking and finding nothing, so the WHO retrospective statements (WER 66(42) 1991; WER 72(13)/72(31) 1997) are read as documented absence. Regional context: absence during repeated neighbour epidemics - South Africa 1973-74 and 1980-87 (859-11 968 cases/yr), Zimbabwe 1973-76 and 1992-93, Zambia 1978-83 and 1990-93 (up to 13 154/yr) (WHO GHO); retrospective histories agree (Echenberg 2011: Botswana among countries that 'have never reported more than a handful of imported' cases; 'Global health in Africa' 2013 lists Botswana among countries that 'have been cholera-free', with 0 years of reported cholera). (reason: Agent 6: per-period health-system and regional classification for 1970-1996)",AI
16,AFR::BWA,2026-06-20,2026-08-30,0,0,,0.0,2026-10-02,16,WHO Weekly Epidemiological Record 2026 101(39) Multi-country outbreak of cholera data as of 30 August 2026,0.8,"Source confirms zero cholera transmission 2026-06-20..2026-08-30. Source states: 'From 1 January to 30 August 2026, a total of 154 064 cholera cases were reported across 19 countries in the African Region.'. Evidence type: Inferred_Absence. Surveillance system status during absence: operational. Botswana is not among the 19 African Region countries in Table 1 (as of 30 August 2026: Angola, Burundi, Cameroon, Central African Republic, Chad, Congo, DRC, Ethiopia, Kenya, Malawi, Mozambique, Namibia, Nigeria, Rwanda, South Africa, South Sudan, Tanzania, Zambia, Zimbabwe), although neighbours Namibia (213), Zambia (1059), Zimbabwe (36) and South Africa (2) are. WHO footnote: 'Missing data in this report do not imply the absence of cholera or AWD cases or deaths in the respective country' - hence Inferred_Absence, and confidence forced to 0.8 (below the Level 1 band) because the zero is inferred from non-listing. Surveillance marked operational because Botswana submitted WHO zero reports for 2023, 2024 and 2025 (WER 101(38) Table 5: a zero report 'indicates that no cases were detected by a surveillance system that was in operation'). Continues AI Idx8 (2026-01-01..2026-06-19) without overlap.",AI
17,AFR::BWA,2022-01-01,2022-12-31,0,0,,0.0,2025-08-27,17,Botswana Daily News Ministry refutes cholera outbreak claims 27 August 2025,0.85,"Source confirms zero cholera transmission 2022-01-01..2022-12-31. Source states: 'He said the last time the country recorded a few cases of cholera was more than 15 years ago and were imported cases'. Evidence type: Documented_Absence. Surveillance system status during absence: operational. MoH spokesperson statement (27 Aug 2025) that Botswana's last recorded cholera cases were a few imported cases more than 15 years earlier (i.e. before Aug 2010, the 2008-09 importation episode); the whole of 2022 falls inside the cholera-free window. Same article: 'there was not a single cholera case in Botswana' and border surveillance 'kept it cholera-free for many years'. Surveillance operational: Botswana submitted WHO zero reports for 2019, 2020, 2023, 2024 and 2025 (JHU baseline; WER 99(36) Table 2; WER 101(38) Table 5). Botswana did not submit 2022 data to WHO (absent from WER 98(38) Table 2 zero-reporters, case table and GTFCC non-reporting list), so this retrospective national statement is the evidence for 2022. Regional context: 2022 Malawi/Mozambique epidemic did not reach Botswana per this statement. [AGENT 1 REVISION 2026-10-02] Contemporaneous corroboration (Agent 1, 2026-10-02): Daily News 6 Sep 2022 (metadata Index 41) - Ministry of Health health promotion officer at a MoH strategic-plan workshop in Kasane: 'while such diseases as Cholera and Ebola were not found in Botswana, the country's neighbours had the highly contagious ailments.' Two independent MoH statements (Sep 2022 contemporaneous; Aug 2025 retrospective) -> confidence 0.8 -> 0.85. (reason: Agent 1: contemporaneous 2022 MoH statement)",AI
18,AFR::BWA,2010-01-01,2010-12-31,0,0,,0.0,2025-08-27,17,Botswana Daily News Ministry refutes cholera outbreak claims 27 August 2025,0.8,"Source confirms zero cholera transmission 2010-01-01..2010-12-31. Source states: 'He said the last time the country recorded a few cases of cholera was more than 15 years ago and were imported cases'. Evidence type: Inferred_Absence. Surveillance system status during absence: operational. Inferred rather than documented for 2010: 'more than 15 years ago' (from 27 Aug 2025) strictly excludes recorded cases only from about Aug 2010 onward. The 'few ... imported cases' matches the 2008-09 importation episode (OCHA: 15 cases, no new cases after 3 Mar 2009 through 24 May 2009). Supporting: Botswana is not listed among countries reporting cholera in WHO 'Cholera, 2010' (WER 2011, 86(31), Table 1; checked by Agent 1), and WHO GHO holds no 2010 BWA record. Absence of WHO listing alone is not evidence of zero, hence Inferred_Absence at 0.75. [AGENT 3 REVISION 2026-10-03] Corroboration (Agent 3): UNICEF ESARO regional cholera bulletin, 6 Apr 2018 (metadata 62), Annex 3: 'The two countries in Eastern and Southern Africa with >70% access to basic water services and >55% access to basic sanitation (Botswana and South Africa) reported 0 and 1 cases of cholera over the 2010-2016 period, respectively.' The annex cites the WHO Global Health Observatory, which holds no Botswana record for 2010, so this is a statement of zero REPORTED cases derived from absence of reports, not an explicit national zero - label stays Inferred_Absence, confidence unchanged at 0.75. Regional context 2010: Zimbabwe, Zambia and Namibia reported cholera in 2010 (WER 86(31)); Botswana absent. (reason: Agent 3: UNICEF 2010-2016 zero-reported-cases corroboration) [AGENT 3 REVISION 2026-10-03] CORRECTION to the regional-context sentence just above (Agent 3, verified against WER 86(31) 29 Jul 2011, Table 1 'No. of cholera cases and deaths reported to WHO ... 2010'): neighbours reporting in 2010 were Zambia (6 794 cases, 62 deaths) and Zimbabwe (951 cases, 21 deaths); Namibia is NOT listed, and 'No cases were reported from the Republic of South Africa'. 2010 was a regional year of declining transmission (southern Africa 16 330 cases vs 2009), with two land neighbours in epidemic. (reason: Agent 3: correct unverified regional claim (Namibia 2010) after reading WER 86(31)) [AGENT 3 REVISION 2026-10-03] Contemporaneous WHO evidence (Agent 3, metadata 65): WHO AFRO biennial report 2010-2011 (AFR/RC62/2), para 43: 'During the biennium, a total of 207 996 cholera cases and 6070 deaths were reported from 26 countries (Figure 5)' - footnote 15 lists the 26 and Botswana is not among them (Zambia, Zimbabwe are); Figure 5 'Geographical distribution of cholera cases in WHO African Region, 2010-2011' (Source: IDSR weekly reports from Member States) shows no case marker for Botswana. Footnote 14 lists Botswana among the 38 Member States that 'reported 201 acute public health events to WHO' in 2010-2011, so national event reporting was functioning. Still absence from a list (no explicit national zero) -> stays Inferred_Absence; confidence 0.75 -> 0.8, the level used for the equivalent WHO AFRO 'Not affected' evidence for 2007 (row 60), now with a contemporaneous WHO source alongside the 2025 MoH retrospective statement. (reason: Agent 3: contemporaneous WHO AFRO 2010-2011 evidence for the 2010 inferred zero) [AGENT 6 REVISION 2026-10-03] Agent 6 gap classification (2026-10-03): INFERRED_ABSENCE kept (0.8). Health system operational in 2010 - and demonstrably able to detect and report outbreaks: Botswana reported a measles epidemic of 853 cases to WHO for 2010 (WHO GHO WHS3_62, metadata 77; 184 in 2009, 8 in 2011). The 2010 cholera silence is therefore not a notification failure; the absence of any cholera return to WHO (GHO and WER empty) is the same cholera-specific reporting pattern seen 1997-2007. Regional: Zambia 6 794 and Zimbabwe 951 cases in 2010 (GHO). Note the MoH 2025 'more than 15 years ago' statement only cleanly covers Aug 2010 onward (rows 82-85 carry 2011-2021). (reason: Agent 6: health-system classification for 2010)",AI
19,AFR::BWA,2026-01-01,2026-06-19,0,0,,0.0,2026-10-02,16,WHO Weekly Epidemiological Record 2026 101(39) Multi-country outbreak of cholera data as of 30 August 2026,0.8,"Source confirms zero cholera transmission 2026-01-01..2026-06-19. Source states: 'From 1 January to 30 August 2026, a total of 154 064 cholera cases were reported across 19 countries in the African Region.'. Evidence type: Inferred_Absence. Surveillance system status during absence: operational. Replacement for retracted AI row (former Index 8, which cited epi update #33 whose data end 28 Dec 2025). Botswana is not among the 19 African Region countries listed in WER 101(39) Table 1 for 1 Jan-30 Aug 2026, nor in epi update #38 (data to 31 May 2026; Agent 1 grep). WHO footnote: missing data do not imply absence -> Inferred_Absence, confidence forced to 0.8. Surveillance operational (WHO zero reports 2023-2025). Adjacent row for 2026-06-20..2026-08-30 cites the same source. [AGENT 6 REVISION 2026-10-03] Agent 6 corroboration (2026-10-03): OCHA ROSEA 'Southern Africa: Humanitarian Snapshot (as of July 2026)' (ReliefWeb, 14 Jul 2026; Botswana is one of the 13 countries covered) - second quarter 2026: 'Cholera affected several countries, with more than 17,000 cases and over 200 deaths reported across Angola, Malawi, Mozambique, Namibia, Tanzania and Zambia' - Botswana not listed. Regional (inferred) corroboration for Apr-Jun 2026; no national positive statement for 2026 exists online (WHO Botswana Q1/Q2 2026 newsletters, MoH Daily News 2026 and Hansards are silent on cholera). Label and confidence unchanged. (reason: Agent 6: OCHA ROSEA Q2 2026 regional corroboration)",AI
20,AFR::BWA,2026-08-31,2026-09-20,0,0,,0.0,2026-09-20,18,Africa CDC Epidemic Intelligence Report issue 20 September 2026 Cholera in Africa,0.75,"Source confirms zero cholera transmission 2026-08-31..2026-09-20. Source states: 'Since the beginning of 2026, a total of 122,367 cases (1,230 confirmed; 121,137 suspected) and 1,894 deaths (CFR: 1.58%) of cholera have been reported from 20 AU MS'. Evidence type: Inferred_Absence. Surveillance system status during absence: operational. The 20 AU Member States listed are Angola, Burundi, Cameroon, Chad, CAR, Congo, DRC, Ethiopia, Kenya, Malawi, Mozambique, Namibia, Nigeria, Rwanda, Somalia, South Sudan, Sudan, Tanzania, Zambia and Zimbabwe - Botswana is not among them, although all four land neighbours except South Africa are; 'Since the last update (13 September, 2026) ... reported from five AU MS: Angola, Burundi, Mozambique, Rwanda and Zambia.' Data through epidemiological week 38 (14-20 Sep 2026). Absence inferred from non-listing in a continental tally (image-only PDF; quote transcribed from rendered page) -> Inferred_Absence at 0.75. Surveillance operational (WHO zero reports 2023-2025). Continues AI row Index 16 (WER 101(39), to 2026-08-30) without overlap. [AGENT 3 REVISION 2026-10-03] Agent 3 tail check (2026-10-03): no publication covering dates after 20 Sep 2026 was available - Africa CDC newest issue still 20 Sep (files posted 24/28 Sep are the 13/20 Sep issues), WHO AFRO weekly bulletin newest = week 36, ECDC CDTR week 40 African data only to 13 Sep, WER newest 101(39) (data to 30 Aug). No positive 2026 national statement found (Daily News per Agents 1-2, MoH site, Parliament Hansards 2022-2026 - 237 files, WHO AFRO Botswana news). Surveillance functioning in 2025-26 is evidenced by WHO AFRO country news (2025 malaria outbreak response, cVDPV2 risk assessment, Bundibugyo readiness 2026). REGIONAL CONTEXT: Zambia 304 cases/62 confirmed/11 deaths in 7 districts of 5 provinces incl. Southern as of 29 Sep 2026 (IFRC GO); South Africa outbreak alert 24 Jul 2026 (NICD); Namibia (Kunene) and Zimbabwe reported earlier in 2026. The 2026-09-21..2026-10-03 tail is left open (reporting lag, not a zero). (reason: Agent 3: recent-tail check and 2026 regional context)",AI
21,AFR::BWA,1997-01-01,1997-12-31,0,0,,0.0,1999-04-01,19,Botswana Central Statistics Office Health Statistics Report 1997,0.9,"Source confirms zero cholera transmission 1997-01-01..1997-12-31. Source states: 'There were no reported cases for quarantiable diseases during the year. i.e. cholera, yellow fever, plague and other notifiable diseases such as neonatal tetanus and diphtheria.'. Evidence type: Documented_Absence. Surveillance system status during absence: operational. Footnote to Table 3.10 'Notifiable diseases by type and district - 1997' (CSO Health Statistics Report 1997, PDF p.46; 'quarantiable' is the source's spelling). National notifiable-disease system operating: Total Reports Expected 25,740, Received 23,775 (92.4% completeness, district range ~90-100%). Government statistics (Level 1). Report published April 1999 (reporting_date set to 1999-04-01).",AI
22,AFR::BWA,1998-01-01,1998-12-31,0,0,,0.0,2000-08-01,20,Botswana Central Statistics Office Health Statistics Report 1998,0.9,"Source confirms zero cholera transmission 1998-01-01..1998-12-31. Source states: 'There were no reported cases for quarantiable diseases during the year i.e. Cholera, Yellow Fever, Plague and other notifiable diseases such as Neonatal Tetanus and Diptheria'. Evidence type: Documented_Absence. Surveillance system status during absence: operational. Footnote to Table 3.10 'Notifiable diseases by type and district - 1998' (CSO Health Statistics Report 1998, PDF p.47; spelling as in source). Notifiable-disease reporting completeness: All Districts Expected 27,040, Received 25,769 (95.3%). Government statistics (Level 1). Report published August 2000.",AI
23,AFR::BWA,1999-01-01,1999-12-31,0,0,,0.0,2002-01-01,21,Botswana Central Statistics Office Health Statistics Report 1999,0.9,"Source confirms zero cholera transmission 1999-01-01..1999-12-31. Source states: 'There were no reported cases for quarantiable diseases during the year i.e. Cholera, Yellow Fever, Plague and other notifiable diseases such as Neonatal Tetanus and Diptheria.'. Evidence type: Documented_Absence. Surveillance system status during absence: operational. Footnote to Table 3.10 'Notifiable diseases by type and district - 1999' (CSO Health Statistics Report 1999, PDF p.45; spelling as in source). Reporting completeness: All Districts Expected 26,876, Received 26,081 (97%). 1999 was a regional epidemic year (Mozambique, Malawi, Zambia, Zimbabwe per WER 75(31)); Botswana notified none. Government statistics (Level 1). Report published January 2002.",AI
24,AFR::BWA,2000-01-01,2000-12-31,0,0,,0.0,2003-05-01,22,Botswana Central Statistics Office Health Statistics Report 2000,0.9,"Source confirms zero cholera transmission 2000-01-01..2000-12-31. Source states: 'There were no reported cases for quarantiable diseases during the year i.e. cholera, Yellow Fever, Polio and other notifiable diseases such as Neonatal Tetanus and Diptheria.'. Evidence type: Documented_Absence. Surveillance system status during absence: operational. Footnote to Table 3.10 'Notifiable diseases by type and district - 2000' (CSO Health Statistics 2000, PDF p.45; spelling as in source). Reporting completeness: All districts Expected 28,756, Received 27,921 (97.1%). 2000 included the large KwaZulu-Natal (South Africa) epidemic from Aug 2000 (WHO DON); Botswana notified none. Government statistics (Level 1). Report published May 2003.",AI
25,AFR::BWA,2001-01-01,2001-12-31,0,0,,0.0,2004-01-01,23,Botswana Central Statistics Office Health Statistics Report 2001,0.9,"Source confirms zero cholera transmission 2001-01-01..2001-12-31. Source states: 'There were no reported quarantiable diseases during the year i.e. cholera, Yellow Fever, Polio and other notifiable diseases such as Neonatal Tetanus and Diphtheria.'. Evidence type: Documented_Absence. Surveillance system status during absence: operational. Footnote to Table 3.10 'Notifiable diseases by type and district - 2001' (CSO Health Statistics 2001, PDF p.54; spelling as in source). Reporting completeness: TOTAL Expected 30,472, Received 29,577 (97.1%). 2001 overlapped the South African (KwaZulu-Natal) epidemic of 2000-01; Botswana notified none. Government statistics (Level 1). Report published January 2004.",AI
26,AFR::BWA,2009-01-01,2009-12-31,1,11,,9.09,2012-12-01,24,Statistics Botswana Health Statistics Report 2009,0.75,"Source states: 'Table 3.10 Notifiable disease by type and Health District-2009' - interpreted as 11 sCh cases, 1 deaths. Cholera column, Total row: 11 cases (C), 1 death (D) for calendar 2009 from the national notifiable-disease system (health-district returns). National total - includes provinces not individually listed (district rows from the same table: Ngamiland 5, North East 1, Serowe/Palapye 1, Gaborone 1 with 1 death, Francistown 2, South-East 1). CONFLICT: WHO annual report (JHU baseline) gives 15 cases, 2 deaths for 2009 and OCHA gives 15 cases/2 deaths cumulative 15 Nov 2008-3 Mar 2009; WHO figures appear to count the whole Nov 2008-Mar 2009 importation episode, whereas this table counts notifications dated in 2009. Both values recorded; confidence lowered to 0.85 (forced below Level 1 band) for the discrepancy. Case definition not stated (notifiable-disease returns; likely clinical/suspected). Table 4.11 records 1 in-patient cholera death (A00.1 V. cholerae O1 El Tor) in 2009. [AGENT 5 REVISION 2026-10-03] SEMANTICS: CALENDAR-YEAR PERIOD COUNT (notifiable-disease returns dated in 2009), not cumulative since Nov 2008 (re-read by Agent 5: Table 3.10 p.107 Total 'Cholera 11 1'; Table 4.11 A00.1 1 male in-patient death). RECONCILIATION: (i) cases - the episode's confirmed series was 3 by 17 Dec 2008 and 5 by 8 Jan 2009, 15 by 3 Mar 2009, so ~10-12 confirmed cases fell in 2009, consistent with these 11 notifications, whereas WHO's 2009 annual (WER 85(31), metadata 72: 15 cases/2 deaths = JHU 2009 row) is the whole-episode cumulative including the Nov-Dec 2008 cases; (ii) deaths - BOTH episode deaths occurred in 2009 (late Jan: man from Mogoditshane registered at Princess Marina; Feb: woman at Maun General - OCHA 6 Mar/3 Apr deaths insets Kweneng 1, Ngamiland 1; Mmegi 2 Mar 2009), but this table records 1 (Gaborone) and Table 4.11 one male, so the CSO tables omit the Maun death. Both values recorded: CSO 11 cases/1 death (calendar 2009) vs WHO 15/2 (episode). Confidence 0.85 -> 0.75 for the death undercount. (reason: Agent 5: semantics; CSO vs WHO deaths conflict)",AI
27,AFR::BWA::North_West::Ngamiland,2009-01-01,2009-12-31,0,5,,0.00,2012-12-01,24,Statistics Botswana Health Statistics Report 2009,0.7,"Source states: 'Table 3.10 Notifiable disease by type and Health District-2009' - interpreted as 5 sCh cases, 0 deaths. Cholera column for this health district in Table 3.10 (2009): 5 case(s), 0 death(s). Provincial subset - do not sum with national row (national total for 2009 in the same table: 11 cases, 1 death). Health-district attribution in the CSO table differs from OCHA 2009 narratives (which name Tutume, Francistown, Central, Gaborone, Southern/Kanye); timing within 2009 not given. Confidence 0.85 (forced) consistent with national row. [AGENT 5 REVISION 2026-10-03] SEMANTICS: CALENDAR-YEAR PERIOD COUNT (notifiable-disease returns dated in 2009, by notifying health district), not cumulative since Nov 2008; excludes the Nov-Dec 2008 cases (e.g. Tutume's Dec 2008 cases are why the same table shows Tutume 0 - not a conflict). Do not sum with the OCHA cumulative district rows (different period, geographic unit and case definition). CONFLICT (Agent 5): deaths 0 here vs 1 Ngamiland cholera death on OCHA's cumulative-deaths insets of 6 Mar and 3 Apr 2009 (metadata 12, 31; row 37) and Mmegi 2 Mar 2009 (death 'at ... Maun General', a woman of Zimbabwean origin) - the Maun patient (row 57) died after 9 Feb 2009. The CSO table also undercounts national 2009 deaths (1 vs 2), so its Ngamiland death value is treated as incomplete. Cases 5 (CSO notifications) vs 1 (OCHA laboratory-confirmed, row 37; BOPA: 'a single case', row 57) - different case definitions; both recorded, not reconcilable from the sources. Confidence 0.85 -> 0.7. (reason: Agent 5: CSO vs OCHA Ngamiland conflict)",AI
28,AFR::BWA::North_East,2009-01-01,2009-12-31,0,1,,0.00,2012-12-01,24,Statistics Botswana Health Statistics Report 2009,0.85,"Source states: 'Table 3.10 Notifiable disease by type and Health District-2009' - interpreted as 1 sCh cases, 0 deaths. Cholera column for this health district in Table 3.10 (2009): 1 case(s), 0 death(s). Provincial subset - do not sum with national row (national total for 2009 in the same table: 11 cases, 1 death). Health-district attribution in the CSO table differs from OCHA 2009 narratives (which name Tutume, Francistown, Central, Gaborone, Southern/Kanye); timing within 2009 not given. Confidence 0.85 (forced) consistent with national row. [AGENT 5 REVISION 2026-10-03] SEMANTICS: CALENDAR-YEAR PERIOD COUNT (notifiable-disease returns dated in 2009, by notifying health district), not cumulative since Nov 2008; excludes the Nov-Dec 2008 cases (e.g. Tutume's Dec 2008 cases are why the same table shows Tutume 0 - not a conflict). Do not sum with the OCHA cumulative district rows (different period, geographic unit and case definition). Possibly the locally acquired case 'residing at Jacklas No. 10' [Jackalas, near Francistown, North East District] named by the Director of Public Health (Mmegi 2 Mar 2009) - not confirmable. (reason: Agent 5: semantics)",AI
29,AFR::BWA::Central::Serowe_Palapye,2009-01-01,2009-12-31,0,1,,0.00,2012-12-01,24,Statistics Botswana Health Statistics Report 2009,0.85,"Source states: 'Table 3.10 Notifiable disease by type and Health District-2009' - interpreted as 1 sCh cases, 0 deaths. Cholera column for this health district in Table 3.10 (2009): 1 case(s), 0 death(s). Provincial subset - do not sum with national row (national total for 2009 in the same table: 11 cases, 1 death). Health-district attribution in the CSO table differs from OCHA 2009 narratives (which name Tutume, Francistown, Central, Gaborone, Southern/Kanye); timing within 2009 not given. Confidence 0.85 (forced) consistent with national row. [AGENT 5 REVISION 2026-10-03] SEMANTICS: CALENDAR-YEAR PERIOD COUNT (notifiable-disease returns dated in 2009, by notifying health district), not cumulative since Nov 2008; excludes the Nov-Dec 2008 cases (e.g. Tutume's Dec 2008 cases are why the same table shows Tutume 0 - not a conflict). Do not sum with the OCHA cumulative district rows (different period, geographic unit and case definition). Probably the 2009 locally acquired confirmed case 'from Palapye' (Mmegi 2 Mar 2009: 'The second Motswana is from Palapye and has also reported never being out of the country recently'); the Nov 2008 Sekgoma (Serowe) case (row 56) fell in 2008. (reason: Agent 5: semantics)",AI
30,AFR::BWA::Gaborone,2009-01-01,2009-12-31,1,1,,100.00,2012-12-01,24,Statistics Botswana Health Statistics Report 2009,0.85,"Source states: 'Table 3.10 Notifiable disease by type and Health District-2009' - interpreted as 1 sCh cases, 1 deaths. Cholera column for this health district in Table 3.10 (2009): 1 case(s), 1 death(s). Provincial subset - do not sum with national row (national total for 2009 in the same table: 11 cases, 1 death). Health-district attribution in the CSO table differs from OCHA 2009 narratives (which name Tutume, Francistown, Central, Gaborone, Southern/Kanye); timing within 2009 not given. Confidence 0.85 (forced) consistent with national row. [AGENT 5 REVISION 2026-10-03] SEMANTICS: CALENDAR-YEAR PERIOD COUNT (notifiable-disease returns dated in 2009, by notifying health district), not cumulative since Nov 2008; excludes the Nov-Dec 2008 cases (e.g. Tutume's Dec 2008 cases are why the same table shows Tutume 0 - not a conflict). Do not sum with the OCHA cumulative district rows (different period, geographic unit and case definition). DEATH IDENTITY (Agent 5): the death is the man of Zimbabwean origin who died in late January 2009 (OCHA No.5: fatality 'in the capital city of Gabarone'; Mmegi: death at Princess Marina; Table 4.11: one male in-patient A00.1 death; Daily News 5 Feb 2009: 41-year-old man, Mogoditshane). OCHA's 6 Mar and 3 Apr deaths insets assign this death to Kweneng (row 39) and the 9 Feb map to 'Gaborone Region 1; 1' (row 44) - the same death in three district rows; do not sum. (reason: Agent 5: semantics; death identity) [AGENT 5 REVISION 2026-10-03] Agent 5 (batch 2): OCHA map series attributes this death to 'Gaborone Region' (9 Feb 2009), Kweneng (6 Mar, 20 Mar, 3 Apr) and Southern (1 Jun) - CSO's Gaborone attribution is by notifying health district (Princess Marina Hospital). (reason: Agent 5: cross-source death attribution note)",AI
31,AFR::BWA::Francistown,2009-01-01,2009-12-31,0,2,,0.00,2012-12-01,24,Statistics Botswana Health Statistics Report 2009,0.85,"Source states: 'Table 3.10 Notifiable disease by type and Health District-2009' - interpreted as 2 sCh cases, 0 deaths. Cholera column for this health district in Table 3.10 (2009): 2 case(s), 0 death(s). Provincial subset - do not sum with national row (national total for 2009 in the same table: 11 cases, 1 death). Health-district attribution in the CSO table differs from OCHA 2009 narratives (which name Tutume, Francistown, Central, Gaborone, Southern/Kanye); timing within 2009 not given. Confidence 0.85 (forced) consistent with national row. [AGENT 5 REVISION 2026-10-03] SEMANTICS: CALENDAR-YEAR PERIOD COUNT (notifiable-disease returns dated in 2009, by notifying health district), not cumulative since Nov 2008; excludes the Nov-Dec 2008 cases (e.g. Tutume's Dec 2008 cases are why the same table shows Tutume 0 - not a conflict). Do not sum with the OCHA cumulative district rows (different period, geographic unit and case definition). Possibly includes the 2009 'two locals that live in Francistown' (OCHA No.6); the Nov-Dec 2008 Francistown cases (rows 51, 46, 63) fell in 2008. (reason: Agent 5: semantics)",AI
32,AFR::BWA::South_East,2009-01-01,2009-12-31,0,1,,0.00,2012-12-01,24,Statistics Botswana Health Statistics Report 2009,0.85,"Source states: 'Table 3.10 Notifiable disease by type and Health District-2009' - interpreted as 1 sCh cases, 0 deaths. Cholera column for this health district in Table 3.10 (2009): 1 case(s), 0 death(s). Provincial subset - do not sum with national row (national total for 2009 in the same table: 11 cases, 1 death). Health-district attribution in the CSO table differs from OCHA 2009 narratives (which name Tutume, Francistown, Central, Gaborone, Southern/Kanye); timing within 2009 not given. Confidence 0.85 (forced) consistent with national row. [AGENT 5 REVISION 2026-10-03] SEMANTICS: CALENDAR-YEAR PERIOD COUNT (notifiable-disease returns dated in 2009, by notifying health district), not cumulative since Nov 2008; excludes the Nov-Dec 2008 cases (e.g. Tutume's Dec 2008 cases are why the same table shows Tutume 0 - not a conflict). Do not sum with the OCHA cumulative district rows (different period, geographic unit and case definition). OCHA's 3 Apr 2009 map shows South East 2 cases/0 deaths (row 41) for 1 Nov 2008-3 Mar 2009. (reason: Agent 5: semantics)",AI
33,AFR::BWA,2003-01-01,2003-12-31,0,0,,0.0,2005-06-01,25,Botswana Central Statistics Office Health Statistics Report 2003,0.75,"Source confirms zero cholera transmission 2003-01-01..2003-12-31. Source states: 'There were no reported quarantiable diseases during thr year I. E. Yellow Fever, Polio and other notifiable diseases such as Neonatal Tetanus and Diphtheria.'. Evidence type: Inferred_Absence. Surveillance system status during absence: operational. Footnote to Table 3.10 'Notifiable diseases by type and district - 2003' (CSO Health Statistics Report 2003, PDF p.49; spelling as in source). Unlike the 1997-2001 reports, the 2003 footnote does not name cholera, so the zero is INFERRED: cholera was one of the three quarantinable diseases under the International Health Regulations (1969) in force in 2003, the footnote states no quarantinable diseases were reported, the notifiable-disease table has no cholera entry, and Botswana is not among the 45 countries reporting cholera to WHO in 'Cholera, 2003' (WER 2004, 79(31)). Reporting completeness 92% (31,564 expected, 29,112 received) -> surveillance operational. Confidence forced to 0.75 (below Level 1 band) because cholera is not named. [AGENT 3 REVISION 2026-10-03] Agent 3 review (2026-10-03): no additional 2003 source found that names cholera (CSO web tables 2003 capture and AFRO RD 2002-03 report checked; ReliefWeb free-text 'cholera AND Botswana' 2003, 16 items, no Botswana-cholera passage). Label/confidence unchanged. REGIONAL CONTEXT (verified, WER 79(31) Table 1, 2003): South Africa 3 901 cases/45 deaths, Zambia 1 049/29, Zimbabwe 1 009/35; Namibia not listed - absence during neighbour epidemics. (reason: Agent 3: regional context and exhausted routes for 2003 zero) [AGENT 4 REVISION 2026-10-03] Agent 4 review (metadata 70): archived WHO AFRO CDER issues Mar, Apr, May, Jun, Sep, Oct and Nov 2003 (cumulative cholera/meningitis/yellow fever tables, Jan-Feb to Jan-Oct 2003) show Botswana's cholera cells as '-' ('no report'), while Botswana reports AFP surveillance indicators; WHO AFRO 'Weekly highlights on reported epidemic prone diseases', week 49 2003, lists cholera only for affected countries. Absence from WER 79(31) therefore reflects non-submission to WHO rather than a WHO-recorded zero; this row continues to rest on the national CSO Health Statistics Report 2003 footnote (no quarantinable diseases reported). No contradicting record. Label and confidence unchanged. (reason: Agent 4: AFRO CDER 2003 shows Botswana cholera 'no report'; national CSO footnote remains the basis) [AGENT 6 REVISION 2026-10-03] Agent 6 (2026-10-03): the AFRO CDER 2003 '-' ('no report') cholera cells noted by Agent 4 match the pattern in CDER Oct 2000 and IDS bulletin Jul 2001 (metadata 76), years in which CSO documents zero cholera - Botswana did not send cholera zero returns to AFRO, so the cells neither weaken nor strengthen this row. Classification unchanged: Inferred_Absence 0.75, national system operational (92% reporting completeness; footnote 'no reported quarantiable diseases'). (reason: Agent 6: CDER calibration context for the 2003 zero)",AI
34,AFR::BWA,2008-11-01,2008-12-08,,2,,,2008-12-08,28,WHO Africa weekly emergency situation update No 39 8 December 2008,0.8,"Source states: 'Botswana: The cholera outbreak in Zimbabwe has already spread into Botswana where 2 cases have been reported.' - interpreted as 2 sCh cases. Cumulative-to-date count of the 2008-09 importation episode at the date of the update (8 Dec 2008); TL set to 1 Nov 2008, the episode start used by OCHA ROSA. Earliest dated Botswana count found. Later cumulative snapshots: 4 (15 Dec, AI row from update No.40), 8 suspected/3 confirmed (17 Dec, update No.42), 5 confirmed (8 Jan 2009, AI Idx10) - do not sum. National total - includes provinces not individually listed (JHU baseline has Tutume 3 sCh/1 cCh for 10-16 Dec 2008). [AGENT 5 REVISION 2026-10-03] SEMANTICS: CUMULATIVE-TO-DATE (WHO AFRO weekly-update stream). CONFLICT/ARITHMETIC (Agent 5): the government stream already had 3 suspected/1 confirmed by 27-28 Nov 2008 (row 55), and district rows reach 3 confirmed by 8 Dec (Serowe/Palapye 1, row 56; Francistown 2, row 51) - district parts exceed this national figure across streams. WHO's '2 cases' at 8 Dec is consistent with confirmed cases reported before 8 Dec (the second Francistown case was confirmed on 8 Dec), not with the suspected count. WHO stream 2 (8 Dec) -> 4 (15 Dec) -> 8 suspected/3 confirmed (17 Dec) -> 5 confirmed (8 Jan) -> 6 (23 Jan): non-monotonic at the 17 Dec -> 8 Jan suspected -> confirmed switch. Hierarchy: the MoH count (government, more specific) is preferred for suspected cases. Confidence 0.9 -> 0.8. (reason: Agent 5: cross-stream conflict and parts-vs-whole check)",AI
35,AFR::BWA,2008-11-01,2008-12-15,,4,,,2008-12-15,29,WHO Africa weekly emergency situation update No 40 15 December 2008,0.75,"Source states: 'Botswana: The cholera outbreak in Zimbabwe has already spread into Botswana where 4 cases have been reported so far.' - interpreted as 4 sCh cases. Cumulative-to-date count at 15 Dec 2008 (TL = episode start 1 Nov 2008 per OCHA ROSA). Do not sum with other cumulative snapshots of the same episode (2 at 8 Dec; 8 suspected/3 confirmed at 17 Dec). National total - includes provinces not individually listed. [AGENT 5 REVISION 2026-10-03] SEMANTICS: CUMULATIVE-TO-DATE (WHO AFRO weekly-update stream). CONFLICT (Agent 5): '4 cases' at 15 Dec 2008 matches neither the MoH suspected count (8 'by December 15, 2008', the Director of Public Health as reported by Mmegi 2 Mar 2009; 8 at the 17-18 Dec briefing, row 36) nor the MoH confirmed count (3; Daily News 18 Dec 2008, re-read: 'only three have been confirmed to be cholera not four as reported in the media'). It probably carried the disputed fourth confirmation (the Tutume/Mafungo-Hubona case referred to Nyangabgwe Hospital; JHU Tutume 1 cCh). Recorded as published; confidence 0.9 -> 0.75. (reason: Agent 5: WHO vs MoH conflict)",AI
36,AFR::BWA,2008-11-01,2008-12-17,,8,3,,2008-12-29,30,WHO Africa weekly emergency situation update No 42 29 December 2008,0.9,"Source states: 'Botswana: The cholera outbreak in Zimbabwe has already spread into Botswana where 8 suspected cases and 3 confirmed have been reported as of 17th December 2008.' - interpreted as 8 sCh cases, 3 cCh confirmed cases. Cumulative-to-date at 17 Dec 2008 (TL = episode start 1 Nov 2008). Suspected count (8) exceeds the OCHA confirmed-case series (5 confirmed at 8 Jan 2009, 6 at 22 Jan, 8 at 30 Jan); the two series measure different things - do not sum. WHO annual report (JHU baseline) gives 8 cases/1 death for calendar 2008. National total - includes provinces not individually listed (JHU Tutume 3 sCh/1 cCh 10-16 Dec 2008 is a subset). [AGENT 1 REVISION 2026-10-02] Corroboration (Agent 1): OCHA Regional Update No.2, 24 Dec 2008 (metadata Index 33) reports the same figures - table 'Botswana Nov - 17 Dec 08: 8 cases, 0 deaths, 0%' and 'WHO reports that as of 17 December, eight suspected, and three confirmed cases were reported in the country, all of them proceeding from Zimbabwe.' - so deaths = 0 at 17 Dec 2008. (reason: Agent 1: OCHA Update No.2 corroboration) [AGENT 1 REVISION 2026-10-02] Corroboration (Agent 1): Daily News 18 Dec 2008 (metadata Index 46), Director of Public Health briefing: 'Botswana has so far recorded eight suspected cases of cholera ... only three have been confirmed' - one Serowe/Palapye (Sekgoma hospital), two Francistown (Nyangabgwe), all Zimbabweans. (reason: Agent 1: MoH briefing corroboration) [AGENT 5 REVISION 2026-10-03] SEMANTICS: CUMULATIVE-TO-DATE (WHO AFRO stream; same figures as the government stream - Daily News 18 Dec 2008, re-read by Agent 5: 'Botswana has so far recorded eight suspected cases of cholera ... only three have been confirmed to be cholera not four as reported in the media ... one case was confirmed in the Serowe/ Palapye area (Sekgoma hospital ) whilst the remaining two cases were confirmed in Francistown (Nyangabwe Hospital)'). ARITHMETIC: suspected district parts (JHU Tutume 3 + Francistown 2-3 + Serowe 2) <= 8; confirmed district parts (JHU Tutume 1 + Francistown 2 + Serowe 1 = 4) exceed the MoH national 3 - the JHU Tutume confirmation is the one MoH disputed on 18 Dec (the Tutume patients were referred to Nyangabgwe, Daily News 17 Dec 2008, so the media's fourth confirmation may double count a Nyangabgwe/Francistown case). The government suspected-case increment chain (rows 55, 76, 77) passes through this snapshot. Do not sum. (reason: Agent 5: semantics; Tutume 3-vs-4 and confirmed-parts check)",AI
37,AFR::BWA::North_West::Ngamiland,2008-11-01,2009-03-03,1,1,,100.00,2009-04-03,31,OCHA ROSA map Cholera AWD Southern Africa Cumulative Cases and Deaths by Province as of 3 April 2009,0.8,"Source states: 'CHOLERA OUTBREAKS / ACUTE WATERY DIARRHEA IN SOUTHERN AFRICA ... CUMULATIVE CASES AND DEATHS BY PROVINCE ... Botswana 15 2 13.3 % ... 01/11/2008 03/03/2009' - interpreted as 1 sCh cases. Map province label 'Ngamiland 1' (cumulative cases 1 Nov 2008 - 3 Mar 2009, the Botswana reporting period in the map table; labels read from the rendered OCHA map, sum of Botswana labels = national 15). Provincial subset - do not sum with national row (national cumulative 15 cases/2 deaths to 3 Mar 2009). Same values on the OCHA Regional Update No.6 map (6 Mar 2009). CONFLICT note: Statistics Botswana 2009 notifiable-disease table (AI Idx26-32) attributes 2009 cases differently (e.g. Ngamiland 5 for calendar 2009). [AGENT 1 REVISION 2026-10-02] Corroboration: OCHA ROSA map 'Cumulative cases and deaths by province, as of 1 June 2009' (PDF https://reliefweb.int/attachments/3f6f789a-2332-3113-9122-7cb09c7da318/246B44D6AFF75F34C12575CA004916DE-map.pdf; Botswana period 01/11/2008-24/05/2009) shows the identical Botswana province values, i.e. no further cases by district through 24 May 2009. (reason: Agent 1: add 1 June 2009 map corroboration) [AGENT 5 REVISION 2026-10-03] DEATHS EXTRACTED (Agent 5): the same map's 'CUMULATIVE DEATHS' inset (rendered at 600 dpi by Agent 5) labels Botswana's provinces Ngamiland 1, Kweneng 1, Central 0, Southern 0, South East 0 (sum 2 = national 2 deaths); the 6 Mar 2009 edition (OCHA Regional Update No.6 map, metadata 12) shows the same Ngamiland 1 / Kweneng 1 / South East 0 -> Ngamiland deaths set blank -> 1. This is the Maun patient (28-year-old Zimbabwean woman admitted at Letsholathebe II Memorial (Maun General) Hospital on 28 Jan 2009, row 57; 'recovering' on 9 Feb; died before ~2 Mar 2009). Corroboration: Mmegi 2 Mar 2009 (metadata 43; former row 53, retracted by Agent 5 as a duplicate of this row): 'two deaths have been reported at Princess Marina and Maun General hospitals. Both fatalities, she added, are a man and woman of Zimbabwean origin.' SEMANTICS: CUMULATIVE-TO-DATE 1 Nov 2008-3 Mar 2009 (unchanged to 24 May 2009 on the 1 Jun map). CONFLICT: Statistics Botswana HSR 2009 Table 3.10 records Ngamiland 5 notifications/0 deaths (row 27) - the CSO tables capture only one of the episode's two deaths (national 1; Table 4.11 one male in-patient A00.1 death), so CSO's Ngamiland 0 deaths is treated as incomplete; 5 notified vs 1 confirmed is a case-definition difference. (reason: Agent 5: extract deaths from the source's own cumulative-deaths inset; Maun death-vs-recovery adjudication) [AGENT 5 REVISION 2026-10-03] DEATHS INSET SERIES (Agent 5, batch 2): Ngamiland shows 1 cumulative death on every OCHA ROSA edition checked - 6 Mar (Regional Update No.6), 20 Mar (map https://reliefweb.int/map/angola/cholera-outbreaksacute-watery-diarrhea-southern-africa-20-mar-2009), 3 Apr (this source) and 1 Jun 2009 (data to 24 May) - so the Maun death is stable across the series. (reason: Agent 5: deaths-inset corroboration across four editions)",AI
38,AFR::BWA::Central,2008-11-01,2009-03-03,0,10,,0.00,2009-04-03,31,OCHA ROSA map Cholera AWD Southern Africa Cumulative Cases and Deaths by Province as of 3 April 2009,0.8,"Source states: 'CHOLERA OUTBREAKS / ACUTE WATERY DIARRHEA IN SOUTHERN AFRICA ... CUMULATIVE CASES AND DEATHS BY PROVINCE ... Botswana 15 2 13.3 % ... 01/11/2008 03/03/2009' - interpreted as 10 sCh cases. Map province label 'Central 10' (cumulative cases 1 Nov 2008 - 3 Mar 2009, the Botswana reporting period in the map table; labels read from the rendered OCHA map, sum of Botswana labels = national 15). Provincial subset - do not sum with national row (national cumulative 15 cases/2 deaths to 3 Mar 2009). Same values on the OCHA Regional Update No.6 map (6 Mar 2009). CONFLICT note: Statistics Botswana 2009 notifiable-disease table (AI Idx26-32) attributes 2009 cases differently (e.g. Ngamiland 5 for calendar 2009). [AGENT 1 REVISION 2026-10-02] Corroboration: OCHA ROSA map 'Cumulative cases and deaths by province, as of 1 June 2009' (PDF https://reliefweb.int/attachments/3f6f789a-2332-3113-9122-7cb09c7da318/246B44D6AFF75F34C12575CA004916DE-map.pdf; Botswana period 01/11/2008-24/05/2009) shows the identical Botswana province values, i.e. no further cases by district through 24 May 2009. (reason: Agent 1: add 1 June 2009 map corroboration) [AGENT 5 REVISION 2026-10-03] DEATHS EXTRACTED (Agent 5): the same map's 'CUMULATIVE DEATHS' inset (rendered at 600 dpi by Agent 5) labels Botswana's provinces Ngamiland 1, Kweneng 1, Central 0, Southern 0, South East 0 (sum 2 = national 2 deaths); the 6 Mar 2009 edition (OCHA Regional Update No.6 map, metadata 12) shows the same Ngamiland 1 / Kweneng 1 / South East 0 -> Central deaths set blank -> 0. LOCATION CAVEAT: the 6 Mar and 3 Apr 2009 editions have no separate Francistown/North East label (earlier editions showed Francistown 2: rows 63, 42) and the Botswana labels sum to the national 15, so 'Central 10' INCLUDES the Francistown cases; OCHA No.6: 'Tutume and Francistown district are the most affected with eight of these 15 cases', so Central 10 = Tutume+Francistown 8 plus 2 others (plausibly Serowe/Palapye: the Nov 2008 Sekgoma case, row 56, and the 2009 locally acquired Palapye case named by Mmegi 2 Mar 2009). Do not sum Central 10 with any Francistown row. SEMANTICS: CUMULATIVE-TO-DATE. (reason: Agent 5: extract deaths from the source's own inset; Central/Francistown unit caveat)",AI
39,AFR::BWA::Kweneng,2008-11-01,2009-03-03,1,1,,100.00,2009-04-03,31,OCHA ROSA map Cholera AWD Southern Africa Cumulative Cases and Deaths by Province as of 3 April 2009,0.7,"Source states: 'CHOLERA OUTBREAKS / ACUTE WATERY DIARRHEA IN SOUTHERN AFRICA ... CUMULATIVE CASES AND DEATHS BY PROVINCE ... Botswana 15 2 13.3 % ... 01/11/2008 03/03/2009' - interpreted as 1 sCh cases. Map province label 'Kweneng 1' (cumulative cases 1 Nov 2008 - 3 Mar 2009, the Botswana reporting period in the map table; labels read from the rendered OCHA map, sum of Botswana labels = national 15). Provincial subset - do not sum with national row (national cumulative 15 cases/2 deaths to 3 Mar 2009). Same values on the OCHA Regional Update No.6 map (6 Mar 2009). CONFLICT note: Statistics Botswana 2009 notifiable-disease table (AI Idx26-32) attributes 2009 cases differently (e.g. Ngamiland 5 for calendar 2009). [AGENT 1 REVISION 2026-10-02] Corroboration: OCHA ROSA map 'Cumulative cases and deaths by province, as of 1 June 2009' (PDF https://reliefweb.int/attachments/3f6f789a-2332-3113-9122-7cb09c7da318/246B44D6AFF75F34C12575CA004916DE-map.pdf; Botswana period 01/11/2008-24/05/2009) shows the identical Botswana province values, i.e. no further cases by district through 24 May 2009. (reason: Agent 1: add 1 June 2009 map corroboration) [AGENT 5 REVISION 2026-10-03] DEATHS EXTRACTED (Agent 5): the same map's 'CUMULATIVE DEATHS' inset (rendered at 600 dpi by Agent 5) labels Botswana's provinces Ngamiland 1, Kweneng 1, Central 0, Southern 0, South East 0 (sum 2 = national 2 deaths); the 6 Mar 2009 edition (OCHA Regional Update No.6 map, metadata 12) shows the same Ngamiland 1 / Kweneng 1 / South East 0 -> Kweneng deaths set blank -> 1. This fatal case is the episode's first death, reported by 30 Jan 2009 'in the capital city of Gabarone' (OCHA No.5; 9 Feb map 'Gaborone Region 1; 1', row 44): Daily News 5 Feb 2009 (metadata 49, re-read): 'A 41-year-old man recently died at Tsolamosese Clinic in Mogoditshane after showing cholera symptoms' (Mogoditshane is in Kweneng District, adjoining Gaborone); Mmegi 2 Mar 2009: death at Princess Marina (Gaborone), a man of Zimbabwean origin; CSO HSR 2009: Gaborone 1 case/1 death (row 30) and one male in-patient A00.1 death (Table 4.11). Same death as rows 44 and 30 - do not sum. SEMANTICS: CUMULATIVE-TO-DATE. (reason: Agent 5: extract deaths from the source's own inset; first-death identity) [AGENT 5 REVISION 2026-10-03] CONFLICT (Agent 5, batch 2): the district of the episode's first death differs between editions of the same OCHA ROSA map series - 9 Feb 2009 'Gaborone Region 1; 1' (row 44); 6 Mar, 20 Mar and 3 Apr 2009 deaths insets: Kweneng 1 (this row's value); 1 Jun 2009 inset (data to 24 May): Southern 1, Kweneng blank (cases unchanged). Kweneng retained: three consecutive editions agree and Daily News 5 Feb 2009 independently places the death in Mogoditshane (Kweneng); the 1 Jun 'Southern 1' is uncorroborated (the only Southern case, Kanye, was never reported fatal; CSO HSR 2009 Southern 0 deaths) and is treated as a cartographic shift. Confidence 0.8 -> 0.7 for the within-series disagreement. (reason: Agent 5: within-series death-attribution conflict) [AGENT 5 REVISION 2026-10-03] Agent 5 (batch 3): OCHA Regional Update No.9 map (17 Apr 2009, https://reliefweb.int/report/angola/ocha-regional-update-no-9-choleraacute-watery-diarrhea-outbreaks-southern-africa-17) deaths inset also shows Kweneng 1 / Ngamiland 1 - four consecutive editions (6 Mar, 20 Mar, 3 Apr, 17 Apr 2009) agree on Kweneng; only the 1 Jun 2009 edition differs. (reason: Agent 5: fourth OCHA edition corroborates Kweneng death attribution)",AI
40,AFR::BWA::Southern,2008-11-01,2009-03-03,0,1,,0.00,2009-04-03,31,OCHA ROSA map Cholera AWD Southern Africa Cumulative Cases and Deaths by Province as of 3 April 2009,0.7,"Source states: 'CHOLERA OUTBREAKS / ACUTE WATERY DIARRHEA IN SOUTHERN AFRICA ... CUMULATIVE CASES AND DEATHS BY PROVINCE ... Botswana 15 2 13.3 % ... 01/11/2008 03/03/2009' - interpreted as 1 sCh cases. Map province label 'Southern 1' (cumulative cases 1 Nov 2008 - 3 Mar 2009, the Botswana reporting period in the map table; labels read from the rendered OCHA map, sum of Botswana labels = national 15). Provincial subset - do not sum with national row (national cumulative 15 cases/2 deaths to 3 Mar 2009). Same values on the OCHA Regional Update No.6 map (6 Mar 2009). CONFLICT note: Statistics Botswana 2009 notifiable-disease table (AI Idx26-32) attributes 2009 cases differently (e.g. Ngamiland 5 for calendar 2009). [AGENT 1 REVISION 2026-10-02] Corroboration: OCHA ROSA map 'Cumulative cases and deaths by province, as of 1 June 2009' (PDF https://reliefweb.int/attachments/3f6f789a-2332-3113-9122-7cb09c7da318/246B44D6AFF75F34C12575CA004916DE-map.pdf; Botswana period 01/11/2008-24/05/2009) shows the identical Botswana province values, i.e. no further cases by district through 24 May 2009. (reason: Agent 1: add 1 June 2009 map corroboration) [AGENT 5 REVISION 2026-10-03] DEATHS EXTRACTED (Agent 5): the same map's 'CUMULATIVE DEATHS' inset (rendered at 600 dpi by Agent 5) labels Botswana's provinces Ngamiland 1, Kweneng 1, Central 0, Southern 0, South East 0 (sum 2 = national 2 deaths); the 6 Mar 2009 edition (OCHA Regional Update No.6 map, metadata 12) shows the same Ngamiland 1 / Kweneng 1 / South East 0 -> Southern deaths set blank -> 0. The single Southern case is the Kanye case first reported 23-30 Jan 2009 (row 14). SEMANTICS: CUMULATIVE-TO-DATE. (reason: Agent 5: extract deaths from the source's own inset) [AGENT 5 REVISION 2026-10-03] CONFLICT (Agent 5, batch 2): OCHA's 1 Jun 2009 deaths inset (data to 24 May) shows Southern 1 death, whereas the 6 Mar, 20 Mar and 3 Apr 2009 insets show the death in Kweneng and Southern 0 (this row). 0 retained (three consecutive editions plus Daily News 5 Feb 2009 Mogoditshane; CSO 2009 Southern 0 deaths; the Kanye case was never reported fatal); confidence 0.8 -> 0.7 for the within-series disagreement. (reason: Agent 5: within-series death-attribution conflict) [AGENT 5 REVISION 2026-10-03] Agent 5 (batch 3): the 17 Apr 2009 edition (OCHA Regional Update No.9 map) also shows no Southern death (deaths in Ngamiland and Kweneng only); the 1 Jun 2009 'Southern 1' remains the only edition with a Southern death. (reason: Agent 5: fourth OCHA edition corroborates Southern 0 deaths)",AI
41,AFR::BWA::South_East,2008-11-01,2009-03-03,0,2,,0.00,2009-04-03,31,OCHA ROSA map Cholera AWD Southern Africa Cumulative Cases and Deaths by Province as of 3 April 2009,0.8,"Source states: 'CHOLERA OUTBREAKS / ACUTE WATERY DIARRHEA IN SOUTHERN AFRICA ... CUMULATIVE CASES AND DEATHS BY PROVINCE ... Botswana 15 2 13.3 % ... 01/11/2008 03/03/2009' - interpreted as 2 sCh cases. Map province label 'South East 2' (cumulative cases 1 Nov 2008 - 3 Mar 2009, the Botswana reporting period in the map table; labels read from the rendered OCHA map, sum of Botswana labels = national 15). Provincial subset - do not sum with national row (national cumulative 15 cases/2 deaths to 3 Mar 2009). Same values on the OCHA Regional Update No.6 map (6 Mar 2009). CONFLICT note: Statistics Botswana 2009 notifiable-disease table (AI Idx26-32) attributes 2009 cases differently (e.g. Ngamiland 5 for calendar 2009). [AGENT 1 REVISION 2026-10-02] Corroboration: OCHA ROSA map 'Cumulative cases and deaths by province, as of 1 June 2009' (PDF https://reliefweb.int/attachments/3f6f789a-2332-3113-9122-7cb09c7da318/246B44D6AFF75F34C12575CA004916DE-map.pdf; Botswana period 01/11/2008-24/05/2009) shows the identical Botswana province values, i.e. no further cases by district through 24 May 2009. (reason: Agent 1: add 1 June 2009 map corroboration) [AGENT 5 REVISION 2026-10-03] DEATHS EXTRACTED (Agent 5): the same map's 'CUMULATIVE DEATHS' inset (rendered at 600 dpi by Agent 5) labels Botswana's provinces Ngamiland 1, Kweneng 1, Central 0, Southern 0, South East 0 (sum 2 = national 2 deaths); the 6 Mar 2009 edition (OCHA Regional Update No.6 map, metadata 12) shows the same Ngamiland 1 / Kweneng 1 / South East 0 -> South East deaths set blank -> 0 (explicit '0' label on both editions). The fatal case shown as 'Gaborone Region 1; 1' on the 9 Feb map (row 44) is assigned to Kweneng on this map (row 39). SEMANTICS: CUMULATIVE-TO-DATE. (reason: Agent 5: extract deaths from the source's own inset)",AI
42,AFR::BWA::Francistown,2008-11-01,2009-01-30,0,2,,0.00,2009-02-09,11,OCHA Regional Update No 5 Cholera AWD Outbreaks Southern Africa 9 February 2009,0.8,"Source states: 'This brings the total number of confirmed cholera cases to eight and one death since 01 November 2008 in the Central, Francistown, Gabarone and Southern Districts.' - interpreted as 2 sCh cases, 0 deaths. Update No.5 map label 'Francistown Region 2; 0' (cumulative confirmed cases; deaths) read from the rendered map (page 9). Provincial subset - do not sum with national row (AI Idx11: 8 confirmed, 1 death to 30 Jan 2009). Earlier Update No.4 map (23 Jan) labelled this area 'North East 1; 0'. [AGENT 5 REVISION 2026-10-03] SEMANTICS: CUMULATIVE-TO-DATE (OCHA No.5 map). On the 6 Mar/3 Apr 2009 editions Francistown has no separate label and is included in 'Central 10' (row 38) - do not sum. (reason: Agent 5: semantics; unit caveat)",AI
43,AFR::BWA::Central,2008-11-01,2009-01-30,0,4,,0.00,2009-02-09,11,OCHA Regional Update No 5 Cholera AWD Outbreaks Southern Africa 9 February 2009,0.8,"Source states: 'This brings the total number of confirmed cholera cases to eight and one death since 01 November 2008 in the Central, Francistown, Gabarone and Southern Districts.' - interpreted as 4 sCh cases, 0 deaths. Update No.5 map label 'Central Region 4; 0' (cumulative cases; deaths) read from the rendered map (page 9). Provincial subset - do not sum with national row (AI Idx11). Central reached 10 by 3 Mar 2009 (OCHA 3 Apr map, AI row for Central 2008-11-01..2009-03-03); Update No.4 map (23 Jan) also showed Central 4. [AGENT 5 REVISION 2026-10-03] SEMANTICS: CUMULATIVE-TO-DATE (OCHA No.5 map; 'Central Region' excludes 'Francistown Region' on this edition). Central series 2 (8 Jan, row 64) -> 4 (22 Jan, row 65) -> 4 (30 Jan) -> 10 (3 Mar, row 38, unit then includes Francistown): monotonic. (reason: Agent 5: semantics; monotonicity)",AI
44,AFR::BWA::Gaborone,2008-11-01,2009-01-30,1,1,,100.00,2009-02-09,11,OCHA Regional Update No 5 Cholera AWD Outbreaks Southern Africa 9 February 2009,0.7,"Source states: 'As of 30 January 2009, one new case of cholera was reported in Kanye in the Southern District, and one fatality was reported in the capital city of Gabarone.' - interpreted as 1 sCh cases, 1 deaths. Update No.5 map label 'Gaborone Region 1; 1' (one case, one death) read from the rendered map (page 9); narrative confirms one fatality in Gaborone. Provincial subset - do not sum with national row (AI Idx11). By 3 Mar 2009 the OCHA province map shows this area as 'South East 2'. [AGENT 5 REVISION 2026-10-03] SEMANTICS: CUMULATIVE-TO-DATE. DEATH IDENTITY (Agent 5): this fatal case is mapped to Kweneng on OCHA's 6 Mar and 3 Apr 2009 cumulative-deaths insets (row 39; Mogoditshane man, Daily News 5 Feb 2009) - same death as rows 39 and 30; do not sum. (reason: Agent 5: semantics; death identity) [AGENT 5 REVISION 2026-10-03] CONFLICT (Agent 5, batch 2): the fatal case labelled 'Gaborone Region 1; 1' here is shown as Kweneng 1 death on the 6 Mar, 20 Mar and 3 Apr 2009 deaths insets (row 39) and as Southern 1 on the 1 Jun 2009 inset; South East is 0 deaths on all later editions. 'Gaborone' is the facility/notifying district (Princess Marina; CSO Gaborone 1/1, row 30), Kweneng the probable residence (Mogoditshane). Same death in rows 44, 39 and 30 - do not sum. Confidence 0.8 -> 0.7. (reason: Agent 5: within-series death-attribution conflict)",AI
45,AFR::BWA,2008-11-01,2008-11-30,0,2,,0.00,2008-12-08,32,OCHA Regional Update No 1 Cholera Outbreaks Southern Africa 8 December 2008,0.8,"Source states: 'Over the past few weeks, suspected cholera cases1 have been reported in Angola, Botswana, Mozambique, South Africa and Zimbabwe.' - interpreted as 2 sCh cases, 0 deaths. Table in OCHA Regional Update 1 (source WHO and Ministries of Health): 'Botswana Nov 08 2 0' - i.e. 2 suspected cases, 0 deaths with the reporting period given as November 2008 (first cases of the importation episode; OCHA Update No.2 notes the first case was confirmed 'last month', i.e. November). Period count for November 2008, consistent with the WHO weekly update No.39 cumulative of 2 cases by 8 Dec 2008 (AI row 34) - the same 2 cases, do not sum. National total - includes provinces not individually listed. [AGENT 5 REVISION 2026-10-03] SEMANTICS: PERIOD COUNT for November 2008 = cumulative to end-Nov (the episode began 19 Nov). CONFLICT (Agent 5): the government stream had 3 suspected/1 confirmed by 27-28 Nov 2008 (row 55); OCHA's '2' is the WHO figure (row 34), i.e. confirmed/lagged rather than suspected. Confidence 0.85 -> 0.8. (reason: Agent 5: OCHA/WHO vs MoH conflict)",AI
46,AFR::BWA::Francistown,2008-11-01,2008-12-15,,2,,,2008-12-15,34,Botswana Daily News Francistown in cholera alert 15 December 2008,0.75,"Source states: 'Recently two cases of cholera were reported in Francistown.' - interpreted as 2 sCh cases. Government of Botswana Daily News report (15 Dec 2008) on Francistown's cholera alert; cumulative count of recent (imported) cases in Francistown as of mid-December 2008; TL set to the episode start (1 Nov 2008). Provincial subset - do not sum with national row (national cumulative: 4 cases by 15 Dec 2008, AI row 35). MSF assessed Francistown in mid-December (presence record, source 26). [AGENT 5 REVISION 2026-10-03] SEMANTICS: CUMULATIVE-TO-DATE ('Recently two cases' = the 24 Nov and 7-8 Dec 2008 Francistown cases, row 51; same two cases as rows 63 and 42). (reason: Agent 5: semantics)",AI
47,AFR::BWA,1984-01-01,1984-12-31,0,0,,0.0,1986-08-01,35,Botswana Ministry of Health Medical Statistics Unit Health Statistics Report 1984,0.9,"Source confirms zero cholera transmission 1984-01-01..1984-12-31. Source states: 'There were no reports of cases or deaths from Quarantinable Diseases (i.e. Cholera,Plague,Yellowfever).'. Evidence type: Documented_Absence. Surveillance system status during absence: partial. Note 1 to Table 4.12 'Annual report of notifiable diseases - 1984' (Ministry of Health Botswana; Health Statistics Report 1984, PDF p.65). Reporting completeness 71.9% (8,155 of 11,336 expected weekly forms; months below 66.7% flagged) -> surveillance marked partial. Year-specific national corroboration of AI Idx15 (WHO WER 1997: Botswana never experienced cholera outbreaks, 1970-1996); overlapping zero rows - not additive.",AI
48,AFR::BWA,1983-01-01,1983-12-31,0,0,,0.0,1985-06-01,36,Botswana Medical Statistics Report 1983,0.9,"Source confirms zero cholera transmission 1983-01-01..1983-12-31. Source states: 'There were no reports of cases or deaths from Quarantinable Diseases (i.e. Cholera,Plague,Yellowfever).'. Evidence type: Documented_Absence. Surveillance system status during absence: partial. Note 1 to Table 4.7 'Annual report of notifiable diseases - 1983' (Ministry of Health Botswana, all districts; Medical Statistics Report 1983, PDF p.55). Reporting completeness 70.9% (7,787 of 10,971 expected forms) -> surveillance partial. Year-specific national corroboration of AI Idx15 (WER 1997 statement, 1970-1996); overlapping zero rows - not additive.",AI
49,AFR::BWA,1982-01-01,1982-12-31,0,0,,0.0,1984-12-17,37,Botswana Medical Statistics Report 1982,0.9,"Source confirms zero cholera transmission 1982-01-01..1982-12-31. Source states: 'There were no reports of cases or deaths from Quarantinable Diseases (i.e. Cholera,Plague,Yellowfever).'. Evidence type: Documented_Absence. Surveillance system status during absence: partial. Note 1 to Table 4.8 'Annual report of notifiable diseases - 1982' (Ministry of Health Botswana, issued by the Epidemiology Unit 17 Dec 1984; Medical Statistics 1982, PDF p.57). Reporting completeness 71.3% (7,103 of 9,964 expected forms) -> surveillance partial. 1982 was during South Africa's 1980-87 epidemic (WER 'Cholera in 1982'); Botswana notified none. Year-specific national corroboration of AI Idx15 (WER 1997, 1970-1996); overlapping zero rows - not additive.",AI
50,AFR::BWA,1986-01-01,1986-12-31,0,0,,0.0,1993-02-01,38,Botswana Central Statistics Office Health Statistics 1986,0.9,"Source confirms zero cholera transmission 1986-01-01..1986-12-31. Source states: 'There were no reports of cases or deaths of neonatal-tetanus, diphtheria, and from quarantinable diseases (i.e. cholera, plague, yellow fever)'. Evidence type: Documented_Absence. Surveillance system status during absence: partial. Note 1 to Table 3.10 'Annual report of notifiable diseases by type and district - 1986' (CSO Health Statistics 1986, PDF p.70). Reporting completeness 74.0% (10,702 of 14,456 expected reports) -> surveillance partial. Year-specific national corroboration of AI Idx15 (WER 1997, 1970-1996); overlapping zero rows - not additive.",AI
51,AFR::BWA::Francistown,2008-11-24,2008-12-08,,2,2,,2008-12-12,42,Mmegi Cholera alert declared as Jubilee sets up special ward 12 December 2008,0.6,"Source states: 'Initially three people presented what doctors thought were symptoms of cholera but one was cleared' - interpreted as 2 sCh cases, 2 cCh confirmed cases. Mmegi 12 Dec 2008: first case (a Zimbabwean national) received on 24 November 2008 and 'has since been treated and released'; second case admitted 7 December with positive test results confirmed 8 December; two positively diagnosed patients admitted to Jubilee Clinic, Francistown. Interpreted as 2 lab-confirmed cases (the third suspected case was cleared, so not counted). Earliest dated case onset found for the 2008-09 importation episode (24 Nov 2008). Provincial subset - do not sum with national row (national: 2 cases by 30 Nov / 8 Dec 2008, AI rows 45 and 34). Same two Francistown cases as AI row 46 (Daily News 15 Dec 2008, coarser period) - do not sum. [AGENT 5 REVISION 2026-10-03] SEMANTICS: CUMULATIVE-TO-DATE from the first Francistown case (24 Nov 2008) to 8 Dec 2008 = also the period count for 24 Nov-8 Dec. (reason: Agent 5: semantics)",AI
52,AFR::BWA,2008-11-01,2009-03-02,2,55,15,3.64,2009-03-02,43,Mmegi Cholera Cases On The Upswing - Director 2 March 2009,0.6,"Source states: 'El-Halabi said of the 55, 15 have been confirmed to be cholera and of the number, two deaths have been reported at Princess Marina and Maun General hospitals.' - interpreted as 55 sCh cases, 15 cCh confirmed cases, 2 deaths. Cumulative-to-date for the 2008-09 importation episode as given at the public health director's press briefing reported 2 Mar 2009 (article also: 'by December 15, 2008, eight suspected cholera cases were reported, three of which were confirmed'). The printed phrase 'since February 24 this year, 55 suspected cases' is ambiguous; read as the cumulative total at the briefing. Same 55/15/2 figure as AI Idx2 (IRIN/ReliefWeb 18 Mar 2009) but dated two weeks earlier - do not sum. CONFLICT: JHU baseline row 2009-02-24..2009-03-02 gives 40 suspected/15 confirmed/2 deaths for the same week; OCHA (confirmed series) 15 cases/2 deaths to 3 Mar. National total - includes provinces not individually listed. [AGENT 5 REVISION 2026-10-03] SEMANTICS: CUMULATIVE-TO-DATE for the whole episode (government/MoH stream). Re-read (Agent 5, Mmegi AMP 17419): the 15 confirmed and 2 deaths in the same sentence are the episode totals (OCHA: 15 cases/2 deaths, 15 Nov 2008-3 Mar 2009; first death reported by 30 Jan 2009), so the 55 is the episode cumulative, not a count since 24 Feb ('since February 24' is best read as the date of the figures); the lead reads 'Cholera cases have been on the rise since last December'. Restated unchanged on 14 Mar 2009 (row 2). JHU-SEMANTICS FINDING: (a) the JHU baseline row 2009-02-24..2009-03-02 (40 suspected, 15 confirmed, 2 deaths) carries the same episode-cumulative 15 confirmed and 2 deaths, so it is a cumulative-to-date snapshot, not a weekly count; its 40 suspected (source not identified; lower than this 55) is either an earlier cumulative point or a different tally - hierarchy (named MoH official, two outlets: Mmegi 2 Mar, BOPA 14/18 Mar) favours 55; (b) the JHU row 2009-02-05 (10) = Daily News 5 Feb 2009 (metadata 49, re-read): 'Since the outbreak of cholera in Zimbabwe, Botswana has so far recorded 10 cases' - cumulative-to-date too. The weekly builder reads JHU rows of <=7 days as weekly observations, so 2009-W06 (10) and 2009-W09 (40) enter the national series as weekly incidence on top of the Fourier-spread JHU 2009 annual (15) - for Agent 7. Government suspected-case increment chain: row 55 (3) -> row 76 (5) -> row 77 (47 suspected/12 confirmed/2 deaths) -> no change to 14 Mar. Also: confirmed cases 'five males and 10 females', 'two Batswana, a Zambian and 12 Zimbabweans'. Do not sum. (reason: Agent 5: semantics; JHU 40/10 cumulative finding; 55 vs 40 conflict)",AI
54,AFR::BWA,2009-10-26,2009-11-01,0,0,,0.0,2009-11-01,44,Sunday Standard Cholera outbreak in Zimbabwe puts Francistown on alert 1 November 2009,0.5,"Source confirms zero cholera transmission 2009-10-26..2009-11-01. Source states: 'At the moment, there are no cholera cases in Botswana.'. Evidence type: Documented_Absence. Surveillance system status during absence: operational. Point-in-time statement in a report quoting the Nyangabgwe Referral Hospital PRO (Francistown) during Zimbabwe's late-2009 outbreak; encoded as a one-week window ending on the publication date (Sunday 1 Nov 2009). Francistown City Council: the situation 'has not yet filtered through into Botswana'. Consistent with OCHA (no new cases after 3 Mar 2009 through 24 May 2009; AI Idx13). 2009 weeks are dominated by the JHU annual row in the weekly builder; this row documents the episode's end. Level 3 source -> 0.5. [AGENT 1 REVISION 2026-10-02] National total - includes provinces not individually listed (overlaps the calendar-2009 Statistics Botswana district rows, which are annual totals). (reason: Agent 1: national/sub-national labelling)",AI
55,AFR::BWA,2008-11-19,2008-11-28,,3,1,,2008-11-28,45,Botswana Daily News Motsumi briefs MPs on cholera outbreak 28 November 2008,0.8,"Source states: 'She said on November 19th two travellers from Zimbabwe came to Sekgoma Memorial Hospital in Serowe with acute diarrhoea and were treated as suspected cholera cases . One case was later confirmed.' - interpreted as 3 sCh cases, 1 cCh confirmed cases. Health Minister Motsumi's briefing to Parliament (Daily News 28 Nov 2008) also reports 'A case of suspected cholera was reported in Nyangabgwe Hospital in Francistown on Wednesday from a Zimbabwean female' (Wed 26 Nov 2008). Interpreted as 3 suspected cases (1 confirmed) cumulative 19-28 Nov 2008 - the EARLIEST dated national count of the 2008-09 importation episode (first suspected cases 19 Nov 2008, Serowe). Later cumulative snapshots: 2 (OCHA 'Nov 08', WHO 8 Dec), 4 (15 Dec), 8 suspected/3 confirmed (17-18 Dec) - do not sum. National total - includes provinces not individually listed. [AGENT 5 REVISION 2026-10-03] SEMANTICS: CUMULATIVE-TO-DATE from the first cases (19 Nov 2008) = also the FIRST PERIOD INCREMENT of the government suspected-case chain (this row 3/1/0 -> row 76, 29 Nov-18 Dec 2008: 5/2/0 -> row 77, 19 Dec 2008-2 Mar 2009: 47/12/2; total 55/15/2). (reason: Agent 5: semantics; increment-chain anchor)",AI
56,AFR::BWA::Central::Serowe_Palapye,2008-11-19,2008-11-28,,2,1,,2008-11-28,45,Botswana Daily News Motsumi briefs MPs on cholera outbreak 28 November 2008,0.8,"Source states: 'She said on November 19th two travellers from Zimbabwe came to Sekgoma Memorial Hospital in Serowe with acute diarrhoea and were treated as suspected cholera cases . One case was later confirmed.' - interpreted as 2 sCh cases, 1 cCh confirmed cases. Two imported suspected cases (travellers from Zimbabwe) at Sekgoma Memorial Hospital, Serowe, 19 Nov 2008; one confirmed. Daily News 18 Dec 2008 (metadata Index 46) confirms 'one case was confirmed in the Serowe/ Palapye area (Sekgoma hospital)' and that the Serowe patient recovered and was discharged. Provincial subset - do not sum with national row. [AGENT 2 REVISION 2026-10-02] Corroboration (Agent 2, 2026-10-02): BOPA/Daily News 27 Nov 2008 'Health ministry on high alert' (MoH press release; archived day page https://web.archive.org/web/2008/http://www.gov.bw:80/cgi-bin/news.cgi?d=20081127): 'one person has been diagnosed with cholera in Serowe ... two travellers from Zimbabwe were admitted at Sekgoma Memorial Hospital in Serowe with acute diarrhoea and were treated as suspected cholera cases. Test results later confirmed that one of them was infected with cholera. ... the district health team followed up contacts of the two people in Serowe and that so far they have not found any cases indicative of cholera.' Same 2 suspected / 1 confirmed; no secondary cases among Serowe contacts by 27 Nov 2008. (reason: Agent 2: earlier MoH press-release corroboration from archived Daily News day page) [AGENT 5 REVISION 2026-10-03] SEMANTICS: CUMULATIVE-TO-DATE from the first cases (19 Nov) to 28 Nov 2008 = period count. Serowe/Palapye later had a second, locally acquired confirmed case in 2009 (Mmegi 2 Mar 2009: 'The second Motswana is from Palapye and has also reported never being out of the country recently'), consistent with CSO 2009 Serowe/Palapye 1 (row 29). (reason: Agent 5: semantics)",AI
57,AFR::BWA::North_West::Ngamiland,2009-01-28,2009-02-09,0,1,,0.00,2009-02-11,47,Botswana Daily News Maun cholera patient recovers 11 February 2009,0.75,"Source states: 'A 28-year-old Zimbabwean woman who was admitted at Letsholathebe II Memorial Hospital for Cholera treatment more than a week ago, is recovering.' - interpreted as 1 sCh cases, 0 deaths. Maun (Ngamiland): admitted for cholera treatment 'more than a week' before Monday 9 Feb 2009 (admission ~end Jan/1 Feb 2009); 'Her admission caused panic among Maun residents as it is the first case in the area.' Daily News 4 Feb 2009 headline 'Cholera case in Maun' (archived, fetch failed). Probably the same Ngamiland case as AI rows 37 (OCHA map, 1 case) and 53 (Mmegi, 1 death at Maun General) - do not sum. CONFLICT: patient recovering on 9 Feb per this source vs a death 'at Maun General' per the 2 Mar 2009 briefing report; the death may be a different patient or a later outcome. Provincial subset - do not sum with national row. [AGENT 1 REVISION 2026-10-02] Corroboration and date refinement (Agent 1): Daily News 4 Feb 2009 'Cholera case in Maun' (metadata Index 51): 'the woman was admitted last Wednesday with continuous diarrhea, vomiting and abdominal pains ... after samples were sent to Gaborone for testing, they came back positive showing that indeed she was a Cholera patient' - admission Wed 28 Jan 2009 (TL moved from 2009-01-30 to 2009-01-28), laboratory-confirmed case; 'This is the first case of its kind in Maun'. (reason: Agent 1: second BOPA source gives exact admission date and lab confirmation) [AGENT 2 REVISION 2026-10-02] Corroboration (Agent 2, 2026-10-02): BOPA/Daily News 10 Feb 2009 'Reduce fat consumption - Mafoko advises' (archived day page news.cgi?d=20090210): Letsholathebe II Memorial Hospital manager 'briefed them about the cholera outbreak in Maun saying that a single case has been reported in their village and health authorities have confirmed that the situation is under control ... there are no new cases so far' - Ngamiland/Maun count remained 1 at 10 Feb 2009. (reason: Agent 2: Maun single-case corroboration from archived Daily News day page) [AGENT 5 REVISION 2026-10-03] SEMANTICS: CUMULATIVE-TO-DATE (Ngamiland's first and only confirmed case) to 9 Feb 2009. OUTCOME (Agent 5): deaths=0 is correct for this window only - the patient died before ~2 Mar 2009: OCHA's 6 Mar and 3 Apr 2009 cumulative-deaths insets show Ngamiland 1 death (row 37) and Mmegi 2 Mar 2009 reports a death 'at ... Maun General' of a woman of Zimbabwean origin; the 'recovering' report (9 Feb) was a point-in-time statement, not contradicted. (reason: Agent 5: Maun death-vs-recovery adjudication)",AI
60,AFR::BWA,2007-01-01,2007-12-31,0,0,,0.0,2008-12-31,50,WHO AFRO The Work of WHO in the African Region 2006-2007 Biennial Report of the Regional Director AFR/RC58/2,0.8,"Source confirms zero cholera transmission 2007-01-01..2007-12-31. Source states: 'In 2007, 30 of the 46 countries reported cholera epidemics to the Regional Office (Figure 13).'. Evidence type: Inferred_Absence. Surveillance system status during absence: operational. Figure 13 'Countries affected by cholera in the African Region, 2007' (AFR/RC58/2 p.23, PDF p.35) shades each AFRO Member State 'Affected' or 'Not affected': Botswana is 'Not affected' (white), while land neighbours Namibia, Zambia and Zimbabwe (and Angola, Mozambique) are 'Affected'; South Africa also 'Not affected'. Agent 1 rendered the map at 400 dpi to confirm. Consistent with: Botswana absent from WER 83(31) 2008 'Cholera, 2007' Table 1 (Agent 1 batch 1); no cholera column in national notifiable-disease tables; MoH statement (Daily News 27 Aug 2025, metadata Index 17) that the last recorded cases were the few imported 2008-09 cases. INFERRED rather than documented because the classification reflects what Botswana reported (or did not report) to the Regional Office rather than an explicit national 'no cases' statement; confidence forced to 0.8. Surveillance operational: IDSR in place and notifiable-disease data for 2007 published (Statistics Botswana Health Statistics Stats Brief 2007-2015). Reporting date set to 2008-12-31 (report published for RC58, 2008). [AGENT 6 REVISION 2026-10-03] Agent 6 gap classification (2026-10-03): INFERRED_ABSENCE kept (0.8). Health system operational in 2007: Botswana reported measles to WHO for 2007 (1 case; WHO GHO WHS3_62, metadata 77), the national IDSR (adopted 2003) detected and responded to the 2006 diarrhoea epidemic (JEE 2017, metadata 27) and notifiable-disease data for 2007 were published (Statistics Botswana Stats Brief 2007-2015). Reporting relationship: Botswana sent no cholera returns to WHO in 1997-2007 even in years with documented national zeros (CDER 2000/2001 calibration, metadata 76), so the AFRO 'Not affected' classification reflects no report of cases rather than a zero report - hence Inferred. Regional context: absence during neighbour epidemics (Zambia 2 286, Namibia 14, Zimbabwe 65 in 2007; WHO GHO / WER 83(31)). (reason: Agent 6: health-system and reporting-relationship classification for 2007) [AGENT 6 REVISION 2026-10-03] Agent 6 corroboration (2026-10-03, metadata 81): Said et al., Water SA 37(4) 2011 (peer-reviewed, CSIR) - 'some countries which had previously been free of the disease, such as Botswana and Namibia, have also started reporting cases' (of the 2008-09 regional epidemic) and 'According to the WHO Weekly Epidemiological Records' annual cholera case summaries of 1995-2005, all SADC countries, with the exception of Botswana, Lesotho, Mauritius, Namibia and Seychelles, reported cholera'. Retrospective and partly derived from WHO non-reporting, so it corroborates rather than documents; label and confidence unchanged. (reason: Agent 6: retrospective peer-reviewed corroboration (Said et al. 2011))",AI
61,AFR::BWA,2002-01-01,2002-12-31,0,0,,0.0,2003-08-01,54,WHO Weekly Epidemiological Record 2003 78(31) Cholera 2002,0.6,"Source confirms zero cholera transmission 2002-01-01..2002-12-31. Source states: 'Cases were reported by 27 countries in Africa.'. Evidence type: Inferred_Absence. Surveillance system status during absence: operational. Botswana is not among the 27 African countries in WER 78(31) Table 1 'Cholera cases and deaths notified to WHO, 2002', although neighbours South Africa (10 004), Zimbabwe (3 125) and Zambia (339) are. Corroboration (Agent 1, batch 12): full-text read of 120 archived daily editions of the government Daily News/BOPA, 4 Jan - 19 Jul 2002 (metadata Index 52): no mention of cholera at all, whereas BOPA reported each individual imported case within days in 2008-09 (rows 55-57). Bracketing years are zero: CSO Health Statistics Report 2001 (documented, row 25) and 2003 (inferred, row 33); MoH (Daily News 27 Aug 2025, metadata Index 17): the country's last recorded cases were the few imported 2008-09 cases; WER 1997: Botswana had never experienced a cholera outbreak (to 1996). Surveillance operational: national notifiable-disease reporting (cholera notifiable by law - WHO AFRO food-safety country profile, 2004 capture), IDSR guidelines adapted 2002-2003 (WHO AFRO SAM 2004-05 CSR narrative). INFERRED, not documented: no source states zero cholera for 2002 explicitly and Aug-Dec 2002 editions were not read; confidence forced to 0.6. For Agent 3 to validate, upgrade or retract. [AGENT 1 REVISION 2026-10-02] Update (Agent 1, batch 12 Q20): the remaining Aug-Dec 2002 editions were also read (98 day pages, metadata Index 58): no cholera mention. Total 218 archived Daily News editions, 4 Jan - Dec 2002, zero cholera mentions; the 'Aug-Dec 2002 editions were not read' caveat above no longer applies. Still INFERRED (absence of reports, no explicit statement). (reason: Agent 1: full-year news-archive coverage completed) [AGENT 1 REVISION 2026-10-02] Correction: the Aug-Dec 2002 pages are recorded under metadata Index 52 (same archive URL; Index 58 does not exist - the writer reused Index 52 and its description now covers the full year). (reason: Agent 1: fix metadata index reference) [AGENT 3 REVISION 2026-10-03] Agent 3 review (2026-10-03): no year-specific positive statement for 2002 found - checked: Statistics Botswana full publication listing (no HSR 2002 online), archived CSO web health tables 2001-2004 (notifiable table covers malaria, measles, rabies, viral hepatitis, diarrhoea only; 'Fourteen such diseases are reported on a weekly basis' - surveillance operating), WHO AFRO RD reports 2002 and 2002-03 (no cholera country lists), ReliefWeb free-text 'cholera AND Botswana' 2002-2003 (40 items, no Botswana-cholera passage), Mashi study stool cultures 2001-2003 (no TCBS, cannot speak to Vibrio); Mmegi 2002 archive full-text scan blocked by Internet Archive rate limits (106 pages read, none mention cholera - not evidence). Label and confidence unchanged (Inferred_Absence 0.6). REGIONAL CONTEXT: absence during neighbour epidemics (South Africa 10 004, Zimbabwe 3 125, Zambia 339 cases in 2002 per WER 78(31)) - a stronger source would be needed to upgrade. (reason: Agent 3: document exhausted routes and regional context for the weak 2002 zero) [AGENT 4 REVISION 2026-10-03] Agent 4 (open lead (a) closed): headline/lead scan of the archived Mmegi 'news' section page for every 2002 edition captured by the Internet Archive (39 editions, Apr-Dec 2002; CDX list from Agent 3) - no cholera, diarrhoea or Vibrio mention (health items are HIV/AIDS and foot-and-mouth disease only). WHO AFRO Southern Africa IDS Network bulletins Jan/Apr/May/Jun/Jul/Aug 2002 (Wayback) cover AFP/measles for Botswana and report cholera only for Zimbabwe (Manicaland, Jan-May 2002); the AFRO IDS cumulative table weeks 1-39 2002 does not list Botswana. Silence only - not evidence of absence; no positive statement found. Label and confidence unchanged (Inferred_Absence 0.6). (reason: Agent 4: Mmegi 2002 headline scan and AFRO southern IDS bulletins 2002 - silence, route exhausted) [AGENT 6 REVISION 2026-10-03] Agent 6 gap-context decision (2026-10-03): KEEP as Inferred_Absence 0.6 - not downgraded, not retracted. (1) Reporting relationship: Botswana's absence from WER 78(31) 2002 is the same non-submission pattern seen in years with documented national zeros - WHO AFRO CDER No. 004 (Oct 2000) and IDS bulletin No. 0005 (Jul 2001) print Botswana's cholera cells as '-' ('No report') although CSO HSR 2000/2001 document zero cholera (rows 24, 25) and Botswana reported measles/meningitis/AFP to AFRO in the same tables (metadata 76); Botswana is also absent from every WER annual table 1997-2001 although CSO documents zero for those years. So the WHO-table silence for 2002 carries no information either way. (2) Health system 2002 operational: national notifiable-disease data for 2002 exist (Statistical Year Book 2003 Table 1.3.2 notifiable cases 1997-2003; HSR 2005 notifiable trends 2001-2005 - Agent 1); Botswana appears in the 2002 WHO AFRO Southern Africa IDS Network bulletins with AFP and measles data (Agent 4); IDSR guidelines adapted 2002-2003 (metadata 56); CSO reporting completeness 97.1% in 2001 and 92% in 2003 (bracketing years). (3) Regional context: neighbour epidemics in 2002 (South Africa 10 004, Zimbabwe 3 125, Zambia 339; GHO/WER 78(31)) - absence during a regional epidemic would normally need a stronger source, but Botswana recorded no cholera through every regional wave 1973-2007 (rows 15, 21-25, 33) and the government Daily News, which reported each imported case within days in 2008-09, has no cholera item in 218 editions of 2002. No year-specific statement naming cholera exists online (HSR 2002 not digitised), so the label stays Inferred and the confidence stays 0.6. (reason: Agent 6: classify 2002 - system operational, WHO silence uninformative (CDER calibration); keep Inferred_Absence 0.6) [AGENT 6 REVISION 2026-10-03] Agent 6 addendum (2026-10-03): Botswana reported measles to WHO for 2002 (7 cases; WHO GHO WHS3_62, metadata 77) - annual notifiable-disease reporting to WHO functioned in 2002 although no cholera return was filed (as in the documented-zero years 1997-2001). Classification unchanged: Inferred_Absence 0.6, surveillance operational. (reason: Agent 6: 2002 measles reporting as system-functioning evidence) [AGENT 6 REVISION 2026-10-03] Agent 6 corroboration (2026-10-03, metadata 81): Said et al., Water SA 37(4) 2011 (peer-reviewed, CSIR) - 'some countries which had previously been free of the disease, such as Botswana and Namibia, have also started reporting cases' (of the 2008-09 regional epidemic) and 'According to the WHO Weekly Epidemiological Records' annual cholera case summaries of 1995-2005, all SADC countries, with the exception of Botswana, Lesotho, Mauritius, Namibia and Seychelles, reported cholera'. Retrospective and partly derived from WHO non-reporting, so it corroborates rather than documents; label and confidence unchanged. (reason: Agent 6: retrospective peer-reviewed corroboration (Said et al. 2011)) [AGENT 7 REVISION 2026-10-03] AGENT 7 AUDIT (2026-10-03): 2002 Inferred_Absence 0.6 - label and weight CONFIRMED as defensible; no change. Reasoning: (1) not a Surveillance_Gap - the national system was operating (notifiable-disease data published, measles reported to WHO, AFP/meningitis reported to AFRO), so someone was looking; (2) not Documented - no source names cholera as zero for the year (the year's CSO/MoH Health Statistics Report is not online); (3) the WER-table silence is weak but not empty evidence: under the IHR (1969), in force until 2007, cholera was one of three notifiable diseases, and Botswana did use that channel (polio notified in 2004; cholera notified in 2008-09, when it appears in WER 84(31)/85(31)), so no WER entry = no IHR notification, while the CDER '-' cells (Agent 4) only show that Botswana never sent zero returns (calibrated by Agent 6 on 2000-01); (4) 0.6 sits at the weekly builder's INFERRED_ZERO_MAX (0.6), below the bracketing CSO-documented years (0.9) and the CSO-inferred 2003 (0.75) - correct ordering for the weakest years in 1970-2007. Regional context verified by Agent 3/6 (ZAF 10 004, ZWE 3 125, ZMB 339 in 2002). (reason: Agent 7: confirm 2002 label/weight after reviewing Agents 1, 3, 4, 6 evidence)",AI
62,AFR::BWA,2004-01-01,2004-12-31,0,0,,0.0,2005-08-05,55,WHO Weekly Epidemiological Record 2005 80(31) Cholera 2004,0.6,"Source confirms zero cholera transmission 2004-01-01..2004-12-31. Source states: 'The southern African subregion reported a total of 36 865 cases, representing 38% of all notified cases from Africa.'. Evidence type: Inferred_Absence. Surveillance system status during absence: operational. Botswana is not among the 31 African countries in WER 80(31) Table 1 'Cholera cases and deaths notified to WHO, 2004', although neighbours Zambia (12 149), South Africa (2 767) and Zimbabwe (119) are. Corroboration (Agent 1, batch 12): full-text read of 163 archived daily editions of the government Daily News/BOPA, 6 Jan - Sep 2004 (metadata Index 53): the only cholera mention is a generic regional remark in a SADC trade story (12 Jul 2004: 'Nkate said other threatening diseases such as malaria, cholera, tuberculosis and cancer are equally of serious concern and require undivided attention.'); no Botswana case, suspected case or alert. The same surveillance system detected and publicly reported an imported poliomyelitis case in April 2004 (WHO AFRO SAM 2004-05 CSR narrative lists 'Polio outbreak'), so it was sensitive to imported epidemic-prone disease that year. Bracketing years zero: CSO 2003 (inferred, row 33) and WHO annual 2005 (JHU baseline zero). Statistical Year Book 2007 Table 1.3.2 (notifiable diseases by district, 2004) has no cholera column (not used as evidence). INFERRED, not documented; Oct-Dec 2004 editions not read; confidence forced to 0.6. For Agent 3 to validate, upgrade or retract. [AGENT 1 REVISION 2026-10-02] Update (Agent 1, batch 12 Q20): the remaining Oct-Dec 2004 editions were also read (59 day pages, metadata Index 59): no cholera mention. Total 222 archived Daily News editions, 6 Jan - Dec 2004, with the generic SADC remark of 12 Jul 2004 as the only cholera mention; the 'Oct-Dec 2004 editions not read' caveat above no longer applies. Still INFERRED (absence of reports, no explicit statement). (reason: Agent 1: full-year news-archive coverage completed) [AGENT 1 REVISION 2026-10-02] Correction: the Oct-Dec 2004 pages are recorded under metadata Index 53 (same archive URL; Index 59 does not exist - the writer reused Index 53 and its description now covers the full year). (reason: Agent 1: fix metadata index reference) [AGENT 3 REVISION 2026-10-03] Agent 3 review (2026-10-03): no year-specific positive statement for 2004 found - checked: Statistics Botswana listing (no HSR 2004 online; HSR 2005 notifiable trends omit cholera), archived CSO web tables (2004 capture: no cholera line), WHO AFRO RD reports 2004 and 2004-05 (no cholera country lists or footnotes), ReliefWeb free-text 'cholera AND Botswana' 2004 (19 items incl. OCHA Southern African Humanitarian Crisis Updates Feb/Mar/May 2004 - no Botswana-cholera passage), allAfrica; Mmegi 2004 archive scan blocked by Internet Archive (recommend a headline scan of the ~250 archived 2004 day index pages when access allows). Label and confidence unchanged (Inferred_Absence 0.6). REGIONAL CONTEXT: absence during neighbour epidemics (Zambia 12 149, South Africa 2 767, Zimbabwe 119 cases in 2004, WER 80(31)). (reason: Agent 3: document exhausted routes and regional context for the weak 2004 zero) [AGENT 4 REVISION 2026-10-03] Agent 4 review (metadata 70): the archived WHO AFRO 'Communicable Diseases Epidemiological Report' (CDER) issues for Feb, Mar, Jun, Jul, Aug, Sep and Oct 2004 (cumulative tables Jan 2004 to Jan-Sep 2004, updated to 23 Nov 2004) print Botswana's cholera cells as '-' (legend '""-"" no report', later '""-"" no report or no case'), not '0', although Botswana does appear with meningitis (15 cases, 0 deaths, Jan-Jun 2004) and AFP indicators; the Feb 2004 IDSR status table records Botswana 'Submits monthly report to AFRO (2004): No'. So Botswana's absence from WER 80(31) and AFRO 2004 cholera tables reflects non-submission of a cholera return to WHO, NOT a reported zero - the WHO-table part of this row's evidence carries little weight; the inference rests on the full-year Daily News silence, bracketing national zeros and the regional/IHR context. No contradicting report of cholera in Botswana in 2004 in any CDER issue (cholera table lists ZAF 2,330, ZMB 11,782, ZWE 114, SWZ 1,075, MOZ 20,132 for Jan-Jun 2004). Label and confidence unchanged (Inferred_Absence 0.6). (reason: Agent 4: AFRO CDER 2004 shows Botswana cholera 'no report' (not zero); weight of WHO-table evidence clarified) [AGENT 4 REVISION 2026-10-03] Agent 4 (open lead (a) closed): headline/lead scan of the archived Mmegi 'news' section page for 232 of 236 Internet-Archive-captured 2004 editions (Jan-Dec 2004) - no cholera, diarrhoea or Vibrio mention (health items: HIV/AIDS, FMD); WHO AFRO Southern Africa IDS bulletin Jun 2004 covers AFP/NNT/measles only. Silence only; no positive statement found. Label and confidence unchanged (Inferred_Absence 0.6). (reason: Agent 4: Mmegi 2004 headline scan - silence, route exhausted) [AGENT 6 REVISION 2026-10-03] Agent 6 gap-context decision (2026-10-03): KEEP as Inferred_Absence 0.6 - not downgraded, not retracted. Calibration of Agent 4's CDER finding (metadata 76): in the archived WHO AFRO CDER No. 004 (Oct 2000, Table 4, Jan-Sep 2000) and IDS bulletin No. 0005 (Jul 2001, Table 3, Jan-Jul 2001) Botswana's cholera cells are also '-' ('No report') although the national CSO Health Statistics Reports document zero cholera for 2000 and 2001 (rows 24, 25; 97.1% reporting completeness) and Botswana reported measles (161, 2000), meningitis (13, 2001) and AFP indicators to AFRO in the same tables. The '-' cells of 2003-2004 are therefore Botswana's standing practice of not sending cholera zero returns to AFRO, not a sign that national surveillance stopped working in 2004. Health-system evidence for 2004 (national system operational): notifiable-disease data for 2004 exist (Statistical Year Book 2007 Table 1.3.2 'notifiable diseases by district, 2004'; HSR 2005 notifiable trends 2001-2005 - Agent 1), Botswana reported meningitis (15 cases, Jan-Jun 2004) and AFP indicators to AFRO (CDER 2004, metadata 70), and the system detected and reported an imported poliomyelitis case in 2004 (metadata 56). Regional context: neighbour epidemics (Zambia 12 149, South Africa 2 767, Zimbabwe 119 in 2004; GHO); Botswana recorded no cholera before Nov 2008 despite every regional wave since 1973 (rows 15, 21-25), and the 2008-09 importation from a ~98 000-case Zimbabwean epidemic produced only ~15 confirmed cases, so an undetected 2004 importation, if any, would have been a handful of cases. Still no year-specific statement naming cholera, so the label stays Inferred and the confidence stays 0.6. (reason: Agent 6: CDER 2000/2001 calibration shows the AFRO 'no report' cell is uninformative for Botswana; keep Inferred_Absence 0.6) [AGENT 6 REVISION 2026-10-03] Agent 6 addendum (2026-10-03): further 2004 health-system evidence - Botswana reported measles to WHO for 2004 (1 case; WHO GHO WHS3_62, metadata 77), and the WHO JEE mission (Dec 2017, metadata 27) records that 'The last event reported to WHO was for poliomyelitis in 2004', i.e. the formal IHR notification channel was used in 2004 for an imported epidemic-prone disease. Classification unchanged: Inferred_Absence 0.6, surveillance operational. (reason: Agent 6: 2004 measles reporting and IHR polio notification as system-functioning evidence) [AGENT 6 REVISION 2026-10-03] Agent 6 corroboration (2026-10-03, metadata 81): Said et al., Water SA 37(4) 2011 (peer-reviewed, CSIR) - 'some countries which had previously been free of the disease, such as Botswana and Namibia, have also started reporting cases' (of the 2008-09 regional epidemic) and 'According to the WHO Weekly Epidemiological Records' annual cholera case summaries of 1995-2005, all SADC countries, with the exception of Botswana, Lesotho, Mauritius, Namibia and Seychelles, reported cholera'. Retrospective and partly derived from WHO non-reporting, so it corroborates rather than documents; label and confidence unchanged. (reason: Agent 6: retrospective peer-reviewed corroboration (Said et al. 2011)) [AGENT 7 REVISION 2026-10-03] AGENT 7 AUDIT (2026-10-03): 2004 Inferred_Absence 0.6 - label and weight CONFIRMED as defensible; no change. Reasoning: (1) not a Surveillance_Gap - the national system was operating (notifiable-disease data published, measles reported to WHO, AFP/meningitis reported to AFRO), so someone was looking; (2) not Documented - no source names cholera as zero for the year (the year's CSO/MoH Health Statistics Report is not online); (3) the WER-table silence is weak but not empty evidence: under the IHR (1969), in force until 2007, cholera was one of three notifiable diseases, and Botswana did use that channel (polio notified in 2004; cholera notified in 2008-09, when it appears in WER 84(31)/85(31)), so no WER entry = no IHR notification, while the CDER '-' cells (Agent 4) only show that Botswana never sent zero returns (calibrated by Agent 6 on 2000-01); (4) 0.6 sits at the weekly builder's INFERRED_ZERO_MAX (0.6), below the bracketing CSO-documented years (0.9) and the CSO-inferred 2003 (0.75) - correct ordering for the weakest years in 1970-2007. Regional context verified by Agents 3/4/6 (ZMB 12 149, ZAF 2 767, ZWE 119 in 2004). (reason: Agent 7: confirm 2004 label/weight after reviewing Agents 1, 3, 4, 6 evidence)",AI
63,AFR::BWA::Francistown,2008-11-01,2009-01-08,0,2,2,0.00,2009-01-09,10,OCHA Regional Update No 3 Cholera Outbreaks Southern Africa 9 January 2009,0.8,"Source states: 'FRANCISTOWN (2 CASES) CFR = 0%' - interpreted as 2 sCh cases, 2 cCh confirmed cases, 0 deaths. Map label on OCHA ROSA map 'CHOLERA IN SOUTHERN AFRICA AS OF 8TH JANUARY 2009' (Regional Update No.3, PDF p.6, 'Cumulative cases as of 08.01.2009', data at provincial level, sources Ministries of Health), read visually from the page rendered at 200 dpi (Agent 2). Narrative of the same update: 'WHO reports that as of 8 January 2009 five confirmed cases were reported in the country, all of whom had recently travelled to Zimbabwe' - map cases are therefore confirmed (cCh = sCh). Botswana map labels on this date: Francistown 2, Central Region 2, Southern 1 (sum 5 = national 5; parts do not exceed the whole). Consistent with Francistown 2 confirmed by 8 Dec 2008 (AI row 51, Mmegi), 2 by 15 Dec (row 46) and 2 by 30 Jan 2009 (row 42, OCHA No.5 map) - same two cases, cumulative, do not sum across dates. Provincial subset - do not sum with national row (AI row 10: 5 confirmed, 0 deaths, 1 Nov 2008 - 8 Jan 2009). [AGENT 5 REVISION 2026-10-03] SEMANTICS: CUMULATIVE-TO-DATE (OCHA No.3 map snapshot); do not sum across dates. The map's third Botswana label 'SOUTHERN (1 CASE)' stays unrecorded (Agent 2's decision confirmed by Agent 5): OCHA's later editions contradict it (No.4 has no Southern label; No.5 reports the first Kanye case as new, 23-30 Jan) - later (more final) editions win. (reason: Agent 5: semantics; Southern-label adjudication)",AI
64,AFR::BWA::Central,2008-11-01,2009-01-08,0,2,2,0.00,2009-01-09,10,OCHA Regional Update No 3 Cholera Outbreaks Southern Africa 9 January 2009,0.8,"Source states: 'CENTRAL REGION (2 CASES) CFR = 0%' - interpreted as 2 sCh cases, 2 cCh confirmed cases, 0 deaths. Map label on OCHA ROSA map 'CHOLERA IN SOUTHERN AFRICA AS OF 8TH JANUARY 2009' (Regional Update No.3, PDF p.6, cumulative cases as of 08.01.2009), read visually from the rendered page (Agent 2). Narrative: 'as of 8 January 2009 five confirmed cases were reported in the country' -> confirmed (cCh = sCh). Probably the two confirmed Central District cases known from BOPA/MoH reporting (Serowe/Palapye, Sekgoma hospital, 19 Nov 2008, AI row 56; Tutume sub-district, Dec 2008, JHU baseline row 3), but the map does not name them. Central rose to 4 by 22 Jan (AI row for OCHA No.4 map) and 4 by 30 Jan 2009 (row 43), 10 by 3 Mar 2009 (row 38) - cumulative snapshots, do not sum across dates. Provincial subset - do not sum with national row (AI row 10: 5 confirmed to 8 Jan 2009). The same map's third Botswana label 'SOUTHERN (1 CASE)' was NOT recorded: OCHA's later editions place that case in South East (No.4 map, 23 Jan) and report the first Southern District (Kanye) case as new between 23 and 30 Jan (No.5), so the 8 Jan Southern attribution is uncorroborated. [AGENT 5 REVISION 2026-10-03] SEMANTICS: CUMULATIVE-TO-DATE (OCHA No.3 map snapshot); do not sum across dates. (reason: Agent 5: semantics)",AI
65,AFR::BWA::Central,2008-11-01,2009-01-22,0,4,,0.00,2009-01-23,9,OCHA Regional Update No 4 Cholera AWD Outbreaks Southern Africa 23 January 2009,0.8,"Source states: 'Central 4; 0' - interpreted as 4 sCh cases, 0 deaths. Map label (No.Cases; No.Deaths) on the OCHA ROSA map 'CHOLERA OUTBREAKS / ACUTE WATERY DIARRHEA IN SOUTHERN AFRICA - REGIONAL UPDATE NO.4 - 23 JANUARY 2009' (PDF p.6, 'CASES BY PROVINCE'; summary table Botswana 6 cases, 0 deaths, period 01-Nov-08 to 22-Jan-09), read visually from the page rendered at 200 dpi (Agent 2). Narrative: 'Between 1 November 2008 and 22 January 2009 a total of six cases of cholera have been reported, all emanating from Zimbabwe, in three regions (South-East, Francistown and Central). No deaths have been registered'. Botswana labels on this map: North East 1; 0 (= the narrative's Francistown), Central 4; 0, South East 1; 0 - sum 6 = national 6 (parts do not exceed the whole). Central was 2 on 8 Jan (OCHA No.3 map), 4 on 30 Jan (row 43), 10 on 3 Mar 2009 (row 38) - cumulative snapshots, do not sum across dates. Cases not stated as confirmed -> cCh blank (as national row 9). Provincial subset - do not sum with national row (AI row 9: 6 cases, 0 deaths, 1 Nov 2008 - 22 Jan 2009). [AGENT 5 REVISION 2026-10-03] SEMANTICS: CUMULATIVE-TO-DATE (OCHA No.4 map snapshot); do not sum across dates. (reason: Agent 5: semantics)",AI
66,AFR::BWA::South_East,2008-11-01,2009-01-22,0,1,,0.00,2009-01-23,9,OCHA Regional Update No 4 Cholera AWD Outbreaks Southern Africa 23 January 2009,0.8,"Source states: 'South East 1; 0' - interpreted as 1 sCh cases, 0 deaths. Map label (No.Cases; No.Deaths) on the OCHA ROSA map 'REGIONAL UPDATE NO.4 - 23 JANUARY 2009' (PDF p.6; Botswana period 01-Nov-08 to 22-Jan-09), read visually from the rendered page (Agent 2); the label's leader line points to South East District. Narrative names the region 'South-East': 'a total of six cases of cholera have been reported, all emanating from Zimbabwe, in three regions (South-East, Francistown and Central)'. Earliest dated South East District count found. Probably the same case shown as 'Gaborone Region 1; 1' (one case, one death) on the No.5 map of 9 Feb 2009 (AI row 44) and within 'South East 2' on the 3 Apr 2009 province map (row 41); CSO Health Statistics 2009 records South-East 1 for calendar 2009 (row 32). Provincial subset - do not sum with national row (AI row 9: 6 cases to 22 Jan 2009). [AGENT 5 REVISION 2026-10-03] SEMANTICS: CUMULATIVE-TO-DATE (OCHA No.4 map snapshot). The South East case on this date may be the patient who died 23-30 Jan ('Gaborone Region 1; 1' on 9 Feb, row 44; later mapped to Kweneng, row 39) or a different case - not resolvable from the sources. (reason: Agent 5: semantics)",AI
67,AFR::BWA::Francistown,2008-11-01,2009-01-22,0,1,,0.00,2009-01-23,9,OCHA Regional Update No 4 Cholera AWD Outbreaks Southern Africa 23 January 2009,0.6,"Source states: 'between 1 November 2008 and 22 January 2009 a total of six cases of cholera have been reported, all emanating from Zimbabwe, in three regions (South-East, Francistown and Central)' - interpreted as 1 sCh cases, 0 deaths. Count from the OCHA ROSA Regional Update No.4 map (23 Jan 2009, PDF p.6), whose Botswana label reads 'North East 1; 0' (read visually from the rendered page, Agent 2). LOCATION: the map's district layer has no separate Francistown polygon; the update's own narrative names the three affected regions as South-East, Francistown and Central, and the map's three labels are South East, North East and Central, so the North East label denotes the Francistown region (Francistown city is enclaved in North East District). OCHA's adjacent editions label the same area 'FRANCISTOWN (2 CASES)' (No.3 map, 8 Jan 2009) and 'Francistown Region 2; 0' (No.5 map, 30 Jan 2009). CONFLICT: a cumulative count of 1 on 22 Jan is inconsistent with 2 on 8 Jan and 2 on 30 Jan in the same OCHA series (and with Mmegi: 2 confirmed by 8 Dec 2008, row 51) - probably one Francistown-treated case (e.g. the Tutume patient referred to Nyangabgwe) was counted under Central (4) on this map; recorded as published, confidence forced to 0.6. For Agent 5. Provincial subset - do not sum with national row (AI row 9: 6 cases to 22 Jan 2009). [AGENT 2 REVISION 2026-10-02] Supporting (Agent 2): BOPA/Daily News 17 Dec 2008 'Sub-district registers three suspected cholera cases' (Tutume) states 'Confirmed cases have already been reported in the North East and Serowe/Palapye areas' - Botswana health officials themselves referred to the Francistown (Nyangabgwe/Jubilee) cases as 'North East', consistent with mapping the OCHA No.4 'North East' label to Francistown. (reason: Agent 2: supporting evidence for location mapping) [AGENT 5 REVISION 2026-10-03] SEMANTICS: CUMULATIVE-TO-DATE (OCHA No.4 map snapshot). Agent 5 confirms the flag: within-stream non-monotonic (Francistown 2 on 8 Jan -> 1 on 22 Jan -> 2 on 30 Jan); kept as published at 0.6. From 6 Mar 2009 Francistown is included in 'Central 10' (row 38). (reason: Agent 5: semantics; monotonicity flag)",AI
68,AFR::BWA::Selebi-Phikwe,2008-10-01,2009-03-03,0,0,,0.0,2009-03-04,58,Mmegi Selebi-Phikwe grapples with drugs shortage 4 March 2009,0.5,"Source confirms zero cholera transmission 2008-10-01..2009-03-03. Source states: 'Though in Selebi-Phikwe we have not experienced any cholera case, we have been on high alert since October 2008.'. Evidence type: Documented_Absence. Surveillance system status during absence: operational. Statement by the Mayor of Selebi-Phikwe (Mojuta) to the town council, reported by Mmegi on Wed 4 Mar 2009 (meeting date not given; TR set to 3 Mar 2009, the day before publication; TL = 1 Oct 2008, start of the town's cholera alert as stated). A town-level zero DURING the national 2008-09 importation episode (national cumulative 55 suspected / 15 confirmed / 2 deaths by 2 Mar 2009, AI rows 52 and 2), i.e. it locates the episode's absence, not a national zero restated. Consistent with OCHA's 3 Apr 2009 province map (no Selebi-Phikwe case; Central 10 covers Tutume, Serowe/Palapye and others) and Statistics Botswana Health Statistics 2009 Table 3.10 (no Selebi-Phikwe cholera, rows 26-32); Bobirwa/Letsibogo Dam (Mmadinare) was on alert after V. cholerae was found in Shashe Dam (environmental detection, not a case). Surveillance operational: the town's rapid response team had met repeatedly and MoH had activated surveillance in all districts (OCHA Update No.8). Level 3 newspaper report of a local-government statement -> 0.5. Provincial subset - do not sum with national row. [AGENT 2 REVISION 2026-10-03] Corroboration (Agent 2): Statistics Botswana Health Statistics Report 2009 Table 3.10 'Notifiable disease by type and Health District-2009' (metadata Index 24, PDF p.116, re-read by Agent 2) lists 'Selibe Phikwe' with 0 cholera cases and 0 deaths for calendar 2009 (national total 11 cases, 1 death). The same table also shows 0 for Tutume, Bobirwa, Southern and Kweneng East although OCHA reports confirmed cases in Tutume, Kanye (Southern) and Kweneng to 3 Mar 2009, so the CSO table is incomplete for cholera and was not used to create district zero rows. (reason: Agent 2: CSO 2009 district table corroboration and caveat)",AI
69,AFR::BWA::Kgatleng,2023-01-01,2023-12-31,0,0,,0.0,2024-01-30,59,The Voice Botswana in the Cholera clear for now 30 January 2024,0.5,"Source confirms zero cholera transmission 2023-01-01..2023-12-31. Source states: 'He revealed there were a few 'false alarms' in Francistown, Hukuntsi, Kgatleng last year. All of them were people who travelled abroad and upon arrival they reported diarrhea, but upon further investigations they were found to be negative'. Evidence type: Documented_Absence. Surveillance system status during absence: operational. Acting Executive Director of the Botswana Public Health Institute (Dr Thebeyame Macheke) to The Voice, 30 Jan 2024: 'not a single case of Cholera has been reported in the country thus far' and the 2023 suspected-case alerts in Kgatleng (and Francistown, Hukuntsi) were investigated and found negative. District-specific lab-negative evidence for Kgatleng District in 2023 (exact date of the Kgatleng alert not given, so the row spans calendar 2023), new information not previously captured (the only 2023 alert in the dataset was the Francistown case of 15-19 Jun 2023, AI row 4). Regional context: South Africa's 2023 outbreak (Hammanskraal, Gauteng, May-Jul 2023) and Zimbabwe's 2023 outbreak were concurrent; Kgatleng borders South Africa. Surveillance operational (alerts detected, investigated, laboratory-tested). Level 3 newspaper quoting the national public health institute -> 0.5. Provincial subset - do not sum with national row (national zero for 2023: JHU baseline WHO annual; AI row 4).",AI
70,AFR::BWA::Kgalagadi,2023-01-01,2023-12-31,0,0,,0.0,2024-01-30,59,The Voice Botswana in the Cholera clear for now 30 January 2024,0.5,"Source confirms zero cholera transmission 2023-01-01..2023-12-31. Source states: 'He revealed there were a few 'false alarms' in Francistown, Hukuntsi, Kgatleng last year. All of them were people who travelled abroad and upon arrival they reported diarrhea, but upon further investigations they were found to be negative'. Evidence type: Documented_Absence. Surveillance system status during absence: operational. Hukuntsi is the seat of the Kgalagadi North health district, Kgalagadi District; recorded at district (adm1) level because the source names only the village. Acting Executive Director of the Botswana Public Health Institute (Dr Thebeyame Macheke) to The Voice, 30 Jan 2024: 'not a single case of Cholera has been reported in the country thus far'; the 2023 Hukuntsi suspected-case alert (a traveller returning from abroad with diarrhoea) was investigated and found negative. Exact date not given, so the row spans calendar 2023. New district-specific lab-negative information (not previously captured). Surveillance operational. Level 3 newspaper quoting the national public health institute -> 0.5. Provincial subset - do not sum with national row (national zero for 2023: JHU baseline WHO annual; AI row 4).",AI
71,AFR::BWA::Kweneng::Mogoditshane_Thamaga,2023-06-01,2023-06-22,0,0,,0.0,2023-06-22,60,Botswana Daily News Mogoditshane to get new hospital 22 June 2023,0.7,"Source confirms zero cholera transmission 2023-06-01..2023-06-22. Source states: 'there was diarrhoea outbreak at Mogoditshane Senior Secondary School which had affected more than 20 learners. However, he stated that all the learners had tested negative for cholera since there was a cholera outbreak in neighbouring countries.'. Evidence type: Documented_Absence. Surveillance system status during absence: operational. Mogoditshane/Thamaga sub-district council chairperson (Mr Ofentse Mafoko) at the council's full session, BOPA report dated 22 Jun 2023 (location Mogoditshane). The outbreak date is not given ('recently'); window set to June 2023 up to the report date (month-level convention for an incomplete date; TR cannot exceed the reporting date). A school diarrhoea cluster (>20 learners) in Kweneng District investigated during the South African (Hammanskraal) and Zimbabwean 2023 outbreaks and laboratory-tested negative for cholera - district-specific lab-negative evidence not previously captured. Location: Mogoditshane/Thamaga sub-district of Kweneng (the source names the sub-district council and the school in Mogoditshane). Surveillance operational (cluster detected, tested, learners isolated). Provincial subset - do not sum with national row (AI row 4, national zero 15-19 Jun 2023; JHU WHO annual 2023 zero).",AI
72,AFR::BWA,2018-09-03,2018-10-21,0,0,,0.0,2024-03-07,61,Weldegebriel et al. 2024 Vaccine 42(7) Resurgent rotavirus diarrhoea outbreak Botswana 2018 (PMC10953700),0.9,"Source confirms zero cholera transmission 2018-09-03..2018-10-21. Source states: 'Microbiological analysis ruled out cholera as cause of the outbreak.'. Evidence type: Documented_Absence. Surveillance system status during absence: operational. Weldegebriel et al., Vaccine 2024 (WHO and Ministry of Health and Wellness authors), investigation of the national Sept-Oct 2018 diarrhoea outbreak: 'In week 36 (week ending 9 September 2018), the Department of Public Health and Diseases Control of the Ministry of Health and Wellness noticed a significant increase in reported cases of diarrhea with dehydration in children under five years of age' and 'The country came out of the epidemic phase during week 42' -> TL/TR = ISO weeks 36-42 of 2018 (3 Sep - 21 Oct 2018). 'Out of the 634 stool samples collected from children and tested for different pathogens in different laboratories in the country, 228 were sent to the National Health Laboratory (NHL)'; Table 1 positives: rotavirus, Cryptosporidium 6, Salmonellae 4, EPEC 3, adenovirus 1, Shigella 1, Taenia 1 - no Vibrio cholerae. Surveillance operational: IDSR weekly thresholds detected the outbreak within its first week; NHL culture capacity. Nests AI row 3 (WHO AFRO: 22 NHL stool cultures negative for V. cholerae, 8-19 Oct 2018) - same national absence, independent source; zeros, nothing to double count. REGIONAL CONTEXT: absence during a neighbour epidemic - Zimbabwe declared the Harare cholera outbreak on 6 Sep 2018 (WHO DON 20 Sep 2018: 3621 suspected cases, 32 deaths by 15 Sep), so a laboratory-tested source is required and this is one. JHU baseline carries a 2018 annual phantom zero (0.7) that takes priority in the weekly builder; this row strengthens the evidence record for weeks 36-42. Limitation: stool testing targeted under-5 children; adults were not systematically cultured.",AI
73,AFR::BWA,2018-01-01,2019-06-30,0,0,,0.0,2019-07-11,63,SADC RVAA Synthesis Report on the State of Food and Nutrition Security and Vulnerability in Southern Africa 2019 (Update II),0.75,"Source confirms zero cholera transmission 2018-01-01..2019-06-30. Source states: 'Cholera cases vary widely among SADC Member States, with some countries like South Africa, Lesotho, Eswatini, Madagascar, Botswana and Namibia recording no cases since 2018.'. Evidence type: Documented_Absence. Surveillance system status during absence: operational. SADC RVAA Synthesis Report 2019 (Update II), p.13; preceding sentences fix the period: 'An estimated 50,750 cholera cases and 266 deaths were reported across the region in 2018. In the first half of 2019, about 28,260 cases and 886 deaths have been reported.' -> TL 2018-01-01, TR 2019-06-30 (first half of 2019); reporting date = SADC launch 11 Jul 2019. Explicit statement by the regional intergovernmental body of which Botswana is a member; likely compiled from WHO/UNICEF regional reporting rather than a separate national zero report, hence 0.75 (Level 2 band). Cross-checked: WHO WER 94(48) 'Cholera, 2018' lists no South Africa/Namibia/Botswana cases (Lesotho and Eswatini zero-reported), WER 95(37) lists Botswana among countries reporting 0 cases for 2019 (= JHU baseline 2019 zero). Surveillance operational: IDSR weekly thresholds detected the Sept-Oct 2018 national diarrhoea outbreak, in which cholera was laboratory-ruled-out (AI rows 72 and 3, nested inside this row; zeros, nothing to double count). REGIONAL CONTEXT: absence during neighbour epidemics - Zambia 4 082 cases (Lusaka, Oct 2017-May 2018) and Zimbabwe 10 692 cases (Harare, from Sep 2018) in WER 94(48); South Africa and Namibia none. First whole-year AI evidence for 2018, a year for which the JHU baseline carries only a phantom (not reported) zero; JHU takes priority in the weekly builder, so this row strengthens the evidence record.",AI
74,AFR::BWA,1978-01-01,1978-06-01,0,0,,0.0,1978-06-01,67,JPRS World Epidemiology Review No 96 14 July 1978 reprinting Botswana Daily News 1 June 1978 Cholera spreads in East Africa Botswana unaffected,0.8,"Source confirms zero cholera transmission 1978-01-01..1978-06-01. Source states: 'There has never been any outbreak of cholera in Botswana. Medical authorities have enough facilities to combat any outbreak. A Ministry of Health spokesman explained that vaccinations are administered to people as a preventative measure. The spokesman added, however, that there is no threat of a cholera outbreak in the country.'. Evidence type: Documented_Absence. Surveillance system status during absence: partial. Botswana Daily News, 1 Jun 1978, p.3, 'CHOLERA SPREADS IN EAST AFRICA; BOTSWANA UNAFFECTED', reprinted verbatim in JPRS World Epidemiology Review No. 96 (14 Jul 1978, DTIC ADA376933, p.1; OCR shows a stray comma after 'There' and the hyphenation 'Medi-cal', normalised in the quote). Contemporaneous national (Ministry of Health) statement made during the 1977-78 Tanzania/East Africa epidemic. Window: the statement is retrospective ('never') and present-tense ('no threat ... in the country') as of 1 Jun 1978; this row is bounded to the year-specific part, 1978-01-01..1978-06-01; Jun-Dec 1978 is not covered by this source. Surveillance partial: Botswana reported on the functioning of the International Health Regulations for 1978 (WER Annex I, metadata 66) and WHO received its Monthly Epidemiological Bulletin from 1979; reporting completeness for 1978 is not documented. Statement concerns outbreaks; sporadic unnotified cases cannot be strictly excluded, but Botswana is absent from WER 'Cholera in 1978' (Agent 1 sweep). Year-specific contemporaneous national corroboration of AI Idx15 (WER 1997 retrospective, 1970-1996); overlapping zero rows - not additive. Level 2 (government newspaper quoting MoH, via US JPRS translation/reprint service).",AI
75,AFR::BWA,2009-01-09,2009-01-30,1,3,3,33.33,2009-02-09,11,OCHA Regional Update No 5 Cholera AWD Outbreaks Southern Africa 9 February 2009,0.7,"Source states: 'This brings the total number of confirmed cholera cases to eight and one death since 01 November 2008 in the Central, Francistown, Gabarone and Southern Districts.' - interpreted as 3 sCh cases, 3 cCh confirmed cases, 1 deaths. DERIVED PERIOD INCREMENT (Agent 5, 2026-10-03; same-stream, same-definition differencing per the Chad 2025 precedent): OCHA ROSA confirmed-case cumulative 8 cases/1 death to 30 Jan 2009 (Regional Update No.5, this source; Table 1 '8 1 12.1 01 Nov 08 -30 Jan 09'; AI row 11) minus 5 confirmed/0 deaths to 8 Jan 2009 (Regional Update No.3, metadata 10: 'WHO reports that as of 8 January 2009 five confirmed cases were reported in the country'; Table 1 '5 0 0.00% 01 Nov 08 - 08 Jan 09'; AI row 10) = 3 new confirmed cases and 1 death in 9-30 Jan 2009. Both editions state 'confirmed'; Update No.4 (6 cases to 22 Jan, definition not stated) deliberately not used for differencing. The death is the episode's first ('one fatality was reported in the capital city of Gabarone'; No.4: 'No deaths have been registered' to 22 Jan) - the man of Zimbabwean origin from Mogoditshane (Kweneng), see rows 39, 44, 30. One of the 3 new cases is the Kanye case (row 14). CFR 33% on 3 cases is a small-number artefact. SEMANTICS: PERIOD INCREMENT - second link of the OCHA confirmed-case chain: row 10 (1 Nov 2008-8 Jan 2009: 5/0) -> this row (3/1) -> row 12 (31 Jan-3 Mar 2009: 7/1) -> row 13 (4 Mar-24 May 2009: 0); chain total 15 cases/2 deaths = OCHA episode total. National total - includes provinces not individually listed (district rows 14, 42-44, 65-67 overlap; do not sum). Do not sum with cumulative national rows or with the government suspected-case chain (row 55 and the Agent 5 derived rows 2008-11-29..2008-12-18 and 2008-12-19..2009-03-02).",AI
76,AFR::BWA,2008-11-29,2008-12-18,0,5,2,0.00,2008-12-18,46,Botswana Daily News Ministry records eight suspected cholera cases 18 December 2008,0.7,"Source states: 'Botswana has so far recorded eight suspected cases of cholera. ... of the eight, only three have been confirmed to be cholera not four as reported in the media.' - interpreted as 5 sCh cases, 2 cCh confirmed cases, 0 deaths. DERIVED PERIOD INCREMENT (Agent 5, 2026-10-03; same-stream, same-definition differencing per the Chad 2025 precedent): Ministry of Health cumulative national count at the Director of Public Health's 17-18 Dec 2008 media briefing (this source, re-read via Internet Archive capture 20090114084221: 8 suspected, 3 confirmed, 0 deaths - 'the Serowe patient and the one from Francistown recovering and being discharged whilst the remaining patient in Francistown is still in isolation') minus the Health Minister's cumulative count to Parliament on 27-28 Nov 2008 (Daily News 28 Nov 2008, metadata 45, AI row 55: 'She said on November 19th two travellers from Zimbabwe came to Sekgoma Memorial Hospital in Serowe with acute diarrhoea and were treated as suspected cholera cases . One case was later confirmed.' plus 'A case of suspected cholera was reported in Nyangabgwe Hospital in Francistown on Wednesday from a Zimbabwean female' = 3 suspected, 1 confirmed, 0 deaths) = 5 new suspected, 2 new confirmed, 0 deaths in 29 Nov-18 Dec 2008 (second Francistown case admitted 7 Dec/confirmed 8 Dec, row 51; Tutume/Mafungo-Hubona cases recorded 8-14 Dec, JHU Tutume row). Same stream (MoH official national counts carried by the government news agency BOPA/Daily News) and same case definitions (suspected; confirmed). SEMANTICS: PERIOD INCREMENT - second link of the government suspected-case chain: row 55 (19-28 Nov 2008: 3/1/0) -> this row (5/2/0) -> Agent 5 derived row 2008-12-19..2009-03-02 (47/12/2); chain total 55 suspected/15 confirmed/2 deaths = MoH episode total (rows 52, 2). National total - includes provinces not individually listed (Francistown, Serowe/Palapye and the JHU Tutume district rows overlap; do not sum). Do not sum with cumulative national rows (34, 35, 36, 45) or with the OCHA confirmed-case chain (rows 10, 75, 12, 13).",AI
77,AFR::BWA,2008-12-19,2009-03-02,2,47,12,4.26,2009-03-02,43,Mmegi Cholera Cases On The Upswing - Director 2 March 2009,0.5,"Source states: 'She revealed that since February 24 this year, 55 suspected cases of cholera have been reported in various districts. El-Halabi said of the 55, 15 have been confirmed to be cholera and of the number, two deaths have been reported at Princess Marina and Maun General hospitals.' - interpreted as 47 sCh cases, 12 cCh confirmed cases, 2 deaths. DERIVED PERIOD INCREMENT (Agent 5, 2026-10-03; same-stream, same-definition differencing per the Chad 2025 precedent): the Director of Public Health's cumulative national counts - 55 suspected/15 confirmed/2 deaths at the briefing reported Mon 2 Mar 2009 (this source, re-read via Mmegi AMP 17419; the same article recalls 'by December 15, 2008, eight suspected cholera cases were reported, three of which were confirmed') minus 8 suspected/3 confirmed/0 deaths at her 17-18 Dec 2008 briefing (Daily News 18 Dec 2008, metadata 46: 'Botswana has so far recorded eight suspected cases of cholera ... only three have been confirmed') = 47 new suspected, 12 new confirmed and 2 deaths between 19 Dec 2008 and 2 Mar 2009. The 55 is the episode cumulative, not a count 'since February 24': the 15 confirmed and 2 deaths in the same sentence are the episode totals (OCHA No.6: 15 cases/2 deaths for 15 Nov 2008-3 Mar 2009; first death reported by 30 Jan 2009) and the article's lead reads 'Cholera cases have been on the rise since last December'. Cross-check against the independent OCHA confirmed-case series: 3 (17 Dec) -> 15 (3 Mar) = +12 confirmed, matching. Deaths: the man of Zimbabwean origin from Mogoditshane registered at Princess Marina (late Jan 2009) and the woman of Zimbabwean origin at Maun General (Feb 2009). Unchanged when restated on Sat 14 Mar 2009 (row 2). SEMANTICS: PERIOD INCREMENT - third link of the government suspected-case chain: row 55 (19-28 Nov 2008: 3/1/0) -> Agent 5 row 2008-11-29..2008-12-18 (5/2/0) -> this row (47/12/2); chain total 55/15/2. Level 3 outlet relaying a named MoH official -> confidence 0.5. National total - includes provinces not individually listed (district rows overlap; do not sum). Do not sum with cumulative national rows (1, 2, 9, 11, 52; JHU 2009-02-05 and 2009-02-24..2009-03-02) or with the OCHA confirmed-case chain (rows 10, 75, 12, 13).",AI
78,AFR::BWA::Francistown,2008-12-09,2009-02-01,0,0,,0.0,2009-02-02,73,Botswana Daily News F/town launches anti-Cholera campaign 2 February 2009,0.6,"Source confirms zero cholera transmission 2008-12-09..2009-02-01. Source states: 'She, however, said there are no reported new cases of Cholera since the cholera cases that involved Zimbabweans in the past.'. Evidence type: Documented_Absence. Surveillance system status during absence: operational. Francistown City Council PRO (Ms Priscilla Gulubane), BOPA/Daily News 2 Feb 2009, re-read by Agent 5 from the Internet Archive capture. SEMANTICS: PERIOD INCREMENT = 0 (no NEW Francistown cases), not a statement that Francistown never had cases. Window: TL = day after the last known Francistown case (second case admitted 7 Dec, confirmed 8 Dec 2008: Mmegi 12 Dec 2008, row 51); TR = day before publication. Consistent with every Francistown count in the same period: 2 on 15 Dec 2008 (row 46), 2 confirmed at Nyangabgwe per the MoH briefing of 17-18 Dec, 2 on 8 Jan 2009 (OCHA No.3 map, row 63) and 2 on 30 Jan 2009 (OCHA No.5 map, row 42); the OCHA No.4 '1' on 22 Jan (row 67) is the known anomaly. The Tutume (Mafungo/Hubona) patients referred to Nyangabgwe Hospital in mid-Dec 2008 are counted under Tutume/Central (JHU baseline), not Francistown. Later Francistown cases fall after this window (OCHA No.6: 'two locals that live in Francistown', Feb 2009; CSO HSR 2009 Francistown 2 notifications, row 31). The same release reports Vibrio cholerae in a Shashe Dam water sample 'late last week' (environmental detection, not a case; two later retests negative, OCHA No.6). Surveillance operational: city on cholera alert since Dec 2008, isolation ward (Jubilee/Nyangabgwe), MoH-directed active search for suspected cases, WUC dam testing. Confidence 0.6 (Level 2 government news agency, downgraded because the window start comes from other sources). Provincial subset - do not sum with national row (national cumulative rows 34-36, 9-11 and increments 76, 77, 75 overlap); do not sum with the cumulative Francistown rows.",AI
80,AFR::BWA::North_East,2024-01-01,2024-03-18,0,0,,0.0,2024-03-20,74,Botswana Daily News No signs of FMD in Zone 6a and 6b North East District Council 20 March 2024,0.5,"Source confirms zero cholera transmission 2024-01-01..2024-03-18. Source states: 'On other health related issues, he said cholera remained a threat in the district although no case has reported, urging members of the community to be vigilant and ensure hygiene in their homes and surroundings.'. Evidence type: Documented_Absence. Surveillance system status during absence: operational. North East District Council chairperson (Mr Kudzani Tobokwani) addressing the full council 'on Monday' (18 Mar 2024), BOPA/Daily News 20 Mar 2024 (news-detail 78537), found by Agent 5's systematic full-text scan of Daily News articles Oct 2023-Mar 2024. District-level statement of NO cholera case in North East District (borders Zimbabwe at Ramokgwebana/Plumtree) during the 2023-24 Zimbabwe and Zambia epidemics. WINDOW: the statement is present-tense ('no case has reported') with no stated start; Agent 5 used the conservative year-to-date window 1 Jan-18 Mar 2024 (incomplete-date convention, as Agent 2 did for row 71); TR = the council meeting date. Surveillance operational: national IDSR in operation (WHO zero report for 2024, JHU/WHO baseline; JEE 2024: effective implementation of IDSR guidelines; Chobe DHMT surveillance at points of entry, Daily News 22 Jan 2024). Statement by a local-government official (not a health officer), no laboratory testing mentioned -> confidence 0.5 (deliberate downgrade below the Level 2 band, as for the comparable council/mayor statements in rows 68 and 71). Consistent with the national 2024 zero (AI row 5; MoH 'Botswana has so far not recorded any cholera case', Feb 2024). Provincial subset - do not sum with national row (AI row 5 and the JHU/WHO 2024 national zero overlap). [AGENT 7 REVISION 2026-10-03] Agent 7 audit (2026-10-03): cross-reference update - national 2024 zero row 5 was retracted (mis-cited quote) and replaced by AI row 87 (AFR::BWA 2024-01-01..2024-12-31, WER 100(36) Table 2 WHO zero report, metadata 82). The MoH sentence 'Botswana has so far not recorded any cholera case' quoted above is from the MoH notice reprinted by Sunday Standard, 1 Feb 2024 (not Daily News). Quote of this row re-verified against Daily News news-detail/78537 by Agent 7. Provincial subset - do not sum with national row 87 or the JHU 2024 national zero. (reason: Agent 7: update cross-reference after re-pointing national 2024 zero (row 5 -> row 87))",AI
81,AFR::BWA,2015-04-01,2015-06-30,0,0,,0.0,2015-11-09,75,WHO AFRO Integrated Disease Surveillance Quarterly Bulletin 2nd quarter 2015,0.85,"Source confirms zero cholera transmission 2015-04-01..2015-06-30. Source states: 'There were eight countries that reported at least one cholera case in the second quarter of 2015 (Burundi, Cameroon, Democratic Republic of the Congo, Ghana, Malawi, Nigeria, Togo and the United Republic of Tanzania), and 18 countries that reported zero cases (Angola, Benin, Botswana, Burkina Faso, Chad, Comoros, Eritrea, Ethiopia, Gabon, Liberia, Madagascar, Mali, Mauritania, Niger, Sao Tomé and Principe, Sierra Leone, Swaziland and Zimbabwe).'. Evidence type: Documented_Absence. Surveillance system status during absence: operational. WHO AFRO Integrated Disease Surveillance Quarterly Bulletin, 2nd quarter 2015 ('2nd quarter data valid to 30 June 2015'; PDF created 9 Nov 2015), section 2.1 Cholera, found by Agent 5 (IRIS full-text sweep 2012-2016). The bulletin separates zero reports from non-submission ('It is concerning that 21 countries did not report during the second quarter of 2015 (...)'), so Botswana's listing is an explicit ZERO REPORT submitted to WHO through IDSR for 1 Apr-30 Jun 2015 - documented, not inferred from silence. Window = the bulletin's quarter (Q2 2015). FIRST explicit WHO zero report found for any of the JHU phantom-zero years (2011-2018, 2021): the JHU baseline 2015 row (WHO annual, Phantom: True, 0.7) previously had no documentary support; this row nests inside it (zeros; nothing to double count) and upgrades the evidence for Q2 2015. Surveillance operational: weekly/monthly IDSR returns reaching WHO AFRO (the same bulletin also lists Botswana among zero-reporters for maternal deaths). Caveat for 2016: the 1st-semester 2016 bulletin (IRIS 10665/251728) states Botswana 'didn't share data for the first semester of 2016' - non-reporting, so no comparable evidence for H1 2016. Other 2014-2017 issues were not found in IRIS (2 issues indexed) and the archive lookup timed out. REGIONAL CONTEXT: Malawi and Tanzania reported cholera in Q2 2015, Zimbabwe zero-reported. National total - includes provinces not individually listed (no sub-national rows overlap). [AGENT 5 REVISION 2026-10-03] CORRECTION (Agent 5, re-read of the bulletin's section 3): the sentence above 'the same bulletin also lists Botswana among zero-reporters for maternal deaths' overstates the source. Section 3 says 'During the second quarter of 2015, 21 countries (three zero reports) reported maternal death data (Angola, Botswana, ...)' - Botswana is among the 21 countries that SUBMITTED maternal-death data in Q2 2015; which three were zero reports is not stated. The surveillance-operational inference (weekly IDSR returns reaching WHO AFRO in Q2 2015) is unchanged. (reason: Agent 5: correct an overstated surveillance-context claim in my own note after re-reading the source) [AGENT 6 REVISION 2026-10-03] Agent 6 source-consistency check (2026-10-03): the same bulletin's meningitis section (p.4) says 'Twelve countries (Algeria, Angola, Botswana, Equatorial Guinea, Ethiopia, Mauritius, Mozambique, Rwanda, Seychelles, South Africa, Swaziland and Zambia) that did not report data to WHO since 2013 on critical outbreak prone diseases are however sharing information either on maternal death and/or virological surveillance of influenza' - read literally this contradicts the cholera section's listing of Botswana (and Angola, Ethiopia, Swaziland) among the 18 zero-reporters. Adjudication: the bulletin's own maps (Fig. 1 cholera, Fig. 2 meningitis; rendered at 300 dpi from IRIS bitstream IDS_2_2015.pdf) colour Botswana 'Countries that reported to WHO' (green, no case marker) for Q2 2015, distinct from Namibia, South Africa, Zambia, Mozambique and Lesotho ('Data not available'), so the explicit zero listing is corroborated by the figure; the meningitis-section sentence also contradicts the maps for Angola, Ethiopia and Swaziland and most plausibly describes the 2013-2014 data stream. Label kept Documented_Absence; confidence 0.9 -> 0.85 for the internal inconsistency. Context for the JHU phantom years: read with the maps, the sentence implies Botswana sent no outbreak-prone-disease data to WHO AFRO in 2013-2014 (an international reporting gap), while national weekly IDSR reporting from 28 health districts continued (MoH weekly IDSR reports week 52 2011, week 50 2012, week 52 2013, 2014, 2015 on moh.gov.bw). (reason: Agent 6: internal inconsistency in the Q2 2015 IDS bulletin adjudicated with its own maps; keep Documented, confidence 0.85)",AI
82,AFR::BWA,2011-01-01,2015-03-31,0,0,,0.0,2025-08-27,17,Botswana Daily News Ministry refutes cholera outbreak claims 27 August 2025,0.7,"Source confirms zero cholera transmission 2011-01-01..2015-03-31. Source states: 'He said the last time the country recorded a few cases of cholera was more than 15 years ago and were imported cases, which the health system was able to detect and contain.'. Evidence type: Inferred_Absence. Surveillance system status during absence: operational. Agent 6 gap classification (JHU phantom-zero years; WHO holds no Botswana cholera record for 2010-2018). National retrospective statement: Ministry of Health chief public relations officer, BOPA/Daily News 27 Aug 2025 (re-fetched and verified 2026-10-03): the last recorded cases were the few imported 2008-09 cases (more than 15 years before Aug 2025, i.e. none recorded from ~Aug 2010), and 'Botswana's focus on water sanitation and border surveillance had kept it cholera-free for many years'. NATIONAL SYSTEM OPERATIONAL in this window: MoH weekly IDSR 'Weekly Report on Notifiable Diseases' (MH2007 form) from 28 health districts for week 52 2011 (district timeliness 71.4%), week 50 2012, week 52 2013 (facility timeliness 87.7%), weeks 20-26 and 52 2014 and weeks 7-22 2015 (moh.gov.bw/Publications/Reports); WHO GHO reported measles cases 2011 8, 2012 7, 2013 1, 2014 1 (annual reporting of a notifiable disease to WHO continued). REPORTING RELATIONSHIP WITH WHO weak: no annual cholera return 2010-2014 (absent from WER case and zero-report tables; GHO empty); WHO AFRO IDS bulletin Q2 2015 lists Botswana among countries that 'did not report data to WHO since 2013 on critical outbreak prone diseases'; JEE 2017: 'The last event reported to WHO was for poliomyelitis in 2004' (D.3.1 reporting score 2). So the WHO-table silence is a reporting-relationship fact, not evidence either way; the zero rests on the national statement plus a working national system. No contradicting record (BioFire swab-only V. cholerae PCR signals 2013-14 adjudicated NOT cholera by Agent 5, conflict C9). REGIONAL CONTEXT: neighbours reporting cholera in the window - Zimbabwe 1 220 (2011) and 23 (2012), Zambia 330 (2011) and 198 (2012), Namibia 3 (2013) and 485 (2014, Kunene) (WHO GHO); absence during low-to-moderate neighbour transmission. INFERRED, not documented: retrospective, not year-specific, and no contemporaneous national zero report was found; multi-year row capped at 0.7. Nests inside JHU phantom zeros 2011-2014 (read-only; zeros, nothing to double count). Window ends 2015-03-31 because Q2 2015 is documented separately (row 81, WHO AFRO zero report). National total - no sub-national rows overlap. [AGENT 6 REVISION 2026-10-03] Agent 6 sensitivity caveat (2026-10-03): the immediate case-based notification channel that cholera would use was incomplete in this window - for malaria (also case-based), 'The IDSR reported 456 malaria cases in 2013 and 1346 in 2014, of which respectively only 305 and 884 were reported by the CBS' (Public Health Action 2018, PMID 29713590; Ngami, Chobe, Okavango). Aggregate IDSR reporting was working; a single imported cholera case could have been under-captured by case-based reporting, but a cholera outbreak would have surfaced through the weekly diarrhoea thresholds and the National Health Laboratory (which confirmed every 2008-09 case). Classification unchanged (Inferred_Absence 0.7). (reason: Agent 6: case-based surveillance completeness caveat for 2013-2014) [AGENT 7 REVISION 2026-10-03] AGENT 7 AUDIT DECISION (2026-10-03) on the surveillance label for 2013-01..2015-03: 'operational' is RETAINED because it describes the NATIONAL IDSR, which the row's evidence (a national MoH retrospective statement) depends on, and national operation is documented for every year of the window (MoH weekly notifiable-disease reports from 28 districts: wk 52 2011, wk 50 2012, wk 52 2013, 2014 and 2015 weeks; measles reported to WHO each year). It does NOT describe Botswana's reporting to WHO: WHO AFRO IDS Quarterly Bulletin Q2 2015 (IRIS 10665/204516, re-read by Agent 7) lists Botswana among 'Twelve countries ... that did not report data to WHO since 2013 on critical outbreak prone diseases' (the same bulletin's cholera section lists Botswana as a Q2 2015 zero reporter, so the lapse ended by Q2 2015). For 2013-01..2015-03 the zero therefore has NO external (WHO) verification, and cholera detection relied on immediate case-based notification (incomplete: malaria CBS captured 305/456 and 884/1346 cases in 2013-14) plus the National Health Laboratory. Read the status as 'operational nationally / no international reporting' for 2013-2015Q1. Label stays Inferred_Absence; confidence stays 0.7 - the reporting lapse and the CBS caveat were already priced in by Agent 6, rows 83-86 with comparable evidence carry 0.7, and py/build_weekly_timeseries.py caps inferred zeros at 0.6 (no downstream change either way). Quote of this row re-verified verbatim against Daily News news-detail/88349 by Agent 7. (reason: Agent 7: adjudicate surveillance-status over-claim question for 2013-2015 (kept operational for national IDSR; WHO-reporting lapse recorded))",AI
83,AFR::BWA,2015-07-01,2015-12-31,0,0,,0.0,2025-08-27,17,Botswana Daily News Ministry refutes cholera outbreak claims 27 August 2025,0.7,"Source confirms zero cholera transmission 2015-07-01..2015-12-31. Source states: 'He said the last time the country recorded a few cases of cholera was more than 15 years ago and were imported cases, which the health system was able to detect and contain.'. Evidence type: Inferred_Absence. Surveillance system status during absence: operational. Agent 6 gap classification (JHU phantom-zero year 2015, second half; WHO holds no Botswana cholera record for 2015 apart from the Q2 2015 AFRO zero report in row 81). National retrospective statement: Ministry of Health chief public relations officer, BOPA/Daily News 27 Aug 2025 (verified 2026-10-03): no cholera recorded since the few imported 2008-09 cases; 'kept it cholera-free for many years'. NATIONAL SYSTEM OPERATIONAL: Botswana submitted weekly IDSR data to WHO AFRO in Q2 2015 and is listed with an explicit cholera zero report for that quarter (WHO AFRO IDS Quarterly Bulletin Q2 2015, row 81; Fig. 1 colours Botswana 'Countries that reported to WHO'); MoH weekly IDSR reports exist for weeks 7-22 of 2015; WHO GHO reported measles cases 2015 = 0 (an explicit zero reported to WHO). No AFRO IDS bulletin for Q3/Q4 2015 was found (IRIS holds only Q2 2015 and S1 2016; AFRO file store and Wayback CDX searched). REGIONAL CONTEXT: Zimbabwe 60 cases (2015, GHO); Malawi, Mozambique and Tanzania in epidemic in 2015; Zambia, Namibia, South Africa none reported to WHO. INFERRED, not documented: retrospective, not quarter-specific. Nests inside the JHU phantom zero for 2015 (read-only; zeros, nothing to double count). National total - no sub-national rows overlap.",AI
84,AFR::BWA,2016-07-01,2017-12-31,0,0,,0.0,2025-08-27,17,Botswana Daily News Ministry refutes cholera outbreak claims 27 August 2025,0.7,"Source confirms zero cholera transmission 2016-07-01..2017-12-31. Source states: 'He said the last time the country recorded a few cases of cholera was more than 15 years ago and were imported cases, which the health system was able to detect and contain.'. Evidence type: Inferred_Absence. Surveillance system status during absence: operational. Agent 6 gap classification (JHU phantom-zero years 2016-2017). Window deliberately STARTS 2016-07-01: Jan-Jun 2016 is a SURVEILLANCE GAP at the WHO level - WHO AFRO IDS Bulletin 1st semester 2016 (IRIS 10665/251728) Fig. 2 shows Botswana 'No report' in every epidemiological week 1-22 of 2016 and the text lists Botswana among 16 countries that 'didn't share data for the first semester of 2016' - so no zero is asserted for H1 2016 (JHU phantom zero there is read-only). National retrospective statement: Ministry of Health chief public relations officer, BOPA/Daily News 27 Aug 2025 (verified 2026-10-03): no cholera recorded since the few imported 2008-09 cases. NATIONAL SYSTEM OPERATIONAL: WHO JEE mission Dec 2017 - 'Botswana has a well-established indicator-based surveillance system based on the WHO regional Integrated Disease Surveillance and Response (IDSR) strategy' and 'IDSR data are thoroughly reported in a timely manner' (cholera is an IDSR condition; testing centralised at the National Health Laboratory); MoH weekly IDSR report week 35 2017 and monthly report June 2017; WHO GHO reported measles cases 2016 = 1, 2017 = 0. Reporting to WHO weak (JEE D.3.1 score 2; no WHO annual cholera return 2016-2017). No contradicting record (BioFire swab-only V. cholerae PCR signals Aug 2016-Oct 2017 at four southern hospitals adjudicated NOT cholera, Agent 5 C9; companion trial Jun 2016-Oct 2018: 'No Vibrio cholerae ... detected'). REGIONAL CONTEXT: absence during neighbour epidemics - Zambia (Lusaka Feb-Apr 2016, not in WHO annual data; 1 794 cases in 2017, Lusaka epidemic from Oct 2017), Zimbabwe 10 (2016), Malawi 1 792 and Mozambique 883 (2016) (WER 92(36), 93(38)); Daily News full-text windows Feb-Apr 2016 and Oct-Nov 2017 have no Botswana cholera item (Agent 5). INFERRED, not documented (retrospective, not year-specific); multi-year row capped at 0.7. Nests inside JHU phantom zeros 2016-2017 (read-only). National total - no sub-national rows overlap. [AGENT 6 REVISION 2026-10-03] Agent 6 corroboration (2026-10-03): UNICEF ESARO 'Bulletin: Cholera and AWD Outbreaks in Eastern and Southern Africa - Regional Update - as of 15 December 2017' (9th issue; sources 'Ministries of Health and WHO'; ReliefWeb attachment f14eaa84-...): 'More than 109,442 cholera / AWD cases ... have been reported in 12 of 21 countries of Eastern and Southern Africa Region (ESAR) since the beginning of 2017. These countries include; Angola, Burundi, Kenya, Malawi, Mozambique, Rwanda, Somalia, South Sudan, Tanzania, Uganda, Zambia and Zimbabwe' - Botswana not among them, and the regional map shades Botswana 'No outbreak reported in 2017' (a category distinct from 'No data', used for Ethiopia and Eritrea). Contemporaneous regional classification for 2017 (inferred, not a zero report); label and confidence unchanged (Inferred_Absence 0.7, multi-year cap). (reason: Agent 6: UNICEF ESARO Dec 2017 regional classification for 2017) [AGENT 6 REVISION 2026-10-03] Agent 6 corroboration (2026-10-03): WHO AFRO country news on the Sep-Oct 2018 rotavirus outbreak (metadata 3, re-fetched; the row 3 source) adds 'No suspected cholera cases have been detected in Botswana in recent times' - a WHO retrospective statement made in late 2018 that bears on the preceding years (vague period; corroboration only). (reason: Agent 6: WHO AFRO 2018 'no suspected cholera cases in recent times' corroboration)",AI
85,AFR::BWA,2021-01-01,2021-12-31,0,0,,0.0,2025-08-27,17,Botswana Daily News Ministry refutes cholera outbreak claims 27 August 2025,0.7,"Source confirms zero cholera transmission 2021-01-01..2021-12-31. Source states: 'He said the last time the country recorded a few cases of cholera was more than 15 years ago and were imported cases, which the health system was able to detect and contain.'. Evidence type: Inferred_Absence. Surveillance system status during absence: operational. Agent 6 gap classification (JHU phantom-zero year 2021). National retrospective statement: Ministry of Health chief public relations officer, BOPA/Daily News 27 Aug 2025 (verified 2026-10-03): no cholera recorded since the few imported 2008-09 cases; 'Botswana's focus on water sanitation and border surveillance had kept it cholera-free for many years'. NATIONAL SYSTEM OPERATIONAL: WHO GHO reported measles cases 2021 = 0 (explicit zero reported to WHO) and 2020 = 5, 2022 = 1; Botswana zero-reported cholera to WHO for 2019 and 2020 (JHU/WHO baseline) and the MoH stated in Sep 2022 that cholera was 'not found in Botswana' (row 17). Botswana did not file a 2021 annual cholera return (absent from WER 97(37) case table, zero-report Table 2 and the GTFCC at-risk non-reporter footnote) - a reporting gap at WHO level, not evidence of cases. REGIONAL CONTEXT: regional QUIET - WER 97(37) 'Cholera, 2021' Table 2 lists Namibia, Zambia and Zimbabwe (and Lesotho) as zero-reporting countries for 2021 ('Zambia and Zimbabwe did not report any cholera cases in 2021, as in 2020'); the nearest transmission was Mozambique (5 072) and Malawi (2); SADC RVAA 2021: cholera reported in two SADC Member States (Mozambique, DRC) (Agent 3). With every reporting land neighbour at zero, silence in Botswana most plausibly reflects genuine absence. INFERRED, not documented (retrospective statement; no 2021-specific national report found). Nests inside the JHU phantom zero for 2021 (read-only; zeros, nothing to double count). National total - no sub-national rows overlap. [AGENT 6 REVISION 2026-10-03] Agent 6 addendum (2026-10-03): 2021 surveillance and laboratory capacity were demonstrably high - Mmegi 29 Nov 2021 (https://www.mmegi.bw/ampArticle/101661), Assistant Health Minister to Parliament: 'Botswana was the first country to detect the new variant, with genomic sequencing completed on November 24' (SARS-CoV-2 Omicron). Supports surveillance=operational for 2021; no cholera mention in the article. (reason: Agent 6: 2021 health-system evidence)",AI
86,AFR::BWA,2008-01-01,2008-10-31,0,0,,0.0,2011-10-31,81,Said Funke Jacobs Steyn Nienaber 2011 Water SA 37(4) Cholera preparedness response and prevention in the SADC region,0.7,"Source confirms zero cholera transmission 2008-01-01..2008-10-31. Source states: 'Equally concerning is that some countries which had previously been free of the disease, such as Botswana and Namibia, have also started reporting cases (see Table 1).'. Evidence type: Inferred_Absence. Surveillance system status during absence: operational. Agent 6 gap classification for the months BEFORE the 2008-09 importation episode. Retrospective peer-reviewed statement (Said et al., Water SA 2011, CSIR): Botswana 'had previously been free of the disease' until the Zimbabwe-linked cases of late 2008; same paper: 'According to the WHO Weekly Epidemiological Records' annual cholera case summaries of 1995-2005, all SADC countries, with the exception of Botswana, Lesotho, Mauritius, Namibia and Seychelles, reported cholera'. Episode chronology (rows 55, 45, 32-36): the first suspected cases were two travellers from Zimbabwe who presented at Sekgoma Memorial Hospital, Serowe, on 19 Nov 2008 (MoH briefing to Parliament, Daily News 28 Nov 2008); WHO/OCHA count the episode 'since 1 November 2008'; the Selebi-Phikwe mayor reported the town 'on high alert since October 2008' with no case (row 68); MoH 2025: the only recorded cases were 'a few ... imported cases' (metadata 17). The archived government Daily News has no cholera-titled item between Jan 2006 and 27 Nov 2008 (Agent 1 CDX list, 1999-2012). NATIONAL SYSTEM OPERATIONAL in 2008: IDSR (adopted 2003) detected and publicly reported each imported case within days in Nov-Dec 2008; measles reported to WHO for 2008 (0 cases; WHO GHO WHS3_62, metadata 77); WHO AFRO classified Botswana 'Not affected' in 2007 (row 60). REGIONAL CONTEXT: Zambia 2 061, South Africa 3 907, Namibia 3 496 (Caprivi/Kavango, early 2008) and Zimbabwe 60 055 (from Aug 2008) cases in 2008 (WHO GHO) - absence during neighbour epidemics until the November importation. INFERRED, not documented: the statement is retrospective and not month-specific. OVERLAP NOTE for the weekly builder: the JHU baseline row 'WHO Annual 2008' (8 cases, 1 death, 2008-01-01..2008-12-31; read-only) is a cumulative snapshot of the Nov 2008 - Jan 2009 episode (Agent 5 conflict C2), so its Fourier spreading into Jan-Oct 2008 places cases in months this row classifies as cholera-free (builder-level issue, reported for Agent 7). National total - no sub-national rows overlap this window (Selebi-Phikwe row 68 starts 2008-10-01, zero, nested).",AI
87,AFR::BWA,2024-01-01,2024-12-31,0,0,,0.0,2025-09-05,82,WHO Weekly Epidemiological Record 2025 100(36) Cholera 2024 annual report zero reporting,1.0,"Source confirms zero cholera transmission 2024-01-01..2024-12-31. Source states: 'Table 2 Countries reported 0 cases and deaths in 2024, fulfilling the public health surveillance service of “zero reporting” ... Africa (32) ... Algeria, Angola, Benin, Botswana, Burkina Faso'. Evidence type: Documented_Absence. Surveillance system status during absence: operational. Agent 7 (2026-10-03) REPLACEMENT for retracted row 5 (quote/citation mismatch; tombstone in ./data/BWA/retracted_rows_ai.csv). Positive WHO zero report for calendar 2024 (WER 100(36), 5 Sep 2025, 'Cholera, 2024', IRIS 10665/382542; verified from the IRIS text bitstream): 'In 2024, 118 countries reported data on cholera to WHO ... 58 countries commendably submitted zero reports (Table 2)'. Edition check: WER 99(36) (6 Sep 2024) is the 2023 report and WER 101(38) the 2025 report, so this is the correct edition for 2024. SAME EVIDENCE as the JHU baseline 2024 row (WHO Annual Cholera Report UID 304, 0 cases) - an AI confirmation of the baseline with a verified citation, not an independent second source. Corroboration (point statements, not used as the citation): Ministry of Health public notice reprinted by Sunday Standard, 1 Feb 2024 (https://www.sundaystandard.info/botswana-on-high-alert-over-cholera-outbreak/): 'Botswana has so far not recorded any Cholera case.' (the true origin of the sentence formerly mis-attributed to metadata 5); Daily News 3 Feb 2024 (metadata 5): 'He reiterated Botswana's determination to ensure the country remains safe from the outbreak'; Daily News Setswana 4 Feb 2024 (metadata 40); Chobe DHMT, Daily News 22 Jan 2024 (news-detail 77402): surveillance at points of entry 'to ensure Botswana stayed at zero cases'. Regional context: Zambia and Zimbabwe in epidemic in early 2024; South Africa reported cases in 2024. National total - includes provinces not individually listed; sub-national zero row 80 (AFR::BWA::North_East 2024-01-01..2024-03-18) is a provincial subset - do not sum.",AI
88,AFR::BWA,2025-01-01,2025-12-31,0,0,,0.0,2026-09-25,15,WHO Weekly Epidemiological Record 2026 101(38) Cholera 2025 annual report zero reporting,1.0,"Source confirms zero cholera transmission 2025-01-01..2025-12-31. Source states: 'Table 5. Countries, territories, and areas reporting zero cholera cases, by WHO region, 2025 ... African Region 22 ... Algeria, Benin, Botswana, Burkina Faso ... A zero report is distinct from the absence of a submission: it indicates that no cases were detected by a surveillance system that was in operation'. Evidence type: Documented_Absence. Surveillance system status during absence: operational. Agent 7 (2026-10-03) REPLACEMENT for retracted row 7 (its quote came from the WHO AFRO Monthly Regional Cholera Bulletin June 2025, which covers 1 Jan-29 Jun 2025 only; tombstone in ./data/BWA/retracted_rows_ai.csv). Positive WHO zero report for calendar 2025: WER 101(38), 25 Sep 2026, 'Cholera Annual Report, 2025' (IRIS 10665/387694; verified from the IRIS text bitstream): 'In total, 81 countries submitted a zero report for 2025 ... and no data were received from a further 77 (Table 5)'. Corroboration (not the citation): AFRO Monthly Regional Cholera Bulletin June 2025 (IRIS https://iris.who.int/handle/10665/382275; 'Data reported: As of 29 June 2025'): the 2025 outbreak 'has affected 20 countries (Angola, Burundi, Comoros, Cote d'Ivoire, ...)' - Botswana not listed (Jan-Jun absence from list); Ministry of Health, Daily News 27 Aug 2025 (metadata 17, re-verified): 'He confirmed that there was not a single cholera case in Botswana'. Health-system note: the Aug 2025 State of Public Health Emergency concerned medicine supply, not surveillance (MoH, same article); the zero report was still submitted. Regional context: neighbours Namibia, South Africa, Zambia, Zimbabwe reported cases in 2025 (AFRO June 2025 list). National total - no sub-national rows overlap 2025.",AI
