doc_key,target_iso,location,tl,tr,period_type,sch,cch,deaths,quote,extractor,notes
oew:2026:2,AGO,AFR::AGO,2025-01-07,2026-01-10,outbreak_cumulative,36405,937,897,Angola                  Cholera          Protracted 3        7-Jan-25             8-Jan-25           10-Jan-26            36 405           937           897        2.50%,auto_oew,"AFRO bulletin event row (line 586); CFR 2.5% matches deaths/cases; start = 1 January reset, else earlier of notification and reporting-period start"
oew:2026:2,BDI,AFR::BDI,2025-01-01,2025-12-28,outbreak_cumulative,3522,3522,16,Burundi                 Cholera          Protracted 3        1-Jan-23             1-Jan-25           28-Dec-25             3 522            3 522         16        0.50%,auto_oew,"AFRO bulletin event row (line 598); CFR 0.5% matches deaths/cases; start = 1 January reset, else earlier of notification and reporting-period start"
oew:2026:2,ETH,AFR::ETH,2025-01-01,2025-12-14,outbreak_cumulative,8444,,84,Ethiopia               Cholera          Protracted 3        17-Sep-22             1-Jan-25           14-Dec-25             8 444             -             84        1.00%,auto_oew,"AFRO bulletin event row (line 724); CFR 1.0% matches deaths/cases; start = 1 January reset, else earlier of notification and reporting-period start"
oew:2026:2,KEN,AFR::KEN::UNSPECIFIED,2025-09-17,2025-12-28,outbreak_cumulative,296,20,7,Kenya                  Cholera          Protracted 3         1-Oct-25             17-Sep-25          28-Dec-25            296                20             7        2.40%,auto_oew,"SUBNATIONAL_EVENT | AFRO bulletin event row (line 763); CFR 2.4% matches deaths/cases; start = 1 January reset, else earlier of notification and reporting-period start"
oew:2026:2,MWI,AFR::MWI,2025-12-26,2025-12-29,outbreak_cumulative,11,11,0,Malawi                  Cholera          Protracted 3        26-Dec-25             26-Dec-25          29-Dec-25             11                11             0        0.00%,auto_oew,"AFRO bulletin event row (line 787); CFR 0.0% matches deaths/cases; start = 1 January reset, else earlier of notification and reporting-period start"
oew:2026:2,MOZ,AFR::MOZ,2024-10-28,2025-12-21,outbreak_cumulative,5814,5814,88,Mozambique                    Cholera          Protracted 3   30-Nov-24             28-Oct-24          21-Dec-25             5 814            5 814         88        1.50%,auto_oew,"AFRO bulletin event row (line 820); CFR 1.5% matches deaths/cases; start = 1 January reset, else earlier of notification and reporting-period start"
oew:2026:2,NAM,AFR::NAM,2025-11-19,2026-01-11,outbreak_cumulative,45,24,0,Namibia                    Cholera          Protracted 3   27-Nov-25             19-Nov-25          11-Jan-26             45               24             0        0.00%,auto_oew,"AFRO bulletin event row (line 836); CFR 0.0% matches deaths/cases; start = 1 January reset, else earlier of notification and reporting-period start"
oew:2026:2,SSD,AFR::SSD,2024-09-28,2025-12-28,outbreak_cumulative,97257,12593,1581,South Sudan                   Cholera          Protracted 3   11-Oct-24           28-Sep-24          28-Dec-25           97 257           12 593        1 581      1.60%,auto_oew,"AFRO bulletin event row (line 930); CFR 1.6% matches deaths/cases; start = 1 January reset, else earlier of notification and reporting-period start"
oew:2026:2,ZMB,AFR::ZMB,2024-12-25,2025-12-14,outbreak_cumulative,1094,,18,Zambia                Cholera         Protracted 3       30-Dec-24           25-Dec-24          14-Dec-25            1 094            -            18        1.60%,auto_oew,"AFRO bulletin event row (line 975); CFR 1.6% matches deaths/cases; start = 1 January reset, else earlier of notification and reporting-period start"
oew:2023:3,BDI,AFR::BDI,2023-01-01,2023-01-15,outbreak_cumulative,81,66,1,Burundi          Cholera         Ungraded          1-Jan-23         1-Jan-23        15-Jan-23               81                  66               1               1.2%,auto_oew,"AFRO bulletin event row (line 635); CFR 1.2% matches deaths/cases; start = 1 January reset, else earlier of notification and reporting-period start"
oew:2023:3,CMR,AFR::CMR,2021-08-31,2023-01-05,outbreak_cumulative,15117,1805,302,Cameroon          Cholera           Grade 2         31-Aug-21         25-Oct-21         5-Jan-23             15 117               1 805             302              2.0%,auto_oew,"AFRO bulletin event row (line 678); CFR 2.0% matches deaths/cases; start = 1 January reset, else earlier of notification and reporting-period start"
oew:2023:3,COD,AFR::COD,2015-01-16,2022-12-30,outbreak_cumulative,14290,1356,262,Republic of the      Cholera          Grade 3         16-Jan-15         3-Jan-22        30-Dec-22             14 290              1 356             262              1.8%,auto_oew,"AFRO bulletin event row (line 823); CFR 1.8% matches deaths/cases; start = 1 January reset, else earlier of notification and reporting-period start"
oew:2023:3,ETH,AFR::ETH,2022-09-17,2023-01-15,outbreak_cumulative,911,27,27,Ethiopia          Cholera         Ungraded         17-Sep-22         17-Sep-22         15-Jan-23              911                  27                27              3.0%,auto_oew,"AFRO bulletin event row (line 928); CFR 3.0% matches deaths/cases; start = 1 January reset, else earlier of notification and reporting-period start"
oew:2023:3,KEN,AFR::KEN,2022-10-16,2023-01-08,outbreak_cumulative,3939,142,70,Kenya           Cholera         Ungraded         19-Oct-22         16-Oct-22        8-Jan-23              3 939                142               70              1.8%,auto_oew,"AFRO bulletin event row (line 1016); CFR 1.8% matches deaths/cases; start = 1 January reset, else earlier of notification and reporting-period start"
oew:2023:3,MWI,AFR::MWI,2022-03-03,2023-01-15,outbreak_cumulative,24884,24884,825,Malawi           Cholera          Grade 2          3-Mar-22         3-Mar-22         15-Jan-23             24 884              24 884            825              3.3%,auto_oew,"AFRO bulletin event row (line 1076); CFR 3.3% matches deaths/cases; start = 1 January reset, else earlier of notification and reporting-period start"
oew:2023:3,MOZ,AFR::MOZ,2022-03-23,2022-12-18,outbreak_cumulative,3930,16,21,Mozambique          Cholera         Ungraded         23-Mar-22        25-Jun-22         18-Dec-22             3 930                16                21              0.5%,auto_oew,"AFRO bulletin event row (line 1135); CFR 0.5% matches deaths/cases; start = 1 January reset, else earlier of notification and reporting-period start"
oew:2023:3,SSD,AFR::SSD,2022-03-21,2022-11-20,outbreak_cumulative,424,56,1,South Sudan         Cholera         Ungraded         21-Apr-22         21-Mar-22        20-Nov-22              424                  56                1              0.2%,auto_oew,"AFRO bulletin event row (line 1317); CFR 0.2% matches deaths/cases; start = 1 January reset, else earlier of notification and reporting-period start"
oew:2023:3,ZWE,AFR::ZWE,2022-11-22,2022-11-24,outbreak_cumulative,2,2,0,Zimbabwe          Cholera          Ungraded         22-Nov-22        24-Nov-22         24-Nov-22                2                   2                0               0.0%,auto_oew,"AFRO bulletin event row (line 1405); CFR 0.0% matches deaths/cases; start = 1 January reset, else earlier of notification and reporting-period start"
oew:2019:10,BDI,AFR::BDI,2018-12-25,2019-02-24,outbreak_cumulative,188,19,2,Burundi        Cholera      Ungraded   28-Dec-18     25-Dec-18   24-Feb-19   188      19        2       1.10%    cases since 22 January 2019. One,auto_oew,"AFRO bulletin event row (line 447); CFR 1.1% matches deaths/cases; start = 1 January reset, else earlier of notification and reporting-period start"
oew:2019:10,CMR,AFR::CMR,2018-05-18,2019-01-23,outbreak_cumulative,997,81,58,Cameroon          Cholera          G1       24-May-18     18-May-18   23-Jan-19   997      81         58     5.80%    regions have not reported new cases,auto_oew,"AFRO bulletin event row (line 499); CFR 5.8% matches deaths/cases; start = 1 January reset, else earlier of notification and reporting-period start"
oew:2019:10,KEN,AFR::KEN,2019-01-02,2019-03-03,outbreak_cumulative,872,40,3,Kenya      Cholera      Ungraded   21-Jan-19     02-Jan-19   03-Mar-19   872      40        3      0.30%,auto_oew,"AFRO bulletin event row (line 740); CFR 0.3% matches deaths/cases; start = 1 January reset, else earlier of notification and reporting-period start"
oew:2019:10,ZMB,AFR::ZMB,2019-01-29,2019-02-22,outbreak_cumulative,7,6,0,Zambia        Cholera     Ungraded    15-Feb-19     29-Jan-19      22-Feb-19        7          6          0       0.00%,auto_oew,"AFRO bulletin event row (line 1151); CFR 0.0% matches deaths/cases; start = 1 January reset, else earlier of notification and reporting-period start"
oew:2019:10,ZWE,AFR::ZWE::UNSPECIFIED,2018-09-06,2019-02-23,outbreak_cumulative,10722,312,69,Zimbabwe       Cholera        G2       06-Sep-18     06-Sep-18      23-Feb-19      10 722      312        69       0.60%,auto_oew,"SUBNATIONAL_EVENT | AFRO bulletin event row (line 1159); CFR 0.6% matches deaths/cases; start = 1 January reset, else earlier of notification and reporting-period start"
oew:2018:47,AGO,AFR::AGO::UNSPECIFIED,2018-10-09,2018-11-12,outbreak_cumulative,139,,2,"Angola          Cholera         Ungraded      20-Nov-18    9-Oct-18     12-Nov-18    139       -           2           1.4%      cases with one death were reported. Since then, there has been",auto_oew,"SUBNATIONAL_EVENT | AFRO bulletin event row (line 599); CFR 1.4% matches deaths/cases; start = 1 January reset, else earlier of notification and reporting-period start"
oew:2018:47,CMR,AFR::CMR::UNSPECIFIED,2018-05-18,2018-11-23,outbreak_cumulative,942,73,57,Cameroon          Cholera              G1       24-May-18    18-May-18    23-Nov-18    942       73         57           6.1%       confirmed case has been reported from the Central and,auto_oew,"SUBNATIONAL_EVENT | AFRO bulletin event row (line 654); CFR 6.1% matches deaths/cases; start = 1 January reset, else earlier of notification and reporting-period start"
oew:2018:47,COD,AFR::COD,2018-01-01,2018-11-11,outbreak_cumulative,26017,,878,"Republic of     Cholera                 16-Jan-15   1-Jan-18    11-Nov-18   26 017       -        878       3.4%   affected provinces (Kasai Oriental, Sankuru,",auto_oew,"AFRO bulletin event row (line 770); CFR 3.4% matches deaths/cases; start = 1 January reset, else earlier of notification and reporting-period start"
oew:2018:47,NER,AFR::NER,2018-07-13,2018-11-19,outbreak_cumulative,3824,42,78,Niger    Cholera           G2         13-Jul-18   13-Jul-18   19-Nov-18   3 824       42         78     2.0%    affected area remains Madarounfa Health,auto_oew,"AFRO bulletin event row (line 1003); CFR 2.0% matches deaths/cases; start = 1 January reset, else earlier of notification and reporting-period start"
oew:2018:47,NGA,AFR::NGA,2018-01-01,2018-10-28,outbreak_cumulative,42466,47,830,"Nigeria      Cholera           G1         7-Jun-17    1-Jan-18    28-Oct-18   42 466      47        830     2.0%    with one death), Zamfara (37 cases), Borno",auto_oew,"AFRO bulletin event row (line 1029); CFR 2.0% matches deaths/cases; start = 1 January reset, else earlier of notification and reporting-period start"
oew:2018:47,TZA,AFR::TZA,2018-01-01,2018-11-18,outbreak_cumulative,4389,50,83,Tanzania       Cholera       Protracted 1   20-Aug-15   1-Jan-18    18-Nov-18   4 389      50         83     1.9%    Arusha Region and Momba district (one case),auto_oew,"AFRO bulletin event row (line 1172); CFR 1.9% matches deaths/cases; start = 1 January reset, else earlier of notification and reporting-period start"
oew:2018:47,ZWE,AFR::ZWE::UNSPECIFIED,2018-09-06,2018-11-21,outbreak_cumulative,10202,269,55,Zimbabwe        Cholera        G2        6-Sep-18    6-Sep-18     21-Nov-18   10 202      269         55       0.5%   cumulative cases reported. The main affected,auto_oew,"SUBNATIONAL_EVENT | AFRO bulletin event row (line 1238); CFR 0.5% matches deaths/cases; start = 1 January reset, else earlier of notification and reporting-period start"
oew:2018:47,KEN,AFR::KEN,2018-09-08,2018-11-20,outbreak_cumulative,40,8,0,Kenya         Cholera      Ungraded    8-Sep-18    8-Sep-18     20-Nov-18     40         8          0        0.0%   the outbreak controlled. The country has,auto_oew,"AFRO bulletin event row (line 1252); CFR 0.0% matches deaths/cases; start = 1 January reset, else earlier of notification and reporting-period start"
oew:2019:26,UGA,AFR::UGA,2019-06-23,2019-06-26,outbreak_cumulative,11,3,0,Uganda        Cholera     Ungraded   27-Jun-19     23-Jun-19   26-Jun-19    11        3          0      0.00%,auto_oew,"AFRO bulletin event row (line 380); CFR 0.0% matches deaths/cases; start = 1 January reset, else earlier of notification and reporting-period start"
oew:2019:26,BDI,AFR::BDI,2019-06-04,2019-06-06,outbreak_cumulative,7,4,0,Burundi     Cholera       Ungraded   05-Jun-19     04-Jun-19   06-Jun-19      7           4           0       0.00%   (2) Cholera Treatment Centers in,auto_oew,"AFRO bulletin event row (line 462); CFR 0.0% matches deaths/cases; start = 1 January reset, else earlier of notification and reporting-period start"
oew:2019:26,CMR,AFR::CMR,2018-05-18,2019-05-15,outbreak_cumulative,1060,97,64,"Cameroon     Cholera          G1       24-May-18     18-May-18   15-May-19   1 060      97         64     6.00%   2019, additional five new confirmed",auto_oew,"AFRO bulletin event row (line 547); CFR 6.0% matches deaths/cases; start = 1 January reset, else earlier of notification and reporting-period start"
oew:2019:26,ETH,AFR::ETH,2019-05-12,2019-06-21,outbreak_cumulative,642,20,15,"Ethiopia       Cholera       Ungraded   14-May-19     12-May-19   21-Jun-19    642         20         15     2.30%   regions are Oromia (306 cases),",auto_oew,"AFRO bulletin event row (line 896); CFR 2.3% matches deaths/cases; start = 1 January reset, else earlier of notification and reporting-period start"
oew:2019:26,KEN,AFR::KEN,2019-01-02,2019-06-23,outbreak_cumulative,3036,129,20,"Kenya     Cholera    Ungraded   21-Jan-19     02-Jan-19   23-Jun-19   3 036     129          20     0.70%    in five Counties: Nairobi, Garissa,",auto_oew,"AFRO bulletin event row (line 975); CFR 0.7% matches deaths/cases; start = 1 January reset, else earlier of notification and reporting-period start"
oew:2019:26,NGA,AFR::NGA,2019-05-15,2019-06-28,outbreak_cumulative,156,16,1,"Nigeria     Cholera       Ungraded    19-Jun-19     15-May-19   28-Jun-19    156        16          1      0.60%    June 2019, a cumulative total of 156",auto_oew,"AFRO bulletin event row (line 1271); CFR 0.6% matches deaths/cases; start = 1 January reset, else earlier of notification and reporting-period start"
oew:2019:26,ZMB,AFR::ZMB,2019-04-03,2019-05-17,outbreak_cumulative,253,31,6,Zambia     Cholera      Ungraded   14-May-19     03-Apr-19   17-May-19   253        31          6      2.40%,auto_oew,"AFRO bulletin event row (line 1635); CFR 2.4% matches deaths/cases; start = 1 January reset, else earlier of notification and reporting-period start"
oew:2019:26,ZWE,AFR::ZWE,2018-09-06,2019-03-12,outbreak_cumulative,10421,312,69,Zimbabwe   Cholera       G2       06-Sep-18     06-Sep-18     12-Mar-19      10 421       312         69     0.70%    vaccination were held in response,auto_oew,"AFRO bulletin event row (line 1759); CFR 0.7% matches deaths/cases; start = 1 January reset, else earlier of notification and reporting-period start"
oew:2023:8,BDI,AFR::BDI,2023-01-01,2023-02-01,outbreak_cumulative,118,66,1,Burundi           Cholera         Grade 3         1-Jan-23         1-Jan-23         1-Feb-23              118                  66               1              0.8%,auto_oew,"AFRO bulletin event row (line 873); CFR 0.8% matches deaths/cases; start = 1 January reset, else earlier of notification and reporting-period start"
oew:2023:8,CMR,AFR::CMR,2021-08-31,2023-01-26,outbreak_cumulative,15164,1806,303,Cameroon           Cholera         Grade 3        31-Aug-21         25-Oct-21        26-Jan-23            15 164              1 806             303             2.0%,auto_oew,"AFRO bulletin event row (line 901); CFR 2.0% matches deaths/cases; start = 1 January reset, else earlier of notification and reporting-period start"
oew:2023:8,COD,AFR::COD,2023-01-01,2023-01-28,outbreak_cumulative,3201,335,13,Republic of the        Cholera       Grade 3         16-Jan-15         1-Jan-23         28-Jan-23             3 201                335              13              0.4%,auto_oew,"AFRO bulletin event row (line 1044); CFR 0.4% matches deaths/cases; start = 1 January reset, else earlier of notification and reporting-period start"
oew:2023:8,ETH,AFR::ETH,2022-09-17,2023-02-02,outbreak_cumulative,1068,39,28,Ethiopia         Cholera          Grade 3         17-Sep-22        17-Sep-22         2-Feb-23              1 068                39                28             2.6%,auto_oew,"AFRO bulletin event row (line 1146); CFR 2.6% matches deaths/cases; start = 1 January reset, else earlier of notification and reporting-period start"
oew:2023:8,KEN,AFR::KEN,2022-10-16,2023-02-12,outbreak_cumulative,4845,167,85,Kenya           Cholera          Grade 3         19-Oct-22        16-Oct-22        12-Feb-23              4 845               167               85              1.8%,auto_oew,"AFRO bulletin event row (line 1235); CFR 1.8% matches deaths/cases; start = 1 January reset, else earlier of notification and reporting-period start"
oew:2023:8,MWI,AFR::MWI,2022-03-03,2023-02-19,outbreak_cumulative,45784,45784,1468,Malawi           Cholera           Grade 3         3-Mar-22          3-Mar-22         19-Feb-23             45 784              45 784            1 468             3.2%,auto_oew,"AFRO bulletin event row (line 1304); CFR 3.2% matches deaths/cases; start = 1 January reset, else earlier of notification and reporting-period start"
oew:2023:8,MOZ,AFR::MOZ,2022-09-14,2023-02-19,outbreak_cumulative,5237,99,37,Mozambique          Cholera           Grade 3         14-Sep-22        16-Nov-22         19-Feb-23             5 237                 99                37              0.7%,auto_oew,"AFRO bulletin event row (line 1344); CFR 0.7% matches deaths/cases; start = 1 January reset, else earlier of notification and reporting-period start"
oew:2023:8,ZAF,AFR::ZAF,2023-02-03,2023-02-09,outbreak_cumulative,3,3,0,South Africa       Cholera          Grade 3         3-Feb-23         3-Feb-23         9-Feb-23                3                   3                0              0.0%,auto_oew,"IMPORTED | AFRO bulletin event row (line 1494); CFR 0.0% matches deaths/cases; start = 1 January reset, else earlier of notification and reporting-period start"
oew:2023:8,ZMB,AFR::ZMB,2023-01-20,2023-02-13,outbreak_cumulative,122,19,2,Zambia           Cholera           Grade 3         24-Jan-23        20-Jan-23         13-Feb-23              122                  19                2               1.6%,auto_oew,"AFRO bulletin event row (line 1608); CFR 1.6% matches deaths/cases; start = 1 January reset, else earlier of notification and reporting-period start"
iris:6af2a35e-778b-439d-a55e-6814a51d8f41,MWI,AFR::MWI,2025-12-26,2025-12-29,outbreak_cumulative,11,11,0,Malawi                  Cholera          Protracted 3        26-Dec-25            26-Dec-25           29-Dec-25             11               11             0        0.00%,auto_oew,"AFRO bulletin event row (line 612); CFR 0.0% matches deaths/cases; start = 1 January reset, else earlier of notification and reporting-period start"
iris:6af2a35e-778b-439d-a55e-6814a51d8f41,AGO,AFR::AGO,2025-01-07,2025-12-28,outbreak_cumulative,36313,937,895,Angola                  Cholera          Protracted 3         7-Jan-25             8-Jan-25           28-Dec-25            36 313           937            895       2.50%,auto_oew,"AFRO bulletin event row (line 616); CFR 2.5% matches deaths/cases; start = 1 January reset, else earlier of notification and reporting-period start"
iris:6af2a35e-778b-439d-a55e-6814a51d8f41,BDI,AFR::BDI,2025-01-01,2025-12-14,outbreak_cumulative,3056,3056,13,Burundi                 Cholera          Protracted 3         1-Jan-23             1-Jan-25           14-Dec-25             3 056            3 056         13        0.40%,auto_oew,"AFRO bulletin event row (line 626); CFR 0.4% matches deaths/cases; start = 1 January reset, else earlier of notification and reporting-period start"
iris:6af2a35e-778b-439d-a55e-6814a51d8f41,ETH,AFR::ETH,2025-01-01,2025-12-14,outbreak_cumulative,8444,,84,Ethiopia                Cholera          Protracted 3       17-Sep-22             1-Jan-25           14-Dec-25             8 444             -             84        1.00%,auto_oew,"AFRO bulletin event row (line 743); CFR 1.0% matches deaths/cases; start = 1 January reset, else earlier of notification and reporting-period start"
iris:6af2a35e-778b-439d-a55e-6814a51d8f41,KEN,AFR::KEN::UNSPECIFIED,2025-09-17,2025-12-28,outbreak_cumulative,296,20,7,Kenya                 Cholera          Protracted 3        1-Oct-25            17-Sep-25           28-Dec-25            296              20             7        2.40%,auto_oew,"SUBNATIONAL_EVENT | AFRO bulletin event row (line 782); CFR 2.4% matches deaths/cases; start = 1 January reset, else earlier of notification and reporting-period start"
iris:6af2a35e-778b-439d-a55e-6814a51d8f41,MOZ,AFR::MOZ,2024-10-28,2025-12-21,outbreak_cumulative,5814,5814,88,Mozambique                Cholera          Protracted 3       30-Nov-24            28-Oct-24           21-Dec-25            5 814            5 814          88       1.50%,auto_oew,"AFRO bulletin event row (line 820); CFR 1.5% matches deaths/cases; start = 1 January reset, else earlier of notification and reporting-period start"
iris:6af2a35e-778b-439d-a55e-6814a51d8f41,NAM,AFR::NAM::UNSPECIFIED,2025-11-19,2025-12-31,outbreak_cumulative,80,20,0,Namibia                Cholera          Protracted 3       27-Nov-25             19-Nov-25          31-Dec-25             80               20             0        0.00%,auto_oew,"SUBNATIONAL_EVENT | AFRO bulletin event row (line 846); CFR 0.0% matches deaths/cases; start = 1 January reset, else earlier of notification and reporting-period start"
iris:6af2a35e-778b-439d-a55e-6814a51d8f41,SSD,AFR::SSD,2024-09-28,2025-12-28,outbreak_cumulative,97257,12593,1581,South Sudan               Cholera          Protracted 3       11-Oct-24            28-Sep-24          28-Dec-25           97 257           12 593        1 581      1.60%,auto_oew,"AFRO bulletin event row (line 940); CFR 1.6% matches deaths/cases; start = 1 January reset, else earlier of notification and reporting-period start"
iris:6af2a35e-778b-439d-a55e-6814a51d8f41,ZMB,AFR::ZMB,2024-12-25,2025-12-14,outbreak_cumulative,1094,,18,Zambia                 Cholera          Protracted 3       30-Dec-24            25-Dec-24          14-Dec-25            1 094             -            18        1.60%,auto_oew,"AFRO bulletin event row (line 978); CFR 1.6% matches deaths/cases; start = 1 January reset, else earlier of notification and reporting-period start"
oew:2025:31,TCD,AFR::TCD,2025-07-13,2025-08-09,outbreak_cumulative,395,25,28,Chad                   Cholera          Protracted 3        24-Jul-25            13-Jul-25           9-Aug-25            395               25            28         7.1%,auto_oew,"AFRO bulletin event row (line 570); CFR 7.1% matches deaths/cases; start = 1 January reset, else earlier of notification and reporting-period start"
oew:2025:31,COG,AFR::COG::UNSPECIFIED,2025-06-21,2025-07-28,outbreak_cumulative,187,6,21,Congo                  Cholera          Protracted 3        26-Jul-25            21-Jun-25          28-Jul-25            187               6             21        11.2%,auto_oew,"SUBNATIONAL_EVENT | AFRO bulletin event row (line 589); CFR 11.2% matches deaths/cases; start = 1 January reset, else earlier of notification and reporting-period start"
oew:2025:31,KEN,AFR::KEN,2025-02-17,2025-08-10,outbreak_cumulative,426,100,20,Kenya                  Cholera          Protracted 3        17-Feb-25            21-Feb-25          10-Aug-25            426               100            20        4.7%,auto_oew,"AFRO bulletin event row (line 717); CFR 4.7% matches deaths/cases; start = 1 January reset, else earlier of notification and reporting-period start"
oew:2025:31,MOZ,AFR::MOZ,2024-10-28,2025-07-31,outbreak_cumulative,25239,4488,64,"Mozambique                 Cholera         Protracted 3        30-Nov-24            28-Oct-24          31-Jul-25          25239             4,488           64        0.3%",auto_oew,"AFRO bulletin event row (line 795); CFR 0.3% matches deaths/cases; start = 1 January reset, else earlier of notification and reporting-period start"
oew:2025:31,NAM,AFR::NAM::UNSPECIFIED,2025-06-13,2025-08-05,outbreak_cumulative,18,9,1,Namibia                Cholera         Protracted 3        13-Jun-25            14-Jun-25           5-Aug-25            18                9             1         5.6%,auto_oew,"SUBNATIONAL_EVENT | AFRO bulletin event row (line 810); CFR 5.6% matches deaths/cases; start = 1 January reset, else earlier of notification and reporting-period start"
oew:2025:31,SSD,AFR::SSD,2024-09-28,2025-07-29,outbreak_cumulative,85532,85532,1484,"South Sudan                Cholera          Protracted 3       11-Oct-24            28-Sep-24           29-Jul-25          85,532           85,532         1,484       1.7%",auto_oew,"AFRO bulletin event row (line 942); CFR 1.7% matches deaths/cases; start = 1 January reset, else earlier of notification and reporting-period start"
oew:2025:31,UGA,AFR::UGA,2025-06-12,2025-07-02,outbreak_cumulative,227,13,2,Uganda                 Cholera          Protracted 3       12-Jun-25            26-Jun-25            2-Jul-25            227              13             2         0.9%,auto_oew,"AFRO bulletin event row (line 973); CFR 0.9% matches deaths/cases; start = 1 January reset, else earlier of notification and reporting-period start"
oew:2025:31,ZMB,AFR::ZMB::UNSPECIFIED,2024-12-25,2025-06-22,outbreak_cumulative,907,541,9,Zambia                 Cholera          Protracted 3       30-Dec-24            25-Dec-24           22-Jun-25            907              541            9         1.0%,auto_oew,"SUBNATIONAL_EVENT | AFRO bulletin event row (line 980); CFR 1.0% matches deaths/cases; start = 1 January reset, else earlier of notification and reporting-period start"
oew:2025:31,ZWE,AFR::ZWE,2024-11-04,2025-07-31,outbreak_cumulative,778,154,23,Zimbabwe                 Cholera          Protracted 3       12-Nov-24            4-Nov-24            31-Jul-25           778              154            23        3.0%,auto_oew,"AFRO bulletin event row (line 994); CFR 3.0% matches deaths/cases; start = 1 January reset, else earlier of notification and reporting-period start"
oew:2018:8,UGA,AFR::UGA::UNSPECIFIED,2018-02-12,2018-02-22,outbreak_cumulative,700,5,27,Uganda            Cholera      Ungraded   15-Feb-18   12-Feb-18   22-Feb-18    700          5         27       3.9%   Detailed update given above.,auto_oew,"SUBNATIONAL_EVENT | AFRO bulletin event row (line 499); CFR 3.9% matches deaths/cases; start = 1 January reset, else earlier of notification and reporting-period start"
oew:2018:8,AGO,AFR::AGO::UNSPECIFIED,2017-12-21,2018-02-03,outbreak_cumulative,557,5,11,Angola            Cholera        G1       2-Jan-18    21-Dec-17   3-Feb-18     557          5         11       2.0%   travel to Kimpangu (DRC). The number of weekly,auto_oew,"SUBNATIONAL_EVENT | AFRO bulletin event row (line 504); CFR 2.0% matches deaths/cases; start = 1 January reset, else earlier of notification and reporting-period start"
oew:2018:8,TCD,AFR::TCD,2017-08-14,2017-12-10,outbreak_cumulative,1250,9,81,Chad           Cholera        G1       19-Aug-17    14-Aug-17   10-Dec-17   1 250        9         81     6.5%,auto_oew,"AFRO bulletin event row (line 586); CFR 6.5% matches deaths/cases; start = 1 January reset, else earlier of notification and reporting-period start"
oew:2018:8,KEN,AFR::KEN,2018-01-01,2018-02-15,outbreak_cumulative,1315,34,18,Kenya           Cholera         G1       6-Mar-17    1-Jan-18    15-Feb-18   1 315       34         18     1.4%    have been reported as since the first of January.,auto_oew,"AFRO bulletin event row (line 710); CFR 1.4% matches deaths/cases; start = 1 January reset, else earlier of notification and reporting-period start"
oew:2018:8,MWI,AFR::MWI,2017-11-20,2018-02-21,outbreak_cumulative,541,76,10,Malawi          Cholera      Ungraded    28-Nov-17   20-Nov-17   21-Feb-18    541        76         10     1.8%    including 1 death had been reported. As of 21,auto_oew,"AFRO bulletin event row (line 760); CFR 1.8% matches deaths/cases; start = 1 January reset, else earlier of notification and reporting-period start"
oew:2018:8,NAM,AFR::NAM,2018-01-25,2018-01-31,outbreak_cumulative,1,1,0,Namibia         Cholera       Ungraded    31-Jan-18   25-Jan-18   31-Jan-18    1          1         0       0.0%,auto_oew,"AFRO bulletin event row (line 824); CFR 0.0% matches deaths/cases; start = 1 January reset, else earlier of notification and reporting-period start"
oew:2018:8,TZA,AFR::TZA,2018-01-01,2018-02-18,outbreak_cumulative,985,,20,"Tanzania      Cholera           G1       20-Aug-15   1-Jan-18    18-Feb-18   985         -         20      2.0%    (112 cases, 3 deaths), Ruvuma (65 cases, 2 deaths),",auto_oew,"AFRO bulletin event row (line 965); CFR 2.0% matches deaths/cases; start = 1 January reset, else earlier of notification and reporting-period start"
oew:2018:8,ZMB,AFR::ZMB::UNSPECIFIED,2017-10-04,2018-02-18,outbreak_cumulative,4187,67,85,Zambia        Cholera           G1       4-Oct-17    4-Oct-17    18-Feb-18   4 187      67         85      2.0%,auto_oew,"SUBNATIONAL_EVENT | AFRO bulletin event row (line 1011); CFR 2.0% matches deaths/cases; start = 1 January reset, else earlier of notification and reporting-period start"
oew:2018:8,ZWE,AFR::ZWE,2018-01-08,2018-02-22,outbreak_cumulative,107,9,4,Zimbabwe      Cholera         Ungraded   22-Jan-18   8-Jan-18    22-Feb-18   107         9         4       3.7%    Detailed update given above.,auto_oew,"AFRO bulletin event row (line 1016); CFR 3.7% matches deaths/cases; start = 1 January reset, else earlier of notification and reporting-period start"
oew:2018:8,BDI,AFR::BDI,2017-08-15,2018-12-31,outbreak_cumulative,171,14,0,"Burundi           Cholera      Ungraded    20-Aug-17   15-Aug-17   31-Dec-18    171        14          0      0.0%    case), MPANDA (28 cases), ISALE (33 cases),",auto_oew,"IMPORTED | AFRO bulletin event row (line 1039); CFR 0.0% matches deaths/cases; start = 1 January reset, else earlier of notification and reporting-period start"
oew:2017:49,AGO,AFR::AGO,2017-01-01,2017-10-22,outbreak_cumulative,375,,21,Angola         Cholera          G1       15-Dec-16    1-Jan-17    22-Oct-17    375         -        21      5.6%   (from Maquela de Zombo) was re-,auto_oew,"AFRO bulletin event row (line 454); CFR 5.6% matches deaths/cases; start = 1 January reset, else earlier of notification and reporting-period start"
oew:2017:49,KEN,AFR::KEN,2017-01-01,2017-12-07,outbreak_cumulative,4079,724,76,Kenya        Cholera            G1         6-Mar-17    1-Jan-17    7-Dec-17    4 079       724       76            1.9%,auto_oew,"AFRO bulletin event row (line 704); CFR 1.9% matches deaths/cases; start = 1 January reset, else earlier of notification and reporting-period start"
oew:2017:49,TZA,AFR::TZA,2017-01-01,2017-12-03,outbreak_cumulative,4308,,77,Tanzania       Cholera              G1       20-Aug-15   1-Jan-17    3-Dec-17    4 308        -        77      1.8%,auto_oew,"AFRO bulletin event row (line 957); CFR 1.8% matches deaths/cases; start = 1 January reset, else earlier of notification and reporting-period start"
oew:2017:49,UGA,AFR::UGA::UNSPECIFIED,2017-09-25,2017-11-29,outbreak_cumulative,225,17,4,Uganda         Cholera            Ungraded   28-Sep-17   25-Sep-17   29-Nov-17    225        17         4      1.8%   sub-counties. Nyakiyumbu sub county,auto_oew,"SUBNATIONAL_EVENT | AFRO bulletin event row (line 981); CFR 1.8% matches deaths/cases; start = 1 January reset, else earlier of notification and reporting-period start"
oew:2017:49,ZMB,AFR::ZMB,2017-10-04,2017-12-07,outbreak_cumulative,547,238,15,Zambia        Cholera           G1       4-Oct-17    4-Oct-17    7-Dec-17    547        238           15           2.7%,auto_oew,"AFRO bulletin event row (line 1015); CFR 2.7% matches deaths/cases; start = 1 January reset, else earlier of notification and reporting-period start"
iris:314a5c10-35de-4d3f-bb45-d369ccdef582,GHA,AFR::GHA,2024-08-31,2025-06-10,outbreak_cumulative,7098,1895,51,"Ghana                  Cholera            Grade 3           31-Aug-24            01-Oct-24          10-Jun-25            7098             1,895          51         0.7%",auto_oew,"AFRO bulletin event row (line 693); CFR 0.7% matches deaths/cases; start = 1 January reset, else earlier of notification and reporting-period start"
iris:314a5c10-35de-4d3f-bb45-d369ccdef582,KEN,AFR::KEN,2025-02-10,2025-07-16,outbreak_cumulative,423,99,20,Kenya                  Cholera            Grade 3          17-Feb-25            10-Feb-25           16-Jul-25           423               99            20         4.7%,auto_oew,"AFRO bulletin event row (line 724); CFR 4.7% matches deaths/cases; start = 1 January reset, else earlier of notification and reporting-period start"
iris:314a5c10-35de-4d3f-bb45-d369ccdef582,MOZ,AFR::MOZ,2024-10-28,2025-06-17,outbreak_cumulative,25239,25239,141,"Mozambique                 Cholera            Grade 3         30-Nov-24             28-Oct-24          17-Jun-25          25239            25,239         141        0.6%",auto_oew,"AFRO bulletin event row (line 799); CFR 0.6% matches deaths/cases; start = 1 January reset, else earlier of notification and reporting-period start"
iris:314a5c10-35de-4d3f-bb45-d369ccdef582,NAM,AFR::NAM::UNSPECIFIED,2025-06-13,2025-07-13,outbreak_cumulative,16,9,1,Namibia                 Cholera            Grade 3          13-Jun-25           14-Jun-25           13-Jul-25            16                9             1        6.3%,auto_oew,"SUBNATIONAL_EVENT | AFRO bulletin event row (line 809); CFR 6.3% matches deaths/cases; start = 1 January reset, else earlier of notification and reporting-period start"
iris:314a5c10-35de-4d3f-bb45-d369ccdef582,ZMB,AFR::ZMB::UNSPECIFIED,2024-12-25,2025-05-25,outbreak_cumulative,716,449,9,Zambia                  Cholera            Grade 3          30-Dec-24            25-Dec-24          25-May-25             716              449            9         1.3%,auto_oew,"SUBNATIONAL_EVENT | AFRO bulletin event row (line 978); CFR 1.3% matches deaths/cases; start = 1 January reset, else earlier of notification and reporting-period start"
iris:314a5c10-35de-4d3f-bb45-d369ccdef582,ZWE,AFR::ZWE,2024-11-04,2025-05-06,outbreak_cumulative,771,771,23,Zimbabwe                 Cholera            Grade 3          12-Nov-24            04-Nov-24          06-May-25             771              771            23        3.0%,auto_oew,"AFRO bulletin event row (line 984); CFR 3.0% matches deaths/cases; start = 1 January reset, else earlier of notification and reporting-period start"
oew:2018:14,AGO,AFR::AGO,2017-12-21,2018-03-25,outbreak_cumulative,861,5,15,Angola           Cholera            G1       2-Jan-18    21-Dec-17   25-Mar-18   861         5            15        1.7%    ed from two districts of Uíge,auto_oew,"AFRO bulletin event row (line 473); CFR 1.7% matches deaths/cases; start = 1 January reset, else earlier of notification and reporting-period start"
oew:2018:14,COD,AFR::COD,2015-01-16,2018-03-24,outbreak_cumulative,7961,0,185,Republic of the   Cholera                    16-Jan-15   24-Jan-18   24-Mar-18   7 961       0            185      2.3%   Detailed update given above.,auto_oew,"AFRO bulletin event row (line 608); CFR 2.3% matches deaths/cases; start = 1 January reset, else earlier of notification and reporting-period start"
oew:2018:14,KEN,AFR::KEN,2018-01-01,2018-03-16,outbreak_cumulative,1910,79,41,Kenya        Cholera         G1       6-Mar-17    1-Jan-18    16-Mar-18   1 910       79            41       2.1%   reported as since the first of Jan-,auto_oew,"AFRO bulletin event row (line 751); CFR 2.1% matches deaths/cases; start = 1 January reset, else earlier of notification and reporting-period start"
oew:2018:14,MWI,AFR::MWI,2017-11-20,2018-04-01,outbreak_cumulative,874,78,27,Malawi         Cholera          Ungraded    28-Nov-17   20-Nov-17   1-Apr-18    874        78         27     3.1%   cases and 1 death (this epi week,auto_oew,"AFRO bulletin event row (line 840); CFR 3.1% matches deaths/cases; start = 1 January reset, else earlier of notification and reporting-period start"
oew:2018:14,MOZ,AFR::MOZ,2017-08-12,2018-03-31,outbreak_cumulative,2317,,5,Mozambique     Cholera             G1       27-Oct-17   12-Aug-17   31-Mar-18   2 317       -         5      0.2%   This outbreak started in mid-Au-,auto_oew,"AFRO bulletin event row (line 886); CFR 0.2% matches deaths/cases; start = 1 January reset, else earlier of notification and reporting-period start"
oew:2018:14,ZAF,AFR::ZAF,2018-02-26,2018-03-10,outbreak_cumulative,1,1,0,South Africa     Cholera           Ungraded    26-Feb-18   6-Mar-18    10-Mar-18    1          1             0       0.0%,auto_oew,"AFRO bulletin event row (line 1091); CFR 0.0% matches deaths/cases; start = 1 January reset, else earlier of notification and reporting-period start"
oew:2018:14,TZA,AFR::TZA::UNSPECIFIED,2018-01-01,2018-03-25,outbreak_cumulative,1445,,27,Tanzania          Cholera              G1       20-Aug-15   1-Jan-18     25-Mar-18     1 445         -           27       1.9%    last case reported from Zanzibar,auto_oew,"SUBNATIONAL_EVENT | AFRO bulletin event row (line 1147); CFR 1.9% matches deaths/cases; start = 1 January reset, else earlier of notification and reporting-period start"
oew:2018:14,UGA,AFR::UGA,2018-02-12,2018-04-05,outbreak_cumulative,2044,18,44,Uganda            Cholera              G1       15-Feb-18   12-Feb-18     5-Apr-18     2 044        18           44       2.2%,auto_oew,"AFRO bulletin event row (line 1183); CFR 2.2% matches deaths/cases; start = 1 January reset, else earlier of notification and reporting-period start"
oew:2018:14,ZMB,AFR::ZMB,2017-10-04,2018-04-04,outbreak_cumulative,5440,565,109,Zambia            Cholera              G1       4-Oct-17    4-Oct-17      4-Apr-18     5 440       565           109      2.0%    Detailed update given above.,auto_oew,"AFRO bulletin event row (line 1192); CFR 2.0% matches deaths/cases; start = 1 January reset, else earlier of notification and reporting-period start"
oew:2019:23,BDI,AFR::BDI,2019-06-04,2019-06-06,outbreak_cumulative,7,4,0,Burundi      Cholera      Ungraded   05-Jun-19     04-Jun-19   06-Jun-19    7         4          0      0.00%   era Treatment Centers in Bujum-,auto_oew,"AFRO bulletin event row (line 398); CFR 0.0% matches deaths/cases; start = 1 January reset, else earlier of notification and reporting-period start"
oew:2019:23,CMR,AFR::CMR,2018-05-18,2019-05-15,outbreak_cumulative,1060,97,64,"Cameroon     Cholera          G1       24-May-18     18-May-18   15-May-19    1 060         97          64      6.00%   March 2019, additional five new",auto_oew,"AFRO bulletin event row (line 513); CFR 6.0% matches deaths/cases; start = 1 January reset, else earlier of notification and reporting-period start"
oew:2019:23,ETH,AFR::ETH,2019-05-12,2019-06-06,outbreak_cumulative,424,13,15,Ethiopia     Cholera       Ungraded    14-May-19     12-May-19   06-Jun-19   424        13          15     3.50%,auto_oew,"AFRO bulletin event row (line 836); CFR 3.5% matches deaths/cases; start = 1 January reset, else earlier of notification and reporting-period start"
oew:2019:23,KEN,AFR::KEN,2019-01-02,2019-05-19,outbreak_cumulative,2137,116,14,"Kenya    Cholera    Ungraded   21-Jan-19      02-Jan-19   19-May-19   2 137     116         14     0.70%   active in six Counties: Nairobi, Ga-",auto_oew,"AFRO bulletin event row (line 923); CFR 0.7% matches deaths/cases; start = 1 January reset, else earlier of notification and reporting-period start"
oew:2019:23,ZMB,AFR::ZMB,2019-04-03,2019-05-17,outbreak_cumulative,253,31,6,Zambia     Cholera       Ungraded   14-May-19     03-Apr-19   17-May-19   253        31          6      2.40%    Test (RDT) on 3 April 2019. As of,auto_oew,"AFRO bulletin event row (line 1678); CFR 2.4% matches deaths/cases; start = 1 January reset, else earlier of notification and reporting-period start"
oew:2019:23,ZWE,AFR::ZWE,2018-09-06,2019-05-26,outbreak_cumulative,10421,312,69,Zimbabwe         Cholera        G2       06-Sep-18     06-Sep-18   26-May-19   10 421     312         69     0.70%,auto_oew,"AFRO bulletin event row (line 1703); CFR 0.7% matches deaths/cases; start = 1 January reset, else earlier of notification and reporting-period start"
oew:2018:11,AGO,AFR::AGO::UNSPECIFIED,2017-12-21,2018-03-11,outbreak_cumulative,794,5,13,Angola            Cholera        G1       2-Jan-18    21-Dec-17   11-Mar-18    794        5        13        1.6%   of travel to Kimpangu (DRC). The number,auto_oew,"SUBNATIONAL_EVENT | AFRO bulletin event row (line 544); CFR 1.6% matches deaths/cases; start = 1 January reset, else earlier of notification and reporting-period start"
oew:2018:11,COD,AFR::COD,2018-01-01,2018-03-04,outbreak_cumulative,6080,0,140,Republic of the    Cholera        G3       16-Jan-15   1-Jan-18    4-Mar-18    6 080     0       140     2.3%    37 cases from Kinshasa. Fifty-four percent of,auto_oew,"AFRO bulletin event row (line 636); CFR 2.3% matches deaths/cases; start = 1 January reset, else earlier of notification and reporting-period start"
oew:2018:11,KEN,AFR::KEN,2018-01-01,2018-02-26,outbreak_cumulative,1476,34,29,"Kenya        Cholera         G1       6-Mar-17    1-Jan-18    26-Feb-18   1 476     34        29       2.0%    2018, a total of 1 476 cases have been reported",auto_oew,"AFRO bulletin event row (line 737); CFR 2.0% matches deaths/cases; start = 1 January reset, else earlier of notification and reporting-period start"
oew:2018:11,MWI,AFR::MWI,2017-11-20,2018-03-14,outbreak_cumulative,759,84,23,Malawi          Cholera       Ungraded    28-Nov-17   20-Nov-17   14-Mar-18    759      84        23     3.0%    Detailed update given above.,auto_oew,"AFRO bulletin event row (line 799); CFR 3.0% matches deaths/cases; start = 1 January reset, else earlier of notification and reporting-period start"
oew:2018:11,MOZ,AFR::MOZ,2017-08-12,2018-03-15,outbreak_cumulative,2147,,5,Mozambique      Cholera          G1       27-Oct-17   12-Aug-17   15-Mar-18   2 147      -        5      0.2%,auto_oew,"AFRO bulletin event row (line 828); CFR 0.2% matches deaths/cases; start = 1 January reset, else earlier of notification and reporting-period start"
oew:2018:11,ZAF,AFR::ZAF,2018-02-26,2018-03-10,outbreak_cumulative,1,1,0,South Africa    Cholera       Ungraded    26-Feb-18   6-Mar-18    10-Mar-18    1        1        0      0.0%    vere dehydration. Vibrio Cholerare 01 Ogawa,auto_oew,"AFRO bulletin event row (line 977); CFR 0.0% matches deaths/cases; start = 1 January reset, else earlier of notification and reporting-period start"
oew:2018:11,TZA,AFR::TZA,2018-01-01,2018-03-11,outbreak_cumulative,1440,,27,Tanzania      Cholera         G1       20-Aug-15   1-Jan-18    11-Mar-18   1 440     -        27       1.9%   no deaths in week 9. In week 10 cases have,auto_oew,"AFRO bulletin event row (line 1027); CFR 1.9% matches deaths/cases; start = 1 January reset, else earlier of notification and reporting-period start"
oew:2018:11,UGA,AFR::UGA,2018-02-12,2018-03-15,outbreak_cumulative,1695,18,36,"Uganda        Cholera         G1       15-Feb-18   12-Feb-18   15-Mar-18   1 695    18        36       2.1%   ruka, and Kyangwali. Since the beginning of",auto_oew,"AFRO bulletin event row (line 1051); CFR 2.1% matches deaths/cases; start = 1 January reset, else earlier of notification and reporting-period start"
oew:2018:11,ZMB,AFR::ZMB::UNSPECIFIED,2017-10-04,2018-03-15,outbreak_cumulative,4876,67,97,Zambia        Cholera         G1       4-Oct-17    4-Oct-17    15-Mar-18   4 876    67        97       2.0%   and Shibuyunji (1 case). Since the start of the,auto_oew,"SUBNATIONAL_EVENT | AFRO bulletin event row (line 1062); CFR 2.0% matches deaths/cases; start = 1 January reset, else earlier of notification and reporting-period start"
oew:2018:11,ZWE,AFR::ZWE,2018-01-08,2018-03-13,outbreak_cumulative,111,13,4,Zimbabwe      Cholera       Ungraded   22-Jan-18   8-Jan-18    13-Mar-18   111      13        4        3.6%,auto_oew,"AFRO bulletin event row (line 1074); CFR 3.6% matches deaths/cases; start = 1 January reset, else earlier of notification and reporting-period start"
oew:2026:30,MOZ,AFR::MOZ,2022-09-14,2026-06-10,outbreak_cumulative,9092,9092,83,Mozambique                 Cholera           Protracted3        14-Sep-22             12-Oct-23           10-Jun-26           9092              9092            83        0.96%,auto_oew,"AFRO bulletin event row (line 788); CFR 0.96% matches deaths/cases; start = 1 January reset, else earlier of notification and reporting-period start"
oew:2026:30,NAM,AFR::NAM,2025-11-19,2026-04-08,outbreak_cumulative,277,82,0,Namibia                 Cholera           Protracted3         2-Dec-25            19-Nov-25            8-Apr-26            277               82              0        0.00%,auto_oew,"AFRO bulletin event row (line 812); CFR 0.0% matches deaths/cases; start = 1 January reset, else earlier of notification and reporting-period start"
oew:2026:30,SSD,AFR::SSD::UNSPECIFIED,2024-09-28,2026-07-26,outbreak_cumulative,109908,109908,1720,South Sudan                Cholera           Protracted3        28-Oct-24            28-Sep-24           26-Jul-26          109908            109908         1720        1.63%,auto_oew,"SUBNATIONAL_EVENT | AFRO bulletin event row (line 917); CFR 1.63% matches deaths/cases; start = 1 January reset, else earlier of notification and reporting-period start"
oew:2021:41,BFA,AFR::BFA::UNSPECIFIED,2021-08-15,2021-08-31,outbreak_cumulative,2,2,0,Burkina Faso       Cholera         Ungraded        15-Aug-21         18-Aug-21          31-Aug-21             2               2                0                0.00%,auto_oew,"SUBNATIONAL_EVENT | AFRO bulletin event row (line 629); CFR 0.0% matches deaths/cases; start = 1 January reset, else earlier of notification and reporting-period start"
oew:2021:41,COD,AFR::COD,2020-01-01,2021-09-19,outbreak_cumulative,4952,4952,97,Republic of        Cholera          Grade 3        16-Jan-15          1-Jan-20           19-Sep-21           4 952           4 952               97                2.00%,auto_oew,"AFRO bulletin event row (line 797); CFR 2.0% matches deaths/cases; start = 1 January reset, else earlier of notification and reporting-period start"
oew:2021:41,MLI,AFR::MLI,2021-09-11,2021-10-03,outbreak_cumulative,11,2,4,Mali           Cholera         Ungraded        11-Sep-21        12-Sep-21           3-Oct-21             11              2                 4               36.40%,auto_oew,"AFRO bulletin event row (line 1031); CFR 36.4% matches deaths/cases; start = 1 January reset, else earlier of notification and reporting-period start"
oew:2021:41,NER,AFR::NER,2021-06-07,2021-10-06,outbreak_cumulative,5281,184,155,Niger           Cholera         Grade 1         7-Aug-21          7-Jun-21            6-Oct-21           5 281            184               155              2.90%,auto_oew,"AFRO bulletin event row (line 1100); CFR 2.9% matches deaths/cases; start = 1 January reset, else earlier of notification and reporting-period start"
oew:2021:41,NGA,AFR::NGA,2021-01-12,2021-09-26,outbreak_cumulative,88563,88563,3057,Nigeria          Cholera         Grade 2        12-Jan-21          12-Jan-21           26-Sep-21         88 563          88 563             3 057             3.50%,auto_oew,"AFRO bulletin event row (line 1128); CFR 3.5% matches deaths/cases; start = 1 January reset, else earlier of notification and reporting-period start"
oew:2025:34,AGO,AFR::AGO,2025-01-07,2025-08-18,outbreak_cumulative,27921,937,780,"Angola                 Cholera          Protracted 3       07-Jan-25            08-Jan-25           18-Aug-25          27,921             937           780        2.8%",auto_oew,"AFRO bulletin event row (line 360); CFR 2.8% matches deaths/cases; start = 1 January reset, else earlier of notification and reporting-period start"
oew:2025:34,TCD,AFR::TCD,2025-07-13,2025-08-23,outbreak_cumulative,938,39,63,Chad                   Cholera          Protracted 3        24-Jul-25            13-Jul-25          23-Aug-25            938               39            63         6.7%,auto_oew,"AFRO bulletin event row (line 462); CFR 6.7% matches deaths/cases; start = 1 January reset, else earlier of notification and reporting-period start"
oew:2025:34,COG,AFR::COG::UNSPECIFIED,2025-06-21,2025-07-28,outbreak_cumulative,187,6,21,Congo                  Cholera          Protracted 3        26-Jul-25            21-Jun-25          28-Jul-25            187               6             21        11.2%,auto_oew,"SUBNATIONAL_EVENT | AFRO bulletin event row (line 481); CFR 11.2% matches deaths/cases; start = 1 January reset, else earlier of notification and reporting-period start"
oew:2025:34,MOZ,AFR::MOZ,2024-10-28,2025-07-31,outbreak_cumulative,25239,4488,64,"Mozambique                 Cholera         Protracted 3        30-Nov-24            28-Oct-24          31-Jul-25          25239             4,488           64        0.3%",auto_oew,"AFRO bulletin event row (line 685); CFR 0.3% matches deaths/cases; start = 1 January reset, else earlier of notification and reporting-period start"
oew:2025:34,UGA,AFR::UGA,2025-06-12,2025-07-02,outbreak_cumulative,227,13,2,Uganda                 Cholera          Protracted 3       12-Jun-25            26-Jun-25           02-Jul-25            227              13             2         0.9%,auto_oew,"AFRO bulletin event row (line 856); CFR 0.9% matches deaths/cases; start = 1 January reset, else earlier of notification and reporting-period start"
oew:2025:34,ZMB,AFR::ZMB::UNSPECIFIED,2024-12-25,2025-06-22,outbreak_cumulative,907,541,9,Zambia                 Cholera          Protracted 3       30-Dec-24            25-Dec-24           22-Jun-25            907              541            9         1.0%,auto_oew,"SUBNATIONAL_EVENT | AFRO bulletin event row (line 863); CFR 1.0% matches deaths/cases; start = 1 January reset, else earlier of notification and reporting-period start"
oew:2025:34,ZWE,AFR::ZWE,2024-11-04,2025-07-31,outbreak_cumulative,778,154,23,Zimbabwe                 Cholera          Protracted 3       12-Nov-24            04-Nov-24           31-Jul-25            778              154            23        3.0%,auto_oew,"AFRO bulletin event row (line 867); CFR 3.0% matches deaths/cases; start = 1 January reset, else earlier of notification and reporting-period start"
oew:2025:34,NAM,AFR::NAM::UNSPECIFIED,2025-06-13,2025-08-05,outbreak_cumulative,18,9,1,Namibia                Cholera          Protracted 3       13-Jun-25            14-Jun-25           05-Aug-25            18                9             1         5.6%,auto_oew,"SUBNATIONAL_EVENT | AFRO bulletin event row (line 879); CFR 5.6% matches deaths/cases; start = 1 January reset, else earlier of notification and reporting-period start"
oew:2026:9,AGO,AFR::AGO,2025-01-07,2026-01-24,outbreak_cumulative,36463,,901,Angola                   Cholera       Protracted 3        7-Jan-25             8-Jan-25            24-Jan-26          36 463                  -       901       2.50%,auto_oew,"AFRO bulletin event row (line 522); CFR 2.5% matches deaths/cases; start = 1 January reset, else earlier of notification and reporting-period start"
oew:2026:9,BDI,AFR::BDI,2025-01-01,2026-03-01,outbreak_cumulative,4051,4051,16,Burundi                  Cholera       Protracted 3        1-Jan-23             1-Jan-25            1-Mar-26            4 051            4 051         16        0.40%,auto_oew,"AFRO bulletin event row (line 538); CFR 0.4% matches deaths/cases; start = 1 January reset, else earlier of notification and reporting-period start"
oew:2026:9,MWI,AFR::MWI,2025-12-26,2026-03-01,outbreak_cumulative,1106,167,4,Malawi                 Cholera         Protracted 3        26-Dec-25            26-Dec-25           1-Mar-26              1 106          167            4         0.40%,auto_oew,"AFRO bulletin event row (line 740); CFR 0.4% matches deaths/cases; start = 1 January reset, else earlier of notification and reporting-period start"
oew:2026:9,NAM,AFR::NAM,2025-11-19,2026-03-01,outbreak_cumulative,78,70,0,Namibia                  Cholera           Protracted 3        27-Nov-25            19-Nov-25            1-Mar-26              78                70             0         0.00%,auto_oew,"AFRO bulletin event row (line 815); CFR 0.0% matches deaths/cases; start = 1 January reset, else earlier of notification and reporting-period start"
oew:2026:9,SSD,AFR::SSD,2024-09-28,2026-03-01,outbreak_cumulative,99230,,1643,South Sudan                Cholera          Protracted 3        11-Oct-24            28-Sep-24           1-Mar-26            99 230                 -       1 643       1.70%,auto_oew,"AFRO bulletin event row (line 923); CFR 1.7% matches deaths/cases; start = 1 January reset, else earlier of notification and reporting-period start"
oew:2026:9,ZMB,AFR::ZMB,2024-12-25,2025-12-14,outbreak_cumulative,1094,,18,Zambia                  Cholera          Protracted 3        30-Dec-24            25-Dec-24          14-Dec-25              1 094                    -     18        1.60%,auto_oew,"AFRO bulletin event row (line 963); CFR 1.6% matches deaths/cases; start = 1 January reset, else earlier of notification and reporting-period start"
oew:2026:9,ZWE,AFR::ZWE::UNSPECIFIED,2026-01-21,2026-01-28,outbreak_cumulative,6,3,1,Zimbabwe                 Cholera          Protracted 3        26-Jan-26            21-Jan-26           28-Jan-26             6                3             1        16.70%,auto_oew,"SUBNATIONAL_EVENT | AFRO bulletin event row (line 969); CFR 16.7% matches deaths/cases; start = 1 January reset, else earlier of notification and reporting-period start"
oew:2018:7,AGO,AFR::AGO::UNSPECIFIED,2017-12-21,2018-02-03,outbreak_cumulative,557,5,11,Angola              Cholera         G1       2-Jan-18    21-Dec-17   3-Feb-18     557        5         11      2.0%    to Kimpangu (DRC). The,auto_oew,"SUBNATIONAL_EVENT | AFRO bulletin event row (line 532); CFR 2.0% matches deaths/cases; start = 1 January reset, else earlier of notification and reporting-period start"
oew:2018:7,BDI,AFR::BDI,2017-08-15,2017-12-06,outbreak_cumulative,167,14,0,Burundi          Cholera       Ungraded     20-Aug-17    15-Aug-17   6-Dec-17     167      14        0      0.0%,auto_oew,"AFRO bulletin event row (line 606); CFR 0.0% matches deaths/cases; start = 1 January reset, else earlier of notification and reporting-period start"
oew:2018:7,TCD,AFR::TCD,2017-08-14,2017-12-10,outbreak_cumulative,1250,9,81,Chad          Cholera        G1       19-Aug-17   14-Aug-17   10-Dec-17   1 250     9          81      6.5%,auto_oew,"AFRO bulletin event row (line 696); CFR 6.5% matches deaths/cases; start = 1 January reset, else earlier of notification and reporting-period start"
oew:2018:7,COD,AFR::COD,2017-01-01,2018-02-07,outbreak_cumulative,57804,841,1203,"Republic of      Cholera                     16-Jan-15   1-Jan-17    7-Feb-18    57 804    841     1 203    2.1%   2018, 65% of new cases were",auto_oew,"AFRO bulletin event row (line 763); CFR 2.1% matches deaths/cases; start = 1 January reset, else earlier of notification and reporting-period start"
oew:2018:7,KEN,AFR::KEN,2018-01-01,2018-02-07,outbreak_cumulative,934,22,16,Kenya           Cholera             G1         6-Mar-17    1-Jan-18    7-Feb-18     934      22         16      1.7%,auto_oew,"AFRO bulletin event row (line 866); CFR 1.7% matches deaths/cases; start = 1 January reset, else earlier of notification and reporting-period start"
oew:2018:7,MWI,AFR::MWI,2017-11-20,2018-02-14,outbreak_cumulative,450,11,6,Malawi          Cholera        Ungraded      28-Nov-17   20-Nov-17   14-Feb-18   450      11           6      1.3%    Detailed update given above.,auto_oew,"AFRO bulletin event row (line 966); CFR 1.3% matches deaths/cases; start = 1 January reset, else earlier of notification and reporting-period start"
oew:2018:7,MOZ,AFR::MOZ::UNSPECIFIED,2017-08-12,2018-02-11,outbreak_cumulative,1799,,1,Mozambique      Cholera        Ungraded      27-Oct-17   12-Aug-17   11-Feb-18   1 799     -           1     0.06%,auto_oew,"SUBNATIONAL_EVENT | AFRO bulletin event row (line 1003); CFR 0.06% matches deaths/cases; start = 1 January reset, else earlier of notification and reporting-period start"
oew:2018:7,NAM,AFR::NAM,2018-01-25,2018-01-31,outbreak_cumulative,1,1,0,Namibia           Cholera         Ungraded      31-Jan-18   25-Jan-18   31-Jan-18    1        1        0      0.0%,auto_oew,"AFRO bulletin event row (line 1045); CFR 0.0% matches deaths/cases; start = 1 January reset, else earlier of notification and reporting-period start"
oew:2018:7,TZA,AFR::TZA,2018-01-01,2018-02-11,outbreak_cumulative,754,,15,Tanzania          Cholera           G1       20-Aug-15   1-Jan-18    11-Feb-18   754       -        15     2.0%    Detailed update given above.,auto_oew,"AFRO bulletin event row (line 1211); CFR 2.0% matches deaths/cases; start = 1 January reset, else earlier of notification and reporting-period start"
oew:2018:7,ZMB,AFR::ZMB::UNSPECIFIED,2017-10-04,2018-02-12,outbreak_cumulative,4064,67,84,Zambia          Cholera           G1       4-Oct-17    4-Oct-17    12-Feb-18   4 064    67           84     2.1%    Detailed update given above.,auto_oew,"SUBNATIONAL_EVENT | AFRO bulletin event row (line 1275); CFR 2.1% matches deaths/cases; start = 1 January reset, else earlier of notification and reporting-period start"
oew:2018:7,ZWE,AFR::ZWE,2018-01-08,2018-02-15,outbreak_cumulative,107,9,4,Zimbabwe        Cholera         Ungraded   22-Jan-18   8-Jan-18    15-Feb-18   107       9           4      3.7%    lative total of 107 cases and 4,auto_oew,"AFRO bulletin event row (line 1282); CFR 3.7% matches deaths/cases; start = 1 January reset, else earlier of notification and reporting-period start"
oew:2023:21,BDI,AFR::BDI,2023-01-01,2023-05-14,outbreak_cumulative,409,175,5,Burundi          Cholera          Grade 3          1-Jan-23          1-Jan-23         14-May-23        409                    175              5                1.20%,auto_oew,"AFRO bulletin event row (line 664); CFR 1.2% matches deaths/cases; start = 1 January reset, else earlier of notification and reporting-period start"
oew:2023:21,CMR,AFR::CMR,2021-08-31,2023-05-07,outbreak_cumulative,15828,1808,345,Cameroon         Cholera           Grade 3         31-Aug-21        25-Oct-21        7-May-23         15 828                1 808            345              2.20%,auto_oew,"AFRO bulletin event row (line 718); CFR 2.2% matches deaths/cases; start = 1 January reset, else earlier of notification and reporting-period start"
oew:2023:21,COD,AFR::COD,2023-01-01,2023-05-07,outbreak_cumulative,18794,1324,104,Republic of      Cholera          Grade 3           16-Jan-15        1-Jan-23          7-May-23         18 794                 1 324            104               0.60%,auto_oew,"AFRO bulletin event row (line 868); CFR 0.6% matches deaths/cases; start = 1 January reset, else earlier of notification and reporting-period start"
oew:2023:21,SWZ,AFR::SWZ,2023-04-03,2023-05-08,outbreak_cumulative,2,2,0,Eswatini         Cholera            Grade 3         3-Apr-23         3-Apr-23         8-May-23          2                      2                0                0.00%,auto_oew,"AFRO bulletin event row (line 951); CFR 0.0% matches deaths/cases; start = 1 January reset, else earlier of notification and reporting-period start"
oew:2023:21,ETH,AFR::ETH::UNSPECIFIED,2022-09-17,2023-05-13,outbreak_cumulative,6592,39,104,Ethiopia         Cholera            Grade 3         17-Sep-22        17-Sep-22        13-May-23         6 592                  39               104              1.60%,auto_oew,"SUBNATIONAL_EVENT | AFRO bulletin event row (line 974); CFR 1.6% matches deaths/cases; start = 1 January reset, else earlier of notification and reporting-period start"
oew:2023:21,KEN,AFR::KEN,2022-10-05,2023-05-07,outbreak_cumulative,10297,464,164,Kenya            Cholera          Grade 3          19-Oct-22         5-Oct-22         7-May-23         10 297                 464               164              1.60%,auto_oew,"AFRO bulletin event row (line 1077); CFR 1.6% matches deaths/cases; start = 1 January reset, else earlier of notification and reporting-period start"
oew:2023:21,MWI,AFR::MWI,2022-03-03,2023-05-21,outbreak_cumulative,58751,58751,1760,Malawi           Cholera           Grade 3          3-Mar-22          3-Mar-22         21-May-23         58 751                 58 751            1 760            3.00%,auto_oew,"AFRO bulletin event row (line 1157); CFR 3.0% matches deaths/cases; start = 1 January reset, else earlier of notification and reporting-period start"
oew:2023:21,MOZ,AFR::MOZ,2022-09-14,2023-05-15,outbreak_cumulative,30425,30425,131,Mozambique       Cholera          Grade 3           14-Sep-22        16-Nov-22         15-May-23        30 425                 30 425            131              0.40%,auto_oew,"AFRO bulletin event row (line 1220); CFR 0.4% matches deaths/cases; start = 1 January reset, else earlier of notification and reporting-period start"
oew:2023:21,ZAF,AFR::ZAF::UNSPECIFIED,2023-02-03,2023-05-19,outbreak_cumulative,11,11,1,South Africa     Cholera          Grade 3          3-Feb-23         3-Feb-23         19-May-23        11                     11               1                9.10%,auto_oew,"SUBNATIONAL_EVENT | AFRO bulletin event row (line 1386); CFR 9.1% matches deaths/cases; start = 1 January reset, else earlier of notification and reporting-period start"
oew:2023:21,SSD,AFR::SSD::UNSPECIFIED,2023-02-22,2023-05-14,outbreak_cumulative,1455,19,2,South Sudan      Cholera          Grade 3           7-Mar-23         22-Feb-23        14-May-23         1 455                  19               2                0.10%,auto_oew,"SUBNATIONAL_EVENT | AFRO bulletin event row (line 1434); CFR 0.1% matches deaths/cases; start = 1 January reset, else earlier of notification and reporting-period start"
oew:2023:21,ZMB,AFR::ZMB::UNSPECIFIED,2023-01-20,2023-05-08,outbreak_cumulative,509,103,11,Zambia           Cholera          Grade 3          24-Jan-23        20-Jan-23        8-May-23         509                    103              11               2.20%,auto_oew,"SUBNATIONAL_EVENT | AFRO bulletin event row (line 1523); CFR 2.2% matches deaths/cases; start = 1 January reset, else earlier of notification and reporting-period start"
oew:2023:21,ZWE,AFR::ZWE,2023-02-12,2023-05-07,outbreak_cumulative,722,129,21,Zimbabwe         Cholera          Grade 3          23-Feb-23        12-Feb-23        7-May-23         722                    129              21               2.90%,auto_oew,"AFRO bulletin event row (line 1535); CFR 2.9% matches deaths/cases; start = 1 January reset, else earlier of notification and reporting-period start"
oew:2021:26,COD,AFR::COD,2020-01-01,2021-06-06,outbreak_cumulative,3307,,90,Republic of        Cholera         Grade 3       16-Jan-15         1-Jan-20           6-Jun-21          3 307             -                   90           2.70%,auto_oew,"AFRO bulletin event row (line 930); CFR 2.7% matches deaths/cases; start = 1 January reset, else earlier of notification and reporting-period start"
oew:2021:26,ETH,AFR::ETH,2019-05-12,2021-05-02,outbreak_cumulative,19000,19000,304,Ethiopia         Cholera          Ungraded      14-May-19         12-May-19           2-May-21          19 000          19 000             304               1.60%,auto_oew,"AFRO bulletin event row (line 994); CFR 1.6% matches deaths/cases; start = 1 January reset, else earlier of notification and reporting-period start"
oew:2021:26,MOZ,AFR::MOZ,2020-01-31,2021-05-23,outbreak_cumulative,5681,5681,35,Mozambique         Cholera         Ungraded        20-Feb-20        31-Jan-20           23-May-21          5 681           5 681               35              0.60%,auto_oew,"AFRO bulletin event row (line 1175); CFR 0.6% matches deaths/cases; start = 1 January reset, else earlier of notification and reporting-period start"
oew:2021:26,NGA,AFR::NGA,2021-01-12,2021-05-31,outbreak_cumulative,6738,,221,Nigeria         Cholera         Ungraded        12-Jan-21        12-Jan-21           31-May-21          6 738             -               221               3.30%,auto_oew,"AFRO bulletin event row (line 1222); CFR 3.3% matches deaths/cases; start = 1 January reset, else earlier of notification and reporting-period start"
oew:2017:39,KEN,AFR::KEN,2017-01-01,2017-09-28,outbreak_cumulative,2996,572,55,Kenya           Cholera         G1       6-Mar-17    1-Jan-17    28-Sep-17   2 996    572     55    1.8%,auto_oew,"AFRO bulletin event row (line 814); CFR 1.8% matches deaths/cases; start = 1 January reset, else earlier of notification and reporting-period start"
irish:385077,AGO,AFR::AGO,2025-01-07,2026-01-24,outbreak_cumulative,36463,,901,Angola                    Cholera        Protracted 3        7-Jan-25             8-Jan-25           24-Jan-26            36 463                  -      901        2.50%,auto_oew,"AFRO bulletin event row (line 600); CFR 2.5% matches deaths/cases; start = 1 January reset, else earlier of notification and reporting-period start"
irish:385077,BDI,AFR::BDI,2025-01-01,2026-02-08,outbreak_cumulative,3944,3944,16,Burundi                   Cholera        Protracted 3        1-Jan-23             1-Jan-25            8-Feb-26             3 944            3 944         16        0.40%,auto_oew,"AFRO bulletin event row (line 612); CFR 0.4% matches deaths/cases; start = 1 January reset, else earlier of notification and reporting-period start"
irish:385077,ETH,AFR::ETH,2025-01-01,2026-01-12,outbreak_cumulative,8520,,84,Ethiopia                    Cholera          Protracted 3   17-Sep-22             1-Jan-25          12-Jan-26             8 520             -            84        1.00%,auto_oew,"AFRO bulletin event row (line 771); CFR 1.0% matches deaths/cases; start = 1 January reset, else earlier of notification and reporting-period start"
irish:385077,MWI,AFR::MWI,2025-12-26,2026-02-08,outbreak_cumulative,74,74,3,Malawi                     Cholera          Protracted 3   26-Dec-25            26-Dec-25           8-Feb-26             74               74             3        4.10%,auto_oew,"IMPORTED | AFRO bulletin event row (line 837); CFR 4.1% matches deaths/cases; start = 1 January reset, else earlier of notification and reporting-period start"
irish:385077,MOZ,AFR::MOZ,2024-11-30,2026-02-08,outbreak_cumulative,4726,,62,Mozambique                    Cholera          Protracted 3   30-Nov-24             3-Oct-25           8-Feb-26             4 726                 -         62       1.30%,auto_oew,"AFRO bulletin event row (line 872); CFR 1.3% matches deaths/cases; start = 1 January reset, else earlier of notification and reporting-period start"
irish:385077,NAM,AFR::NAM,2025-11-19,2026-02-08,outbreak_cumulative,60,52,0,Namibia                    Cholera          Protracted 3   27-Nov-25            19-Nov-25           8-Feb-26             60               52             0        0.00%,auto_oew,"AFRO bulletin event row (line 890); CFR 0.0% matches deaths/cases; start = 1 January reset, else earlier of notification and reporting-period start"
irish:385077,SSD,AFR::SSD,2024-09-28,2026-02-03,outbreak_cumulative,97929,,1611,South Sudan                Cholera          Protracted 3        11-Oct-24            28-Sep-24           3-Feb-26            97 929                 -       1 611      1.60%,auto_oew,"AFRO bulletin event row (line 1008); CFR 1.6% matches deaths/cases; start = 1 January reset, else earlier of notification and reporting-period start"
irish:385077,ZMB,AFR::ZMB,2024-12-25,2025-12-14,outbreak_cumulative,1094,,18,Zambia                 Cholera          Protracted 3        30-Dec-24            25-Dec-24          14-Dec-25             1 094                     -    18        1.60%,auto_oew,"AFRO bulletin event row (line 1056); CFR 1.6% matches deaths/cases; start = 1 January reset, else earlier of notification and reporting-period start"
irish:385077,ZWE,AFR::ZWE::UNSPECIFIED,2026-01-21,2026-01-28,outbreak_cumulative,6,3,1,Zimbabwe                Cholera          Protracted 3       26-Jan-26           21-Jan-26         28-Jan-26                 6             3            1      16.7%,auto_oew,"SUBNATIONAL_EVENT | AFRO bulletin event row (line 1073); CFR 16.7% matches deaths/cases; start = 1 January reset, else earlier of notification and reporting-period start"
oew:2024:32,UGA,AFR::UGA::UNSPECIFIED,2024-05-11,2024-05-26,outbreak_cumulative,57,15,4,Uganda           Cholera          Grade 3         13-May-24        11-May-24         26-May-24               57                  15                4              7.0%,auto_oew,"SUBNATIONAL_EVENT | AFRO bulletin event row (line 1273); CFR 7.0% matches deaths/cases; start = 1 January reset, else earlier of notification and reporting-period start"
oew:2024:32,ZMB,AFR::ZMB,2023-01-20,2024-05-12,outbreak_cumulative,23238,23238,740,"Zambia           Cholera          Grade 3         24-Jan-23         20-Jan-23        12-May-24             23,238              23,238             740             3.2%",auto_oew,"AFRO bulletin event row (line 1322); CFR 3.2% matches deaths/cases; start = 1 January reset, else earlier of notification and reporting-period start"
irish:330398,BDI,AFR::BDI,2019-06-01,2019-11-05,outbreak_cumulative,1064,288,6,Burundi          Cholera        Ungraded      5-Jun-19      1-Jun-19     5-Nov-19        1 064         288                      6                            0.60%,auto_oew,"AFRO bulletin event row (line 574); CFR 0.6% matches deaths/cases; start = 1 January reset, else earlier of notification and reporting-period start"
irish:330398,CMR,AFR::CMR,2019-03-01,2020-01-09,outbreak_cumulative,1307,169,55,Cameroon          Cholera        Ungraded      1-Mar-19      1-Mar-19      9-Jan-20       1 307         169                     55                            4.20%,auto_oew,"AFRO bulletin event row (line 601); CFR 4.2% matches deaths/cases; start = 1 January reset, else earlier of notification and reporting-period start"
irish:330398,COD,AFR::COD,2019-01-01,2019-12-15,outbreak_cumulative,29087,,501,Republic of        Cholera         Grade 3     16-Jan-15     1-Jan-19     15-Dec-19      29 087           -                    501                            1.70%,auto_oew,"AFRO bulletin event row (line 719); CFR 1.7% matches deaths/cases; start = 1 January reset, else earlier of notification and reporting-period start"
irish:330398,ETH,AFR::ETH,2019-05-12,2019-12-08,outbreak_cumulative,2089,60,21,Ethiopia         Cholera        Ungraded     14-May-19      12-May-19    8-Dec-19        2 089          60                     21                            1.00%,auto_oew,"AFRO bulletin event row (line 771); CFR 1.0% matches deaths/cases; start = 1 January reset, else earlier of notification and reporting-period start"
irish:330398,KEN,AFR::KEN,2019-01-02,2019-12-29,outbreak_cumulative,5150,264,39,Kenya           Cholera        Ungraded      21-Jan-19     2-Jan-19     29-Dec-19       5 150         264                     39                            0.80%,auto_oew,"AFRO bulletin event row (line 798); CFR 0.8% matches deaths/cases; start = 1 January reset, else earlier of notification and reporting-period start"
irish:330398,NGA,AFR::NGA,2019-05-15,2019-12-09,outbreak_cumulative,895,207,15,Nigeria         Cholera         Ungraded     19-Jun-19     15-May-19     9-Dec-19        895           207                     15                            1.70%,auto_oew,"AFRO bulletin event row (line 883); CFR 1.7% matches deaths/cases; start = 1 January reset, else earlier of notification and reporting-period start"
oew:2026:5,AGO,AFR::AGO,2025-01-07,2026-01-24,outbreak_cumulative,36463,,901,Angola                   Cholera        Protracted 3        7-Jan-25             8-Jan-25            24-Jan-26           36 463                  -      901        2.50%,auto_oew,"AFRO bulletin event row (line 470); CFR 2.5% matches deaths/cases; start = 1 January reset, else earlier of notification and reporting-period start"
oew:2026:5,BDI,AFR::BDI,2025-01-01,2026-02-01,outbreak_cumulative,3891,3891,16,Burundi                  Cholera        Protracted 3        1-Jan-23             1-Jan-25            1-Feb-26             3 891            3 891         16        0.40%,auto_oew,"AFRO bulletin event row (line 483); CFR 0.4% matches deaths/cases; start = 1 January reset, else earlier of notification and reporting-period start"
oew:2026:5,ETH,AFR::ETH,2025-01-01,2026-01-12,outbreak_cumulative,8520,,84,Ethiopia               Cholera          Protracted 3       17-Sep-22             1-Jan-25          12-Jan-26             8 520             -            84        1.00%,auto_oew,"AFRO bulletin event row (line 638); CFR 1.0% matches deaths/cases; start = 1 January reset, else earlier of notification and reporting-period start"
oew:2026:5,MWI,AFR::MWI,2025-12-26,2026-02-01,outbreak_cumulative,66,66,3,Malawi                     Cholera          Protracted 3   26-Dec-25            26-Dec-25           1-Feb-26             66               66             3        4.50%,auto_oew,"IMPORTED | AFRO bulletin event row (line 698); CFR 4.5% matches deaths/cases; start = 1 January reset, else earlier of notification and reporting-period start"
oew:2026:5,MOZ,AFR::MOZ,2024-10-17,2026-01-28,outbreak_cumulative,7688,7688,112,Mozambique                    Cholera          Protracted 3   30-Nov-24            17-Oct-24           28-Jan-26            7 688            7 688         112       1.40%,auto_oew,"AFRO bulletin event row (line 723); CFR 1.4% matches deaths/cases; start = 1 January reset, else earlier of notification and reporting-period start"
oew:2026:5,NAM,AFR::NAM,2025-11-19,2026-01-25,outbreak_cumulative,51,26,0,Namibia                     Cholera          Protracted 3   27-Nov-25            19-Nov-25           25-Jan-26            51               26             0        0.00%,auto_oew,"AFRO bulletin event row (line 742); CFR 0.0% matches deaths/cases; start = 1 January reset, else earlier of notification and reporting-period start"
oew:2026:5,SSD,AFR::SSD,2024-09-28,2026-01-29,outbreak_cumulative,97752,12601,1606,South Sudan                Cholera         Protracted 3        11-Oct-24            28-Sep-24          29-Jan-26           97 752           12 601        1 606      1.60%,auto_oew,"AFRO bulletin event row (line 868); CFR 1.6% matches deaths/cases; start = 1 January reset, else earlier of notification and reporting-period start"
oew:2026:5,ZMB,AFR::ZMB,2024-12-25,2025-12-14,outbreak_cumulative,1094,,18,Zambia                  Cholera         Protracted 3        30-Dec-24            25-Dec-24          14-Dec-25             1 094            -             18        1.6%,auto_oew,"AFRO bulletin event row (line 914); CFR 1.6% matches deaths/cases; start = 1 January reset, else earlier of notification and reporting-period start"
oew:2026:5,ZWE,AFR::ZWE::UNSPECIFIED,2026-01-21,2026-01-28,outbreak_cumulative,6,3,1,Zimbabwe                 Cholera         Protracted 3       26-Jan-26           21-Jan-26          28-Jan-26               6                3           1       16.7%,auto_oew,"SUBNATIONAL_EVENT | AFRO bulletin event row (line 932); CFR 16.7% matches deaths/cases; start = 1 January reset, else earlier of notification and reporting-period start"
oew:2019:44,BEN,AFR::BEN,2019-07-03,2019-09-26,outbreak_cumulative,45,19,0,Benin             Cholera          Ungraded        5-Jul-19        3-Jul-19      26-Sep-19           45              19              0                      0.00%,auto_oew,"AFRO bulletin event row (line 482); CFR 0.0% matches deaths/cases; start = 1 January reset, else earlier of notification and reporting-period start"
oew:2019:44,BDI,AFR::BDI,2019-06-01,2019-09-07,outbreak_cumulative,433,32,2,Burundi            Cholera          Ungraded        5-Jun-19       1-Jun-19        7-Sep-19          433              32              2                      0.50%,auto_oew,"AFRO bulletin event row (line 503); CFR 0.5% matches deaths/cases; start = 1 January reset, else earlier of notification and reporting-period start"
oew:2019:44,CMR,AFR::CMR,2019-03-01,2019-10-10,outbreak_cumulative,667,98,32,Cameroon            Cholera          Ungraded        1-Mar-19        1-Mar-19       10-Oct-19          667             98              32                      4.80%,auto_oew,"AFRO bulletin event row (line 542); CFR 4.8% matches deaths/cases; start = 1 January reset, else earlier of notification and reporting-period start"
oew:2019:44,COD,AFR::COD,2019-01-01,2019-10-13,outbreak_cumulative,24178,,432,Republic of          Cholera           Grade 3       16-Jan-15        1-Jan-19       13-Oct-19        24 178             -             432                     1.80%,auto_oew,"AFRO bulletin event row (line 641); CFR 1.8% matches deaths/cases; start = 1 January reset, else earlier of notification and reporting-period start"
oew:2019:44,ETH,AFR::ETH,2019-05-12,2019-10-20,outbreak_cumulative,1747,54,11,Ethiopia          Cholera          Ungraded       14-May-19      12-May-19       20-Oct-19        1 747            54              11                     0.60%,auto_oew,"AFRO bulletin event row (line 700); CFR 0.6% matches deaths/cases; start = 1 January reset, else earlier of notification and reporting-period start"
oew:2019:44,KEN,AFR::KEN,2019-01-02,2019-10-28,outbreak_cumulative,4601,214,37,Kenya            Cholera          Ungraded       21-Jan-19       2-Jan-19       28-Oct-19        4 601            214             37                     0.80%,auto_oew,"AFRO bulletin event row (line 722); CFR 0.8% matches deaths/cases; start = 1 January reset, else earlier of notification and reporting-period start"
oew:2019:44,NGA,AFR::NGA::UNSPECIFIED,2019-05-15,2019-10-11,outbreak_cumulative,787,189,4,Nigeria           Cholera           Ungraded       19-Jun-19      15-May-19       11-Oct-19         787             189              4                      0.50%,auto_oew,"SUBNATIONAL_EVENT | AFRO bulletin event row (line 795); CFR 0.5% matches deaths/cases; start = 1 January reset, else earlier of notification and reporting-period start"
oew:2019:44,ZMB,AFR::ZMB::UNSPECIFIED,2019-09-26,2019-10-06,outbreak_cumulative,6,2,0,Zambia            Cholera          Ungraded        3-Oct-19       26-Sep-19       6-Oct-19           6               2              0                      0.00%,auto_oew,"SUBNATIONAL_EVENT | AFRO bulletin event row (line 874); CFR 0.0% matches deaths/cases; start = 1 January reset, else earlier of notification and reporting-period start"
oew:2019:44,ZMB,AFR::ZMB::UNSPECIFIED,2019-08-30,2019-08-30,outbreak_cumulative,13,7,0,Zambia            Cholera          Ungraded        1-Sep-19       30-Aug-19      30-Aug-19           13              7              0                      0.00%,auto_oew,"SUBNATIONAL_EVENT | AFRO bulletin event row (line 890); CFR 0.0% matches deaths/cases; start = 1 January reset, else earlier of notification and reporting-period start"
oew:2018:28,AGO,AFR::AGO,2017-12-21,2018-07-09,outbreak_cumulative,954,12,19,Angola        Cholera      G1       2-Jan-18    21-Dec-17   9-Jul-18    954        12         19        2.0%,auto_oew,"AFRO bulletin event row (line 470); CFR 2.0% matches deaths/cases; start = 1 January reset, else earlier of notification and reporting-period start"
oew:2018:28,CMR,AFR::CMR,2018-05-18,2018-07-09,outbreak_cumulative,38,5,4,Cameroon        Cholera    Ungraded   24-May-18   18-May-18   9-Jul-18     38         5         4        10.5%   Detailed update given above.,auto_oew,"AFRO bulletin event row (line 501); CFR 10.5% matches deaths/cases; start = 1 January reset, else earlier of notification and reporting-period start"
oew:2018:28,COD,AFR::COD,2018-01-01,2018-07-01,outbreak_cumulative,13229,0,339,"Republic of the   Cholera                16-Jan-15   1-Jan-18    1-Jul-18    13 229        0        339     2.6%    cases, 66 cases, 66 cases, 66 cases and 62 cases",auto_oew,"AFRO bulletin event row (line 589); CFR 2.6% matches deaths/cases; start = 1 January reset, else earlier of notification and reporting-period start"
oew:2018:28,KEN,AFR::KEN,2018-01-01,2018-07-04,outbreak_cumulative,5561,299,78,"Kenya        Cholera     G1       6-Mar-17     1-Jan-18    4-Jul-18    5 561      299        78      1.4%   West Pokot, Kelifi and Isiolo counties. The out-",auto_oew,"AFRO bulletin event row (line 785); CFR 1.4% matches deaths/cases; start = 1 January reset, else earlier of notification and reporting-period start"
oew:2018:28,MWI,AFR::MWI,2018-06-08,2018-06-27,outbreak_cumulative,9,4,2,Malawi    Cholera    Ungraded    13-Jun-18   8-Jun-18    27-Jun-18    9          4         2      22.2%   (both died at health facility) have been reported,auto_oew,"AFRO bulletin event row (line 896); CFR 22.2% matches deaths/cases; start = 1 January reset, else earlier of notification and reporting-period start"
oew:2018:28,MOZ,AFR::MOZ,2017-08-12,2018-07-02,outbreak_cumulative,2397,,5,Mozambique    Cholera      G1       27-Oct-17   12-Aug-17   2-Jul-18    2 397       -         5      0.2%   were in week 24 when Nacala Port District in,auto_oew,"AFRO bulletin event row (line 982); CFR 0.2% matches deaths/cases; start = 1 January reset, else earlier of notification and reporting-period start"
oew:2018:28,NGA,AFR::NGA,2018-01-01,2018-07-25,outbreak_cumulative,13998,179,140,Nigeria   Cholera       G1       7-Jun-17    1-Jan-18    25-Jul-18   13 998      179       140      1.0%,auto_oew,"AFRO bulletin event row (line 1059); CFR 1.0% matches deaths/cases; start = 1 January reset, else earlier of notification and reporting-period start"
oew:2018:28,TZA,AFR::TZA::UNSPECIFIED,2018-01-01,2018-07-08,outbreak_cumulative,2993,,59,Tanzania   Cholera                 20-Aug-15   1-Jan-18    8-Jul-18    2 993       -         59     2.0%,auto_oew,"SUBNATIONAL_EVENT | AFRO bulletin event row (line 1299); CFR 2.0% matches deaths/cases; start = 1 January reset, else earlier of notification and reporting-period start"
oew:2018:28,UGA,AFR::UGA,2018-04-29,2018-06-20,outbreak_cumulative,92,26,1,Uganda    Cholera   Ungraded   7-May-18   29-Apr-18   20-Jun-18    92        26         1        1.1%   lab on 11 June indicate 9 positives cultures for,auto_oew,"AFRO bulletin event row (line 1373); CFR 1.1% matches deaths/cases; start = 1 January reset, else earlier of notification and reporting-period start"
oew:2022:44,CMR,AFR::CMR,2021-01-01,2022-10-13,outbreak_cumulative,12779,1149,263,Cameroon          Cholera          Grade 2          1-Jan-21        25-Oct-21         13-Oct-22         12 779            1 149             263             2.1%,auto_oew,"AFRO bulletin event row (line 571); CFR 2.1% matches deaths/cases; start = 1 January reset, else earlier of notification and reporting-period start"
oew:2022:44,COD,AFR::COD,2015-01-16,2022-10-09,outbreak_cumulative,11043,1156,202,Republic of the         Cholera      Grade 3         16-Jan-15        3-Jan-22         9-Oct-22          11 043           1 156             202             1.8%,auto_oew,"AFRO bulletin event row (line 714); CFR 1.8% matches deaths/cases; start = 1 January reset, else earlier of notification and reporting-period start"
oew:2022:44,ETH,AFR::ETH,2022-09-17,2022-10-29,outbreak_cumulative,331,4,17,Ethiopia          Cholera          Ungraded         17-Sep-22         17-Sep-22          29-Oct-22            331                4                17               5.1%,auto_oew,"AFRO bulletin event row (line 815); CFR 5.1% matches deaths/cases; start = 1 January reset, else earlier of notification and reporting-period start"
oew:2022:44,KEN,AFR::KEN,2022-10-16,2022-10-16,outbreak_cumulative,94,14,2,Kenya           Cholera         Ungraded         19-Oct-22        16-Oct-22         16-Oct-22           94               14                2              2.1%,auto_oew,"AFRO bulletin event row (line 892); CFR 2.1% matches deaths/cases; start = 1 January reset, else earlier of notification and reporting-period start"
oew:2022:44,MWI,AFR::MWI,2022-03-03,2022-10-28,outbreak_cumulative,5724,5724,177,Malawi            Cholera          Ungraded          3-Mar-22         3-Mar-22          28-Oct-22           5 724             5 724             177              3.1%,auto_oew,"AFRO bulletin event row (line 954); CFR 3.1% matches deaths/cases; start = 1 January reset, else earlier of notification and reporting-period start"
oew:2022:44,MOZ,AFR::MOZ,2022-01-13,2022-10-02,outbreak_cumulative,3685,16,19,Mozambique          Cholera          Ungraded         23-Mar-22        13-Jan-22          2-Oct-22           3 685              16               19              0.5%,auto_oew,"AFRO bulletin event row (line 1012); CFR 0.5% matches deaths/cases; start = 1 January reset, else earlier of notification and reporting-period start"
oew:2022:44,NER,AFR::NER::UNSPECIFIED,2022-09-01,2022-10-07,outbreak_cumulative,72,14,1,Niger           Cholera          Ungraded          3-Sep-22         1-Sep-22          7-Oct-22            72                14                1              1.4%,auto_oew,"SUBNATIONAL_EVENT | AFRO bulletin event row (line 1041); CFR 1.4% matches deaths/cases; start = 1 January reset, else earlier of notification and reporting-period start"
oew:2022:44,SSD,AFR::SSD,2022-03-21,2022-09-24,outbreak_cumulative,337,56,1,South Sudan          Cholera         Ungraded         21-Apr-22        21-Mar-22         24-Sep-22            337               56                1               0.3%,auto_oew,"AFRO bulletin event row (line 1186); CFR 0.3% matches deaths/cases; start = 1 January reset, else earlier of notification and reporting-period start"
oew:2021:46,TGO,AFR::TGO::UNSPECIFIED,2021-11-07,2021-11-09,outbreak_cumulative,17,1,4,Togo            Cholera        Ungraded        15-Nov-21          7-Nov-21            9-Nov-21             17              1                 4               23.50%,auto_oew,"SUBNATIONAL_EVENT | AFRO bulletin event row (line 652); CFR 23.5% matches deaths/cases; start = 1 January reset, else earlier of notification and reporting-period start"
oew:2021:46,BEN,AFR::BEN,2021-03-28,2021-11-08,outbreak_cumulative,259,21,9,Benin           Cholera        Ungraded        28-Mar-21          28-Mar-21           8-Nov-21            259              21                9                3.50%,auto_oew,"AFRO bulletin event row (line 684); CFR 3.5% matches deaths/cases; start = 1 January reset, else earlier of notification and reporting-period start"
oew:2021:46,CMR,AFR::CMR::UNSPECIFIED,2021-01-01,2021-11-07,outbreak_cumulative,104,3,7,Cameroon          Cholera        Ungraded         1-Jan-21         5-Aug-21           7-Nov-21            104             3                 7               6.70%,auto_oew,"SUBNATIONAL_EVENT | AFRO bulletin event row (line 749); CFR 6.7% matches deaths/cases; start = 1 January reset, else earlier of notification and reporting-period start"
oew:2021:46,COD,AFR::COD,2020-01-01,2021-10-17,outbreak_cumulative,5950,,117,Republic of        Cholera          Grade 3        16-Jan-15          1-Jan-20            17-Oct-21           5 950             -                117               2.00%,auto_oew,"AFRO bulletin event row (line 875); CFR 2.0% matches deaths/cases; start = 1 January reset, else earlier of notification and reporting-period start"
oew:2021:46,MOZ,AFR::MOZ,2021-07-21,2021-10-19,outbreak_cumulative,191,8,0,Mozambique         Cholera        Ungraded        26-Oct-21         21-Jul-21          19-Oct-21           191             8                 0               0.00%,auto_oew,"AFRO bulletin event row (line 1141); CFR 0.0% matches deaths/cases; start = 1 January reset, else earlier of notification and reporting-period start"
oew:2021:46,NER,AFR::NER,2021-06-07,2021-11-09,outbreak_cumulative,5522,194,159,Niger           Cholera         Grade 1         7-Aug-21          7-Jun-21            9-Nov-21           5 522            194               159               2.90%,auto_oew,"AFRO bulletin event row (line 1180); CFR 2.9% matches deaths/cases; start = 1 January reset, else earlier of notification and reporting-period start"
oew:2021:46,NGA,AFR::NGA,2021-01-12,2021-12-07,outbreak_cumulative,100057,100057,3449,Nigeria          Cholera         Grade 2         12-Jan-21         12-Jan-21           7-Dec-21          100 057         100 057            3 449              3.40%,auto_oew,"AFRO bulletin event row (line 1212); CFR 3.4% matches deaths/cases; start = 1 January reset, else earlier of notification and reporting-period start"
oew:2021:46,MLI,AFR::MLI,2021-09-11,2021-10-24,outbreak_cumulative,11,2,4,Mali           Cholera         Ungraded        11-Sep-21         12-Sep-21          24-Oct-21            11               2                4               36.40%,auto_oew,"AFRO bulletin event row (line 1356); CFR 36.4% matches deaths/cases; start = 1 January reset, else earlier of notification and reporting-period start"
oew:2021:46,BFA,AFR::BFA::UNSPECIFIED,2021-08-15,2021-10-16,outbreak_cumulative,2,2,0,Burkina Faso       Cholera         Ungraded        15-Aug-21         18-Aug-21          16-Oct-21             2               2                0                0.00%,auto_oew,"SUBNATIONAL_EVENT | AFRO bulletin event row (line 1362); CFR 0.0% matches deaths/cases; start = 1 January reset, else earlier of notification and reporting-period start"
oew:2018:10,AGO,AFR::AGO::UNSPECIFIED,2017-12-21,2018-03-04,outbreak_cumulative,696,5,13,Angola              Cholera         G1       2-Jan-18    21-Dec-17   4-Mar-18     696          5         13     1.9%    pangu (DRC). The number of weekly,auto_oew,"SUBNATIONAL_EVENT | AFRO bulletin event row (line 436); CFR 1.9% matches deaths/cases; start = 1 January reset, else earlier of notification and reporting-period start"
oew:2018:10,COD,AFR::COD,2018-01-01,2018-03-04,outbreak_cumulative,6080,0,140,Republic of      Cholera                  16-Jan-15   1-Jan-18    4-Mar-18    6 080   0    140   2.3%   from Kinshasa. Fifty-four percent of,auto_oew,"AFRO bulletin event row (line 530); CFR 2.3% matches deaths/cases; start = 1 January reset, else earlier of notification and reporting-period start"
oew:2018:10,KEN,AFR::KEN,2018-01-01,2018-02-26,outbreak_cumulative,1476,34,29,Kenya           Cholera          G1         6-Mar-17    1-Jan-18    26-Feb-18   1 476    34     29      2.0%    total of 1 476 cases have been reported,auto_oew,"AFRO bulletin event row (line 638); CFR 2.0% matches deaths/cases; start = 1 January reset, else earlier of notification and reporting-period start"
oew:2018:10,MWI,AFR::MWI,2017-11-20,2018-03-05,outbreak_cumulative,716,78,19,Malawi          Cholera      Ungraded   28-Nov-17    20-Nov-17   5-Mar-18     716     78    19    2.7%,auto_oew,"AFRO bulletin event row (line 717); CFR 2.7% matches deaths/cases; start = 1 January reset, else earlier of notification and reporting-period start"
oew:2018:10,MOZ,AFR::MOZ::UNSPECIFIED,2017-08-12,2018-03-08,outbreak_cumulative,2099,,5,Mozambique      Cholera           G1         27-Oct-17   12-Aug-17   8-Mar-18    2 099    -      5      0.2%,auto_oew,"SUBNATIONAL_EVENT | AFRO bulletin event row (line 769); CFR 0.2% matches deaths/cases; start = 1 January reset, else earlier of notification and reporting-period start"
oew:2018:10,TZA,AFR::TZA,2018-01-01,2018-03-04,outbreak_cumulative,1422,,27,Tanzania         Cholera           G1       20-Aug-15   1-Jan-18    4-Mar-18    1 422   -      27     1.9%,auto_oew,"AFRO bulletin event row (line 923); CFR 1.9% matches deaths/cases; start = 1 January reset, else earlier of notification and reporting-period start"
oew:2018:10,UGA,AFR::UGA,2018-02-12,2018-03-07,outbreak_cumulative,1484,7,35,Uganda           Cholera           G1       15-Feb-18   12-Feb-18   7-Mar-18    1 484   7      35     2.4%    Detailed update given above.,auto_oew,"AFRO bulletin event row (line 949); CFR 2.4% matches deaths/cases; start = 1 January reset, else earlier of notification and reporting-period start"
oew:2018:10,ZMB,AFR::ZMB::UNSPECIFIED,2017-10-04,2018-03-01,outbreak_cumulative,4416,67,89,Zambia             Cholera          G1        4-Oct-17    4-Oct-17     1-Mar-18     4 416        67          89      2.0%,auto_oew,"SUBNATIONAL_EVENT | AFRO bulletin event row (line 979); CFR 2.0% matches deaths/cases; start = 1 January reset, else earlier of notification and reporting-period start"
oew:2018:10,ZWE,AFR::ZWE,2018-01-08,2018-02-22,outbreak_cumulative,107,9,4,"Zimbabwe           Cholera       Ungraded     22-Jan-18    8-Jan-18    22-Feb-18     107          9          4       3.7%    have been reported. Of these, 94 cases",auto_oew,"AFRO bulletin event row (line 991); CFR 3.7% matches deaths/cases; start = 1 January reset, else earlier of notification and reporting-period start"
oew:2021:51,BEN,AFR::BEN,2021-03-28,2021-12-05,outbreak_cumulative,779,21,11,Benin           Cholera         Ungraded        28-Mar-21         28-Mar-21          5-Dec-2021           779             21                11                1.4%,auto_oew,"AFRO bulletin event row (line 657); CFR 1.4% matches deaths/cases; start = 1 January reset, else earlier of notification and reporting-period start"
oew:2021:51,CMR,AFR::CMR,2021-01-01,2021-12-14,outbreak_cumulative,309,4,19,Cameroon          Cholera         Grade 2         1-Jan-21        5-Aug-2021        14-Dec-2021           309              4                19                6.1%,auto_oew,"AFRO bulletin event row (line 735); CFR 6.1% matches deaths/cases; start = 1 January reset, else earlier of notification and reporting-period start"
oew:2021:51,COD,AFR::COD,2020-01-01,2021-11-28,outbreak_cumulative,8279,,153,Republic of       Cholera          Grade 3        16-Jan-15          1-Jan-20          28-Nov-21           8 279             -               153               1.8%,auto_oew,"AFRO bulletin event row (line 871); CFR 1.8% matches deaths/cases; start = 1 January reset, else earlier of notification and reporting-period start"
oew:2021:51,ETH,AFR::ETH,2021-08-31,2021-12-14,outbreak_cumulative,534,2,7,Ethiopia         Cholera         Ungraded      31-Aug-2021       31-Aug-2021        14-Dec-2021            534              2                 7                1.3%,auto_oew,"AFRO bulletin event row (line 966); CFR 1.3% matches deaths/cases; start = 1 January reset, else earlier of notification and reporting-period start"
oew:2021:51,NER,AFR::NER,2021-06-07,2021-12-05,outbreak_cumulative,5590,194,166,Niger           Cholera         Grade 1        7-Aug-2021        7-Jun-2021           5-Dec-2021         5 590            194               166                3.0%,auto_oew,"AFRO bulletin event row (line 1184); CFR 3.0% matches deaths/cases; start = 1 January reset, else earlier of notification and reporting-period start"
oew:2021:51,NGA,AFR::NGA,2021-01-12,2021-12-12,outbreak_cumulative,107911,1506,3598,Nigeria          Cholera         Grade 2         12-Jan-21         12-Jan-21         12-Dec-2021         107 911          1 506             3 598               3.3%,auto_oew,"AFRO bulletin event row (line 1212); CFR 3.3% matches deaths/cases; start = 1 January reset, else earlier of notification and reporting-period start"
oew:2021:51,TGO,AFR::TGO::UNSPECIFIED,2021-11-07,2021-12-02,outbreak_cumulative,38,11,4,Togo           Cholera        Ungraded         8-Nov-21         7-Nov-21          2-Dec-2021            38             11                 4               10.5%,auto_oew,"SUBNATIONAL_EVENT | AFRO bulletin event row (line 1349); CFR 10.5% matches deaths/cases; start = 1 January reset, else earlier of notification and reporting-period start"
oew:2021:51,UGA,AFR::UGA,2021-11-04,2021-12-10,outbreak_cumulative,173,7,0,Uganda           Cholera        Ungraded        15-Nov-21         4-Nov-21         10-Dec-2021           173              7                 0               0.0%,auto_oew,"AFRO bulletin event row (line 1363); CFR 0.0% matches deaths/cases; start = 1 January reset, else earlier of notification and reporting-period start"
oew:2021:38,BFA,AFR::BFA::UNSPECIFIED,2021-08-15,2021-08-31,outbreak_cumulative,2,2,0,Burkina Faso        Cholera        Ungraded        15-Aug-21         18-Aug-21           31-Aug-21             2               2                 0                0.00%,auto_oew,"SUBNATIONAL_EVENT | AFRO bulletin event row (line 657); CFR 0.0% matches deaths/cases; start = 1 January reset, else earlier of notification and reporting-period start"
oew:2021:38,COD,AFR::COD,2020-01-01,2021-06-27,outbreak_cumulative,3516,,93,Republic of        Cholera         Grade 3        16-Jan-15          1-Jan-20           27-Jun-21           3 516             -                93               2.60%,auto_oew,"AFRO bulletin event row (line 829); CFR 2.6% matches deaths/cases; start = 1 January reset, else earlier of notification and reporting-period start"
oew:2021:38,MLI,AFR::MLI,2021-09-11,2021-09-13,outbreak_cumulative,10,2,4,Mali           Cholera         Ungraded        11-Sep-21         12-Sep-21          13-Sep-21            10               2                4               40.00%,auto_oew,"AFRO bulletin event row (line 1061); CFR 40.0% matches deaths/cases; start = 1 January reset, else earlier of notification and reporting-period start"
oew:2021:38,NER,AFR::NER,2021-06-07,2021-09-18,outbreak_cumulative,4651,4651,149,Niger          Cholera         Grade 1        7-Aug-21          7-Jun-21           18-Sep-21          4 651          4 651              149              3.20%,auto_oew,"AFRO bulletin event row (line 1124); CFR 3.2% matches deaths/cases; start = 1 January reset, else earlier of notification and reporting-period start"
oew:2021:38,NGA,AFR::NGA,2021-01-12,2021-09-05,outbreak_cumulative,69925,,2323,Nigeria         Cholera         Grade 2        12-Jan-21         12-Jan-21          5-Sep-21          69 925             -              2 323             3.30%,auto_oew,"AFRO bulletin event row (line 1153); CFR 3.3% matches deaths/cases; start = 1 January reset, else earlier of notification and reporting-period start"
oew:2022:38,CMR,AFR::CMR,2021-01-01,2022-09-08,outbreak_cumulative,11627,1063,238,Cameroon           Cholera          Grade 2          1-Jan-21         25-Oct-21         8-Sep-22          11 627             1 063             238              2.0%,auto_oew,"AFRO bulletin event row (line 533); CFR 2.0% matches deaths/cases; start = 1 January reset, else earlier of notification and reporting-period start"
oew:2022:38,COD,AFR::COD,2015-01-16,2022-08-28,outbreak_cumulative,8950,865,152,Republic of the     Cholera           Grade 3         16-Jan-15         3-Jan-22        28-Aug-22           8 950             865               152             1.7%,auto_oew,"AFRO bulletin event row (line 680); CFR 1.7% matches deaths/cases; start = 1 January reset, else earlier of notification and reporting-period start"
oew:2022:38,MWI,AFR::MWI,2022-03-03,2022-09-17,outbreak_cumulative,2900,23,91,Malawi            Cholera          Ungraded          3-Mar-22         3-Mar-22         17-Sep-22            2 900              23                91              3.1%,auto_oew,"AFRO bulletin event row (line 918); CFR 3.1% matches deaths/cases; start = 1 January reset, else earlier of notification and reporting-period start"
oew:2022:38,MOZ,AFR::MOZ,2022-01-13,2022-09-11,outbreak_cumulative,3478,16,15,Mozambique           Cholera          Ungraded         23-Mar-22         13-Jan-22         11-Sep-22           3 478               16                15              0.4%,auto_oew,"AFRO bulletin event row (line 980); CFR 0.4% matches deaths/cases; start = 1 January reset, else earlier of notification and reporting-period start"
oew:2022:38,NER,AFR::NER::UNSPECIFIED,2022-09-01,2022-09-14,outbreak_cumulative,26,14,0,Niger            Cholera          Ungraded          3-Sep-22          1-Sep-22         14-Sep-22             26                14                 0              0.0%,auto_oew,"SUBNATIONAL_EVENT | AFRO bulletin event row (line 1010); CFR 0.0% matches deaths/cases; start = 1 January reset, else earlier of notification and reporting-period start"
oew:2022:38,SSD,AFR::SSD,2022-03-21,2022-08-14,outbreak_cumulative,316,56,1,South Sudan          Cholera         Ungraded         21-Apr-22         21-Mar-22        14-Aug-22            316               56                1               0.3%,auto_oew,"AFRO bulletin event row (line 1191); CFR 0.3% matches deaths/cases; start = 1 January reset, else earlier of notification and reporting-period start"
oew:2022:38,ZMB,AFR::ZMB::UNSPECIFIED,2022-04-11,2022-07-31,outbreak_cumulative,160,12,0,Zambia           Cholera         Ungraded          13-Apr-22        11-Apr-22        31-Jul-22            160               12               0               0.0%,auto_oew,"SUBNATIONAL_EVENT | AFRO bulletin event row (line 1324); CFR 0.0% matches deaths/cases; start = 1 January reset, else earlier of notification and reporting-period start"
oew:2022:31,BFA,AFR::BFA::UNSPECIFIED,2022-07-03,2022-07-05,outbreak_cumulative,2,1,0,Burkina Faso        Cholera          Ungraded         03-Jul-22        03-Jul-22         05-Jul-22             2                1                0               0.0%,auto_oew,"SUBNATIONAL_EVENT | AFRO bulletin event row (line 469); CFR 0.0% matches deaths/cases; start = 1 January reset, else earlier of notification and reporting-period start"
oew:2022:31,CMR,AFR::CMR,2021-01-01,2022-07-24,outbreak_cumulative,10029,848,190,Cameroon          Cholera           Grade 2         01-Jan-21        25-Oct-21         24-Jul-22          10 029             848              190              1.9%,auto_oew,"AFRO bulletin event row (line 509); CFR 1.9% matches deaths/cases; start = 1 January reset, else earlier of notification and reporting-period start"
oew:2022:31,COD,AFR::COD,2015-01-16,2022-07-10,outbreak_cumulative,7585,404,116,Republic of the      Cholera          Grade 3        16-Jan-15        03-Jan-22         10-Jul-22         7 585             404              116              1.5%,auto_oew,"AFRO bulletin event row (line 641); CFR 1.5% matches deaths/cases; start = 1 January reset, else earlier of notification and reporting-period start"
oew:2022:31,KEN,AFR::KEN,2022-05-03,2022-06-19,outbreak_cumulative,319,2,2,Kenya           Cholera         Ungraded         30-May-22       3-May-2022        19-Jun-22            319               2                2              0.6%,auto_oew,"AFRO bulletin event row (line 829); CFR 0.6% matches deaths/cases; start = 1 January reset, else earlier of notification and reporting-period start"
oew:2022:31,MWI,AFR::MWI,2022-03-03,2022-07-30,outbreak_cumulative,999,13,40,Malawi           Cholera         Ungraded         03-Mar-22        03-Mar-22         30-Jul-22           999               13               40              4.0%,auto_oew,"AFRO bulletin event row (line 904); CFR 4.0% matches deaths/cases; start = 1 January reset, else earlier of notification and reporting-period start"
oew:2022:31,SSD,AFR::SSD,2022-03-21,2022-07-17,outbreak_cumulative,268,29,1,South Sudan         Cholera         Ungraded          21-Apr-22        21-Mar-22        17-Jul-22            268               29               1               0.4%,auto_oew,"AFRO bulletin event row (line 1141); CFR 0.4% matches deaths/cases; start = 1 January reset, else earlier of notification and reporting-period start"
oew:2022:31,ZMB,AFR::ZMB::UNSPECIFIED,2022-04-11,2022-06-30,outbreak_cumulative,159,11,0,Zambia            Cholera         Ungraded         13-Apr-22       11-Apr-2022        30-Jun-22            159               11                0               0.0%,auto_oew,"SUBNATIONAL_EVENT | AFRO bulletin event row (line 1223); CFR 0.0% matches deaths/cases; start = 1 January reset, else earlier of notification and reporting-period start"
oew:2019:9,BDI,AFR::BDI,2018-12-25,2019-02-24,outbreak_cumulative,188,19,2,Burundi          Cholera       Ungraded    28-Dec-18     25-Dec-18   24-Feb-19   188      19          2      1.10%    cases since 22 January 2019. One,auto_oew,"AFRO bulletin event row (line 510); CFR 1.1% matches deaths/cases; start = 1 January reset, else earlier of notification and reporting-period start"
oew:2019:9,CMR,AFR::CMR,2018-05-18,2019-01-23,outbreak_cumulative,997,81,58,Cameroon       Cholera          G1       24-May-18     18-May-18   23-Jan-19   997      81        58     5.80%   reported new cases since 27 August,auto_oew,"AFRO bulletin event row (line 567); CFR 5.8% matches deaths/cases; start = 1 January reset, else earlier of notification and reporting-period start"
oew:2019:9,COD,AFR::COD,2019-01-01,2019-02-17,outbreak_cumulative,4711,,115,Republic of the     Cholera         G3       16-Jan-15     01-Jan-19   17-Feb-19   4 711      -         115     2.40%   majority of new cases (93%) were,auto_oew,"AFRO bulletin event row (line 678); CFR 2.4% matches deaths/cases; start = 1 January reset, else earlier of notification and reporting-period start"
oew:2019:9,KEN,AFR::KEN,2019-01-02,2019-02-25,outbreak_cumulative,863,34,3,Kenya       Cholera       Ungraded    21-Jan-19     02-Jan-19   25-Feb-19   863      34        3      0.30%     County has successfully controlled,auto_oew,"AFRO bulletin event row (line 792); CFR 0.3% matches deaths/cases; start = 1 January reset, else earlier of notification and reporting-period start"
oew:2019:9,UGA,AFR::UGA::UNSPECIFIED,2019-01-02,2019-02-10,outbreak_cumulative,53,22,3,Uganda        Cholera      Ungraded   09-Jan-19     02-Jan-19   10-Feb-19    53       22         3      5.70%,auto_oew,"SUBNATIONAL_EVENT | AFRO bulletin event row (line 1159); CFR 5.7% matches deaths/cases; start = 1 January reset, else earlier of notification and reporting-period start"
oew:2019:9,ZMB,AFR::ZMB,2019-01-29,2019-02-22,outbreak_cumulative,7,6,0,Zambia        Cholera      Ungraded   15-Feb-19     29-Jan-19   22-Feb-19     7        6         0      0.00%,auto_oew,"AFRO bulletin event row (line 1178); CFR 0.0% matches deaths/cases; start = 1 January reset, else earlier of notification and reporting-period start"
oew:2019:9,ZWE,AFR::ZWE,2018-09-06,2019-01-16,outbreak_cumulative,10680,302,68,Zimbabwe       Cholera        G2       06-Sep-18     06-Sep-18   16-Jan-19   10 680    302        68     0.60%,auto_oew,"AFRO bulletin event row (line 1186); CFR 0.6% matches deaths/cases; start = 1 January reset, else earlier of notification and reporting-period start"
oew:2019:9,UGA,AFR::UGA::UNSPECIFIED,2019-01-02,2019-02-10,outbreak_cumulative,53,22,3,Uganda        Cholera      Ungraded   09-Jan-19     02-Jan-19      10-Feb-19       53         22         3       5.70%,auto_oew,"SUBNATIONAL_EVENT | AFRO bulletin event row (line 1243); CFR 5.7% matches deaths/cases; start = 1 January reset, else earlier of notification and reporting-period start"
oew:2020:21,BDI,AFR::BDI,2020-02-20,2020-05-03,outbreak_cumulative,70,0,0,Burundi          Cholera        Ungraded         20-Feb-20       20-Feb-20          3-May-20             70               0                 0                 0.00%,auto_oew,"AFRO bulletin event row (line 552); CFR 0.0% matches deaths/cases; start = 1 January reset, else earlier of notification and reporting-period start"
oew:2020:21,CMR,AFR::CMR,2019-03-01,2020-02-25,outbreak_cumulative,1449,285,71,Cameroon          Cholera         Ungraded        1-Mar-19         1-Mar-19         25-Feb-20           1 449            285               71                 4.90%,auto_oew,"AFRO bulletin event row (line 597); CFR 4.9% matches deaths/cases; start = 1 January reset, else earlier of notification and reporting-period start"
oew:2020:21,COD,AFR::COD,2020-01-01,2020-05-03,outbreak_cumulative,9018,,112,Republic of       Cholera         Grade 3        16-Jan-15        1-Jan-20         3-May-20           9 018             -               112                 1.20%,auto_oew,"AFRO bulletin event row (line 699); CFR 1.2% matches deaths/cases; start = 1 January reset, else earlier of notification and reporting-period start"
oew:2020:21,KEN,AFR::KEN,2020-01-01,2020-05-17,outbreak_cumulative,555,14,13,Kenya           Cholera         Ungraded        21-Jan-19        1-Jan-20        17-May-20            555              14               13                 2.30%,auto_oew,"AFRO bulletin event row (line 840); CFR 2.3% matches deaths/cases; start = 1 January reset, else earlier of notification and reporting-period start"
oew:2020:21,MOZ,AFR::MOZ,2020-01-31,2020-03-30,outbreak_cumulative,2305,1,18,Mozambique         Cholera         Ungraded        20-Feb-20        31-Jan-20        30-Mar-20            2 305             1                18                 0.80%,auto_oew,"AFRO bulletin event row (line 937); CFR 0.8% matches deaths/cases; start = 1 January reset, else earlier of notification and reporting-period start"
oew:2020:21,UGA,AFR::UGA,2020-04-29,2020-05-21,outbreak_cumulative,149,7,3,Uganda           Cholera         Ungraded       11-May-20        29-Apr-20        21-May-20            149              7                 3                 2.01%,auto_oew,"AFRO bulletin event row (line 1082); CFR 2.01% matches deaths/cases; start = 1 January reset, else earlier of notification and reporting-period start"
oew:2018:49,AGO,AFR::AGO,2018-10-09,2018-11-12,outbreak_cumulative,139,,2,Angola        Cholera        Ungraded      20-Nov-18   9-Oct-18    12-Nov-18      139            -         2           1.4%    with 41 cases including one,auto_oew,"AFRO bulletin event row (line 406); CFR 1.4% matches deaths/cases; start = 1 January reset, else earlier of notification and reporting-period start"
oew:2018:49,CMR,AFR::CMR::UNSPECIFIED,2018-05-18,2018-12-02,outbreak_cumulative,987,73,57,Cameroon      Cholera           G1         24-May-18   18-May-18   2-Dec-18       987           73           57         5.8%     North (37 cases) and a total,auto_oew,"SUBNATIONAL_EVENT | AFRO bulletin event row (line 471); CFR 5.8% matches deaths/cases; start = 1 January reset, else earlier of notification and reporting-period start"
oew:2018:49,NER,AFR::NER::UNSPECIFIED,2018-07-13,2018-12-03,outbreak_cumulative,3824,43,78,Niger      Cholera           G2         13-Jul-18   13-Jul-18   3-Dec-18      3 824          43         78     2.0%,auto_oew,"SUBNATIONAL_EVENT | AFRO bulletin event row (line 997); CFR 2.0% matches deaths/cases; start = 1 January reset, else earlier of notification and reporting-period start"
oew:2018:49,NGA,AFR::NGA,2018-01-01,2018-10-28,outbreak_cumulative,42466,47,830,"Nigeria    Cholera           G1         7-Jun-17    1-Jan-18    28-Oct-18     42 466         47        830     2.0%    death), Zamfara (37 cases),",auto_oew,"AFRO bulletin event row (line 1036); CFR 2.0% matches deaths/cases; start = 1 January reset, else earlier of notification and reporting-period start"
oew:2018:49,TZA,AFR::TZA,2018-01-01,2018-12-02,outbreak_cumulative,4599,50,83,Tanzania     Cholera       Protracted 1   20-Aug-15   1-Jan-18    2-Dec-18      4 599          50           83         1.8%     gwe region. The total number,auto_oew,"AFRO bulletin event row (line 1228); CFR 1.8% matches deaths/cases; start = 1 January reset, else earlier of notification and reporting-period start"
oew:2018:49,ZWE,AFR::ZWE,2018-09-06,2018-12-07,outbreak_cumulative,10550,281,59,Zimbabwe     Cholera       G2        6-Sep-18     6-Sep-18    7-Dec-18      10 550         281        59     0.6%   with eleven from Harare City,auto_oew,"AFRO bulletin event row (line 1306); CFR 0.6% matches deaths/cases; start = 1 January reset, else earlier of notification and reporting-period start"
oew:2019:37,BEN,AFR::BEN,2019-07-03,2019-09-12,outbreak_cumulative,44,19,0,Benin         Cholera       Ungraded       05-Jul-19        03-Jul-19          12-Sep-19           44            19            0          0.00%,auto_oew,"AFRO bulletin event row (line 423); CFR 0.0% matches deaths/cases; start = 1 January reset, else earlier of notification and reporting-period start"
oew:2019:37,BDI,AFR::BDI,2019-06-01,2019-09-07,outbreak_cumulative,433,32,2,Burundi        Cholera       Ungraded       05-Jun-19         01-Jun-19          07-Sep-19           433           32            2          0.50%,auto_oew,"AFRO bulletin event row (line 458); CFR 0.5% matches deaths/cases; start = 1 January reset, else earlier of notification and reporting-period start"
oew:2019:37,CMR,AFR::CMR,2019-03-01,2019-09-05,outbreak_cumulative,515,87,25,Cameroon        Cholera       Ungraded      01-Mar-19         01-Mar-19           05-Sep-19           515           87           25          4.90%,auto_oew,"AFRO bulletin event row (line 490); CFR 4.9% matches deaths/cases; start = 1 January reset, else earlier of notification and reporting-period start"
oew:2019:37,TCD,AFR::TCD,2019-07-12,2019-09-06,outbreak_cumulative,51,5,2,Chad          Cholera      Ungraded       19-Jul-19         12-Jul-19          06-Sep-19           51            5            2          3.90%,auto_oew,"AFRO bulletin event row (line 558); CFR 3.9% matches deaths/cases; start = 1 January reset, else earlier of notification and reporting-period start"
oew:2019:37,COD,AFR::COD,2019-01-01,2019-08-25,outbreak_cumulative,17271,,311,Republic of      Cholera         G3         16-Jan-15        01-Jan-19         25-Aug-19        17 271          -           311        1.80%,auto_oew,"AFRO bulletin event row (line 606); CFR 1.8% matches deaths/cases; start = 1 January reset, else earlier of notification and reporting-period start"
oew:2019:37,ETH,AFR::ETH,2019-05-12,2019-09-01,outbreak_cumulative,1180,42,11,Ethiopia       Cholera      Ungraded       14-May-19        12-May-19           01-Sep-19         1 180          42           11          0.90%,auto_oew,"AFRO bulletin event row (line 664); CFR 0.9% matches deaths/cases; start = 1 January reset, else earlier of notification and reporting-period start"
oew:2019:37,KEN,AFR::KEN,2019-01-02,2019-09-08,outbreak_cumulative,3951,167,27,Kenya         Cholera      Ungraded       21-Jan-19         02-Jan-19          08-Sep-19         3 951         167           27          0.70%,auto_oew,"AFRO bulletin event row (line 693); CFR 0.7% matches deaths/cases; start = 1 January reset, else earlier of notification and reporting-period start"
oew:2019:37,NGA,AFR::NGA::UNSPECIFIED,2019-05-15,2019-09-13,outbreak_cumulative,742,185,4,Nigeria        Cholera      Ungraded       19-Jun-19        15-May-19           13-Sep-19          742          185            4          0.50%,auto_oew,"SUBNATIONAL_EVENT | AFRO bulletin event row (line 783); CFR 0.5% matches deaths/cases; start = 1 January reset, else earlier of notification and reporting-period start"
oew:2019:37,UGA,AFR::UGA,2019-06-23,2019-09-11,outbreak_cumulative,144,9,1,Uganda         Cholera       Ungraded      27-Jun-19         23-Jun-19          11-Sep-19          144            9            1          0.70%,auto_oew,"AFRO bulletin event row (line 874); CFR 0.7% matches deaths/cases; start = 1 January reset, else earlier of notification and reporting-period start"
oew:2019:37,ZMB,AFR::ZMB,2019-08-30,2019-08-30,outbreak_cumulative,13,7,0,Zambia         Cholera       Ungraded      01-Sep-19        30-Aug-19           30-Aug-19           13            7            0          0.00%,auto_oew,"AFRO bulletin event row (line 899); CFR 0.0% matches deaths/cases; start = 1 January reset, else earlier of notification and reporting-period start"
oew:2017:42,UGA,AFR::UGA,2017-09-25,2017-10-17,outbreak_cumulative,168,15,3,Uganda                Cholera     Ungraded     28-Sep-17   25-Sep-17   17-Oct-17    168       15        3    1.8%,auto_oew,"AFRO bulletin event row (line 883); CFR 1.8% matches deaths/cases; start = 1 January reset, else earlier of notification and reporting-period start"
oew:2023:12,BDI,AFR::BDI,2023-01-01,2023-03-18,outbreak_cumulative,188,66,1,Burundi           Cholera          Grade 3          1-Jan-23         1-Jan-23         18-Mar-23               188                  66                1              0.5%,auto_oew,"AFRO bulletin event row (line 701); CFR 0.5% matches deaths/cases; start = 1 January reset, else earlier of notification and reporting-period start"
oew:2023:12,CMR,AFR::CMR,2021-08-31,2023-01-26,outbreak_cumulative,15164,1806,303,Cameroon           Cholera         Grade 3         31-Aug-21        25-Oct-21        26-Jan-23             15 164               1 806             303             2.0%,auto_oew,"AFRO bulletin event row (line 747); CFR 2.0% matches deaths/cases; start = 1 January reset, else earlier of notification and reporting-period start"
oew:2023:12,COD,AFR::COD,2023-01-01,2023-02-26,outbreak_cumulative,4748,361,19,Republic of the      Cholera           Grade 3         16-Jan-15         1-Jan-23        26-Feb-23              4 748                361               19              0.4%,auto_oew,"AFRO bulletin event row (line 861); CFR 0.4% matches deaths/cases; start = 1 January reset, else earlier of notification and reporting-period start"
oew:2023:12,ETH,AFR::ETH,2022-09-17,2023-02-02,outbreak_cumulative,1068,39,28,Ethiopia         Cholera           Grade 3        17-Sep-22         17-Sep-22         2-Feb-23              1 068                39                28              2.6%,auto_oew,"AFRO bulletin event row (line 980); CFR 2.6% matches deaths/cases; start = 1 January reset, else earlier of notification and reporting-period start"
oew:2023:12,KEN,AFR::KEN,2022-10-16,2023-02-12,outbreak_cumulative,4845,167,85,Kenya           Cholera          Grade 3          19-Oct-22        16-Oct-22        12-Feb-23             4 845                167               85              1.8%,auto_oew,"AFRO bulletin event row (line 1066); CFR 1.8% matches deaths/cases; start = 1 January reset, else earlier of notification and reporting-period start"
oew:2023:12,MWI,AFR::MWI,2022-03-03,2023-03-18,outbreak_cumulative,54491,54491,1677,Malawi           Cholera          Grade 3          3-Mar-22         3-Mar-22         18-Mar-23             54 491              54 491            1 677            3.1%,auto_oew,"AFRO bulletin event row (line 1112); CFR 3.1% matches deaths/cases; start = 1 January reset, else earlier of notification and reporting-period start"
oew:2023:12,MOZ,AFR::MOZ,2022-09-14,2023-03-05,outbreak_cumulative,7517,187,41,Mozambique          Cholera           Grade 3         14-Sep-22        16-Nov-22         5-Mar-23               7 517                187               41              0.5%,auto_oew,"AFRO bulletin event row (line 1176); CFR 0.5% matches deaths/cases; start = 1 January reset, else earlier of notification and reporting-period start"
oew:2023:12,ZAF,AFR::ZAF,2023-02-03,2023-03-17,outbreak_cumulative,6,6,1,South Africa       Cholera          Grade 3          3-Feb-23         3-Feb-23        17-Mar-23               6                   6                1              16.7%,auto_oew,"AFRO bulletin event row (line 1338); CFR 16.7% matches deaths/cases; start = 1 January reset, else earlier of notification and reporting-period start"
oew:2023:12,SSD,AFR::SSD::UNSPECIFIED,2023-02-22,2023-03-14,outbreak_cumulative,297,2,1,South Sudan            Cholera       Grade 3          7-Mar-23        22-Feb-23        14-Mar-23               297                  2                1              0.3%,auto_oew,"SUBNATIONAL_EVENT | AFRO bulletin event row (line 1386); CFR 0.3% matches deaths/cases; start = 1 January reset, else earlier of notification and reporting-period start"
oew:2023:12,ZMB,AFR::ZMB,2023-01-20,2023-03-12,outbreak_cumulative,224,224,5,Zambia           Cholera           Grade 3         24-Jan-23        20-Jan-23        12-Mar-23               224                 224               5              2.2%,auto_oew,"AFRO bulletin event row (line 1477); CFR 2.2% matches deaths/cases; start = 1 January reset, else earlier of notification and reporting-period start"
oew:2023:12,ZWE,AFR::ZWE::UNSPECIFIED,2023-02-12,2023-03-05,outbreak_cumulative,58,2,0,Zimbabwe          Cholera           Grade 3         23-Feb-23        12-Feb-23         5-Mar-23               58                   2                0              0.0%,auto_oew,"SUBNATIONAL_EVENT | AFRO bulletin event row (line 1491); CFR 0.0% matches deaths/cases; start = 1 January reset, else earlier of notification and reporting-period start"
oew:2025:36,AGO,AFR::AGO,2025-01-07,2025-09-01,outbreak_cumulative,27962,937,780,"Angola                   Cholera        Protracted 3        7-Jan-25             8-Jan-25           1-Sep-25           27,962             937           780       2.80%",auto_oew,"AFRO bulletin event row (line 398); CFR 2.8% matches deaths/cases; start = 1 January reset, else earlier of notification and reporting-period start"
oew:2025:36,TCD,AFR::TCD::UNSPECIFIED,2025-07-13,2025-09-06,outbreak_cumulative,1754,56,118,"Chad                   Cholera          Protracted 3        24-Jul-25            13-Jul-25           6-Sep-25           1,754              56           118        6.70%",auto_oew,"SUBNATIONAL_EVENT | AFRO bulletin event row (line 499); CFR 6.7% matches deaths/cases; start = 1 January reset, else earlier of notification and reporting-period start"
oew:2025:36,COG,AFR::COG::UNSPECIFIED,2025-06-21,2025-07-28,outbreak_cumulative,187,6,21,Congo                  Cholera          Protracted 3        26-Jul-25           21-Jun-25           28-Jul-25            187               6             21       11.20%,auto_oew,"SUBNATIONAL_EVENT | AFRO bulletin event row (line 518); CFR 11.2% matches deaths/cases; start = 1 January reset, else earlier of notification and reporting-period start"
oew:2025:36,MOZ,AFR::MOZ,2024-10-28,2025-07-31,outbreak_cumulative,25239,4488,64,"Mozambique                  Cholera          Protracted 3        30-Nov-24             28-Oct-24           31-Jul-25          25239             4,488           64         0.30%",auto_oew,"AFRO bulletin event row (line 711); CFR 0.3% matches deaths/cases; start = 1 January reset, else earlier of notification and reporting-period start"
oew:2025:36,SSD,AFR::SSD,2024-09-28,2025-09-11,outbreak_cumulative,91065,520,1560,"South Sudan                Cholera          Protracted 3       11-Oct-24            28-Sep-24           11-Sep-25          91,065             520          1,560      1.70%",auto_oew,"AFRO bulletin event row (line 863); CFR 1.7% matches deaths/cases; start = 1 January reset, else earlier of notification and reporting-period start"
oew:2025:36,UGA,AFR::UGA,2025-06-12,2025-07-31,outbreak_cumulative,227,13,2,Uganda                 Cholera          Protracted 3       12-Jun-25            26-Jun-25           31-Jul-25            227              13             2        0.90%,auto_oew,"AFRO bulletin event row (line 896); CFR 0.9% matches deaths/cases; start = 1 January reset, else earlier of notification and reporting-period start"
oew:2025:36,ZMB,AFR::ZMB::UNSPECIFIED,2024-12-25,2025-07-09,outbreak_cumulative,907,541,9,Zambia                 Cholera          Protracted 3       30-Dec-24            25-Dec-24            9-Jul-25            907              541            9        1.00%,auto_oew,"SUBNATIONAL_EVENT | AFRO bulletin event row (line 903); CFR 1.0% matches deaths/cases; start = 1 January reset, else earlier of notification and reporting-period start"
oew:2022:18,BEN,AFR::BEN,2021-03-28,2022-03-13,outbreak_cumulative,1679,46,20,Benin           Cholera           Grade 1         28-Mar-21        28-Mar-21        13-Mar-22           1 679              46                20              1.2%,auto_oew,"AFRO bulletin event row (line 611); CFR 1.2% matches deaths/cases; start = 1 January reset, else earlier of notification and reporting-period start"
oew:2022:18,CMR,AFR::CMR,2021-01-01,2022-04-18,outbreak_cumulative,5718,293,118,Cameroon          Cholera           Grade 2         1-Jan-21         25-Oct-21        18-Apr-2022         5 718              293              118              2.1%,auto_oew,"AFRO bulletin event row (line 673); CFR 2.1% matches deaths/cases; start = 1 January reset, else earlier of notification and reporting-period start"
oew:2022:18,COD,AFR::COD,2022-01-01,2022-04-03,outbreak_cumulative,4717,,66,Republic of the     Cholera          Grade 3         16-Jan-15         1-Jan-22         3-Apr-2022         4 717               -               66              1.4%,auto_oew,"AFRO bulletin event row (line 810); CFR 1.4% matches deaths/cases; start = 1 January reset, else earlier of notification and reporting-period start"
oew:2022:18,MWI,AFR::MWI,2022-03-03,2022-05-01,outbreak_cumulative,94,13,4,Malawi           Cholera         Ungraded         3-Mar-22         3-Mar-22          1-May-2022          94               13                4               4.3%,auto_oew,"AFRO bulletin event row (line 1073); CFR 4.3% matches deaths/cases; start = 1 January reset, else earlier of notification and reporting-period start"
oew:2022:18,SSD,AFR::SSD,2022-03-21,2022-04-16,outbreak_cumulative,3,3,1,South Sudan         Cholera          Ungraded        21-Apr-2022       21-Mar-22         16-Apr-2022           3                3                 1             33.3%,auto_oew,"AFRO bulletin event row (line 1328); CFR 33.3% matches deaths/cases; start = 1 January reset, else earlier of notification and reporting-period start"
oew:2022:18,ZMB,AFR::ZMB::UNSPECIFIED,2022-04-11,2022-04-25,outbreak_cumulative,21,21,0,Zambia           Cholera         Ungraded        13-Apr-2022      11-Apr-2022        25-Apr-2022          21               21                0              0.0%,auto_oew,"SUBNATIONAL_EVENT | AFRO bulletin event row (line 1402); CFR 0.0% matches deaths/cases; start = 1 January reset, else earlier of notification and reporting-period start"
oew:2019:27,BEN,AFR::BEN,2019-07-03,2019-07-06,outbreak_cumulative,10,4,0,Benin         Cholera       Ungraded   05-Jul-19     03-Jul-19   06-Jul-19    10        4          0      0.00%    culture. The outbreak occurs in areas,auto_oew,"AFRO bulletin event row (line 418); CFR 0.0% matches deaths/cases; start = 1 January reset, else earlier of notification and reporting-period start"
oew:2019:27,BDI,AFR::BDI,2019-06-04,2019-06-06,outbreak_cumulative,7,4,0,Burundi      Cholera       Ungraded    05-Jun-19     04-Jun-19   06-Jun-19      7          4           0       0.00%   (2) Cholera Treatment Centers in,auto_oew,"AFRO bulletin event row (line 488); CFR 0.0% matches deaths/cases; start = 1 January reset, else earlier of notification and reporting-period start"
oew:2019:27,CMR,AFR::CMR,2018-05-18,2019-07-01,outbreak_cumulative,1113,97,66,Cameroon      Cholera          G1       24-May-18     18-May-18   01-Jul-19   1 113      97         66     5.90%   of cholera. From 24 June to 1 July,auto_oew,"AFRO bulletin event row (line 568); CFR 5.9% matches deaths/cases; start = 1 January reset, else earlier of notification and reporting-period start"
oew:2019:27,ETH,AFR::ETH,2019-05-12,2019-06-30,outbreak_cumulative,642,20,15,Ethiopia       Cholera       Ungraded   14-May-19     12-May-19   30-Jun-19    642         20         15     2.30%,auto_oew,"AFRO bulletin event row (line 931); CFR 2.3% matches deaths/cases; start = 1 January reset, else earlier of notification and reporting-period start"
oew:2019:27,KEN,AFR::KEN,2019-01-02,2019-06-23,outbreak_cumulative,3036,129,20,"Kenya      Cholera     Ungraded   21-Jan-19     02-Jan-19   23-Jun-19   3 036     129          20     0.70%   in five Counties: Nairobi, Garissa,",auto_oew,"AFRO bulletin event row (line 1006); CFR 0.7% matches deaths/cases; start = 1 January reset, else earlier of notification and reporting-period start"
oew:2019:27,NGA,AFR::NGA,2019-05-15,2019-06-28,outbreak_cumulative,156,16,1,"Nigeria     Cholera       Ungraded    19-Jun-19     15-May-19   28-Jun-19   156        16          1      0.60%    June 2019, a cumulative total of 156",auto_oew,"AFRO bulletin event row (line 1307); CFR 0.6% matches deaths/cases; start = 1 January reset, else earlier of notification and reporting-period start"
oew:2019:27,UGA,AFR::UGA,2019-06-23,2019-06-26,outbreak_cumulative,11,3,0,Uganda        Cholera       Ungraded   27-Jun-19     23-Jun-19   26-Jun-19    11        3          0      0.00%,auto_oew,"AFRO bulletin event row (line 1541); CFR 0.0% matches deaths/cases; start = 1 January reset, else earlier of notification and reporting-period start"
oew:2019:27,ZMB,AFR::ZMB,2019-04-03,2019-06-07,outbreak_cumulative,253,31,6,Zambia     Cholera      Ungraded   14-May-19     03-Apr-19   07-Jun-19   253        31          6      2.40%,auto_oew,"AFRO bulletin event row (line 1653); CFR 2.4% matches deaths/cases; start = 1 January reset, else earlier of notification and reporting-period start"
oew:2019:29,BEN,AFR::BEN,2019-07-03,2019-07-15,outbreak_cumulative,9,4,0,Benin         Cholera       Ungraded   05-Jul-19     03-Jul-19   15-Jul-19    9         4          0      0.00%,auto_oew,"AFRO bulletin event row (line 412); CFR 0.0% matches deaths/cases; start = 1 January reset, else earlier of notification and reporting-period start"
oew:2019:29,BDI,AFR::BDI,2019-06-01,2019-07-11,outbreak_cumulative,124,32,0,Burundi      Cholera       Ungraded    05-Jun-19     01-Jun-19   11-Jul-19     124          32          0       0.00%   (28) of cases reported from Bujum-,auto_oew,"AFRO bulletin event row (line 459); CFR 0.0% matches deaths/cases; start = 1 January reset, else earlier of notification and reporting-period start"
oew:2019:29,CMR,AFR::CMR::UNSPECIFIED,2018-05-18,2019-07-01,outbreak_cumulative,1113,97,66,Cameroon      Cholera          G1       24-May-18     18-May-18   01-Jul-19   1 113      97         66     5.90%   Detailed update given above.,auto_oew,"SUBNATIONAL_EVENT | AFRO bulletin event row (line 536); CFR 5.9% matches deaths/cases; start = 1 January reset, else earlier of notification and reporting-period start"
oew:2019:29,ETH,AFR::ETH,2019-05-12,2019-06-30,outbreak_cumulative,642,20,15,Ethiopia       Cholera       Ungraded   14-May-19     12-May-19   30-Jun-19   642        20         15     2.30%,auto_oew,"AFRO bulletin event row (line 883); CFR 2.3% matches deaths/cases; start = 1 January reset, else earlier of notification and reporting-period start"
oew:2019:29,KEN,AFR::KEN,2019-01-02,2019-07-14,outbreak_cumulative,3433,141,24,"Kenya     Cholera     Ungraded   21-Jan-19     02-Jan-19   14-Jul-19   3 433     141          24     0.70%   six Counties: Nairobi, Garissa, Kaji-",auto_oew,"AFRO bulletin event row (line 969); CFR 0.7% matches deaths/cases; start = 1 January reset, else earlier of notification and reporting-period start"
oew:2019:29,NGA,AFR::NGA,2019-05-15,2019-06-28,outbreak_cumulative,156,16,1,"Nigeria      Cholera       Ungraded    19-Jun-19     15-May-19   28-Jun-19   156        16         1      0.60%   June 2019, a cumulative total of 156",auto_oew,"AFRO bulletin event row (line 1243); CFR 0.6% matches deaths/cases; start = 1 January reset, else earlier of notification and reporting-period start"
oew:2019:29,UGA,AFR::UGA,2019-06-23,2019-06-26,outbreak_cumulative,11,3,0,Uganda     Cholera      Ungraded   27-Jun-19     23-Jun-19   26-Jun-19    11        3          0      0.00%,auto_oew,"AFRO bulletin event row (line 1499); CFR 0.0% matches deaths/cases; start = 1 January reset, else earlier of notification and reporting-period start"
oew:2020:35,CMR,AFR::CMR,2020-01-01,2020-07-03,outbreak_cumulative,980,39,45,Cameroon           Cholera        Ungraded         1-Mar-19         1-Jan-20          3-Jul-20            980              39                45                 4.60%,auto_oew,"AFRO bulletin event row (line 570); CFR 4.6% matches deaths/cases; start = 1 January reset, else earlier of notification and reporting-period start"
oew:2020:35,COD,AFR::COD,2020-01-01,2020-08-09,outbreak_cumulative,13421,,190,Republic of       Cholera         Grade 3        16-Jan-15        1-Jan-20         9-Aug-20          13 421            -               190                1.40%,auto_oew,"AFRO bulletin event row (line 694); CFR 1.4% matches deaths/cases; start = 1 January reset, else earlier of notification and reporting-period start"
oew:2020:35,KEN,AFR::KEN,2020-01-01,2020-08-13,outbreak_cumulative,711,27,13,Kenya           Cholera         Ungraded        21-Jan-19        1-Jan-20        13-Aug-20            711              27               13                 1.80%,auto_oew,"AFRO bulletin event row (line 813); CFR 1.8% matches deaths/cases; start = 1 January reset, else earlier of notification and reporting-period start"
oew:2020:35,MOZ,AFR::MOZ,2020-01-31,2020-06-12,outbreak_cumulative,2625,,21,Mozambique         Cholera        Ungraded         20-Feb-20       31-Jan-20         12-Jun-20           2 625              -                21                 0.80%,auto_oew,"AFRO bulletin event row (line 910); CFR 0.8% matches deaths/cases; start = 1 January reset, else earlier of notification and reporting-period start"
oew:2020:35,UGA,AFR::UGA::UNSPECIFIED,2020-04-29,2020-06-11,outbreak_cumulative,682,17,6,Uganda           Cholera        Ungraded       11-May-20        29-Apr-20        11-Jun-20            682             17                6                 0.90%,auto_oew,"SUBNATIONAL_EVENT | AFRO bulletin event row (line 1069); CFR 0.9% matches deaths/cases; start = 1 January reset, else earlier of notification and reporting-period start"
oew:2017:46,AGO,AFR::AGO,2017-01-01,2017-10-22,outbreak_cumulative,375,,21,Angola                Cholera            G1       15-Dec-16   1-Jan-17    22-Oct-17     375        -       21       5.6%   bo (2). Only one new case (from Maque-,auto_oew,"AFRO bulletin event row (line 472); CFR 5.6% matches deaths/cases; start = 1 January reset, else earlier of notification and reporting-period start"
oew:2017:46,KEN,AFR::KEN,2017-01-01,2017-10-26,outbreak_cumulative,3304,596,60,"Kenya             Cholera              G1         6-Mar-17    1-Jan-17    26-Oct-17   3 304      596       60      1.8%   Garissa, Kajiado, and a newly reported",auto_oew,"AFRO bulletin event row (line 680); CFR 1.8% matches deaths/cases; start = 1 January reset, else earlier of notification and reporting-period start"
oew:2017:46,TZA,AFR::TZA,2017-01-01,2017-11-05,outbreak_cumulative,3932,,65,Tanzania              Cholera              G1       20-Aug-15   1-Jan-17    5-Nov-17    3 932        -       65      1.7%,auto_oew,"AFRO bulletin event row (line 885); CFR 1.7% matches deaths/cases; start = 1 January reset, else earlier of notification and reporting-period start"
oew:2017:46,UGA,AFR::UGA,2017-09-25,2017-11-16,outbreak_cumulative,196,15,3,Uganda                Cholera            Ungraded   28-Sep-17   25-Sep-17   16-Nov-17    196        15        3       1.5%,auto_oew,"AFRO bulletin event row (line 925); CFR 1.5% matches deaths/cases; start = 1 January reset, else earlier of notification and reporting-period start"
oew:2024:47,COD,AFR::COD,2024-01-01,2024-09-01,outbreak_cumulative,23887,2754,316,"Republic of         Cholera          Grade 3         16-Jan-15         1-Jan-24          1-Sep-24              23887               2,754              316             1.30%",auto_oew,"AFRO bulletin event row (line 746); CFR 1.3% matches deaths/cases; start = 1 January reset, else earlier of notification and reporting-period start"
oew:2024:47,GHA,AFR::GHA::UNSPECIFIED,2024-08-31,2024-08-31,outbreak_cumulative,24,2,0,Ghana           Cholera           Grade 3         31-Aug-24        31-Aug-24         31-Aug-24               24                   2                0              0.00%,auto_oew,"SUBNATIONAL_EVENT | AFRO bulletin event row (line 823); CFR 0.0% matches deaths/cases; start = 1 January reset, else earlier of notification and reporting-period start"
oew:2024:47,NER,AFR::NER,2024-08-27,2024-09-12,outbreak_cumulative,181,12,6,Niger            Cholera           Grade 3          9-Sep-24         27-Aug-24         12-Sep-24               181                  12                6              3.30%,auto_oew,"AFRO bulletin event row (line 1055); CFR 3.3% matches deaths/cases; start = 1 January reset, else earlier of notification and reporting-period start"
oew:2024:47,SSD,AFR::SSD,2024-10-11,2024-11-19,outbreak_cumulative,513,30,7,South Sudan         Cholera          Grade 3         11-Oct-24         25-Oct-24        19-Nov-24              513                  30               7             1.40%,auto_oew,"AFRO bulletin event row (line 1216); CFR 1.4% matches deaths/cases; start = 1 January reset, else earlier of notification and reporting-period start"
oew:2024:47,TGO,AFR::TGO,2024-08-12,2024-10-27,outbreak_cumulative,103,32,10,Togo            Cholera          Grade 3         13-Aug-24        12-Aug-24         27-Oct-24              103                  32               10            9.70%,auto_oew,"AFRO bulletin event row (line 1250); CFR 9.7% matches deaths/cases; start = 1 January reset, else earlier of notification and reporting-period start"
oew:2024:47,ZWE,AFR::ZWE::UNSPECIFIED,2024-11-12,2024-11-12,outbreak_cumulative,29,5,1,Zimbabwe           Cholera          Grade 3         12-Nov-24         12-Nov-24        12-Nov-24                29                   5                1              3.40%,auto_oew,"SUBNATIONAL_EVENT | AFRO bulletin event row (line 1314); CFR 3.4% matches deaths/cases; start = 1 January reset, else earlier of notification and reporting-period start"
oew:2018:31,AGO,AFR::AGO::UNSPECIFIED,2017-12-21,2018-07-09,outbreak_cumulative,954,12,19,Angola          Cholera        G1       2-Jan-18    21-Dec-17   9-Jul-18       954           12          19         2.0%,auto_oew,"SUBNATIONAL_EVENT | AFRO bulletin event row (line 459); CFR 2.0% matches deaths/cases; start = 1 January reset, else earlier of notification and reporting-period start"
oew:2018:31,CMR,AFR::CMR,2018-05-18,2018-07-31,outbreak_cumulative,120,14,11,Cameroon       Cholera      Ungraded    24-May-18   18-May-18   31-Jul-18      120           14         11     9.2%   9.2%) have been reported,auto_oew,"AFRO bulletin event row (line 497); CFR 9.2% matches deaths/cases; start = 1 January reset, else earlier of notification and reporting-period start"
oew:2018:31,KEN,AFR::KEN,2018-01-01,2018-07-23,outbreak_cumulative,5720,319,78,Kenya       Cholera       G1       6-Mar-17    1-Jan-18    23-Jul-18     5 720          319        78     1.4%,auto_oew,"AFRO bulletin event row (line 835); CFR 1.4% matches deaths/cases; start = 1 January reset, else earlier of notification and reporting-period start"
oew:2018:31,NGA,AFR::NGA,2018-01-01,2018-07-18,outbreak_cumulative,16892,268,201,Nigeria      Cholera        G1       7-Jun-17    1-Jan-18    18-Jul-18     16 892         268       201     1.2%,auto_oew,"AFRO bulletin event row (line 1106); CFR 1.2% matches deaths/cases; start = 1 January reset, else earlier of notification and reporting-period start"
oew:2018:31,TZA,AFR::TZA::UNSPECIFIED,2018-01-01,2018-07-29,outbreak_cumulative,3362,50,66,Tanzania      Cholera                  20-Aug-15   1-Jan-18    29-Jul-18     3 362          50          66       2.0%,auto_oew,"SUBNATIONAL_EVENT | AFRO bulletin event row (line 1359); CFR 2.0% matches deaths/cases; start = 1 January reset, else earlier of notification and reporting-period start"
oew:2018:31,UGA,AFR::UGA,2018-04-29,2018-07-24,outbreak_cumulative,263,45,9,"Uganda       Cholera       Ungraded   7-May-18    29-Apr-18   24-Jul-18      263           45         9      3.4%   been confirmed by culture,",auto_oew,"AFRO bulletin event row (line 1450); CFR 3.4% matches deaths/cases; start = 1 January reset, else earlier of notification and reporting-period start"
oew:2019:12,ZMB,AFR::ZMB,2019-03-16,2019-03-22,outbreak_cumulative,45,6,3,Zambia        Cholera     Ungraded   22-Mar-19     16-Mar-19    22-Mar-19     45       6        3       6.70%,auto_oew,"AFRO bulletin event row (line 461); CFR 6.7% matches deaths/cases; start = 1 January reset, else earlier of notification and reporting-period start"
oew:2019:12,BDI,AFR::BDI,2018-12-25,2019-03-03,outbreak_cumulative,191,19,2,Burundi       Cholera     Ungraded   28-Dec-18     25-Dec-18   03-Mar-2019   191      19        2       1.00%,auto_oew,"AFRO bulletin event row (line 471); CFR 1.0% matches deaths/cases; start = 1 January reset, else earlier of notification and reporting-period start"
oew:2019:12,CMR,AFR::CMR,2018-05-18,2019-01-23,outbreak_cumulative,997,81,58,Cameroon          Cholera          G1       24-May-18     18-May-18   23-Jan-19   997      81         58     5.80%    Regions have not reported new cases,auto_oew,"AFRO bulletin event row (line 522); CFR 5.8% matches deaths/cases; start = 1 January reset, else earlier of notification and reporting-period start"
oew:2019:12,KEN,AFR::KEN,2019-01-02,2019-03-03,outbreak_cumulative,872,40,3,Kenya     Cholera       Ungraded   21-Jan-19     02-Jan-19   03-Mar-19   872      40         3      0.30%,auto_oew,"AFRO bulletin event row (line 815); CFR 0.3% matches deaths/cases; start = 1 January reset, else earlier of notification and reporting-period start"
oew:2019:12,ZWE,AFR::ZWE::UNSPECIFIED,2018-09-06,2019-02-23,outbreak_cumulative,10722,312,69,Zimbabwe     Cholera         G2       06-Sep-18     06-Sep-18   23-Feb-19   10 722    312        69     0.60%,auto_oew,"SUBNATIONAL_EVENT | AFRO bulletin event row (line 1332); CFR 0.6% matches deaths/cases; start = 1 January reset, else earlier of notification and reporting-period start"
oew:2019:2,AGO,AFR::AGO::UNSPECIFIED,2018-10-09,2018-11-12,outbreak_cumulative,139,,2,Angola       Cholera   Ungraded    20-Nov-18          9-Oct-18            12-Nov-18       139         -         2      1.4%,auto_oew,"SUBNATIONAL_EVENT | AFRO bulletin event row (line 391); CFR 1.4% matches deaths/cases; start = 1 January reset, else earlier of notification and reporting-period start"
oew:2019:2,BDI,AFR::BDI,2018-10-28,2019-01-11,outbreak_cumulative,141,7,1,Burundi        Cholera      Ungraded     28-Oct-18         25-Dec-18            11-Jan-19       141         7         1      0.7%,auto_oew,"AFRO bulletin event row (line 429); CFR 0.7% matches deaths/cases; start = 1 January reset, else earlier of notification and reporting-period start"
oew:2019:2,CMR,AFR::CMR::UNSPECIFIED,2018-05-18,2019-01-07,outbreak_cumulative,995,82,58,Cameroon        Cholera         G1        24-May-18         18-May-18             7-Jan-19       995        82         58     5.8%,auto_oew,"SUBNATIONAL_EVENT | AFRO bulletin event row (line 481); CFR 5.8% matches deaths/cases; start = 1 January reset, else earlier of notification and reporting-period start"
oew:2019:2,NER,AFR::NER,2018-07-13,2018-12-16,outbreak_cumulative,3824,43,78,Niger     Cholera         G2         13-Jul-18         13-Jul-18           16-Dec-18       3 824       43         78     2.0%    Coverage: 82.5%) during,auto_oew,"AFRO bulletin event row (line 987); CFR 2.0% matches deaths/cases; start = 1 January reset, else earlier of notification and reporting-period start"
oew:2019:2,NGA,AFR::NGA,2018-01-01,2018-12-30,outbreak_cumulative,44201,92,836,Nigeria   Cholera         G1         7-Jun-17          1-Jan-18            30-Dec-18       44 201      92        836     1.9%,auto_oew,"AFRO bulletin event row (line 1022); CFR 1.9% matches deaths/cases; start = 1 January reset, else earlier of notification and reporting-period start"
oew:2019:2,ZWE,AFR::ZWE,2018-09-06,2019-01-05,outbreak_cumulative,10664,292,65,Zimbabwe    Cholera      G2        6-Sep-18          6-Sep-18             5-Jan-19       10 664      292        65     0.6%,auto_oew,"AFRO bulletin event row (line 1335); CFR 0.6% matches deaths/cases; start = 1 January reset, else earlier of notification and reporting-period start"
oew:2025:13,GHA,AFR::GHA::UNSPECIFIED,2024-08-31,2025-02-17,outbreak_cumulative,6290,1895,49,"Ghana                  Cholera            Grade 3           31-Aug-24             1-Oct-24          17-Feb-25          6290             1,895           49        0.80%",auto_oew,"SUBNATIONAL_EVENT | AFRO bulletin event row (line 705); CFR 0.8% matches deaths/cases; start = 1 January reset, else earlier of notification and reporting-period start"
oew:2025:13,KEN,AFR::KEN::UNSPECIFIED,2025-02-10,2025-03-20,outbreak_cumulative,43,12,1,Kenya                  Cholera            Grade 3           17-Feb-25             10-Feb-25         20-Mar-25           43                12             1        2.30%,auto_oew,"SUBNATIONAL_EVENT | AFRO bulletin event row (line 716); CFR 2.3% matches deaths/cases; start = 1 January reset, else earlier of notification and reporting-period start"
oew:2025:13,SSD,AFR::SSD,2024-09-28,2025-03-16,outbreak_cumulative,40231,,694,"South Sudan               Cholera            Grade 3          11-Oct-24            28-Sep-24         16-Mar-25         40,231              -           694           1.70%",auto_oew,"AFRO bulletin event row (line 889); CFR 1.7% matches deaths/cases; start = 1 January reset, else earlier of notification and reporting-period start"
oew:2025:13,UGA,AFR::UGA::UNSPECIFIED,2025-01-07,2025-03-09,outbreak_cumulative,122,64,3,Uganda                  Cholera            Grade 3          12-Jan-25              7-Jan-25          9-Mar-25           122               64            3         2.50%,auto_oew,"SUBNATIONAL_EVENT | AFRO bulletin event row (line 931); CFR 2.5% matches deaths/cases; start = 1 January reset, else earlier of notification and reporting-period start"
oew:2025:13,ZMB,AFR::ZMB,2024-12-25,2025-03-06,outbreak_cumulative,328,,9,Zambia                  Cholera            Grade 3          30-Dec-24             25-Dec-24          6-Mar-25           328               -             9         2.70%,auto_oew,"AFRO bulletin event row (line 939); CFR 2.7% matches deaths/cases; start = 1 January reset, else earlier of notification and reporting-period start"
oew:2025:13,ZWE,AFR::ZWE,2024-11-04,2025-02-26,outbreak_cumulative,439,74,8,Zimbabwe                 Cholera            Grade 3          12-Nov-24             4-Nov-24           26-Feb-25          439               74            8         1.80%,auto_oew,"AFRO bulletin event row (line 945); CFR 1.8% matches deaths/cases; start = 1 January reset, else earlier of notification and reporting-period start"
oew:2017:41,BDI,AFR::BDI::UNSPECIFIED,2017-08-20,2017-10-02,outbreak_cumulative,45,4,0,Burundi                      Cholera          Ungraded   20-Aug-17   20-Aug-17   2-Oct-17       45        4        0      0.0%,auto_oew,"SUBNATIONAL_EVENT | AFRO bulletin event row (line 526); CFR 0.0% matches deaths/cases; start = 1 January reset, else earlier of notification and reporting-period start"
oew:2017:41,KEN,AFR::KEN,2017-01-01,2017-10-03,outbreak_cumulative,3059,572,56,Kenya                     Cholera               G1         6-Mar-17    1-Jan-17    3-Oct-17    3 059      572       56      1.8%,auto_oew,"AFRO bulletin event row (line 698); CFR 1.8% matches deaths/cases; start = 1 January reset, else earlier of notification and reporting-period start"
oew:2017:41,TZA,AFR::TZA,2017-01-01,2017-10-01,outbreak_cumulative,3194,,52,Tanzania                   Cholera             G1       20-Aug-15   1-Jan-17    1-Oct-17    3 194        -          52    1.6%,auto_oew,"AFRO bulletin event row (line 914); CFR 1.6% matches deaths/cases; start = 1 January reset, else earlier of notification and reporting-period start"
oew:2017:41,UGA,AFR::UGA::UNSPECIFIED,2017-09-25,2017-10-10,outbreak_cumulative,157,15,3,Uganda                     Cholera           Ungraded   28-Sep-17   25-Sep-17   10-Oct-17    157        15           3    1.9%,auto_oew,"SUBNATIONAL_EVENT | AFRO bulletin event row (line 942); CFR 1.9% matches deaths/cases; start = 1 January reset, else earlier of notification and reporting-period start"
oew:2022:8,BEN,AFR::BEN,2021-03-28,2022-01-30,outbreak_cumulative,1616,44,20,Benin           Cholera          Grade 1        28-Mar-21         28-Mar-21            30-Jan-22          1 616             44                20                1.2%,auto_oew,"AFRO bulletin event row (line 566); CFR 1.2% matches deaths/cases; start = 1 January reset, else earlier of notification and reporting-period start"
oew:2022:8,CMR,AFR::CMR,2021-01-01,2022-01-30,outbreak_cumulative,1102,9,28,Cameroon          Cholera         Grade 2         1-Jan-21        5-Aug-2021           30-Jan-22         1 102             9                28               2.5%,auto_oew,"AFRO bulletin event row (line 621); CFR 2.5% matches deaths/cases; start = 1 January reset, else earlier of notification and reporting-period start"
oew:2022:8,COD,AFR::COD,2022-01-01,2022-01-30,outbreak_cumulative,2168,,27,Republic of       Cholera         Grade 3        16-Jan-15         1-Jan-22          30-Jan-22          2 168             -               27               1.2%,auto_oew,"AFRO bulletin event row (line 745); CFR 1.2% matches deaths/cases; start = 1 January reset, else earlier of notification and reporting-period start"
oew:2022:8,ETH,AFR::ETH,2021-08-31,2022-01-31,outbreak_cumulative,674,2,7,Ethiopia         Cholera          Grade 2      31-Aug-2021       31-Aug-2021          31-Jan-22           674              2                 7                1.0%,auto_oew,"AFRO bulletin event row (line 824); CFR 1.0% matches deaths/cases; start = 1 January reset, else earlier of notification and reporting-period start"
oew:2022:8,ZWE,AFR::ZWE,2022-01-27,2022-01-27,outbreak_cumulative,1,1,0,Zimbabwe          Cholera        Ungraded       27-Jan-22         27-Jan-22         27-Jan-22             1              1                0                0.0%,auto_oew,"AFRO bulletin event row (line 1242); CFR 0.0% matches deaths/cases; start = 1 January reset, else earlier of notification and reporting-period start"
oew:2021:24,COD,AFR::COD,2020-01-01,2021-04-25,outbreak_cumulative,2682,,83,Republic of       Cholera          Grade 3        16-Jan-15        01-Jan-20           25-Apr-21          2 682             -                83               3.1%,auto_oew,"AFRO bulletin event row (line 749); CFR 3.1% matches deaths/cases; start = 1 January reset, else earlier of notification and reporting-period start"
oew:2021:24,ETH,AFR::ETH,2019-05-12,2021-05-02,outbreak_cumulative,19000,19000,304,Ethiopia         Cholera          Ungraded      14-May-19         12-May-19           2-May-21          19 000          19 000              304               1.6%,auto_oew,"AFRO bulletin event row (line 815); CFR 1.6% matches deaths/cases; start = 1 January reset, else earlier of notification and reporting-period start"
oew:2021:24,MOZ,AFR::MOZ,2020-01-31,2021-05-23,outbreak_cumulative,5681,5681,35,Mozambique         Cholera         Ungraded        20-Feb-20        31-Jan-20           23-May-21          5 681           5 681              35               0.6%,auto_oew,"AFRO bulletin event row (line 1002); CFR 0.6% matches deaths/cases; start = 1 January reset, else earlier of notification and reporting-period start"
oew:2021:24,NGA,AFR::NGA,2021-01-12,2021-05-31,outbreak_cumulative,6738,,221,Nigeria         Cholera         Ungraded        12-Jan-21        12-Jan-21           31-May-21          6 738             -               221               3.3%,auto_oew,"AFRO bulletin event row (line 1048); CFR 3.3% matches deaths/cases; start = 1 January reset, else earlier of notification and reporting-period start"
oew:2026:4,ZWE,AFR::ZWE::UNSPECIFIED,2026-01-21,2026-01-25,outbreak_cumulative,6,3,1,Zimbabwe                       Cholera       Protracted 3      26-Jan-26           21-Jan-26          25-Jan-26             6                  3            1       16.70%,auto_oew,"SUBNATIONAL_EVENT | AFRO bulletin event row (line 545); CFR 16.7% matches deaths/cases; start = 1 January reset, else earlier of notification and reporting-period start"
oew:2026:4,AGO,AFR::AGO,2025-01-07,2026-01-10,outbreak_cumulative,36405,937,897,Angola                       Cholera       Protracted 3       7-Jan-25           8-Jan-25           10-Jan-26            36 405           937           897        2.50%,auto_oew,"AFRO bulletin event row (line 550); CFR 2.5% matches deaths/cases; start = 1 January reset, else earlier of notification and reporting-period start"
oew:2026:4,BDI,AFR::BDI,2025-01-01,2026-01-25,outbreak_cumulative,3829,3829,16,Burundi                       Cholera       Protracted 3       1-Jan-23           1-Jan-25           25-Jan-26             3 829            3 829         16        0.40%,auto_oew,"AFRO bulletin event row (line 563); CFR 0.4% matches deaths/cases; start = 1 January reset, else earlier of notification and reporting-period start"
oew:2026:4,ETH,AFR::ETH,2025-01-01,2026-01-12,outbreak_cumulative,8520,,84,Ethiopia                Cholera          Protracted 3        17-Sep-22             1-Jan-25           12-Jan-26             8 520             -             84        1.00%,auto_oew,"AFRO bulletin event row (line 705); CFR 1.0% matches deaths/cases; start = 1 January reset, else earlier of notification and reporting-period start"
oew:2026:4,MWI,AFR::MWI,2025-12-26,2026-01-25,outbreak_cumulative,44,44,3,Malawi                  Cholera          Protracted 3        26-Dec-25             26-Dec-25          25-Jan-26             44                44             3        6.80%,auto_oew,"IMPORTED | AFRO bulletin event row (line 755); CFR 6.8% matches deaths/cases; start = 1 January reset, else earlier of notification and reporting-period start"
oew:2026:4,MOZ,AFR::MOZ,2024-10-28,2026-01-18,outbreak_cumulative,7019,7019,96,Mozambique                    Cholera          Protracted 3   30-Nov-24            28-Oct-24           18-Jan-26            7 019            7 019          96       1.40%,auto_oew,"AFRO bulletin event row (line 792); CFR 1.4% matches deaths/cases; start = 1 January reset, else earlier of notification and reporting-period start"
oew:2026:4,NAM,AFR::NAM,2025-11-19,2026-01-25,outbreak_cumulative,51,26,0,Namibia                    Cholera          Protracted 3   27-Nov-25            19-Nov-25           25-Jan-26            51               26             0        0.00%,auto_oew,"AFRO bulletin event row (line 810); CFR 0.0% matches deaths/cases; start = 1 January reset, else earlier of notification and reporting-period start"
oew:2026:4,SSD,AFR::SSD,2024-09-28,2026-01-15,outbreak_cumulative,97516,12593,1600,South Sudan                  Cholera         Protracted 3      11-Oct-24            28-Sep-24          15-Jan-26            97 516           12 593        1 600      1.60%,auto_oew,"AFRO bulletin event row (line 915); CFR 1.6% matches deaths/cases; start = 1 January reset, else earlier of notification and reporting-period start"
oew:2026:4,ZMB,AFR::ZMB,2024-12-25,2025-12-14,outbreak_cumulative,1094,,18,Zambia                 Cholera          Protracted 3       30-Dec-24            25-Dec-24           14-Dec-25             1 094             -            18        1.60%,auto_oew,"AFRO bulletin event row (line 972); CFR 1.6% matches deaths/cases; start = 1 January reset, else earlier of notification and reporting-period start"
oew:2018:35,AGO,AFR::AGO,2017-12-21,2018-07-29,outbreak_cumulative,954,12,19,"Angola       Cholera      G1       2-Jan-18    21-Dec-17   29-Jul-18      954           12         19        2.0%     2018. From 22 May to 29 July 2018, 95 cases",auto_oew,"AFRO bulletin event row (line 469); CFR 2.0% matches deaths/cases; start = 1 January reset, else earlier of notification and reporting-period start"
oew:2018:35,COD,AFR::COD,2018-01-01,2018-08-19,outbreak_cumulative,17069,0,566,Republic of   Cholera               16-Jan-15   1-Jan-18    19-Aug-18     17 069          0        566       3.3%    total of 17 069 cases of cholera including,auto_oew,"AFRO bulletin event row (line 653); CFR 3.3% matches deaths/cases; start = 1 January reset, else earlier of notification and reporting-period start"
oew:2018:35,KEN,AFR::KEN,2018-01-01,2018-08-27,outbreak_cumulative,5756,332,78,"Kenya     Cholera      G1       6-Mar-17    1-Jan-18    27-Aug-18     5 756          332        78        1.4%   week 23, the number of cases reported has",auto_oew,"AFRO bulletin event row (line 809); CFR 1.4% matches deaths/cases; start = 1 January reset, else earlier of notification and reporting-period start"
oew:2018:35,NER,AFR::NER,2018-07-13,2018-08-28,outbreak_cumulative,2013,19,37,Niger   Cholera     G1       13-Jul-18   13-Jul-18   28-Aug-18     2 013          19         37     1.8%   Detailed update given above.,auto_oew,"AFRO bulletin event row (line 1031); CFR 1.8% matches deaths/cases; start = 1 January reset, else earlier of notification and reporting-period start"
oew:2018:35,NGA,AFR::NGA,2018-01-01,2018-08-19,outbreak_cumulative,22452,428,392,Nigeria   Cholera       G1       7-Jun-17    1-Jan-18    19-Aug-18     22 452         428       392       1.7%   been reported from 18 States since the begin-,auto_oew,"AFRO bulletin event row (line 1085); CFR 1.7% matches deaths/cases; start = 1 January reset, else earlier of notification and reporting-period start"
oew:2018:35,TZA,AFR::TZA,2018-01-01,2018-08-26,outbreak_cumulative,3616,50,68,Tanzania   Cholera                 20-Aug-15   1-Jan-18    26-Aug-18     3 616          50         68        1.9%   land since the beginning of 2018. No case,auto_oew,"AFRO bulletin event row (line 1249); CFR 1.9% matches deaths/cases; start = 1 January reset, else earlier of notification and reporting-period start"
oew:2018:35,UGA,AFR::UGA,2018-04-29,2018-07-24,outbreak_cumulative,263,45,9,Uganda    Cholera    Ungraded    7-May-18    29-Apr-18     24-Jul-18       263          45          9      3.4%,auto_oew,"AFRO bulletin event row (line 1451); CFR 3.4% matches deaths/cases; start = 1 January reset, else earlier of notification and reporting-period start"
oew:2020:24,BDI,AFR::BDI,2020-02-20,2020-06-09,outbreak_cumulative,70,0,0,Burundi          Cholera        Ungraded        20-Feb-20        20-Feb-20         9-Jun-20             70               0                0                  0.00%,auto_oew,"AFRO bulletin event row (line 554); CFR 0.0% matches deaths/cases; start = 1 January reset, else earlier of notification and reporting-period start"
oew:2020:24,CMR,AFR::CMR,2020-01-01,2020-06-10,outbreak_cumulative,702,37,38,Cameroon          Cholera         Ungraded         1-Mar-19         1-Jan-20         10-Jun-20            702             37                38                 5.40%,auto_oew,"AFRO bulletin event row (line 602); CFR 5.4% matches deaths/cases; start = 1 January reset, else earlier of notification and reporting-period start"
oew:2020:24,COD,AFR::COD,2020-01-01,2020-05-17,outbreak_cumulative,9630,,121,Republic of       Cholera         Grade 3        16-Jan-15        1-Jan-20         17-May-20          9 630             -               121                1.30%,auto_oew,"AFRO bulletin event row (line 716); CFR 1.3% matches deaths/cases; start = 1 January reset, else earlier of notification and reporting-period start"
oew:2020:24,KEN,AFR::KEN,2020-01-01,2020-06-07,outbreak_cumulative,633,15,13,Kenya           Cholera         Ungraded        21-Jan-19        1-Jan-20          7-Jun-20            633             15                13                 2.10%,auto_oew,"AFRO bulletin event row (line 857); CFR 2.1% matches deaths/cases; start = 1 January reset, else earlier of notification and reporting-period start"
oew:2020:24,MOZ,AFR::MOZ,2020-01-31,2020-06-12,outbreak_cumulative,2625,,21,Mozambique         Cholera        Ungraded        20-Feb-20       31-Jan-20         12-Jun-20          2 625             -                21                0.80%,auto_oew,"AFRO bulletin event row (line 954); CFR 0.8% matches deaths/cases; start = 1 January reset, else earlier of notification and reporting-period start"
oew:2020:24,UGA,AFR::UGA::UNSPECIFIED,2020-04-29,2020-06-03,outbreak_cumulative,575,8,6,Uganda           Cholera         Ungraded       11-May-20        29-Apr-20         3-Jun-20            575              8                 6                 1.00%,auto_oew,"SUBNATIONAL_EVENT | AFRO bulletin event row (line 1111); CFR 1.0% matches deaths/cases; start = 1 January reset, else earlier of notification and reporting-period start"
oew:2022:46,CMR,AFR::CMR,2021-01-01,2022-11-03,outbreak_cumulative,13447,1173,290,Cameroon          Cholera          Grade 2          01-Jan-21        25-Oct-21        03-Nov-22             13 447              1 173              290             2.2%,auto_oew,"AFRO bulletin event row (line 669); CFR 2.2% matches deaths/cases; start = 1 January reset, else earlier of notification and reporting-period start"
oew:2022:46,COD,AFR::COD,2015-01-16,2022-10-23,outbreak_cumulative,11909,1272,213,Republic of the     Cholera          Grade 3        16-Jan-15        03-Jan-22        23-Oct-22             11 909             1 272             213            1.8%,auto_oew,"AFRO bulletin event row (line 821); CFR 1.8% matches deaths/cases; start = 1 January reset, else earlier of notification and reporting-period start"
oew:2022:46,ETH,AFR::ETH,2022-09-17,2022-11-13,outbreak_cumulative,399,15,17,Ethiopia          Cholera         Ungraded         17-Sep-22         17-Sep-22       13-Nov-2022              399                  15                17              4.3%,auto_oew,"AFRO bulletin event row (line 912); CFR 4.3% matches deaths/cases; start = 1 January reset, else earlier of notification and reporting-period start"
oew:2022:46,KEN,AFR::KEN,2022-10-16,2022-11-06,outbreak_cumulative,242,28,8,Kenya              Cholera       Ungraded         19-Oct-22        16-Oct-22        06-Nov-22               242                  28                8              3.3%,auto_oew,"AFRO bulletin event row (line 992); CFR 3.3% matches deaths/cases; start = 1 January reset, else earlier of notification and reporting-period start"
oew:2022:46,MWI,AFR::MWI,2022-03-03,2022-11-13,outbreak_cumulative,8111,8111,241,Malawi            Cholera         Ungraded          03-Mar-22        03-Mar-22         13-Nov-22              8 111                8 111             241              3.0%,auto_oew,"AFRO bulletin event row (line 1051); CFR 3.0% matches deaths/cases; start = 1 January reset, else earlier of notification and reporting-period start"
oew:2022:46,MOZ,AFR::MOZ,2022-01-13,2022-10-16,outbreak_cumulative,3685,16,19,Mozambique          Cholera          Ungraded         23-Mar-22        13-Jan-22        16-Oct-22              3 685                 16               19              0.5%,auto_oew,"AFRO bulletin event row (line 1109); CFR 0.5% matches deaths/cases; start = 1 January reset, else earlier of notification and reporting-period start"
oew:2022:46,NER,AFR::NER::UNSPECIFIED,2022-09-01,2022-10-07,outbreak_cumulative,72,14,1,Niger           Cholera          Ungraded         03-Sep-22        01-Sep-22        07-Oct-22               72                   14                1              1.4%,auto_oew,"SUBNATIONAL_EVENT | AFRO bulletin event row (line 1134); CFR 1.4% matches deaths/cases; start = 1 January reset, else earlier of notification and reporting-period start"
oew:2022:46,SSD,AFR::SSD,2022-03-21,2022-10-30,outbreak_cumulative,424,56,1,South Sudan          Cholera         Ungraded         21-Apr-22        21-Mar-22         30-Oct-22              424                  56                1               0.2%,auto_oew,"AFRO bulletin event row (line 1288); CFR 0.2% matches deaths/cases; start = 1 January reset, else earlier of notification and reporting-period start"
oew:2017:50,MWI,AFR::MWI,2017-11-20,2017-12-11,outbreak_cumulative,11,2,1,Malawi            Cholera     Ungraded   28-Nov-17   20-Nov-17   11-Dec-17    11          2         1      9.1%,auto_oew,"AFRO bulletin event row (line 555); CFR 9.1% matches deaths/cases; start = 1 January reset, else earlier of notification and reporting-period start"
oew:2017:50,AGO,AFR::AGO,2017-01-01,2017-10-22,outbreak_cumulative,375,,21,Angola            Cholera       G1       15-Dec-16   1-Jan-17    22-Oct-17    375         -        21      5.6%    one new case (from Maquela de Zombo) was,auto_oew,"AFRO bulletin event row (line 572); CFR 5.6% matches deaths/cases; start = 1 January reset, else earlier of notification and reporting-period start"
oew:2017:50,BDI,AFR::BDI,2017-08-15,2017-12-06,outbreak_cumulative,167,14,0,Burundi           Cholera     Ungraded   20-Aug-17   15-Aug-17   6-Dec-17     167        14         0      0.0%,auto_oew,"AFRO bulletin event row (line 613); CFR 0.0% matches deaths/cases; start = 1 January reset, else earlier of notification and reporting-period start"
oew:2017:50,TCD,AFR::TCD,2017-08-14,2017-11-12,outbreak_cumulative,1225,6,79,Chad              Cholera        G1       19-Aug-17   14-Aug-17   12-Nov-17   1 225       6        79         6.4%,auto_oew,"AFRO bulletin event row (line 681); CFR 6.4% matches deaths/cases; start = 1 January reset, else earlier of notification and reporting-period start"
oew:2017:50,KEN,AFR::KEN,2017-01-01,2017-12-07,outbreak_cumulative,4079,724,76,"Kenya           Cholera          G1         6-Mar-17    1-Jan-17    7-Dec-17    4 079       724       76      1.9%   sa, Mombasa, Wajir,Kwale, Embu, and Kirinya-",auto_oew,"AFRO bulletin event row (line 769); CFR 1.9% matches deaths/cases; start = 1 January reset, else earlier of notification and reporting-period start"
oew:2017:50,MOZ,AFR::MOZ::UNSPECIFIED,2017-08-12,2017-12-07,outbreak_cumulative,1085,,1,Mozambique     Cholera      Ungraded     27-Oct-17   12-Aug-17   7-Dec-17    1 085       -         1         0.1%,auto_oew,"SUBNATIONAL_EVENT | AFRO bulletin event row (line 837); CFR 0.1% matches deaths/cases; start = 1 January reset, else earlier of notification and reporting-period start"
oew:2017:50,SSD,AFR::SSD,2016-08-25,2017-12-01,outbreak_cumulative,21571,1585,462,South Sudan       Cholera         Ungraded   25-Aug-16   18-Jun-17   1-Dec-17    21 571     1 585      462       2.2%,auto_oew,"AFRO bulletin event row (line 980); CFR 2.2% matches deaths/cases; start = 1 January reset, else earlier of notification and reporting-period start"
oew:2017:50,TZA,AFR::TZA,2017-01-01,2017-12-10,outbreak_cumulative,4525,,82,Tanzania          Cholera           G1       20-Aug-15   1-Jan-17    10-Dec-17   4 525        -        82        1.8%    Detailed update given above.,auto_oew,"AFRO bulletin event row (line 985); CFR 1.8% matches deaths/cases; start = 1 January reset, else earlier of notification and reporting-period start"
oew:2017:50,UGA,AFR::UGA::UNSPECIFIED,2017-09-25,2017-11-29,outbreak_cumulative,225,17,4,Uganda            Cholera         Ungraded   28-Sep-17   25-Sep-17   29-Nov-17    225        17         4        1.8%,auto_oew,"SUBNATIONAL_EVENT | AFRO bulletin event row (line 1002); CFR 1.8% matches deaths/cases; start = 1 January reset, else earlier of notification and reporting-period start"
oew:2017:50,ZMB,AFR::ZMB,2017-10-04,2017-12-12,outbreak_cumulative,709,238,21,Zambia            Cholera           G1       4-Oct-17    4-Oct-17    12-Dec-17    709        238       21        3.0%,auto_oew,"AFRO bulletin event row (line 1021); CFR 3.0% matches deaths/cases; start = 1 January reset, else earlier of notification and reporting-period start"
oew:2017:40,AGO,AFR::AGO::UNSPECIFIED,2016-12-13,2017-08-06,outbreak_cumulative,468,,21,Angola           Cholera       G1       15-Dec-16   13-Dec-16   6-Aug-17       468            -        21      4.5%,auto_oew,"SUBNATIONAL_EVENT | AFRO bulletin event row (line 537); CFR 4.5% matches deaths/cases; start = 1 January reset, else earlier of notification and reporting-period start"
oew:2017:40,BDI,AFR::BDI,2017-08-20,2017-09-26,outbreak_cumulative,38,4,0,"Burundi          Cholera     Ungraded   20-Aug-17   20-Aug-17   26-Sep-17       38           4          0      0.0%    Nyanza-Lac (27), Cibitoke (1), Bubanza (1) and",auto_oew,"AFRO bulletin event row (line 550); CFR 0.0% matches deaths/cases; start = 1 January reset, else earlier of notification and reporting-period start"
oew:2017:40,COD,AFR::COD::UNSPECIFIED,2017-01-01,2017-09-29,outbreak_cumulative,34165,,658,Republic of       Cholera        G2       16-Jan-15   1-Jan-17    29-Sep-17     34 165          -        658       1.9%   Detailed update given above.,auto_oew,"SUBNATIONAL_EVENT | AFRO bulletin event row (line 655); CFR 1.9% matches deaths/cases; start = 1 January reset, else earlier of notification and reporting-period start"
oew:2017:40,KEN,AFR::KEN,2017-01-01,2017-10-03,outbreak_cumulative,3059,572,56,"Kenya            Cholera             G1         6-Mar-17    1-Jan-17    3-Oct-17      3,059         572        56      1.8%    Three countries are currently reporting active",auto_oew,"AFRO bulletin event row (line 721); CFR 1.8% matches deaths/cases; start = 1 January reset, else earlier of notification and reporting-period start"
oew:2017:40,UGA,AFR::UGA,2017-09-25,2017-10-06,outbreak_cumulative,133,15,3,Uganda           Cholera         Ungraded   29-Sep-17   25-Sep-17   6-Oct-17       133           15         3      2.3%    Detailed update given above,auto_oew,"AFRO bulletin event row (line 902); CFR 2.3% matches deaths/cases; start = 1 January reset, else earlier of notification and reporting-period start"
oew:2017:40,TZA,AFR::TZA,2017-01-01,2017-10-01,outbreak_cumulative,3194,,52,"Republic of      Cholera           G1       20-Aug-15   1-Jan-17    1-Oct-17      3,194           -        52      1.6%    week 38. During this week, cases were reported",auto_oew,"AFRO bulletin event row (line 906); CFR 1.6% matches deaths/cases; start = 1 January reset, else earlier of notification and reporting-period start"
oew:2019:5,BDI,AFR::BDI,2018-12-25,2019-01-30,outbreak_cumulative,167,19,2,Burundi         Cholera       Ungraded    28-Dec-18     25-Dec-18   30-Jan-19   167        19           2       1.20%   Detailed update given above.,auto_oew,"AFRO bulletin event row (line 492); CFR 1.2% matches deaths/cases; start = 1 January reset, else earlier of notification and reporting-period start"
oew:2019:5,CMR,AFR::CMR,2018-05-18,2019-01-23,outbreak_cumulative,997,81,58,Cameroon       Cholera          G1       24-May-18     18-May-18   23-Jan-19   997        81         58     5.80%   reported new cases since 27 August,auto_oew,"AFRO bulletin event row (line 546); CFR 5.8% matches deaths/cases; start = 1 January reset, else earlier of notification and reporting-period start"
oew:2019:5,KEN,AFR::KEN,2019-01-02,2019-01-27,outbreak_cumulative,345,8,2,Kenya     Cholera      Ungraded   21-Jan-19     02-Jan-19   27-Jan-19    345        8          2      0.60%    confirmed and 2 deaths). The overall,auto_oew,"AFRO bulletin event row (line 740); CFR 0.6% matches deaths/cases; start = 1 January reset, else earlier of notification and reporting-period start"
oew:2019:5,NER,AFR::NER,2018-07-13,2018-12-16,outbreak_cumulative,3824,43,78,Niger      Cholera          G2       13-Jul-18     13-Jul-18   16-Dec-18   3 824       43         78     2.00%,auto_oew,"AFRO bulletin event row (line 900); CFR 2.0% matches deaths/cases; start = 1 January reset, else earlier of notification and reporting-period start"
oew:2019:5,UGA,AFR::UGA,2019-01-02,2019-01-30,outbreak_cumulative,45,18,2,Uganda      Cholera       Ungraded   09-Jan-19     02-Jan-19   30-Jan-19    45         18           2      4.40%,auto_oew,"AFRO bulletin event row (line 1165); CFR 4.4% matches deaths/cases; start = 1 January reset, else earlier of notification and reporting-period start"
oew:2019:5,ZWE,AFR::ZWE::UNSPECIFIED,2018-09-06,2019-01-16,outbreak_cumulative,10680,302,68,Zimbabwe     Cholera         G2       06-Sep-18     06-Sep-18   16-Jan-19   10 680     302           68     0.60%,auto_oew,"SUBNATIONAL_EVENT | AFRO bulletin event row (line 1200); CFR 0.6% matches deaths/cases; start = 1 January reset, else earlier of notification and reporting-period start"
oew:2019:5,AGO,AFR::AGO::UNSPECIFIED,2018-10-09,2019-02-01,outbreak_cumulative,139,,2,"Angola       Cholera     Ungraded    20-Nov-18     09-Oct-18      01-Feb-19       139          -          2      1.40%   Since then, there has been a declin-",auto_oew,"SUBNATIONAL_EVENT | AFRO bulletin event row (line 1241); CFR 1.4% matches deaths/cases; start = 1 January reset, else earlier of notification and reporting-period start"
oew:2023:25,BDI,AFR::BDI,2023-01-01,2023-05-28,outbreak_cumulative,450,175,7,Burundi          Cholera          Grade 3         1-Jan-23          1-Jan-23        28-May-23                450               175                  7           1.60%,auto_oew,"AFRO bulletin event row (line 667); CFR 1.6% matches deaths/cases; start = 1 January reset, else earlier of notification and reporting-period start"
oew:2023:25,CMR,AFR::CMR,2021-08-31,2023-05-07,outbreak_cumulative,15828,1808,345,Cameroon          Cholera           Grade 3         31-Aug-21        25-Oct-21         7-May-23              15 828              1 808              345             2.20%,auto_oew,"AFRO bulletin event row (line 717); CFR 2.2% matches deaths/cases; start = 1 January reset, else earlier of notification and reporting-period start"
oew:2023:25,COD,AFR::COD,2023-01-01,2023-05-07,outbreak_cumulative,18794,1324,104,Republic of        Cholera           Grade 3         16-Jan-15         1-Jan-23         7-May-23              18 794              1 324              104             0.60%,auto_oew,"AFRO bulletin event row (line 861); CFR 0.6% matches deaths/cases; start = 1 January reset, else earlier of notification and reporting-period start"
oew:2023:25,SWZ,AFR::SWZ::UNSPECIFIED,2023-04-03,2023-05-08,outbreak_cumulative,2,2,0,Eswatini         Cholera           Grade 3          3-Apr-23         3-Apr-23         8-May-23                2                    2                0              0.00%,auto_oew,"SUBNATIONAL_EVENT | AFRO bulletin event row (line 922); CFR 0.0% matches deaths/cases; start = 1 January reset, else earlier of notification and reporting-period start"
oew:2023:25,ETH,AFR::ETH::UNSPECIFIED,2022-09-17,2023-05-13,outbreak_cumulative,6592,39,104,Ethiopia          Cholera          Grade 3         17-Sep-22        17-Sep-22        13-May-23              6 592                 39               104             1.60%,auto_oew,"SUBNATIONAL_EVENT | AFRO bulletin event row (line 962); CFR 1.6% matches deaths/cases; start = 1 January reset, else earlier of notification and reporting-period start"
oew:2023:25,KEN,AFR::KEN,2022-10-05,2023-05-07,outbreak_cumulative,10297,464,164,Kenya             Cholera          Grade 3         19-Oct-22         5-Oct-22         7-May-23              10 297                464              164              1.60%,auto_oew,"AFRO bulletin event row (line 1048); CFR 1.6% matches deaths/cases; start = 1 January reset, else earlier of notification and reporting-period start"
oew:2023:25,MWI,AFR::MWI,2022-03-03,2023-06-16,outbreak_cumulative,58821,58821,1761,Malawi           Cholera           Grade 3         3-Mar-22         3-Mar-22         16-Jun-23             58 821              58 821            1 761            3.00%,auto_oew,"AFRO bulletin event row (line 1120); CFR 3.0% matches deaths/cases; start = 1 January reset, else earlier of notification and reporting-period start"
oew:2023:25,MOZ,AFR::MOZ,2022-09-14,2023-05-29,outbreak_cumulative,31327,31327,138,Mozambique          Cholera          Grade 3         14-Sep-22        16-Nov-22         29-May-23             31 327              31 327              138             0.40%,auto_oew,"AFRO bulletin event row (line 1179); CFR 0.4% matches deaths/cases; start = 1 January reset, else earlier of notification and reporting-period start"
oew:2023:25,ZAF,AFR::ZAF,2023-02-03,2023-06-13,outbreak_cumulative,902,190,37,South Africa        Cholera          Grade 3          3-Feb-23         3-Feb-23         13-Jun-23               902                 190               37             4.10%,auto_oew,"AFRO bulletin event row (line 1335); CFR 4.1% matches deaths/cases; start = 1 January reset, else earlier of notification and reporting-period start"
oew:2023:25,SSD,AFR::SSD::UNSPECIFIED,2023-02-22,2023-05-16,outbreak_cumulative,1471,19,2,South Sudan         Cholera          Grade 3          7-Mar-23         22-Feb-23        16-May-23              1 471                19                2              0.10%,auto_oew,"SUBNATIONAL_EVENT | AFRO bulletin event row (line 1365); CFR 0.1% matches deaths/cases; start = 1 January reset, else earlier of notification and reporting-period start"
oew:2023:25,ZMB,AFR::ZMB,2023-01-20,2023-05-28,outbreak_cumulative,688,263,12,Zambia           Cholera          Grade 3         24-Jan-23        20-Jan-23       28-May-23               688                263               12             1.70%,auto_oew,"AFRO bulletin event row (line 1430); CFR 1.7% matches deaths/cases; start = 1 January reset, else earlier of notification and reporting-period start"
oew:2023:25,ZWE,AFR::ZWE,2023-02-12,2023-06-11,outbreak_cumulative,2371,593,58,Zimbabwe          Cholera          Grade 3         23-Feb-23        12-Feb-23        11-Jun-23             2 371               593               58             2.40%,auto_oew,"AFRO bulletin event row (line 1440); CFR 2.4% matches deaths/cases; start = 1 January reset, else earlier of notification and reporting-period start"
oew:2018:1,AGO,AFR::AGO::UNSPECIFIED,2016-12-13,2017-12-03,outbreak_cumulative,484,,26,Angola            Cholera           G1       15-Dec-16    13-Dec-16    3-Dec-17     484         -        26       5.4%,auto_oew,"SUBNATIONAL_EVENT | AFRO bulletin event row (line 340); CFR 5.4% matches deaths/cases; start = 1 January reset, else earlier of notification and reporting-period start"
oew:2018:1,MOZ,AFR::MOZ,2017-08-12,2017-12-15,outbreak_cumulative,1252,,1,Mozambique     Cholera      Ungraded   27-Oct-17   12-Aug-17   15-Dec-17   1 252       -         1      0.1%,auto_oew,"AFRO bulletin event row (line 662); CFR 0.1% matches deaths/cases; start = 1 January reset, else earlier of notification and reporting-period start"
oew:2018:1,TZA,AFR::TZA,2017-01-01,2017-12-24,outbreak_cumulative,4770,,88,Tanzania       Cholera           G1       20-Aug-15   1-Jan-17    24-Dec-17   4 770       -        88       1.8%,auto_oew,"AFRO bulletin event row (line 816); CFR 1.8% matches deaths/cases; start = 1 January reset, else earlier of notification and reporting-period start"
oew:2018:1,UGA,AFR::UGA,2017-09-25,2017-11-29,outbreak_cumulative,225,17,4,Uganda        Cholera         Ungraded   28-Sep-17   25-Sep-17   29-Nov-17   225        17         4       1.8%,auto_oew,"AFRO bulletin event row (line 840); CFR 1.8% matches deaths/cases; start = 1 January reset, else earlier of notification and reporting-period start"
oew:2018:1,ZMB,AFR::ZMB,2017-10-04,2017-12-26,outbreak_cumulative,1335,238,36,Zambia        Cholera           G1       4-Oct-17    4-Oct-17    26-Dec-17   1 335     238        36       2.7%,auto_oew,"AFRO bulletin event row (line 876); CFR 2.7% matches deaths/cases; start = 1 January reset, else earlier of notification and reporting-period start"
oew:2019:52,BDI,AFR::BDI,2019-06-01,2019-11-05,outbreak_cumulative,1064,288,6,Burundi          Cholera        Ungraded      5-Jun-19      1-Jun-19     5-Nov-19        1 064         288                      6                            0.60%,auto_oew,"AFRO bulletin event row (line 423); CFR 0.6% matches deaths/cases; start = 1 January reset, else earlier of notification and reporting-period start"
oew:2019:52,CMR,AFR::CMR,2019-03-01,2019-12-05,outbreak_cumulative,1071,110,53,Cameroon          Cholera        Ungraded      1-Mar-19      1-Mar-19     5-Dec-19        1 071         110                     53                            4.90%,auto_oew,"AFRO bulletin event row (line 448); CFR 4.9% matches deaths/cases; start = 1 January reset, else earlier of notification and reporting-period start"
oew:2019:52,COD,AFR::COD,2019-01-01,2019-12-08,outbreak_cumulative,28502,,496,Republic of         Cholera         Grade 3     16-Jan-15     1-Jan-19      8-Dec-19       28 502          -                     496                            1.70%,auto_oew,"AFRO bulletin event row (line 569); CFR 1.7% matches deaths/cases; start = 1 January reset, else earlier of notification and reporting-period start"
oew:2019:52,ETH,AFR::ETH,2019-05-12,2019-12-08,outbreak_cumulative,2089,60,21,Ethiopia          Cholera        Ungraded     14-May-19     12-May-19     8-Dec-19       2 089           60                     21                            1.00%,auto_oew,"AFRO bulletin event row (line 609); CFR 1.0% matches deaths/cases; start = 1 January reset, else earlier of notification and reporting-period start"
oew:2019:52,KEN,AFR::KEN,2019-01-02,2019-12-22,outbreak_cumulative,5052,258,39,Kenya           Cholera        Ungraded      21-Jan-19     2-Jan-19     22-Dec-19       5 052         258                     39                            0.80%,auto_oew,"AFRO bulletin event row (line 647); CFR 0.8% matches deaths/cases; start = 1 January reset, else earlier of notification and reporting-period start"
oew:2019:52,NGA,AFR::NGA,2019-05-15,2019-12-09,outbreak_cumulative,895,207,15,Nigeria          Cholera        Ungraded      19-Jun-19     15-May-19     9-Dec-19         895          207                      15                            1.70%,auto_oew,"AFRO bulletin event row (line 728); CFR 1.7% matches deaths/cases; start = 1 January reset, else earlier of notification and reporting-period start"
oew:2018:26,MWI,AFR::MWI,2018-06-08,2018-06-27,outbreak_cumulative,9,4,2,Malawi         Cholera   Ungraded   13-Jun-18   8-Jun-18    27-Jun-18       9           4        2         22.2%    2 deaths (both died at health facility) have,auto_oew,"AFRO bulletin event row (line 430); CFR 22.2% matches deaths/cases; start = 1 January reset, else earlier of notification and reporting-period start"
oew:2018:26,AGO,AFR::AGO,2018-05-22,2018-06-26,outbreak_cumulative,33,3,6,Angola         Cholera   Ungraded   21-Jun-18   22-May-18   26-Jun-18       33          3        6         18.2%    Detailed update given above.,auto_oew,"AFRO bulletin event row (line 443); CFR 18.2% matches deaths/cases; start = 1 January reset, else earlier of notification and reporting-period start"
oew:2018:26,CMR,AFR::CMR,2018-05-18,2018-06-27,outbreak_cumulative,7,2,0,Cameroon     Cholera     Ungraded    24-May-18   18-May-18   27-Jun-18       7           2        0      0.0%   health area) were previously reported in,auto_oew,"AFRO bulletin event row (line 506); CFR 0.0% matches deaths/cases; start = 1 January reset, else earlier of notification and reporting-period start"
oew:2018:26,KEN,AFR::KEN,2018-01-01,2018-06-24,outbreak_cumulative,5470,299,78,Kenya     Cholera         G1       6-Mar-17    1-Jan-18    24-Jun-18     5 470        299       78     1.4%    Kelifi and Isiolo counties. The outbreak,auto_oew,"AFRO bulletin event row (line 812); CFR 1.4% matches deaths/cases; start = 1 January reset, else earlier of notification and reporting-period start"
oew:2018:26,NGA,AFR::NGA,2018-01-01,2018-06-25,outbreak_cumulative,13998,179,140,Nigeria     Cholera      Ungraded   7-Jun-17    1-Jan-18    25-Jun-18     13 998       179      140     1.0%    being the LGA with the most protract-,auto_oew,"AFRO bulletin event row (line 1114); CFR 1.0% matches deaths/cases; start = 1 January reset, else earlier of notification and reporting-period start"
oew:2018:26,TZA,AFR::TZA,2018-01-01,2018-06-24,outbreak_cumulative,2741,,57,Tanzania     Cholera                   20-Aug-15   1-Jan-18    24-Jun-18     2 741         -        57     2.1%   Detailed update given above.,auto_oew,"AFRO bulletin event row (line 1438); CFR 2.1% matches deaths/cases; start = 1 January reset, else earlier of notification and reporting-period start"
oew:2018:26,UGA,AFR::UGA,2018-04-29,2018-06-20,outbreak_cumulative,92,26,1,Uganda       Cholera       Ungraded    7-May-18    29-Apr-18   20-Jun-18       92         26        1      1.1%   indicate 9 positives cultures for Vibrio,auto_oew,"AFRO bulletin event row (line 1473); CFR 1.1% matches deaths/cases; start = 1 January reset, else earlier of notification and reporting-period start"
oew:2018:26,ZWE,AFR::ZWE::UNSPECIFIED,2018-04-05,2018-05-15,outbreak_cumulative,62,23,3,Zimbabwe       Cholera   Ungraded     7-Apr-18    5-Apr-18   15-May-18       62         23            3        4.8%,auto_oew,"SUBNATIONAL_EVENT | AFRO bulletin event row (line 1607); CFR 4.8% matches deaths/cases; start = 1 January reset, else earlier of notification and reporting-period start"
irish:274276,AGO,AFR::AGO,2017-12-21,2018-07-29,outbreak_cumulative,954,12,19,Angola       Cholera        G1        2-Jan-18   21-Dec-17   29-Jul-18   954        12         19     2.0%,auto_oew,"AFRO bulletin event row (line 488); CFR 2.0% matches deaths/cases; start = 1 January reset, else earlier of notification and reporting-period start"
irish:274276,CMR,AFR::CMR,2018-05-18,2018-08-17,outbreak_cumulative,178,17,12,Cameroon    Cholera       G1      24-May-18   18-May-18   17-Aug-18   178        17         12        6.7%,auto_oew,"AFRO bulletin event row (line 581); CFR 6.7% matches deaths/cases; start = 1 January reset, else earlier of notification and reporting-period start"
irish:274276,COD,AFR::COD,2018-01-01,2018-08-12,outbreak_cumulative,16371,0,531,Republic of the    Cholera                 16-Jan-15   1-Jan-18    12-Aug-18   16 371       0        531     3.2%    total of 16 371 cases of cholera,auto_oew,"AFRO bulletin event row (line 763); CFR 3.2% matches deaths/cases; start = 1 January reset, else earlier of notification and reporting-period start"
irish:274276,KEN,AFR::KEN,2018-01-01,2018-08-20,outbreak_cumulative,5756,332,78,Kenya    Cholera     G1       6-Mar-17    1-Jan-18    20-Aug-18   5 756      332         78        1.4%,auto_oew,"AFRO bulletin event row (line 996); CFR 1.4% matches deaths/cases; start = 1 January reset, else earlier of notification and reporting-period start"
irish:274276,NER,AFR::NER::UNSPECIFIED,2018-07-13,2018-08-15,outbreak_cumulative,1489,19,26,Niger        Cholera       G1        13-Jul-18   13-Jul-18   15-Aug-18   1 489      19         26     1.7%,auto_oew,"SUBNATIONAL_EVENT | AFRO bulletin event row (line 1366); CFR 1.7% matches deaths/cases; start = 1 January reset, else earlier of notification and reporting-period start"
irish:274276,NGA,AFR::NGA,2018-01-01,2018-08-12,outbreak_cumulative,21935,419,353,Nigeria    Cholera          G1         7-Jun-17    1-Jan-18    12-Aug-18   21 935      419        353        1.6%,auto_oew,"AFRO bulletin event row (line 1439); CFR 1.6% matches deaths/cases; start = 1 January reset, else earlier of notification and reporting-period start"
irish:274276,TZA,AFR::TZA,2018-01-01,2018-08-19,outbreak_cumulative,3549,50,67,Tanzania      Cholera      Protracted 1   20-Aug-15   1-Jan-18    19-Aug-18   3 549      50         67        1.9%    (the last case was reported on,auto_oew,"AFRO bulletin event row (line 1699); CFR 1.9% matches deaths/cases; start = 1 January reset, else earlier of notification and reporting-period start"
irish:274276,UGA,AFR::UGA,2018-04-29,2018-07-24,outbreak_cumulative,263,45,9,Uganda     Cholera       Ungraded   7-May-18    29-Apr-18   24-Jul-18   263        45          9         3.4%    death). All outbreaks have,auto_oew,"AFRO bulletin event row (line 1807); CFR 3.4% matches deaths/cases; start = 1 January reset, else earlier of notification and reporting-period start"
oew:2017:51,AGO,AFR::AGO,2016-12-13,2017-12-03,outbreak_cumulative,484,,26,Angola              Cholera         G1       15-Dec-16   13-Dec-16   3-Dec-17       484            -        26      5.4%   Luanda (5) and Uige (16) provinces. A,auto_oew,"AFRO bulletin event row (line 342); CFR 5.4% matches deaths/cases; start = 1 January reset, else earlier of notification and reporting-period start"
oew:2017:51,BDI,AFR::BDI,2017-08-15,2017-12-06,outbreak_cumulative,167,14,0,"Burundi             Cholera      Ungraded   20-Aug-17   15-Aug-17   6-Dec-17       167           14         0       0.0%    lac 30 cases, DS Mpanda 31 cases, DS",auto_oew,"AFRO bulletin event row (line 404); CFR 0.0% matches deaths/cases; start = 1 January reset, else earlier of notification and reporting-period start"
oew:2017:51,TCD,AFR::TCD,2017-08-14,2017-12-10,outbreak_cumulative,1250,9,81,Chad                Cholera        G1       19-Aug-17   14-Aug-17   10-Dec-17     1 250           9        81       6.5%,auto_oew,"AFRO bulletin event row (line 460); CFR 6.5% matches deaths/cases; start = 1 January reset, else earlier of notification and reporting-period start"
oew:2017:51,COD,AFR::COD,2017-01-01,2017-12-03,outbreak_cumulative,52775,841,1090,Republic of the     Cholera                     16-Jan-15   1-Jan-17    3-Dec-17     52 775          841      1 090    2.1%   suspected cases and 47 deaths(CFR:,auto_oew,"AFRO bulletin event row (line 506); CFR 2.1% matches deaths/cases; start = 1 January reset, else earlier of notification and reporting-period start"
oew:2017:51,KEN,AFR::KEN,2017-01-01,2017-12-07,outbreak_cumulative,4079,724,76,Kenya           Cholera        G1       6-Mar-17    1-Jan-17    7-Dec-17      4 079          724       76       1.9%,auto_oew,"AFRO bulletin event row (line 587); CFR 1.9% matches deaths/cases; start = 1 January reset, else earlier of notification and reporting-period start"
oew:2017:51,MWI,AFR::MWI,2017-11-20,2017-12-11,outbreak_cumulative,11,2,1,Malawi          Cholera      Ungraded   28-Nov-17   20-Nov-17   11-Dec-17      11             2         1       9.1%   index case was reported on 24 No-,auto_oew,"AFRO bulletin event row (line 637); CFR 9.1% matches deaths/cases; start = 1 January reset, else earlier of notification and reporting-period start"
oew:2017:51,MOZ,AFR::MOZ::UNSPECIFIED,2017-08-12,2017-12-15,outbreak_cumulative,1252,,1,Mozambique       Cholera      Ungraded     27-Oct-17   12-Aug-17   15-Dec-17     1 252           -         1      0.1%,auto_oew,"SUBNATIONAL_EVENT | AFRO bulletin event row (line 694); CFR 0.1% matches deaths/cases; start = 1 January reset, else earlier of notification and reporting-period start"
oew:2017:51,SSD,AFR::SSD,2016-08-25,2017-12-15,outbreak_cumulative,21576,1585,462,South Sudan       Cholera         Ungraded   25-Aug-16   18-Jun-17   15-Dec-17    21 576         1 585      462     2.1%     Detailed update given above.,auto_oew,"AFRO bulletin event row (line 850); CFR 2.1% matches deaths/cases; start = 1 January reset, else earlier of notification and reporting-period start"
oew:2017:51,TZA,AFR::TZA,2017-01-01,2017-12-17,outbreak_cumulative,4595,,83,"Tanzania          Cholera           G1       20-Aug-15   1-Jan-17    17-Dec-17     4 595           -        83      1.8%     regions in week 50 were: Songwe (29),",auto_oew,"AFRO bulletin event row (line 855); CFR 1.8% matches deaths/cases; start = 1 January reset, else earlier of notification and reporting-period start"
oew:2017:51,UGA,AFR::UGA,2017-09-25,2017-11-29,outbreak_cumulative,225,17,4,Uganda            Cholera         Ungraded   28-Sep-17   25-Sep-17   29-Nov-17      225           17         4      1.8%,auto_oew,"AFRO bulletin event row (line 879); CFR 1.8% matches deaths/cases; start = 1 January reset, else earlier of notification and reporting-period start"
oew:2017:51,ZMB,AFR::ZMB::UNSPECIFIED,2017-10-04,2017-12-19,outbreak_cumulative,989,238,27,Zambia               Cholera        G1        4-Oct-17    4-Oct-17    19-Dec-17      989           238       27        2.7%,auto_oew,"SUBNATIONAL_EVENT | AFRO bulletin event row (line 917); CFR 2.7% matches deaths/cases; start = 1 January reset, else earlier of notification and reporting-period start"
oew:2018:13,AGO,AFR::AGO::UNSPECIFIED,2017-12-21,2018-03-25,outbreak_cumulative,819,5,13,Angola               Cholera        G1       2-Jan-18    21-Dec-17   25-Mar-18    819          5         13       1.6%    Detailed update in this bulletin.,auto_oew,"SUBNATIONAL_EVENT | AFRO bulletin event row (line 371); CFR 1.6% matches deaths/cases; start = 1 January reset, else earlier of notification and reporting-period start"
oew:2018:13,KEN,AFR::KEN,2018-01-01,2018-03-16,outbreak_cumulative,1910,79,41,Kenya             Cholera        G1       6-Mar-17    1-Jan-18    16-Mar-18   1 910    79    41    2.1%    reported since the first of January.,auto_oew,"AFRO bulletin event row (line 602); CFR 2.1% matches deaths/cases; start = 1 January reset, else earlier of notification and reporting-period start"
oew:2018:13,MWI,AFR::MWI,2017-11-20,2018-03-28,outbreak_cumulative,844,78,26,Malawi         Cholera      Ungraded    28-Nov-17   20-Nov-17   28-Mar-18   844     78      26       3.1%    where 55 cases and 2 deaths were,auto_oew,"AFRO bulletin event row (line 675); CFR 3.1% matches deaths/cases; start = 1 January reset, else earlier of notification and reporting-period start"
oew:2018:13,MOZ,AFR::MOZ,2017-08-12,2018-03-25,outbreak_cumulative,2285,,5,Mozambique     Cholera         G1       27-Oct-17   12-Aug-17   25-Mar-18   2 285    -      5        0.2%    Detailed update in this bulletin.,auto_oew,"AFRO bulletin event row (line 713); CFR 0.2% matches deaths/cases; start = 1 January reset, else earlier of notification and reporting-period start"
oew:2018:13,ZAF,AFR::ZAF,2018-02-26,2018-03-10,outbreak_cumulative,1,1,0,South Africa       Cholera         Ungraded    26-Feb-18   6-Mar-18    10-Mar-18    1       1        0        0.0%,auto_oew,"AFRO bulletin event row (line 899); CFR 0.0% matches deaths/cases; start = 1 January reset, else earlier of notification and reporting-period start"
oew:2018:13,TZA,AFR::TZA,2018-01-01,2018-03-25,outbreak_cumulative,1445,,27,Tanzania           Cholera           G1       20-Aug-15   1-Jan-18    25-Mar-18   1 445   -    27   1.9%    Detailed update in this bulletin.,auto_oew,"AFRO bulletin event row (line 951); CFR 1.9% matches deaths/cases; start = 1 January reset, else earlier of notification and reporting-period start"
oew:2018:13,UGA,AFR::UGA,2018-02-12,2018-03-25,outbreak_cumulative,1901,18,39,Uganda             Cholera           G1       15-Feb-18   12-Feb-18   25-Mar-18   1 901   18   39   2.1%    and Kyangwali. Since the beginning,auto_oew,"AFRO bulletin event row (line 974); CFR 2.1% matches deaths/cases; start = 1 January reset, else earlier of notification and reporting-period start"
oew:2018:13,ZMB,AFR::ZMB::UNSPECIFIED,2017-10-04,2018-03-25,outbreak_cumulative,5190,565,103,"Zambia                   Cholera      G1       4-Oct-17     4-Oct-17    25-Mar-18    5 190       565        103        2.0%     cases), Chikankata (1 case), and",auto_oew,"SUBNATIONAL_EVENT | AFRO bulletin event row (line 995); CFR 2.0% matches deaths/cases; start = 1 January reset, else earlier of notification and reporting-period start"
oew:2018:13,ZWE,AFR::ZWE::UNSPECIFIED,2018-01-08,2018-03-24,outbreak_cumulative,111,13,4,"Zimbabwe                 Cholera    Ungraded   22-Jan-18    8-Jan-18    24-Mar-18     111        13          4         3.6%     March 2018, a 12-year-old female",auto_oew,"SUBNATIONAL_EVENT | AFRO bulletin event row (line 1020); CFR 3.6% matches deaths/cases; start = 1 January reset, else earlier of notification and reporting-period start"
oew:2021:4,CMR,AFR::CMR::UNSPECIFIED,2020-01-01,2020-12-16,outbreak_cumulative,1952,68,87,Cameroon          Cholera         Ungraded        01-Mar-19         01-Jan-20          16-Dec-20          1 952             68                87               4.5%,auto_oew,"SUBNATIONAL_EVENT | AFRO bulletin event row (line 564); CFR 4.5% matches deaths/cases; start = 1 January reset, else earlier of notification and reporting-period start"
oew:2021:4,COD,AFR::COD,2020-01-01,2020-12-05,outbreak_cumulative,18504,,301,Republic of       Cholera          Grade 3        16-Jan-15        01-Jan-20           5-Dec-20          18 504             -               301               1.6%,auto_oew,"AFRO bulletin event row (line 662); CFR 1.6% matches deaths/cases; start = 1 January reset, else earlier of notification and reporting-period start"
oew:2021:4,ETH,AFR::ETH::UNSPECIFIED,2019-05-12,2020-10-31,outbreak_cumulative,14484,14484,479,Ethiopia         Cholera        Ungraded       14-May-19         12-May-19           31-Oct-20         14 484         14484              479               3.3%,auto_oew,"SUBNATIONAL_EVENT | AFRO bulletin event row (line 725); CFR 3.3% matches deaths/cases; start = 1 January reset, else earlier of notification and reporting-period start"
oew:2021:4,MOZ,AFR::MOZ::UNSPECIFIED,2020-01-31,2020-10-21,outbreak_cumulative,1698,38,27,Mozambique         Cholera         Ungraded        20-Feb-20         31-Jan-20           21-Oct-20          1 698            38                27                1.6%,auto_oew,"SUBNATIONAL_EVENT | AFRO bulletin event row (line 882); CFR 1.6% matches deaths/cases; start = 1 January reset, else earlier of notification and reporting-period start"
oew:2021:4,TGO,AFR::TGO,2020-11-11,2021-01-11,outbreak_cumulative,68,18,2,Togo           Cholera         Ungraded        17-Nov-20         11-Nov-20           11-Jan-21            68              18                2                2.9%,auto_oew,"AFRO bulletin event row (line 1040); CFR 2.9% matches deaths/cases; start = 1 January reset, else earlier of notification and reporting-period start"
oew:2021:4,UGA,AFR::UGA,2020-04-29,2020-09-07,outbreak_cumulative,1488,17,6,Uganda           Cholera         Ungraded        11-May-20         29-Apr-20           07-Sep-20          1 488            17                 6                0.4%,auto_oew,"AFRO bulletin event row (line 1066); CFR 0.4% matches deaths/cases; start = 1 January reset, else earlier of notification and reporting-period start"
oew:2021:35,BFA,AFR::BFA::UNSPECIFIED,2021-08-15,2021-08-18,outbreak_cumulative,1,1,0,Burkina Faso       Cholera         Ungraded        15-Aug-21         18-Aug-21          18-Aug-21             1               1                0                0.00%,auto_oew,"SUBNATIONAL_EVENT | AFRO bulletin event row (line 703); CFR 0.0% matches deaths/cases; start = 1 January reset, else earlier of notification and reporting-period start"
oew:2021:35,COD,AFR::COD,2020-01-01,2021-06-27,outbreak_cumulative,3516,,93,Republic of       Cholera          Grade 3        16-Jan-15         1-Jan-20           27-Jun-21          3 516             -                93               2.60%,auto_oew,"AFRO bulletin event row (line 908); CFR 2.6% matches deaths/cases; start = 1 January reset, else earlier of notification and reporting-period start"
oew:2021:35,NER,AFR::NER,2021-06-07,2021-08-28,outbreak_cumulative,2336,2336,83,Niger          Cholera         Grade 1        7-Aug-21          7-Jun-21           28-Aug-21          2 336          2 336               83              3.60%,auto_oew,"AFRO bulletin event row (line 1198); CFR 3.6% matches deaths/cases; start = 1 January reset, else earlier of notification and reporting-period start"
oew:2021:35,NGA,AFR::NGA,2021-01-12,2021-08-04,outbreak_cumulative,31425,,816,Nigeria         Cholera         Grade 2        12-Jan-21         12-Jan-21          4-Aug-21          31 425             -               816              2.60%,auto_oew,"AFRO bulletin event row (line 1235); CFR 2.6% matches deaths/cases; start = 1 January reset, else earlier of notification and reporting-period start"
oew:2021:35,MOZ,AFR::MOZ,2020-01-31,2021-08-15,outbreak_cumulative,5681,5681,35,Mozambique        Cholera        Ungraded       20-Feb-20         31-Jan-20         15-Aug-21         5 681          5 681              35              0.60%,auto_oew,"AFRO bulletin event row (line 1378); CFR 0.6% matches deaths/cases; start = 1 January reset, else earlier of notification and reporting-period start"
oew:2018:43,CMR,AFR::CMR,2018-05-18,2018-10-23,outbreak_cumulative,600,51,40,Cameroon            Cholera          G1         24-May-18   18-May-18   23-Oct-18    600        51         40     6.7%    Detailed update given above.,auto_oew,"AFRO bulletin event row (line 425); CFR 6.7% matches deaths/cases; start = 1 January reset, else earlier of notification and reporting-period start"
oew:2018:43,KEN,AFR::KEN,2018-09-08,2018-10-16,outbreak_cumulative,5,4,0,Kenya        Cholera       Ungraded      8-Sep-18    8-Sep-18    16-Oct-18    5          4         0      0.0%,auto_oew,"AFRO bulletin event row (line 623); CFR 0.0% matches deaths/cases; start = 1 January reset, else earlier of notification and reporting-period start"
oew:2018:43,NER,AFR::NER,2018-07-13,2018-10-21,outbreak_cumulative,3767,34,74,Niger       Cholera          G2         13-Jul-18   13-Jul-18   21-Oct-18   3 767       34         74     2.0%,auto_oew,"AFRO bulletin event row (line 732); CFR 2.0% matches deaths/cases; start = 1 January reset, else earlier of notification and reporting-period start"
oew:2018:43,NGA,AFR::NGA,2018-01-01,2018-10-07,outbreak_cumulative,39540,47,804,"Nigeria     Cholera          G1         7-Jun-17    1-Jan-18    7-Oct-18    39 540      47        804     2.0%    cases with two deaths), Adamawa (80 cas-",auto_oew,"AFRO bulletin event row (line 763); CFR 2.0% matches deaths/cases; start = 1 January reset, else earlier of notification and reporting-period start"
oew:2018:43,TZA,AFR::TZA,2018-01-01,2018-10-21,outbreak_cumulative,4256,50,82,Tanzania       Cholera       Protracted 1   20-Aug-15   1-Jan-18    21-Oct-18   4 256      50         82     1.9%    gwe Region. Cholera cases reported from,auto_oew,"AFRO bulletin event row (line 899); CFR 1.9% matches deaths/cases; start = 1 January reset, else earlier of notification and reporting-period start"
oew:2018:43,UGA,AFR::UGA,2018-10-10,2018-10-11,outbreak_cumulative,8,2,1,Uganda        Cholera        Ungraded      10-Oct-18   10-Oct-18   11-Oct-18    8          2         1      12.5%,auto_oew,"AFRO bulletin event row (line 927); CFR 12.5% matches deaths/cases; start = 1 January reset, else earlier of notification and reporting-period start"
oew:2018:43,ZWE,AFR::ZWE::UNSPECIFIED,2018-09-06,2018-10-26,outbreak_cumulative,9815,261,55,Zimbabwe        Cholera        G2       6-Sep-18    6-Sep-18    26-Oct-18   9 815      261        55     0.6%,auto_oew,"SUBNATIONAL_EVENT | AFRO bulletin event row (line 988); CFR 0.6% matches deaths/cases; start = 1 January reset, else earlier of notification and reporting-period start"
oew:2018:43,AGO,AFR::AGO::UNSPECIFIED,2017-12-21,2018-07-29,outbreak_cumulative,990,12,19,"Angola         Cholera        G1       2-Jan-18    21-Dec-17   29-Jul-18   990        12         19     1.9%    2018. From 22 May to 29 July 2018, 95",auto_oew,"SUBNATIONAL_EVENT | AFRO bulletin event row (line 1016); CFR 1.9% matches deaths/cases; start = 1 January reset, else earlier of notification and reporting-period start"
oew:2018:43,ZAF,AFR::ZAF,2018-09-29,2018-10-09,outbreak_cumulative,2,2,0,South Africa      Cholera      Ungraded     5-Oct-18     29-Sep-18   9-Oct-18       2            2           0       0.0%   onset of symptoms in Zimbabwe before,auto_oew,"AFRO bulletin event row (line 1059); CFR 0.0% matches deaths/cases; start = 1 January reset, else earlier of notification and reporting-period start"
oew:2019:25,NGA,AFR::NGA,2019-05-15,2019-06-20,outbreak_cumulative,91,8,1,Nigeria       Cholera       Ungraded   19-Jun-19     15-May-19   20-Jun-19    91        8          1      1.10%   Detailed update given above.,auto_oew,"AFRO bulletin event row (line 387); CFR 1.1% matches deaths/cases; start = 1 January reset, else earlier of notification and reporting-period start"
oew:2019:25,BDI,AFR::BDI,2019-06-04,2019-06-06,outbreak_cumulative,7,4,0,Burundi      Cholera       Ungraded    05-Jun-19     04-Jun-19   06-Jun-19      7           4           0       0.00%   (2) Cholera Treatment Centers in,auto_oew,"AFRO bulletin event row (line 457); CFR 0.0% matches deaths/cases; start = 1 January reset, else earlier of notification and reporting-period start"
oew:2019:25,CMR,AFR::CMR,2018-05-18,2019-05-15,outbreak_cumulative,1060,97,64,"Cameroon      Cholera          G1       24-May-18     18-May-18   15-May-19   1 060      97         64     6.00%   2019, additional five new confirmed",auto_oew,"AFRO bulletin event row (line 546); CFR 6.0% matches deaths/cases; start = 1 January reset, else earlier of notification and reporting-period start"
oew:2019:25,ETH,AFR::ETH,2019-05-12,2019-06-06,outbreak_cumulative,424,13,15,Ethiopia       Cholera       Ungraded   14-May-19     12-May-19   06-Jun-19   424        13         15     3.50%,auto_oew,"AFRO bulletin event row (line 892); CFR 3.5% matches deaths/cases; start = 1 January reset, else earlier of notification and reporting-period start"
oew:2019:25,KEN,AFR::KEN,2019-01-02,2019-06-16,outbreak_cumulative,2916,129,20,"Kenya     Cholera    Ungraded   21-Jan-19     02-Jan-19   16-Jun-19   2 916     129          20     0.70%   in five Counties: Nairobi, Garissa,",auto_oew,"AFRO bulletin event row (line 977); CFR 0.7% matches deaths/cases; start = 1 January reset, else earlier of notification and reporting-period start"
oew:2019:25,ZMB,AFR::ZMB::UNSPECIFIED,2019-04-03,2019-05-17,outbreak_cumulative,253,31,6,Zambia      Cholera      Ungraded   14-May-19     03-Apr-19   17-May-19    253        31         6      2.40%,auto_oew,"SUBNATIONAL_EVENT | AFRO bulletin event row (line 1707); CFR 2.4% matches deaths/cases; start = 1 January reset, else earlier of notification and reporting-period start"
oew:2019:25,ZWE,AFR::ZWE,2018-09-06,2019-05-26,outbreak_cumulative,10421,312,69,Zimbabwe     Cholera        G2       06-Sep-18     06-Sep-18   26-May-19   10 421     312         69     0.70%,auto_oew,"AFRO bulletin event row (line 1720); CFR 0.7% matches deaths/cases; start = 1 January reset, else earlier of notification and reporting-period start"
irish:364717,CMR,AFR::CMR,2021-01-01,2022-11-10,outbreak_cumulative,13612,1175,289,Cameroon          Cholera          Grade 2          1-Jan-21         25-Oct-21        10-Nov-22             13 612              1 175              289             2.1%,auto_oew,"AFRO bulletin event row (line 505); CFR 2.1% matches deaths/cases; start = 1 January reset, else earlier of notification and reporting-period start"
irish:364717,COD,AFR::COD,2015-01-16,2022-10-30,outbreak_cumulative,12355,1310,222,Republic of the      Cholera           Grade 3         16-Jan-15         3-Jan-22         30-Oct-22             12 355               1 310             222              1.8%,auto_oew,"AFRO bulletin event row (line 654); CFR 1.8% matches deaths/cases; start = 1 January reset, else earlier of notification and reporting-period start"
irish:364717,ETH,AFR::ETH,2022-09-17,2022-11-18,outbreak_cumulative,456,15,19,Ethiopia          Cholera         Ungraded         17-Sep-22         17-Sep-22        18-Nov-22               456                  15                19              4.2%,auto_oew,"AFRO bulletin event row (line 746); CFR 4.2% matches deaths/cases; start = 1 January reset, else earlier of notification and reporting-period start"
irish:364717,MWI,AFR::MWI,2022-03-03,2022-11-18,outbreak_cumulative,8627,8627,262,Malawi            Cholera         Ungraded          3-Mar-22          3-Mar-22         18-Nov-22              8 627                8 627             262              3.0%,auto_oew,"AFRO bulletin event row (line 900); CFR 3.0% matches deaths/cases; start = 1 January reset, else earlier of notification and reporting-period start"
irish:364717,MOZ,AFR::MOZ,2022-01-13,2022-11-13,outbreak_cumulative,3858,16,19,Mozambique          Cholera          Ungraded         23-Mar-22        13-Jan-22        13-Nov-22              3 858                 16               19              0.5%,auto_oew,"AFRO bulletin event row (line 960); CFR 0.5% matches deaths/cases; start = 1 January reset, else earlier of notification and reporting-period start"
irish:364717,NER,AFR::NER::UNSPECIFIED,2022-09-01,2022-11-14,outbreak_cumulative,72,14,1,Niger           Cholera          Ungraded         3-Sep-22          1-Sep-22        14-Nov-22               72                   14                1              1.4%,auto_oew,"SUBNATIONAL_EVENT | AFRO bulletin event row (line 992); CFR 1.4% matches deaths/cases; start = 1 January reset, else earlier of notification and reporting-period start"
irish:364717,SSD,AFR::SSD,2022-03-21,2022-11-05,outbreak_cumulative,424,56,1,South Sudan         Cholera         Ungraded         21-Apr-22        21-Mar-22         5-Nov-22               424                  56                1               0.2%,auto_oew,"AFRO bulletin event row (line 1141); CFR 0.2% matches deaths/cases; start = 1 January reset, else earlier of notification and reporting-period start"
oew:2018:27,AGO,AFR::AGO,2018-05-22,2018-07-02,outbreak_cumulative,47,3,6,Angola         Cholera   Ungraded   21-Jun-18   22-May-18    2-Jul-18    47         3         6        12.8%,auto_oew,"AFRO bulletin event row (line 451); CFR 12.8% matches deaths/cases; start = 1 January reset, else earlier of notification and reporting-period start"
oew:2018:27,CMR,AFR::CMR,2018-05-18,2018-07-05,outbreak_cumulative,24,4,3,Cameroon     Cholera       Ungraded      24-May-18   18-May-18    5-Jul-18   24   4   3   12.5%   The cases have been reported from,auto_oew,"AFRO bulletin event row (line 511); CFR 12.5% matches deaths/cases; start = 1 January reset, else earlier of notification and reporting-period start"
oew:2018:27,KEN,AFR::KEN,2018-01-01,2018-07-04,outbreak_cumulative,5561,299,78,Kenya    Cholera       G1        6-Mar-17     1-Jan-18    4-Jul-18    5 561   299   78   1.4%,auto_oew,"AFRO bulletin event row (line 825); CFR 1.4% matches deaths/cases; start = 1 January reset, else earlier of notification and reporting-period start"
oew:2018:27,MWI,AFR::MWI,2018-06-08,2018-06-27,outbreak_cumulative,9,4,2,Malawi     Cholera       Ungraded   13-Jun-18   8-Jun-18    27-Jun-18    9       4      2        22.2%   ous oral cholera vaccine campaign,auto_oew,"AFRO bulletin event row (line 909); CFR 22.2% matches deaths/cases; start = 1 January reset, else earlier of notification and reporting-period start"
oew:2018:27,NGA,AFR::NGA,2018-01-01,2018-07-25,outbreak_cumulative,13998,179,140,Nigeria      Cholera        G1       7-Jun-17     1-Jan-18   25-Jul-18   13 998   179   140   1.0%    the LGA with the most protracted,auto_oew,"AFRO bulletin event row (line 1089); CFR 1.0% matches deaths/cases; start = 1 January reset, else earlier of notification and reporting-period start"
oew:2018:27,TZA,AFR::TZA,2018-01-01,2018-06-24,outbreak_cumulative,2741,,57,Tanzania    Cholera       Protracted 1   20-Aug-15   1-Jan-18   24-Jun-18   2 741   -     57        2.1%   was on 11 July 2017. Cholera cases in,auto_oew,"AFRO bulletin event row (line 1343); CFR 2.1% matches deaths/cases; start = 1 January reset, else earlier of notification and reporting-period start"
oew:2018:27,UGA,AFR::UGA,2018-04-29,2018-06-20,outbreak_cumulative,92,26,1,Uganda       Cholera       Ungraded   7-May-18    29-Apr-18   20-Jun-18   92    26   1   1.1%,auto_oew,"AFRO bulletin event row (line 1412); CFR 1.1% matches deaths/cases; start = 1 January reset, else earlier of notification and reporting-period start"
oew:2019:22,CMR,AFR::CMR,2018-05-18,2019-05-15,outbreak_cumulative,1060,97,64,"Cameroon      Cholera          G1       24-May-18     18-May-18   15-May-19   1 060    97        64     6.00%   March 2019, additional five new",auto_oew,"AFRO bulletin event row (line 547); CFR 6.0% matches deaths/cases; start = 1 January reset, else earlier of notification and reporting-period start"
oew:2019:22,ETH,AFR::ETH,2019-05-12,2019-05-24,outbreak_cumulative,182,1,12,Ethiopia         Cholera       Ungraded   14-May-19     12-May-19   24-May-19    182       1        12      6.60%,auto_oew,"AFRO bulletin event row (line 829); CFR 6.6% matches deaths/cases; start = 1 January reset, else earlier of notification and reporting-period start"
oew:2019:22,KEN,AFR::KEN,2019-01-02,2019-05-19,outbreak_cumulative,2137,116,14,"Kenya      Cholera    Ungraded    21-Jan-19     02-Jan-19   19-May-19   2 137    116       14     0.70%    active in six Counties: Nairobi, Ga-",auto_oew,"AFRO bulletin event row (line 906); CFR 0.7% matches deaths/cases; start = 1 January reset, else earlier of notification and reporting-period start"
oew:2019:22,MOZ,AFR::MOZ::UNSPECIFIED,2019-03-27,2019-05-05,outbreak_cumulative,6739,,8,Mozambique    Cholera     Ungraded   27-Mar-19     27-Mar-19   05-May-19   6 739     -         8      0.10%,auto_oew,"SUBNATIONAL_EVENT | AFRO bulletin event row (line 1098); CFR 0.1% matches deaths/cases; start = 1 January reset, else earlier of notification and reporting-period start"
oew:2019:22,ZMB,AFR::ZMB,2019-04-03,2019-05-17,outbreak_cumulative,253,31,6,Zambia           Cholera       Ungraded   14-May-19     03-Apr-19   17-May-19   253      31         6      2.40%    Detailed update given above.,auto_oew,"AFRO bulletin event row (line 1631); CFR 2.4% matches deaths/cases; start = 1 January reset, else earlier of notification and reporting-period start"
oew:2019:22,ZWE,AFR::ZWE,2018-09-06,2019-04-28,outbreak_cumulative,10421,312,69,Zimbabwe      Cholera        G2       06-Sep-18     06-Sep-18     28-Apr-19      10 421      312        69      0.70%,auto_oew,"AFRO bulletin event row (line 1649); CFR 0.7% matches deaths/cases; start = 1 January reset, else earlier of notification and reporting-period start"
oew:2019:19,CMR,AFR::CMR,2018-05-18,2019-04-26,outbreak_cumulative,1052,98,63,"Cameroon     Cholera          G1       24-May-18     18-May-18   26-Apr-19   1 052    98        63     6.00%   1 to 5 April 2019. In March 2019,",auto_oew,"AFRO bulletin event row (line 578); CFR 6.0% matches deaths/cases; start = 1 January reset, else earlier of notification and reporting-period start"
oew:2019:19,COD,AFR::COD,2019-01-01,2019-04-21,outbreak_cumulative,9271,,216,Republic of the    Cholera        G3       16-Jan-15     01-Jan-19   21-Apr-19   9 271      -        216     2.30%   of 9 271 cases including 216 deaths,auto_oew,"AFRO bulletin event row (line 794); CFR 2.3% matches deaths/cases; start = 1 January reset, else earlier of notification and reporting-period start"
oew:2019:19,KEN,AFR::KEN,2019-01-02,2019-05-07,outbreak_cumulative,1896,93,11,Kenya       Cholera       Ungraded    21-Jan-19     02-Jan-19   07-May-19   1 896    93        11     0.60%   from the six active counties. A total,auto_oew,"AFRO bulletin event row (line 895); CFR 0.6% matches deaths/cases; start = 1 January reset, else earlier of notification and reporting-period start"
oew:2019:19,MOZ,AFR::MOZ::UNSPECIFIED,2019-03-27,2019-05-05,outbreak_cumulative,6739,,8,Mozambique      Cholera      Ungraded   27-Mar-19     27-Mar-19   05-May-19   6 739     -        8      0.10%,auto_oew,"SUBNATIONAL_EVENT | AFRO bulletin event row (line 1053); CFR 0.1% matches deaths/cases; start = 1 January reset, else earlier of notification and reporting-period start"
oew:2019:19,ZMB,AFR::ZMB::UNSPECIFIED,2019-03-16,2019-03-22,outbreak_cumulative,45,6,3,Zambia     Cholera      Ungraded   22-Mar-19     16-Mar-19   22-Mar-19    45        6        3      6.70%,auto_oew,"SUBNATIONAL_EVENT | AFRO bulletin event row (line 1489); CFR 6.7% matches deaths/cases; start = 1 January reset, else earlier of notification and reporting-period start"
oew:2019:19,ZWE,AFR::ZWE,2018-09-06,2019-04-28,outbreak_cumulative,10421,312,69,Zimbabwe    Cholera        G2       06-Sep-18     06-Sep-18   28-Apr-19   10 421    312       69     0.70%,auto_oew,"AFRO bulletin event row (line 1517); CFR 0.7% matches deaths/cases; start = 1 January reset, else earlier of notification and reporting-period start"
oew:2018:20,AGO,AFR::AGO::UNSPECIFIED,2017-12-21,2018-04-08,outbreak_cumulative,853,5,13,Angola         Cholera       G1       2-Jan-18    21-Dec-17   8-Apr-18       853            5            13         1.5%   ed from two districts of Uíge,auto_oew,"SUBNATIONAL_EVENT | AFRO bulletin event row (line 564); CFR 1.5% matches deaths/cases; start = 1 January reset, else earlier of notification and reporting-period start"
oew:2018:20,KEN,AFR::KEN,2018-01-01,2018-05-07,outbreak_cumulative,3233,167,64,Kenya     Cholera       G1        6-Mar-17    1-Jan-18    7-May-18    3 233   167   64   2.0%,auto_oew,"AFRO bulletin event row (line 906); CFR 2.0% matches deaths/cases; start = 1 January reset, else earlier of notification and reporting-period start"
oew:2018:20,NGA,AFR::NGA,2018-01-01,2018-03-03,outbreak_cumulative,210,2,16,Nigeria    Cholera       Ungraded      7-Jun-17    1-Jan-18   3-Mar-18    210     2         16       7.6%   210 suspected cases including,auto_oew,"AFRO bulletin event row (line 1152); CFR 7.6% matches deaths/cases; start = 1 January reset, else earlier of notification and reporting-period start"
oew:2018:20,TZA,AFR::TZA::UNSPECIFIED,2018-01-01,2018-05-13,outbreak_cumulative,1856,,36,Tanzania     Cholera       Protracted 1   20-Aug-15   1-Jan-18    13-May-18   1 856   -        36       1.9%,auto_oew,"SUBNATIONAL_EVENT | AFRO bulletin event row (line 1416); CFR 1.9% matches deaths/cases; start = 1 January reset, else earlier of notification and reporting-period start"
oew:2018:20,UGA,AFR::UGA::UNSPECIFIED,2018-02-12,2018-04-30,outbreak_cumulative,2119,24,44,Uganda       Cholera           G1         15-Feb-18   12-Feb-18   30-Apr-18   2 119   24       44       2.1%,auto_oew,"SUBNATIONAL_EVENT | AFRO bulletin event row (line 1455); CFR 2.1% matches deaths/cases; start = 1 January reset, else earlier of notification and reporting-period start"
oew:2018:20,UGA,AFR::UGA::UNSPECIFIED,2018-05-01,2018-05-10,outbreak_cumulative,50,3,2,Uganda    Cholera    Ungraded    1-May-18     1-May-18    10-May-18    50     3     2     4.0%,auto_oew,"SUBNATIONAL_EVENT | AFRO bulletin event row (line 1476); CFR 4.0% matches deaths/cases; start = 1 January reset, else earlier of notification and reporting-period start"
oew:2018:20,ZMB,AFR::ZMB,2017-10-04,2018-04-15,outbreak_cumulative,5721,565,113,Zambia    Cholera       G1        4-Oct-17    4-Oct-17    15-Apr-18   5 721   565   113   2.0%   cases and 17 deaths have been re-,auto_oew,"AFRO bulletin event row (line 1505); CFR 2.0% matches deaths/cases; start = 1 January reset, else earlier of notification and reporting-period start"
oew:2018:20,ZWE,AFR::ZWE,2018-04-05,2018-05-15,outbreak_cumulative,62,23,3,Zimbabwe      Cholera    Ungraded     7-Apr-18    5-Apr-18    15-May-18    62     23     3    4.8%   Detailed update given above.,auto_oew,"AFRO bulletin event row (line 1510); CFR 4.8% matches deaths/cases; start = 1 January reset, else earlier of notification and reporting-period start"
oew:2018:20,MWI,AFR::MWI,2017-11-20,2018-04-29,outbreak_cumulative,929,195,30,Malawi        Cholera    Ungraded     28-Nov-17    20-Nov-17    29-Apr-18       929           195          30        3.2%,auto_oew,"AFRO bulletin event row (line 1534); CFR 3.2% matches deaths/cases; start = 1 January reset, else earlier of notification and reporting-period start"
oew:2023:22,BDI,AFR::BDI,2023-01-01,2023-05-28,outbreak_cumulative,450,175,7,Burundi          Cholera          Grade 3          1-Jan-23         1-Jan-23          28-May-23        450                   175               7                1.60%,auto_oew,"AFRO bulletin event row (line 737); CFR 1.6% matches deaths/cases; start = 1 January reset, else earlier of notification and reporting-period start"
oew:2023:22,CMR,AFR::CMR,2021-08-31,2023-05-07,outbreak_cumulative,15828,1808,345,Cameroon         Cholera           Grade 3         31-Aug-21        25-Oct-21        7-May-23         15 828                1 808            345              2.20%,auto_oew,"AFRO bulletin event row (line 785); CFR 2.2% matches deaths/cases; start = 1 January reset, else earlier of notification and reporting-period start"
oew:2023:22,COD,AFR::COD,2023-01-01,2023-05-07,outbreak_cumulative,18794,1324,104,Republic of      Cholera          Grade 3           16-Jan-15        1-Jan-23          7-May-23         18 794                 1 324            104               0.60%,auto_oew,"AFRO bulletin event row (line 929); CFR 0.6% matches deaths/cases; start = 1 January reset, else earlier of notification and reporting-period start"
oew:2023:22,SWZ,AFR::SWZ,2023-04-03,2023-05-08,outbreak_cumulative,2,2,0,Eswatini         Cholera            Grade 3         3-Apr-23         3-Apr-23         8-May-23          2                      2                0                0.00%,auto_oew,"AFRO bulletin event row (line 1010); CFR 0.0% matches deaths/cases; start = 1 January reset, else earlier of notification and reporting-period start"
oew:2023:22,ETH,AFR::ETH::UNSPECIFIED,2022-09-17,2023-05-13,outbreak_cumulative,6592,39,104,Ethiopia         Cholera            Grade 3         17-Sep-22        17-Sep-22        13-May-23         6 592                  39               104              1.60%,auto_oew,"SUBNATIONAL_EVENT | AFRO bulletin event row (line 1037); CFR 1.6% matches deaths/cases; start = 1 January reset, else earlier of notification and reporting-period start"
oew:2023:22,KEN,AFR::KEN,2022-10-05,2023-05-07,outbreak_cumulative,10297,464,164,Kenya            Cholera          Grade 3          19-Oct-22         5-Oct-22         7-May-23         10 297                 464               164              1.60%,auto_oew,"AFRO bulletin event row (line 1138); CFR 1.6% matches deaths/cases; start = 1 January reset, else earlier of notification and reporting-period start"
oew:2023:22,MWI,AFR::MWI,2022-03-03,2023-05-28,outbreak_cumulative,58805,58805,1761,Malawi           Cholera           Grade 3          3-Mar-22          3-Mar-22         28-May-23         58 805                 58 805            1 761            3.00%,auto_oew,"AFRO bulletin event row (line 1213); CFR 3.0% matches deaths/cases; start = 1 January reset, else earlier of notification and reporting-period start"
oew:2023:22,MOZ,AFR::MOZ,2022-09-14,2023-05-22,outbreak_cumulative,30843,30843,132,Mozambique       Cholera          Grade 3           14-Sep-22        16-Nov-22         22-May-23        30 843                 30 843            132              0.40%,auto_oew,"AFRO bulletin event row (line 1271); CFR 0.4% matches deaths/cases; start = 1 January reset, else earlier of notification and reporting-period start"
oew:2023:22,ZAF,AFR::ZAF::UNSPECIFIED,2023-02-03,2023-05-23,outbreak_cumulative,32,32,5,South Africa     Cholera          Grade 3           3-Feb-23         3-Feb-23         23-May-23         32                     32               5                15.60%,auto_oew,"SUBNATIONAL_EVENT | AFRO bulletin event row (line 1419); CFR 15.6% matches deaths/cases; start = 1 January reset, else earlier of notification and reporting-period start"
oew:2023:22,SSD,AFR::SSD::UNSPECIFIED,2023-02-22,2023-05-16,outbreak_cumulative,1471,19,2,South Sudan      Cholera          Grade 3           7-Mar-23         22-Feb-23        16-May-23         1 471                  19               2                0.10%,auto_oew,"SUBNATIONAL_EVENT | AFRO bulletin event row (line 1449); CFR 0.1% matches deaths/cases; start = 1 January reset, else earlier of notification and reporting-period start"
oew:2023:22,ZMB,AFR::ZMB,2023-01-20,2023-05-14,outbreak_cumulative,577,241,12,Zambia           Cholera          Grade 3          24-Jan-23        20-Jan-23        14-May-23        577                   241              12                2.10%,auto_oew,"AFRO bulletin event row (line 1523); CFR 2.1% matches deaths/cases; start = 1 January reset, else earlier of notification and reporting-period start"
oew:2023:22,ZWE,AFR::ZWE,2023-02-12,2023-05-07,outbreak_cumulative,722,129,21,Zimbabwe         Cholera          Grade 3          23-Feb-23        12-Feb-23        7-May-23         722                   129              21                2.90%,auto_oew,"AFRO bulletin event row (line 1536); CFR 2.9% matches deaths/cases; start = 1 January reset, else earlier of notification and reporting-period start"
oew:2022:52,CMR,AFR::CMR,2021-01-01,2022-12-08,outbreak_cumulative,15003,1792,298,Cameroon           Cholera          Grade 2          1-Jan-21         25-Oct-21           8-Dec-22            15 003               1 792             298              2.0%,auto_oew,"AFRO bulletin event row (line 476); CFR 2.0% matches deaths/cases; start = 1 January reset, else earlier of notification and reporting-period start"
oew:2022:52,COD,AFR::COD,2015-01-16,2022-11-27,outbreak_cumulative,14145,1310,247,Republic of the      Cholera         Grade 3         16-Jan-15         3-Jan-22         27-Nov-22             14 145              1 310             247              1.7%,auto_oew,"AFRO bulletin event row (line 639); CFR 1.7% matches deaths/cases; start = 1 January reset, else earlier of notification and reporting-period start"
oew:2022:52,ETH,AFR::ETH,2022-09-17,2022-12-19,outbreak_cumulative,691,15,24,Ethiopia          Cholera         Ungraded         17-Sep-22         17-Sep-22        19-Dec-22               691                  15               24              3.5%,auto_oew,"AFRO bulletin event row (line 733); CFR 3.5% matches deaths/cases; start = 1 January reset, else earlier of notification and reporting-period start"
oew:2022:52,KEN,AFR::KEN,2022-10-16,2022-12-18,outbreak_cumulative,2959,105,55,Kenya           Cholera          Ungraded         19-Oct-22        16-Oct-22        18-Dec-22              2 959                105              55              1.9%,auto_oew,"AFRO bulletin event row (line 826); CFR 1.9% matches deaths/cases; start = 1 January reset, else earlier of notification and reporting-period start"
oew:2022:52,MWI,AFR::MWI,2022-03-03,2022-12-25,outbreak_cumulative,15064,15064,470,Malawi           Cholera          Grade 2          3-Mar-22          3-Mar-22         25-Dec-22              15 064              15 064             470              3.1%,auto_oew,"AFRO bulletin event row (line 888); CFR 3.1% matches deaths/cases; start = 1 January reset, else earlier of notification and reporting-period start"
oew:2022:52,MOZ,AFR::MOZ,2022-01-13,2022-11-13,outbreak_cumulative,3858,16,19,Mozambique          Cholera         Ungraded         23-Mar-22         13-Jan-22        13-Nov-22             3 858                16                19              0.5%,auto_oew,"AFRO bulletin event row (line 950); CFR 0.5% matches deaths/cases; start = 1 January reset, else earlier of notification and reporting-period start"
oew:2022:52,SSD,AFR::SSD,2022-03-21,2022-11-20,outbreak_cumulative,424,56,1,South Sudan         Cholera          Ungraded         21-Apr-22        21-Mar-22        20-Nov-22               424                 56                1               0.2%,auto_oew,"AFRO bulletin event row (line 1171); CFR 0.2% matches deaths/cases; start = 1 January reset, else earlier of notification and reporting-period start"
oew:2022:52,ZWE,AFR::ZWE,2022-11-22,2022-11-24,outbreak_cumulative,2,2,0,Zimbabwe          Cholera         Ungraded         22-Nov-22        24-Nov-22        24-Nov-22                2                   2                0              0.0%,auto_oew,"AFRO bulletin event row (line 1276); CFR 0.0% matches deaths/cases; start = 1 January reset, else earlier of notification and reporting-period start"
oew:2022:52,NER,AFR::NER::UNSPECIFIED,2022-09-01,2022-12-18,outbreak_cumulative,72,14,1,Niger           Cholera        Ungraded         3-Sep-22         1-Sep-22        18-Dec-22              72                  14               1              1.4%,auto_oew,"SUBNATIONAL_EVENT | AFRO bulletin event row (line 1299); CFR 1.4% matches deaths/cases; start = 1 January reset, else earlier of notification and reporting-period start"
oew:2021:39,BFA,AFR::BFA::UNSPECIFIED,2021-08-15,2021-08-31,outbreak_cumulative,2,2,0,Burkina Faso       Cholera         Ungraded        15-Aug-21         18-Aug-21          31-Aug-21             2               2                0                0.00%,auto_oew,"SUBNATIONAL_EVENT | AFRO bulletin event row (line 645); CFR 0.0% matches deaths/cases; start = 1 January reset, else earlier of notification and reporting-period start"
oew:2021:39,COD,AFR::COD,2020-01-01,2021-06-27,outbreak_cumulative,3516,,93,Republic of        Cholera          Grade 3        16-Jan-15          1-Jan-20            27-Jun-21           3 516             -                 93               2.60%,auto_oew,"AFRO bulletin event row (line 822); CFR 2.6% matches deaths/cases; start = 1 January reset, else earlier of notification and reporting-period start"
oew:2021:39,MLI,AFR::MLI,2021-09-11,2021-09-13,outbreak_cumulative,10,2,4,Mali           Cholera         Ungraded       11-Sep-21         12-Sep-21           13-Sep-21           10               2                4               40.00%,auto_oew,"AFRO bulletin event row (line 1053); CFR 40.0% matches deaths/cases; start = 1 January reset, else earlier of notification and reporting-period start"
oew:2021:39,NER,AFR::NER,2021-06-07,2021-09-22,outbreak_cumulative,4907,158,153,Niger           Cholera          Grade 1        7-Aug-21           7-Jun-21           22-Sep-21           4 907            158               153               3.10%,auto_oew,"AFRO bulletin event row (line 1122); CFR 3.1% matches deaths/cases; start = 1 January reset, else earlier of notification and reporting-period start"
oew:2021:39,NGA,AFR::NGA,2021-01-12,2021-09-05,outbreak_cumulative,69925,,2323,Nigeria          Cholera          Grade 2        12-Jan-21         12-Jan-21           5-Sep-21           69 925             -               2 323              3.30%,auto_oew,"AFRO bulletin event row (line 1150); CFR 3.3% matches deaths/cases; start = 1 January reset, else earlier of notification and reporting-period start"
oew:2021:48,BEN,AFR::BEN,2021-03-28,2021-11-21,outbreak_cumulative,541,21,9,Benin           Cholera         Ungraded        28-Mar-21         28-Mar-21          21-Nov-21            541             21                 9                1.7%,auto_oew,"AFRO bulletin event row (line 929); CFR 1.7% matches deaths/cases; start = 1 January reset, else earlier of notification and reporting-period start"
oew:2021:48,BDI,AFR::BDI,2021-11-07,2021-11-07,outbreak_cumulative,1,1,0,Burundi          Cholera         Ungraded        15-Nov-21         7-Nov-21           7-Nov-21              1               1                 0                0.0%,auto_oew,"AFRO bulletin event row (line 963); CFR 0.0% matches deaths/cases; start = 1 January reset, else earlier of notification and reporting-period start"
oew:2021:48,CMR,AFR::CMR::UNSPECIFIED,2021-01-01,2021-11-11,outbreak_cumulative,136,3,16,Cameroon          Cholera         Grade 2         1-Jan-21        5-Aug-2021          11-Nov-21           136              3                16               11.8%,auto_oew,"SUBNATIONAL_EVENT | AFRO bulletin event row (line 1000); CFR 11.8% matches deaths/cases; start = 1 January reset, else earlier of notification and reporting-period start"
oew:2021:48,COD,AFR::COD,2020-01-01,2021-11-07,outbreak_cumulative,6817,,125,Republic of       Cholera          Grade 3        16-Jan-15          1-Jan-20          7-Nov-21            6 817             -               125               1.8%,auto_oew,"AFRO bulletin event row (line 1131); CFR 1.8% matches deaths/cases; start = 1 January reset, else earlier of notification and reporting-period start"
oew:2021:48,ETH,AFR::ETH,2021-08-31,2021-11-23,outbreak_cumulative,383,2,6,Ethiopia         Cholera         Ungraded       31-Aug-2021       31-Aug-2021          23-Nov-21           383              2                 6                1.6%,auto_oew,"AFRO bulletin event row (line 1227); CFR 1.6% matches deaths/cases; start = 1 January reset, else earlier of notification and reporting-period start"
oew:2021:48,MOZ,AFR::MOZ,2021-07-21,2021-10-19,outbreak_cumulative,191,8,0,Mozambique          Cholera        Ungraded        28-Sep-21         21-Jul-2021          19-Oct-21           191              8                 0                 0.0%,auto_oew,"AFRO bulletin event row (line 1408); CFR 0.0% matches deaths/cases; start = 1 January reset, else earlier of notification and reporting-period start"
oew:2021:48,NER,AFR::NER,2021-06-07,2021-11-14,outbreak_cumulative,5553,194,163,Niger           Cholera         Grade 1        7-Aug-2021        7-Jun-2021           14-Nov-21          5 553            194               163                2.9%,auto_oew,"AFRO bulletin event row (line 1445); CFR 2.9% matches deaths/cases; start = 1 January reset, else earlier of notification and reporting-period start"
oew:2021:48,NGA,AFR::NGA,2021-01-12,2021-11-07,outbreak_cumulative,100057,100057,3449,Nigeria         Cholera          Grade 2        12-Jan-21         12-Jan-21          7-Nov-21          100 057         100 057            3 449              3.4%,auto_oew,"AFRO bulletin event row (line 1490); CFR 3.4% matches deaths/cases; start = 1 January reset, else earlier of notification and reporting-period start"
oew:2021:48,TGO,AFR::TGO::UNSPECIFIED,2021-11-07,2021-11-17,outbreak_cumulative,34,11,4,Togo           Cholera         Ungraded         8-Nov-21          7-Nov-21          17-Nov-21             34              11                4                11.8%,auto_oew,"SUBNATIONAL_EVENT | AFRO bulletin event row (line 1622); CFR 11.8% matches deaths/cases; start = 1 January reset, else earlier of notification and reporting-period start"
oew:2021:48,UGA,AFR::UGA,2021-11-04,2021-11-17,outbreak_cumulative,163,7,0,Uganda           Cholera        Ungraded       15-Nov-21         4-Nov-21           17-Nov-21          163             7                 0               0.0%,auto_oew,"AFRO bulletin event row (line 1646); CFR 0.0% matches deaths/cases; start = 1 January reset, else earlier of notification and reporting-period start"
oew:2020:39,CMR,AFR::CMR,2020-01-01,2020-07-03,outbreak_cumulative,980,39,45,Cameroon           Cholera         Ungraded        1-Mar-19         1-Jan-20           3-Jul-20            980              39                45                 4.60%,auto_oew,"AFRO bulletin event row (line 536); CFR 4.6% matches deaths/cases; start = 1 January reset, else earlier of notification and reporting-period start"
oew:2020:39,COD,AFR::COD,2020-01-01,2020-08-09,outbreak_cumulative,13421,,190,Republic of       Cholera         Grade 3        16-Jan-15        1-Jan-20          9-Aug-20          13 421             -               190                1.40%,auto_oew,"AFRO bulletin event row (line 641); CFR 1.4% matches deaths/cases; start = 1 January reset, else earlier of notification and reporting-period start"
oew:2020:39,KEN,AFR::KEN,2020-01-01,2020-08-28,outbreak_cumulative,711,27,13,Kenya           Cholera         Ungraded       21-Jan-19        1-Jan-20         28-Aug-20            711             27                13                1.80%,auto_oew,"AFRO bulletin event row (line 771); CFR 1.8% matches deaths/cases; start = 1 January reset, else earlier of notification and reporting-period start"
oew:2020:39,MOZ,AFR::MOZ,2020-01-31,2020-06-12,outbreak_cumulative,2625,,21,Mozambique         Cholera         Ungraded       20-Feb-20        31-Jan-20        12-Jun-20           2 625             -                21                 0.80%,auto_oew,"AFRO bulletin event row (line 856); CFR 0.8% matches deaths/cases; start = 1 January reset, else earlier of notification and reporting-period start"
oew:2020:39,UGA,AFR::UGA,2020-04-29,2020-09-07,outbreak_cumulative,1488,17,6,Uganda           Cholera         Ungraded        11-May-20        29-Apr-20         7-Sep-20            1 488            17                 6                 0.40%,auto_oew,"AFRO bulletin event row (line 1046); CFR 0.4% matches deaths/cases; start = 1 January reset, else earlier of notification and reporting-period start"
oew:2018:52,BDI,AFR::BDI,2018-12-25,2018-12-28,outbreak_cumulative,45,2,0,Burundi         Cholera    Ungraded   28-Dec-18   25-Dec-18   28-Dec-18       45            2           0           0.0%,auto_oew,"AFRO bulletin event row (line 313); CFR 0.0% matches deaths/cases; start = 1 January reset, else earlier of notification and reporting-period start"
oew:2018:52,AGO,AFR::AGO::UNSPECIFIED,2018-10-09,2018-11-12,outbreak_cumulative,139,,2,Angola         Cholera    Ungraded   20-Nov-18   9-Oct-18    12-Nov-18      139            -           2           1.4%,auto_oew,"SUBNATIONAL_EVENT | AFRO bulletin event row (line 333); CFR 1.4% matches deaths/cases; start = 1 January reset, else earlier of notification and reporting-period start"
oew:2018:52,CMR,AFR::CMR::UNSPECIFIED,2018-05-18,2018-12-19,outbreak_cumulative,990,77,58,Cameroon     Cholera           G1         24-May-18   18-May-18   19-Dec-18      990           77         58     5.9%,auto_oew,"SUBNATIONAL_EVENT | AFRO bulletin event row (line 410); CFR 5.9% matches deaths/cases; start = 1 January reset, else earlier of notification and reporting-period start"
oew:2018:52,COD,AFR::COD,2018-01-01,2018-12-09,outbreak_cumulative,29882,,975,Republic of    Cholera                 16-Jan-15   1-Jan-18    9-Dec-18      29 882          -        975     3.3%   dropped below 500 since,auto_oew,"AFRO bulletin event row (line 562); CFR 3.3% matches deaths/cases; start = 1 January reset, else earlier of notification and reporting-period start"
oew:2018:52,NER,AFR::NER,2018-07-13,2018-12-16,outbreak_cumulative,3824,43,78,Niger     Cholera          G2         13-Jul-18   13-Jul-18   16-Dec-18     3 824          43           78         2.0%,auto_oew,"AFRO bulletin event row (line 976); CFR 2.0% matches deaths/cases; start = 1 January reset, else earlier of notification and reporting-period start"
oew:2018:52,NGA,AFR::NGA,2018-01-01,2018-10-28,outbreak_cumulative,42466,47,830,"Nigeria    Cholera        G1       7-Jun-17    1-Jan-18    28-Oct-18     42 466         47        830     2.0%   death), Zamfara (37 cases),",auto_oew,"AFRO bulletin event row (line 1013); CFR 2.0% matches deaths/cases; start = 1 January reset, else earlier of notification and reporting-period start"
oew:2018:52,TZA,AFR::TZA::UNSPECIFIED,2018-01-01,2018-12-23,outbreak_cumulative,4681,50,84,Tanzania     Cholera      Protracted 1   20-Aug-15   1-Jan-18    23-Dec-18     4 681          50         84     1.8%   trict in Songwe region. The,auto_oew,"SUBNATIONAL_EVENT | AFRO bulletin event row (line 1217); CFR 1.8% matches deaths/cases; start = 1 January reset, else earlier of notification and reporting-period start"
oew:2018:52,ZWE,AFR::ZWE::UNSPECIFIED,2018-09-06,2018-12-20,outbreak_cumulative,10604,283,63,Zimbabwe       Cholera     G2        6-Sep-18     6-Sep-18    20-Dec-18     10 604         283        63     0.6%,auto_oew,"SUBNATIONAL_EVENT | AFRO bulletin event row (line 1322); CFR 0.6% matches deaths/cases; start = 1 January reset, else earlier of notification and reporting-period start"
irish:371502,COG,AFR::COG::UNSPECIFIED,2023-06-30,2023-07-16,outbreak_cumulative,1365,26,12,Congo            Cholera          Grade 3          14-Jul-23        30-Jun-23         16-Jul-23        1 365                 26                12               0.9%,auto_oew,"SUBNATIONAL_EVENT SUSPECT_DEFINITION | AFRO bulletin event row (line 537); CFR 0.9% matches deaths/cases; start = 1 January reset, else earlier of notification and reporting-period start"
irish:371502,BDI,AFR::BDI,2022-12-14,2023-07-15,outbreak_cumulative,581,175,9,Burundi          Cholera          Grade 3          1-Jan-23         14-Dec-22         15-Jul-23        581                   175               9                1.5%,auto_oew,"AFRO bulletin event row (line 585); CFR 1.5% matches deaths/cases; start = 1 January reset, else earlier of notification and reporting-period start"
irish:371502,CMR,AFR::CMR,2021-08-31,2023-06-22,outbreak_cumulative,19400,1880,460,Cameroon         Cholera          Grade 3           31-Aug-21        25-Oct-21        22-Jun-23         19400                  1880             460              2.4%,auto_oew,"AFRO bulletin event row (line 636); CFR 2.4% matches deaths/cases; start = 1 January reset, else earlier of notification and reporting-period start"
irish:371502,COD,AFR::COD,2023-01-01,2023-05-07,outbreak_cumulative,18794,1324,104,Republic of      Cholera          Grade 3          16-Jan-15         1-Jan-23         7-May-23         18794                  1324             104              0.6%,auto_oew,"AFRO bulletin event row (line 766); CFR 0.6% matches deaths/cases; start = 1 January reset, else earlier of notification and reporting-period start"
irish:371502,ETH,AFR::ETH::UNSPECIFIED,2022-09-17,2023-05-13,outbreak_cumulative,6592,39,104,Ethiopia         Cholera            Grade 3        17-Sep-22        17-Sep-22         13-May-23        6592                   39               104              1.6%,auto_oew,"SUBNATIONAL_EVENT | AFRO bulletin event row (line 856); CFR 1.6% matches deaths/cases; start = 1 January reset, else earlier of notification and reporting-period start"
irish:371502,KEN,AFR::KEN,2022-10-05,2023-07-16,outbreak_cumulative,11861,567,194,Kenya            Cholera          Grade 3           19-Oct-22        5-Oct-22         16-Jul-23         11 861                 567              194              1.6%,auto_oew,"AFRO bulletin event row (line 934); CFR 1.6% matches deaths/cases; start = 1 January reset, else earlier of notification and reporting-period start"
irish:371502,MWI,AFR::MWI,2022-03-03,2023-07-16,outbreak_cumulative,58941,58941,1766,Malawi           Cholera          Grade 3           3-Mar-22         3-Mar-22         16-Jul-23         58941                  58941            1766             3.0%,auto_oew,"AFRO bulletin event row (line 979); CFR 3.0% matches deaths/cases; start = 1 January reset, else earlier of notification and reporting-period start"
irish:371502,MOZ,AFR::MOZ,2022-09-14,2023-07-16,outbreak_cumulative,33344,33344,141,Mozambique       Cholera           Grade 3           14-Sep-22         16-Nov-22        16-Jul-23         33344                  33344             141               0.4%,auto_oew,"AFRO bulletin event row (line 1032); CFR 0.4% matches deaths/cases; start = 1 January reset, else earlier of notification and reporting-period start"
irish:371502,ZAF,AFR::ZAF,2023-02-03,2023-07-03,outbreak_cumulative,1265,198,47,South Africa     Cholera          Grade 3           3-Feb-23         3-Feb-23          3-Jul-23         1265                   198               47               3.7%,auto_oew,"AFRO bulletin event row (line 1178); CFR 3.7% matches deaths/cases; start = 1 January reset, else earlier of notification and reporting-period start"
irish:371502,SSD,AFR::SSD::UNSPECIFIED,2023-02-22,2023-06-16,outbreak_cumulative,1471,19,2,South Sudan      Cholera          Grade 3           7-Mar-23         22-Feb-23         16-Jun-23        1471                   19                2                0.1%,auto_oew,"SUBNATIONAL_EVENT | AFRO bulletin event row (line 1215); CFR 0.1% matches deaths/cases; start = 1 January reset, else earlier of notification and reporting-period start"
irish:371502,ZMB,AFR::ZMB,2023-01-20,2023-06-22,outbreak_cumulative,757,263,14,Zambia           Cholera          Grade 3          24-Jan-23        20-Jan-23        22-Jun-23        757                    263              14               1.8%,auto_oew,"AFRO bulletin event row (line 1286); CFR 1.8% matches deaths/cases; start = 1 January reset, else earlier of notification and reporting-period start"
irish:371502,ZWE,AFR::ZWE,2023-02-12,2023-07-16,outbreak_cumulative,3583,830,79,Zimbabwe         Cholera          Grade 3          23-Feb-23        12-Feb-23        16-Jul-23        3583                   830              79               2.2%,auto_oew,"AFRO bulletin event row (line 1296); CFR 2.2% matches deaths/cases; start = 1 January reset, else earlier of notification and reporting-period start"
irish:371502,SWZ,AFR::SWZ,2023-04-03,2023-05-31,outbreak_cumulative,2,2,0,Eswatini         Cholera          Grade 3          3-Apr-23         3-Apr-23         31-May-23        2                      2                0                0.0%,auto_oew,"AFRO bulletin event row (line 1326); CFR 0.0% matches deaths/cases; start = 1 January reset, else earlier of notification and reporting-period start"
oew:2023:33,BDI,AFR::BDI,2022-12-14,2023-08-13,outbreak_cumulative,609,175,9,Burundi          Cholera          Grade 3          1-Jan-23         14-Dec-22         13-Aug-23        609                   175               9                1.50%,auto_oew,"AFRO bulletin event row (line 527); CFR 1.5% matches deaths/cases; start = 1 January reset, else earlier of notification and reporting-period start"
oew:2023:33,CMR,AFR::CMR,2021-08-31,2023-06-22,outbreak_cumulative,19400,1880,460,Cameroon        Cholera          Grade 3          31-Aug-21        25-Oct-21        22-Jun-23        19400                  1 880            460              2.40%,auto_oew,"AFRO bulletin event row (line 572); CFR 2.4% matches deaths/cases; start = 1 January reset, else earlier of notification and reporting-period start"
oew:2023:33,COD,AFR::COD,2023-01-01,2023-08-05,outbreak_cumulative,24121,1866,65,Republic of      Cholera          Grade 3          16-Jan-15         1-Jan-23         5-Aug-23         24121                  1 866             65               0.30%,auto_oew,"AFRO bulletin event row (line 686); CFR 0.3% matches deaths/cases; start = 1 January reset, else earlier of notification and reporting-period start"
oew:2023:33,ETH,AFR::ETH::UNSPECIFIED,2022-09-17,2023-08-25,outbreak_cumulative,18937,18937,247,Ethiopia         Cholera            Grade 3         17-Sep-22        17-Sep-22         25-Aug-23        18937                  18 937            247              1.30%,auto_oew,"SUBNATIONAL_EVENT | AFRO bulletin event row (line 763); CFR 1.3% matches deaths/cases; start = 1 January reset, else earlier of notification and reporting-period start"
oew:2023:33,KEN,AFR::KEN,2022-10-05,2023-08-20,outbreak_cumulative,12025,577,197,Kenya            Cholera          Grade 3          19-Oct-22        5-Oct-22         20-Aug-23        12025                 577              197               1.60%,auto_oew,"AFRO bulletin event row (line 826); CFR 1.6% matches deaths/cases; start = 1 January reset, else earlier of notification and reporting-period start"
oew:2023:33,MWI,AFR::MWI,2022-03-03,2023-08-11,outbreak_cumulative,58981,58981,1768,Malawi           Cholera          Grade 3          3-Mar-22         3-Mar-22          11-Aug-23        58981                 58 981            1 768            3.00%,auto_oew,"AFRO bulletin event row (line 882); CFR 3.0% matches deaths/cases; start = 1 January reset, else earlier of notification and reporting-period start"
oew:2023:33,ZAF,AFR::ZAF,2023-02-03,2023-07-25,outbreak_cumulative,1275,198,47,South Africa     Cholera          Grade 3          3-Feb-23          3-Feb-23         25-Jul-23        1275                   198              47               3.70%,auto_oew,"AFRO bulletin event row (line 1058); CFR 3.7% matches deaths/cases; start = 1 January reset, else earlier of notification and reporting-period start"
oew:2023:33,UGA,AFR::UGA,2023-07-25,2023-08-16,outbreak_cumulative,65,31,9,Uganda           Cholera           Grade 3           25-Jul-23         25-Jul-23        16-Aug-23         65                     31                9                 13.80%,auto_oew,"AFRO bulletin event row (line 1126); CFR 13.8% matches deaths/cases; start = 1 January reset, else earlier of notification and reporting-period start"
oew:2023:33,ZMB,AFR::ZMB,2023-01-20,2023-06-22,outbreak_cumulative,757,263,14,Zambia           Cholera           Grade 3           24-Jan-23         20-Jan-23        22-Jun-23         757                     263              14                1.80%,auto_oew,"AFRO bulletin event row (line 1144); CFR 1.8% matches deaths/cases; start = 1 January reset, else earlier of notification and reporting-period start"
oew:2023:33,ZWE,AFR::ZWE,2023-02-12,2023-08-13,outbreak_cumulative,3872,858,96,Zimbabwe         Cholera           Grade 3           23-Feb-23         12-Feb-23        13-Aug-23         3872                    858              96                2.50%,auto_oew,"AFRO bulletin event row (line 1153); CFR 2.5% matches deaths/cases; start = 1 January reset, else earlier of notification and reporting-period start"
oew:2018:3,BDI,AFR::BDI,2017-08-15,2017-12-06,outbreak_cumulative,167,14,0,Burundi         Cholera       Ungraded   20-Aug-17   15-Aug-17   6-Dec-17     167        14       0      0.0%,auto_oew,"AFRO bulletin event row (line 534); CFR 0.0% matches deaths/cases; start = 1 January reset, else earlier of notification and reporting-period start"
oew:2018:3,MWI,AFR::MWI,2017-11-20,2018-01-14,outbreak_cumulative,261,5,4,Malawi       Cholera       Ungraded      28-Nov-17   20-Nov-17   14-Jan-18   261        5        4      1.5%,auto_oew,"AFRO bulletin event row (line 809); CFR 1.5% matches deaths/cases; start = 1 January reset, else earlier of notification and reporting-period start"
oew:2018:3,MOZ,AFR::MOZ,2017-08-12,2017-12-15,outbreak_cumulative,1255,,1,Mozambique     Cholera       Ungraded      27-Oct-17   12-Aug-17   15-Dec-17   1 255       -       1      0.1%,auto_oew,"AFRO bulletin event row (line 842); CFR 0.1% matches deaths/cases; start = 1 January reset, else earlier of notification and reporting-period start"
oew:2018:3,SSD,AFR::SSD,2016-06-18,2018-12-29,outbreak_cumulative,20438,512,436,South Sudan        Cholera         Ungraded   25-Aug-16   18-Jun-16   29-Dec-18   20 438     512      436     2.2%,auto_oew,"AFRO bulletin event row (line 992); CFR 2.2% matches deaths/cases; start = 1 January reset, else earlier of notification and reporting-period start"
oew:2018:3,UGA,AFR::UGA::UNSPECIFIED,2017-09-25,2017-11-29,outbreak_cumulative,225,17,4,Uganda           Cholera         Ungraded   28-Sep-17   25-Sep-17   29-Nov-17    225        17       4      1.8%,auto_oew,"SUBNATIONAL_EVENT | AFRO bulletin event row (line 1031); CFR 1.8% matches deaths/cases; start = 1 January reset, else earlier of notification and reporting-period start"
oew:2019:28,BEN,AFR::BEN,2019-07-03,2019-07-07,outbreak_cumulative,8,4,0,Benin       Cholera     Ungraded   05-Jul-19     03-Jul-19   07-Jul-19    8         4          0      0.00%,auto_oew,"AFRO bulletin event row (line 432); CFR 0.0% matches deaths/cases; start = 1 January reset, else earlier of notification and reporting-period start"
oew:2019:28,BDI,AFR::BDI,2019-06-04,2019-06-06,outbreak_cumulative,7,4,0,Burundi      Cholera       Ungraded    05-Jun-19     04-Jun-19   06-Jun-19      7           4           0       0.00%   (2) Cholera Treatment Centers in,auto_oew,"AFRO bulletin event row (line 490); CFR 0.0% matches deaths/cases; start = 1 January reset, else earlier of notification and reporting-period start"
oew:2019:28,CMR,AFR::CMR,2018-05-18,2019-07-01,outbreak_cumulative,1113,97,66,Cameroon      Cholera          G1       24-May-18     18-May-18   01-Jul-19   1 113      97         66     5.90%   of cholera. From 24 June to 1 July,auto_oew,"AFRO bulletin event row (line 554); CFR 5.9% matches deaths/cases; start = 1 January reset, else earlier of notification and reporting-period start"
oew:2019:28,COD,AFR::COD,2019-01-01,2019-06-23,outbreak_cumulative,13118,,279,"Republic of     Cholera         G3       16-Jan-15     01-Jan-19   23-Jun-19   13 118       -         279     2.10%   Haut-Lomami, Nord-Kivu, Sud-Kivu",auto_oew,"AFRO bulletin event row (line 844); CFR 2.1% matches deaths/cases; start = 1 January reset, else earlier of notification and reporting-period start"
oew:2019:28,ETH,AFR::ETH,2019-05-12,2019-06-30,outbreak_cumulative,642,20,15,Ethiopia       Cholera       Ungraded   14-May-19     12-May-19   30-Jun-19    642         20         15     2.30%,auto_oew,"AFRO bulletin event row (line 923); CFR 2.3% matches deaths/cases; start = 1 January reset, else earlier of notification and reporting-period start"
oew:2019:28,KEN,AFR::KEN,2019-01-02,2019-06-23,outbreak_cumulative,3036,129,20,"Kenya      Cholera     Ungraded   21-Jan-19     02-Jan-19   23-Jun-19   3 036     129          20     0.70%   in five Counties: Nairobi, Garissa,",auto_oew,"AFRO bulletin event row (line 998); CFR 0.7% matches deaths/cases; start = 1 January reset, else earlier of notification and reporting-period start"
oew:2019:28,NGA,AFR::NGA,2019-05-15,2019-06-28,outbreak_cumulative,156,16,1,"Nigeria     Cholera       Ungraded    19-Jun-19     15-May-19   28-Jun-19   156        16          1      0.60%    June 2019, a cumulative total of 156",auto_oew,"AFRO bulletin event row (line 1302); CFR 0.6% matches deaths/cases; start = 1 January reset, else earlier of notification and reporting-period start"
oew:2019:28,UGA,AFR::UGA,2019-06-23,2019-06-26,outbreak_cumulative,11,3,0,Uganda      Cholera       Ungraded   27-Jun-19     23-Jun-19   26-Jun-19    11        3          0      0.00%,auto_oew,"AFRO bulletin event row (line 1521); CFR 0.0% matches deaths/cases; start = 1 January reset, else earlier of notification and reporting-period start"
oew:2019:28,ZMB,AFR::ZMB,2019-04-03,2019-06-21,outbreak_cumulative,312,67,6,Zambia         Cholera     Ungraded   14-May-19     03-Apr-19   21-Jun-19       312         67          6      1.90%    total 312 cholera cases out of which,auto_oew,"AFRO bulletin event row (line 1691); CFR 1.9% matches deaths/cases; start = 1 January reset, else earlier of notification and reporting-period start"
oew:2019:39,BEN,AFR::BEN,2019-07-03,2019-09-16,outbreak_cumulative,45,19,0,Benin                Cholera             Ungraded         5-Jul-19       3-Jul-19       16-Sep-19           45              19              0            0.00%,auto_oew,"AFRO bulletin event row (line 328); CFR 0.0% matches deaths/cases; start = 1 January reset, else earlier of notification and reporting-period start"
oew:2019:39,BDI,AFR::BDI,2019-06-01,2019-09-07,outbreak_cumulative,433,32,2,Burundi               Cholera             Ungraded        5-Jun-19        1-Jun-19        7-Sep-19          433              32              2            0.50%,auto_oew,"AFRO bulletin event row (line 351); CFR 0.5% matches deaths/cases; start = 1 January reset, else earlier of notification and reporting-period start"
oew:2019:39,CMR,AFR::CMR,2019-03-01,2019-09-23,outbreak_cumulative,613,98,31,Cameroon               Cholera             Ungraded        1-Mar-19       1-Mar-19       23-Sep-19          613              98             31            5.10%,auto_oew,"AFRO bulletin event row (line 381); CFR 5.1% matches deaths/cases; start = 1 January reset, else earlier of notification and reporting-period start"
oew:2019:39,TCD,AFR::TCD,2019-07-12,2019-09-23,outbreak_cumulative,51,5,2,Chad                 Cholera             Ungraded        19-Jul-19      12-Jul-19      23-Sep-19           51              5               2            3.90%,auto_oew,"AFRO bulletin event row (line 418); CFR 3.9% matches deaths/cases; start = 1 January reset, else earlier of notification and reporting-period start"
oew:2019:39,COD,AFR::COD,2019-01-01,2019-09-08,outbreak_cumulative,18985,,345,Republic of            Cholera                G3          16-Jan-15      1-Jan-19       8-Sep-19         18 985            -             345           1.80%,auto_oew,"AFRO bulletin event row (line 465); CFR 1.8% matches deaths/cases; start = 1 January reset, else earlier of notification and reporting-period start"
oew:2019:39,ETH,AFR::ETH,2019-05-12,2019-09-22,outbreak_cumulative,1325,53,11,Ethiopia              Cholera             Ungraded      14-May-19      12-May-19       22-Sep-19        1 325            53             11            0.80%,auto_oew,"AFRO bulletin event row (line 500); CFR 0.8% matches deaths/cases; start = 1 January reset, else earlier of notification and reporting-period start"
oew:2019:39,KEN,AFR::KEN,2019-01-02,2019-09-22,outbreak_cumulative,4171,194,28,Kenya               Cholera             Ungraded       21-Jan-19       2-Jan-19       22-Sep-19         4 171           194             28            0.70%,auto_oew,"AFRO bulletin event row (line 531); CFR 0.7% matches deaths/cases; start = 1 January reset, else earlier of notification and reporting-period start"
oew:2019:39,NGA,AFR::NGA::UNSPECIFIED,2019-05-15,2019-09-25,outbreak_cumulative,774,189,4,Nigeria              Cholera            Ungraded       19-Jun-19      15-May-19      25-Sep-19          774            189             4            0.50%,auto_oew,"SUBNATIONAL_EVENT | AFRO bulletin event row (line 611); CFR 0.5% matches deaths/cases; start = 1 January reset, else earlier of notification and reporting-period start"
oew:2019:39,UGA,AFR::UGA,2019-06-23,2019-09-11,outbreak_cumulative,144,9,1,Uganda               Cholera             Ungraded       27-Jun-19      23-Jun-19      11-Sep-19          144             9              1            0.70%,auto_oew,"AFRO bulletin event row (line 686); CFR 0.7% matches deaths/cases; start = 1 January reset, else earlier of notification and reporting-period start"
oew:2019:39,ZMB,AFR::ZMB,2019-08-30,2019-08-30,outbreak_cumulative,13,7,0,Zambia               Cholera             Ungraded       1-Sep-19       30-Aug-19      30-Aug-19          13              7              0            0.00%,auto_oew,"AFRO bulletin event row (line 695); CFR 0.0% matches deaths/cases; start = 1 January reset, else earlier of notification and reporting-period start"
oew:2019:21,ZMB,AFR::ZMB,2019-04-03,2019-05-17,outbreak_cumulative,253,31,6,Zambia         Cholera     Ungraded   14-May-19     03-Apr-19   17-May-19   253      31         6      2.40%    Test (RDT) on 3 April 2019. As of,auto_oew,"AFRO bulletin event row (line 499); CFR 2.4% matches deaths/cases; start = 1 January reset, else earlier of notification and reporting-period start"
oew:2019:21,CMR,AFR::CMR,2018-05-18,2019-05-15,outbreak_cumulative,1060,97,64,"Cameroon          Cholera          G1       24-May-18     18-May-18   15-May-19   1 060    97        64      6.00%   March 2019, additional five new",auto_oew,"AFRO bulletin event row (line 621); CFR 6.0% matches deaths/cases; start = 1 January reset, else earlier of notification and reporting-period start"
oew:2019:21,KEN,AFR::KEN,2019-01-02,2019-05-07,outbreak_cumulative,1896,93,11,Kenya          Cholera       Ungraded    21-Jan-19     02-Jan-19   07-May-19   1 896    93        11     0.60%,auto_oew,"AFRO bulletin event row (line 936); CFR 0.6% matches deaths/cases; start = 1 January reset, else earlier of notification and reporting-period start"
oew:2019:21,MOZ,AFR::MOZ::UNSPECIFIED,2019-03-27,2019-05-05,outbreak_cumulative,6739,,8,Mozambique   Cholera   Ungraded   27-Mar-19     27-Mar-19   05-May-19   6 739     -         8      0.10%,auto_oew,"SUBNATIONAL_EVENT | AFRO bulletin event row (line 1150); CFR 0.1% matches deaths/cases; start = 1 January reset, else earlier of notification and reporting-period start"
oew:2019:21,ZWE,AFR::ZWE,2018-09-06,2019-04-28,outbreak_cumulative,10421,312,69,Zimbabwe    Cholera         G2       06-Sep-18     06-Sep-18   28-Apr-19   10 421    312       69     0.70%,auto_oew,"AFRO bulletin event row (line 1711); CFR 0.7% matches deaths/cases; start = 1 January reset, else earlier of notification and reporting-period start"
oew:2019:30,TCD,AFR::TCD,2019-07-12,2019-07-24,outbreak_cumulative,15,2,1,Chad        Cholera       Ungraded   19-Jul-19     12-Jul-19   24-Jul-19    15        2          1      6.70%   Detailed update given above.,auto_oew,"AFRO bulletin event row (line 398); CFR 6.7% matches deaths/cases; start = 1 January reset, else earlier of notification and reporting-period start"
oew:2019:30,BEN,AFR::BEN,2019-07-03,2019-07-25,outbreak_cumulative,13,5,0,Benin       Cholera       Ungraded   05-Jul-19     03-Jul-19   25-Jul-19    13        5          0      0.00%   Zè (3) and Sô-Ava (1) in Atlantique,auto_oew,"AFRO bulletin event row (line 453); CFR 0.0% matches deaths/cases; start = 1 January reset, else earlier of notification and reporting-period start"
oew:2019:30,BDI,AFR::BDI,2019-06-01,2019-07-11,outbreak_cumulative,124,32,0,Burundi     Cholera       Ungraded   05-Jun-19     01-Jun-19   11-Jul-19   124        32          0       0.00%   with 41% (28) of cases reported,auto_oew,"AFRO bulletin event row (line 515); CFR 0.0% matches deaths/cases; start = 1 January reset, else earlier of notification and reporting-period start"
oew:2019:30,CMR,AFR::CMR::UNSPECIFIED,2019-03-01,2019-07-26,outbreak_cumulative,313,81,18,Cameroon     Cholera       Ungraded    01-Mar-19     01-Mar-19   26-Jul-19     313          81         18     5.80%,auto_oew,"SUBNATIONAL_EVENT | AFRO bulletin event row (line 601); CFR 5.8% matches deaths/cases; start = 1 January reset, else earlier of notification and reporting-period start"
oew:2019:30,ETH,AFR::ETH,2019-05-12,2019-07-21,outbreak_cumulative,1005,33,11,Ethiopia    Cholera     Ungraded   14-May-19     12-May-19   21-Jul-19   1 005      33          11     1.10%   reported in Ethiopia as of 21 July,auto_oew,"AFRO bulletin event row (line 966); CFR 1.1% matches deaths/cases; start = 1 January reset, else earlier of notification and reporting-period start"
oew:2019:30,KEN,AFR::KEN,2019-01-02,2019-07-21,outbreak_cumulative,3465,141,24,"Kenya      Cholera      Ungraded   21-Jan-19     02-Jan-19   21-Jul-19   3 465     141         24     0.70%    six Counties: Nairobi, Garissa, Kaji-",auto_oew,"AFRO bulletin event row (line 1042); CFR 0.7% matches deaths/cases; start = 1 January reset, else earlier of notification and reporting-period start"
oew:2019:30,NGA,AFR::NGA,2019-05-15,2019-07-22,outbreak_cumulative,377,131,4,Nigeria     Cholera       Ungraded    19-Jun-19     15-May-19   22-Jul-19   377       131          4      1.10%,auto_oew,"AFRO bulletin event row (line 1324); CFR 1.1% matches deaths/cases; start = 1 January reset, else earlier of notification and reporting-period start"
oew:2019:30,UGA,AFR::UGA::UNSPECIFIED,2019-06-23,2019-07-14,outbreak_cumulative,46,7,1,Uganda        Cholera       Ungraded   27-Jun-19     23-Jun-19   14-Jul-19    46        7          1      2.20%,auto_oew,"SUBNATIONAL_EVENT | AFRO bulletin event row (line 1547); CFR 2.2% matches deaths/cases; start = 1 January reset, else earlier of notification and reporting-period start"
oew:2024:35,COD,AFR::COD,2024-01-01,2024-09-01,outbreak_cumulative,23887,2754,316,"Republic of        Cholera           Grade 3        16-Jan-2015       1-Jan-2024       1-Sep-2024             23,887              2,754              316             1.30%",auto_oew,"AFRO bulletin event row (line 854); CFR 1.3% matches deaths/cases; start = 1 January reset, else earlier of notification and reporting-period start"
oew:2024:35,NER,AFR::NER,2024-08-27,2024-09-12,outbreak_cumulative,181,12,6,Niger            Cholera           Grade 3        09-Sep-2024      27-Aug-2024       12-Sep-2024               181                  12                6              3.30%,auto_oew,"AFRO bulletin event row (line 1128); CFR 3.3% matches deaths/cases; start = 1 January reset, else earlier of notification and reporting-period start"
oew:2024:35,UGA,AFR::UGA::UNSPECIFIED,2024-05-11,2024-05-26,outbreak_cumulative,57,15,4,Uganda            Cholera          Grade 3        13-May-2024      11-May-2024       26-May-2024               57                  15                4              7.00%,auto_oew,"SUBNATIONAL_EVENT | AFRO bulletin event row (line 1333); CFR 7.0% matches deaths/cases; start = 1 January reset, else earlier of notification and reporting-period start"
oew:2024:35,ZMB,AFR::ZMB,2023-01-20,2024-08-04,outbreak_cumulative,23238,23238,740,"Zambia            Cholera          Grade 3        24-Jan-2023       20-Jan-2023      04-Aug-2024            23,238               23,238             740             3.20%",auto_oew,"AFRO bulletin event row (line 1368); CFR 3.2% matches deaths/cases; start = 1 January reset, else earlier of notification and reporting-period start"
oew:2018:6,AGO,AFR::AGO::UNSPECIFIED,2017-12-21,2017-02-03,outbreak_cumulative,557,5,11,Angola              Cholera         G1       2-Jan-18     21-Dec-17   3-Feb-17    557        5         11      2.0%    Detailed update given above.,auto_oew,"SUBNATIONAL_EVENT | AFRO bulletin event row (line 420); CFR 2.0% matches deaths/cases; start = 1 January reset, else earlier of notification and reporting-period start"
oew:2018:6,COD,AFR::COD,2017-01-01,2018-01-28,outbreak_cumulative,57804,841,1203,Republic of the     Cholera                 16-Jan-15   1-Jan-17   28-Jan-18   57 804   841   1 203     2.1%   Detailed update given above.,auto_oew,"AFRO bulletin event row (line 553); CFR 2.1% matches deaths/cases; start = 1 January reset, else earlier of notification and reporting-period start"
oew:2018:6,KEN,AFR::KEN,2017-01-01,2018-01-24,outbreak_cumulative,1865,431,43,"Kenya              Cholera             G1         6-Mar-17    1-Jan-17    24-Jan-18   1 865    431   43     2.3%   sa, Siaya, Tharaka Nithi, Meru, Busia counties.",auto_oew,"AFRO bulletin event row (line 616); CFR 2.3% matches deaths/cases; start = 1 January reset, else earlier of notification and reporting-period start"
oew:2018:6,NAM,AFR::NAM,2018-01-25,2018-01-31,outbreak_cumulative,1,1,0,Namibia          Cholera        Ungraded    31-Jan-18   25-Jan-18   31-Jan-18    1      1     0     0.0%,auto_oew,"AFRO bulletin event row (line 737); CFR 0.0% matches deaths/cases; start = 1 January reset, else earlier of notification and reporting-period start"
oew:2018:6,TZA,AFR::TZA,2017-01-01,2018-02-04,outbreak_cumulative,5461,,111,Tanzania           Cholera            G1       20-Aug-15     1-Jan-17    4-Feb-18    5 461     -     111       2.0%,auto_oew,"AFRO bulletin event row (line 878); CFR 2.0% matches deaths/cases; start = 1 January reset, else earlier of notification and reporting-period start"
oew:2018:6,ZMB,AFR::ZMB::UNSPECIFIED,2017-10-04,2018-01-23,outbreak_cumulative,3635,67,78,Zambia               Cholera           G1       4-Oct-17    4-Oct-17    23-Jan-18   3 635    67      78      2.1%,auto_oew,"SUBNATIONAL_EVENT | AFRO bulletin event row (line 925); CFR 2.1% matches deaths/cases; start = 1 January reset, else earlier of notification and reporting-period start"
oew:2018:6,ZWE,AFR::ZWE,2018-01-08,2018-02-07,outbreak_cumulative,101,7,4,Zimbabwe             Cholera         Ungraded   22-Jan-18   8-Jan-18    7-Feb-18     101      7       4      4.0%   total of 101 cases and 4 deaths (CFR: 4 %),auto_oew,"AFRO bulletin event row (line 934); CFR 4.0% matches deaths/cases; start = 1 January reset, else earlier of notification and reporting-period start"
oew:2018:18,AGO,AFR::AGO,2017-12-21,2018-04-08,outbreak_cumulative,853,5,13,Angola           Cholera       G1       2-Jan-18    21-Dec-17   8-Apr-18       853            5           13         1.5%,auto_oew,"AFRO bulletin event row (line 449); CFR 1.5% matches deaths/cases; start = 1 January reset, else earlier of notification and reporting-period start"
oew:2018:18,COD,AFR::COD,2018-01-01,2018-04-15,outbreak_cumulative,9149,0,224,"Republic of    Cholera                 16-Jan-15   1-Jan-18    15-Apr-18   9 149   0       224        2.4%   In week 15, there were 432 new",auto_oew,"AFRO bulletin event row (line 589); CFR 2.4% matches deaths/cases; start = 1 January reset, else earlier of notification and reporting-period start"
oew:2018:18,KEN,AFR::KEN,2018-01-01,2018-04-15,outbreak_cumulative,2534,121,53,Kenya         Cholera        G1       6-Mar-17    1-Jan-18    15-Apr-18   2 534   121       53        2.1%,auto_oew,"AFRO bulletin event row (line 728); CFR 2.1% matches deaths/cases; start = 1 January reset, else earlier of notification and reporting-period start"
oew:2018:18,MWI,AFR::MWI,2017-11-20,2018-04-29,outbreak_cumulative,929,195,30,Malawi         Cholera       Ungraded      28-Nov-17   20-Nov-17   29-Apr-18   929   195   30   3.2%,auto_oew,"AFRO bulletin event row (line 799); CFR 3.2% matches deaths/cases; start = 1 January reset, else earlier of notification and reporting-period start"
oew:2018:18,NGA,AFR::NGA,2018-01-01,2018-03-03,outbreak_cumulative,210,2,16,Nigeria        Cholera       Ungraded      7-Jun-17    1-Jan-18    3-Mar-18    210      2    16    7.6%,auto_oew,"AFRO bulletin event row (line 976); CFR 7.6% matches deaths/cases; start = 1 January reset, else earlier of notification and reporting-period start"
oew:2018:18,TZA,AFR::TZA,2018-01-01,2018-04-29,outbreak_cumulative,1723,,33,Tanzania     Cholera         G2       20-Aug-15   1-Jan-18    29-Apr-18   1 723   -        33        1.9%,auto_oew,"AFRO bulletin event row (line 1210); CFR 1.9% matches deaths/cases; start = 1 January reset, else earlier of notification and reporting-period start"
oew:2018:18,UGA,AFR::UGA,2018-02-12,2018-04-30,outbreak_cumulative,2119,24,44,Uganda       Cholera         G1       15-Feb-18   12-Feb-18   30-Apr-18   2 119   24       44        2.1%   and Kahoora division in Hoima,auto_oew,"AFRO bulletin event row (line 1251); CFR 2.1% matches deaths/cases; start = 1 January reset, else earlier of notification and reporting-period start"
oew:2018:18,ZMB,AFR::ZMB,2017-10-04,2018-04-15,outbreak_cumulative,5721,565,113,Zambia          Cholera         G1        4-Oct-17     4-Oct-17     15-Apr-18       5 721         565          113        2.0%    478 cases and 17 deaths have,auto_oew,"AFRO bulletin event row (line 1286); CFR 2.0% matches deaths/cases; start = 1 January reset, else earlier of notification and reporting-period start"
oew:2018:18,ZWE,AFR::ZWE,2018-04-05,2018-05-02,outbreak_cumulative,51,23,3,Zimbabwe        Cholera      Ungraded     7-Apr-18     5-Apr-18     2-May-18         51           23            3         6.0%    Detailed update given above.,auto_oew,"AFRO bulletin event row (line 1291); CFR 6.0% matches deaths/cases; start = 1 January reset, else earlier of notification and reporting-period start"
oew:2023:30,UGA,AFR::UGA::UNSPECIFIED,2023-07-25,2023-07-27,outbreak_cumulative,4,3,0,Uganda           Cholera          Grade 3          25-Jul-23        25-Jul-23         27-Jul-23        4                     3                 0                0.00%,auto_oew,"SUBNATIONAL_EVENT | AFRO bulletin event row (line 565); CFR 0.0% matches deaths/cases; start = 1 January reset, else earlier of notification and reporting-period start"
oew:2023:30,BDI,AFR::BDI::UNSPECIFIED,2022-12-14,2023-07-09,outbreak_cumulative,574,175,9,Burundi          Cholera          Grade 3          1-Jan-23         14-Dec-22         9-Jul-23         574                   175               9                1.60%,auto_oew,"SUBNATIONAL_EVENT | AFRO bulletin event row (line 598); CFR 1.6% matches deaths/cases; start = 1 January reset, else earlier of notification and reporting-period start"
oew:2023:30,CMR,AFR::CMR,2021-08-31,2023-06-22,outbreak_cumulative,19400,1880,460,Cameroon         Cholera          Grade 3          31-Aug-21         25-Oct-21        22-Jun-23        19 400                 1 880            460              2.40%,auto_oew,"AFRO bulletin event row (line 642); CFR 2.4% matches deaths/cases; start = 1 January reset, else earlier of notification and reporting-period start"
oew:2023:30,COD,AFR::COD,2023-01-01,2023-07-15,outbreak_cumulative,23926,1866,63,Republic of      Cholera          Grade 3           16-Jan-15        1-Jan-23          15-Jul-23        23 926                 1 866            63                0.30%,auto_oew,"AFRO bulletin event row (line 762); CFR 0.3% matches deaths/cases; start = 1 January reset, else earlier of notification and reporting-period start"
oew:2023:30,KEN,AFR::KEN,2022-10-05,2023-07-26,outbreak_cumulative,11891,567,194,Kenya            Cholera          Grade 3          19-Oct-22         5-Oct-22         26-Jul-23        11 891                 567              194              1.60%,auto_oew,"AFRO bulletin event row (line 920); CFR 1.6% matches deaths/cases; start = 1 January reset, else earlier of notification and reporting-period start"
oew:2023:30,MWI,AFR::MWI,2022-03-03,2023-07-30,outbreak_cumulative,58964,58964,1768,Malawi           Cholera          Grade 3           3-Mar-22         3-Mar-22         30-Jul-23         58 964                58 964            1 768            3.00%,auto_oew,"AFRO bulletin event row (line 979); CFR 3.0% matches deaths/cases; start = 1 January reset, else earlier of notification and reporting-period start"
oew:2023:30,MOZ,AFR::MOZ,2022-09-14,2023-07-30,outbreak_cumulative,33534,33534,141,Mozambique       Cholera           Grade 3          14-Sep-22         16-Nov-22        30-Jul-23         33 534                 33 534           141               0.40%,auto_oew,"AFRO bulletin event row (line 1037); CFR 0.4% matches deaths/cases; start = 1 January reset, else earlier of notification and reporting-period start"
oew:2023:30,ZAF,AFR::ZAF,2023-02-03,2023-07-03,outbreak_cumulative,1265,198,47,South Africa     Cholera          Grade 3          3-Feb-23         3-Feb-23         3-Jul-23         1 265                  198              47               3.70%,auto_oew,"AFRO bulletin event row (line 1155); CFR 3.7% matches deaths/cases; start = 1 January reset, else earlier of notification and reporting-period start"
oew:2023:30,SSD,AFR::SSD::UNSPECIFIED,2023-02-22,2023-06-16,outbreak_cumulative,1471,19,2,South Sudan      Cholera          Grade 3           7-Mar-23         22-Feb-23         16-Jun-23        1 471                  19                2                0.10%,auto_oew,"SUBNATIONAL_EVENT | AFRO bulletin event row (line 1195); CFR 0.1% matches deaths/cases; start = 1 January reset, else earlier of notification and reporting-period start"
oew:2023:30,ZMB,AFR::ZMB,2023-01-20,2023-06-22,outbreak_cumulative,757,263,14,Zambia           Cholera          Grade 3          24-Jan-23        20-Jan-23         22-Jun-23        757                   263               14               1.80%,auto_oew,"AFRO bulletin event row (line 1263); CFR 1.8% matches deaths/cases; start = 1 January reset, else earlier of notification and reporting-period start"
oew:2023:30,ZWE,AFR::ZWE,2023-02-12,2023-07-29,outbreak_cumulative,3798,846,82,Zimbabwe         Cholera          Grade 3          23-Feb-23        12-Feb-23         29-Jul-23        3 798                 846               82               2.20%,auto_oew,"AFRO bulletin event row (line 1273); CFR 2.2% matches deaths/cases; start = 1 January reset, else earlier of notification and reporting-period start"
oew:2021:44,MOZ,AFR::MOZ,2021-07-21,2021-10-19,outbreak_cumulative,191,8,0,Mozambique         Cholera                         26-Oct-21         21-Jul-21          19-Oct-21            191              8                0                0.00%,auto_oew,"AFRO bulletin event row (line 656); CFR 0.0% matches deaths/cases; start = 1 January reset, else earlier of notification and reporting-period start"
oew:2021:44,BEN,AFR::BEN,2021-03-28,2021-10-17,outbreak_cumulative,133,16,0,Benin           Cholera         Ungraded        28-Mar-21         28-Mar-21          17-Oct-21            133             16                0                0.00%,auto_oew,"AFRO bulletin event row (line 675); CFR 0.0% matches deaths/cases; start = 1 January reset, else earlier of notification and reporting-period start"
oew:2021:44,BFA,AFR::BFA::UNSPECIFIED,2021-08-15,2021-10-16,outbreak_cumulative,2,2,0,Burkina Faso       Cholera         Ungraded        15-Aug-21         18-Aug-21          16-Oct-21             2               2                0                0.00%,auto_oew,"SUBNATIONAL_EVENT | AFRO bulletin event row (line 699); CFR 0.0% matches deaths/cases; start = 1 January reset, else earlier of notification and reporting-period start"
oew:2021:44,COD,AFR::COD,2020-01-01,2021-10-03,outbreak_cumulative,5424,,105,Republic of        Cholera          Grade 3        16-Jan-15          1-Jan-20            3-Oct-21            5 424             -                105               1.90%,auto_oew,"AFRO bulletin event row (line 880); CFR 1.9% matches deaths/cases; start = 1 January reset, else earlier of notification and reporting-period start"
oew:2021:44,MLI,AFR::MLI,2021-09-11,2021-10-24,outbreak_cumulative,11,2,4,Mali           Cholera         Ungraded       11-Sep-21         12-Sep-21           24-Oct-21           11               2                4               36.40%,auto_oew,"AFRO bulletin event row (line 1123); CFR 36.4% matches deaths/cases; start = 1 January reset, else earlier of notification and reporting-period start"
oew:2021:44,NER,AFR::NER,2021-06-07,2021-10-25,outbreak_cumulative,5469,190,159,Niger           Cholera         Grade 1         7-Aug-21          7-Jun-21           25-Oct-21           5 469            190               159               2.90%,auto_oew,"AFRO bulletin event row (line 1186); CFR 2.9% matches deaths/cases; start = 1 January reset, else earlier of notification and reporting-period start"
oew:2021:44,NGA,AFR::NGA,2021-01-12,2021-10-10,outbreak_cumulative,90890,90890,3208,Nigeria          Cholera         Grade 2        12-Jan-21          12-Jan-21          10-Oct-21          90 890          90 890             3 208              3.50%,auto_oew,"AFRO bulletin event row (line 1218); CFR 3.5% matches deaths/cases; start = 1 January reset, else earlier of notification and reporting-period start"
oew:2025:26,GHA,AFR::GHA,2024-08-31,2025-06-10,outbreak_cumulative,7098,1895,51,"Ghana                  Cholera            Grade 3           31-Aug-24             1-Oct-24          10-Jun-25            7098             1,895          51         0.7%",auto_oew,"AFRO bulletin event row (line 664); CFR 0.7% matches deaths/cases; start = 1 January reset, else earlier of notification and reporting-period start"
oew:2025:26,KEN,AFR::KEN,2025-02-10,2025-07-01,outbreak_cumulative,418,96,20,Kenya                 Cholera            Grade 3          17-Feb-25            10-Feb-25           1-Jul-25            418              96            20         4.8%,auto_oew,"AFRO bulletin event row (line 701); CFR 4.8% matches deaths/cases; start = 1 January reset, else earlier of notification and reporting-period start"
oew:2025:26,MOZ,AFR::MOZ,2024-10-28,2025-06-17,outbreak_cumulative,25239,25239,141,"Mozambique                 Cholera            Grade 3          30-Nov-24            28-Oct-24           17-Jun-25          25239            25,239          141        0.6%",auto_oew,"AFRO bulletin event row (line 777); CFR 0.6% matches deaths/cases; start = 1 January reset, else earlier of notification and reporting-period start"
oew:2025:26,NAM,AFR::NAM::UNSPECIFIED,2025-06-13,2025-06-30,outbreak_cumulative,12,7,1,Namibia                Cholera            Grade 3          13-Jun-25            14-Jun-25           30-Jun-25            12                7             1         8.3%,auto_oew,"SUBNATIONAL_EVENT | AFRO bulletin event row (line 787); CFR 8.3% matches deaths/cases; start = 1 January reset, else earlier of notification and reporting-period start"
oew:2025:26,SSD,AFR::SSD,2024-09-28,2025-06-13,outbreak_cumulative,72868,72868,1363,"South Sudan                Cholera            Grade 3          11-Oct-24            28-Sep-24           13-Jun-25          72,868           72,868         1,363       1.9%",auto_oew,"AFRO bulletin event row (line 919); CFR 1.9% matches deaths/cases; start = 1 January reset, else earlier of notification and reporting-period start"
oew:2025:26,ZMB,AFR::ZMB::UNSPECIFIED,2024-12-25,2025-05-25,outbreak_cumulative,716,449,9,Zambia                 Cholera            Grade 3          30-Dec-24            25-Dec-24          25-May-25            716               449            9         1.3%,auto_oew,"SUBNATIONAL_EVENT | AFRO bulletin event row (line 962); CFR 1.3% matches deaths/cases; start = 1 January reset, else earlier of notification and reporting-period start"
oew:2025:26,ZWE,AFR::ZWE,2024-11-04,2025-05-06,outbreak_cumulative,771,771,23,Zimbabwe                 Cholera            Grade 3          12-Nov-24             4-Nov-24           6-May-25            771               771           23         3.0%,auto_oew,"AFRO bulletin event row (line 971); CFR 3.0% matches deaths/cases; start = 1 January reset, else earlier of notification and reporting-period start"
oew:2021:6,CMR,AFR::CMR::UNSPECIFIED,2020-01-01,2020-12-16,outbreak_cumulative,1952,68,87,Cameroon          Cholera         Ungraded        01-Mar-19         01-Jan-20          16-Dec-20           1 952            68                87                4.5%,auto_oew,"SUBNATIONAL_EVENT | AFRO bulletin event row (line 604); CFR 4.5% matches deaths/cases; start = 1 January reset, else earlier of notification and reporting-period start"
oew:2021:6,COD,AFR::COD,2020-01-01,2020-12-05,outbreak_cumulative,18504,,301,Republic of        Cholera         Grade 3        16-Jan-15          01-Jan-20          5-Dec-20           18 504             -                301               1.6%,auto_oew,"AFRO bulletin event row (line 699); CFR 1.6% matches deaths/cases; start = 1 January reset, else earlier of notification and reporting-period start"
oew:2021:6,ETH,AFR::ETH::UNSPECIFIED,2019-05-12,2021-01-10,outbreak_cumulative,14484,14484,479,Ethiopia         Cholera        Ungraded       14-May-19         12-May-19           10-Jan-21         14 484         14 484             479               3.3%,auto_oew,"SUBNATIONAL_EVENT | AFRO bulletin event row (line 766); CFR 3.3% matches deaths/cases; start = 1 January reset, else earlier of notification and reporting-period start"
oew:2021:6,TGO,AFR::TGO,2020-11-11,2021-01-11,outbreak_cumulative,68,18,2,Togo           Cholera        Ungraded       17-Nov-20         11-Nov-20         11-Jan-21            68              18                2               2.9%,auto_oew,"AFRO bulletin event row (line 1084); CFR 2.9% matches deaths/cases; start = 1 January reset, else earlier of notification and reporting-period start"
oew:2021:6,UGA,AFR::UGA,2020-04-29,2020-09-07,outbreak_cumulative,1488,17,6,Uganda          Cholera        Ungraded       11-May-20         29-Apr-20         07-Sep-20           1 488            17                6               0.4%,auto_oew,"AFRO bulletin event row (line 1102); CFR 0.4% matches deaths/cases; start = 1 January reset, else earlier of notification and reporting-period start"
oew:2023:27,BDI,AFR::BDI,2022-12-14,2023-07-09,outbreak_cumulative,574,175,9,Burundi          Cholera          Grade 3          1-Jan-23        14-Dec-22          9-Jul-23              574                 175               9              1.6%,auto_oew,"AFRO bulletin event row (line 580); CFR 1.6% matches deaths/cases; start = 1 January reset, else earlier of notification and reporting-period start"
oew:2023:27,CMR,AFR::CMR,2021-08-31,2023-06-22,outbreak_cumulative,19400,1880,460,Cameroon          Cholera           Grade 3         31-Aug-21        25-Oct-21        22-Jun-23             19 400               1 880              460             2.4%,auto_oew,"AFRO bulletin event row (line 640); CFR 2.4% matches deaths/cases; start = 1 January reset, else earlier of notification and reporting-period start"
oew:2023:27,COD,AFR::COD,2023-01-01,2023-05-07,outbreak_cumulative,18794,1324,104,Republic of        Cholera          Grade 3         16-Jan-15         1-Jan-23         7-May-23              18 794              1 324              104             0.6%,auto_oew,"AFRO bulletin event row (line 789); CFR 0.6% matches deaths/cases; start = 1 January reset, else earlier of notification and reporting-period start"
oew:2023:27,SWZ,AFR::SWZ,2023-04-03,2023-05-31,outbreak_cumulative,2,2,0,Eswatini         Cholera           Grade 3         3-Apr-23          3-Apr-23        31-May-23                2                   2                 0              0.0%,auto_oew,"AFRO bulletin event row (line 867); CFR 0.0% matches deaths/cases; start = 1 January reset, else earlier of notification and reporting-period start"
oew:2023:27,ETH,AFR::ETH::UNSPECIFIED,2022-09-17,2023-05-13,outbreak_cumulative,6592,39,104,Ethiopia         Cholera           Grade 3         17-Sep-22        17-Sep-22        13-May-23              6 592                 39              104              1.6%,auto_oew,"SUBNATIONAL_EVENT | AFRO bulletin event row (line 896); CFR 1.6% matches deaths/cases; start = 1 January reset, else earlier of notification and reporting-period start"
oew:2023:27,KEN,AFR::KEN,2022-10-05,2023-06-29,outbreak_cumulative,11694,464,194,Kenya           Cholera           Grade 3         19-Oct-22         5-Oct-22         29-Jun-23             11 694                464              194             1.7%,auto_oew,"AFRO bulletin event row (line 979); CFR 1.7% matches deaths/cases; start = 1 January reset, else earlier of notification and reporting-period start"
oew:2023:27,MWI,AFR::MWI,2022-03-03,2023-07-09,outbreak_cumulative,58936,58936,1766,Malawi           Cholera           Grade 3         3-Mar-22         3-Mar-22          9-Jul-23             58 936              58 936            1 766            3.0%,auto_oew,"AFRO bulletin event row (line 1036); CFR 3.0% matches deaths/cases; start = 1 January reset, else earlier of notification and reporting-period start"
oew:2023:27,MOZ,AFR::MOZ,2022-09-14,2023-05-29,outbreak_cumulative,31327,31327,138,Mozambique          Cholera           Grade 3        14-Sep-22         16-Nov-22        29-May-23             31 327              31 327             138             0.4%,auto_oew,"AFRO bulletin event row (line 1076); CFR 0.4% matches deaths/cases; start = 1 January reset, else earlier of notification and reporting-period start"
oew:2023:27,ZAF,AFR::ZAF,2023-02-03,2023-07-03,outbreak_cumulative,1265,198,47,South Africa       Cholera          Grade 3          3-Feb-23         3-Feb-23          3-Jul-23             1 265                198               47             3.7%,auto_oew,"AFRO bulletin event row (line 1241); CFR 3.7% matches deaths/cases; start = 1 January reset, else earlier of notification and reporting-period start"
oew:2023:27,SSD,AFR::SSD::UNSPECIFIED,2023-02-22,2023-06-16,outbreak_cumulative,1471,19,2,South Sudan         Cholera           Grade 3         7-Mar-23         22-Feb-23         16-Jun-23             1 471                 19                2               0.1%,auto_oew,"SUBNATIONAL_EVENT | AFRO bulletin event row (line 1294); CFR 0.1% matches deaths/cases; start = 1 January reset, else earlier of notification and reporting-period start"
oew:2023:27,ZMB,AFR::ZMB,2023-01-20,2023-06-22,outbreak_cumulative,757,263,14,Zambia           Cholera          Grade 3         24-Jan-23         20-Jan-23        22-Jun-23              757                 263               14              1.8%,auto_oew,"AFRO bulletin event row (line 1371); CFR 1.8% matches deaths/cases; start = 1 January reset, else earlier of notification and reporting-period start"
oew:2023:27,ZWE,AFR::ZWE,2023-02-12,2023-07-09,outbreak_cumulative,3430,804,78,Zimbabwe          Cholera          Grade 3         23-Feb-23         12-Feb-23         9-Jul-23             3 430                804               78              2.3%,auto_oew,"AFRO bulletin event row (line 1381); CFR 2.3% matches deaths/cases; start = 1 January reset, else earlier of notification and reporting-period start"
oew:2022:41,CMR,AFR::CMR,2021-01-01,2022-09-22,outbreak_cumulative,12129,1122,245,Cameroon           Cholera          Grade 2          1-Jan-21         25-Oct-21        22-Sep-22          12 129             1 122             245              2.0%,auto_oew,"AFRO bulletin event row (line 580); CFR 2.0% matches deaths/cases; start = 1 January reset, else earlier of notification and reporting-period start"
oew:2022:41,COD,AFR::COD,2015-01-16,2022-09-18,outbreak_cumulative,9705,865,183,Republic of the      Cholera          Grade 3         16-Jan-15          3-Jan-22         18-Sep-22          9 705              865              183              1.9%,auto_oew,"AFRO bulletin event row (line 730); CFR 1.9% matches deaths/cases; start = 1 January reset, else earlier of notification and reporting-period start"
oew:2022:41,MWI,AFR::MWI,2022-03-03,2022-10-07,outbreak_cumulative,4107,4107,116,Malawi            Cholera          Ungraded          3-Mar-22         3-Mar-22          7-Oct-22            4 107             4 107             116              2.8%,auto_oew,"AFRO bulletin event row (line 961); CFR 2.8% matches deaths/cases; start = 1 January reset, else earlier of notification and reporting-period start"
oew:2022:41,MOZ,AFR::MOZ,2022-01-13,2022-09-28,outbreak_cumulative,3685,16,19,Mozambique           Cholera          Ungraded         23-Mar-22         13-Jan-22         28-Sep-22           3 685               16                19              0.5%,auto_oew,"AFRO bulletin event row (line 1020); CFR 0.5% matches deaths/cases; start = 1 January reset, else earlier of notification and reporting-period start"
oew:2022:41,NER,AFR::NER::UNSPECIFIED,2022-09-01,2022-09-14,outbreak_cumulative,26,14,0,Niger            Cholera          Ungraded          3-Sep-22          1-Sep-22         14-Sep-22             26                14                 0              0.0%,auto_oew,"SUBNATIONAL_EVENT | AFRO bulletin event row (line 1047); CFR 0.0% matches deaths/cases; start = 1 January reset, else earlier of notification and reporting-period start"
oew:2022:41,SSD,AFR::SSD,2022-03-21,2022-09-18,outbreak_cumulative,337,56,1,South Sudan         Cholera          Ungraded         21-Apr-22        21-Mar-22         18-Sep-22           337               56                1              0.3%,auto_oew,"AFRO bulletin event row (line 1209); CFR 0.3% matches deaths/cases; start = 1 January reset, else earlier of notification and reporting-period start"
oew:2025:10,AGO,AFR::AGO,2024-12-31,2025-03-04,outbreak_cumulative,5990,1014,211,"Angola                 Cholera             Grade 3           7-Jan-25             31-Dec-24          4-Mar-25           5,990            1,014          211        3.50%",auto_oew,"AFRO bulletin event row (line 613); CFR 3.5% matches deaths/cases; start = 1 January reset, else earlier of notification and reporting-period start"
oew:2025:10,GHA,AFR::GHA::UNSPECIFIED,2024-08-31,2025-02-16,outbreak_cumulative,6290,549,49,Ghana                  Cholera            Grade 3           31-Aug-24             1-Oct-24          16-Feb-25          6290              549            49        0.80%,auto_oew,"SUBNATIONAL_EVENT | AFRO bulletin event row (line 799); CFR 0.8% matches deaths/cases; start = 1 January reset, else earlier of notification and reporting-period start"
oew:2025:10,SSD,AFR::SSD,2024-09-28,2025-02-16,outbreak_cumulative,31871,,536,"South Sudan                   Cholera          Grade 3        11-Oct-24            28-Sep-24          16-Feb-25        31,871               -           536        1.70%",auto_oew,"AFRO bulletin event row (line 992); CFR 1.7% matches deaths/cases; start = 1 January reset, else earlier of notification and reporting-period start"
oew:2025:10,UGA,AFR::UGA::UNSPECIFIED,2025-01-07,2025-02-09,outbreak_cumulative,117,46,1,Uganda                     Cholera          Grade 3        12-Jan-25             7-Jan-25          9-Feb-25           117               46            1         0.90%,auto_oew,"SUBNATIONAL_EVENT | AFRO bulletin event row (line 1021); CFR 0.9% matches deaths/cases; start = 1 January reset, else earlier of notification and reporting-period start"
oew:2025:10,ZMB,AFR::ZMB,2024-12-25,2025-03-06,outbreak_cumulative,328,,9,Zambia                     Cholera          Grade 3        30-Dec-24            25-Dec-24          6-Mar-25           328                -            9         2.70%,auto_oew,"AFRO bulletin event row (line 1034); CFR 2.7% matches deaths/cases; start = 1 January reset, else earlier of notification and reporting-period start"
oew:2025:10,ZWE,AFR::ZWE,2024-11-04,2025-02-26,outbreak_cumulative,439,74,8,Zimbabwe                     Cholera          Grade 3        12-Nov-24             4-Nov-24          26-Feb-25          439               74            8         1.80%,auto_oew,"AFRO bulletin event row (line 1046); CFR 1.8% matches deaths/cases; start = 1 January reset, else earlier of notification and reporting-period start"
oew:2019:6,BDI,AFR::BDI,2018-12-25,2019-01-30,outbreak_cumulative,167,19,2,Burundi         Cholera       Ungraded    28-Dec-18     25-Dec-18   30-Jan-19   167        19         2        1.2%   reported in Bujumbura from Buter-,auto_oew,"AFRO bulletin event row (line 381); CFR 1.2% matches deaths/cases; start = 1 January reset, else earlier of notification and reporting-period start"
oew:2019:6,CMR,AFR::CMR,2018-05-18,2019-01-23,outbreak_cumulative,997,81,58,Cameroon        Cholera          G1       24-May-18     18-May-18   23-Jan-19   997        81         58       5.8%   reported new cases since 27 August,auto_oew,"AFRO bulletin event row (line 426); CFR 5.8% matches deaths/cases; start = 1 January reset, else earlier of notification and reporting-period start"
oew:2019:6,KEN,AFR::KEN,2019-01-02,2019-02-04,outbreak_cumulative,572,34,2,Kenya       Cholera       Ungraded   21-Jan-19     02-Jan-19   04-Feb-19    572        34            2      0.3%,auto_oew,"AFRO bulletin event row (line 649); CFR 0.3% matches deaths/cases; start = 1 January reset, else earlier of notification and reporting-period start"
oew:2019:6,NER,AFR::NER,2018-07-13,2018-12-16,outbreak_cumulative,3824,43,78,Niger      Cholera          G2       13-Jul-18     13-Jul-18   16-Dec-18   3 824       43           78      2.0%,auto_oew,"AFRO bulletin event row (line 812); CFR 2.0% matches deaths/cases; start = 1 January reset, else earlier of notification and reporting-period start"
oew:2019:6,UGA,AFR::UGA,2019-01-02,2019-02-04,outbreak_cumulative,54,22,3,Uganda           Cholera       Ungraded    09-Jan-19     02-Jan-19   04-Feb-19    54        22           3       5.6%,auto_oew,"AFRO bulletin event row (line 1041); CFR 5.6% matches deaths/cases; start = 1 January reset, else earlier of notification and reporting-period start"
oew:2019:6,ZWE,AFR::ZWE,2018-09-06,2019-01-16,outbreak_cumulative,10680,302,68,Zimbabwe      Cholera         G2       06-Sep-18     06-Sep-18     16-Jan-19      10 680       302         68      0.6%,auto_oew,"AFRO bulletin event row (line 1088); CFR 0.6% matches deaths/cases; start = 1 January reset, else earlier of notification and reporting-period start"
oew:2023:23,BDI,AFR::BDI,2023-01-01,2023-05-28,outbreak_cumulative,450,175,7,Burundi          Cholera          Grade 3          1-Jan-23         1-Jan-23          28-May-23        450                   175               7                1.60%,auto_oew,"AFRO bulletin event row (line 661); CFR 1.6% matches deaths/cases; start = 1 January reset, else earlier of notification and reporting-period start"
oew:2023:23,CMR,AFR::CMR,2021-08-31,2023-05-07,outbreak_cumulative,15828,1808,345,Cameroon         Cholera           Grade 3         31-Aug-21        25-Oct-21        7-May-23         15 828                1 808            345              2.20%,auto_oew,"AFRO bulletin event row (line 709); CFR 2.2% matches deaths/cases; start = 1 January reset, else earlier of notification and reporting-period start"
oew:2023:23,COD,AFR::COD,2023-01-01,2023-05-07,outbreak_cumulative,18794,1324,104,Republic of      Cholera          Grade 3           16-Jan-15        1-Jan-23          7-May-23         18 794                 1 324            104               0.60%,auto_oew,"AFRO bulletin event row (line 853); CFR 0.6% matches deaths/cases; start = 1 January reset, else earlier of notification and reporting-period start"
oew:2023:23,SWZ,AFR::SWZ::UNSPECIFIED,2023-04-03,2023-05-08,outbreak_cumulative,2,2,0,Eswatini         Cholera          Grade 3           3-Apr-23         3-Apr-23          8-May-23         2                      2                0                 0.00%,auto_oew,"SUBNATIONAL_EVENT | AFRO bulletin event row (line 919); CFR 0.0% matches deaths/cases; start = 1 January reset, else earlier of notification and reporting-period start"
oew:2023:23,ETH,AFR::ETH::UNSPECIFIED,2022-09-17,2023-05-13,outbreak_cumulative,6592,39,104,Ethiopia         Cholera            Grade 3         17-Sep-22        17-Sep-22        13-May-23         6 592                  39               104              1.60%,auto_oew,"SUBNATIONAL_EVENT | AFRO bulletin event row (line 959); CFR 1.6% matches deaths/cases; start = 1 January reset, else earlier of notification and reporting-period start"
oew:2023:23,KEN,AFR::KEN,2022-10-05,2023-05-07,outbreak_cumulative,10297,464,164,Kenya            Cholera           Grade 3          19-Oct-22         5-Oct-22         7-May-23          10 297                 464               164              1.60%,auto_oew,"AFRO bulletin event row (line 1052); CFR 1.6% matches deaths/cases; start = 1 January reset, else earlier of notification and reporting-period start"
oew:2023:23,MWI,AFR::MWI,2022-03-03,2023-06-04,outbreak_cumulative,58821,58821,1761,Malawi           Cholera          Grade 3           3-Mar-22         3-Mar-22          4-Jun-23         58 821                 58 821            1 761            3.00%,auto_oew,"AFRO bulletin event row (line 1124); CFR 3.0% matches deaths/cases; start = 1 January reset, else earlier of notification and reporting-period start"
oew:2023:23,MOZ,AFR::MOZ,2022-09-14,2023-05-29,outbreak_cumulative,31327,31327,138,Mozambique       Cholera           Grade 3          14-Sep-22         16-Nov-22        29-May-23         31 327                 31 327           138               0.40%,auto_oew,"AFRO bulletin event row (line 1181); CFR 0.4% matches deaths/cases; start = 1 January reset, else earlier of notification and reporting-period start"
oew:2023:23,ZAF,AFR::ZAF,2023-02-03,2023-06-02,outbreak_cumulative,543,129,30,South Africa     Cholera          Grade 3           3-Feb-23         3-Feb-23         2-Jun-23          543                    129              30               5.50%,auto_oew,"AFRO bulletin event row (line 1328); CFR 5.5% matches deaths/cases; start = 1 January reset, else earlier of notification and reporting-period start"
oew:2023:23,SSD,AFR::SSD::UNSPECIFIED,2023-02-22,2023-05-16,outbreak_cumulative,1471,19,2,South Sudan      Cholera          Grade 3           7-Mar-23         22-Feb-23        16-May-23         1 471                  19               2                0.10%,auto_oew,"SUBNATIONAL_EVENT | AFRO bulletin event row (line 1358); CFR 0.1% matches deaths/cases; start = 1 January reset, else earlier of notification and reporting-period start"
oew:2023:23,ZMB,AFR::ZMB,2023-01-20,2023-05-25,outbreak_cumulative,688,241,13,Zambia           Cholera          Grade 3          24-Jan-23         20-Jan-23        25-May-23        688                    241               13               1.90%,auto_oew,"AFRO bulletin event row (line 1423); CFR 1.9% matches deaths/cases; start = 1 January reset, else earlier of notification and reporting-period start"
oew:2023:23,ZWE,AFR::ZWE,2023-02-12,2023-05-28,outbreak_cumulative,1649,129,44,Zimbabwe         Cholera          Grade 3          23-Feb-23         12-Feb-23        28-May-23        1 649                  129               44               2.70%,auto_oew,"AFRO bulletin event row (line 1436); CFR 2.7% matches deaths/cases; start = 1 January reset, else earlier of notification and reporting-period start"
oew:2022:49,CMR,AFR::CMR,2021-01-01,2022-11-24,outbreak_cumulative,13796,1177,295,Cameroon          Cholera           Grade 2         1-Jan-21         25-Oct-21        24-Nov-22             13 796               1 177             295              2.1%,auto_oew,"AFRO bulletin event row (line 427); CFR 2.1% matches deaths/cases; start = 1 January reset, else earlier of notification and reporting-period start"
oew:2022:49,COD,AFR::COD,2015-01-16,2022-11-13,outbreak_cumulative,13264,1310,238,Republic of the      Cholera          Grade 3         16-Jan-15        3-Jan-22         13-Nov-22            13 264              1 310             238              1.8%,auto_oew,"AFRO bulletin event row (line 563); CFR 1.8% matches deaths/cases; start = 1 January reset, else earlier of notification and reporting-period start"
oew:2022:49,ETH,AFR::ETH,2022-09-17,2022-12-03,outbreak_cumulative,525,15,22,Ethiopia          Cholera         Ungraded         17-Sep-22         17-Sep-22         3-Dec-22               525                  15                22              4.2%,auto_oew,"AFRO bulletin event row (line 669); CFR 4.2% matches deaths/cases; start = 1 January reset, else earlier of notification and reporting-period start"
oew:2022:49,KEN,AFR::KEN,2022-10-16,2022-11-06,outbreak_cumulative,242,28,8,Kenya              Cholera       Ungraded         19-Oct-22        16-Oct-22         6-Nov-22               242                  28                8              3.3%,auto_oew,"AFRO bulletin event row (line 754); CFR 3.3% matches deaths/cases; start = 1 January reset, else earlier of notification and reporting-period start"
oew:2022:49,MWI,AFR::MWI,2022-03-03,2022-12-04,outbreak_cumulative,11311,11311,331,Malawi            Cholera         Ungraded          3-Mar-22          3-Mar-22          4-Dec-22              11 311              11 311             331              2.9%,auto_oew,"AFRO bulletin event row (line 819); CFR 2.9% matches deaths/cases; start = 1 January reset, else earlier of notification and reporting-period start"
oew:2022:49,MOZ,AFR::MOZ,2022-01-13,2022-11-13,outbreak_cumulative,3858,16,19,Mozambique          Cholera          Ungraded         23-Mar-22        13-Jan-22        13-Nov-22              3 858                 16               19              0.5%,auto_oew,"AFRO bulletin event row (line 881); CFR 0.5% matches deaths/cases; start = 1 January reset, else earlier of notification and reporting-period start"
oew:2022:49,NER,AFR::NER::UNSPECIFIED,2022-09-01,2022-11-14,outbreak_cumulative,72,14,1,Niger           Cholera          Ungraded         3-Sep-22          1-Sep-22        14-Nov-22               72                   14                1              1.4%,auto_oew,"SUBNATIONAL_EVENT | AFRO bulletin event row (line 913); CFR 1.4% matches deaths/cases; start = 1 January reset, else earlier of notification and reporting-period start"
oew:2022:49,SSD,AFR::SSD,2022-03-21,2022-11-05,outbreak_cumulative,424,56,1,South Sudan          Cholera         Ungraded         21-Apr-22        21-Mar-22         5-Nov-22               424                  56                1               0.2%,auto_oew,"AFRO bulletin event row (line 1068); CFR 0.2% matches deaths/cases; start = 1 January reset, else earlier of notification and reporting-period start"
oew:2022:49,ZWE,AFR::ZWE,2022-11-22,2022-11-24,outbreak_cumulative,2,2,0,Zimbabwe           Cholera         Ungraded          22-Nov-22        24-Nov-22         24-Nov-22                2                    2                0               0.0%,auto_oew,"AFRO bulletin event row (line 1198); CFR 0.0% matches deaths/cases; start = 1 January reset, else earlier of notification and reporting-period start"
oew:2019:20,CMR,AFR::CMR,2018-05-18,2019-04-26,outbreak_cumulative,1052,98,63,"Cameroon        Cholera          G1       24-May-18     18-May-18   26-Apr-19   1 052    98         63      6.00%   1 to 5 April 2019. In March 2019,",auto_oew,"AFRO bulletin event row (line 538); CFR 6.0% matches deaths/cases; start = 1 January reset, else earlier of notification and reporting-period start"
oew:2019:20,KEN,AFR::KEN,2019-01-02,2019-05-07,outbreak_cumulative,1896,93,11,Kenya       Cholera       Ungraded    21-Jan-19     02-Jan-19   07-May-19   1 896    93         11     0.60%    from the six active counties. A total,auto_oew,"AFRO bulletin event row (line 872); CFR 0.6% matches deaths/cases; start = 1 January reset, else earlier of notification and reporting-period start"
oew:2019:20,MOZ,AFR::MOZ::UNSPECIFIED,2019-03-27,2019-05-05,outbreak_cumulative,6739,,8,Mozambique      Cholera      Ungraded   27-Mar-19     27-Mar-19   05-May-19   6 739     -        8      0.10%,auto_oew,"SUBNATIONAL_EVENT | AFRO bulletin event row (line 1089); CFR 0.1% matches deaths/cases; start = 1 January reset, else earlier of notification and reporting-period start"
oew:2019:20,ZWE,AFR::ZWE,2018-09-06,2019-04-28,outbreak_cumulative,10421,312,69,Zimbabwe       Cholera        G2       06-Sep-18     06-Sep-18     28-Apr-19      10 421      312        69      0.70%,auto_oew,"AFRO bulletin event row (line 1615); CFR 0.7% matches deaths/cases; start = 1 January reset, else earlier of notification and reporting-period start"
oew:2019:50,BDI,AFR::BDI,2019-06-01,2019-11-05,outbreak_cumulative,1064,288,6,Burundi            Cholera          Ungraded        5-Jun-19       1-Jun-19        5-Nov-19         1 064            288              6                      0.60%,auto_oew,"AFRO bulletin event row (line 596); CFR 0.6% matches deaths/cases; start = 1 January reset, else earlier of notification and reporting-period start"
oew:2019:50,CMR,AFR::CMR,2019-03-01,2019-12-05,outbreak_cumulative,1071,110,53,Cameroon            Cholera          Ungraded        1-Mar-19       1-Mar-19        5-Dec-19         1 071            110             53                      4.90%,auto_oew,"AFRO bulletin event row (line 615); CFR 4.9% matches deaths/cases; start = 1 January reset, else earlier of notification and reporting-period start"
oew:2019:50,COD,AFR::COD,2019-01-01,2019-11-24,outbreak_cumulative,27169,,472,Republic of         Cholera           Grade 3       16-Jan-15       1-Jan-19       24-Nov-19        27 169             -            472                      1.70%,auto_oew,"AFRO bulletin event row (line 724); CFR 1.7% matches deaths/cases; start = 1 January reset, else earlier of notification and reporting-period start"
oew:2019:50,ETH,AFR::ETH,2019-05-12,2019-12-08,outbreak_cumulative,2089,60,21,Ethiopia          Cholera          Ungraded       14-May-19      12-May-19        8-Dec-19         2 089            60             21                      1.00%,auto_oew,"AFRO bulletin event row (line 766); CFR 1.0% matches deaths/cases; start = 1 January reset, else earlier of notification and reporting-period start"
oew:2019:50,KEN,AFR::KEN,2019-01-02,2019-12-08,outbreak_cumulative,4886,251,37,Kenya            Cholera          Ungraded       21-Jan-19       2-Jan-19       8-Dec-19         4 886            251             37                     0.80%,auto_oew,"AFRO bulletin event row (line 804); CFR 0.8% matches deaths/cases; start = 1 January reset, else earlier of notification and reporting-period start"
oew:2019:50,NGA,AFR::NGA,2019-05-15,2019-12-09,outbreak_cumulative,895,207,15,Nigeria            Cholera          Ungraded       19-Jun-19      15-May-19        9-Dec-19          895             207             15                      1.70%,auto_oew,"AFRO bulletin event row (line 888); CFR 1.7% matches deaths/cases; start = 1 January reset, else earlier of notification and reporting-period start"
oew:2019:16,CMR,AFR::CMR,2018-05-18,2019-04-04,outbreak_cumulative,1039,91,62,"Cameroon       Cholera          G1       24-May-18     18-May-18   04-Apr-19   1 039    91        62     6.00%   1 to 5 April 2019. In March 2019,",auto_oew,"AFRO bulletin event row (line 552); CFR 6.0% matches deaths/cases; start = 1 January reset, else earlier of notification and reporting-period start"
oew:2019:16,KEN,AFR::KEN,2019-01-02,2019-04-08,outbreak_cumulative,1212,56,5,"Kenya           Cholera       Ungraded    21-Jan-19     02-Jan-19   08-Apr-19   1 212    56         5      0.40%    Nairobi, Garissa and Machakos",auto_oew,"AFRO bulletin event row (line 852); CFR 0.4% matches deaths/cases; start = 1 January reset, else earlier of notification and reporting-period start"
oew:2019:16,MOZ,AFR::MOZ::UNSPECIFIED,2019-03-27,2019-04-18,outbreak_cumulative,6385,,8,"Mozambique     Cholera       Ungraded    27-Mar-19     27-Mar-19   18-Apr-19   6 385     -         8      0.10%    to 18 April 2019, 6 385 cases and",auto_oew,"SUBNATIONAL_EVENT | AFRO bulletin event row (line 1022); CFR 0.1% matches deaths/cases; start = 1 January reset, else earlier of notification and reporting-period start"
oew:2019:16,ZMB,AFR::ZMB::UNSPECIFIED,2019-03-16,2019-03-22,outbreak_cumulative,45,6,3,Zambia     Cholera      Ungraded   22-Mar-19     16-Mar-19   22-Mar-19    45        6        3      6.70%,auto_oew,"SUBNATIONAL_EVENT | AFRO bulletin event row (line 1370); CFR 6.7% matches deaths/cases; start = 1 January reset, else earlier of notification and reporting-period start"
oew:2019:16,ZWE,AFR::ZWE,2018-09-06,2019-03-31,outbreak_cumulative,10722,312,69,Zimbabwe    Cholera        G2       06-Sep-18     06-Sep-18   31-Mar-19   10 722    312       69     0.60%,auto_oew,"AFRO bulletin event row (line 1395); CFR 0.6% matches deaths/cases; start = 1 January reset, else earlier of notification and reporting-period start"
oew:2019:24,BDI,AFR::BDI,2019-06-04,2019-06-06,outbreak_cumulative,7,4,0,Burundi       Cholera       Ungraded   05-Jun-19     04-Jun-19   06-Jun-19    7         4          0      0.00%     (2) Cholera Treatment Centers in,auto_oew,"AFRO bulletin event row (line 442); CFR 0.0% matches deaths/cases; start = 1 January reset, else earlier of notification and reporting-period start"
oew:2019:24,CMR,AFR::CMR,2018-05-18,2019-05-15,outbreak_cumulative,1060,97,64,"Cameroon     Cholera          G1       24-May-18     18-May-18   15-May-19    1 060         97          64      6.00%   2019, additional five new confirmed",auto_oew,"AFRO bulletin event row (line 531); CFR 6.0% matches deaths/cases; start = 1 January reset, else earlier of notification and reporting-period start"
oew:2019:24,ETH,AFR::ETH,2019-05-12,2019-06-06,outbreak_cumulative,424,13,15,Ethiopia    Cholera    Ungraded   14-May-19     12-May-19     06-Jun-19   424        13         15     3.50%,auto_oew,"AFRO bulletin event row (line 886); CFR 3.5% matches deaths/cases; start = 1 January reset, else earlier of notification and reporting-period start"
oew:2019:24,KEN,AFR::KEN,2019-01-02,2019-05-19,outbreak_cumulative,2137,116,14,"Kenya     Cholera    Ungraded   21-Jan-19     02-Jan-19   19-May-19   2 137     116          14     0.70%   six Counties: Nairobi, Garissa, Kaji-",auto_oew,"AFRO bulletin event row (line 971); CFR 0.7% matches deaths/cases; start = 1 January reset, else earlier of notification and reporting-period start"
oew:2019:24,ZMB,AFR::ZMB::UNSPECIFIED,2019-04-03,2019-05-17,outbreak_cumulative,253,31,6,Zambia    Cholera      Ungraded   14-May-19     03-Apr-19   17-May-19    253        31         6      2.40%,auto_oew,"SUBNATIONAL_EVENT | AFRO bulletin event row (line 1686); CFR 2.4% matches deaths/cases; start = 1 January reset, else earlier of notification and reporting-period start"
oew:2019:24,ZWE,AFR::ZWE,2018-09-06,2019-05-26,outbreak_cumulative,10421,312,69,Zimbabwe      Cholera        G2       06-Sep-18     06-Sep-18   26-May-19   10 421     312         69     0.70%,auto_oew,"AFRO bulletin event row (line 1699); CFR 0.7% matches deaths/cases; start = 1 January reset, else earlier of notification and reporting-period start"
oew:2020:27,BDI,AFR::BDI,2020-02-20,2020-06-09,outbreak_cumulative,70,0,0,Burundi          Cholera        Ungraded       20-Feb-2020      20-Feb-2020       9-Jun-2020            70               0                0                  0.0%,auto_oew,"AFRO bulletin event row (line 478); CFR 0.0% matches deaths/cases; start = 1 January reset, else earlier of notification and reporting-period start"
oew:2020:27,CMR,AFR::CMR,2020-01-01,2020-07-03,outbreak_cumulative,980,39,45,Cameroon          Cholera         Ungraded       1-Mar-2019       1-Jan-2020        3-Jul-2020           980              39               45                  4.6%,auto_oew,"AFRO bulletin event row (line 525); CFR 4.6% matches deaths/cases; start = 1 January reset, else earlier of notification and reporting-period start"
oew:2020:27,COD,AFR::COD,2020-01-01,2020-05-31,outbreak_cumulative,10533,,147,Republic of       Cholera         Grade 3       16-Jan-2015      1-Jan-2020      31-May-2020          10 533            -               147                 1.4%,auto_oew,"AFRO bulletin event row (line 637); CFR 1.4% matches deaths/cases; start = 1 January reset, else earlier of notification and reporting-period start"
oew:2020:27,KEN,AFR::KEN,2020-01-01,2020-06-21,outbreak_cumulative,662,15,13,Kenya           Cholera        Ungraded       21-Jan-2019      1-Jan-2020      21-Jun-2020           662             15                13                2.0%,auto_oew,"AFRO bulletin event row (line 770); CFR 2.0% matches deaths/cases; start = 1 January reset, else earlier of notification and reporting-period start"
oew:2020:27,MOZ,AFR::MOZ,2020-01-31,2020-06-12,outbreak_cumulative,2625,,21,Mozambique         Cholera         Ungraded       20-Feb-2020     31-Jan-2020       12-Jun-2020          2 625             -                21                  0.8%,auto_oew,"AFRO bulletin event row (line 853); CFR 0.8% matches deaths/cases; start = 1 January reset, else earlier of notification and reporting-period start"
oew:2020:27,UGA,AFR::UGA::UNSPECIFIED,2020-04-29,2020-06-11,outbreak_cumulative,682,17,6,Uganda           Cholera         Ungraded      11-May-2020      29-Apr-2020      11-Jun-2020           682             17                 6                 0.9%,auto_oew,"SUBNATIONAL_EVENT | AFRO bulletin event row (line 1025); CFR 0.9% matches deaths/cases; start = 1 January reset, else earlier of notification and reporting-period start"
oew:2020:17,CMR,AFR::CMR,2019-03-01,2020-02-25,outbreak_cumulative,1449,285,71,Cameroon          Cholera        Ungraded         1-Mar-19         1-Mar-19         25-Feb-20          1 449            285                71                4.90%,auto_oew,"AFRO bulletin event row (line 544); CFR 4.9% matches deaths/cases; start = 1 January reset, else earlier of notification and reporting-period start"
oew:2020:17,COD,AFR::COD,2020-01-01,2020-04-05,outbreak_cumulative,7207,,80,Republic of        Cholera         Grade 3        16-Jan-15        1-Jan-20          5-Apr-20           7 207             -               80                 1.10%,auto_oew,"AFRO bulletin event row (line 648); CFR 1.1% matches deaths/cases; start = 1 January reset, else earlier of notification and reporting-period start"
oew:2020:17,KEN,AFR::KEN,2020-01-01,2020-02-16,outbreak_cumulative,253,3,1,Kenya          Cholera         Ungraded        21-Jan-19        1-Jan-20         16-Feb-20           253              3                 1                 0.40%,auto_oew,"AFRO bulletin event row (line 776); CFR 0.4% matches deaths/cases; start = 1 January reset, else earlier of notification and reporting-period start"
oew:2020:17,MOZ,AFR::MOZ,2020-01-31,2020-03-20,outbreak_cumulative,1506,1,15,Mozambique         Cholera         Ungraded        20-Feb-20        31-Jan-20        20-Mar-20            1 506             1                15                 1.00%,auto_oew,"AFRO bulletin event row (line 849); CFR 1.0% matches deaths/cases; start = 1 January reset, else earlier of notification and reporting-period start"
oew:2018:29,AGO,AFR::AGO::UNSPECIFIED,2017-12-21,2018-07-09,outbreak_cumulative,954,12,19,Angola         Cholera     G1       2-Jan-18    21-Dec-17    9-Jul-18      954         12        19       2.0%,auto_oew,"SUBNATIONAL_EVENT | AFRO bulletin event row (line 434); CFR 2.0% matches deaths/cases; start = 1 January reset, else earlier of notification and reporting-period start"
oew:2018:29,COD,AFR::COD,2018-01-01,2018-07-08,outbreak_cumulative,13777,0,423,"Republic of     Cholera                  16-Jan-15   1-Jan-18    8-Jul-18      13 777        0       423       3.1%    from the islands of Gombe and Nsele, located",auto_oew,"AFRO bulletin event row (line 593); CFR 3.1% matches deaths/cases; start = 1 January reset, else earlier of notification and reporting-period start"
oew:2018:29,KEN,AFR::KEN,2018-01-01,2018-07-16,outbreak_cumulative,5603,305,78,Kenya     Cholera         G1       6-Mar-17    1-Jan-18    16-Jul-18     5 603        305       78       1.4%,auto_oew,"AFRO bulletin event row (line 751); CFR 1.4% matches deaths/cases; start = 1 January reset, else earlier of notification and reporting-period start"
oew:2018:29,MWI,AFR::MWI,2018-06-08,2018-06-27,outbreak_cumulative,9,4,2,Malawi       Cholera      Ungraded      13-Jun-18   8-Jun-18    27-Jun-18       9           4        2      22.2%   including 2 deaths (both died at health facility),auto_oew,"AFRO bulletin event row (line 846); CFR 22.2% matches deaths/cases; start = 1 January reset, else earlier of notification and reporting-period start"
oew:2018:29,NGA,AFR::NGA,2018-01-01,2018-07-08,outbreak_cumulative,16008,235,186,"Nigeria      Cholera         G1         7-Jun-17    1-Jan-18    8-Jul-18      16 008       235      186     1.2%    confirmed. As of 8 July 2018, a total of 16 008",auto_oew,"AFRO bulletin event row (line 971); CFR 1.2% matches deaths/cases; start = 1 January reset, else earlier of notification and reporting-period start"
oew:2018:29,TZA,AFR::TZA::UNSPECIFIED,2018-01-01,2018-07-15,outbreak_cumulative,3183,50,63,Tanzania     Cholera       Protracted 1   20-Aug-15   1-Jan-18    15-Jul-18     3 183        50        63       2.0%,auto_oew,"SUBNATIONAL_EVENT | AFRO bulletin event row (line 1194); CFR 2.0% matches deaths/cases; start = 1 January reset, else earlier of notification and reporting-period start"
oew:2018:29,UGA,AFR::UGA,2018-04-29,2018-06-20,outbreak_cumulative,92,26,1,Uganda      Cholera     Ungraded    7-May-18      29-Apr-18   20-Jun-18       92         26        1      1.1%,auto_oew,"AFRO bulletin event row (line 1268); CFR 1.1% matches deaths/cases; start = 1 January reset, else earlier of notification and reporting-period start"
oew:2019:42,BEN,AFR::BEN,2019-07-03,2019-09-26,outbreak_cumulative,45,19,0,Benin             Cholera          Ungraded        5-Jul-19        3-Jul-19      26-Sep-19           45             19               0                      0.00%,auto_oew,"AFRO bulletin event row (line 520); CFR 0.0% matches deaths/cases; start = 1 January reset, else earlier of notification and reporting-period start"
oew:2019:42,BDI,AFR::BDI,2019-06-01,2019-09-07,outbreak_cumulative,433,32,2,Burundi            Cholera          Ungraded        5-Jun-19       1-Jun-19        7-Sep-19          433             32               2                      0.50%,auto_oew,"AFRO bulletin event row (line 547); CFR 0.5% matches deaths/cases; start = 1 January reset, else earlier of notification and reporting-period start"
oew:2019:42,CMR,AFR::CMR,2019-03-01,2019-10-10,outbreak_cumulative,667,98,32,Cameroon            Cholera          Ungraded        1-Mar-19        1-Mar-19       10-Oct-19          667             98              32                      4.80%,auto_oew,"AFRO bulletin event row (line 586); CFR 4.8% matches deaths/cases; start = 1 January reset, else earlier of notification and reporting-period start"
oew:2019:42,COD,AFR::COD,2019-01-01,2019-09-22,outbreak_cumulative,20773,,374,Republic of          Cholera              G3         16-Jan-15        1-Jan-19      22-Sep-19         20 773             -             374                     1.80%,auto_oew,"AFRO bulletin event row (line 679); CFR 1.8% matches deaths/cases; start = 1 January reset, else earlier of notification and reporting-period start"
oew:2019:42,ETH,AFR::ETH,2019-05-12,2019-10-13,outbreak_cumulative,1708,54,11,Ethiopia          Cholera          Ungraded       14-May-19      12-May-19       13-Oct-19        1 708            54              11                     0.70%,auto_oew,"AFRO bulletin event row (line 735); CFR 0.7% matches deaths/cases; start = 1 January reset, else earlier of notification and reporting-period start"
oew:2019:42,KEN,AFR::KEN,2019-01-02,2019-10-13,outbreak_cumulative,4476,210,37,Kenya            Cholera          Ungraded       21-Jan-19       2-Jan-19       13-Oct-19        4 476            210             37                     0.80%,auto_oew,"AFRO bulletin event row (line 755); CFR 0.8% matches deaths/cases; start = 1 January reset, else earlier of notification and reporting-period start"
oew:2019:42,NGA,AFR::NGA::UNSPECIFIED,2019-05-15,2019-10-11,outbreak_cumulative,787,189,4,Nigeria           Cholera           Ungraded       19-Jun-19      15-May-19       11-Oct-19         787             189              4                      0.50%,auto_oew,"SUBNATIONAL_EVENT | AFRO bulletin event row (line 834); CFR 0.5% matches deaths/cases; start = 1 January reset, else earlier of notification and reporting-period start"
oew:2019:42,UGA,AFR::UGA,2019-06-23,2019-09-11,outbreak_cumulative,144,9,1,Uganda           Cholera          Ungraded       27-Jun-19      23-Jun-19       11-Sep-19         144              9              1                      0.70%,auto_oew,"AFRO bulletin event row (line 908); CFR 0.7% matches deaths/cases; start = 1 January reset, else earlier of notification and reporting-period start"
oew:2019:42,ZMB,AFR::ZMB,2019-08-30,2019-08-30,outbreak_cumulative,13,7,0,Zambia           Cholera          Ungraded        1-Sep-19      30-Aug-19       30-Aug-19          13              7              0                      0.00%,auto_oew,"AFRO bulletin event row (line 913); CFR 0.0% matches deaths/cases; start = 1 January reset, else earlier of notification and reporting-period start"
oew:2025:8,AGO,AFR::AGO,2024-12-31,2025-02-23,outbreak_cumulative,4914,289,180,"Angola                  Cholera             Grade 3           7-Jan-25             31-Dec-24          23-Feb-25          4,914             289           180        3.70%",auto_oew,"AFRO bulletin event row (line 557); CFR 3.7% matches deaths/cases; start = 1 January reset, else earlier of notification and reporting-period start"
oew:2025:8,GHA,AFR::GHA::UNSPECIFIED,2024-08-31,2025-02-16,outbreak_cumulative,6290,549,49,Ghana                     Cholera          Grade 3          31-Aug-24             1-Oct-24          16-Feb-25          6290              549            49        0.80%,auto_oew,"SUBNATIONAL_EVENT | AFRO bulletin event row (line 749); CFR 0.8% matches deaths/cases; start = 1 January reset, else earlier of notification and reporting-period start"
oew:2025:8,SSD,AFR::SSD,2024-09-28,2025-02-16,outbreak_cumulative,31871,,536,"South Sudan                Cholera            Grade 3          11-Oct-24            28-Sep-24          16-Feb-25        31,871              -            536        1.70%",auto_oew,"AFRO bulletin event row (line 919); CFR 1.7% matches deaths/cases; start = 1 January reset, else earlier of notification and reporting-period start"
oew:2025:8,UGA,AFR::UGA::UNSPECIFIED,2025-01-07,2025-02-09,outbreak_cumulative,117,46,1,Uganda                  Cholera            Grade 3          12-Jan-25             7-Jan-25          9-Feb-25           117               46            1         0.90%,auto_oew,"SUBNATIONAL_EVENT | AFRO bulletin event row (line 958); CFR 0.9% matches deaths/cases; start = 1 January reset, else earlier of notification and reporting-period start"
oew:2025:8,ZMB,AFR::ZMB::UNSPECIFIED,2024-12-25,2025-01-29,outbreak_cumulative,96,2,5,Zambia                  Cholera            Grade 3          30-Dec-24            25-Dec-24          29-Jan-25           96               2             5         5.20%,auto_oew,"SUBNATIONAL_EVENT | AFRO bulletin event row (line 978); CFR 5.2% matches deaths/cases; start = 1 January reset, else earlier of notification and reporting-period start"
oew:2021:52,BEN,AFR::BEN,2021-03-28,2021-12-19,outbreak_cumulative,1058,27,11,Benin           Cholera        Ungraded       28-Mar-21         28-Mar-21          19-Dec-2021       1 058            27                11               1.0%,auto_oew,"AFRO bulletin event row (line 571); CFR 1.0% matches deaths/cases; start = 1 January reset, else earlier of notification and reporting-period start"
oew:2021:52,CMR,AFR::CMR,2021-01-01,2021-12-12,outbreak_cumulative,309,4,19,Cameroon          Cholera         Grade 2         1-Jan-21        5-Aug-2021          12-Dec-2021         309              4                19                6.1%,auto_oew,"AFRO bulletin event row (line 641); CFR 6.1% matches deaths/cases; start = 1 January reset, else earlier of notification and reporting-period start"
oew:2021:52,COD,AFR::COD,2020-01-01,2021-11-28,outbreak_cumulative,8279,,153,Republic of       Cholera          Grade 3       16-Jan-15          1-Jan-20           28-Nov-21         8 279              -               153               1.8%,auto_oew,"AFRO bulletin event row (line 780); CFR 1.8% matches deaths/cases; start = 1 January reset, else earlier of notification and reporting-period start"
oew:2021:52,ETH,AFR::ETH,2021-08-31,2021-12-11,outbreak_cumulative,582,2,7,Ethiopia        Cholera          Grade 2      31-Aug-2021       31-Aug-2021        11-Dec-2021            582              2                 7                1.2%,auto_oew,"AFRO bulletin event row (line 861); CFR 1.2% matches deaths/cases; start = 1 January reset, else earlier of notification and reporting-period start"
oew:2021:52,NER,AFR::NER,2021-06-07,2021-12-22,outbreak_cumulative,5591,196,166,Niger           Cholera         Grade 1        7-Aug-2021        7-Jun-2021         22-Dec-2021          5 591            196               166                3.0%,auto_oew,"AFRO bulletin event row (line 1079); CFR 3.0% matches deaths/cases; start = 1 January reset, else earlier of notification and reporting-period start"
oew:2021:52,NGA,AFR::NGA,2021-01-12,2021-12-12,outbreak_cumulative,107911,1506,3598,Nigeria          Cholera         Grade 2         12-Jan-21         12-Jan-21         12-Dec-2021         107 911          1 506             3 598               3.3%,auto_oew,"AFRO bulletin event row (line 1107); CFR 3.3% matches deaths/cases; start = 1 January reset, else earlier of notification and reporting-period start"
oew:2021:52,TGO,AFR::TGO::UNSPECIFIED,2021-11-07,2021-12-15,outbreak_cumulative,39,11,5,Togo           Cholera        Ungraded         8-Nov-21         7-Nov-21         15-Dec-2021            39             11                 5               12.8%,auto_oew,"SUBNATIONAL_EVENT | AFRO bulletin event row (line 1245); CFR 12.8% matches deaths/cases; start = 1 January reset, else earlier of notification and reporting-period start"
oew:2021:52,UGA,AFR::UGA,2021-11-04,2021-12-10,outbreak_cumulative,173,7,0,Uganda           Cholera        Ungraded        15-Nov-21         4-Nov-21         10-Dec-2021           173              7                 0               0.0%,auto_oew,"AFRO bulletin event row (line 1259); CFR 0.0% matches deaths/cases; start = 1 January reset, else earlier of notification and reporting-period start"
oew:2021:52,BDI,AFR::BDI,2021-11-07,2021-11-10,outbreak_cumulative,1,1,0,Burundi          Cholera        Ungraded       15-Nov-21         7-Nov-21           10-Nov-21           1               1                0                0.0%,auto_oew,"AFRO bulletin event row (line 1290); CFR 0.0% matches deaths/cases; start = 1 January reset, else earlier of notification and reporting-period start"
oew:2025:14,BDI,AFR::BDI,2023-01-01,2025-04-06,outbreak_cumulative,2432,,12,Burundi                   Cholera         Grade 3           1-Jan-23             1-Jan-23           6-Apr-25           2432                -            12        0.50%,auto_oew,"AFRO bulletin event row (line 546); CFR 0.5% matches deaths/cases; start = 1 January reset, else earlier of notification and reporting-period start"
oew:2025:14,ETH,AFR::ETH,2025-01-01,2025-03-30,outbreak_cumulative,60962,,779,Ethiopia               Cholera            Grade 3           28-Aug-22             1-Jan-25         30-Mar-2025          60 962              -            779         1.3%,auto_oew,"AFRO bulletin event row (line 709); CFR 1.3% matches deaths/cases; start = 1 January reset, else earlier of notification and reporting-period start"
oew:2025:14,GHA,AFR::GHA,2024-08-31,2025-03-25,outbreak_cumulative,7024,,51,Ghana                  Cholera            Grade 3           31-Aug-24             1-Oct-24          25-Mar-25            7024               -             51         0.7%,auto_oew,"AFRO bulletin event row (line 717); CFR 0.7% matches deaths/cases; start = 1 January reset, else earlier of notification and reporting-period start"
oew:2025:14,KEN,AFR::KEN,2025-02-10,2025-04-07,outbreak_cumulative,69,39,5,Kenya                 Cholera            Grade 3           17-Feb-25            10-Feb-25           7-Apr-25             69               39             5        7.20%,auto_oew,"AFRO bulletin event row (line 725); CFR 7.2% matches deaths/cases; start = 1 January reset, else earlier of notification and reporting-period start"
oew:2025:14,SSD,AFR::SSD,2024-09-28,2025-03-16,outbreak_cumulative,40231,,694,"South Sudan               Cholera            Grade 3          11-Oct-24            28-Sep-24          16-Mar-25          40,231              -           694         1.70%",auto_oew,"AFRO bulletin event row (line 901); CFR 1.7% matches deaths/cases; start = 1 January reset, else earlier of notification and reporting-period start"
oew:2025:14,UGA,AFR::UGA::UNSPECIFIED,2025-01-07,2025-03-23,outbreak_cumulative,122,64,3,Uganda                 Cholera            Grade 3          12-Jan-25            7-Jan-25           23-Mar-25           122                64            3        2.50%,auto_oew,"SUBNATIONAL_EVENT | AFRO bulletin event row (line 945); CFR 2.5% matches deaths/cases; start = 1 January reset, else earlier of notification and reporting-period start"
oew:2025:14,ZMB,AFR::ZMB,2024-12-25,2025-03-06,outbreak_cumulative,328,,9,Zambia                 Cholera            Grade 3          30-Dec-24           25-Dec-24           6-Mar-25            328                -             9        2.70%,auto_oew,"AFRO bulletin event row (line 953); CFR 2.7% matches deaths/cases; start = 1 January reset, else earlier of notification and reporting-period start"
oew:2025:14,ZWE,AFR::ZWE,2024-11-04,2025-02-26,outbreak_cumulative,439,74,8,Zimbabwe                 Cholera            Grade 3          12-Nov-24            4-Nov-24           26-Feb-25           439                74            8        1.80%,auto_oew,"AFRO bulletin event row (line 959); CFR 1.8% matches deaths/cases; start = 1 January reset, else earlier of notification and reporting-period start"
oew:2018:25,KEN,AFR::KEN,2018-01-01,2018-06-19,outbreak_cumulative,5420,288,77,Kenya      Cholera        G1       6-Mar-17    1-Jan-18    19-Jun-18     5 420          288          77         1.4%,auto_oew,"AFRO bulletin event row (line 853); CFR 1.4% matches deaths/cases; start = 1 January reset, else earlier of notification and reporting-period start"
oew:2018:25,NGA,AFR::NGA,2018-01-01,2018-06-05,outbreak_cumulative,10618,,187,Nigeria     Cholera      Ungraded      7-Jun-17    1-Jan-18    5-Jun-18      10 618          -           187        1.8%     has been concluded for Bauchi,auto_oew,"AFRO bulletin event row (line 1260); CFR 1.8% matches deaths/cases; start = 1 January reset, else earlier of notification and reporting-period start"
oew:2018:25,TZA,AFR::TZA,2018-01-01,2018-06-10,outbreak_cumulative,2538,,52,Tanzania     Cholera       Protracted 1   20-Aug-15   1-Jan-18    10-Jun-18     2 538           -         52     2.0%   The reported cholera cases in-,auto_oew,"AFRO bulletin event row (line 1612); CFR 2.0% matches deaths/cases; start = 1 January reset, else earlier of notification and reporting-period start"
oew:2018:25,UGA,AFR::UGA::UNSPECIFIED,2018-04-29,2018-06-20,outbreak_cumulative,92,26,1,Uganda    Cholera   Ungraded   7-May-18   29-Apr-18   20-Jun-18       92           26            1         1.1%,auto_oew,"SUBNATIONAL_EVENT | AFRO bulletin event row (line 1688); CFR 1.1% matches deaths/cases; start = 1 January reset, else earlier of notification and reporting-period start"
oew:2018:25,ZWE,AFR::ZWE::UNSPECIFIED,2018-04-05,2018-05-15,outbreak_cumulative,62,23,3,"Zimbabwe        Cholera   Ungraded   7-Apr-18    5-Apr-18    15-May-18       62           23            3         4.8%    Ogawa. As of 15 May 2018,",auto_oew,"SUBNATIONAL_EVENT | AFRO bulletin event row (line 1824); CFR 4.8% matches deaths/cases; start = 1 January reset, else earlier of notification and reporting-period start"
oew:2018:25,ZMB,AFR::ZMB,2017-10-04,2018-04-15,outbreak_cumulative,5935,565,114,Zambia       Cholera     Ungraded      4-Oct-17     4-Oct-17     15-Apr-18      5 935          565         114         1.9%,auto_oew,"AFRO bulletin event row (line 1903); CFR 1.9% matches deaths/cases; start = 1 January reset, else earlier of notification and reporting-period start"
oew:2023:29,BDI,AFR::BDI,2022-12-14,2023-07-09,outbreak_cumulative,574,175,9,Burundi          Cholera          Grade 3          1-Jan-23         14-Dec-22         9-Jul-23              574                 175                9             1.60%,auto_oew,"AFRO bulletin event row (line 542); CFR 1.6% matches deaths/cases; start = 1 January reset, else earlier of notification and reporting-period start"
oew:2023:29,CMR,AFR::CMR,2021-08-31,2023-06-22,outbreak_cumulative,19400,1880,460,Cameroon          Cholera           Grade 3         31-Aug-21        25-Oct-21        22-Jun-23             19 400               1 880             460             2.40%,auto_oew,"AFRO bulletin event row (line 595); CFR 2.4% matches deaths/cases; start = 1 January reset, else earlier of notification and reporting-period start"
oew:2023:29,COD,AFR::COD,2023-01-01,2023-05-07,outbreak_cumulative,18794,1324,104,Republic of        Cholera          Grade 3         16-Jan-15         1-Jan-23         7-May-23              18 794              1 324              104             0.60%,auto_oew,"AFRO bulletin event row (line 735); CFR 0.6% matches deaths/cases; start = 1 January reset, else earlier of notification and reporting-period start"
oew:2023:29,ETH,AFR::ETH::UNSPECIFIED,2022-09-17,2023-05-13,outbreak_cumulative,6592,39,104,Ethiopia         Cholera           Grade 3        17-Sep-22        17-Sep-22         13-May-23             6 592                 39              104             1.60%,auto_oew,"SUBNATIONAL_EVENT | AFRO bulletin event row (line 827); CFR 1.6% matches deaths/cases; start = 1 January reset, else earlier of notification and reporting-period start"
oew:2023:29,KEN,AFR::KEN,2022-10-05,2023-07-21,outbreak_cumulative,11872,567,194,Kenya           Cholera           Grade 3         19-Oct-22         5-Oct-22         21-Jul-23            11 872                567               194             1.60%,auto_oew,"AFRO bulletin event row (line 905); CFR 1.6% matches deaths/cases; start = 1 January reset, else earlier of notification and reporting-period start"
oew:2023:29,MWI,AFR::MWI,2022-03-03,2023-07-22,outbreak_cumulative,58947,58947,1766,Malawi           Cholera           Grade 3         3-Mar-22         3-Mar-22         22-Jul-23             58 947              58 947            1 766            3.00%,auto_oew,"AFRO bulletin event row (line 960); CFR 3.0% matches deaths/cases; start = 1 January reset, else earlier of notification and reporting-period start"
oew:2023:29,MOZ,AFR::MOZ,2022-09-14,2023-05-29,outbreak_cumulative,31327,31327,138,Mozambique          Cholera           Grade 3        14-Sep-22         16-Nov-22        29-May-23             31 327              31 327             138             0.40%,auto_oew,"AFRO bulletin event row (line 1005); CFR 0.4% matches deaths/cases; start = 1 January reset, else earlier of notification and reporting-period start"
oew:2023:29,ZAF,AFR::ZAF,2023-02-03,2023-07-03,outbreak_cumulative,1265,198,47,South Africa       Cholera           Grade 3          3-Feb-23         3-Feb-23          3-Jul-23             1 265                 198               47             3.70%,auto_oew,"AFRO bulletin event row (line 1141); CFR 3.7% matches deaths/cases; start = 1 January reset, else earlier of notification and reporting-period start"
oew:2023:29,SSD,AFR::SSD::UNSPECIFIED,2023-02-22,2023-06-16,outbreak_cumulative,1471,19,2,South Sudan         Cholera           Grade 3         7-Mar-23         22-Feb-23         16-Jun-23             1 471                 19                2              0.10%,auto_oew,"SUBNATIONAL_EVENT | AFRO bulletin event row (line 1177); CFR 0.1% matches deaths/cases; start = 1 January reset, else earlier of notification and reporting-period start"
oew:2023:29,ZMB,AFR::ZMB,2023-01-20,2023-06-22,outbreak_cumulative,757,263,14,Zambia           Cholera          Grade 3         24-Jan-23        20-Jan-23        22-Jun-23              757                 263               14             1.80%,auto_oew,"AFRO bulletin event row (line 1243); CFR 1.8% matches deaths/cases; start = 1 January reset, else earlier of notification and reporting-period start"
oew:2023:29,ZWE,AFR::ZWE,2023-02-12,2023-07-23,outbreak_cumulative,3687,841,80,Zimbabwe          Cholera          Grade 3         23-Feb-23        12-Feb-23         23-Jul-23            3 687                841               80             2.20%,auto_oew,"AFRO bulletin event row (line 1253); CFR 2.2% matches deaths/cases; start = 1 January reset, else earlier of notification and reporting-period start"
oew:2025:4,AGO,AFR::AGO,2025-01-07,2025-01-10,outbreak_cumulative,58,1,5,Angola                   Cholera          Grade 3           7-Jan-25              7-Jan-25          10-Jan-25           58               1             5         8.60%,auto_oew,"AFRO bulletin event row (line 531); CFR 8.6% matches deaths/cases; start = 1 January reset, else earlier of notification and reporting-period start"
oew:2025:4,SSD,AFR::SSD::UNSPECIFIED,2024-10-11,2025-01-06,outbreak_cumulative,17356,,254,"South Sudan               Cholera            Grade 3           11-Oct-24             25-Oct-24          6-Jan-25         17,356               -           254        1.50%",auto_oew,"SUBNATIONAL_EVENT | AFRO bulletin event row (line 1014); CFR 1.5% matches deaths/cases; start = 1 January reset, else earlier of notification and reporting-period start"
oew:2025:4,UGA,AFR::UGA,2025-01-07,2025-01-17,outbreak_cumulative,87,11,1,Uganda                 Cholera            Grade 3           12-Jan-25             7-Jan-25          17-Jan-25           87                11             1        1.10%,auto_oew,"AFRO bulletin event row (line 1044); CFR 1.1% matches deaths/cases; start = 1 January reset, else earlier of notification and reporting-period start"
oew:2025:4,ZMB,AFR::ZMB::UNSPECIFIED,2024-12-25,2024-12-30,outbreak_cumulative,13,2,0,Zambia                 Cholera            Grade 3           30-Dec-24            25-Dec-24          30-Dec-24           13                2              0        0.00%,auto_oew,"SUBNATIONAL_EVENT | AFRO bulletin event row (line 1055); CFR 0.0% matches deaths/cases; start = 1 January reset, else earlier of notification and reporting-period start"
oew:2025:7,AGO,AFR::AGO,2024-12-31,2025-02-16,outbreak_cumulative,4107,630,147,"Angola                   Cholera            Grade 3         7-Jan-25            31-Dec-24         16-Feb-25          4,107             630           147       3.80%",auto_oew,"AFRO bulletin event row (line 581); CFR 3.8% matches deaths/cases; start = 1 January reset, else earlier of notification and reporting-period start"
oew:2025:7,GHA,AFR::GHA,2024-08-31,2025-02-14,outbreak_cumulative,6290,549,49,"Ghana                  Cholera            Grade 3           31-Aug-24             1-Oct-24          14-Feb-25          6,290             549            49        0.80%",auto_oew,"AFRO bulletin event row (line 771); CFR 0.8% matches deaths/cases; start = 1 January reset, else earlier of notification and reporting-period start"
oew:2025:7,SSD,AFR::SSD,2024-09-28,2025-02-04,outbreak_cumulative,27986,,482,"South Sudan                Cholera            Grade 3           11-Oct-24             28-Sep-24          4-Feb-25         27,986               -            482       1.70%",auto_oew,"AFRO bulletin event row (line 949); CFR 1.7% matches deaths/cases; start = 1 January reset, else earlier of notification and reporting-period start"
oew:2025:7,UGA,AFR::UGA::UNSPECIFIED,2025-01-07,2025-02-09,outbreak_cumulative,117,46,1,Uganda                  Cholera            Grade 3          12-Jan-25             7-Jan-25          9-Feb-25           117               46            1         0.90%,auto_oew,"SUBNATIONAL_EVENT | AFRO bulletin event row (line 989); CFR 0.9% matches deaths/cases; start = 1 January reset, else earlier of notification and reporting-period start"
oew:2025:7,ZMB,AFR::ZMB::UNSPECIFIED,2024-12-25,2025-01-29,outbreak_cumulative,96,2,5,Zambia                  Cholera            Grade 3          30-Dec-24            25-Dec-24          29-Jan-25           96               2             5         5.20%,auto_oew,"SUBNATIONAL_EVENT | AFRO bulletin event row (line 1009); CFR 5.2% matches deaths/cases; start = 1 January reset, else earlier of notification and reporting-period start"
oew:2020:48,CMR,AFR::CMR,2020-01-01,2020-09-30,outbreak_cumulative,1848,63,79,Cameroon          Cholera         Ungraded        01-Mar-19        01-Jan-20         30-Sep-20           1 848             63                79                 4.3%,auto_oew,"AFRO bulletin event row (line 541); CFR 4.3% matches deaths/cases; start = 1 January reset, else earlier of notification and reporting-period start"
oew:2020:48,COD,AFR::COD,2020-01-01,2020-10-11,outbreak_cumulative,16456,,256,Republic of       Cholera          Grade 3        16-Jan-15       01-Jan-20         11-Oct-20          16 456             -               256                 1.6%,auto_oew,"AFRO bulletin event row (line 643); CFR 1.6% matches deaths/cases; start = 1 January reset, else earlier of notification and reporting-period start"
oew:2020:48,KEN,AFR::KEN,2020-01-01,2020-08-28,outbreak_cumulative,711,27,13,Kenya           Cholera         Ungraded       21-Jan-19        01-Jan-20        28-Aug-20            711             27                13                 1.8%,auto_oew,"AFRO bulletin event row (line 781); CFR 1.8% matches deaths/cases; start = 1 January reset, else earlier of notification and reporting-period start"
oew:2020:48,MOZ,AFR::MOZ::UNSPECIFIED,2020-01-31,2020-10-21,outbreak_cumulative,1698,38,27,Mozambique         Cholera         Ungraded        20-Feb-20       31-Jan-20         21-Oct-20          1 698             38               27                  1.6%,auto_oew,"SUBNATIONAL_EVENT | AFRO bulletin event row (line 891); CFR 1.6% matches deaths/cases; start = 1 January reset, else earlier of notification and reporting-period start"
oew:2020:48,UGA,AFR::UGA,2020-04-29,2020-09-07,outbreak_cumulative,1488,17,6,Uganda           Cholera         Ungraded        11-May-20        29-Apr-20         07-Sep-20           1 488            17                 6                 0.4%,auto_oew,"AFRO bulletin event row (line 1067); CFR 0.4% matches deaths/cases; start = 1 January reset, else earlier of notification and reporting-period start"
oew:2022:22,BEN,AFR::BEN,2021-03-28,2022-04-24,outbreak_cumulative,1705,55,20,Benin           Cholera           Grade 1         28-Mar-21        28-Mar-21        24-Apr-2022         1 705              55                20              1.2%,auto_oew,"AFRO bulletin event row (line 596); CFR 1.2% matches deaths/cases; start = 1 January reset, else earlier of notification and reporting-period start"
oew:2022:22,CMR,AFR::CMR,2021-01-01,2022-05-23,outbreak_cumulative,7287,413,140,Cameroon           Cholera           Grade 2          1-Jan-21         25-Oct-21        23-May-2022          7 287              413              140              1.9%,auto_oew,"AFRO bulletin event row (line 657); CFR 1.9% matches deaths/cases; start = 1 January reset, else earlier of notification and reporting-period start"
oew:2022:22,COD,AFR::COD,2022-01-01,2022-05-08,outbreak_cumulative,5708,,80,Republic of the      Cholera         Grade 3         16-Jan-15        1-Jan-22         8-May-2022        5 708               -               80             1.4%,auto_oew,"AFRO bulletin event row (line 796); CFR 1.4% matches deaths/cases; start = 1 January reset, else earlier of notification and reporting-period start"
oew:2022:22,MWI,AFR::MWI,2022-03-03,2022-05-29,outbreak_cumulative,485,13,22,Malawi           Cholera          Ungraded         3-Mar-22         3-Mar-22          29-May-2022         485               13               22              4.5%,auto_oew,"AFRO bulletin event row (line 1051); CFR 4.5% matches deaths/cases; start = 1 January reset, else earlier of notification and reporting-period start"
oew:2022:22,MOZ,AFR::MOZ::UNSPECIFIED,2022-01-13,2022-03-18,outbreak_cumulative,265,0,0,Mozambique           Cholera          Ungraded          23-Mar-22         13-Jan-22         18-Mar-22            265                 0                 0               0.0%,auto_oew,"SUBNATIONAL_EVENT | AFRO bulletin event row (line 1129); CFR 0.0% matches deaths/cases; start = 1 January reset, else earlier of notification and reporting-period start"
oew:2022:22,SSD,AFR::SSD::UNSPECIFIED,2022-03-21,2022-05-23,outbreak_cumulative,74,11,1,South Sudan          Cholera         Ungraded        21-Apr-2022        21-Mar-22        23-May-2022           74               11                1               1.4%,auto_oew,"SUBNATIONAL_EVENT | AFRO bulletin event row (line 1322); CFR 1.4% matches deaths/cases; start = 1 January reset, else earlier of notification and reporting-period start"
oew:2022:22,ZMB,AFR::ZMB::UNSPECIFIED,2022-04-11,2022-05-21,outbreak_cumulative,21,21,0,Zambia           Cholera         Ungraded        13-Apr-2022       11-Apr-2022        21-May-2022         21                21               0               0.0%,auto_oew,"SUBNATIONAL_EVENT | AFRO bulletin event row (line 1398); CFR 0.0% matches deaths/cases; start = 1 January reset, else earlier of notification and reporting-period start"
oew:2018:34,AGO,AFR::AGO,2017-12-21,2018-07-29,outbreak_cumulative,954,12,19,Angola       Cholera        G1        2-Jan-18   21-Dec-17   29-Jul-18   954        12         19     2.0%,auto_oew,"AFRO bulletin event row (line 488); CFR 2.0% matches deaths/cases; start = 1 January reset, else earlier of notification and reporting-period start"
oew:2018:34,CMR,AFR::CMR,2018-05-18,2018-08-17,outbreak_cumulative,178,17,12,Cameroon    Cholera       G1      24-May-18   18-May-18   17-Aug-18   178        17         12        6.7%,auto_oew,"AFRO bulletin event row (line 581); CFR 6.7% matches deaths/cases; start = 1 January reset, else earlier of notification and reporting-period start"
oew:2018:34,COD,AFR::COD,2018-01-01,2018-08-12,outbreak_cumulative,16371,0,531,Republic of the    Cholera                 16-Jan-15   1-Jan-18    12-Aug-18   16 371       0        531     3.2%    total of 16 371 cases of cholera,auto_oew,"AFRO bulletin event row (line 763); CFR 3.2% matches deaths/cases; start = 1 January reset, else earlier of notification and reporting-period start"
oew:2018:34,KEN,AFR::KEN,2018-01-01,2018-08-20,outbreak_cumulative,5756,332,78,Kenya    Cholera     G1       6-Mar-17    1-Jan-18    20-Aug-18   5 756      332         78        1.4%,auto_oew,"AFRO bulletin event row (line 996); CFR 1.4% matches deaths/cases; start = 1 January reset, else earlier of notification and reporting-period start"
oew:2018:34,NER,AFR::NER::UNSPECIFIED,2018-07-13,2018-08-15,outbreak_cumulative,1489,19,26,Niger        Cholera       G1        13-Jul-18   13-Jul-18   15-Aug-18   1 489      19         26     1.7%,auto_oew,"SUBNATIONAL_EVENT | AFRO bulletin event row (line 1366); CFR 1.7% matches deaths/cases; start = 1 January reset, else earlier of notification and reporting-period start"
oew:2018:34,NGA,AFR::NGA,2018-01-01,2018-08-12,outbreak_cumulative,21935,419,353,Nigeria    Cholera          G1         7-Jun-17    1-Jan-18    12-Aug-18   21 935      419        353        1.6%,auto_oew,"AFRO bulletin event row (line 1439); CFR 1.6% matches deaths/cases; start = 1 January reset, else earlier of notification and reporting-period start"
oew:2018:34,TZA,AFR::TZA,2018-01-01,2018-08-19,outbreak_cumulative,3549,50,67,Tanzania      Cholera      Protracted 1   20-Aug-15   1-Jan-18    19-Aug-18   3 549      50         67        1.9%    (the last case was reported on,auto_oew,"AFRO bulletin event row (line 1699); CFR 1.9% matches deaths/cases; start = 1 January reset, else earlier of notification and reporting-period start"
oew:2018:34,UGA,AFR::UGA,2018-04-29,2018-07-24,outbreak_cumulative,263,45,9,Uganda     Cholera       Ungraded   7-May-18    29-Apr-18   24-Jul-18   263        45          9         3.4%    death). All outbreaks have,auto_oew,"AFRO bulletin event row (line 1807); CFR 3.4% matches deaths/cases; start = 1 January reset, else earlier of notification and reporting-period start"
oew:2022:26,CMR,AFR::CMR,2021-01-01,2022-06-13,outbreak_cumulative,8809,537,164,Cameroon          Cholera          Grade 2         01-Jan-21         25-Oct-21        13-Jun-22           8 809             537              164              1.9%,auto_oew,"AFRO bulletin event row (line 578); CFR 1.9% matches deaths/cases; start = 1 January reset, else earlier of notification and reporting-period start"
oew:2022:26,COD,AFR::COD,2022-01-01,2022-06-05,outbreak_cumulative,6692,404,107,Republic of the      Cholera          Grade 3        16-Jan-15         1-Jan-22         5-Jun-22           6 692            404              107              1.6%,auto_oew,"AFRO bulletin event row (line 720); CFR 1.6% matches deaths/cases; start = 1 January reset, else earlier of notification and reporting-period start"
oew:2022:26,KEN,AFR::KEN,2022-05-03,2022-06-19,outbreak_cumulative,319,2,2,Kenya           Cholera          Ungraded        30-May-22        3-May-2022        19-Jun-22            319               2                 2              0.6%,auto_oew,"AFRO bulletin event row (line 929); CFR 0.6% matches deaths/cases; start = 1 January reset, else earlier of notification and reporting-period start"
oew:2022:26,MWI,AFR::MWI,2022-03-03,2022-06-26,outbreak_cumulative,734,13,35,Malawi           Cholera         Ungraded         03-Mar-22         3-Mar-22         26-Jun-22           734               13               35              4.8%,auto_oew,"AFRO bulletin event row (line 999); CFR 4.8% matches deaths/cases; start = 1 January reset, else earlier of notification and reporting-period start"
oew:2022:26,MOZ,AFR::MOZ,2022-01-13,2022-06-12,outbreak_cumulative,3053,0,15,Mozambique           Cholera         Ungraded         23-Mar-22         13-Jan-22        12-Jun-22           3 053               0                15              0.5%,auto_oew,"AFRO bulletin event row (line 1065); CFR 0.5% matches deaths/cases; start = 1 January reset, else earlier of notification and reporting-period start"
oew:2022:26,SSD,AFR::SSD,2022-03-21,2022-06-19,outbreak_cumulative,212,15,1,South Sudan          Cholera         Ungraded         21-Apr-22         21-Mar-22        19-Jun-22            212               15                1               0.5%,auto_oew,"AFRO bulletin event row (line 1279); CFR 0.5% matches deaths/cases; start = 1 January reset, else earlier of notification and reporting-period start"
oew:2022:26,ZMB,AFR::ZMB::UNSPECIFIED,2022-04-11,2022-05-28,outbreak_cumulative,21,21,0,Zambia           Cholera         Ungraded         13-Apr-22       11-Apr-2022        28-May-22           21               21                0              0.0%,auto_oew,"SUBNATIONAL_EVENT | AFRO bulletin event row (line 1361); CFR 0.0% matches deaths/cases; start = 1 January reset, else earlier of notification and reporting-period start"
oew:2024:33,UGA,AFR::UGA::UNSPECIFIED,2024-05-11,2024-05-26,outbreak_cumulative,57,15,4,Uganda            Cholera          Grade 3         13-May-24        11-May-24         26-May-24                57                  15                4               7.0%,auto_oew,"SUBNATIONAL_EVENT | AFRO bulletin event row (line 1269); CFR 7.0% matches deaths/cases; start = 1 January reset, else earlier of notification and reporting-period start"
oew:2024:33,ZMB,AFR::ZMB,2023-01-20,2024-08-04,outbreak_cumulative,23238,23238,740,"Zambia           Cholera          Grade 3         24-Jan-23        20-Jan-23        4-Aug-24             23,238              23,238            740             3.2%",auto_oew,"AFRO bulletin event row (line 1317); CFR 3.2% matches deaths/cases; start = 1 January reset, else earlier of notification and reporting-period start"
oew:2018:41,UGA,AFR::UGA,2018-10-10,2018-10-11,outbreak_cumulative,8,2,1,Uganda      Cholera     Ungraded   10-Oct-18   10-Oct-18   11-Oct-18     8        2        1        12.5%     type Ogawa. Six more suspected cases have,auto_oew,"AFRO bulletin event row (line 456); CFR 12.5% matches deaths/cases; start = 1 January reset, else earlier of notification and reporting-period start"
oew:2018:41,AGO,AFR::AGO,2017-12-21,2018-07-29,outbreak_cumulative,990,12,19,Angola     Cholera        G1         2-Jan-18    21-Dec-17   29-Jul-18   990      12        19     1.9%   on 22 May 2018. From 22 May to 29 July,auto_oew,"AFRO bulletin event row (line 522); CFR 1.9% matches deaths/cases; start = 1 January reset, else earlier of notification and reporting-period start"
oew:2018:41,CMR,AFR::CMR,2018-05-18,2018-10-12,outbreak_cumulative,470,45,34,Cameroon    Cholera        G1         24-May-18   18-May-18   12-Oct-18   470      45        34     7.5%   confirmed for Vibrio cholerae by culture in,auto_oew,"AFRO bulletin event row (line 559); CFR 7.5% matches deaths/cases; start = 1 January reset, else earlier of notification and reporting-period start"
oew:2018:41,NER,AFR::NER::UNSPECIFIED,2018-07-13,2018-10-08,outbreak_cumulative,3747,34,74,Niger    Cholera          G2         13-Jul-18   13-Jul-18   8-Oct-18    3 747    34        74        2%     Detailed update given above.,auto_oew,"SUBNATIONAL_EVENT | AFRO bulletin event row (line 1099); CFR 2.0% matches deaths/cases; start = 1 January reset, else earlier of notification and reporting-period start"
oew:2018:41,NGA,AFR::NGA,2018-01-01,2018-09-09,outbreak_cumulative,27927,45,517,Nigeria    Cholera      G1        7-Jun-17    1-Jan-18    9-Sep-18    27 927    45       517     1.9%,auto_oew,"AFRO bulletin event row (line 1165); CFR 1.9% matches deaths/cases; start = 1 January reset, else earlier of notification and reporting-period start"
oew:2018:41,TZA,AFR::TZA::UNSPECIFIED,2018-01-01,2018-10-07,outbreak_cumulative,4201,50,81,"Tanzania     Cholera     Protracted 1   20-Aug-15   1-Jan-18    7-Oct-18    4 201    50        81     1.9%    Songwe Region. As of week 40, a total of 4",auto_oew,"SUBNATIONAL_EVENT | AFRO bulletin event row (line 1358); CFR 1.9% matches deaths/cases; start = 1 January reset, else earlier of notification and reporting-period start"
oew:2018:41,ZWE,AFR::ZWE,2018-09-06,2018-10-04,outbreak_cumulative,9116,228,54,Zimbabwe     Cholera       G2        6-Sep-18     6-Sep-18     4-Oct-18      9 116      228          54       0.59%   Detailed update given above.,auto_oew,"AFRO bulletin event row (line 1439); CFR 0.59% matches deaths/cases; start = 1 January reset, else earlier of notification and reporting-period start"
oew:2025:18,AGO,AFR::AGO,2025-01-07,2025-04-27,outbreak_cumulative,16102,16102,547,Angola                 Cholera            Grade 3           7-Jan-25              8-Jan-25           27-Apr-25          16102            16102           547        3.40%,auto_oew,"AFRO bulletin event row (line 552); CFR 3.4% matches deaths/cases; start = 1 January reset, else earlier of notification and reporting-period start"
oew:2025:18,ETH,AFR::ETH,2025-01-01,2025-03-28,outbreak_cumulative,2404,,34,"Ethiopia                Cholera            Grade 3         17-Sep-22            1-Jan-25           28-Mar-25           2,404              -            34         1.40%",auto_oew,"AFRO bulletin event row (line 729); CFR 1.4% matches deaths/cases; start = 1 January reset, else earlier of notification and reporting-period start"
oew:2025:18,GHA,AFR::GHA,2024-08-31,2025-04-27,outbreak_cumulative,7098,612,51,"Ghana                   Cholera            Grade 3         31-Aug-24            1-Oct-24           27-Apr-25           7,098             612           51         0.72%",auto_oew,"AFRO bulletin event row (line 738); CFR 0.72% matches deaths/cases; start = 1 January reset, else earlier of notification and reporting-period start"
oew:2025:18,KEN,AFR::KEN,2025-02-10,2025-04-27,outbreak_cumulative,171,32,9,Kenya                  Cholera            Grade 3         17-Feb-25            10-Feb-25          27-Apr-25            171              32             9         5.30%,auto_oew,"AFRO bulletin event row (line 747); CFR 5.3% matches deaths/cases; start = 1 January reset, else earlier of notification and reporting-period start"
oew:2025:18,MOZ,AFR::MOZ,2024-10-28,2025-04-17,outbreak_cumulative,3342,3342,51,"Mozambique                 Cholera            Grade 3           30-Nov-24            28-Oct-24          17-Apr-25           3,342             3,342          51        1.53%",auto_oew,"AFRO bulletin event row (line 804); CFR 1.53% matches deaths/cases; start = 1 January reset, else earlier of notification and reporting-period start"
oew:2025:18,SSD,AFR::SSD,2024-09-28,2025-04-27,outbreak_cumulative,54816,,1059,"South Sudan               Cholera            Grade 3         11-Oct-24            28-Sep-24          27-Apr-25          54,816              -           1059        1.90%",auto_oew,"AFRO bulletin event row (line 913); CFR 1.9% matches deaths/cases; start = 1 January reset, else earlier of notification and reporting-period start"
oew:2025:18,UGA,AFR::UGA,2025-01-07,2025-04-06,outbreak_cumulative,116,79,3,Uganda                  Cholera            Grade 3          12-Jan-25             7-Jan-25           6-Apr-25            116               79             3        2.60%,auto_oew,"AFRO bulletin event row (line 954); CFR 2.6% matches deaths/cases; start = 1 January reset, else earlier of notification and reporting-period start"
oew:2025:18,ZMB,AFR::ZMB,2024-12-25,2025-03-06,outbreak_cumulative,328,,9,Zambia                  Cholera            Grade 3          30-Dec-24            25-Dec-24           6-Mar-25            328                -             9        2.70%,auto_oew,"AFRO bulletin event row (line 959); CFR 2.7% matches deaths/cases; start = 1 January reset, else earlier of notification and reporting-period start"
oew:2025:18,ZWE,AFR::ZWE,2024-11-04,2025-02-26,outbreak_cumulative,439,74,8,Zimbabwe                 Cholera            Grade 3          12-Nov-24             4-Nov-24          26-Feb-25            439               74             8        1.80%,auto_oew,"AFRO bulletin event row (line 966); CFR 1.8% matches deaths/cases; start = 1 January reset, else earlier of notification and reporting-period start"
oew:2023:4,BDI,AFR::BDI,2023-01-01,2023-01-15,outbreak_cumulative,81,66,1,Burundi          Cholera         Ungraded          1-Jan-23         1-Jan-23        15-Jan-23               81                  66               1               1.2%,auto_oew,"AFRO bulletin event row (line 637); CFR 1.2% matches deaths/cases; start = 1 January reset, else earlier of notification and reporting-period start"
oew:2023:4,CMR,AFR::CMR,2021-08-31,2023-01-05,outbreak_cumulative,15117,1805,302,Cameroon          Cholera           Grade 2         31-Aug-21         25-Oct-21         5-Jan-23             15 117               1 805             302              2.0%,auto_oew,"AFRO bulletin event row (line 680); CFR 2.0% matches deaths/cases; start = 1 January reset, else earlier of notification and reporting-period start"
oew:2023:4,COD,AFR::COD,2015-01-16,2022-12-30,outbreak_cumulative,14290,1356,262,Republic of the      Cholera          Grade 3         16-Jan-15         3-Jan-22         30-Dec-22            14 290               1 356             262              1.8%,auto_oew,"AFRO bulletin event row (line 832); CFR 1.8% matches deaths/cases; start = 1 January reset, else earlier of notification and reporting-period start"
oew:2023:4,ETH,AFR::ETH,2022-09-17,2023-01-15,outbreak_cumulative,911,27,27,Ethiopia          Cholera         Ungraded         17-Sep-22         17-Sep-22         15-Jan-23              911                  27                27              3.0%,auto_oew,"AFRO bulletin event row (line 932); CFR 3.0% matches deaths/cases; start = 1 January reset, else earlier of notification and reporting-period start"
oew:2023:4,KEN,AFR::KEN,2022-10-16,2023-01-08,outbreak_cumulative,3939,142,70,Kenya           Cholera         Ungraded         19-Oct-22         16-Oct-22        8-Jan-23              3 939                142               70              1.8%,auto_oew,"AFRO bulletin event row (line 1024); CFR 1.8% matches deaths/cases; start = 1 January reset, else earlier of notification and reporting-period start"
oew:2023:4,MWI,AFR::MWI,2022-03-03,2023-01-20,outbreak_cumulative,28132,28132,916,Malawi           Cholera          Grade 2          3-Mar-22         3-Mar-22         20-Jan-23             28 132              28 132            916              3.3%,auto_oew,"AFRO bulletin event row (line 1079); CFR 3.3% matches deaths/cases; start = 1 January reset, else earlier of notification and reporting-period start"
oew:2023:4,MOZ,AFR::MOZ,2022-03-23,2022-12-18,outbreak_cumulative,3930,16,21,Mozambique          Cholera         Ungraded         23-Mar-22        25-Jun-22        18-Dec-22              3 930                16               21                0.5%,auto_oew,"AFRO bulletin event row (line 1131); CFR 0.5% matches deaths/cases; start = 1 January reset, else earlier of notification and reporting-period start"
oew:2023:4,SSD,AFR::SSD,2022-03-21,2022-11-20,outbreak_cumulative,424,56,1,South Sudan         Cholera         Ungraded         21-Apr-22       21-Mar-22        20-Nov-22              424                  56               1              0.2%,auto_oew,"AFRO bulletin event row (line 1304); CFR 0.2% matches deaths/cases; start = 1 January reset, else earlier of notification and reporting-period start"
oew:2023:4,ZWE,AFR::ZWE,2022-11-22,2022-11-24,outbreak_cumulative,2,2,0,Zimbabwe          Cholera          Ungraded         22-Nov-22        24-Nov-22         24-Nov-22                2                   2                0               0.0%,auto_oew,"AFRO bulletin event row (line 1375); CFR 0.0% matches deaths/cases; start = 1 January reset, else earlier of notification and reporting-period start"
oew:2017:38,KEN,AFR::KEN,2017-01-01,2017-09-21,outbreak_cumulative,2857,557,50,Kenya           Cholera            G1         6-Mar-17    1-Jan-17    21-Sep-17   2 857      557       50   1.8%,auto_oew,"AFRO bulletin event row (line 737); CFR 1.8% matches deaths/cases; start = 1 January reset, else earlier of notification and reporting-period start"
oew:2023:26,BDI,AFR::BDI::UNSPECIFIED,2023-01-01,2023-06-28,outbreak_cumulative,551,175,9,Burundi          Cholera          Grade 3          1-Jan-23         1-Jan-23         28-Jun-23               551                175                 9            1.60%,auto_oew,"SUBNATIONAL_EVENT | AFRO bulletin event row (line 686); CFR 1.6% matches deaths/cases; start = 1 January reset, else earlier of notification and reporting-period start"
oew:2023:26,CMR,AFR::CMR,2021-08-31,2023-06-22,outbreak_cumulative,19400,1880,460,Cameroon          Cholera           Grade 3         31-Aug-21        25-Oct-21        22-Jun-23              19 400                1 880            460            2.40%,auto_oew,"AFRO bulletin event row (line 745); CFR 2.4% matches deaths/cases; start = 1 January reset, else earlier of notification and reporting-period start"
oew:2023:26,COD,AFR::COD,2023-01-01,2023-05-07,outbreak_cumulative,18794,1324,104,Republic of        Cholera          Grade 3         16-Jan-15         1-Jan-23         7-May-23              18 794              1 324              104             0.60%,auto_oew,"AFRO bulletin event row (line 903); CFR 0.6% matches deaths/cases; start = 1 January reset, else earlier of notification and reporting-period start"
oew:2023:26,SWZ,AFR::SWZ,2023-04-03,2023-05-31,outbreak_cumulative,2,2,0,Eswatini         Cholera           Grade 3         3-Apr-23          3-Apr-23        31-May-23                2                   2                 0             0.00%,auto_oew,"AFRO bulletin event row (line 982); CFR 0.0% matches deaths/cases; start = 1 January reset, else earlier of notification and reporting-period start"
oew:2023:26,ETH,AFR::ETH::UNSPECIFIED,2022-09-17,2023-05-13,outbreak_cumulative,6592,39,104,Ethiopia         Cholera           Grade 3         17-Sep-22        17-Sep-22        13-May-23              6 592                 39              104             1.60%,auto_oew,"SUBNATIONAL_EVENT | AFRO bulletin event row (line 1009); CFR 1.6% matches deaths/cases; start = 1 January reset, else earlier of notification and reporting-period start"
oew:2023:26,KEN,AFR::KEN,2022-10-05,2023-05-07,outbreak_cumulative,10297,464,164,Kenya           Cholera          Grade 3          19-Oct-22        5-Oct-22         7-May-23              10 297               464               164            1.60%,auto_oew,"AFRO bulletin event row (line 1100); CFR 1.6% matches deaths/cases; start = 1 January reset, else earlier of notification and reporting-period start"
oew:2023:26,MWI,AFR::MWI,2022-03-03,2023-07-02,outbreak_cumulative,58919,58887,1763,Malawi           Cholera           Grade 3         3-Mar-22         3-Mar-22          2-Jul-23             58 919              58 887            1 763            3.00%,auto_oew,"AFRO bulletin event row (line 1167); CFR 3.0% matches deaths/cases; start = 1 January reset, else earlier of notification and reporting-period start"
oew:2023:26,MOZ,AFR::MOZ,2022-09-14,2023-05-29,outbreak_cumulative,31327,31327,138,Mozambique          Cholera          Grade 3         14-Sep-22         16-Nov-22        29-May-23             31 327              31 327             138            0.40%,auto_oew,"AFRO bulletin event row (line 1230); CFR 0.4% matches deaths/cases; start = 1 January reset, else earlier of notification and reporting-period start"
oew:2023:26,ZAF,AFR::ZAF,2023-02-03,2023-06-29,outbreak_cumulative,1301,198,43,South Africa       Cholera           Grade 3         3-Feb-23          3-Feb-23         29-Jun-23             1 301                198               43              3.30%,auto_oew,"AFRO bulletin event row (line 1398); CFR 3.3% matches deaths/cases; start = 1 January reset, else earlier of notification and reporting-period start"
oew:2023:26,SSD,AFR::SSD::UNSPECIFIED,2023-02-22,2023-06-16,outbreak_cumulative,1471,19,2,South Sudan         Cholera           Grade 3         7-Mar-23         22-Feb-23         16-Jun-23             1 471                 19                2             0.10%,auto_oew,"SUBNATIONAL_EVENT | AFRO bulletin event row (line 1428); CFR 0.1% matches deaths/cases; start = 1 January reset, else earlier of notification and reporting-period start"
oew:2023:26,ZMB,AFR::ZMB,2023-01-20,2023-05-28,outbreak_cumulative,688,263,12,Zambia           Cholera          Grade 3         24-Jan-23        20-Jan-23        28-May-23              688                 263              12             1.70%,auto_oew,"AFRO bulletin event row (line 1502); CFR 1.7% matches deaths/cases; start = 1 January reset, else earlier of notification and reporting-period start"
oew:2023:26,ZWE,AFR::ZWE,2023-02-12,2023-06-25,outbreak_cumulative,3027,759,71,Zimbabwe          Cholera          Grade 3         23-Feb-23        12-Feb-23        25-Jun-23             3 027                759              71             2.30%,auto_oew,"AFRO bulletin event row (line 1512); CFR 2.3% matches deaths/cases; start = 1 January reset, else earlier of notification and reporting-period start"
oew:2025:17,AGO,AFR::AGO,2025-01-07,2025-04-27,outbreak_cumulative,16102,16102,547,Angola                  Cholera            Grade 3           7-Jan-25              8-Jan-25           27-Apr-25          16102            16102           547        3.40%,auto_oew,"AFRO bulletin event row (line 537); CFR 3.4% matches deaths/cases; start = 1 January reset, else earlier of notification and reporting-period start"
oew:2025:17,ETH,AFR::ETH,2025-01-01,2025-03-28,outbreak_cumulative,2404,,34,Ethiopia                Cholera            Grade 3          17-Sep-22            1-Jan-25           28-Mar-25           2404               -            34         1.40%,auto_oew,"AFRO bulletin event row (line 728); CFR 1.4% matches deaths/cases; start = 1 January reset, else earlier of notification and reporting-period start"
oew:2025:17,GHA,AFR::GHA,2024-08-31,2025-04-27,outbreak_cumulative,7098,612,51,Ghana                  Cholera            Grade 3          31-Aug-24            1-Oct-24           27-Apr-25           7098              612           51         0.72%,auto_oew,"AFRO bulletin event row (line 737); CFR 0.72% matches deaths/cases; start = 1 January reset, else earlier of notification and reporting-period start"
oew:2025:17,KEN,AFR::KEN,2025-02-10,2025-04-27,outbreak_cumulative,171,32,9,Kenya                  Cholera            Grade 3          17-Feb-25            10-Feb-25          27-Apr-25            171              32             9         5.30%,auto_oew,"AFRO bulletin event row (line 746); CFR 5.3% matches deaths/cases; start = 1 January reset, else earlier of notification and reporting-period start"
oew:2025:17,MOZ,AFR::MOZ,2024-10-28,2025-04-17,outbreak_cumulative,3342,3342,51,Mozambique                 Cholera            Grade 3           30-Nov-24            28-Oct-24          17-Apr-25            3342             3342           51        1.53%,auto_oew,"AFRO bulletin event row (line 805); CFR 1.53% matches deaths/cases; start = 1 January reset, else earlier of notification and reporting-period start"
oew:2025:17,SSD,AFR::SSD,2024-09-28,2025-04-27,outbreak_cumulative,54816,,1059,"South Sudan               Cholera            Grade 3         11-Oct-24            28-Sep-24          27-Apr-25          54,816              -           1059        1.90%",auto_oew,"AFRO bulletin event row (line 909); CFR 1.9% matches deaths/cases; start = 1 January reset, else earlier of notification and reporting-period start"
oew:2025:17,UGA,AFR::UGA,2025-01-07,2025-04-06,outbreak_cumulative,116,79,3,Uganda                 Cholera            Grade 3          12-Jan-25             7-Jan-25           6-Apr-25            116               79             3        2.60%,auto_oew,"AFRO bulletin event row (line 950); CFR 2.6% matches deaths/cases; start = 1 January reset, else earlier of notification and reporting-period start"
oew:2025:17,ZMB,AFR::ZMB,2024-12-25,2025-03-06,outbreak_cumulative,328,,9,Zambia                 Cholera            Grade 3          30-Dec-24            25-Dec-24           6-Mar-25            328                -             9        2.70%,auto_oew,"AFRO bulletin event row (line 958); CFR 2.7% matches deaths/cases; start = 1 January reset, else earlier of notification and reporting-period start"
oew:2025:17,ZWE,AFR::ZWE,2024-11-04,2025-02-26,outbreak_cumulative,439,74,8,Zimbabwe                 Cholera            Grade 3          12-Nov-24             4-Nov-24          26-Feb-25            439               74             8        1.80%,auto_oew,"AFRO bulletin event row (line 965); CFR 1.8% matches deaths/cases; start = 1 January reset, else earlier of notification and reporting-period start"
oew:2020:42,CMR,AFR::CMR,2020-01-01,2020-09-30,outbreak_cumulative,1848,63,79,Cameroon           Cholera         Ungraded        1-Mar-19         1-Jan-20          30-Sep-20           1 848             63                79                 4.30%,auto_oew,"AFRO bulletin event row (line 550); CFR 4.3% matches deaths/cases; start = 1 January reset, else earlier of notification and reporting-period start"
oew:2020:42,COD,AFR::COD,2020-01-01,2020-10-04,outbreak_cumulative,16043,,253,Republic of       Cholera          Grade 3        16-Jan-15         1-Jan-20         4-Oct-20           16 043             -               253                 1.60%,auto_oew,"AFRO bulletin event row (line 659); CFR 1.6% matches deaths/cases; start = 1 January reset, else earlier of notification and reporting-period start"
oew:2020:42,KEN,AFR::KEN,2020-01-01,2020-08-28,outbreak_cumulative,711,27,13,Kenya           Cholera         Ungraded       21-Jan-19        1-Jan-20         28-Aug-20            711             27                13                1.80%,auto_oew,"AFRO bulletin event row (line 788); CFR 1.8% matches deaths/cases; start = 1 January reset, else earlier of notification and reporting-period start"
oew:2020:42,MOZ,AFR::MOZ::UNSPECIFIED,2020-01-31,2020-09-20,outbreak_cumulative,1638,38,27,Mozambique         Cholera         Ungraded       20-Feb-20        31-Jan-20        20-Sep-20           1 638            38                27                 1.60%,auto_oew,"SUBNATIONAL_EVENT | AFRO bulletin event row (line 884); CFR 1.6% matches deaths/cases; start = 1 January reset, else earlier of notification and reporting-period start"
oew:2020:42,UGA,AFR::UGA,2020-04-29,2020-09-07,outbreak_cumulative,1488,17,6,Uganda          Cholera         Ungraded        11-May-20        29-Apr-20         7-Sep-20            1 488            17                 6                 0.40%,auto_oew,"AFRO bulletin event row (line 1068); CFR 0.4% matches deaths/cases; start = 1 January reset, else earlier of notification and reporting-period start"
oew:2025:16,AGO,AFR::AGO,2025-01-07,2025-04-20,outbreak_cumulative,14090,,505,Angola                 Cholera            Grade 3           7-Jan-25             8-Jan-25          20-Apr-25           14 090              -           505        3.60%,auto_oew,"AFRO bulletin event row (line 542); CFR 3.6% matches deaths/cases; start = 1 January reset, else earlier of notification and reporting-period start"
oew:2025:16,BDI,AFR::BDI,2023-01-01,2025-04-13,outbreak_cumulative,2445,,9,Burundi                Cholera            Grade 3           1-Jan-23             1-Jan-23          13-Apr-25           2445                -             9        0.40%,auto_oew,"AFRO bulletin event row (line 564); CFR 0.4% matches deaths/cases; start = 1 January reset, else earlier of notification and reporting-period start"
oew:2025:16,GHA,AFR::GHA,2024-08-31,2025-04-13,outbreak_cumulative,7086,1895,51,"Ghana                  Cholera             Grade 3          31-Aug-24              1-Oct-24           13-Apr-25           7086             1,895           51        0.70%",auto_oew,"AFRO bulletin event row (line 739); CFR 0.7% matches deaths/cases; start = 1 January reset, else earlier of notification and reporting-period start"
oew:2025:16,KEN,AFR::KEN,2025-02-10,2025-04-20,outbreak_cumulative,128,30,5,Kenya                  Cholera             Grade 3           17-Feb-25            10-Feb-25           20-Apr-25            128               30             5        3.90%,auto_oew,"AFRO bulletin event row (line 748); CFR 3.9% matches deaths/cases; start = 1 January reset, else earlier of notification and reporting-period start"
oew:2025:16,SSD,AFR::SSD,2024-09-28,2025-04-20,outbreak_cumulative,51089,,969,"South Sudan               Cholera            Grade 3         11-Oct-24            28-Sep-24          20-Apr-25          51,089              -           969         1.90%",auto_oew,"AFRO bulletin event row (line 914); CFR 1.9% matches deaths/cases; start = 1 January reset, else earlier of notification and reporting-period start"
oew:2025:16,UGA,AFR::UGA,2025-01-07,2025-04-06,outbreak_cumulative,116,79,3,Uganda                 Cholera            Grade 3          12-Jan-25            7-Jan-25            6-Apr-25           116               79             3        2.60%,auto_oew,"AFRO bulletin event row (line 957); CFR 2.6% matches deaths/cases; start = 1 January reset, else earlier of notification and reporting-period start"
oew:2025:16,ZMB,AFR::ZMB,2024-12-25,2025-03-06,outbreak_cumulative,328,,9,Zambia                 Cholera            Grade 3          30-Dec-24           25-Dec-24           6-Mar-25            328                -             9        2.70%,auto_oew,"AFRO bulletin event row (line 965); CFR 2.7% matches deaths/cases; start = 1 January reset, else earlier of notification and reporting-period start"
oew:2025:16,ZWE,AFR::ZWE,2024-11-04,2025-02-26,outbreak_cumulative,439,74,8,Zimbabwe                 Cholera            Grade 3          12-Nov-24            4-Nov-24           26-Feb-25           439               74             8        1.80%,auto_oew,"AFRO bulletin event row (line 972); CFR 1.8% matches deaths/cases; start = 1 January reset, else earlier of notification and reporting-period start"
oew:2025:15,BDI,AFR::BDI,2023-01-01,2025-04-13,outbreak_cumulative,2445,,9,Burundi                   Cholera          Grade 3           1-Jan-23             1-Jan-23          13-Apr-25           2445                -             9        0.36%,auto_oew,"AFRO bulletin event row (line 529); CFR 0.36% matches deaths/cases; start = 1 January reset, else earlier of notification and reporting-period start"
oew:2025:15,KEN,AFR::KEN,2025-02-10,2025-04-14,outbreak_cumulative,115,24,5,Kenya                  Cholera            Grade 3           17-Feb-25            10-Feb-25          14-Apr-25            115               24             5        4.30%,auto_oew,"AFRO bulletin event row (line 707); CFR 4.3% matches deaths/cases; start = 1 January reset, else earlier of notification and reporting-period start"
oew:2025:15,SSD,AFR::SSD,2024-09-28,2025-04-09,outbreak_cumulative,46716,,871,"South Sudan                Cholera            Grade 3          11-Oct-24            28-Sep-24           9-Apr-25          46,716              -            871       1.90%",auto_oew,"AFRO bulletin event row (line 880); CFR 1.9% matches deaths/cases; start = 1 January reset, else earlier of notification and reporting-period start"
oew:2025:15,UGA,AFR::UGA::UNSPECIFIED,2025-01-07,2025-03-23,outbreak_cumulative,122,64,3,Uganda                    Cholera          Grade 3         12-Jan-25            7-Jan-25           23-Mar-25           122                64            3        2.50%,auto_oew,"SUBNATIONAL_EVENT | AFRO bulletin event row (line 924); CFR 2.5% matches deaths/cases; start = 1 January reset, else earlier of notification and reporting-period start"
oew:2025:15,ZMB,AFR::ZMB,2024-12-25,2025-03-06,outbreak_cumulative,328,,9,Zambia                    Cholera          Grade 3         30-Dec-24           25-Dec-24           6-Mar-25            328                -             9        2.70%,auto_oew,"AFRO bulletin event row (line 932); CFR 2.7% matches deaths/cases; start = 1 January reset, else earlier of notification and reporting-period start"
oew:2025:15,ZWE,AFR::ZWE,2024-11-04,2025-02-26,outbreak_cumulative,439,74,8,Zimbabwe                    Cholera          Grade 3         12-Nov-24            4-Nov-24           26-Feb-25           439                74            8        1.80%,auto_oew,"AFRO bulletin event row (line 939); CFR 1.8% matches deaths/cases; start = 1 January reset, else earlier of notification and reporting-period start"
oew:2026:6,AGO,AFR::AGO,2025-01-07,2026-01-24,outbreak_cumulative,36463,,901,Angola                    Cholera        Protracted 3        7-Jan-25             8-Jan-25           24-Jan-26            36 463                  -      901        2.50%,auto_oew,"AFRO bulletin event row (line 600); CFR 2.5% matches deaths/cases; start = 1 January reset, else earlier of notification and reporting-period start"
oew:2026:6,BDI,AFR::BDI,2025-01-01,2026-02-08,outbreak_cumulative,3944,3944,16,Burundi                   Cholera        Protracted 3        1-Jan-23             1-Jan-25            8-Feb-26             3 944            3 944         16        0.40%,auto_oew,"AFRO bulletin event row (line 612); CFR 0.4% matches deaths/cases; start = 1 January reset, else earlier of notification and reporting-period start"
oew:2026:6,ETH,AFR::ETH,2025-01-01,2026-01-12,outbreak_cumulative,8520,,84,Ethiopia                    Cholera          Protracted 3   17-Sep-22             1-Jan-25          12-Jan-26             8 520             -            84        1.00%,auto_oew,"AFRO bulletin event row (line 771); CFR 1.0% matches deaths/cases; start = 1 January reset, else earlier of notification and reporting-period start"
oew:2026:6,MWI,AFR::MWI,2025-12-26,2026-02-08,outbreak_cumulative,74,74,3,Malawi                     Cholera          Protracted 3   26-Dec-25            26-Dec-25           8-Feb-26             74               74             3        4.10%,auto_oew,"IMPORTED | AFRO bulletin event row (line 837); CFR 4.1% matches deaths/cases; start = 1 January reset, else earlier of notification and reporting-period start"
oew:2026:6,MOZ,AFR::MOZ,2024-11-30,2026-02-08,outbreak_cumulative,4726,,62,Mozambique                    Cholera          Protracted 3   30-Nov-24             3-Oct-25           8-Feb-26             4 726                 -         62       1.30%,auto_oew,"AFRO bulletin event row (line 872); CFR 1.3% matches deaths/cases; start = 1 January reset, else earlier of notification and reporting-period start"
oew:2026:6,NAM,AFR::NAM,2025-11-19,2026-02-08,outbreak_cumulative,60,52,0,Namibia                    Cholera          Protracted 3   27-Nov-25            19-Nov-25           8-Feb-26             60               52             0        0.00%,auto_oew,"AFRO bulletin event row (line 890); CFR 0.0% matches deaths/cases; start = 1 January reset, else earlier of notification and reporting-period start"
oew:2026:6,SSD,AFR::SSD,2024-09-28,2026-02-03,outbreak_cumulative,97929,,1611,South Sudan                Cholera          Protracted 3        11-Oct-24            28-Sep-24           3-Feb-26            97 929                 -       1 611      1.60%,auto_oew,"AFRO bulletin event row (line 1008); CFR 1.6% matches deaths/cases; start = 1 January reset, else earlier of notification and reporting-period start"
oew:2026:6,ZMB,AFR::ZMB,2024-12-25,2025-12-14,outbreak_cumulative,1094,,18,Zambia                 Cholera          Protracted 3        30-Dec-24            25-Dec-24          14-Dec-25             1 094                     -    18        1.60%,auto_oew,"AFRO bulletin event row (line 1056); CFR 1.6% matches deaths/cases; start = 1 January reset, else earlier of notification and reporting-period start"
oew:2026:6,ZWE,AFR::ZWE::UNSPECIFIED,2026-01-21,2026-01-28,outbreak_cumulative,6,3,1,Zimbabwe                Cholera          Protracted 3       26-Jan-26           21-Jan-26         28-Jan-26                 6             3            1      16.7%,auto_oew,"SUBNATIONAL_EVENT | AFRO bulletin event row (line 1073); CFR 16.7% matches deaths/cases; start = 1 January reset, else earlier of notification and reporting-period start"
oew:2023:14,BDI,AFR::BDI,2023-01-01,2023-03-26,outbreak_cumulative,203,66,1,Burundi          Cholera          Grade 3         1-Jan-23          1-Jan-23        26-Mar-23              203                 66                1              0.5%,auto_oew,"AFRO bulletin event row (line 762); CFR 0.5% matches deaths/cases; start = 1 January reset, else earlier of notification and reporting-period start"
oew:2023:14,CMR,AFR::CMR,2021-08-31,2023-03-30,outbreak_cumulative,15322,1806,311,Cameroon           Cholera         Grade 3         31-Aug-21         25-Oct-21        30-Mar-23             15 322              1 806              311             2.0%,auto_oew,"AFRO bulletin event row (line 814); CFR 2.0% matches deaths/cases; start = 1 January reset, else earlier of notification and reporting-period start"
oew:2023:14,COD,AFR::COD,2023-01-01,2023-03-12,outbreak_cumulative,5901,462,38,Republic of the       Cholera          Grade 3         16-Jan-15          1-Jan-23        12-Mar-23              5 901                462                38              0.6%,auto_oew,"AFRO bulletin event row (line 932); CFR 0.6% matches deaths/cases; start = 1 January reset, else earlier of notification and reporting-period start"
oew:2023:14,ETH,AFR::ETH::UNSPECIFIED,2022-09-17,2023-03-27,outbreak_cumulative,2370,39,51,Ethiopia          Cholera          Grade 3        17-Sep-22         17-Sep-22        27-Mar-23              2 370                39                51              2.2%,auto_oew,"SUBNATIONAL_EVENT | AFRO bulletin event row (line 1048); CFR 2.2% matches deaths/cases; start = 1 January reset, else earlier of notification and reporting-period start"
oew:2023:14,KEN,AFR::KEN,2022-10-16,2023-03-19,outbreak_cumulative,7570,208,121,Kenya           Cholera           Grade 3         19-Oct-22        16-Oct-22        19-Mar-23              7 570                208               121             1.6%,auto_oew,"AFRO bulletin event row (line 1126); CFR 1.6% matches deaths/cases; start = 1 January reset, else earlier of notification and reporting-period start"
oew:2023:14,MWI,AFR::MWI,2022-03-03,2023-04-02,outbreak_cumulative,56633,56633,1719,Malawi           Cholera           Grade 3         3-Mar-22          3-Mar-22         2-Apr-23             56 633               56 633            1 719            3.0%,auto_oew,"AFRO bulletin event row (line 1173); CFR 3.0% matches deaths/cases; start = 1 January reset, else earlier of notification and reporting-period start"
oew:2023:14,MOZ,AFR::MOZ,2022-09-14,2023-03-26,outbreak_cumulative,17810,187,85,Mozambique          Cholera           Grade 3         14-Sep-22        16-Nov-22         26-Mar-23             17 810                187               85              0.5%,auto_oew,"AFRO bulletin event row (line 1233); CFR 0.5% matches deaths/cases; start = 1 January reset, else earlier of notification and reporting-period start"
oew:2023:14,ZAF,AFR::ZAF::UNSPECIFIED,2023-02-03,2023-03-31,outbreak_cumulative,11,11,1,South Africa       Cholera           Grade 3         3-Feb-23          3-Feb-23        31-Mar-23                11                  11                1              9.1%,auto_oew,"SUBNATIONAL_EVENT | AFRO bulletin event row (line 1402); CFR 9.1% matches deaths/cases; start = 1 January reset, else earlier of notification and reporting-period start"
oew:2023:14,SSD,AFR::SSD::UNSPECIFIED,2023-02-22,2023-03-29,outbreak_cumulative,590,13,2,South Sudan         Cholera          Grade 3         7-Mar-23         22-Feb-23        29-Mar-23              590                  13               2              0.3%,auto_oew,"SUBNATIONAL_EVENT | AFRO bulletin event row (line 1452); CFR 0.3% matches deaths/cases; start = 1 January reset, else earlier of notification and reporting-period start"
oew:2023:14,ZMB,AFR::ZMB,2023-01-20,2023-03-27,outbreak_cumulative,291,103,7,Zambia           Cholera           Grade 3         24-Jan-23        20-Jan-23        27-Mar-23               291                 103               7              2.4%,auto_oew,"AFRO bulletin event row (line 1551); CFR 2.4% matches deaths/cases; start = 1 January reset, else earlier of notification and reporting-period start"
oew:2023:14,ZWE,AFR::ZWE,2023-02-12,2023-03-27,outbreak_cumulative,237,25,6,Zimbabwe          Cholera           Grade 3         23-Feb-23        12-Feb-23        27-Mar-23               237                 25                6              2.5%,auto_oew,"AFRO bulletin event row (line 1565); CFR 2.5% matches deaths/cases; start = 1 January reset, else earlier of notification and reporting-period start"
oew:2026:10,AGO,AFR::AGO,2025-01-07,2026-03-08,outbreak_cumulative,36670,,904,Angola                     Cholera          Protracted 3      7-Jan-25               8-Jan-25         8-Mar-26         36 670                 -       904        2.50%,auto_oew,"AFRO bulletin event row (line 682); CFR 2.5% matches deaths/cases; start = 1 January reset, else earlier of notification and reporting-period start"
oew:2026:10,BDI,AFR::BDI,2025-01-01,2026-03-08,outbreak_cumulative,4051,4051,16,Burundi                    Cholera          Protracted 3      1-Jan-23               1-Jan-25         8-Mar-26          4 051            4 051         16        0.40%,auto_oew,"AFRO bulletin event row (line 699); CFR 0.4% matches deaths/cases; start = 1 January reset, else earlier of notification and reporting-period start"
oew:2026:10,MWI,AFR::MWI,2025-12-26,2026-03-08,outbreak_cumulative,1177,174,4,Malawi                      Cholera          Protracted 3   26-Dec-25           26-Dec-25           8-Mar-26              1 177           174            4         0.30%,auto_oew,"AFRO bulletin event row (line 902); CFR 0.3% matches deaths/cases; start = 1 January reset, else earlier of notification and reporting-period start"
oew:2026:10,NAM,AFR::NAM,2025-11-19,2026-03-01,outbreak_cumulative,78,70,0,Namibia                 Cholera           Protracted 3        27-Nov-25            19-Nov-25            1-Mar-26              78                70             0         0.00%,auto_oew,"AFRO bulletin event row (line 978); CFR 0.0% matches deaths/cases; start = 1 January reset, else earlier of notification and reporting-period start"
oew:2026:10,SSD,AFR::SSD,2024-09-28,2026-03-01,outbreak_cumulative,99230,,1643,South Sudan                Cholera          Protracted 3        11-Oct-24            28-Sep-24           1-Mar-26            99 230                 -       1 643       1.70%,auto_oew,"AFRO bulletin event row (line 1080); CFR 1.7% matches deaths/cases; start = 1 January reset, else earlier of notification and reporting-period start"
oew:2026:10,ZMB,AFR::ZMB,2024-12-25,2025-12-14,outbreak_cumulative,1094,,18,Zambia                 Cholera          Protracted 3        30-Dec-24            25-Dec-24          14-Dec-25              1 094                    -     18        1.60%,auto_oew,"AFRO bulletin event row (line 1120); CFR 1.6% matches deaths/cases; start = 1 January reset, else earlier of notification and reporting-period start"
oew:2026:10,ZWE,AFR::ZWE::UNSPECIFIED,2026-01-21,2026-01-28,outbreak_cumulative,6,3,1,Zimbabwe                 Cholera          Protracted 3        26-Jan-26            21-Jan-26           28-Jan-26             6                3             1        16.70%,auto_oew,"SUBNATIONAL_EVENT | AFRO bulletin event row (line 1126); CFR 16.7% matches deaths/cases; start = 1 January reset, else earlier of notification and reporting-period start"
oew:2020:19,BDI,AFR::BDI,2020-02-20,2020-04-30,outbreak_cumulative,67,0,0,Burundi          Cholera        Ungraded        20-Feb-20        20-Feb-20        30-Apr-20             67              0                 0                 0.00%,auto_oew,"AFRO bulletin event row (line 502); CFR 0.0% matches deaths/cases; start = 1 January reset, else earlier of notification and reporting-period start"
oew:2020:19,CMR,AFR::CMR,2019-03-01,2020-02-25,outbreak_cumulative,1449,285,71,Cameroon          Cholera         Ungraded        1-Mar-19         1-Mar-19         25-Feb-20           1 449            285               71                 4.90%,auto_oew,"AFRO bulletin event row (line 604); CFR 4.9% matches deaths/cases; start = 1 January reset, else earlier of notification and reporting-period start"
oew:2020:19,COD,AFR::COD,2020-01-01,2020-04-19,outbreak_cumulative,8214,,101,Republic of        Cholera         Grade 3        16-Jan-15        1-Jan-20         19-Apr-20          8 214              -               101                1.20%,auto_oew,"AFRO bulletin event row (line 703); CFR 1.2% matches deaths/cases; start = 1 January reset, else earlier of notification and reporting-period start"
oew:2020:19,KEN,AFR::KEN,2020-01-01,2020-02-16,outbreak_cumulative,253,3,1,Kenya           Cholera        Ungraded        21-Jan-19        1-Jan-20         16-Feb-20            253              3                 1                0.40%,auto_oew,"AFRO bulletin event row (line 832); CFR 0.4% matches deaths/cases; start = 1 January reset, else earlier of notification and reporting-period start"
oew:2020:19,MOZ,AFR::MOZ,2020-01-31,2020-03-30,outbreak_cumulative,2305,1,18,Mozambique         Cholera         Ungraded        20-Feb-20       31-Jan-20        30-Mar-20           2 305             1                18                 0.80%,auto_oew,"AFRO bulletin event row (line 906); CFR 0.8% matches deaths/cases; start = 1 January reset, else earlier of notification and reporting-period start"
oew:2022:15,BEN,AFR::BEN,2021-03-28,2022-03-13,outbreak_cumulative,1679,46,20,Benin           Cholera          Grade 1        28-Mar-21        28-Mar-21        13-Mar-22           1 679             46               20              1.2%,auto_oew,"AFRO bulletin event row (line 565); CFR 1.2% matches deaths/cases; start = 1 January reset, else earlier of notification and reporting-period start"
oew:2022:15,CMR,AFR::CMR,2021-01-01,2022-03-27,outbreak_cumulative,3407,168,83,Cameroon           Cholera         Grade 2          1-Jan-21         25-Oct-21        27-Mar-22          3 407              168               83             2.4%,auto_oew,"AFRO bulletin event row (line 625); CFR 2.4% matches deaths/cases; start = 1 January reset, else earlier of notification and reporting-period start"
oew:2022:15,COD,AFR::COD,2022-01-01,2022-03-27,outbreak_cumulative,4565,,60,Republic of the     Cholera          Grade 3         16-Jan-15         1-Jan-22         27-Mar-22         4 565               -               60              1.3%,auto_oew,"AFRO bulletin event row (line 768); CFR 1.3% matches deaths/cases; start = 1 January reset, else earlier of notification and reporting-period start"
oew:2022:15,MWI,AFR::MWI,2022-03-03,2022-04-10,outbreak_cumulative,63,9,3,Malawi           Cholera         Ungraded         3-Mar-22         3-Mar-22          10-Apr-2022         63                9                3              4.8%,auto_oew,"AFRO bulletin event row (line 1031); CFR 4.8% matches deaths/cases; start = 1 January reset, else earlier of notification and reporting-period start"
oew:2020:23,BDI,AFR::BDI,2020-02-20,2020-05-03,outbreak_cumulative,70,0,0,Burundi          Cholera        Ungraded        20-Feb-20        20-Feb-20         3-May-20             70               0                0                  0.00%,auto_oew,"AFRO bulletin event row (line 547); CFR 0.0% matches deaths/cases; start = 1 January reset, else earlier of notification and reporting-period start"
oew:2020:23,CMR,AFR::CMR,2019-03-01,2020-02-25,outbreak_cumulative,1449,285,71,Cameroon          Cholera         Ungraded        1-Mar-19         1-Mar-19         25-Feb-20           1 449            285               71                 4.90%,auto_oew,"AFRO bulletin event row (line 594); CFR 4.9% matches deaths/cases; start = 1 January reset, else earlier of notification and reporting-period start"
oew:2020:23,COD,AFR::COD,2020-01-01,2020-05-17,outbreak_cumulative,9630,,121,Republic of       Cholera          Grade 3       16-Jan-15        1-Jan-20         17-May-20           9 630             -               121                1.30%,auto_oew,"AFRO bulletin event row (line 707); CFR 1.3% matches deaths/cases; start = 1 January reset, else earlier of notification and reporting-period start"
oew:2020:23,KEN,AFR::KEN,2020-01-01,2020-05-17,outbreak_cumulative,555,14,13,Kenya           Cholera        Ungraded        21-Jan-19        1-Jan-20        17-May-20           555              14                13               2.30%,auto_oew,"AFRO bulletin event row (line 851); CFR 2.3% matches deaths/cases; start = 1 January reset, else earlier of notification and reporting-period start"
oew:2020:23,MOZ,AFR::MOZ,2020-01-31,2020-03-30,outbreak_cumulative,2305,1,18,Mozambique         Cholera         Ungraded        20-Feb-20        31-Jan-20        30-Mar-20            2 305             1                18                 0.80%,auto_oew,"AFRO bulletin event row (line 947); CFR 0.8% matches deaths/cases; start = 1 January reset, else earlier of notification and reporting-period start"
oew:2020:23,UGA,AFR::UGA::UNSPECIFIED,2020-04-29,2020-05-29,outbreak_cumulative,235,7,4,Uganda           Cholera        Ungraded        11-May-20        29-Apr-20        29-May-20            235              7                4                 1.70%,auto_oew,"SUBNATIONAL_EVENT | AFRO bulletin event row (line 1102); CFR 1.7% matches deaths/cases; start = 1 January reset, else earlier of notification and reporting-period start"
oew:2020:16,CMR,AFR::CMR,2019-03-01,2020-02-25,outbreak_cumulative,1449,285,71,Cameroon          Cholera        Ungraded        1-Mar-19        1-Mar-19          25-Feb-20          1 449            285                71                4.90%,auto_oew,"AFRO bulletin event row (line 532); CFR 4.9% matches deaths/cases; start = 1 January reset, else earlier of notification and reporting-period start"
oew:2020:16,COD,AFR::COD,2020-01-01,2020-03-22,outbreak_cumulative,6279,,73,Republic of        Cholera         Grade 3       16-Jan-15        1-Jan-20         22-Mar-20           6 279             -                73                1.20%,auto_oew,"AFRO bulletin event row (line 636); CFR 1.2% matches deaths/cases; start = 1 January reset, else earlier of notification and reporting-period start"
oew:2020:16,KEN,AFR::KEN,2020-01-01,2020-02-16,outbreak_cumulative,253,3,1,Kenya           Cholera       Ungraded        21-Jan-19        1-Jan-20         16-Feb-20           253              3                 1                 0.40%,auto_oew,"AFRO bulletin event row (line 760); CFR 0.4% matches deaths/cases; start = 1 January reset, else earlier of notification and reporting-period start"
oew:2020:16,MOZ,AFR::MOZ,2020-01-31,2020-03-20,outbreak_cumulative,1506,1,15,Mozambique         Cholera         Ungraded       20-Feb-20        31-Jan-20        20-Mar-20           1 506              1                15                 1.00%,auto_oew,"AFRO bulletin event row (line 836); CFR 1.0% matches deaths/cases; start = 1 January reset, else earlier of notification and reporting-period start"
iris:6eaee94f-c098-4201-94d7-d1a5f286be7a,CMR,AFR::CMR,2021-01-01,2022-12-08,outbreak_cumulative,15003,1792,298,Cameroon           Cholera          Grade 2          1-Jan-21         25-Oct-21         8-Dec-22              15 003               1 792             298              2.0%,auto_oew,"AFRO bulletin event row (line 641); CFR 2.0% matches deaths/cases; start = 1 January reset, else earlier of notification and reporting-period start"
iris:6eaee94f-c098-4201-94d7-d1a5f286be7a,COD,AFR::COD,2015-01-16,2022-11-27,outbreak_cumulative,14145,1310,247,Republic of the      Cholera         Grade 3         16-Jan-15         3-Jan-22         27-Nov-22             14 145              1 310             247              1.7%,auto_oew,"AFRO bulletin event row (line 804); CFR 1.7% matches deaths/cases; start = 1 January reset, else earlier of notification and reporting-period start"
iris:6eaee94f-c098-4201-94d7-d1a5f286be7a,ETH,AFR::ETH,2022-09-17,2022-12-19,outbreak_cumulative,691,15,24,Ethiopia          Cholera         Ungraded         17-Sep-22         17-Sep-22        19-Dec-22               691                  15               24              3.5%,auto_oew,"AFRO bulletin event row (line 898); CFR 3.5% matches deaths/cases; start = 1 January reset, else earlier of notification and reporting-period start"
iris:6eaee94f-c098-4201-94d7-d1a5f286be7a,KEN,AFR::KEN,2022-10-16,2022-12-18,outbreak_cumulative,2959,105,55,Kenya           Cholera          Ungraded         19-Oct-22        16-Oct-22        18-Dec-22              2 959                105              55              1.9%,auto_oew,"AFRO bulletin event row (line 990); CFR 1.9% matches deaths/cases; start = 1 January reset, else earlier of notification and reporting-period start"
iris:6eaee94f-c098-4201-94d7-d1a5f286be7a,MWI,AFR::MWI,2022-03-03,2022-12-25,outbreak_cumulative,15064,15064,470,Malawi           Cholera          Grade 2          3-Mar-22          3-Mar-22         25-Dec-22              15 064              15 064             470              3.1%,auto_oew,"AFRO bulletin event row (line 1054); CFR 3.1% matches deaths/cases; start = 1 January reset, else earlier of notification and reporting-period start"
iris:6eaee94f-c098-4201-94d7-d1a5f286be7a,MOZ,AFR::MOZ,2022-03-23,2022-12-18,outbreak_cumulative,3930,16,21,Mozambique          Cholera          Ungraded         23-Mar-22        25-Jun-22        18-Dec-22              3 930                 16               21              0.5%,auto_oew,"AFRO bulletin event row (line 1116); CFR 0.5% matches deaths/cases; start = 1 January reset, else earlier of notification and reporting-period start"
iris:6eaee94f-c098-4201-94d7-d1a5f286be7a,SSD,AFR::SSD,2022-03-21,2022-11-20,outbreak_cumulative,424,56,1,South Sudan         Cholera         Ungraded         21-Apr-22        21-Mar-22        20-Nov-22              424                  56                1              0.2%,auto_oew,"AFRO bulletin event row (line 1328); CFR 0.2% matches deaths/cases; start = 1 January reset, else earlier of notification and reporting-period start"
iris:6eaee94f-c098-4201-94d7-d1a5f286be7a,ZWE,AFR::ZWE,2022-11-22,2022-11-24,outbreak_cumulative,2,2,0,Zimbabwe          Cholera         Ungraded         22-Nov-22        24-Nov-22        24-Nov-22                2                   2                0              0.0%,auto_oew,"AFRO bulletin event row (line 1433); CFR 0.0% matches deaths/cases; start = 1 January reset, else earlier of notification and reporting-period start"
oew:2019:49,BDI,AFR::BDI,2019-06-01,2019-11-05,outbreak_cumulative,1064,288,6,Burundi           Cholera           Ungraded       5-Jun-19       1-Jun-19        5-Nov-19         1 064           288              6                      0.60%,auto_oew,"AFRO bulletin event row (line 516); CFR 0.6% matches deaths/cases; start = 1 January reset, else earlier of notification and reporting-period start"
oew:2019:49,CMR,AFR::CMR,2019-03-01,2019-12-05,outbreak_cumulative,1071,110,53,Cameroon           Cholera           Ungraded       1-Mar-19       1-Mar-19        5-Dec-19         1 071           110             53                      4.90%,auto_oew,"AFRO bulletin event row (line 541); CFR 4.9% matches deaths/cases; start = 1 January reset, else earlier of notification and reporting-period start"
oew:2019:49,COD,AFR::COD,2019-01-01,2019-11-03,outbreak_cumulative,26505,,465,Republic of         Cholera           Grade 3       16-Jan-15       1-Jan-19        3-Nov-19        26 505             -            465                      1.80%,auto_oew,"AFRO bulletin event row (line 655); CFR 1.8% matches deaths/cases; start = 1 January reset, else earlier of notification and reporting-period start"
oew:2019:49,ETH,AFR::ETH,2019-05-12,2019-12-01,outbreak_cumulative,2089,60,21,Ethiopia          Cholera          Ungraded       14-May-19      12-May-19        1-Dec-19         2 089            60             21                      1.00%,auto_oew,"AFRO bulletin event row (line 693); CFR 1.0% matches deaths/cases; start = 1 January reset, else earlier of notification and reporting-period start"
oew:2019:49,KEN,AFR::KEN,2019-01-02,2019-12-01,outbreak_cumulative,4758,222,37,Kenya            Cholera          Ungraded       21-Jan-19       2-Jan-19       1-Dec-19         4 758            222             37                     0.80%,auto_oew,"AFRO bulletin event row (line 730); CFR 0.8% matches deaths/cases; start = 1 January reset, else earlier of notification and reporting-period start"
oew:2019:49,NGA,AFR::NGA::UNSPECIFIED,2019-05-15,2019-12-06,outbreak_cumulative,839,206,4,Nigeria           Cholera           Ungraded       19-Jun-19      15-May-19        6-Dec-19          839            206              4                      0.50%,auto_oew,"SUBNATIONAL_EVENT | AFRO bulletin event row (line 802); CFR 0.5% matches deaths/cases; start = 1 January reset, else earlier of notification and reporting-period start"
oew:2018:15,ZWE,AFR::ZWE,2018-04-05,2018-04-11,outbreak_cumulative,8,3,2,Zimbabwe         Cholera     Ungraded   7-Apr-18    5-Apr-18    11-Apr-18     8           3         2          25.0%   Detailed update given above.,auto_oew,"AFRO bulletin event row (line 473); CFR 25.0% matches deaths/cases; start = 1 January reset, else earlier of notification and reporting-period start"
oew:2018:15,AGO,AFR::AGO,2017-12-21,2018-04-01,outbreak_cumulative,841,5,13,Angola           Cholera       G1       2-Jan-18    21-Dec-17   1-Apr-18     841          5         13          1.5%   the seat of the provinces and,auto_oew,"AFRO bulletin event row (line 490); CFR 1.5% matches deaths/cases; start = 1 January reset, else earlier of notification and reporting-period start"
oew:2018:15,COD,AFR::COD,2018-01-01,2018-03-24,outbreak_cumulative,7961,0,185,"Republic of     Cholera           G3         16-Jan-15   1-Jan-18    24-Mar-18   7 961       0        185     2.3%    DRC. In week 12, there were",auto_oew,"AFRO bulletin event row (line 671); CFR 2.3% matches deaths/cases; start = 1 January reset, else earlier of notification and reporting-period start"
oew:2018:15,KEN,AFR::KEN,2018-01-01,2018-04-08,outbreak_cumulative,2399,108,51,Kenya         Cholera        G1       6-Mar-17     1-Jan-18    8-Apr-18    2 399       108        51     2.1%,auto_oew,"AFRO bulletin event row (line 815); CFR 2.1% matches deaths/cases; start = 1 January reset, else earlier of notification and reporting-period start"
oew:2018:15,MWI,AFR::MWI::UNSPECIFIED,2017-11-20,2018-04-08,outbreak_cumulative,889,195,30,Malawi        Cholera      Ungraded   28-Nov-17    20-Nov-17   8-Apr-18     889        195        30     3.4%    cases and 3 deaths during week,auto_oew,"SUBNATIONAL_EVENT | AFRO bulletin event row (line 872); CFR 3.4% matches deaths/cases; start = 1 January reset, else earlier of notification and reporting-period start"
oew:2018:15,ZAF,AFR::ZAF,2018-02-26,2018-03-10,outbreak_cumulative,1,1,0,South Africa     Cholera       Ungraded      26-Feb-18   6-Mar-18     10-Mar-18       1          1         0      0.0%,auto_oew,"AFRO bulletin event row (line 1197); CFR 0.0% matches deaths/cases; start = 1 January reset, else earlier of notification and reporting-period start"
oew:2018:15,TZA,AFR::TZA::UNSPECIFIED,2018-01-01,2018-03-25,outbreak_cumulative,1445,,27,Tanzania       Cholera           G1       20-Aug-15   1-Jan-18    25-Mar-18   1 445       -         27     1.9%,auto_oew,"SUBNATIONAL_EVENT | AFRO bulletin event row (line 1285); CFR 1.9% matches deaths/cases; start = 1 January reset, else earlier of notification and reporting-period start"
oew:2018:15,UGA,AFR::UGA::UNSPECIFIED,2018-02-12,2018-04-11,outbreak_cumulative,2091,24,44,Uganda         Cholera           G1       15-Feb-18   12-Feb-18   11-Apr-18   2 091      24         44     2.1%   Detailed update given above.,auto_oew,"SUBNATIONAL_EVENT | AFRO bulletin event row (line 1322); CFR 2.1% matches deaths/cases; start = 1 January reset, else earlier of notification and reporting-period start"
oew:2018:15,ZMB,AFR::ZMB,2017-10-04,2018-04-04,outbreak_cumulative,5440,565,109,Zambia         Cholera           G1       4-Oct-17    4-Oct-17    4-Apr-18    5 440      565       109     2.0%,auto_oew,"AFRO bulletin event row (line 1333); CFR 2.0% matches deaths/cases; start = 1 January reset, else earlier of notification and reporting-period start"
oew:2020:51,CMR,AFR::CMR::UNSPECIFIED,2020-01-01,2020-12-16,outbreak_cumulative,1952,68,87,Cameroon          Cholera         Ungraded        1-Mar-19         1-Jan-20         16-Dec-20           1 952            68                87                4.50%,auto_oew,"SUBNATIONAL_EVENT | AFRO bulletin event row (line 534); CFR 4.5% matches deaths/cases; start = 1 January reset, else earlier of notification and reporting-period start"
oew:2020:51,COD,AFR::COD,2020-01-01,2020-12-05,outbreak_cumulative,18504,,301,Republic of       Cholera          Grade 3        16-Jan-15        1-Jan-20         5-Dec-20           18 504             -               301                1.60%,auto_oew,"AFRO bulletin event row (line 632); CFR 1.6% matches deaths/cases; start = 1 January reset, else earlier of notification and reporting-period start"
oew:2020:51,KEN,AFR::KEN,2020-01-01,2020-08-28,outbreak_cumulative,711,27,13,Kenya           Cholera         Ungraded       21-Jan-19        1-Jan-20         28-Aug-20            711             27                13                1.80%,auto_oew,"AFRO bulletin event row (line 759); CFR 1.8% matches deaths/cases; start = 1 January reset, else earlier of notification and reporting-period start"
oew:2020:51,MOZ,AFR::MOZ::UNSPECIFIED,2020-01-31,2020-10-21,outbreak_cumulative,1698,38,27,Mozambique         Cholera         Ungraded        20-Feb-20        31-Jan-20        21-Oct-20           1 698             38               27                 1.60%,auto_oew,"SUBNATIONAL_EVENT | AFRO bulletin event row (line 859); CFR 1.6% matches deaths/cases; start = 1 January reset, else earlier of notification and reporting-period start"
oew:2020:51,TGO,AFR::TGO,2020-11-11,2020-12-20,outbreak_cumulative,58,14,2,Togo           Cholera         Ungraded       17-Nov-20        11-Nov-20         20-Dec-20            58              14                2                 3.40%,auto_oew,"AFRO bulletin event row (line 1009); CFR 3.4% matches deaths/cases; start = 1 January reset, else earlier of notification and reporting-period start"
oew:2020:51,UGA,AFR::UGA,2020-04-29,2020-09-07,outbreak_cumulative,1488,17,6,Uganda          Cholera         Ungraded        11-May-20        29-Apr-20         7-Sep-20            1 488            17                 6                 0.40%,auto_oew,"AFRO bulletin event row (line 1046); CFR 0.4% matches deaths/cases; start = 1 January reset, else earlier of notification and reporting-period start"
oew:2019:31,BEN,AFR::BEN,2019-07-03,2019-08-01,outbreak_cumulative,23,10,0,Benin       Cholera    Ungraded   5-Jul-2019    3-Jul-2019   1-Aug-2019     23        10         0       0.0%,auto_oew,"AFRO bulletin event row (line 750); CFR 0.0% matches deaths/cases; start = 1 January reset, else earlier of notification and reporting-period start"
oew:2019:31,BDI,AFR::BDI,2019-06-01,2019-07-28,outbreak_cumulative,199,32,1,Burundi     Cholera       Ungraded   5-Jun-2019    1-Jun-2019   28-Jul-2019     199        32           1       0.5%    from Bujumbura Centre health,auto_oew,"AFRO bulletin event row (line 828); CFR 0.5% matches deaths/cases; start = 1 January reset, else earlier of notification and reporting-period start"
oew:2019:31,CMR,AFR::CMR,2019-03-01,2019-07-26,outbreak_cumulative,313,81,18,Cameroon     Cholera       Ungraded    1-Mar-2019    1-Mar-2019    26-Jul-2019   313        81         18     5.8%,auto_oew,"AFRO bulletin event row (line 920); CFR 5.8% matches deaths/cases; start = 1 January reset, else earlier of notification and reporting-period start"
oew:2019:31,TCD,AFR::TCD,2019-07-12,2019-07-28,outbreak_cumulative,15,2,1,Chad    Cholera   Ungraded    19-Jul-2019   12-Jul-2019   28-Jul-2019    15         2          1      6.7%,auto_oew,"AFRO bulletin event row (line 1066); CFR 6.7% matches deaths/cases; start = 1 January reset, else earlier of notification and reporting-period start"
oew:2019:31,KEN,AFR::KEN,2019-01-02,2019-07-21,outbreak_cumulative,3465,141,24,"Kenya      Cholera      Ungraded   21-Jan-2019   2-Jan-2019   21-Jul-2019   3 465     141         24     0.7%    active in six Counties: Nairobi,",auto_oew,"AFRO bulletin event row (line 1383); CFR 0.7% matches deaths/cases; start = 1 January reset, else earlier of notification and reporting-period start"
oew:2019:31,UGA,AFR::UGA::UNSPECIFIED,2019-06-23,2019-07-14,outbreak_cumulative,46,7,1,Uganda      Cholera       Ungraded   27-Jun-2019   23-Jun-2019   14-Jul-2019    46        7           1      2.2%,auto_oew,"SUBNATIONAL_EVENT | AFRO bulletin event row (line 1962); CFR 2.2% matches deaths/cases; start = 1 January reset, else earlier of notification and reporting-period start"
oew:2025:5,AGO,AFR::AGO,2024-12-31,2025-01-28,outbreak_cumulative,1216,289,48,"Angola                       Cholera         Grade 3          7-Jan-25           31-Dec-24          28-Jan-25         1,216             289            48        3.90%",auto_oew,"AFRO bulletin event row (line 540); CFR 3.9% matches deaths/cases; start = 1 January reset, else earlier of notification and reporting-period start"
oew:2025:5,GHA,AFR::GHA,2024-08-31,2025-01-14,outbreak_cumulative,5293,460,42,Ghana                  Cholera            Grade 3          31-Aug-24              1-Oct-24          14-Jan-25         5293              460            42        0.80%,auto_oew,"AFRO bulletin event row (line 743); CFR 0.8% matches deaths/cases; start = 1 January reset, else earlier of notification and reporting-period start"
oew:2025:5,SSD,AFR::SSD::UNSPECIFIED,2024-09-28,2025-01-28,outbreak_cumulative,25612,,488,"South Sudan                  Cholera         Grade 3          11-Oct-24            28-Sep-24          28-Jan-25        25,612               -           488        1.90%",auto_oew,"SUBNATIONAL_EVENT | AFRO bulletin event row (line 943); CFR 1.9% matches deaths/cases; start = 1 January reset, else earlier of notification and reporting-period start"
oew:2025:5,UGA,AFR::UGA::UNSPECIFIED,2025-01-07,2025-01-17,outbreak_cumulative,87,11,1,Uganda                    Cholera         Grade 3          12-Jan-25             7-Jan-25          17-Jan-25           87               11            1         1.10%,auto_oew,"SUBNATIONAL_EVENT | AFRO bulletin event row (line 970); CFR 1.1% matches deaths/cases; start = 1 January reset, else earlier of notification and reporting-period start"
oew:2025:5,ZMB,AFR::ZMB::UNSPECIFIED,2024-12-25,2025-01-29,outbreak_cumulative,96,2,5,Zambia                    Cholera         Grade 3          30-Dec-24            25-Dec-24          29-Jan-25           96               2             5         5.20%,auto_oew,"SUBNATIONAL_EVENT | AFRO bulletin event row (line 989); CFR 5.2% matches deaths/cases; start = 1 January reset, else earlier of notification and reporting-period start"
oew:2025:5,SSD,AFR::SSD::UNSPECIFIED,2024-10-11,2025-01-06,outbreak_cumulative,17356,,254,"South Sudan               Cholera            Grade 3           11-Oct-24             25-Oct-24          6-Jan-25         17,356               -           254        1.50%",auto_oew,"SUBNATIONAL_EVENT | AFRO bulletin event row (line 1047); CFR 1.5% matches deaths/cases; start = 1 January reset, else earlier of notification and reporting-period start"
oew:2025:5,UGA,AFR::UGA::UNSPECIFIED,2025-01-07,2025-01-17,outbreak_cumulative,87,11,1,Uganda                 Cholera            Grade 3           12-Jan-25             7-Jan-25          17-Jan-25           87                11             1        1.10%,auto_oew,"SUBNATIONAL_EVENT | AFRO bulletin event row (line 1077); CFR 1.1% matches deaths/cases; start = 1 January reset, else earlier of notification and reporting-period start"
oew:2025:5,ZMB,AFR::ZMB::UNSPECIFIED,2024-12-25,2024-12-30,outbreak_cumulative,13,2,0,Zambia                  Cholera            Grade 3          30-Dec-24            25-Dec-24          30-Dec-24           13               2             0         0.00%,auto_oew,"SUBNATIONAL_EVENT | AFRO bulletin event row (line 1098); CFR 0.0% matches deaths/cases; start = 1 January reset, else earlier of notification and reporting-period start"
oew:2019:7,BDI,AFR::BDI,2018-12-25,2019-02-10,outbreak_cumulative,185,19,2,Burundi       Cholera       Ungraded    28-Dec-18     25-Dec-18   10-Feb-19   185      19        2       1.10%   monge district reported 0 suspected,auto_oew,"AFRO bulletin event row (line 406); CFR 1.1% matches deaths/cases; start = 1 January reset, else earlier of notification and reporting-period start"
oew:2019:7,CMR,AFR::CMR,2018-05-18,2019-01-23,outbreak_cumulative,997,81,58,Cameroon          Cholera          G1       24-May-18     18-May-18   23-Jan-19   997      81         58     5.80%    reported new cases since 27 August,auto_oew,"AFRO bulletin event row (line 464); CFR 5.8% matches deaths/cases; start = 1 January reset, else earlier of notification and reporting-period start"
oew:2019:7,COD,AFR::COD,2019-01-01,2019-01-27,outbreak_cumulative,2705,,71,Republic of the     Cholera         G3       16-Jan-15     01-Jan-19   27-Jan-19   2 705      -        71     2.60%   Detailed update given above.,auto_oew,"AFRO bulletin event row (line 587); CFR 2.6% matches deaths/cases; start = 1 January reset, else earlier of notification and reporting-period start"
oew:2019:7,KEN,AFR::KEN,2019-01-02,2019-02-11,outbreak_cumulative,716,34,2,Kenya      Cholera      Ungraded   21-Jan-19     02-Jan-19   11-Feb-19   716      34        2      0.30%,auto_oew,"AFRO bulletin event row (line 718); CFR 0.3% matches deaths/cases; start = 1 January reset, else earlier of notification and reporting-period start"
oew:2019:7,NER,AFR::NER,2018-07-13,2018-12-16,outbreak_cumulative,3824,43,78,Niger      Cholera          G2       13-Jul-18     13-Jul-18   16-Dec-18   3 824    43        78     2.00%,auto_oew,"AFRO bulletin event row (line 890); CFR 2.0% matches deaths/cases; start = 1 January reset, else earlier of notification and reporting-period start"
oew:2019:7,UGA,AFR::UGA::UNSPECIFIED,2019-01-02,2019-02-10,outbreak_cumulative,53,22,3,Uganda      Cholera       Ungraded   09-Jan-19     02-Jan-19   10-Feb-19    53       22          3      5.7%     Detailed update given above.,auto_oew,"SUBNATIONAL_EVENT | AFRO bulletin event row (line 1132); CFR 5.7% matches deaths/cases; start = 1 January reset, else earlier of notification and reporting-period start"
oew:2019:7,ZWE,AFR::ZWE::UNSPECIFIED,2018-09-06,2019-01-16,outbreak_cumulative,10680,302,68,Zimbabwe     Cholera         G2       06-Sep-18     06-Sep-18   16-Jan-19   10 680    302        68      0.60%,auto_oew,"SUBNATIONAL_EVENT | AFRO bulletin event row (line 1163); CFR 0.6% matches deaths/cases; start = 1 January reset, else earlier of notification and reporting-period start"
oew:2017:45,AGO,AFR::AGO,2017-01-01,2017-10-22,outbreak_cumulative,375,,21,Angola           Cholera       G1       15-Dec-16   1-Jan-17    22-Oct-17      375            -         21     5.6%   (2). Only one new case (from,auto_oew,"AFRO bulletin event row (line 460); CFR 5.6% matches deaths/cases; start = 1 January reset, else earlier of notification and reporting-period start"
oew:2017:45,BDI,AFR::BDI,2017-08-15,2017-10-30,outbreak_cumulative,147,,0,Burundi          Cholera     Ungraded   20-Aug-17   15-Aug-17   30-Oct-17      147            -         0      0.0%   a cumulative total of 147 cas-,auto_oew,"AFRO bulletin event row (line 499); CFR 0.0% matches deaths/cases; start = 1 January reset, else earlier of notification and reporting-period start"
oew:2017:45,TCD,AFR::TCD,2017-08-14,2017-10-22,outbreak_cumulative,895,6,65,Chad              Cholera        G1       19-Aug-17   14-Aug-17   22-Oct-17      895            6         65     7.3%,auto_oew,"AFRO bulletin event row (line 607); CFR 7.3% matches deaths/cases; start = 1 January reset, else earlier of notification and reporting-period start"
oew:2017:45,COD,AFR::COD,2017-01-01,2017-11-03,outbreak_cumulative,42334,,838,"Republic of       Cholera                 16-Jan-15   1-Jan-17    3-Nov-17      42 334          -        838     2.0%   suspected cases, 67 deaths).",auto_oew,"AFRO bulletin event row (line 650); CFR 2.0% matches deaths/cases; start = 1 January reset, else earlier of notification and reporting-period start"
oew:2017:45,KEN,AFR::KEN,2017-01-01,2017-10-26,outbreak_cumulative,3304,596,60,Kenya           Cholera          G1       6-Mar-17      1-Jan-17    26-Oct-17      3 304          596        60     1.8%,auto_oew,"AFRO bulletin event row (line 753); CFR 1.8% matches deaths/cases; start = 1 January reset, else earlier of notification and reporting-period start"
oew:2017:45,SSD,AFR::SSD,2016-08-25,2017-10-15,outbreak_cumulative,21097,1585,418,South Sudan        Cholera      Ungraded   25-Aug-16   18-Jun-17   15-Oct-17     21 097        1 585      418     2.0%,auto_oew,"AFRO bulletin event row (line 1080); CFR 2.0% matches deaths/cases; start = 1 January reset, else earlier of notification and reporting-period start"
oew:2017:45,TZA,AFR::TZA,2017-01-01,2017-11-05,outbreak_cumulative,3801,,64,Tanzania           Cholera        G1       20-Aug-15   1-Jan-17    5-Nov-17      3 801           -         64     1.7%   Detailed update given above.,auto_oew,"AFRO bulletin event row (line 1089); CFR 1.7% matches deaths/cases; start = 1 January reset, else earlier of notification and reporting-period start"
oew:2017:45,UGA,AFR::UGA,2017-09-25,2017-10-17,outbreak_cumulative,168,15,3,Uganda           Cholera      Ungraded   28-Sep-17   25-Sep-17   17-Oct-17       168           15           3          1.8%,auto_oew,"AFRO bulletin event row (line 1136); CFR 1.8% matches deaths/cases; start = 1 January reset, else earlier of notification and reporting-period start"
oew:2017:45,ZMB,AFR::ZMB::UNSPECIFIED,2017-10-04,2017-11-09,outbreak_cumulative,135,95,3,Zambia           Cholera      Ungraded   4-Oct-17    4-Oct-17     9-Nov-17       135           95           3          2.2%,auto_oew,"SUBNATIONAL_EVENT | AFRO bulletin event row (line 1147); CFR 2.2% matches deaths/cases; start = 1 January reset, else earlier of notification and reporting-period start"
