Index,Source,URL,Description,Date_Range,Data_Type,Status,Reliability_Level,Validation_Status,Search_Technique,Language_Original,Citation_Depth,Cross_References,Discovery_Method,source_database
1,WHO Disease Outbreak News - Togo Cholera 2020,https://www.who.int/emergencies/disease-outbreak-news/item/cholera-togo,WHO official report on the 2020 Maritime/Lome cholera outbreak,2020-09-01 to 2020-12-31,Outbreak Report,Verified,Level 1,PASS,WHO official surveillance,English,High,Multi-source,Agent 1 systematic search,AI
2,WHO AFRO Weekly Bulletin on Outbreaks,https://www.afro.who.int/health-topics/disease-outbreaks/outbreaks-and-other-emergencies-updates,WHO AFRO weekly epidemiological bulletins covering West African outbreaks including Togo,2013-01-01 to 2023-12-31,Surveillance Bulletin,Verified,Level 1,PASS,WHO AFRO surveillance,English,High,Multi-source,Agent 1 systematic search,AI
3,Lessons Learned from the 2003-2004 Lome Cholera Epidemic (AJOL),https://www.ajol.info/index.php/jrsul,"Academic study of the 2003-2004 Lome major cholera epidemic, Universite de Lome Journal de la Recherche Scientifique",2003-06-01 to 2004-05-31,Peer-reviewed Article,Verified,Level 1,PASS,Academic literature search,French,High,Cross-referenced,Agent 1 academic search,AI
4,Africhol Consortium Proceedings (BMC Proceedings 2017),https://bmcproc.biomedcentral.com/articles/10.1186/s12919-016-0068-z,"The African cholera surveillance network (Africhol) consortium meeting, 10-11 June 2015, Lome, Togo. BMC Proceedings 2017;11(Suppl 1). Open full text at PMC5301166. READ IN FULL BY AGENT 5 2026-09-19 AND FOUND TO CONTAIN NO TOGO CASE COUNTS AT ALL. Its complete Togo content is: the meeting venue; a participant affiliation (Institut National d'Hygiene, Lome); a statement that laboratory positivity rates ranged from under 30 per cent in Kenya and Mozambique to over 60 per cent in Togo, Tanzania and Zimbabwe; a note that geographic case clusters were seen in specific neighbourhoods of Lome; a serotype note that Ogawa predominated; and an environmental-surveillance result that no V. cholerae was found in the environment between epidemics while V. cholerae O1 Ogawa was found in 4 of 6 case contacts during epidemics. IT DOES NOT CONTAIN the '561 laboratory-confirmed cases 1970-1972' sentence formerly attributed to it by AI row 1 (the real source is Bockemuhl and Schroter 1975, metadata index 31), NOR the 'Sokode / Tchaoudjo / cholera-free since the 2013 Toilets for All AfDB project' sentence formerly attributed to it by AI row 5. Both rows have been retracted; see data/TGO/retracted_rows_ai.csv. NO DATA ROW NOW CITES THIS ENTRY AND NONE SHOULD WITHOUT A PAGE-LEVEL QUOTE.",1996-01-01 to 2015-12-31,Conference Proceedings,Verified,Level 1,PASS,Academic literature search,English,High,Multi-source,Agent 1 academic search,AI
5,National Cholera Surveillance Togo 1996-2010 Review,https://pubmed.ncbi.nlm.nih.gov/,"SUPERSEDED AND WITHDRAWN FROM USE - AGENT 5 2026-09-19. Registered by Agent 1 as 'National Cholera Surveillance Togo 1996-2010 Review' with the bare stub URL https://pubmed.ncbi.nlm.nih.gov/ - no article identifier, no author, no DOI, and a title that returns nothing in PubMed, Google Scholar or Crossref. The single row that cited it (former AI row 2: national 1996-2010, 12 676 cases, 554 deaths) has been retracted and re-issued as AI row 199 against metadata index 32, Landoh DE et al, J Infect Dis 2013;208(Suppl 1):S115-S119, which is where those figures actually come from. This entry is retained only so that the dual-reference history stays readable; NO DATA ROW SHOULD CITE IT AND NO AGENT SHOULD ADD ONE.",1996-01-01 to 2010-12-31,Surveillance Review,Verified,Level 1,PASS,PubMed search,English,High,Cross-referenced,Agent 1 academic search,AI
6,Oxford Academic - West Africa Cholera Surveillance Analysis,https://academic.oup.com/,"SUPERSEDED AND WITHDRAWN FROM USE - AGENT 5 2026-09-19. Registered by Agent 1 as 'Oxford Academic - West Africa Cholera Surveillance Analysis' with the bare stub URL https://academic.oup.com/ - no article, no author, no DOI. The single row that cited it (former AI row 4: national 2004-2016, 4 923 cases, 99 deaths, 65 per cent Lome and 19.5 per cent Maritime) has been retracted and re-issued as AI row 200 against metadata index 61. Those figures are a translation of the UNICEF/WCA Regional Cholera Platform Togo country page of 22 January 2018: 'Entre 2004 et 2016, la surveillance epidemiologique a notifie 4 923 cas et 99 deces, soit un taux de letalite de 2.01 %. Les principales epidemies ont ete enregistrees dans la capitale Lome (65 %) et dans les regions de Maritime (19,5 %) et des Plateaux (13,3 %).' Note the Platform is a Level 2 source, not the Level 1 the OUP attribution implied. This entry is retained only so that the dual-reference history stays readable; NO DATA ROW SHOULD CITE IT AND NO AGENT SHOULD ADD ONE.",2004-01-01 to 2016-12-31,Comparative Study,Verified,Level 1,PASS,Oxford Academic search,English,High,Multi-source,Agent 1 academic search,AI
7,ECDC Communicable Disease Threats Report - Togo,https://www.ecdc.europa.eu/en/cholera/surveillance-and-disease-data,ECDC cholera surveillance and disease data page providing updates on cholera worldwide including Togo outbreaks 2020-2023; original URL (ecdc.europa.eu/en/publications-data/threat-assessment) was a generic broken path — replaced with verified ECDC cholera surveillance hub. For specific weekly CDTRs mentioning Togo Nov-Dec 2020 see https://www.ecdc.europa.eu/en/publications-and-data/monitoring/weekly-threats-reports,2020-01-01 to 2023-12-31,Surveillance Data,URL-Updated,Level 1,PASS,ECDC database search,English,Medium,Cross-referenced,Agent 1 official search,AI
8,IFRC ReliefWeb Togo Cholera DREF,https://reliefweb.int/country/tgo,"International Federation of Red Cross humanitarian response reports on Togo cholera outbreaks, including 2021 Lacs district response",2020-01-01 to 2023-12-31,Humanitarian Report,Verified,Level 2,PASS,ReliefWeb search,English,Medium,Cross-referenced,Agent 1 humanitarian search,AI
9,Outbreak News Today - Togo Cholera Coverage,http://outbreaknewstoday.com/,Outbreak News Today journalistic coverage of Togo cholera outbreaks and surveillance updates,2020-01-01 to 2025-03-31,News Coverage,Verified,Level 2,PASS,News media search,English,Low,Single-source,Agent 1 news search,AI
10,TogoFirst Health Coverage,https://www.togofirst.com/,TogoFirst Togolese English-language news coverage of national health emergencies including cholera outbreaks,2020-01-01 to 2025-03-31,News Coverage,Verified,Level 2,PASS,Local news search,English,Low,Single-source,Agent 1 local news search,AI
11,Lacs District 2021 Cross-Border Outbreak Report (Togo MoH),https://sante.gouv.tg/,"SUPERSEDED AND WITHDRAWN FROM USE - AGENT 5 2026-09-19. Registered by Agent 1 as 'Lacs District 2021 Cross-Border Outbreak Report (Togo MoH)' at the bare stub https://sante.gouv.tg/ - no document, no date, unverifiable, and the ministry domain has since moved to sante-assurances.gouv.tg. The one row that cited it, former AI row 8 (Maritime::Lacs, 2021-04-01..2021-08-31, 17 cases and 4 deaths, CFR 23.5 per cent), was retracted by Agent 3: both the period and the count were wrong. The 2021 Lacs outbreak ran 19 October to 24 November 2021 and is carried by AI row 29 (AFENET field investigation, 38 cases / 11 confirmed / 4 deaths), AI row 95 (Agouegan canton, 24 cases) and AI row 195 (the ministry's own national return, 39 / 12 / 5). NO DATA ROW SHOULD CITE THIS ENTRY AND NONE SHOULD BE ADDED.",2021-04-01 to 2021-08-31,Ministry Report,Verified,Level 2,PASS,Government source search,French,Medium,Cross-referenced,Agent 2 geographic search,AI
12,WHO Weekly Epidemiological Record - Cholera in 1974 (WER 1975;50(29):261-268),https://iris.who.int/handle/10665/220437,"WHO WER annual cholera report for 1974. Narrative states cholera reappeared in Chad, Kenya and Togo which had remained free of infection in 1973. Table 1 gives Togo 58 cases in 1974.",1973-01-01 to 1974-12-31,WHO annual cholera notification report,Active,Level 1,Pending,WHO IRIS DSpace API search: WER annual cholera reports (Agent 1 WHO-systematic historical sweep),English/French,0,,WHO IRIS DSpace API search: WER annual cholera reports (Agent 1 WHO-systematic historical sweep),AI
13,WHO Weekly Epidemiological Record - Cholera in 1975 (WER 1976;51(18):137-140),https://iris.who.int/handle/10665/220822,WHO WER annual cholera report for 1975. Table 1 Cases of Cholera Notified to WHO 1975 lists 14 African countries/territories; Togo is not among them.,1975-01-01 to 1975-12-31,WHO annual cholera notification report,Active,Level 1,Pending,WHO IRIS DSpace API search: WER annual cholera reports (Agent 1 WHO-systematic historical sweep),English/French,0,,WHO IRIS DSpace API search: WER annual cholera reports (Agent 1 WHO-systematic historical sweep),AI
14,WHO Weekly Epidemiological Record - Cholera in 1979 (WER 1980;55(18):129-136),https://iris.who.int/handle/10665/223030,"WHO WER annual cholera report for 1979. Narrative explicitly states Benin, Malawi, Togo and Upper Volta which had reported cholera in 1978 did not report cases in 1979.",1979-01-01 to 1979-12-31,WHO annual cholera notification report,Active,Level 1,Pending,WHO IRIS DSpace API search: WER annual cholera reports (Agent 1 WHO-systematic historical sweep),English/French,0,,WHO IRIS DSpace API search: WER annual cholera reports (Agent 1 WHO-systematic historical sweep),AI
15,WHO Weekly Epidemiological Record - Cholera in 1980 (WER 1981;56(13):97-104),https://iris.who.int/handle/10665/223434,WHO WER annual cholera report for 1980. Table 1 Africa list of notifying countries does not include Togo.,1980-01-01 to 1980-12-31,WHO annual cholera notification report,Active,Level 1,Pending,WHO IRIS DSpace API search: WER annual cholera reports (Agent 1 WHO-systematic historical sweep),English/French,0,,WHO IRIS DSpace API search: WER annual cholera reports (Agent 1 WHO-systematic historical sweep),AI
16,WHO Weekly Epidemiological Record - Cholera in 1981 (WER 1982;57(17):131-138),https://iris.who.int/handle/10665/223951,WHO WER annual cholera report for 1981. Table 1 Africa list of 14 notifying countries does not include Togo.,1981-01-01 to 1981-12-31,WHO annual cholera notification report,Active,Level 1,Pending,WHO IRIS DSpace API search: WER annual cholera reports (Agent 1 WHO-systematic historical sweep),English/French,0,,WHO IRIS DSpace API search: WER annual cholera reports (Agent 1 WHO-systematic historical sweep),AI
17,WHO Weekly Epidemiological Record - Cholera in 1982 (WER 1983;58(27):205-212),https://iris.who.int/handle/10665/224544,WHO WER annual cholera report for 1982. Table 1 Africa list of 16 notifying countries does not include Togo.,1982-01-01 to 1982-12-31,WHO annual cholera notification report,Active,Level 1,Pending,WHO IRIS DSpace API search: WER annual cholera reports (Agent 1 WHO-systematic historical sweep),English/French,0,,WHO IRIS DSpace API search: WER annual cholera reports (Agent 1 WHO-systematic historical sweep),AI
18,WHO Weekly Epidemiological Record - Cholera in 1983 (WER 1984;59(19):141-148),https://iris.who.int/handle/10665/224941,WHO WER annual cholera report for 1983. Table 1 Africa list of notifying countries does not include Togo.,1983-01-01 to 1983-12-31,WHO annual cholera notification report,Active,Level 1,Pending,WHO IRIS DSpace API search: WER annual cholera reports (Agent 1 WHO-systematic historical sweep),English/French,0,,WHO IRIS DSpace API search: WER annual cholera reports (Agent 1 WHO-systematic historical sweep),AI
19,WHO Weekly Epidemiological Record - Cholera in 1984 (WER 1985;60(20):149-156),https://iris.who.int/handle/10665/225369,WHO WER annual cholera report for 1984. Table 1 Africa list of notifying countries does not include Togo.,1984-01-01 to 1984-12-31,WHO annual cholera notification report,Active,Level 1,Pending,WHO IRIS DSpace API search: WER annual cholera reports (Agent 1 WHO-systematic historical sweep),English/French,0,,WHO IRIS DSpace API search: WER annual cholera reports (Agent 1 WHO-systematic historical sweep),AI
20,WHO Weekly Epidemiological Record - Cholera in 1985 (WER 1986;61(26):197-204),https://iris.who.int/handle/10665/225862,WHO WER annual cholera report for 1985. Table 1 Africa list of 19 notifying countries does not include Togo.,1985-01-01 to 1985-12-31,WHO annual cholera notification report,Active,Level 1,Pending,WHO IRIS DSpace API search: WER annual cholera reports (Agent 1 WHO-systematic historical sweep),English/French,0,,WHO IRIS DSpace API search: WER annual cholera reports (Agent 1 WHO-systematic historical sweep),AI
21,WHO Weekly Epidemiological Record - Cholera in 1986 (WER 1987;62(20):141-148),https://iris.who.int/handle/10665/226262,WHO WER annual cholera report for 1986. Table 1 Africa list of 17 notifying countries does not include Togo.,1986-01-01 to 1986-12-31,WHO annual cholera notification report,Active,Level 1,Pending,WHO IRIS DSpace API search: WER annual cholera reports (Agent 1 WHO-systematic historical sweep),English/French,0,,WHO IRIS DSpace API search: WER annual cholera reports (Agent 1 WHO-systematic historical sweep),AI
22,WHO Weekly Epidemiological Record - Cholera in 1987 (WER 1988;63(20):145-152),https://iris.who.int/handle/10665/226718,WHO WER annual cholera report for 1987. Table 1 Africa list of 17 notifying countries does not include Togo.,1987-01-01 to 1987-12-31,WHO annual cholera notification report,Active,Level 1,Pending,WHO IRIS DSpace API search: WER annual cholera reports (Agent 1 WHO-systematic historical sweep),English/French,0,,WHO IRIS DSpace API search: WER annual cholera reports (Agent 1 WHO-systematic historical sweep),AI
23,WHO Weekly Epidemiological Record - Cholera in 1988 (WER 1989;64(19):141-148),https://iris.who.int/handle/10665/227140,"WHO WER annual cholera report for 1988. Table 1 lists Togo with 1 case - the only Togo notification between 1978 and 1991, evidencing that Togo notification was functioning through the absence years.",1988-01-01 to 1988-12-31,WHO annual cholera notification report,Active,Level 1,Pending,WHO IRIS DSpace API search: WER annual cholera reports (Agent 1 WHO-systematic historical sweep),English/French,0,,WHO IRIS DSpace API search: WER annual cholera reports (Agent 1 WHO-systematic historical sweep),AI
24,WHO Weekly Epidemiological Record - Cholera in 1989 (WER 1990;65(19):141-148),https://iris.who.int/handle/10665/227598,WHO WER annual cholera report for 1989. Table 1 Africa list of 16 notifying countries does not include Togo.,1989-01-01 to 1989-12-31,WHO annual cholera notification report,Active,Level 1,Pending,WHO IRIS DSpace API search: WER annual cholera reports (Agent 1 WHO-systematic historical sweep),English/French,0,,WHO IRIS DSpace API search: WER annual cholera reports (Agent 1 WHO-systematic historical sweep),AI
25,WHO Weekly Epidemiological Record - Cholera in 1990 (WER 1991;66(19):133-140),https://iris.who.int/handle/10665/228010,WHO WER annual cholera report for 1990. Table 2 Africa list of 10 notifying countries does not include Togo.,1990-01-01 to 1990-12-31,WHO annual cholera notification report,Active,Level 1,Pending,WHO IRIS DSpace API search: WER annual cholera reports (Agent 1 WHO-systematic historical sweep),English/French,0,,WHO IRIS DSpace API search: WER annual cholera reports (Agent 1 WHO-systematic historical sweep),AI
26,WHO AFRO Monthly Regional Cholera Bulletin - April 2025,https://iris.who.int/handle/10665/381794,"WHO Regional Office for Africa monthly regional cholera bulletin, data as of 27 April 2025. Country section for Togo states the outbreak was declared over on 25 March 2025 with 165 cases and 4 deaths in 2025 (CFR 2.4%) and 447 cases / 21 deaths for the whole outbreak since July 2024.",2024-07-01 to 2025-04-27,WHO AFRO regional surveillance bulletin,Active,Level 1,Pending,IRIS DSpace API: 'Monthly Regional Cholera Bulletin' series enumeration (Agent 1 recency sweep),English,0,,IRIS DSpace API: 'Monthly Regional Cholera Bulletin' series enumeration (Agent 1 recency sweep),AI
27,WHO AFRO Monthly Regional Cholera Bulletin - June 2025,https://www.afro.who.int/publications/monthly-regional-cholera-bulletin-june-2025,"WHO AFRO monthly regional cholera bulletin, data as of 29 June 2025. Togo row of the regional country table still shows 165 cases / 4 deaths with last-update 23-Mar-25, i.e. no further Togo cases notified between 24 March and 29 June 2025.",2025-01-01 to 2025-06-29,WHO AFRO regional surveillance bulletin,Active,Level 1,Pending,IRIS DSpace API: 'Monthly Regional Cholera Bulletin' series enumeration (Agent 1 recency sweep),English,0,,IRIS DSpace API: 'Monthly Regional Cholera Bulletin' series enumeration (Agent 1 recency sweep),AI
28,"WHO Multi-country outbreak of cholera, epidemiological update #33 (27 January 2026)",https://www.who.int/publications/m/item/multi-country-outbreak-of-cholera--epidemiological-update--33--27-january-2026,"WHO global multi-country cholera epidemiological update #33. Table 1 gives Togo's FULL-YEAR 2025 total as 164 cases, 4 deaths, CFR 2.4%, with no cases in the recent reporting period (dashes).",2025-01-01 to 2025-12-31,WHO global cholera situation report,Active,Level 1,Pending,WebSearch + WHO CDN situation-report PDF retrieval (Agent 1 recency sweep),English,0,,WebSearch + WHO CDN situation-report PDF retrieval (Agent 1 recency sweep),AI
29,"WHO Multi-country outbreak of cholera, epidemiological update #36 (30 April 2026)",https://cdn.who.int/media/docs/default-source/documents/emergencies/situation-reports/20260430_multi-country_outbreak-of-cholera_epidemiological_update_36.pdf,"WHO global multi-country cholera epidemiological update #36, covering 1 January to 29 March 2026. 58 740 cases and 732 deaths from 22 countries across four WHO regions. Togo does not appear anywhere in the report.",2026-01-01 to 2026-03-29,WHO global cholera situation report,Active,Level 1,Pending,WebSearch + WHO CDN situation-report PDF retrieval (Agent 1 recency sweep),English,0,,WebSearch + WHO CDN situation-report PDF retrieval (Agent 1 recency sweep),AI
30,"WHO AFRO Weekly Bulletin on Outbreaks and other Emergencies - Week 33, 10-16 August 2026",https://iris.who.int/bitstreams/dc8e1367-926f-4047-b2b0-791092968fb4/download,"WHO AFRO Weekly Bulletin on Outbreaks and other Emergencies. Representative of the 52-bulletin series 2025 W4 - 2026 W33 that Agent 1 downloaded and text-searched in full: across the entire series Togo appears in the 'all events currently being monitored' table ONLY for measles, meningitis and mpox, never for cholera, after the cholera outbreak was declared over on 25 March 2025.",2025-01-01 to 2026-08-16,WHO AFRO weekly outbreak surveillance bulletin,Active,Level 1,Pending,IRIS DSpace API enumeration of the WBOE series 2025-2026 + full-text grep for Togo (Agent 1 recency sweep),English,0,,IRIS DSpace API enumeration of the WBOE series 2025-2026 + full-text grep for Togo (Agent 1 recency sweep),AI
31,"Bockemuhl J, Schroter G. The El Tor cholera epidemic in Togo (West Africa) 1970-1972. Tropenmed Parasitol 1975;26(3):312-22",https://pubmed.ncbi.nlm.nih.gov/1189026/,"Primary field/laboratory account of Togo's first cholera epidemic. PMID 1189026. Abstract: epidemic ran November 1970 to January 1973; 561 cases bacteriologically confirmed, ~1000 estimated total; CFR 4-10%; confined to the southern (equatorial-climate) part of the country; incidence peaked in the DRY season. This is the true primary source for the 561 confirmed-case figure currently attributed in data/TGO/cholera_data_ai.csv row 1 to the Africhol BMC Proceedings (metadata index 4) - ATTRIBUTION CORRECTION for Agent 5/7.",1970-11-01 to 1973-01-31,Peer-reviewed epidemiological study,Active,Level 1,Pending,PubMed MCP search 'cholera Togo' (Agent 1 academic sweep),English,0,,PubMed MCP search 'cholera Togo' (Agent 1 academic sweep),AI
32,Landoh DE et al. National surveillance data on the epidemiology of cholera in Togo. J Infect Dis 2013;208(Suppl 1):S115-9,https://doi.org/10.1093/infdis/jit244,"Landoh DE, Tekpa BJD, Nassoury DI, et al. National Surveillance Data on the Epidemiology of Cholera in Togo. J Infect Dis 2013;208(Suppl 1):S115-S119. doi 10.1093/infdis/jit244. PMID 24101639. STATUS CORRECTED BY AGENT 5 2026-09-19: Agents 1, 2 and 4 each logged this paper as an unobtainable paywalled lead and its coverage as 2005-2010. The full text is indeed closed, but the ABSTRACT is open at https://academic.oup.com/jid/article/208/suppl_1/S115/834498 and the paper covers 1996-2010, not 2005-2010 - which is why nobody matched it to the 12 676 / 554 figure already sitting in the dataset under an invented source name. Abstract verbatim: 'From 1996 through 2010, Togo had 12 676 reported cholera cases and 554 deaths. Annual national cholera incidence varied from 0.9 to 66 cases per 100 000 population, with little variation except for 2 large epidemics during 1998 and 2001. The case-fatality ratio declined from 12%-17% during 1996-1997 to <1% during 2008-2010. During 2008-2010, 85% of 26 district-level outbreaks occurred in the capital Lome or the coastal Maritime Region.' Further indexed detail: during 2008-2010 national suspected-cholera incidence was 4.0 per 100 000 per year, all five Lome Region districts exceeded 10 per 100 000 per year (range 10-36), 62 per cent of the 26 district outbreaks were in Lome Region districts and 23 per cent in Maritime Region districts. Backs AI row 199. The widely-quoted 2005-2010 regional table (Lome 2884, Maritime 650, Plateaux 432, Centrale 34, Kara 3, Savanes 0, total 4003) is in the closed full text and remains uncommitted.",1996-01-01 to 2010-12-31,Peer-reviewed national surveillance review,Active,Level 1,Pending,PubMed MCP search 'cholera Togo' (Agent 1 academic sweep),English,0,,PubMed MCP search 'cholera Togo' (Agent 1 academic sweep),AI
33,"WHO Weekly Epidemiological Record - Infectious diseases: monthly or four-weekly number of reported cases, 1975 and 1976 (section 1.1 Cholera)",https://iris.who.int/handle/10665/224045,"WHO official annual statistical table of cholera cases notified to WHO by country and by month/four-week period for 1975 and 1976 (WER Current Data section 1.1 CHOLERA). Full-text search of the document finds 'Togo' only in section 1.5 LEPROSY, never in the cholera block; the African cholera block for 1976 comprises 11 countries (Benin 146, Cape Verde 219, Comoros 5, Ghana 1351, Liberia 646, Nigeria, Southern Rhodesia 144, United Rep. of Cameroon, Upper Volta and others) with Togo not among them. Caveat: the country-name column is partly lost in the scanned original, so this is supporting rather than conclusive.",1975-01-01 to 1976-12-31,WHO annual statistical notification table,Active,Level 1,Pending,IRIS DSpace API: WHO Current Data infectious disease notification tables (Agent 1 historical sweep for the 1976 gap),English/French,0,,IRIS DSpace API: WHO Current Data infectious disease notification tables (Agent 1 historical sweep for the 1976 gap),AI
34,WHO Weekly Epidemiological Record - Cholera in 1977 (WER 1978;53(17):117-124),https://iris.who.int/handle/10665/221859,"WHO WER annual cholera report for 1977. Gives Togo 132 cases in 1977 (Table 1) and states that 12 African countries reported 8 388 cases in 1977 versus 11 countries and 2 685 cases in 1976, and that half of the 12 had not reported cholera in 1976. Also the source for the 1976 global totals (25 countries, 65 734 cases).",1976-01-01 to 1977-12-31,WHO annual cholera notification report,Active,Level 1,Pending,IRIS DSpace API: WER annual cholera reports (Agent 1 WHO-systematic historical sweep),English/French,0,,IRIS DSpace API: WER annual cholera reports (Agent 1 WHO-systematic historical sweep),AI
35,WHO AFRO Monthly Regional Cholera Bulletin - October 2024,https://www.afro.who.int/publications/monthly-regional-cholera-bulletin-october-2024,"WHO AFRO monthly regional cholera bulletin, data as of 31 October 2024. Contains the only sub-national narrative for the Togo 2024-25 outbreak: epi week 33 counts for commune 1 (Adakpame) of Golfe health district, Grand Lome; subsequent clusters in Katanga, Adamavo and Lacs 1 commune; cumulative 2024 total 129 cases / 12 deaths as of 31 October.",2024-07-27 to 2024-10-31,WHO AFRO regional surveillance bulletin,Active,Level 1,Pending,IRIS DSpace API: AFRO Monthly Regional Cholera Bulletin series (Agent 1 sub-national seed for Agent 2),English,0,,IRIS DSpace API: AFRO Monthly Regional Cholera Bulletin series (Agent 1 sub-national seed for Agent 2),AI
36,"UNICEF WCARO press release: 80 000 children at high risk of cholera, 30 July 2025",https://www.unicef.org/press-releases/80000-children-high-risk-cholera-outbreaks-spread-across-12-countries-west-and,"UNICEF West and Central Africa regional press release, 30 July 2025. States 'In Togo, 209 cases of cholera and five deaths have been reported as of June 22, 2025.' CONFLICTS with WHO: WHO global sitrep #28 (24 Jul 2025) gives Togo 164 cases / 4 deaths for 1 Jan-29 Jun 2025 and WHO epi update #33 gives the same 164/4 as the final full-year 2025 figure, with the outbreak declared over on 25 March 2025. NOT used as a data row - see conflict note in search_log_agent_1.txt.",2024-07-27 to 2025-06-22,UN agency press release,Active,Level 2,Pending,WebSearch: UNICEF Togo cholera 2025 (Agent 1 humanitarian sweep),English,0,,WebSearch: UNICEF Togo cholera 2025 (Agent 1 humanitarian sweep),AI
37,"Investigation des cas de cholera dans le district des Lacs, Togo, 2021 - Journal of Interventional Epidemiology and Public Health (AFENET)",https://afenet-journal.org/investigation-des-cas-de-cholera-dans-le-district-des-lacs-togo2021-outbreak-investigation/,"AFENET Journal of Interventional Epidemiology and Public Health field outbreak investigation of the Lacs district (Maritime region) cholera outbreak, Togo 2021. 38 cases (9 community-detected), 11 (44%) laboratory-confirmed for Vibrio cholerae, 4 deaths, CFR 10.5%; cases 19 Oct - 24 Nov 2021 across 7 cantons with Agouegan canton the epicentre (24 cases, 63.1%); index case a 15-year-old student from Agouegan village notified 5 Nov 2021, earliest onset 31 Oct 2021; 2 of the cases were from Agoue, BENIN (cross-border). Median age 31 (IQR 19-45), 18 male / 20 female.",2021-10-19 to 2021-11-24,Peer-reviewed outbreak investigation,Active,Level 1,Pending,WebSearch (FR): 'Togo cholera 1991 epidemie Lome cas deces histoire epidemiologie retrospective' -> afenet-journal.org (Agent 1 academic/linguistic sweep),French,0,,WebSearch (FR): 'Togo cholera 1991 epidemie Lome cas deces histoire epidemiologie retrospective' -> afenet-journal.org (Agent 1 academic/linguistic sweep),AI
38,"IFRC Information Bulletin 02/04 - Togo: Cholera epidemic in the Maritime region / Lome area, 24 March 2004",https://www.ifrc.org/docs?file=appeals%2Frpts04%2FTogocholIB0204.pdf,IFRC/Togolese Red Cross information bulletin on the 2003-04 Lome/Maritime cholera epidemic. CHF 47 000 DREF allocated. Carries a dated case table: national total as at 22.02.04 = 661 cases / 37 deaths; 23.02-29.02 = 15 cases / 1 death; 01.03-08.03.04 = 46 cases / 0 deaths; running total 722 cases / 38 deaths. Notes 'the majority of cases continue to be reported from households close to polluted water sources by the city's lagoon' and that 306 Red Cross volunteers were deployed across six sanitary districts of Lome and Golfe commune.,2003-06-01 to 2004-03-08,IFRC DREF information bulletin,Active,Level 2,Pending,WebSearch: 'IFRC DREF Togo cholera emergency appeal Lome cases operation' (Agent 1 humanitarian sweep),English,0,,WebSearch: 'IFRC DREF Togo cholera emergency appeal Lome cases operation' (Agent 1 humanitarian sweep),AI
39,Rebaudet S et al. Dynamics of cholera epidemics from Benin to Mauritania. PLoS Negl Trop Dis 2018;12(4):e0006379,https://doi.org/10.1371/journal.pntd.0006379,"PMID 29630632. Regional analysis of West African cholera 2009-2015 using NATIONAL surveillance databases from the epidemiological units of Benin, Togo, Ghana and Guinea, plus MLVA/WGS typing; for Togo the authors held weekly district-level case and death numbers from 2009 onward and a case line list for Lome. CORRECTED 2026-09-19 BY AGENT 5, VERIFIED DIRECTLY IN PMC5908202. Table 1, Togo column, suspected cholera cases: 2009 = 218, 2010 = 72, 2011 = 33, 2012 = 61, 2013 = 194, 2014 = 262, 2015 = 35. The Description previously carried here ('2009=265, 2010=308, 2011=4, 2012=61, 2013=695, 2014=1095') was wrong in six of seven years and gave rise to Agent 1's conclusion that the Rebaudet series runs up to 4x higher than the WHO-notified figures and must be withheld. It does not. Against the JHU/WHO-notified baseline (218, 72, 4, 61, 166, 262, 35) the corrected Table 1 is IDENTICAL in five of seven years (2009, 2010, 2012, 2014, 2015) and differs only for 2011 (33 vs 4) and 2013 (194 vs 166). Togo text findings: Lome outbreaks concentrate in flood zones (Lome D2: Adakpame, Be Kpota, Anfame, Akodessewa) or fishing and high-mobility areas (Lome D3: Katanga); eastern Lacs Prefecture outbreaks at Seko were associated with traditional animist ceremonies drawing attendees from Benin and Nigeria; 'outbreaks in Togo often remain limited'. Contains nothing on Togo before 2009. FOURTH READ OF TABLE 1 DISAGREED AND WAS REJECTED - LOGGED SO IT IS NOT 'CORRECTED' BACK. A read of the PLOS HTML version (journals.plos.org/plosntds/article?id=10.1371/journal.pntd.0006379) returned 2009=139, 2010=4, 2011=4, 2012=61, 2013=651, 2014=1083 for the Togo column. That is rejected as a column misalignment in a multi-country table: three independent reads of the PMC full text (Agent 2, Agent 4 and Agent 5) all return 218, 72, 33, 61, 194, 262, 35, and those values match the WHO-notified JHU series EXACTLY in five of seven years (2009, 2010, 2012, 2014, 2015), which a mis-read column could not do. The rejected read's 2010=4 and 2011=4 also duplicate a single value across two years, the signature of a slipped column. SUPPLEMENTARY FILES, from the PLOS landing page: S1 Fig weekly suspected cases in Benin by commune 2011-2014 (no Togo); S2 Fig 'Weekly number of suspected cholera cases in Togo, by district, and in Lome from 2013 to 2014' (registered separately as metadata index 84, read by Agent 3 for its 2014 panel - THE 2013 PANEL HAS NOT BEEN MINED); S3 Fig Ghana 2010; S4 Fig map of sites visited; S5 Fig annual cholera cases in the study region 2009-2015; S1 Table epidemic populations and isolate IDs, which includes Togo.",2009-01-01 to 2015-12-31,Peer-reviewed multi-country surveillance analysis,Active,Level 1,Pending,PubMed MCP search 'cholera Togo outbreak epidemiology surveillance Lome' (Agent 1 academic sweep),English,0,,PubMed MCP search 'cholera Togo outbreak epidemiology surveillance Lome' (Agent 1 academic sweep),AI
40,Africhol: Cholera Incidence and Mortality in Sub-Saharan African Sites during Multi-country Surveillance. PLoS Negl Trop Dis 2016;10(5):e0004679,https://doi.org/10.1371/journal.pntd.0004679,"PMID 27186885. Africhol enhanced cholera surveillance June 2011 - December 2013. TWO Togo surveillance zones: (i) the five districts of Lome plus Golfe district, from Jun 2011, facilities = infectious disease and paediatric departments of the Centre Hospitalier Universitaire, Be Hospital and district health centres; (ii) Lake (Lacs) district, Maritime region, from Jun 2011, facilities = Aneho Hospital plus health centres with temporary treatment centres. Reports 'The CFR varied from zero percent in Abidjan, Cote d'Ivoire to 10% in Lake district, Togo' - the highest site CFR in the whole network. Site-level case tables were not extractable from the HTML; Agent 4/5 should retrieve the PDF or S1 supplementary tables for Togo zone-level incidence 2011-2013.",2011-06-01 to 2013-12-31,Peer-reviewed enhanced-surveillance study,Active,Level 1,Pending,PubMed MCP search 'cholera Togo outbreak epidemiology surveillance Lome' (Agent 1 academic sweep),English,0,,PubMed MCP search 'cholera Togo outbreak epidemiology surveillance Lome' (Agent 1 academic sweep),AI
41,"WHO Weekly Epidemiological Record 1991;66(28):205-208 - Diseases subject to the Regulations, notifications received 5-11 July 1991",https://iris.who.int/handle/10665/227984,"WER weekly IHR notification table, 'Cholera - Africa', notifications received from 5 to 11 July 1991. Togo entry: period VI-8.VII, 682 cases, 30 deaths. Other Africa entries the same week: Cameroon 1.V-4.VII 759/126; Chad 1-7.VII 1049/54; Niger 8-30.VI 683/83. The issue notes that from 12 July 1991 only cases/deaths occurring since the previous report would be notified and cumulative totals discontinued, so this entry is cumulative from the start of the Togo epidemic.",1991-06-01 to 1991-07-08,WHO IHR weekly notification table,Active,Level 1,Pending,IRIS DSpace API: bulk download of all WER 1991-1992 full issues + full-text grep for Togo in the 'Diseases subject to the Regulations - Cholera' tables (Agent 1 WHO-systematic sub-annual sweep),English/French,0,,IRIS DSpace API: bulk download of all WER 1991-1992 full issues + full-text grep for Togo in the 'Diseases subject to the Regulations - Cholera' tables (Agent 1 WHO-systematic sub-annual sweep),AI
42,"WHO Weekly Epidemiological Record 1991;66(43):313-320 - Diseases subject to the Regulations, 25 October 1991 + infected areas as at 24 October 1991",https://iris.who.int/handle/10665/228246,"WER 25 October 1991. (a) 'Cholera - Africa' IHR notification table: Togo 1.VIII-30.IX, 1714 cases, 51 deaths (other entries: Benin 15.VIII-30.IX 355/15; Cote d'Ivoire 3.X 604/116; Ghana 20.IX-10.X 1175/72; Liberia 1.VII-30.IX 64/14; Malawi 30.IX 8088/245; Rwanda 1.VI-30.IX 411/25). (b) 'Infected areas as at 24 October 1991', cholera section, lists EIGHT Togo districts: Golfe, Kloto, Kozah, Lacs, Ogou, Sotouboua, Vo, Yoto - the only district-level record of the 1991 epidemic, spanning all five regions.",1991-08-01 to 1991-10-24,WHO IHR weekly notification table,Active,Level 1,Pending,IRIS DSpace API: bulk download of all WER 1991-1992 full issues + full-text grep for Togo in the 'Diseases subject to the Regulations - Cholera' tables (Agent 1 WHO-systematic sub-annual sweep),English/French,0,,IRIS DSpace API: bulk download of all WER 1991-1992 full issues + full-text grep for Togo in the 'Diseases subject to the Regulations - Cholera' tables (Agent 1 WHO-systematic sub-annual sweep),AI
43,"WHO Weekly Epidemiological Record 1992;67(21):153-160 - Diseases subject to the Regulations, 22 May 1992",https://iris.who.int/handle/10665/228610,"WER 22 May 1992, 'Cholera - Africa' IHR notification table. Togo entry: 1.I-8.IV, 313 cases, 17 deaths.",1992-01-01 to 1992-04-08,WHO IHR weekly notification table,Active,Level 1,Pending,IRIS DSpace API: bulk download of all WER 1991-1992 full issues + full-text grep for Togo in the 'Diseases subject to the Regulations - Cholera' tables (Agent 1 WHO-systematic sub-annual sweep),English/French,0,,IRIS DSpace API: bulk download of all WER 1991-1992 full issues + full-text grep for Togo in the 'Diseases subject to the Regulations - Cholera' tables (Agent 1 WHO-systematic sub-annual sweep),AI
44,"WHO Weekly Epidemiological Record 1992;67(30):221-228 - Diseases subject to the Regulations, notifications received 17-23 July 1992",https://iris.who.int/handle/10665/228790,"WER 24 July 1992, 'Cholera - Africa' IHR notification table listing Cameroon, Mozambique, Togo and Zambia against periods 1.III-31.V 393/23, 23.IV-30.V 4059/38, 9.IV-17.VI 426/29 and 3.IV-24.VI 4238/184 respectively. Togo = 9.IV-17.VI 1992, 426 cases, 29 deaths.",1992-04-09 to 1992-06-17,WHO IHR weekly notification table,Active,Level 1,Pending,IRIS DSpace API: bulk download of all WER 1991-1992 full issues + full-text grep for Togo in the 'Diseases subject to the Regulations - Cholera' tables (Agent 1 WHO-systematic sub-annual sweep),English/French,0,,IRIS DSpace API: bulk download of all WER 1991-1992 full issues + full-text grep for Togo in the 'Diseases subject to the Regulations - Cholera' tables (Agent 1 WHO-systematic sub-annual sweep),AI
45,"WHO Weekly Epidemiological Record 1998;73(23) - Diseases subject to the Regulations, notifications received 29 May-4 June 1998",https://iris.who.int/handle/10665/231442,"WER 5 June 1998, 'Cholera - Africa' IHR notification table. Togo 20.II-30.IV: 200 cases, 10 deaths - the only African entry that week.",1998-02-20 to 1998-04-30,WHO IHR weekly notification table,Active,Level 1,Pending,IRIS DSpace API: bulk download of all WER 1998-2000 full issues + section-aware extraction of the 'Diseases subject to the Regulations - Cholera' tables (Agent 1 WHO-systematic sub-annual sweep),English/French,0,,IRIS DSpace API: bulk download of all WER 1998-2000 full issues + section-aware extraction of the 'Diseases subject to the Regulations - Cholera' tables (Agent 1 WHO-systematic sub-annual sweep),AI
46,"WHO Weekly Epidemiological Record 1998;73(30) - Diseases subject to the Regulations, notifications received 17-24 July 1998",https://iris.who.int/handle/10665/231519,"WER 24 July 1998, 'Cholera - Africa'. Togo 1.V-11.VI: 179 cases, 18 deaths. Same table: Chad 10-19.VI 68/0; Nigeria 1.IV-24.VI 491/2; Rwanda 14.V-19.VI 475/7; Uganda 30.V-26.VI 6471/234; Tanzania ...-11.VI 3606; Zimbabwe 8-21.V 105/10.",1998-05-01 to 1998-06-11,WHO IHR weekly notification table,Active,Level 1,Pending,IRIS DSpace API: bulk download of all WER 1998-2000 full issues + section-aware extraction of the 'Diseases subject to the Regulations - Cholera' tables (Agent 1 WHO-systematic sub-annual sweep),English/French,0,,IRIS DSpace API: bulk download of all WER 1998-2000 full issues + section-aware extraction of the 'Diseases subject to the Regulations - Cholera' tables (Agent 1 WHO-systematic sub-annual sweep),AI
47,"WHO Weekly Epidemiological Record 1998;73(40) - Diseases subject to the Regulations, notifications received 25 September-1 October 1998",https://iris.who.int/handle/10665/231610,"WER 2 October 1998, 'Cholera - Africa'. Togo, date of notification 18.IX: 284 cases, 19 deaths. Same table: Guinea 18.IX 132/4; Ghana 18.IX 131/12.",1998-06-12 to 1998-09-18,WHO IHR weekly notification table,Active,Level 1,Pending,IRIS DSpace API: bulk download of all WER 1998-2000 full issues + section-aware extraction of the 'Diseases subject to the Regulations - Cholera' tables (Agent 1 WHO-systematic sub-annual sweep),English/French,0,,IRIS DSpace API: bulk download of all WER 1998-2000 full issues + section-aware extraction of the 'Diseases subject to the Regulations - Cholera' tables (Agent 1 WHO-systematic sub-annual sweep),AI
48,"WHO Weekly Epidemiological Record 1999;74(19) - Diseases subject to the Regulations, notifications received 7-13 May 1999",https://iris.who.int/handle/10665/232000,"WER 21 May 1999, 'Cholera - Africa'. Togo 1.I-17.IV: 168 cases, 4 deaths.",1999-01-01 to 1999-04-17,WHO IHR weekly notification table,Active,Level 1,Pending,IRIS DSpace API: bulk download of all WER 1998-2000 full issues + section-aware extraction of the 'Diseases subject to the Regulations - Cholera' tables (Agent 1 WHO-systematic sub-annual sweep),English/French,0,,IRIS DSpace API: bulk download of all WER 1998-2000 full issues + section-aware extraction of the 'Diseases subject to the Regulations - Cholera' tables (Agent 1 WHO-systematic sub-annual sweep),AI
49,"WHO Weekly Epidemiological Record 1999;74(26) - Diseases subject to the Regulations, notifications received 25 June-1 July 1999",https://iris.who.int/handle/10665/232068,"WER 2 July 1999, 'Cholera - Africa'. Togo 17.IV-4.VI: 93 cases, 4 deaths. Same table: Ghana 1-21.VI 55/3.",1999-04-17 to 1999-06-04,WHO IHR weekly notification table,Active,Level 1,Pending,IRIS DSpace API: bulk download of all WER 1998-2000 full issues + section-aware extraction of the 'Diseases subject to the Regulations - Cholera' tables (Agent 1 WHO-systematic sub-annual sweep),English/French,0,,IRIS DSpace API: bulk download of all WER 1998-2000 full issues + section-aware extraction of the 'Diseases subject to the Regulations - Cholera' tables (Agent 1 WHO-systematic sub-annual sweep),AI
50,"WHO Weekly Epidemiological Record 1999;74(40) - Diseases subject to the Regulations, notifications received 1-7 October 1999",https://iris.who.int/handle/10665/232210,"WER 8 October 1999, 'Cholera - Africa'. Togo 5.VI-28.VIII: 289 cases, 11 deaths.",1999-06-05 to 1999-08-28,WHO IHR weekly notification table,Active,Level 1,Pending,IRIS DSpace API: bulk download of all WER 1998-2000 full issues + section-aware extraction of the 'Diseases subject to the Regulations - Cholera' tables (Agent 1 WHO-systematic sub-annual sweep),English/French,0,,IRIS DSpace API: bulk download of all WER 1998-2000 full issues + section-aware extraction of the 'Diseases subject to the Regulations - Cholera' tables (Agent 1 WHO-systematic sub-annual sweep),AI
51,"WHO Weekly Epidemiological Record 1999;74(48) - Diseases subject to the Regulations, notifications received 26 November-2 December 1999",https://iris.who.int/handle/10665/232290,"WER 3 December 1999, 'Cholera - Africa'. Togo period OCRs as '1.XI-24.X' (internally inconsistent) - read as 1.IX-24.X: 54 cases, 9 deaths. Same table: Chad 10-31.X 41/4; DRC 8.VIII-23.X 1893/90; Ghana 24.VIII-24.IX 3503/127; Uganda 19.IX-30.X 566/20.",1999-09-01 to 1999-10-24,WHO IHR weekly notification table,Active,Level 1,Pending,IRIS DSpace API: bulk download of all WER 1998-2000 full issues + section-aware extraction of the 'Diseases subject to the Regulations - Cholera' tables (Agent 1 WHO-systematic sub-annual sweep),English/French,0,,IRIS DSpace API: bulk download of all WER 1998-2000 full issues + section-aware extraction of the 'Diseases subject to the Regulations - Cholera' tables (Agent 1 WHO-systematic sub-annual sweep),AI
52,WHO Weekly Epidemiological Record 1999;74(4) - Infected areas as at 28 January 1999,https://iris.who.int/handle/10665/231846,"WER 29 January 1999, cholera 'Infected areas as at 28 January 1999'. Togo listed with EIGHT districts: Golfe, Kloto, Kozah, Lacs, Ogou, Sotouboua, Vo, Yoto - the same national footprint as the 1991 epidemic, evidencing that the large 1998 epidemic (3217 cases, 221 deaths) was also country-wide rather than confined to the Maritime littoral.",1998-01-01 to 1999-01-28,WHO IHR weekly notification table,Active,Level 1,Pending,IRIS DSpace API: bulk download of all WER 1998-2000 full issues + section-aware extraction of the 'Diseases subject to the Regulations - Cholera' tables (Agent 1 WHO-systematic sub-annual sweep),English/French,0,,IRIS DSpace API: bulk download of all WER 1998-2000 full issues + section-aware extraction of the 'Diseases subject to the Regulations - Cholera' tables (Agent 1 WHO-systematic sub-annual sweep),AI
53,"WHO Weekly Epidemiological Record 1994;69(44) - Diseases subject to the Regulations, notifications received 28 October-3 November 1994",https://iris.who.int/handle/10665/229510,"WER 4 November 1994, 'Cholera - Africa'. Togo, period printed as '...-31.VII': 47 cases, 5 deaths - identical to the WHO ANNUAL 1994 figure for Togo, so all of Togo's 1994 cholera occurred on or before 31 July 1994.",1994-01-01 to 1994-07-31,WHO IHR weekly notification table,Active,Level 1,Pending,IRIS DSpace API: bulk download of all WER 1993-1997 and 2001-2002 full issues + Togo scan of the 'Diseases subject to the Regulations - Cholera' tables (Agent 1 WHO-systematic sub-annual sweep),English/French,0,,IRIS DSpace API: bulk download of all WER 1993-1997 and 2001-2002 full issues + Togo scan of the 'Diseases subject to the Regulations - Cholera' tables (Agent 1 WHO-systematic sub-annual sweep),AI
54,"WHO Weekly Epidemiological Record 1996;71(17) - Diseases subject to the Regulations, notifications received 19-25 April 1996",https://iris.who.int/handle/10665/230423,"WER 26 April 1996, 'Cholera - Africa'. Togo 1-7.III: 49 cases, 4 deaths.",1996-03-01 to 1996-03-07,WHO IHR weekly notification table,Active,Level 1,Pending,IRIS DSpace API: bulk download of all WER 1993-1997 and 2001-2002 full issues + Togo scan of the 'Diseases subject to the Regulations - Cholera' tables (Agent 1 WHO-systematic sub-annual sweep),English/French,0,,IRIS DSpace API: bulk download of all WER 1993-1997 and 2001-2002 full issues + Togo scan of the 'Diseases subject to the Regulations - Cholera' tables (Agent 1 WHO-systematic sub-annual sweep),AI
55,"WHO Weekly Epidemiological Record 1996;71(27) - Diseases subject to the Regulations, 5 July 1996",https://iris.who.int/handle/10665/230523,"WER 5 July 1996, 'Cholera - Africa'. Togo 8.III-24.V: 49 cases, 7 deaths.",1996-03-08 to 1996-05-24,WHO IHR weekly notification table,Active,Level 1,Pending,IRIS DSpace API: bulk download of all WER 1993-1997 and 2001-2002 full issues + Togo scan of the 'Diseases subject to the Regulations - Cholera' tables (Agent 1 WHO-systematic sub-annual sweep),English/French,0,,IRIS DSpace API: bulk download of all WER 1993-1997 and 2001-2002 full issues + Togo scan of the 'Diseases subject to the Regulations - Cholera' tables (Agent 1 WHO-systematic sub-annual sweep),AI
56,"WHO Weekly Epidemiological Record 1996;71(34) - Diseases subject to the Regulations, 23 August 1996",https://iris.who.int/handle/10665/230595,"WER 23 August 1996, 'Cholera - Africa'. Togo 25.V-19.VII: 6 cases, 0 deaths.",1996-05-25 to 1996-07-19,WHO IHR weekly notification table,Active,Level 1,Pending,IRIS DSpace API: bulk download of all WER 1993-1997 and 2001-2002 full issues + Togo scan of the 'Diseases subject to the Regulations - Cholera' tables (Agent 1 WHO-systematic sub-annual sweep),English/French,0,,IRIS DSpace API: bulk download of all WER 1993-1997 and 2001-2002 full issues + Togo scan of the 'Diseases subject to the Regulations - Cholera' tables (Agent 1 WHO-systematic sub-annual sweep),AI
57,"WHO Weekly Epidemiological Record 1996;71(42) - Diseases subject to the Regulations, 18 October 1996",https://iris.who.int/handle/10665/230679,"WER 18 October 1996, 'Cholera - Africa'. Togo 20.VII-17.IX: 34 cases, 6 deaths.",1996-07-20 to 1996-09-17,WHO IHR weekly notification table,Active,Level 1,Pending,IRIS DSpace API: bulk download of all WER 1993-1997 and 2001-2002 full issues + Togo scan of the 'Diseases subject to the Regulations - Cholera' tables (Agent 1 WHO-systematic sub-annual sweep),English/French,0,,IRIS DSpace API: bulk download of all WER 1993-1997 and 2001-2002 full issues + Togo scan of the 'Diseases subject to the Regulations - Cholera' tables (Agent 1 WHO-systematic sub-annual sweep),AI
58,WHO Weekly Epidemiological Record annual cholera articles 1993-2002 (Cholera in 1992 to Cholera in 2001),https://iris.who.int/handle/10665/228906,"Togo rows of the WER annual cholera tables recovered by Agent 1: Cholera in 1992 = 753 cases / 49 deaths (WER 1993;68(21)); Cholera in 1993 = 19/2; Cholera in 1994 = 47/5; Cholera in 1995 = 65/4; Cholera in 1996 = 146/17; Cholera in 2000 = 338/23; Cholera in 2001 = 2696 cases / 132 deaths / CFR 4.90% (WER 2002;77(31)). All match WHO GHO except 1992 deaths (WER 49 vs GHO 53) and 2001, where WER's contemporaneous figure of 2696/132 exceeds the GHO/JHU value of 2551/130 by about 6%. WER 2002;77(31) also records that the 2001 West African wave affected 'the countries along the coast - Cote d'Ivoire, Ghana, Togo and Benin. A total of 18 038 cases were notified to WHO, which represents a 4-fold increase' over 2000.",1992-01-01 to 2001-12-31,WHO IHR weekly notification table,Active,Level 1,Pending,IRIS DSpace API: bulk download of all WER 1993-1997 and 2001-2002 full issues + Togo scan of the 'Diseases subject to the Regulations - Cholera' tables (Agent 1 WHO-systematic sub-annual sweep),English/French,0,,IRIS DSpace API: bulk download of all WER 1993-1997 and 2001-2002 full issues + Togo scan of the 'Diseases subject to the Regulations - Cholera' tables (Agent 1 WHO-systematic sub-annual sweep),AI
59,"Epidemie de cholera a Lome (Togo): aspects epidemiologiques, cliniques et evolutifs - J Rech Sci Univ Lome (AJOL 56921)",https://www.ajol.info/index.php/jrsul/article/view/56921,"Universite de Lome, Journal de la Recherche Scientifique. Abstract: 'Le cholera a ete decrit au Togo en 1970 pour la premiere fois. Depuis lors le pays connait des flambees epidemiques periodiques. Nous decrivons ici l'epidemie de cholera qui a eu lieu a Lome (Togo) du 1er Novembre 2003 au 30 Avril 2004.' 983 patients managed in three treatment centres in the capital; CFR 3.25% (about 32 deaths); watery diarrhoea in 98.5%, severe dehydration in 11.2%; 15-44 year age group predominant; sex ratio 1.42; isolates 100% resistant to ampicillin and 50% to doxycycline, with no resistance to cotrimoxazole, ciprofloxacin or chloramphenicol. THIS IS THE CORRECT PERIOD for the 983-case Lome epidemic; data/TGO/cholera_data_ai.csv row 4 records the same event as 2003-06-01..2004-05-31, which is wrong by about five months at each end.",2003-11-01 to 2004-04-30,Peer-reviewed epidemic description,Active,Level 1,Pending,WebSearch (FR): 'Togo cholera 2003 2004 2005 2006 epidemie Lome cas deces mensuel region Maritime' (Agent 1 linguistic/academic sweep),French,0,,WebSearch (FR): 'Togo cholera 2003 2004 2005 2006 epidemie Lome cas deces mensuel region Maritime' (Agent 1 linguistic/academic sweep),AI
60,"ECDC Communicable Disease Threats - Cholera worldwide overview, monthly (as of 26 August 2026)",https://www.ecdc.europa.eu/en/all-topics-z/cholera/surveillance-and-disease-data/cholera-monthly,"ECDC monthly cholera worldwide overview. Most recent reporting period 'Since 27 July 2026 and as of 26 August 2026'. Togo does not appear in any 2026 monthly table of countries reporting cholera. African countries reporting in the most recent period: Nigeria 41 296 cases / 242 deaths, Angola 524/4, Somalia 489/1, Mozambique 319/1, Chad 47/9, Burundi 40, Central African Republic 2, Cameroon (no new cases). Independent (non-WHO) corroboration that Togo had no cholera through 26 August 2026.",2026-07-27 to 2026-08-26,ECDC global cholera surveillance overview,Active,Level 1,Pending,"WebFetch of the ECDC cholera monthly page (Agent 1 recency sweep, independent of WHO)",English,0,,"WebFetch of the ECDC cholera monthly page (Agent 1 recency sweep, independent of WHO)",AI
61,"UNICEF/WCA Regional Cholera Platform - Togo country page, factsheet and hotspots (plateformecholera.info, via Internet Archive)",https://web.archive.org/web/20260120050027/https://plateformecholera.info/togo,"UNICEF West and Central Africa Regional Cholera Platform. LIVE DOMAIN IS DEAD - plateformecholera.info now 301-redirects to a parked site; recovered via the Internet Archive. Content: 'Le cholera est apparu pour la premiere fois au Togo en 1970. Depuis 1990, des epidemies importantes ont ete declarees notamment en 1991, 1998, 2001 et entre 2004 et 2006.' 'Entre 2006 et 2017, la surveillance epidemiologique a enregistre 2 308 cas avec 46 deces (taux de letalite = 1,9%).' 'Entre 2004 et 2016, la surveillance epidemiologique a notifie 4 923 cas et 99 deces, soit un taux de letalite de 2.01%. Les principales epidemies ont ete enregistrees dans la capitale Lome (65%) et dans les regions de Maritime (19,5%) et des Plateaux (13,3%).' HOTSPOTS: Ghana border (Golfe, Lome district IV and V); Benin border (Lacs); informal fishing settlements (Lome district II and III, i.e. Katanga and Adakpame). High-risk groups: fishers/fish traders in Lome, Golfe and Lacs; migrant Ghanaian and Togolese fishing communities in Katanga and Adakpame; traders and bus drivers on the Accra-Lagos coastal highway; Vodun/animist ceremonies in Lacs district on the Benin border. MLVA: Ghanaian, Togolese and Guinean strains form a distinct West African group separate from Central Africa. UNEXTRACTED ATTACHMENTS (high-value lead for Agent 4): 'Cholera Factsheet_Togo_2017_FINAL.pdf' (868 KB, archived 2026-01-21 at web.archive.org/web/20260121030128/https://plateformecholera.info/sites/default/files/2022-11/Cholera%20Factsheet_Togo_2017_FINAL.pdf) and 'Togo.pdf' (2.88 MB hotspot dossier) contain Tab. I (epidemics by region) and Tab. II (district Type 1-4 classification); Agent 1 could not retrieve them because web.archive.org served a bot-verification interstitial for PDF bitstreams in this environment. NO ROW ADDED: the 2006-2017 and 2004-2016 figures are long multi-year aggregates over years already covered by JHU annual rows, and CLAUDE.md warns such rows inflate apparent coverage without adding information.",1970-01-01 to 2017-12-31,Regional cholera platform country profile,Active,Level 2,Pending,Internet Archive CDX + curl after the live domain was found dead (Agent 1 humanitarian/archive sweep),French,0,,Internet Archive CDX + curl after the live domain was found dead (Agent 1 humanitarian/archive sweep),AI
62,"GTFCC 11th Annual Meeting - Togo national country progress report (Ministere de la Sante et de l'Hygiene Publique, 2024)",https://www.gtfcc.org/wp-content/uploads/2025/05/11th-annual-meeting-of-the-global-task-force-on-cholera-control-gtfcc-country-progress-reports.pdf,"Togo country progress report (pages 119-123) submitted by the Ministere de la Sante et de l'Hygiene Publique to the Global Task Force on Cholera Control 11th annual meeting. National cholera focal point: Ingenieur TANTE Ouyi, MSHP, BP 336 Lome. Reports 'Nombre total de cas de cholera (juin 2023 - juin 2024) : 01 cas et 0 deces' with 0 community deaths and 0% institutional case fatality. Contains an epidemic curve of Togolese cholera since 1990 and a 2023/2024 weekly epicurve. Two statements of direct relevance to MOSAIC's spatial and importation assumptions: 'Au Togo le cholera se localise dans la region administrative de la Maritime et evolue de facon endemo-epidemique dans les districts de Grand Lome, de Maritime Et de ses environs' and 'les quelques cas enregistres ces dernieres annees concernent les memes localites et a l'investigation terrain, il s'avere que les cas index sont toujours importes des pays voisins soit par les pecheurs ou les transporteurs' - i.e. Togo's recent index cases are consistently IMPORTED from neighbouring countries by fishers or transporters rather than locally seeded. NO ROW ADDED: the Jun-2023 to Jun-2024 window is already covered by the JHU 2023 and WHO dashboard baselines, and a 13-month aggregate of a single case would add overlap without information.",2023-06-01 to 2024-06-30,National cholera programme progress report,Active,Level 1,Pending,WebSearch: 'GTFCC Togo national cholera plan hotspots elimination' -> gtfcc.org 11th annual meeting country progress reports PDF (Agent 1 technical/official sweep),French,0,,WebSearch: 'GTFCC Togo national cholera plan hotspots elimination' -> gtfcc.org 11th annual meeting country progress reports PDF (Agent 1 technical/official sweep),AI
63,"icilome / Togo Actualite - Recrudescence du cholera a Agoe-Nyive, decembre 2024",https://icilome.com/2024/12/togo-recrudescence-du-cholera-a-agoe-nyive-appel-a-la-mobilisation-generale/,"SUPERSEDED - AGENT 5 2026-09-19. icilome / Togo Actualite coverage of the December 2024 Agoe-Nyive cholera recrudescence, Level 3. The one row that cited it, former AI row 51 (8 cases / 8 confirmed / 2 deaths, 2024-09-01..2024-12-17), has been retracted as superseded by AI row 103, which quotes the prefectural director of health for Agoe-Nyive by name for 11 confirmed cases and 4 deaths since 10 October 2024 - the same 11 that row 51's own notes identified as the alternative additive reading of this wire copy. The retracted values are preserved in data/TGO/retracted_rows_ai.csv. The source remains useful as CORROBORATION that the ministry briefed the press in mid-December 2024 and that the most affected communes were Agoe-Nyive 1 and 4, quartier Haoussa Zongo, but no data row should cite it.",2024-09-01 to 2024-12-17,News report on prefecture-level outbreak,Active,Level 3,Pending,WebSearch: Togo cholera outbreak 2024 Golfe Agoe-Nyive district cases deaths,French,0,togoactualite.com; toutafrica.com; africa-press.net - same ministry briefing,WebSearch: Togo cholera outbreak 2024 Golfe Agoe-Nyive district cases deaths,AI
64,Le Nouveau Reporter - Togo/Cas de cholera: le ministere appelle a la vigilance suite a 4 deces (4 October 2024),https://www.lenouveaureporter.com/togo-cas-de-cholera-le-ministere-appelle-a-la-vigilance-suite-a-4-deces/,"Togolese news report of the Ministry of Health and Public Hygiene communique: confirmed cholera cases since August 2024 in the Golfe health district, Grand Lome, with 4 deaths including 2 at home",2024-08-01 to 2024-10-04,News report of Ministry of Health communique,Active,Level 3,Pending,WebSearch: Togo cholera octobre 2024 nombre de cas district sanitaire Golfe officiel ministere sante,French,0,savoirnews.net 2 Oct 2024; lalternative.info 5 Oct 2024; gavi.org 21 Oct 2024; togo.un.org,WebSearch: Togo cholera octobre 2024 nombre de cas district sanitaire Golfe officiel ministere sante,AI
65,"Togo Ministere de la Sante - Principaux Indicateurs de Sante au Togo 2014 (Lome, novembre 2015), Tableau XXXVI",https://togo.unfpa.org/sites/default/files/pub-pdf/PRINCIPAUX%20INDICATEURS%20DE%20SANTE%20AU%20TOGO%202014.pdf,"Togo Ministry of Health / Division de l'Epidemiologie annual health indicators report. Tableau XXXVI 'Cas et deces lies aux maladies a potentiel epidemique par region en 2014' gives cholera cases and deaths for each of the six health regions (Lome Commune, Maritime, Plateaux, Centrale, Kara, Savanes) plus a national total. The national total (262 cases / 11 deaths) matches the WHO Annual Cholera Report figure already in data/TGO/cholera_data_jhu.csv exactly, which independently validates the table.",2014-01-01 to 2014-12-31,National health statistics yearbook - epidemic-prone disease table by health region,Active,Level 1,Pending,"WebSearch: Togo annuaire des statistiques sanitaires cholera cas par region district sanitaire -> togo.unfpa.org hosted MoH PDF, extracted with pdftotext",French,1,"WHO Annual Cholera Report 2014 via JHU (UID 340): Togo 262 cases, 11 deaths - identical national total","WebSearch: Togo annuaire des statistiques sanitaires cholera cas par region district sanitaire -> togo.unfpa.org hosted MoH PDF, extracted with pdftotext",AI
66,"Togo Ministere de la Sante - Annuaire des Statistiques Sanitaires 2020, Tableau CXVI (Rapport DSIUR 2020)",https://sante.gouv.tg/wp-content/uploads/2022/06/Annuaire__Statistique_Sanitaire_2020.pdf,"Tableau CXVI 'Repartition des cas, des deces et de la letalite des maladies a potentiel epidemique par district, Togo, 2020', source Rapport DSIUR 2020. Gives cholera cumulative cases, deaths, attack rate and CFR for all 40 health districts in the six regions. Cholera 2020: Grand Lome/Golfe 53 cases 2 deaths (attack rate 15/100k, CFR 3.6%); Grand Lome/Agoe 0; all six Maritime districts 0; all twelve Plateaux districts 0; all five Centrale districts 0; all seven Kara districts 0; Savanes/Oti 2 cases 0 deaths (attack rate 1.8/100k), all other Savanes districts 0; Togo total 55 cases 2 deaths. The district figures sum exactly to the national total (53+2=55), so the breakdown is internally complete. DISCREPANCY NOTED: the WHO Disease Outbreak News for the same 2020 Golfe outbreak reports 67 SUSPECTED cases (11 Nov - 28 Dec 2020) against this table's 53; the two use different case definitions and reporting windows and are NOT averaged. A separate DHIS2 outpatient-consultation ranking in the same yearbook lists 'Cholera 103' - that is a count of consultations coded as cholera, not surveillance-notified cases, and is deliberately not used. Retrieved through the Internet Archive because sante.gouv.tg now serves a single-page-app shell for legacy /wp-content/uploads/ paths.",2020-01-01 to 2020-12-31,National health statistics yearbook - epidemic-prone disease table by health DISTRICT,Active,Level 1,Pending,"WebSearch: Togo annuaire statistique sanitaire 2018 2019 2021 2022 PDF ministere sante maladies a potentiel epidemique -> Wayback Machine copy, pdftotext -layout",French,1,"WHO Disease Outbreak News Cholera-Togo (67 suspected cases, 2 deaths, Nov-Dec 2020) = metadata index 1; JHU baseline 2020 rows","WebSearch: Togo annuaire statistique sanitaire 2018 2019 2021 2022 PDF ministere sante maladies a potentiel epidemique -> Wayback Machine copy, pdftotext -layout",AI
67,"Togo Ministere de la Sante - Annuaire des Statistiques Sanitaires 2022, Tableau LXXIX (Rapport DSIUSR 2022)",https://sante.gouv.tg/wp-content/uploads/2024/04/Annuaire_Statistique_2022.pdf,"Tableau LXXIX 'Repartition des cas, des deces et de la letalite des maladies a potentiel epidemique par district, Togo, 2022', source Rapport DSIUSR 2022. Cholera cumulative cases and deaths are printed as 0 for every one of the 40 health districts and for all six regional subtotals (Grand Lome, Maritime, Plateaux, Centrale, Kara, Savanes) and for the Togo national row. The same table simultaneously reports non-zero meningitis (574), measles (5440) and bloody-diarrhoea (7366) cases nationally, which demonstrates the surveillance system was operating and reporting during 2022 - the cholera zeros are therefore documented absence, not a reporting gap. Retrieved through the Internet Archive.",2022-01-01 to 2022-12-31,National health statistics yearbook - epidemic-prone disease table by health DISTRICT,Active,Level 1,Pending,"WebSearch: Togo annuaire statistique sanitaire 2018 2019 2021 2022 PDF ministere sante maladies a potentiel epidemique -> Wayback Machine copy, pdftotext -layout",French,1,Annuaire 2020 Tableau CXVI (same table series); Annuaire 2019 Tableau LXIII (cholera 0 in all districts in 2019),"WebSearch: Togo annuaire statistique sanitaire 2018 2019 2021 2022 PDF ministere sante maladies a potentiel epidemique -> Wayback Machine copy, pdftotext -layout",AI
68,"Togo Ministere de la Sante - Annuaire des Statistiques Sanitaires 2021, Tableau CLIII (Rapport DSIUSR 2021)",https://sante.gouv.tg/wp-content/uploads/2023/04/Annuaire-statistique-2021.pdf,"Tableau CLIII 'Repartition des cas, des deces et de la letalite des maladies a potentiel epidemique par district, Togo, 2021', source Rapport DSIUSR 2021. Cholera 2021 by district: Grand Lome/Golfe 1 case 0 deaths (attack rate 0,1/100k); Grand Lome/Agoe 0; Maritime/Lacs attack rate 16,6/100k over population 222 901 = 37 cases, 0 deaths (the printed 'cas cumules' cell for Lacs is mis-set in the PDF, but the arithmetic closes: Maritime regional attack rate 2,8/100k over 1 323 235 = 37, and the TOGO row reads 38 cases = Golfe 1 + Lacs 37); all other Maritime districts 0; Plateaux 0; Centrale 0; Kara 0; Savanes 0; TOGO 38 cases, 0 deaths, attack rate 0,5/100k. IMPORTANT CROSS-CHECK: this national total of 38 for calendar 2021 is smaller than the sum of the two Lacs rows already in cholera_data_ai.csv (17 cases 2021-04-01..08-31 plus 38 cases 2021-10-19..11-24 = 55), which indicates those two AI rows describe overlapping stages of the same Lacs outbreak and should not be summed. Retrieved through the Internet Archive.",2021-01-01 to 2021-12-31,National health statistics yearbook - epidemic-prone disease table by health DISTRICT,Active,Level 1,Pending,"WebSearch: Togo annuaire statistique sanitaire 2018 2019 2021 2022 PDF -> Wayback Machine, pdftotext -raw page 143-145",French,1,"AFENET/JIEPH Lacs 2021 outbreak investigation (38 cases, 4 deaths) = metadata index 37; Annuaire 2020 Tableau CXVI; Annuaire 2022 Tableau LXXIX","WebSearch: Togo annuaire statistique sanitaire 2018 2019 2021 2022 PDF -> Wayback Machine, pdftotext -raw page 143-145",AI
69,"UNICEF WCARO 2018 - Cholera Factsheet Togo (Regional Cholera Platform for WCA), Tableau I",https://web.archive.org/web/20200921093657id_/http://www.plateformecholera.info/attachments/article/237/Cholera%20Factsheet_Togo_2017_FINAL.pdf,"UNICEF WCARO / Regional Cholera Platform for West and Central Africa country factsheet for Togo, published 2018. Tableau I 'Parametres epidemiologiques des epidemies de cholera par region au Togo, 2006-2017' gives cases/deaths, share of national total, CFR, number of epidemics and mean epidemic duration for each of the six regions: Lome 1476/13 (64%, CFR 0,9%, 11 epidemics, 17,64 weeks); Maritime 508/16 (22%, 3,1%, 15 epidemics, 6,27 weeks); Plateaux 289/15 (12,5%, 5,2%, 4 epidemics, 6,75 weeks); Centrale 33/2 (1,4%, 6,1%, 1 epidemic, 5 weeks); Kara 2/0 (0,1%, 1 epidemic); Savanes 0/0 (0%, 0 epidemics). The six regional figures sum exactly to the stated national totals of 2308 cases and 46 deaths. The factsheet also names the district hotspots (Golfe and Lome districts IV and V on the Ghana border, Lacs on the Benin border, Lome districts II and III for the informal fishing camps of Katanga and Atakpame) and states that Maritime recurrence is concentrated in Golfe and Lacs, Plateaux in Haho and Moyen Mono. This is the document Agent 1 recorded as blocked behind a bot-verification interstitial; it was recovered from the pre-2021 Internet Archive capture of the platform's old /attachments/ URL scheme after the plateformecholera.info domain lapsed and began redirecting to an unrelated site.",2006-01-01 to 2017-12-31,Country cholera factsheet - epidemiological parameters by region,Active,Level 2,Pending,WebSearch: web.archive.org plateformecholera.info Togo factsheet -> Wayback CDX API on plateformecholera.info domain -> /attachments/article/237/ capture 2020-09-21,French,2,Landoh et al 2013 (metadata index 32) for 1996-2010; Togo MoH Annuaires 2014/2020/2021/2022; JHU WHO Annual Cholera Report national totals,WebSearch: web.archive.org plateformecholera.info Togo factsheet -> Wayback CDX API on plateformecholera.info domain -> /attachments/article/237/ capture 2020-09-21,AI
70,"Rapport de la reunion transfrontaliere de lutte contre le cholera Togo-Benin, Tsevie, 22-23 juillet 2014 (Ministere de la Sante du Togo / UNICEF)",https://web.archive.org/web/20201024145050id_/http://www.plateformecholera.info/attachments/article/729/Rapport_Reunion%20transfrontaliere_Togo_Benin_Juillet%202014_VF.pdf,"Report of the Togo-Benin cross-border cholera meeting held at Tsevie, Togo on 22-23 July 2014. Records the 2013 Togo epidemic as 168 cases and 7 deaths between epidemiological weeks 29 and 52 affecting the Lome districts DDS 1-4 and the Maritime districts Lacs and Golfe, and the first 2014 episode as running from 4 February to early April 2014 with 39 cases and 3 deaths, the majority in the Lacs district which borders the COME health zone of Benin; extension from Benin into Lacs is attributed to a voodoo ceremony attended by communities from both countries. Also gives multi-year national totals: Togo 5 182 cases and 131 deaths 2002-2013, and 4 975 cases with 95 deaths 2004-2013. Recovered from the Internet Archive after the plateformecholera.info domain lapsed.",2013-01-01 to 2014-07-22,Cross-border technical meeting report,Active,Level 2,Pending,Wayback CDX API on plateformecholera.info -> /attachments/article/729/ capture 2020-10-24,French,2,"Togo MoH Annuaire 2014 Tableau XXXVI (Maritime 36 cases in calendar 2014, consistent with 'the majority' of a 39-case February-April episode being in Lacs); Rebaudet et al 2018",Wayback CDX API on plateformecholera.info -> /attachments/article/729/ capture 2020-10-24,AI
71,"Togo Ministere de la Sante - Annuaire des Statistiques Sanitaires 2023, Tableau LXXXV (Rapport DSIUSR 2023)",https://sante.gouv.tg/wp-content/uploads/2025/01/Togo_Annuaire_Statistique_2023_Final_signee.pdf,"Tableau LXXXV 'Repartition des cas, des deces et de la letalite des maladies a potentiel epidemique par district, 2023', source Rapport DSIUSR 2023. Cholera 2023: Golfe district 3 cases, 0 deaths, attack rate 0,2/100 000; Agoe 0; all six Maritime districts 0; all twelve Plateaux districts 0; all five Centrale districts 0; all seven Kara districts 0; all seven Savanes districts 0; Togo total 3 cases 0 deaths. The district figures sum exactly to the national total. NOTE ON DISAGREEMENT WITH WHO: the WHO cholera dashboard (data/TGO/cholera_data_who.csv) records only 1 Togo case for 2023, in the week 11-17 December, and the existing AI row 9 carries that single case for Golfe in December 2023; the Ministry's annual district table gives 3 for the full year. Both are retained; the WHO figure is a subset of the Ministry figure, not an independent addition. Retrieved through the Internet Archive capture 20251106110128 - the 20250616030411 capture is truncated at 5 242 880 bytes and will not parse.",2023-01-01 to 2023-12-31,National health statistics yearbook - epidemic-prone disease table by health DISTRICT,Active,Level 1,Pending,"Wayback CDX API on sante.gouv.tg filtered to *annuaire* -> capture 20251106110128, pdftotext -layout",French,1,WHO Cholera Surveillance Dashboard 2023 (1 case); AI row 9 Maritime::Golfe 2023-12,"Wayback CDX API on sante.gouv.tg filtered to *annuaire* -> capture 20251106110128, pdftotext -layout",AI
72,"Republique Togolaise (republicoftogo.com) - Sante: Situation sous controle a Katanga, 30 novembre 2020",https://www.republicoftogo.com/toutes-les-rubriques/sante/situation-sous-controle-a-katanga,"Official Togolese government news portal report of 30 November 2020 on the cholera focus in the Katanga fishing settlement in the port zone of Lome: '34 cas ont ete repertories et un deces a ete enregistre'. Katanga is one of the four health areas named in the WHO Disease Outbreak News for the same outbreak (Katanga, Adakpame and Gbetsogbe in Golfe 1 commune; Kangnikope in Golfe 6). This is the only HEALTH-AREA level case count located for Togo anywhere in the record. A companion article on the same portal, 'Golfe 1 declaree exempte de cholera', reports the commune subsequently cleared.",2020-11-11 to 2020-11-30,Official government news portal report,Active,Level 2,Pending,WebSearch: Togo cholera 2024 2025 aire de sante Golfe 1 Golfe 6 Katanga Adakpame nombre de cas,French,1,"WHO Disease Outbreak News Cholera-Togo (metadata index 1): 67 suspected cases, 2 deaths, 11 Nov - 28 Dec 2020, four health areas; Togo MoH Annuaire 2020 Tableau CXVI: Golfe district 53 cases, 2 deaths for calendar 2020",WebSearch: Togo cholera 2024 2025 aire de sante Golfe 1 Golfe 6 Katanga Adakpame nombre de cas,AI
73,"IRIN / The New Humanitarian - 'Cholera kills 25 in Lome, 10 new cases per day', 24 February 2004",https://web.archive.org/web/2023/https://www.thenewhumanitarian.org/node/216553,"IRIN (then part of UN OCHA) dispatch of 24 February 2004 reporting Togolese Health Ministry figures given by Health Minister Suzanne Aho: 786 cholera cases nationally by 18 February 2004, of which 586 (about three quarters) in Lome and the remaining 200 in coastal towns within 55 km of Lome, with 25 deaths in Lome since December. 586+200=786 exactly. The companion IRIN dispatch of 9 February 2004 ('Cholera hits Lome, kills 17', node 216345) gives the earlier point on the same epidemic curve: 413 cases and 17 deaths in Lome, plus unquantified cases in the coastal town of Noepe. The 24 February piece also states that the worst recent outbreak was 1998 with 3 669 cases and 239 deaths, and the 9 February piece recalls an epidemic 'two years ago' in the northern town of Dapaong on the Burkina Faso border with about 700 cases and about 10 deaths. Recovered from the Internet Archive; thenewhumanitarian.org returns 403 to direct fetches.",2003-12-01 to 2004-02-18,UN OCHA/IRIN news agency report of a Ministry of Health press conference,Active,Level 2,Pending,WebSearch: Togo cholera October 2010 outbreak Lome cases deaths districts ProMED IRIN -> thenewhumanitarian.org nodes 216345 and 216553 -> Wayback Machine,English,1,"IFRC Information Bulletin 02/04 (metadata index 38); AJOL Epidemie de cholera a Lome 2003-2004 (index 59, 983 cases / 32 deaths for the whole epidemic); JHU/WHO national 2004 total 1080 cases / 33 deaths",WebSearch: Togo cholera October 2010 outbreak Lome cases deaths districts ProMED IRIN -> thenewhumanitarian.org nodes 216345 and 216553 -> Wayback Machine,AI
74,"Djadou KE, Atakouma DY, Agbobli-Apetsianyi E, Assimadi K. Epidemie de cholera a Dapaong (Togo) de juillet a octobre 1998: cas de l'hopital d'enfants. Med Afr Noire 2001;48(5):187-190",https://www.santetropicale.com/manelec/fr/archives.asp,"Peer-reviewed case series from the children's hospital in Dapaong (Tone district, Savanes region, on the Burkina Faso border) covering the cholera epidemic there from July to October 1998. The epidemic began in July 1998, a very wet month in Dapaong. CITATION VERIFIED, FULL TEXT NOT OBTAINED: Medecine d'Afrique Noire is not indexed in PubMed and no accessible copy of volume 48 issue 5 was found, so the paediatric case and death counts could not be read and NO data row was created from it. Its value here is that it DATES the northern Togo cholera epidemic to July-October 1998. This corrects the only other account of a Dapaong epidemic, the IRIN dispatch of 9 February 2004 (metadata index 73) which placed it 'two years ago' i.e. 2002 with about 700 cases and about 10 deaths - a figure that cannot fit inside the WHO national total of 257 for 2002 but sits comfortably inside the 1998 national total of 3 669.",1998-07-01 to 1998-10-31,Peer-reviewed hospital case series,Active,Level 1,Pending,WebSearch: Dapaong Togo cholera 1998 epidemie juillet octobre cas deces Savanes,French,2,"IRIN 9 February 2004 (metadata index 73); WHO/JHU national 1998 total 3 217-3 669 cases; UNICEF WCARO factsheet, which records Savanes as 0 cases for 2006-2017",WebSearch: Dapaong Togo cholera 1998 epidemie juillet octobre cas deces Savanes,AI
75,"Togo Ministere de la Sante - Rapport annuel de performance 2023 (MSHP), section Surveillance du cholera",https://sante.gouv.tg/wp-content/uploads/2025/05/Rapport-annuel-de-performance-2023_MSHP_VF.pdf,"Togo Ministry of Health annual performance report for 2023. The cholera section localises the single laboratory-confirmed case of 2023 to Adakpame, a commune of the Golfe prefecture, and states that two further samples were investigated and both tested negative for Vibrio cholerae, and that no other cholera case was recorded anywhere else in the country. This RESOLVES the discrepancy between the WHO dashboard (1 Togo case in 2023) and the Ministry's own Annuaire 2023 Tableau LXXXV (Golfe district 3 cases): the 3 are suspected notifications, of which 1 was confirmed and 2 were laboratory-negative. Adakpame is one of the four health areas named in the 2020 WHO Disease Outbreak News and is identified by Rebaudet et al 2018 as one of the recurrent Lome D2 flood-zone foci.",2023-01-01 to 2023-12-31,National ministry annual performance report - epidemic surveillance section,Active,Level 1,Pending,"Wayback CDX API on sante.gouv.tg filtered to *performance* -> capture 20250709195811, pdftotext -layout",French,1,Togo MoH Annuaire 2023 Tableau LXXXV (metadata index 71); WHO Cholera Surveillance Dashboard 2023; AI rows 9 and 85,"Wayback CDX API on sante.gouv.tg filtered to *performance* -> capture 20250709195811, pdftotext -layout",AI
76,"Togo Ministere de la Sante - Rapport annuel de performance 2022 (MAHPAUS), section Surveillance du cholera",https://sante.gouv.tg/wp-content/uploads/2025/05/Rapport-annuel-performance-2022-MAHPAUS_valide_19052023_VP.pdf,"Togo Ministry of Health annual performance report for 2022. Two findings, both used here as CORROBORATION rather than as new rows. (1) Explicit national zero for 2022: 'Cette annee 2022, le pays n'a pas enregistre de cas sur toute l'etendue du territoire national' - independently confirms the Annuaire 2022 Tableau LXXIX district table on which AI rows 64-69 rest. (2) Locality-level spread of the 2021 Lacs outbreak: it began in commune No 2 at Agouegan and moved to five further localities of the district - Melly-Djigbe, Seko, Zola, Aziagba-Kondji and Aneho-Adjido - with 39 cases recorded, 27 sampled, 12 confirmed as Vibrio cholerae Ogawa, and 5 deaths of which 4 in the community. The same text appears in the 2021 performance report. NOTE THE FIGURES DIFFER from the AFENET investigation already in AI row 29 (38 cases, 11 confirmed, 4 deaths) and from the Annuaire 2021 (Lacs 37, national 38); no new row was created because a third overlapping representation of one small outbreak would do more harm than good. 'Seko' in this list is the same locality that other reports place at the centre of a 2016 Lacs outbreak.",2021-01-01 to 2022-12-31,National ministry annual performance report - epidemic surveillance section,Active,Level 1,Pending,"Wayback CDX API on sante.gouv.tg filtered to *performance* -> capture 20250709195814, pdftotext -layout",French,1,"AFENET/JIEPH Lacs 2021 investigation (metadata index 37, AI rows 29 and 95); Togo MoH Annuaire 2021 (index 68) and Annuaire 2022 (index 67); Rebaudet et al 2018, which names Seko as the Lacs focus","Wayback CDX API on sante.gouv.tg filtered to *performance* -> capture 20250709195814, pdftotext -layout",AI
77,"Togo Actualite - Epidemie de cholera a Kpalime: troisieme deces enregistre cette semaine, 19 octobre 2014",https://togoactualite.com/epidemie-cholera-kpalime-troisieme-deces-enregistre-semaine,"Togolese news report of 19 October 2014 on a cholera epidemic in Kpalime, capital of the Kloto prefecture in the Plateaux region about 120 km north of Lome: a third death that week at the Centre Hospitalier Prefectoral de Kpalime, on top of a bilan of 20 cases and 2 deaths issued on 27 September 2014, with the Direction Prefectorale de la Sante and the Kloto district health team responding. Corroborated by a September 2014 interview with a biologist at the Kpalime hospital carried on togoface.blogspot.com, which gives the same approximate figures. THIS SOURCE CONTRADICTS AN OFFICIAL ONE: the Togo Ministry of Health annual indicators table for 2014 (metadata index 65, Tableau XXXVI) prints Plateaux as 0 cholera cases and 0 deaths for the whole of 2014. The same table leaves 113 of the 262 national cases unattributed to any region, and this Kloto outbreak is the clearest evidence of what some of those unattributed cases were.",2014-09-01 to 2014-10-19,News report of prefectural health directorate figures,Active,Level 3,Pending,WebSearch: Togo cholera 2004 Noepe Zio Tsevie Kpalime cas epidemie ville cotiere 55 km -> togoactualite.com Kpalime article,French,1,"Togo MoH Principaux Indicateurs 2014 Tableau XXXVI (index 65) - contradicted; togoface.blogspot.com September 2014 interview; WHO/JHU national 2014 total 262 cases, 11 deaths",WebSearch: Togo cholera 2004 Noepe Zio Tsevie Kpalime cas epidemie ville cotiere 55 km -> togoactualite.com Kpalime article,AI
78,"Togo Actualite - Epidemie de cholera: trois cas enregistres a Messowebe (Prefecture d'Agou), 1 novembre 2014",https://www.togoactualite.com/epidemie-cholera-trois-cas-enregistres-messowebe-prefecture-dagou/,"Togolese news report of 1 November 2014: 'Apres Kpalime (Prefecture de Kloto), l'epidemie de cholera poursuit son chemin : trois cas sont enregistres a Messowebe, localite situee a environ 145 km au nord-ouest de Lome (dans prefecture d'Agou). Des analyses de selles de trois villageois a Messowebe, effectuees ce vendredi au laboratoire microbiologie du Centre Hospitalier Prefectoral (CHP) de Kpalime, se sont revelees positives.' The same article gives the FINAL Kpalime tally: 'L'epidemie de cholera qui sevit depuis quelques semaines a Kpalime (environ 120 km au nord de Lome) a deja fait trois deces, sur 20 cas. Le troisieme deces avait ete enregistre mi-octobre dernier.' A companion article of 1 October 2014 ('Deuxieme deces lie au cholera a Kpalime, 15 patients hospitalises') adds that 15 patients were hospitalised at the CHP de Kpalime, that the two deaths to that date were in the Kligue-Kondji quartier, and that the index case was a woman who returned from a funeral ceremony IN GHANA and infected her household - a cross-border introduction into the Plateaux region rather than spread from the coastal focus.",2014-09-01 to 2014-11-01,News report of hospital laboratory confirmation,Active,Level 3,Pending,"Wayback CDX sweep of togoactualite.com filtered to URLs containing 'chol', then archive replay of the article",French,1,"Togo Actualite 19 October 2014 (metadata index 77, AI row 99); Togo MoH Principaux Indicateurs 2014 Tableau XXXVI (index 65), which records Plateaux as 0 for 2014 and is contradicted by both articles","Wayback CDX sweep of togoactualite.com filtered to URLs containing 'chol', then archive replay of the article",AI
79,"Republique Togolaise (republicoftogo.com) - Le cholera a fait sept victimes a Lome, 31 janvier 2009",https://www.republicoftogo.com/Toutes-les-rubriques/Sante/Le-cholera-a-fait-sept-victimes-a-Lome,"Official Togolese government news portal, 31 January 2009, citing the Programme national de lutte contre les maladies diarrheiques: the cholera epidemic that began in November 2008 after flooding in Lome caused seven deaths among 620 recorded cases, with the flood-affected peripheral neighbourhoods of the capital worst hit, and the situation then described as under control. The same article states that the previous epidemic 'en fevrier 2005' had caused 25 deaths among 786 cases nationally - those two figures match the contemporaneous IRIN dispatch of 24 February 2004 exactly (786 national cases, 25 deaths in Lome), so the 2009 article has mis-remembered the year of the 2003-04 epidemic by one year; the IRIN dating is preferred. Recovered from the Internet Archive.",2008-11-01 to 2009-01-31,Official government news portal report of national programme figures,Active,Level 2,Pending,"Wayback CDX sweep of republicoftogo.com filtered to URLs containing 'chol', then archive replay",French,1,"IRIN 24 February 2004 (metadata index 73); JHU/WHO national annual totals 2008 = 397 and 2009 = 218, summing to 615 against this epidemic total of 620; UNICEF WCARO factsheet (index 69), Lome 1476 cases across 2006-2017","Wayback CDX sweep of republicoftogo.com filtered to URLs containing 'chol', then archive replay",AI
80,"Republique Togolaise (republicoftogo.com) - Cholera sous etroite surveillance, 7 aout 2024",https://www.republicoftogo.com/toutes-les-rubriques/sante/cholera-sous-etroite-surveillance,"Official Togolese government news portal, 7 August 2024, reporting Health Minister Moustafa Mijiyawa: 'Le Togo enregistre un nouveau cas de cholera, une maladie diarrheique grave... Le cas concerne un homme de 22 ans dans la prefecture de Vo. Il est desormais hors de danger.' This is the ONLY sub-national attribution found anywhere for the start of the 2024-25 Togolese outbreak, and it places the index case in VO prefecture in the Maritime region, not in the Golfe district of Grand Lome where every later report locates the epidemic. A companion article on the same portal dated 12 December 2008 ('Une personne decede du cholera a Lome') gives an earlier point on the 2008-09 Lome epidemic curve - 'plus de 100 cas' and one death as at 12 December 2008 - but 'more than 100' is not a usable count and was not made a row.",2024-08-01 to 2024-08-07,Official government news portal report of a ministerial alert,Active,Level 2,Pending,"Wayback CDX sweep of republicoftogo.com filtered to URLs containing 'chol', then archive replay",French,1,"WHO Cholera Surveillance Dashboard, which records a single Togo case in the week 22-28 July 2024 and then 4 cases with 1 death in the week 12-18 August 2024; AI row 28 (Grand Lome::Golfe 2024-08-12..18)","Wayback CDX sweep of republicoftogo.com filtered to URLs containing 'chol', then archive replay",AI
81,Smith AM et al. Comparative Characterization of Vibrio cholerae O1 from Five Sub-Saharan African Countries. PLoS One 2015;10(11):e0142989,https://doi.org/10.1371/journal.pone.0142989,"PMID 26606536, PMC4659613. Africhol/NICD characterisation of 257 Vibrio cholerae O1 isolates from five African countries, 42 of them from Togo collected 2010-2012, all O1 Ogawa El Tor, 100% cotrimoxazole-resistant and 90.5% nalidixic-acid-resistant. The value here is the ISOLATE PROVENANCE sentence: 'In Togo, isolates derived from outbreaks in the Zio prefecture (2011), lac regions (2012) and Lome city [districts 1-4 and Golfe] (2010, 2011, and 2012)', and 'most isolates from Togo (38 out of 42 isolates) collected from five districts in 2010 to 2012'. This is laboratory-confirmed evidence that cholera was PRESENT in Zio prefecture in 2011 and in Lome districts 1-4 and Golfe in 2010, 2011 and 2012 - none of which is otherwise recorded for 2010 or 2011. Isolate counts are not case counts, so no data rows were created; the evidence is recorded in cholera_presence_ai.csv.",2010-01-01 to 2012-12-31,Peer-reviewed laboratory characterisation of clinical isolates,Active,Level 1,Pending,WebSearch: Togo Vibrio cholerae isolates MLVA whole genome Lome Golfe Lacs district 2010 2014 -> PubMed Central PMC4659613 full text,English,1,"Africhol PLoS NTD 2016 (metadata index 40); Rebaudet et al 2018 (index 39), which reports only 4 Togo cases nationally in 2011 and gives the 2012 district split",WebSearch: Togo Vibrio cholerae isolates MLVA whole genome Lome Golfe Lacs district 2010 2014 -> PubMed Central PMC4659613 full text,AI
82,"Plume d'Afrique - Togo/Alerte sante: le cholera tue a Agoe-Nyive, 19 decembre 2024",https://plumedafrique.tg/togo-alerte-sante-le-cholera-tue-a-agoe-nyive/,"Togolese news report of 19 December 2024 quoting Dr Maryse Tchilalo TAGBA-PELEI, Directrice prefectorale de la sante (DPS) d'Agoe-Nyive, verbatim: 'Depuis le 10 octobre, nous avons enregistre 11 cas confirmes au vibrion colerique et 4 deces.' This is the most precise account of the Agoe-Nyive component of the 2024-25 outbreak located anywhere: a named district health official, a definite start date of 10 October 2024, and an unambiguous cumulative count. It resolves the ambiguity in the wire copy that circulated on 18-19 December 2024 ('huit cas confirmes et deux deces' since September, then 'trois nouveaux cas et un deces' on 17 December), which AI row 51 was built from: the correct cumulative figure is 11 confirmed cases and 4 deaths, and the outbreak in this prefecture began on 10 October, not in September.",2024-10-10 to 2024-12-19,News report quoting the Prefectural Director of Health directly,Active,Level 3,Pending,WebSearch: plumedafrique Togo alerte sante cholera Agoe-Nyive cas deces 2024,French,1,"icilome / Togo Actualite 18-19 December 2024 (metadata index 63, AI row 51 - superseded by this source)",WebSearch: plumedafrique Togo alerte sante cholera Agoe-Nyive cas deces 2024,AI
83,WHO Weekly Epidemiological Record 1973;48(27):269-280 - Areas removed from the infected area list between 29 June and 5 July 1973 (cholera),https://iris.who.int/handle/10665/219450,"WER weekly 'Infected areas' product under IHR(1969). Togo - Region centrale, Sokode Circonscription & Subdivision sanitaire - is carried on the CHOLERA infected-area list in the monthly full lists of WER 1973;48 issues 04 (10665/219234), 08 (219274), 12 (219317), 16 (219353), 20 (219390) and 24 (219420), and is then listed under 'Areas Removed from the Infected Area List between 29 June and 5 July 1973 - CHOLERA - Africa - TOGO: Region centrale, Sokode Circ. & Subdiv. san.' in issue 27. WHO's own removal criteria are printed in issue 12 p.140: an area leaves the list on an Article 7 declaration of freedom from infection, or on receipt of negative weekly reports for the Article 7 interval. Togo therefore held WHO cholera infected-area status for the whole of the first half of 1973, which contradicts the retrospective statement in WER 1975;50(29) that Togo 'remained free of infection in 1973'.",1973-01-01 to 1973-07-05,Surveillance,Active,Level 1,Pending,IRIS DSpace enumeration of all 51 WER 1973 vol.48 full issues + pypdf extraction + CASE-INSENSITIVE cholera-block scan for TOGO (the case-sensitive scan used previously misses the uppercase country names used in the infected-area lists),en/fr,0,,IRIS DSpace enumeration of all 51 WER 1973 vol.48 full issues + pypdf extraction + CASE-INSENSITIVE cholera-block scan for TOGO (the case-sensitive scan used previously misses the uppercase country names used in the infected-area lists),AI
84,"Rebaudet S et al. 2018, PLoS Negl Trop Dis 12(4):e0006379 - S2 Fig 'Weekly number of suspected cholera cases in Togo, by district, and in Lome from 2013 to 2014'",https://journals.plos.org/plosntds/article/file?type=supplementary&id=10.1371/journal.pntd.0006379.s003,"Supplementary figure of Rebaudet et al 2018 (see also metadata index 39), plotted from the Togolese Ministry of Health national surveillance database: 'Databases of all suspected cholera cases were collected from the epidemiological units of Benin, Togo, Ghana and Guinea. National databases comprised weekly case/death numbers at the district level (Ghana and Togo) ... since 2009'. The 2014 by-district panel names exactly seven reporting districts in its legend: Zio, Lacs, KLOTO, Golfe, Lome, Ave and AGOU. Kloto and Agou are PLATEAUX-region districts, and Kloto carries a substantial share of the week 33-47 bars. No Centrale, Kara or Savanes district appears in the 2014 legend (the 2013 panel legend does include Tchaoudjo, Tchamba, Blitta and Anie, so low-count districts are not omitted). This figure therefore (a) falsifies the Plateaux-2014 zero taken from Togo MoH Tableau XXXVI and (b) independently corroborates the Centrale, Kara and Savanes 2014 zeros.",2013-01-01 to 2014-12-31,Surveillance,Active,Level 1,Pending,PMC5908202 full text -> S2 Fig caption -> supplementary TIF retrieved from the PLOS article-file endpoint (the PMC /bin/ path returns an HTML block page) -> converted to PNG and read,en,0,,PMC5908202 full text -> S2 Fig caption -> supplementary TIF retrieved from the PLOS article-file endpoint (the PMC /bin/ path returns an HTML block page) -> converted to PNG and read,AI
85,"WHO Weekly Epidemiological Record - Cholera, 2018 (WER 2019;94(48):561-580), Table 1 footnote a: countries reporting zero cases",https://iris.who.int/handle/10665/330005,"WHO annual cholera report for 2018. Footnote a to the country table: 'The following countries reported 0 cases and deaths in 2018, fulfilling the vital public health surveillance service of zero reporting: Afghanistan, Australia, Bahrain, Benin, Bhutan, Burkina Faso, ... Sudan, Syrian Arab Republic, Timor-Leste, TOGO, Tonga, Tunisia, Tuvalu, Vanuatu.' This is the modern WER equivalent of a table entry of 0 for the country - an affirmative nil return, not silence. Note the French rendering of the same footnote carries a year typo ('en 2017'); the English sentence and the article both refer to 2018, and the list differs from the genuine 2017 list in WER 2018;93(38), which does NOT contain Togo.",2018-01-01 to 2018-12-31,Surveillance,Active,Level 1,Pending,"IRIS title search 'Cholera, 2018' + pypdf extraction + regex for 'reported 0 cases and deaths in'",en/fr,0,,"IRIS title search 'Cholera, 2018' + pypdf extraction + regex for 'reported 0 cases and deaths in'",AI
86,"WHO Weekly Epidemiological Record - Cholera 2019 (WER 2020;95(37):441-448), zero-reporting country list",https://iris.who.int/handle/10665/334242,"WHO annual cholera report for 2019. Zero-reporting footnote: French 'Les pays suivants ont signale 0 cas et deces en 2019, se conformant a la prescription de notification de zero cas essentielle pour la surveillance en sante publique: Algerie, Bahrein, Bhoutan, Botswana, Burkina Faso, Comores, Djibouti, Guinee, Indonesie, Libye, Maldives, Mali, Maroc, Myanmar, Nouvelle Zelande, Niger, Papouasie Nouvelle Guinee, Qatar, Republique arabe syrienne, Republique populaire democratique de Coree, Sierra Leone, Soudan de Sud, Sri Lanka, Timor-Leste, TOGO.' The English rendering of the same footnote carries a year typo ('in 2018'); the article is the 2019 annual report, the French says 2019, and the list differs from the 2018 list.",2019-01-01 to 2019-12-31,Surveillance,Active,Level 1,Pending,"IRIS title search 'Cholera, 2019' + pypdf extraction",en/fr,0,,"IRIS title search 'Cholera, 2019' + pypdf extraction",AI
87,"WHO Weekly Epidemiological Record - Cholera, 2020 (WER 2021;96(37):445-460)",https://iris.who.int/handle/10665/345271,"WHO annual cholera report for 2020. Africa narrative: 'In west Africa, Nigeria reported relatively few cases (596) for the second consecutive year, while TOGO REPORTED ITS FIRST CASES SINCE 2015 (67 cases, 2 deaths), and Benin reported 232 cases and 6 deaths.' Country table gives Togo 67 cases, 0 imported, 2 deaths, CFR 3.0 for 2020. The 'first cases since 2015' clause is an affirmative WHO statement of absence covering 2016-2019; note that it conflicts with the JHU-integrated baseline, which carries 6 cases for Togo in 2016 from a UNICEF Country Programme Report.",2016-01-01 to 2020-12-31,Surveillance,Active,Level 1,Pending,"IRIS title search 'Cholera, 2020' + pypdf extraction",en/fr,0,,"IRIS title search 'Cholera, 2020' + pypdf extraction",AI
88,"WHO Weekly Epidemiological Record - Cholera, 2022 (WER 2023;98(38):431-452), Table 2: countries reporting zero cases",https://iris.who.int/handle/10665/372993,"WHO annual cholera report for 2022. Table 2 'Countries reported 0 cholera cases and deaths in 2022, fulfilling the public health surveillance service of zero reporting' lists 14 African countries: Central African Republic, Chad, Djibouti, Egypt, Eswatini, Ghana, Guinea, Guinea-Bissau, Mali, Mauritania, Congo, Sierra Leone, TOGO, Uganda. An affirmative national nil return for 2022, independent of the Togo MoH Annuaire 2022 district table already used for the six regional zeros.",2022-01-01 to 2022-12-31,Surveillance,Active,Level 1,Pending,"IRIS title search 'Cholera, 2022' + pypdf extraction",en/fr,0,,"IRIS title search 'Cholera, 2022' + pypdf extraction",AI
89,WHO AFRO Monthly Regional Cholera Bulletin - June 2025 (data as of 29 June 2025),https://iris.who.int/handle/10665/382275,"WHO Regional Office for Africa monthly regional cholera bulletin, data reported as of 29 June 2025. The country table row for Togo reads: 2025 cases 165, deaths 4, CFR 2.4; outbreak cumulative 447 cases, 21 deaths, CFR 4.7; outbreak start Jul-24; DATE OF LAST REPORTED CASE 23-Mar-25. The May 2025 bulletin (10665/381794) carries the identical figures and states 'Outbreaks have been declared over in Togo'. Three months after the outbreak was declared over, WHO AFRO still shows Togo's last case as 23 March 2025 - an affirmative, dated statement of continuing absence rather than mere non-appearance.",2025-03-24 to 2025-06-29,Surveillance,Active,Level 1,Pending,"IRIS title search 'Monthly Regional Cholera Bulletin: June 2025' + pypdf extraction, run to test a UNICEF press-release figure that appeared to contradict the 2025 absence rows",en,0,,"IRIS title search 'Monthly Regional Cholera Bulletin: June 2025' + pypdf extraction, run to test a UNICEF press-release figure that appeared to contradict the 2025 absence rows",AI
90,WHO Weekly Epidemiological Record 1974;49(25) - Areas removed from the infected area list between 14 and 20 June 1974 (cholera),https://iris.who.int/handle/10665/219918,"WER weekly infected-area product under IHR(1969). Under 'Territoires supprimes de la liste des zones infectees entre les 14 et 20 juin 1974 / CHOLERA - Africa': TOGO, Region maritime, Anecho Circ. & Subdiv. san., Lome Circ. & Subdiv. san. Togo's two infected circonscriptions are carried on the cholera infected-area list through the monthly full lists of 1974 (e.g. issue 18, 'Infected Areas as on 2 May 1974') and on the weekly cholera notification tables of issues 14, 15, 17, 19 and 21 (Anecho: 17-23.III 2 cases; 24-30.III 1; 31.III-6.IV 1; 7-13.IV 2; 14-20.IV 2; Lome also listed), and are removed in issue 25. All 50 WER issues of 1974 were retrieved and scanned case-insensitively: Togo appears in no cholera product after issue 25.",1974-01-01 to 1974-06-20,Surveillance,Active,Level 1,Pending,IRIS enumeration of WER 1974 vol.49 + bulk pypdf extraction + case-insensitive cholera-block scan,en/fr,0,,IRIS enumeration of WER 1974 vol.49 + bulk pypdf extraction + case-insensitive cholera-block scan,AI
91,WHO Weekly Epidemiological Record 1978;53(7) cholera notification table and 1978;53(19) areas-removed list,https://iris.who.int/handle/10665/221745,"Two entries from the 1978 WER weekly series. (1) Issue 07, 'Diseases subject to the Regulations - CHOLERA - Africa': TOGO, period 15-21.I, 6 cases 6 deaths - which is exactly Togo's whole notified total for 1978 (WER 'Cholera in 1978' and the JHU baseline both give 6 cases / 6 deaths for the year), so the entire year's notified caseload falls in that one week. (2) Issue 19, 'Areas Removed from the Infected Area List between 4 and 11 May 1978 / CHOLERA - Africa': TOGO, Region maritime, Anecho Circonscription administrative. Togo is carried on the monthly infected-area lists of issues 04, 08, 13 and 17 and removed in issue 19. All 50 WER issues of 1978 were retrieved and scanned case-insensitively; Togo appears in no cholera product after issue 19.",1978-01-15 to 1978-05-11,Surveillance,Active,Level 1,Pending,IRIS enumeration of WER 1978 vol.53 + bulk pypdf extraction + case-insensitive cholera-block scan,en/fr,0,WER 1978;53(19) areas-removed list: https://iris.who.int/handle/10665/221882,IRIS enumeration of WER 1978 vol.53 + bulk pypdf extraction + case-insensitive cholera-block scan,AI
92,"WHO Weekly Epidemiological Record 1977;52 - cholera notification tables and infected-area lists (issues 16, 21, 26, 46, 48, 52)",https://iris.who.int/handle/10665/221418,"All 51 WER issues of 1977 retrieved from IRIS and scanned case-insensitively. Togo cholera entries: issue 16 notification table TOGO 19.III-15.IV (84 suspected cases, 5 deaths, plus a 1/0 line); issue 21 TOGO weekly series 13-19.III 4 cases 1 death, 27.III-2.IV 31/1, 3-9.IV 40/1, 10-16.IV 11/0, 17-23.IV 5/1; issue 46 TOGO 25.IX-1.X 13 cases 7 deaths; infected-area lists name TOGO Regions des Plateaux, Notse Circonscription administrative as at 30 June 1977 (issue 26) and TOGO Region maritime, Anecho Circonscription administrative in issues 46, 48 and 52 ('Infected Areas as on 28 December 1977'), i.e. Togo was still an infected area at the end of 1977. Notse is in the Haho prefecture, Plateaux region - the earliest record of cholera in Plateaux anywhere in this dataset. WHO's annual total for Togo in 1977 is 132 cases / 12 deaths.",1977-03-13 to 1977-12-28,Surveillance,Active,Level 1,Pending,IRIS enumeration of WER 1977 vol.52 + bulk pypdf extraction + case-insensitive cholera-block scan,en/fr,0,"WER 1977;52(46) (13 cases / 7 deaths, 25.IX-1.X, and the Anecho infected-area listing): https://iris.who.int/handle/10665/221614",IRIS enumeration of WER 1977 vol.52 + bulk pypdf extraction + case-insensitive cholera-block scan,AI
93,"WHO Weekly Epidemiological Record 1972;47 - cholera infected-area lists and notifications (issues 17, 18, 22, 23, 25, 26, 30, 35, 39, 43, 47)",https://iris.who.int/handle/10665/218926,"All 50 WER issues of 1972 retrieved from IRIS and scanned case-insensitively. Two distinct Togolese cholera foci appear. (1) PLATEAUX: 'TOGO - Region des Plateaux - Atakpame Circ. & Subdiv. san.' is on the cholera infected-area lists of issues 17, 18 and 22 (spring 1972); Atakpame is the seat of the Ogou prefecture. (2) CENTRALE: 'TOGO - Region centrale - Sokode Circ. & Subdiv. san.' enters as a newly infected area in issue 23 with a notification of 2 cases / 0 deaths for the period 29.V-4.VI 1972, receives a further 3 cases in issue 25, and then appears unchanged on the monthly full lists of issues 26, 30, 35, 39, 43 and 47, through 1973, until it is removed in WER 1973;48(27) between 29 June and 5 July 1973 - thirteen months after the last notified case. Togo's notified total for 1972 is 16 cases (WER annual table; JHU baseline 16 cases / 0 deaths). Cross-reference: WER 1972;47(17) https://iris.who.int/handle/10665/218852.",1972-01-01 to 1972-12-31,Surveillance,Active,Level 1,Pending,"IRIS enumeration of WER 1972 vol.47 + bulk pypdf extraction + case-insensitive cholera-block scan, run to date the start of the Sokode infected-area listing that the 1973 absence row depended on",en/fr,0,,"IRIS enumeration of WER 1972 vol.47 + bulk pypdf extraction + case-insensitive cholera-block scan, run to date the start of the Sokode infected-area listing that the 1973 absence row depended on",AI
94,"WHO AFRO Monthly Regional Cholera Bulletin - March 2025, Figure 28 'Map of Togo showing cholera-affected areas as of 23 March 2025' (data source: MoH Togo)",https://iris.who.int/handle/10665/381652,"WHO AFRO monthly regional cholera bulletin for March 2025 (the April 2025 bulletin, 10665/381653, reprints the same map). Country narrative: 'For the year 2025, as of 23 March, the cumulative number of cases reported from Togo was 165, and four deaths with a CFR of 2.4%. In March, new cases decreased by 93.1% from 72 in February to five... The current outbreak started on 27 July 2024.' Figure 28 is a district choropleth of Togo produced by WHO AFRO Health Information and Risks Assessment on 30 March 2025 from Ministry of Health Togo data. It labels EVERY Togolese health district and shades exactly THREE as affected - Agoe-Nyive (Grand Lome, 35.76-77.20% of the total, symbol class 70-149 confirmed cases), Golfe (Grand Lome, 14.52-35.75%) and Bas-Mono (Maritime, 14.51%) - with every other district in the legend category 'Non affected districts'. IMPORTANT LIMIT ON HOW FAR THIS MAP CAN BE READ: it is the position at its own data cut on the then-current reporting year, NOT a whole-outbreak statement. The August and September 2024 bulletins (10665/379287, 10665/379753) state 'The cases were reported from Vo and Golfe districts', yet Vo is unshaded here; and the February 2025 bulletin (10665/381148) reports the response evaluation being finalised 'in the Districts of Agoe, Bas Mono, and Lacs', yet Lacs is unshaded. Rows citing this source are therefore scoped to 1 January - 23 March 2025 only.",2025-01-01 to 2025-03-23,Surveillance,Active,Level 1,Pending,IRIS enumeration of the AFRO Monthly Regional Cholera Bulletin series + pypdf extraction of the Togo country section + extraction of the embedded Figure 28 raster from page 30 and visual reading of it,en,0,,IRIS enumeration of the AFRO Monthly Regional Cholera Bulletin series + pypdf extraction of the Togo country section + extraction of the embedded Figure 28 raster from page 30 and visual reading of it,AI
95,"WHO AFRO Weekly Bulletin on Outbreaks and other Emergencies, Week 44 of 2024 (28 Oct - 3 Nov 2024), Togo cholera event entry; with the AFRO monthly cholera bulletins for November and December 2024",https://iris.who.int/handle/10665/379864,"The 2024 phase of the Togo epidemic, district by district, from WHO AFRO's own event monitoring. (1) WBOE weeks 44-52 of 2024 carry the Togo cholera event as Grade 3, notified 13 August 2024, onset 12 August 2024, data to 27 October 2024: 'From 12 August to 21 October 2024, a total of 103 suspected cases including 10 deaths (CFR 9.7%) were reported from four health districts (Golfe, Lacs, Agoe-Nyive, Bas-Mono). A total of 32 cases were confirmed by RDT and 29 by culture for V. Cholerae O1.' (2) WBOE weeks 32-43 carry only the index case: 'A 22-year-old young man, who was diagnosed on July 30, 2024, was successfully treated in a health facility... the Vo health district, located in the Maritime Region.' (3) AFRO monthly cholera bulletin November 2024: 'In epidemiological week 48 (November 30, 2024), 4 districts were still experiencing an epidemic (Golfe, Agoe, Lacs, and Bas Mono)... Two deaths were recorded in the Lacs district.' (4) December 2024: 'In epidemiological week 52, 3 districts were still experiencing an epidemic (Golfe, Agoe, Lacs). Two deaths were recorded in Agoe district.' Across every one of these enumerations the affected districts are Vo, Golfe, Agoe-Nyive, Lacs and Bas-Mono - all in Grand Lome and Maritime. No district of Plateaux, Centrale, Kara or Savanes is ever named.",2024-07-30 to 2024-12-29,Surveillance,Active,Level 1,Pending,"IRIS enumeration of the 52 WBOE issues of 2024 + bulk pypdf extraction + Togo cholera event-block scan, followed by the Togo country sections of the AFRO monthly cholera bulletins for November and December 2024",en,0,,"IRIS enumeration of the 52 WBOE issues of 2024 + bulk pypdf extraction + Togo cholera event-block scan, followed by the Togo country sections of the AFRO monthly cholera bulletins for November and December 2024",AI
96,"WHO Weekly Epidemiological Record 1995;70(20) - Diseases subject to the Regulations, notifications received 12 to 18 May 1995",https://iris.who.int/handle/10665/229409,,1995-01-01 to 1995-12-31,Surveillance,Active,Level 1,Pending,IRIS DSpace API enumeration of WER 1995 vol.70 (50 full issues) + bitstream content endpoint download + pdftotext -layout extraction + 240dpi pdftoppm raster render and visual verification of the Africa cholera notification block,en,0,,IRIS DSpace API enumeration of WER 1995 vol.70 (50 full issues) + bitstream content endpoint download + pdftotext -layout extraction + 240dpi pdftoppm raster render and visual verification of the Africa cholera notification block,AI
97,"WHO Weekly Epidemiological Record 1995;70(31) - Diseases subject to the Regulations, notifications received 28 July to 3 August 1995",https://iris.who.int/handle/10665/229489,,1995-01-01 to 1995-12-31,Surveillance,Active,Level 1,Pending,IRIS DSpace API enumeration of WER 1995 vol.70 (50 full issues) + bitstream content endpoint download + pdftotext -layout extraction + 240dpi pdftoppm raster render and visual verification of the Africa cholera notification block,en,0,,IRIS DSpace API enumeration of WER 1995 vol.70 (50 full issues) + bitstream content endpoint download + pdftotext -layout extraction + 240dpi pdftoppm raster render and visual verification of the Africa cholera notification block,AI
98,"WHO Weekly Epidemiological Record 1995;70(32) - Diseases subject to the Regulations, notifications received 4 to 10 August 1995",https://iris.who.int/handle/10665/229499,,1995-01-01 to 1995-12-31,Surveillance,Active,Level 1,Pending,IRIS DSpace API enumeration of WER 1995 vol.70 (50 full issues) + bitstream content endpoint download + pdftotext -layout extraction + 240dpi pdftoppm raster render and visual verification of the Africa cholera notification block,en,0,,IRIS DSpace API enumeration of WER 1995 vol.70 (50 full issues) + bitstream content endpoint download + pdftotext -layout extraction + 240dpi pdftoppm raster render and visual verification of the Africa cholera notification block,AI
99,WHO Weekly Epidemiological Record 1995;70(25) - Infected areas as at 22 June 1995 (cholera),https://iris.who.int/handle/10665/229446,,1995-01-01 to 1995-12-31,Surveillance,Active,Level 1,"URL corrected: 10665/229455 is WER 1995;70(26), not (25). Replaced with the handle the IRIS DSpace API returns for ""Weekly Epidemiological Record, 1995, vol. 70, 25 [full issue]"".",IRIS DSpace bulk retrieval of WER 1995 vol.70 + case-insensitive scan of the IHR infected-area lists + 240dpi visual verification of the Togo block,en,0,,IRIS DSpace bulk retrieval of WER 1995 vol.70 + case-insensitive scan of the IHR infected-area lists + 240dpi visual verification of the Togo block,AI
100,"Togo Ministere de la Sante - Plan National de Developpement Sanitaire (PNDS) 2017-2022, Tableau I: Evolution des cas et deces des Maladies a potentiel epidemique 2010 a 2015",https://web.archive.org/web/20180417120354id_/http://www.sante.gouv.tg/sites/default/files/documents/togo_pnds_2017-2022_version_definitive_210217_.pdf,,2010-01-01 to 2015-12-31,Surveillance,Active,Level 1,Pending,Wayback CDX enumeration of sante.gouv.tg/sites/default/files* (the live site now serves an SPA shell for every PDF path); recovered the pre-2019 Drupal document tree and pulled the PNDS from a 2018-04-17 capture,en,0,,Wayback CDX enumeration of sante.gouv.tg/sites/default/files* (the live site now serves an SPA shell for every PDF path); recovered the pre-2019 Drupal document tree and pulled the PNDS from a 2018-04-17 capture,AI
101,"Bockemuhl J, Meinicke D. Value of phage typing of Vibrio cholerae biotype eltor in West Africa. Bull World Health Organ 1976;54(2):187-192",https://iris.who.int/handle/10665/260886,,1970-11-01 to 1973-01-31,Surveillance,Active,Level 1,Pending,"PubMed MCP search Bockemuhl+cholera+Togo -> PMID 1088101 (PMC2366433); Europe PMC and PMC PDF endpoints both blocked, recovered instead through the IRIS DSpace API (IRIS mirrors the PMC scan) + pdftotext -layout + 230dpi raster render of Table 4 and Figure 1",en,0,,"PubMed MCP search Bockemuhl+cholera+Togo -> PMID 1088101 (PMC2366433); Europe PMC and PMC PDF endpoints both blocked, recovered instead through the IRIS DSpace API (IRIS mirrors the PMC scan) + pdftotext -layout + 230dpi raster render of Table 4 and Figure 1",AI
102,"WHO Weekly Epidemiological Record 1973;48(28):281-284 - 'Cholera in 1973', Table 1: Global Situation of Cholera as Reported to WHO During First Five Four-Week Periods in 1970-1973",https://iris.who.int/handle/10665/219457,,1970-01-01 to 1973-05-20,Surveillance,Active,Level 1,"URL corrected: the handle first written was INFERRED and was wrong; replaced with the handle returned by the IRIS DSpace API for ""Weekly Epidemiological Record, 1973, vol. 48, 28 [full issue]""",IRIS DSpace enumeration + bulk download of WER 1970-1974 (249 full issues) + pdftotext -layout + case-insensitive Togo scan; the row was then verified visually from a 240 dpi pdftoppm render,en,0,,IRIS DSpace enumeration + bulk download of WER 1970-1974 (249 full issues) + pdftotext -layout + case-insensitive Togo scan; the row was then verified visually from a 240 dpi pdftoppm render,AI
103,"WHO Weekly Epidemiological Record 1970;45(50) - Diseases subject to the Regulations, notifications received from 4 to 10 December 1970 (Cholera El Tor)",https://iris.who.int/handle/10665/218059,,1970-12-01 to 1970-12-10,Surveillance,Active,Level 1,Pending,IRIS DSpace enumeration + bulk download of WER 1970-1974 (249 full issues) + pdftotext -layout + case-insensitive TOGO scan; each entry then verified visually from a 260 dpi pdftoppm render of the cholera notification block,en,0,,IRIS DSpace enumeration + bulk download of WER 1970-1974 (249 full issues) + pdftotext -layout + case-insensitive TOGO scan; each entry then verified visually from a 260 dpi pdftoppm render of the cholera notification block,AI
104,"WHO Weekly Epidemiological Record 1970;45(51) - Diseases subject to the Regulations, cholera notifications as at 15 December 1970, and Newly Infected Areas",https://iris.who.int/handle/10665/218076,,1970-12-09 to 1970-12-17,Surveillance,Active,Level 1,Pending,IRIS DSpace enumeration + bulk download of WER 1970-1974 (249 full issues) + pdftotext -layout + case-insensitive TOGO scan; each entry then verified visually from a 260 dpi pdftoppm render of the cholera notification block,en,0,,IRIS DSpace enumeration + bulk download of WER 1970-1974 (249 full issues) + pdftotext -layout + case-insensitive TOGO scan; each entry then verified visually from a 260 dpi pdftoppm render of the cholera notification block,AI
105,"WHO Weekly Epidemiological Record 1971;46(05) - Diseases subject to the Regulations, cholera notifications for 12-22 January 1971 (Cholera El Tor)",https://iris.who.int/handle/10665/218136,,1971-01-12 to 1971-01-22,Surveillance,Active,Level 1,Pending,IRIS DSpace enumeration + bulk download of WER 1970-1974 (249 full issues) + pdftotext -layout + case-insensitive TOGO scan; each entry then verified visually from a 260 dpi pdftoppm render of the cholera notification block,en,0,,IRIS DSpace enumeration + bulk download of WER 1970-1974 (249 full issues) + pdftotext -layout + case-insensitive TOGO scan; each entry then verified visually from a 260 dpi pdftoppm render of the cholera notification block,AI
106,"WHO Weekly Epidemiological Record 1971;46(14) - Diseases subject to the Regulations, cholera notifications for 28 February to 27 March 1971",https://iris.who.int/handle/10665/218251,,1971-02-28 to 1971-03-27,Surveillance,Active,Level 1,Pending,IRIS DSpace enumeration + bulk download of WER 1970-1978 (349 full issues) + pdftotext -layout + case-insensitive TOGO scan of the cholera notification tables,en,0,,IRIS DSpace enumeration + bulk download of WER 1970-1978 (349 full issues) + pdftotext -layout + case-insensitive TOGO scan of the cholera notification tables,AI
107,"WHO Weekly Epidemiological Record 1971;46(33) - Diseases subject to the Regulations, cholera notifications for 29 June to 31 July 1971",https://iris.who.int/handle/10665/218467,,1971-06-29 to 1971-07-31,Surveillance,Active,Level 1,Pending,IRIS DSpace enumeration + bulk download of WER 1970-1978 (349 full issues) + pdftotext -layout + case-insensitive TOGO scan of the cholera notification tables,en,0,,IRIS DSpace enumeration + bulk download of WER 1970-1978 (349 full issues) + pdftotext -layout + case-insensitive TOGO scan of the cholera notification tables,AI
108,"WHO Weekly Epidemiological Record 1971;46(38) - Diseases subject to the Regulations, cholera notifications for 1-31 August 1971",https://iris.who.int/handle/10665/218517,,1971-08-01 to 1971-08-31,Surveillance,Active,Level 1,Pending,IRIS DSpace enumeration + bulk download of WER 1970-1978 (349 full issues) + pdftotext -layout + case-insensitive TOGO scan of the cholera notification tables,en,0,,IRIS DSpace enumeration + bulk download of WER 1970-1978 (349 full issues) + pdftotext -layout + case-insensitive TOGO scan of the cholera notification tables,AI
109,"WHO Weekly Epidemiological Record 1972;47(06) - Diseases subject to the Regulations, cholera notifications for 27 December 1971 to 9 January 1972",https://iris.who.int/handle/10665/218728,,1971-12-27 to 1972-01-09,Surveillance,Active,Level 1,Pending,IRIS DSpace enumeration + bulk download of WER 1970-1978 (349 full issues) + pdftotext -layout + case-insensitive TOGO scan of the cholera notification tables,en,0,,IRIS DSpace enumeration + bulk download of WER 1970-1978 (349 full issues) + pdftotext -layout + case-insensitive TOGO scan of the cholera notification tables,AI
110,"WHO Weekly Epidemiological Record 1974;49(10) - Diseases subject to the Regulations, cholera notifications for 13-26 January 1974",https://iris.who.int/handle/10665/219757,,1974-01-13 to 1974-01-26,Surveillance,Active,Level 1,Pending,IRIS DSpace enumeration + bulk download of WER 1970-1978 (349 full issues) + pdftotext -layout + case-insensitive TOGO scan of the cholera notification tables,en,0,,IRIS DSpace enumeration + bulk download of WER 1970-1978 (349 full issues) + pdftotext -layout + case-insensitive TOGO scan of the cholera notification tables,AI
111,"WHO Weekly Epidemiological Record 1974;49(15) - Diseases subject to the Regulations, cholera notifications for 17-23 March 1974",https://iris.who.int/handle/10665/219809,,1974-03-17 to 1974-03-23,Surveillance,Active,Level 1,Pending,IRIS DSpace enumeration + bulk download of WER 1970-1978 (349 full issues) + pdftotext -layout + case-insensitive TOGO scan of the cholera notification tables,en,0,,IRIS DSpace enumeration + bulk download of WER 1970-1978 (349 full issues) + pdftotext -layout + case-insensitive TOGO scan of the cholera notification tables,AI
112,"WHO Weekly Epidemiological Record 1974;49(17) - Diseases subject to the Regulations, cholera notifications for 24-30 March 1974",https://iris.who.int/handle/10665/219833,,1974-03-24 to 1974-03-30,Surveillance,Active,Level 1,Pending,IRIS DSpace enumeration + bulk download of WER 1970-1978 (349 full issues) + pdftotext -layout + case-insensitive TOGO scan of the cholera notification tables,en,0,,IRIS DSpace enumeration + bulk download of WER 1970-1978 (349 full issues) + pdftotext -layout + case-insensitive TOGO scan of the cholera notification tables,AI
113,"WHO Weekly Epidemiological Record 1974;49(19) - Diseases subject to the Regulations, cholera notifications for 31 March to 13 April 1974",https://iris.who.int/handle/10665/219854,,1974-03-31 to 1974-04-13,Surveillance,Active,Level 1,Pending,IRIS DSpace enumeration + bulk download of WER 1970-1978 (349 full issues) + pdftotext -layout + case-insensitive TOGO scan of the cholera notification tables,en,0,,IRIS DSpace enumeration + bulk download of WER 1970-1978 (349 full issues) + pdftotext -layout + case-insensitive TOGO scan of the cholera notification tables,AI
114,"WHO Weekly Epidemiological Record 1977;52(21) - Diseases subject to the Regulations, REVISED cholera notification for 13-19 March 1977",https://iris.who.int/handle/10665/221377,,1977-03-13 to 1977-03-19,Surveillance,Active,Level 1,Pending,IRIS DSpace enumeration + bulk download of WER 1975-1978 + pdftotext -layout + case-insensitive TOGO scan; each entry verified visually from a 280 dpi pdftoppm render of the cholera block,en,0,,IRIS DSpace enumeration + bulk download of WER 1975-1978 + pdftotext -layout + case-insensitive TOGO scan; each entry verified visually from a 280 dpi pdftoppm render of the cholera block,AI
115,"WHO Weekly Epidemiological Record 1977;52(16) - Diseases subject to the Regulations, cholera notifications for 19 March to 15 April 1977",https://iris.who.int/handle/10665/221330,,1977-03-19 to 1977-04-15,Surveillance,Active,Level 1,Pending,IRIS DSpace enumeration + bulk download of WER 1975-1978 + pdftotext -layout + case-insensitive TOGO scan; each entry verified visually from a 280 dpi pdftoppm render of the cholera block,en,0,,IRIS DSpace enumeration + bulk download of WER 1975-1978 + pdftotext -layout + case-insensitive TOGO scan; each entry verified visually from a 280 dpi pdftoppm render of the cholera block,AI
116,"WHO Weekly Epidemiological Record 1977;52(46) - Diseases subject to the Regulations, cholera notifications for 25 September to 1 October 1977",https://iris.who.int/handle/10665/221614,,1977-09-25 to 1977-10-01,Surveillance,Active,Level 1,Pending,IRIS DSpace enumeration + bulk download of WER 1975-1978 + pdftotext -layout + case-insensitive TOGO scan; each entry verified visually from a 280 dpi pdftoppm render of the cholera block,en,0,,IRIS DSpace enumeration + bulk download of WER 1975-1978 + pdftotext -layout + case-insensitive TOGO scan; each entry verified visually from a 280 dpi pdftoppm render of the cholera block,AI
117,"WHO Weekly Epidemiological Record 1971;46 - cholera infected-area lists (issues 04, 06, 10, 11, 18, 21, 22, 26, 29, 36, 39, 43, 47, 48)",https://iris.who.int/handle/10665/218569,,1971-01-01 to 1971-12-31,Surveillance,Active,Level 1,Pending,"IRIS DSpace bulk retrieval of WER 1971 vol.46 + pdftotext -layout + case-insensitive TOGO scan of every issue; 20 of the 51 issues name Togo, of which 4 carry case counts and the remaining 14 are infected-area lists",en,0,,"IRIS DSpace bulk retrieval of WER 1971 vol.46 + pdftotext -layout + case-insensitive TOGO scan of every issue; 20 of the 51 issues name Togo, of which 4 carry case counts and the remaining 14 are infected-area lists",AI
118,"Togo Ministere de la Sante - Principaux indicateurs de sante / Annuaire des statistiques sanitaires 2016, Tableau XCVIII: maladies a potentiel epidemique par district (source: Division de la surveillance integree des urgences et riposte)",https://www.afro.who.int/sites/default/files/2017-10/Principaux%20indicateurs%20de%20sant%C3%A9%202016.pdf,,2016-01-01 to 2016-12-31,Surveillance,Active,Level 1,Pending,WebSearch for the 2016 Togo health yearbook after the Wayback copy of sante.gouv.tg proved to hold only the landing page; the PDF is mirrored on the WHO AFRO publications site and was retrieved there,en,0,,WebSearch for the 2016 Togo health yearbook after the Wayback copy of sante.gouv.tg proved to hold only the landing page; the PDF is mirrored on the WHO AFRO publications site and was retrieved there,AI
119,"WHO Weekly Epidemiological Record 1993;68(20) - Diseases subject to the Regulations, cholera notification for 1 March to 12 April 1993",https://iris.who.int/handle/10665/228717,,1993-03-01 to 1993-04-12,Surveillance,Active,Level 1,Pending,"IRIS DSpace enumeration + bulk download of WER 1993, 1997 and 2000-2002 (248 full issues) + pdftotext -layout + case-insensitive Togo scan. Agent 1 concluded from a pypdf pass that the WER weekly IHR cholera table carried no Togo entry after 1999; the layout-aware pass shows it did, in a right-hand column pypdf was collapsing",en,0,,"IRIS DSpace enumeration + bulk download of WER 1993, 1997 and 2000-2002 (248 full issues) + pdftotext -layout + case-insensitive Togo scan. Agent 1 concluded from a pypdf pass that the WER weekly IHR cholera table carried no Togo entry after 1999; the layout-aware pass shows it did, in a right-hand column pypdf was collapsing",AI
120,"WHO Weekly Epidemiological Record 2000;75(08) - Cholera, cases and deaths notified 1 November to 31 December 1999",https://iris.who.int/handle/10665/231078,,1999-11-01 to 1999-12-31,Surveillance,Active,Level 1,Pending,"IRIS DSpace enumeration + bulk download of WER 1993, 1997 and 2000-2002 (248 full issues) + pdftotext -layout + case-insensitive Togo scan. Agent 1 concluded from a pypdf pass that the WER weekly IHR cholera table carried no Togo entry after 1999; the layout-aware pass shows it did, in a right-hand column pypdf was collapsing",en,0,,"IRIS DSpace enumeration + bulk download of WER 1993, 1997 and 2000-2002 (248 full issues) + pdftotext -layout + case-insensitive Togo scan. Agent 1 concluded from a pypdf pass that the WER weekly IHR cholera table carried no Togo entry after 1999; the layout-aware pass shows it did, in a right-hand column pypdf was collapsing",AI
121,"WHO Weekly Epidemiological Record 2001;76(19) - Cholera, cases and deaths notified 9 May to 31 December 2000",https://iris.who.int/handle/10665/231508,,2000-05-09 to 2000-12-31,Surveillance,Active,Level 1,Pending,"IRIS DSpace enumeration + bulk download of WER 1993, 1997 and 2000-2002 (248 full issues) + pdftotext -layout + case-insensitive Togo scan. Agent 1 concluded from a pypdf pass that the WER weekly IHR cholera table carried no Togo entry after 1999; the layout-aware pass shows it did, in a right-hand column pypdf was collapsing",en,0,,"IRIS DSpace enumeration + bulk download of WER 1993, 1997 and 2000-2002 (248 full issues) + pdftotext -layout + case-insensitive Togo scan. Agent 1 concluded from a pypdf pass that the WER weekly IHR cholera table carried no Togo entry after 1999; the layout-aware pass shows it did, in a right-hand column pypdf was collapsing",AI
122,"WHO Weekly Epidemiological Record 2001;76(25) - Cholera, cases and deaths notified 1 January to 10 May 2001",https://iris.who.int/handle/10665/231547,,2001-01-01 to 2001-05-10,Surveillance,Active,Level 1,Pending,"IRIS DSpace enumeration + bulk download of WER 1993, 1997 and 2000-2002 (248 full issues) + pdftotext -layout + case-insensitive Togo scan. Agent 1 concluded from a pypdf pass that the WER weekly IHR cholera table carried no Togo entry after 1999; the layout-aware pass shows it did, in a right-hand column pypdf was collapsing",en,0,,"IRIS DSpace enumeration + bulk download of WER 1993, 1997 and 2000-2002 (248 full issues) + pdftotext -layout + case-insensitive Togo scan. Agent 1 concluded from a pypdf pass that the WER weekly IHR cholera table carried no Togo entry after 1999; the layout-aware pass shows it did, in a right-hand column pypdf was collapsing",AI
123,"WHO Weekly Epidemiological Record 2001;76(27) - Cholera, cases and deaths notified 1 March to 30 May 2001",https://iris.who.int/handle/10665/231564,,2001-03-01 to 2001-05-30,Surveillance,Active,Level 1,Pending,"IRIS DSpace enumeration + bulk download of WER 1993, 1997 and 2000-2002 (248 full issues) + pdftotext -layout + case-insensitive Togo scan. Agent 1 concluded from a pypdf pass that the WER weekly IHR cholera table carried no Togo entry after 1999; the layout-aware pass shows it did, in a right-hand column pypdf was collapsing",en,0,,"IRIS DSpace enumeration + bulk download of WER 1993, 1997 and 2000-2002 (248 full issues) + pdftotext -layout + case-insensitive Togo scan. Agent 1 concluded from a pypdf pass that the WER weekly IHR cholera table carried no Togo entry after 1999; the layout-aware pass shows it did, in a right-hand column pypdf was collapsing",AI
124,"WHO Weekly Epidemiological Record 2001;76(28) - Cholera, cases and deaths notified 10 to 30 June 2001",https://iris.who.int/handle/10665/231570,,2001-06-10 to 2001-06-30,Surveillance,Active,Level 1,Pending,"IRIS DSpace enumeration + bulk download of WER 1993, 1997 and 2000-2002 (248 full issues) + pdftotext -layout + case-insensitive Togo scan. Agent 1 concluded from a pypdf pass that the WER weekly IHR cholera table carried no Togo entry after 1999; the layout-aware pass shows it did, in a right-hand column pypdf was collapsing",en,0,,"IRIS DSpace enumeration + bulk download of WER 1993, 1997 and 2000-2002 (248 full issues) + pdftotext -layout + case-insensitive Togo scan. Agent 1 concluded from a pypdf pass that the WER weekly IHR cholera table carried no Togo entry after 1999; the layout-aware pass shows it did, in a right-hand column pypdf was collapsing",AI
125,"WHO Weekly Epidemiological Record 2001;76(29) - Cholera, cases and deaths notified 2 to 8 July 2001",https://iris.who.int/handle/10665/231578,,2001-07-02 to 2001-07-08,Surveillance,Active,Level 1,Pending,"IRIS DSpace enumeration + bulk download of WER 1993, 1997 and 2000-2002 (248 full issues) + pdftotext -layout + case-insensitive Togo scan. Agent 1 concluded from a pypdf pass that the WER weekly IHR cholera table carried no Togo entry after 1999; the layout-aware pass shows it did, in a right-hand column pypdf was collapsing",en,0,,"IRIS DSpace enumeration + bulk download of WER 1993, 1997 and 2000-2002 (248 full issues) + pdftotext -layout + case-insensitive Togo scan. Agent 1 concluded from a pypdf pass that the WER weekly IHR cholera table carried no Togo entry after 1999; the layout-aware pass shows it did, in a right-hand column pypdf was collapsing",AI
126,"WHO Weekly Epidemiological Record 2001;76(32) - Cholera, cases and deaths notified 9 to 16 July 2001",https://iris.who.int/handle/10665/231596,,2001-07-09 to 2001-07-16,Surveillance,Active,Level 1,Pending,"IRIS DSpace enumeration + bulk download of WER 1993, 1997 and 2000-2002 (248 full issues) + pdftotext -layout + case-insensitive Togo scan. Agent 1 concluded from a pypdf pass that the WER weekly IHR cholera table carried no Togo entry after 1999; the layout-aware pass shows it did, in a right-hand column pypdf was collapsing",en,0,,"IRIS DSpace enumeration + bulk download of WER 1993, 1997 and 2000-2002 (248 full issues) + pdftotext -layout + case-insensitive Togo scan. Agent 1 concluded from a pypdf pass that the WER weekly IHR cholera table carried no Togo entry after 1999; the layout-aware pass shows it did, in a right-hand column pypdf was collapsing",AI
127,"WHO Weekly Epidemiological Record 2001;76(41) - Cholera, cases and deaths notified 17 July to 30 September 2001",https://iris.who.int/handle/10665/231663,,2001-07-17 to 2001-09-30,Surveillance,Active,Level 1,Pending,"IRIS DSpace enumeration + bulk download of WER 1993, 1997 and 2000-2002 (248 full issues) + pdftotext -layout + case-insensitive Togo scan. Agent 1 concluded from a pypdf pass that the WER weekly IHR cholera table carried no Togo entry after 1999; the layout-aware pass shows it did, in a right-hand column pypdf was collapsing",en,0,,"IRIS DSpace enumeration + bulk download of WER 1993, 1997 and 2000-2002 (248 full issues) + pdftotext -layout + case-insensitive Togo scan. Agent 1 concluded from a pypdf pass that the WER weekly IHR cholera table carried no Togo entry after 1999; the layout-aware pass shows it did, in a right-hand column pypdf was collapsing",AI
128,"WHO Weekly Epidemiological Record 2001;76(48) - Cholera, cases and deaths notified 1 to 14 October 2001",https://iris.who.int/handle/10665/231710,,2001-10-01 to 2001-10-14,Surveillance,Active,Level 1,Pending,"IRIS DSpace enumeration + bulk download of WER 1993, 1997 and 2000-2002 (248 full issues) + pdftotext -layout + case-insensitive Togo scan. Agent 1 concluded from a pypdf pass that the WER weekly IHR cholera table carried no Togo entry after 1999; the layout-aware pass shows it did, in a right-hand column pypdf was collapsing",en,0,,"IRIS DSpace enumeration + bulk download of WER 1993, 1997 and 2000-2002 (248 full issues) + pdftotext -layout + case-insensitive Togo scan. Agent 1 concluded from a pypdf pass that the WER weekly IHR cholera table carried no Togo entry after 1999; the layout-aware pass shows it did, in a right-hand column pypdf was collapsing",AI
129,"WHO Weekly Epidemiological Record 2002;77(49) - Cholera, cases and deaths notified 1 January to 25 August 2002",https://iris.who.int/handle/10665/232046,,2002-01-01 to 2002-08-25,Surveillance,Active,Level 1,Pending,"IRIS DSpace enumeration + bulk download of WER 1993, 1997 and 2000-2002 (248 full issues) + pdftotext -layout + case-insensitive Togo scan. Agent 1 concluded from a pypdf pass that the WER weekly IHR cholera table carried no Togo entry after 1999; the layout-aware pass shows it did, in a right-hand column pypdf was collapsing",en,0,,"IRIS DSpace enumeration + bulk download of WER 1993, 1997 and 2000-2002 (248 full issues) + pdftotext -layout + case-insensitive Togo scan. Agent 1 concluded from a pypdf pass that the WER weekly IHR cholera table carried no Togo entry after 1999; the layout-aware pass shows it did, in a right-hand column pypdf was collapsing",AI
130,"WHO Weekly Epidemiological Record 2003;78(38) - Cholera, cases and deaths notified 1 January to 27 July 2003",https://iris.who.int/handle/10665/232266,,2003-01-01 to 2003-07-27,Surveillance,Active,Level 1,Pending,IRIS DSpace enumeration + bulk download of WER 2003-2005 (144 full issues) + pdftotext -layout + case-insensitive Togo scan of the 'Notifications of diseases received' cholera table,en,0,,IRIS DSpace enumeration + bulk download of WER 2003-2005 (144 full issues) + pdftotext -layout + case-insensitive Togo scan of the 'Notifications of diseases received' cholera table,AI
131,"WHO Weekly Epidemiological Record 2004;79(09) - Cholera, cases and deaths notified 3 November 2003 to 12 February 2004",https://iris.who.int/handle/10665/232414,,2003-11-03 to 2004-02-12,Surveillance,Active,Level 1,Pending,IRIS DSpace enumeration + bulk download of WER 2003-2005 (144 full issues) + pdftotext -layout + case-insensitive Togo scan of the 'Notifications of diseases received' cholera table,en,0,,IRIS DSpace enumeration + bulk download of WER 2003-2005 (144 full issues) + pdftotext -layout + case-insensitive Togo scan of the 'Notifications of diseases received' cholera table,AI
132,"WHO Weekly Epidemiological Record 2004;79(10) - Cholera, cases and deaths notified 12-24 February 2004",https://iris.who.int/handle/10665/232421,,2004-02-12 to 2004-02-24,Surveillance,Active,Level 1,Pending,IRIS DSpace enumeration + bulk download of WER 2003-2005 (144 full issues) + pdftotext -layout + case-insensitive Togo scan of the 'Notifications of diseases received' cholera table,en,0,,IRIS DSpace enumeration + bulk download of WER 2003-2005 (144 full issues) + pdftotext -layout + case-insensitive Togo scan of the 'Notifications of diseases received' cholera table,AI
133,"WHO Weekly Epidemiological Record 2004;79(12) - Cholera, cases and deaths notified 23 February to 7 March 2004",https://iris.who.int/handle/10665/232436,,2004-02-23 to 2004-03-07,Surveillance,Active,Level 1,Pending,IRIS DSpace enumeration + bulk download of WER 2003-2005 (144 full issues) + pdftotext -layout + case-insensitive Togo scan of the 'Notifications of diseases received' cholera table,en,0,,IRIS DSpace enumeration + bulk download of WER 2003-2005 (144 full issues) + pdftotext -layout + case-insensitive Togo scan of the 'Notifications of diseases received' cholera table,AI
134,"WHO Weekly Epidemiological Record 2005;80(17) - Cholera, cases and deaths notified 1 January to 13 March 2005",https://iris.who.int/handle/10665/232782,,2005-01-01 to 2005-03-13,Surveillance,Active,Level 1,Pending,IRIS DSpace enumeration + bulk download of WER 2003-2005 (144 full issues) + pdftotext -layout + case-insensitive Togo scan of the 'Notifications of diseases received' cholera table,en,0,,IRIS DSpace enumeration + bulk download of WER 2003-2005 (144 full issues) + pdftotext -layout + case-insensitive Togo scan of the 'Notifications of diseases received' cholera table,AI
135,"WHO Weekly Epidemiological Record 2005;80(25) - Cholera, cases and deaths notified 14 March to 8 May 2005",https://iris.who.int/handle/10665/232825,,2005-03-14 to 2005-05-08,Surveillance,Active,Level 1,Pending,IRIS DSpace enumeration + bulk download of WER 2003-2005 (144 full issues) + pdftotext -layout + case-insensitive Togo scan of the 'Notifications of diseases received' cholera table,en,0,,IRIS DSpace enumeration + bulk download of WER 2003-2005 (144 full issues) + pdftotext -layout + case-insensitive Togo scan of the 'Notifications of diseases received' cholera table,AI
136,"WHO Weekly Epidemiological Record 2006;81(05) - Cholera, cases and deaths notified 6 August to 27 November 2005",https://iris.who.int/handle/10665/233014,,2005-08-06 to 2005-11-27,Surveillance,Active,Level 1,Pending,IRIS DSpace enumeration + bulk download of WER 2006 (46 full issues) + pdftotext -layout + case-insensitive Togo scan guarded on a Cholera section heading,en,0,,IRIS DSpace enumeration + bulk download of WER 2006 (46 full issues) + pdftotext -layout + case-insensitive Togo scan guarded on a Cholera section heading,AI
137,"WHO Weekly Epidemiological Record 2006;81(37) - Cholera, cases and deaths notified 2 January to 25 June 2006",https://iris.who.int/handle/10665/233196,,2006-01-02 to 2006-06-25,Surveillance,Active,Level 1,Pending,IRIS DSpace enumeration + bulk download of WER 2006 (46 full issues) + pdftotext -layout + case-insensitive Togo scan guarded on a Cholera section heading,en,0,,IRIS DSpace enumeration + bulk download of WER 2006 (46 full issues) + pdftotext -layout + case-insensitive Togo scan guarded on a Cholera section heading,AI
138,"Togo Ministere de la Sante - Annuaire des Statistiques Sanitaires 2019, Tableau LXIII (maladies a potentiel epidemique par district, source Rapport DSIUR 2019)",https://web.archive.org/web/20250616041209id_/https://sante.gouv.tg/wp-content/uploads/2021/06/Annuaire-2019_final_V2.pdf,"Togo MoH health statistics yearbook 2019, 124 pp. Tableau LXIII 'Repartition des cas, des deces et la letalite des maladies a potentiel epidemique par district, Togo, 2019' (source: Rapport DSIUR 2019) prints a Cholera column for all 40 health districts and every regional and national total: ZERO cholera cases and ZERO deaths everywhere in 2019. NOTE FOR RE-USERS: the same yearbook's outpatient-consultation tables (Tableaux XXVIII-XXXIII, 'Repartition des cas de consultation externe par tranche d age') separately list 'Nb cas cholera' of 6 (Plateaux), 2 (Centrale), 36 (Kara) and 10 (Savanes) with 0 in Lome-Commune and Maritime. Those are HMIS coding artefacts, not surveillance counts - the same tables report 9-18 dracunculiasis cases per region in a country certified guinea-worm-free in 2011, plus implausible anthrax and diphtheria rows, and they place all the 'cholera' in the four regions that have never had an outbreak while showing zero in Lome and Maritime where every Togolese epidemic has occurred. Use Tableau LXIII, not the consultation tables.",2019-01-01 to 2019-12-31,Government surveillance yearbook,Active,Level 1,Pending,Wayback CDX sweep of sante.gouv.tg/wp-content/uploads* after WebFetch revealed the ministry domain moved to sante-assurances.gouv.tg,fr,1,,Wayback CDX sweep of sante.gouv.tg/wp-content/uploads* after WebFetch revealed the ministry domain moved to sante-assurances.gouv.tg,AI
139,"Togo Ministere de la Sante - Rapport annuel de performance 2021 (MSHPAUS), Tableau 'Evolution des cas suspects et des cas confirmes des MPE de 2017 a 2021'",https://web.archive.org/web/20250709195818id_/https://sante.gouv.tg/wp-content/uploads/2025/05/Rapport_annuel-performance_2021_MSHPAUS_20_5_2021_valide.pdf,"Togo MoH annual performance report for 2021. Two cholera-bearing items. (1) A five-year surveillance table sourced to 'Rapport annuel DSIUSR, 2021' giving cholera suspected/confirmed cases for 2017=0/0, 2018=0/0, 2019=0/0, 2020=68/18, 2021=39/12. (2) A narrative section 'Surveillance du cholera - Epidemie de 2021': the 2021 epidemic was confined to Lacs health district, began at Agoegan in commune no.2 and spread to Melly-Djigbe, Seko, Zola, Aziagba-Kondji and Aneho-Adjido; 39 cases recorded, 27 sampled, 12 confirmed as V. cholerae Ogawa, 5 deaths of which 4 in the community.",2017-01-01 to 2021-12-31,Government annual performance report,Active,Level 1,Pending,Wayback CDX sweep of sante.gouv.tg/wp-content/uploads*; re-mine of the MoH performance-report series already registered at metadata index 75 and 76,fr,1,,Wayback CDX sweep of sante.gouv.tg/wp-content/uploads*; re-mine of the MoH performance-report series already registered at metadata index 75 and 76,AI
140,"Togo Ministere de la Sante - Rapport annuel de performance 2022, Figure 23 'Evolution des epidemies de cholera au Togo, 1990 a 2022' (Source: Rapport SIMR 2022, DSIUSR)",https://web.archive.org/web/20250709195814id_/https://sante.gouv.tg/wp-content/uploads/2025/05/Rapport-annuel-performance-2022-MAHPAUS_valide_19052023_VP.pdf#figure23,"Page 60 of the Togo MoH 2022 annual performance report. A stacked bar chart of annual cholera CASES and DEATHS for every year 1990-2022, attributed to the Rapport SIMR 2022 of the DSIUSR - i.e. the Togolese national surveillance archive, not a WHO relay. No numeric table accompanies it. Agent 5 recovered the values photogrammetrically: page rendered with pdftoppm at 600 dpi, the two Excel default series colours isolated (cases RGB 68/114/196, deaths RGB 237/125/49), the ten horizontal gridlines located at 91.1 px intervals fixing the scale at 5.49 cases per pixel with the zero line at y=1502, and the 33 bar positions found at 109.3 px intervals from x=795. Validation against the eleven years where an independent WHO/JHU figure exists gives residuals of -7 to +6 cases (1995 60 v 65, 1999 664 v 667, 2003 390 v 384, 2005 1317 v 1320, 2006 1153 v 1159, 2007 60 v 65, 2008 390 v 397, 2010 71 v 72, 2012 66 v 61, 2013 165 v 166, 2015 38 v 35), so the method is accurate to about +/-7 cases. Recovered series (cases, and where a deaths band is visible the case+death total in brackets): 1990 132, 1991 1054, 1992 66, 1993 269, 1994 22, 1995 60 [66], 1996 154 [170], 1997 198 [214], 1998 3661 [3902], 1999 664 [692], 2000 192 [209], 2001 2733 [2870], 2002 390 [412], 2003 390 [417], 2004 1317 [1350], 2005 1317 [1328], 2006 1153 [1175], 2007 60, 2008 390, 2009 362, 2010 71, 2011 27, 2012 66, 2013 165 [170], 2014 335 [351], 2015 38, 2016 0, 2017 0, 2018 0, 2019 0, 2020 60, 2021 33, 2022 0. Bar-to-year alignment is fixed independently by three anchors: 1998 as the series maximum, the four consecutive zeros at 2016-2019, and the zero at 2022 that the same report states in words. VALIDITY WARNING ADDED BY AGENT 5 AFTER FULL CROSS-CHECKING: the series is ACCURATE FROM 1995 ONWARD - residuals of -7 to +6 cases against the eleven years with an independent WHO or JHU figure - but its PRE-1994 SEGMENT IS NOT RELIABLE FOR MAGNITUDE. It puts 1991 at about 1 054 against a WHO total of 2 396 that two dated WER notifications reproduce exactly (682 + 1 714), 1992 at about 66 against 753 (two notifications giving 739), and 1993 at about 269 against 19: errors of -56, -91 and +1 316 per cent in a stretch where the WHO figures are anchored by dated notifications. The 2022 SIMR database the chart was drawn from evidently holds poor or reconstructed records before about 1994. USE THE PRE-1994 VALUES QUALITATIVELY ONLY. The one place they are used in this dataset is AI row 196, the 1990 national row, where the chart is the ONLY source in existence; that row carries confidence 0.35 for this reason, and the finding that matters there is the qualitative one - a plainly non-zero 1990 bar against the flat baseline the same chart draws for 2016-2019 and 2022 - which is what justified retracting the former AI row 22 asserting a 1990 zero. Divergences from the WHO-notified series in the reliable segment are also recorded on AI rows 38 (1998), 172 (2000), 180 (2002) and 52 (2014), and the 2011 value of about 27 corroborates the MoH and Rebaudet figure of 33 against WHO's 4 on AI row 126.",1990-01-01 to 2022-12-31,Government surveillance time series (stacked bar chart),Active,Level 1,Pending,"Re-mine of metadata index 76 (Rapport annuel de performance 2022), already registered but read only for its one-sentence 2022 zero statement",fr,1,,"Re-mine of metadata index 76 (Rapport annuel de performance 2022), already registered but read only for its one-sentence 2022 zero statement",AI
141,WHO AFRO Monthly Regional Cholera Bulletin - November 2024,https://iris.who.int/handle/10665/379904,"Togo section: 'For the year 2024, as of 30 November, the cumulative number of cases reported from Togo was 215 and 15 deaths with a CFR of 7.0%. In November, new cases increased by 9.4% from 85 in October to 93. New deaths however, decreased by 57.1% from seven in October to three in November.' District enumeration: 'In epidemiological week 48 (November 30, 2024), 4 districts were still experiencing an epidemic (Golfe, Agoe, Lacs, and Bas Mono). The Bas Mono district did not report any suspected cases during the last three weeks of November. Two deaths were recorded in the Lacs district. As of November 30, no cases were hospitalized.' Response: active case-finding by community health workers in Lacs, four mobile latrines deployed in the Lacs fishing community, 150 cholera treatment kits and 1 100 RDTs donated.",2024-11-01 to 2024-11-30,WHO regional surveillance bulletin,Active,Level 1,Pending,"IRIS DSpace discovery API search for 'Monthly Regional Cholera Bulletin', then /server/api/pid/find -> /bundles -> /bitstreams/{uuid}/content, the only IRIS route still serving file bytes in September 2026",en,1,,"IRIS DSpace discovery API search for 'Monthly Regional Cholera Bulletin', then /server/api/pid/find -> /bundles -> /bitstreams/{uuid}/content, the only IRIS route still serving file bytes in September 2026",AI
142,WHO AFRO Monthly Regional Cholera Bulletin - December 2024 (incl. Figure 22 commune-level map of affected areas),https://iris.who.int/handle/10665/380302,"Togo section: 'For the year 2024, as of 29 December, the cumulative number of cases reported from Togo was 281 and 17 deaths with a CFR of 6.0%. In December, new cases decreased by 31.7% from 82 in November to 56.' District enumeration: 'In epidemiological week 52, 3 districts were still experiencing an epidemic (Golfe, Agoe, Lacs). Two deaths were recorded in Agoe district.' Table 1 gives Togo 281 cases and 17 deaths in 2024, cumulative 282 and 17 since Dec-23, last update 29-Dec-24. FIGURE 22 'Map of Togo showing cholera-affected are as of 29 December 2024' is a COMMUNE-level choropleth of the coastal strip with classes 0-5, 5-10, 10-20, 20-30, 30-76 and 77-90 cases per commune, overlaid with suspected and confirmed case points, plus a national inset classifying every health district as 'En epidemie', 'Epid - Juillet-Aout', 'Suspect notifie' or 'Autres districts'. Read at 200 dpi: the epidemic classes cover only Golfe 1-7, Agoe-Nyive 1-6, Lacs 1-4 and Bas-Mono 1-2; Vo, Zio, Yoto and Ave carry the lighter suspect/other classes; the entire country north of the Maritime and Grand Lome regions is 'Autres districts'.",2024-12-01 to 2024-12-31,WHO regional surveillance bulletin,Active,Level 1,Pending,"IRIS DSpace discovery API search for 'Monthly Regional Cholera Bulletin', then /server/api/pid/find -> /bundles -> /bitstreams/{uuid}/content, the only IRIS route still serving file bytes in September 2026",en,1,,"IRIS DSpace discovery API search for 'Monthly Regional Cholera Bulletin', then /server/api/pid/find -> /bundles -> /bitstreams/{uuid}/content, the only IRIS route still serving file bytes in September 2026",AI
143,WHO AFRO Monthly Regional Cholera Bulletin - February 2025,https://iris.who.int/handle/10665/381148,"Togo section: 'For the year 2025, as of 23 February, the cumulative number of cases reported from Togo was 160, and four deaths with a CFR of 2.5%. In February, new cases decreased by 18.2% from 88 in January to 72. There were two deaths each reported in January and February.' Response and challenges name the districts still under review - 'Finalization of the Response Evaluation in the Districts of Agoe, Bas Mono, and Lacs is ongoing' - and identify a specific community with poor hygiene compliance, Togblekope (Agoe-Nyive).",2025-02-01 to 2025-02-23,WHO regional surveillance bulletin,Active,Level 1,Pending,"IRIS DSpace discovery API search for 'Monthly Regional Cholera Bulletin', then /server/api/pid/find -> /bundles -> /bitstreams/{uuid}/content, the only IRIS route still serving file bytes in September 2026",en,1,,"IRIS DSpace discovery API search for 'Monthly Regional Cholera Bulletin', then /server/api/pid/find -> /bundles -> /bitstreams/{uuid}/content, the only IRIS route still serving file bytes in September 2026",AI
144,WHO AFRO Monthly Regional Cholera Bulletin - April 2025 (outbreak declared over; Figure 29 map as of 23 March 2025),https://iris.who.int/handle/10665/381653,"Togo section: 'For the year 2025, as of 25 March, the cumulative number of cases reported from Togo was 165, and four deaths with a CFR of 2.4%. Following no new cases after four consecutive weeks of no new cases. The outbreak was declared over on 25 March 2025. The current outbreak started on 27 July 2024. The country is planning for an After Action Review Meeting (AAR).' Contains Figure 28 (epicurve as of 23 March 2025) and Figure 29 'Map of Togo showing cholera-affected are as of 23 March 2025'. NOTE FOR THE REGISTRY: metadata index 26 is named 'April 2025' but its URL, iris.who.int/handle/10665/381794, is the MAY 2025 bulletin; the April 2025 bulletin is handle 10665/381653, registered here.",2025-03-31 to 2025-04-27,WHO regional surveillance bulletin,Active,Level 1,Pending,"IRIS DSpace discovery API search for 'Monthly Regional Cholera Bulletin', then /server/api/pid/find -> /bundles -> /bitstreams/{uuid}/content, the only IRIS route still serving file bytes in September 2026",en,1,,"IRIS DSpace discovery API search for 'Monthly Regional Cholera Bulletin', then /server/api/pid/find -> /bundles -> /bitstreams/{uuid}/content, the only IRIS route still serving file bytes in September 2026",AI
145,"WHO AFRO Monthly Regional Cholera Bulletin series, August 2024 - April 2025 - Togo national monthly cumulative series (derived monthly increments)",https://iris.who.int/server/api/pid/find?id=hdl:10665/379287+379753+379864+379904+380302+380906+381148+381652+381653,"Nine consecutive WHO AFRO monthly regional cholera bulletins, each carrying a Togo section with a CALENDAR-YEAR CUMULATIVE case and death count at a stated cut-off date. Handles: Aug 2024 = 10665/379287, Sep 2024 = 379753, Oct 2024 = 379864, Nov 2024 = 379904, Dec 2024 = 380302, Jan 2025 = 380906, Feb 2025 = 381148, Mar 2025 = 381652, Apr 2025 = 381653. CUMULATIVE VALUES AS PRINTED: 2024 to 18 Aug = 5 cases / 1 death; to 30 Sep = 36 / 3; to 31 Oct = 129 / 12; to 30 Nov = 215 / 15; to 29 Dec = 281 / 17. 2025 to 26 Jan = 88 / 2; to 23 Feb = 160 / 4; to 23 Mar = 165 / 4, after which the April bulletin records the outbreak declared over on 25 March 2025. DERIVED MONTHLY INCREMENTS, by successive subtraction: 27 Jul - 18 Aug 2024 = 5 / 1; 19 Aug - 30 Sep = 31 / 2; October = 93 / 9; November = 86 / 3; 1-29 Dec = 66 / 2; 1-26 Jan 2025 = 88 / 2; 27 Jan - 23 Feb = 72 / 2; 24 Feb - 23 Mar = 5 / 0. The increments reconcile EXACTLY to the published annual totals: 5+31+93+86+66 = 281 cases and 1+2+9+3+2 = 17 deaths for 2024, and 88+72+5 = 165 cases and 2+2+0 = 4 deaths for 2025, matching Table 1 of the June 2025 bulletin to the unit. NOTE that the narrative month-on-month percentages inside each bulletin restate the PREVIOUS month downward (October appears as 93 in the October bulletin, 85 in November's and 82 in December's), so the increments here are computed from the CUMULATIVE column, which is stable, not from the narrative deltas, which are revised.",2024-07-27 to 2025-03-23,WHO regional surveillance bulletin series (cumulative-to-increment disaggregation),Active,Level 1,Pending,"IRIS DSpace discovery API sweep of the Monthly Regional Cholera Bulletin series, then the /server/api/core/bitstreams/{uuid}/content route",en,1,,"IRIS DSpace discovery API sweep of the Monthly Regional Cholera Bulletin series, then the /server/api/core/bitstreams/{uuid}/content route",AI
146,"Nadri J, Sauvageot D, Njanpop-Lafourcade BM, et al. Sensitivity, Specificity, and Public-Health Utility of Clinical Case Definitions Based on the Signs and Symptoms of Cholera in Africa. Am J Trop Med Hyg 2018;98(4):1021-1030",https://doi.org/10.4269/ajtmh.16-0523,"PMID 29488455, PMC5928804. Africhol network case-definition evaluation across seven African countries, June 2011 - July 2015, 5 084 suspected cholera patients tested with 35.7 per cent culture confirmation overall. TOGO ROW OF TABLE 3: 'Togo | Total | 630 | 573 (91.0) | 293 (51.1)' - 630 suspected cholera cases enrolled, 573 of them culture-tested (91.0 per cent), 293 culture-confirmed (51.1 per cent of those tested). Togo surveillance ran June 2011 to April 2015 at the five districts of Lome and Golfe district, including the infectious-disease and paediatric departments of the Centre Hospitalier Universitaire Be Hospital and other district health centres, plus the infectious-disease and paediatric departments of Aneho Hospital in the Lacs district of Maritime region. Co-authored by Abiba Banla Kere (INH Lome) and Dadja E Landoh (Division de l'Epidemiologie, MoH Lome), i.e. the same Togolese surveillance team behind metadata index 32. This SUPERSEDES the coverage of AI rows 92-93, which come from the 2016 Africhol incidence paper and stop at December 2013.",2011-06-01 to 2015-04-30,Peer-reviewed multi-country surveillance study,Active,Level 1,Pending,"PubMed MCP citation-network sweep: 23 Togo cholera papers, then the Africhol branch",en,2,,"PubMed MCP citation-network sweep: 23 Togo cholera papers, then the Africhol branch",AI
147,"Constantin de Magny G, Guegan JF, Petit M, Cazelles B. Regional-scale climate-variability synchrony of cholera epidemics in West Africa. BMC Infect Dis 2007;7:20",https://doi.org/10.1186/1471-2334-7-20,"PMID 17371602, PMC1839095. Wavelet analysis of monthly cholera series for the five adjoining West African coastal countries Cote d'Ivoire, Ghana, Togo, Benin and Nigeria. 'Epidemiological data corresponding to morbidity reports between 1975 and 2002 were extracted from the Weekly Epidemiological Record published by the World Health Organization (WHO).' TABLE 1, TOGO ROW: total number of cases 1975-2002 = 9 970; total number of reports = 42; number of reports interpolated = 25 (59.5 per cent); number of report lengths longer than 2 months = 6 (14.3 per cent). Finds 'a significant synchrony in cholera epidemics' across four of the five countries between 1989 and 1994, Togo included. TWO USES HERE, NEITHER AS A NEW ROW. (a) MAGNITUDE CHECK: 9 970 against the 10 637 that the JHU annual rows for 1975-2002 sum to, i.e. agreement to within 6 per cent, so the WER-derived Togolese series in this dataset is the same series these authors extracted. (b) METHODOLOGICAL CORROBORATION, which is the more valuable finding: an independent team working from the same WER had to INTERPOLATE 25 of Togo's 42 reports and found six reports spanning more than two months. Togo's WER reporting is sparse and irregularly periodised, which is exactly the pathology behind the 1995 non-additive notifications (AI rows 122-124) and behind the repeated failure of the dated WER entries to sum to the annual returns in 1992, 1996, 1998 and 1999.",1975-01-01 to 2002-12-31,Peer-reviewed time-series analysis,Active,Level 1,Pending,PubMed MCP citation-network sweep of 23 Togo cholera papers,en,2,,PubMed MCP citation-network sweep of 23 Togo cholera papers,AI
148,"Amedome A, Kpodzro H, Nabede N, Vovor VM. Les 40 premiers cas de cholera bacteriologiquement confirmes traites au Centre Hospitalier National de Lome (Togo). Bull Soc Med Afr Noire Lang Fr 1971;16(2):219-23",https://pubmed.ncbi.nlm.nih.gov/5140211/,"PMID 5140211. Togolese clinical case series on the FIRST 40 BACTERIOLOGICALLY CONFIRMED cholera cases treated at the Centre Hospitalier National de Lome at the start of the 1970-73 El Tor epidemic. Authors are Togolese clinicians. No abstract is indexed and the journal is not digitised, so the count of 40 is taken from the title, which states it unambiguously; the exact dates the 40 span are NOT recoverable. MeSH terms include Ethnicity and Social Class, so the paper also characterised who was affected. This is the earliest Togolese primary clinical source on cholera and it predates every WER-derived row in this dataset by publication, though not by event.",1970-11-24 to 1971-12-31,Clinical case series,Active,Level 1,Pending,"PubMed MCP citation-network sweep of 23 Togo cholera papers, sorted by publication date",fr,2,,"PubMed MCP citation-network sweep of 23 Togo cholera papers, sorted by publication date",AI
149,"Bockemuhl J, Roch K, Wohlers B. Vibrio parahaemolyticus gastroenteritis during the El Tor cholera epidemic in Togo (West Africa). Am J Trop Med Hyg 1975;24(5):811-5",https://pubmed.ncbi.nlm.nih.gov/1111349/,"PMID 1111349. Same Hamburg-Lome laboratory team as metadata index 31 and 101. Abstract verbatim: 'In the course of the El Tor cholera epidemic in Togo (West Africa), Vibrio parahaemolyticus was identified as the causative agent of a cholera-like gastroenteritis. From September 1971 to March 1973 81 cases were confirmed bacteriologically. Seventy patients developed cholera-like symptoms and at first were wrongly diagnosed as cholera cases; 6 other patients were simultaneously infected with El Tor vibrios and V. parahaemolyticus.' USED HERE AS A SPECIFICITY CAVEAT ON THE 1970-73 SUSPECTED-CASE COUNTS, NOT AS A CHOLERA ROW: 70 patients in Togo between September 1971 and March 1973 were initially counted as cholera and were not. Any Togolese suspected-cholera figure for that window - including the WER weekly notifications behind AI rows 128-158 and the roughly 1 000 total cases Bockemuhl and Schroter estimate - contains an unknown share of these 70. The 561 bacteriologically confirmed figure in AI row 198 is unaffected, because it is culture-confirmed cholera.",1971-09-01 to 1973-03-31,Peer-reviewed laboratory epidemiology,Active,Level 1,Pending,PubMed MCP citation-network sweep of 23 Togo cholera papers,en,2,,PubMed MCP citation-network sweep of 23 Togo cholera papers,AI
150,"UNICEF WCARO / Action Contre la Faim - Integrated approach to understand the dynamics of cholera epidemics in Ghana, Togo and Benin (2015), Table 2: total suspected cases, weeks of notification and deaths 2011-2014 by district",https://web.archive.org/web/20250419214649id_/https://plateformecholera.info/sites/default/files/2022-11/32-WCA_2015_SLL_UNICEF-APHM_FR.pdf,"73-page UNICEF-commissioned tri-country mission report, recovered from the Internet Archive on the Cholera Platform's NEW Drupal path /sites/default/files/2022-11/ - the old /attachments/article/ path that Agents 2 and 4 tried returns a truncated 1 048 576-byte replay, which is why this document was logged as blocked. Built on databases supplied by the ministries; for Togo the authors received monthly cumulated case and death numbers by district for 2001, 2002, 2004, 2005, 2006 and 2013, national weekly cases and deaths by district for 2008, and line lists for 2009 and 2014. TABLE 2, TOGO BLOCK, total suspected cases / weeks of notification / deaths for 2011-2014: Anie 1/1/0, Bas-Mono 1/1/0, Blitta 1/1/0, D1 9/7/0, D2 131/31/1, D3 110/30/2, D4 38/20/0, D5 9/8/0, Golfe 70/22/3, Lacs 113/16/8, Tchamba 4/2/0, Tchaoudjo 49/9/1, Vo 6/4/1, Zio 36/6/1, Ave 15/3/0, Agou 6/1/0, Kloto 26/9/3, Kpele 0/0/0, TOTAL 625/171/20. The eighteen district rows sum to exactly 625 cases and 20 deaths. Section 10.3 adds two national aggregates - 'During the seven-year period from 2000 to 2006, a total of 7234 suspected cases were reported. Meanwhile, during the following seven-year period, only 983 cases were report[ed] in the country' - and a week-resolved narrative of the 2014 epidemic. Figure 13 plots the 2014 epidemic by district for Zio, Lacs, Kloto, Golfe, Lome, Ave and Agou.",2011-01-01 to 2014-12-07,Multi-country field mission report with national surveillance database extracts,Active,Level 2,Pending,"Link extraction from the archived Cholera Platform Togo page, then the NEW /sites/default/files/2022-11/ path instead of the old /attachments/ path",en,2,,"Link extraction from the archived Cholera Platform Togo page, then the NEW /sites/default/files/2022-11/ path instead of the old /attachments/ path",AI
151,"UNICEF Togo 2014 - Etude EHA dans les zones a haut risque cholera au Togo: revue et formulation de propositions d'action pour prevenir le cholera, Tableau 1 (parametres epidemiologiques par zone, 2006-2013)",https://web.archive.org/web/20260120050028id_/https://plateformecholera.info/sites/default/files/2022-11/26-TOG_2014_SLL_UNICEF_ST1_FR.pdf,"27-page UNICEF mission report on WASH in Togo's high-risk cholera zones, December 2014, recovered from the Internet Archive on the Cholera Platform's new Drupal path. TABLEAU 1 'Parametres epidemiologiques des epidemies de cholera des departements principalement affectes, Togo, 2006-2013' gives cases/deaths, share of national cases, share of years affected, number of outbreaks and mean duration for ten areas, AND IS THE ONLY SOURCE ANYWHERE THAT SPLITS LOME COMMUNE INTO ITS FIVE HEALTH DISTRICTS: District_III 403/3 (21 per cent), District_II 325/3 (16.9), District_V 294/3 (15.3), District_IV 156/1 (8.1), District_I 75/0 (3.9), Maritime 375/9 (19.5), Plateaux 256/12 (13.3), Centrale 33/2 (1.7), Kara 2/0 (0.1), Savanes 0/0 (0). The ten rows sum to 1 919 cases and 33 deaths and every printed percentage reproduces from that denominator to one decimal place. The table's source line reads 'UNICEF Cholera epidemiology and response factsheet - Benin', which is a copy-paste error in the document - the table is unambiguously Togo, titled Togo, and its regional names are Togolese. The report also tabulates the named hotspot quartiers by district: Katanga and Lomnava in Lome D3 and Adakpame with Danguipe, Akodessawa and Enfame in Lome D2, both classed 'point d'entree, directement affectee, site de diffusion'; Nyekonakpoe, Togbato and Aflao in D4; Gbadago Togbato in D5; Agoe Zongo in Golfe; Seko and Anfoin in Lacs, classed 'directement affectee et point de diffusion'.",2006-01-01 to 2013-12-31,WASH and epidemiology assessment mission report,Active,Level 2,Pending,Link extraction from the archived Cholera Platform Togo page,fr,2,,Link extraction from the archived Cholera Platform Togo page,AI
152,"WHO Weekly Epidemiological Record 1984;59(42):325-332 - Dracunculiasis in Benin, Ivory Coast and Togo (report of CDC Atlanta, reproduced by permission of the three Governments)",https://iris.who.int/handle/10665/227633,,1974-01-01 to 1983-12-31,Surveillance,Active,Level 1,Pending,"Agent 6 Q12: dracunculiasis-context pull over the inherited WER 1975-1990 corpus, testing whether Togo operated a notifiable-disease system during the inferred-absence years",en,0,,"Agent 6 Q12: dracunculiasis-context pull over the inherited WER 1975-1990 corpus, testing whether Togo operated a notifiable-disease system during the inferred-absence years",AI
153,"WHO Weekly Epidemiological Record 1986;61(42):321-324 - Dracunculiasis surveillance, Niamey workshop July 1986: African countries providing official surveillance reports for 1985",https://iris.who.int/handle/10665/228605,,1985-01-01 to 1986-12-31,Surveillance,Active,Level 1,Pending,"Agent 6 Q14: dracunculiasis-context pull, WER 1986 volume",en,0,,"Agent 6 Q14: dracunculiasis-context pull, WER 1986 volume",AI
154,"WHO Weekly Epidemiological Record 1989;64(16):121-122 - Cerebro-spinal meningitis in Africa: Togo, cases and deaths declared 1 January to 25 March 1989",https://iris.who.int/handle/10665/227271,,1989-01-01 to 1989-03-25,Surveillance,Active,Level 1,Pending,"Agent 6 Q19: OCR-spacing-tolerant rescan of the WER 1975-1990 corpus (T?o?g?o), which recovers entries the case-insensitive scans missed",en,0,,"Agent 6 Q19: OCR-spacing-tolerant rescan of the WER 1975-1990 corpus (T?o?g?o), which recovers entries the case-insensitive scans missed",AI
155,"WHO Weekly Epidemiological Record 1989;64(22):169-172 - Meningitis: Togo notification of 19 May 1989, 128 cases and 10 deaths 26 March to 6 May 1989",https://iris.who.int/handle/10665/227319,,1989-03-26 to 1989-05-19,Surveillance,Active,Level 1,Pending,Agent 6 Q19: OCR-spacing-tolerant rescan of the WER 1975-1990 corpus,en,0,,Agent 6 Q19: OCR-spacing-tolerant rescan of the WER 1975-1990 corpus,AI
156,"WHO Weekly Epidemiological Record 1990;65(28):213-216 - Yellow fever: number of cases and deaths notified to WHO, 1987-1988, Table 1",https://iris.who.int/handle/10665/228056,,1987-01-01 to 1988-12-31,Surveillance,Active,Level 1,Pending,Agent 6 Q20: yellow fever context pull over the WER 1975-1990 corpus - tests use of the IHR(1969) quarantinable-disease channel that also carries cholera,en,0,,Agent 6 Q20: yellow fever context pull over the WER 1975-1990 corpus - tests use of the IHR(1969) quarantinable-disease channel that also carries cholera,AI
157,"WHO Weekly Epidemiological Record 1985;60(43):329-332 - Yellow fever in Africa 1984: Togo, fatal histopathologically confirmed case, Centrale Region, November 1984",https://iris.who.int/handle/10665/228318,,1984-11-01 to 1985-10-25,Surveillance,Active,Level 1,Pending,Agent 6 Q20: yellow fever context pull over the WER 1975-1990 corpus,en,0,,Agent 6 Q20: yellow fever context pull over the WER 1975-1990 corpus,AI
158,"WHO Weekly Epidemiological Record 1984;59(49):377-384 - Yaws: Table 1, reported cases 1977-1983",https://iris.who.int/handle/10665/227662,,1977-01-01 to 1983-12-31,Surveillance,Active,Level 1,Pending,Agent 6 Q13: numeric-table triage of Togo rows in the WER 1975-1990 corpus,en,0,,Agent 6 Q13: numeric-table triage of Togo rows in the WER 1975-1990 corpus,AI
159,"WHO Weekly Epidemiological Record AIDS surveillance table series 1988-1990 - cases of AIDS reported to WHO by country with date of last national report (issues 1988;63(32,37,41,45,49), 1989;64(1,5,18,22,27,31,35,44,48), 1990;65(1,5,14,18,22,27,31,36,40,44,49))",https://iris.who.int/handle/10665/227208,,1988-06-15 to 1990-06-30,Surveillance,Active,Level 1,Pending,"Agent 6 Q16: AIDS-context pull across the WER 1975-1990 corpus, extracting Togo's dated national returns",en,0,,"Agent 6 Q16: AIDS-context pull across the WER 1975-1990 corpus, extracting Togo's dated national returns",AI
160,"WHO Weekly Epidemiological Record 1994;69(17):121-128 - Dracunculiasis surveillance: Table of cases by month 1993 and country narratives, Togo",https://iris.who.int/handle/10665/230934,,1993-01-01 to 1993-12-31,Surveillance,Active,Level 1,Pending,"Agent 6 Q26: OCR-tolerant Togo scan of the inherited WER 1991-2009 corpus, testing whether Togolese reporting stalled during the 1992-93 political crisis",en,0,,"Agent 6 Q26: OCR-tolerant Togo scan of the inherited WER 1991-2009 corpus, testing whether Togolese reporting stalled during the 1992-93 political crisis",AI
161,"WHO Weekly Epidemiological Record 1993;68(18):125-132 - Dracunculiasis surveillance 1992: Togo, 8 179 cases from 584 villages",https://iris.who.int/handle/10665/230456,,1992-01-01 to 1992-12-31,Surveillance,Active,Level 1,Pending,Agent 6 Q27: OCR-tolerant Togo scan of the WER 1993 volume,en,0,,Agent 6 Q27: OCR-tolerant Togo scan of the WER 1993 volume,AI
162,"WHO Weekly Epidemiological Record 2018;93(38):489-500 - Cholera, 2017, Table 1 footnote: the 37 countries that reported 0 cases and deaths in 2017 (Togo NOT among them)",https://iris.who.int/handle/10665/274655,,2017-01-01 to 2017-12-31,Surveillance,Active,Level 1,Pending,Agent 6 Q39: direct read of the cached WER annual cholera articles 2016-2019 to test why Togo filed no 2017 return,en,0,,Agent 6 Q39: direct read of the cached WER annual cholera articles 2016-2019 to test why Togo filed no 2017 return,AI
163,"United States Department of State - Background Note: Togo (political chronology 1991-1994: November 1992 general strike, 25 January 1993 shooting of demonstrators, exodus of more than 300 000 Togolese to Benin, Ghana and the interior)",https://2009-2017.state.gov/outofdate/bgn/togo/7377.htm,,1991-01-01 to 1994-12-31,Surveillance,Active,Level 1,Pending,Agent 6 Q29: WebSearch Togo 1993 general strike health system refugees Benin Ghana,en,0,,Agent 6 Q29: WebSearch Togo 1993 general strike health system refugees Benin Ghana,AI
164,European Commission / Council of the EU - suspension of EU development cooperation with Togo from October 1992 and its re-establishment in 2007 after a 14-year hiatus (Article 366a Lome / Article 96 Cotonou consultations),https://eur-lex.europa.eu/legal-content/EN/TXT/HTML/?uri=CELEX:52004PC0576,,1992-10-01 to 2007-12-31,Surveillance,Active,Level 2,Pending,Agent 6 Q40: WebSearch EU resumed cooperation Togo 2007 after 14 years suspension Article 96 Cotonou,en,0,,Agent 6 Q40: WebSearch EU resumed cooperation Togo 2007 after 14 years suspension Article 96 Cotonou,AI
165,"Togo Ministere de la Sante - Plan Strategique de lutte contre le cholera au Togo 2015-2017, section III 'Gestion de l'epidemie de cholera de 2013'",https://web.archive.org/web/20200921083026id_/http://www.plateformecholera.info/attachments/article/451/Plan%20Strategique%20de%20lutte%20contre%20le%20cholera%20Togo%202015-2017_vf.pdf,,2013-08-29 to 2017-12-31,Surveillance,Active,Level 1,Pending,Agent 6 Q44: same Wayback CDX sweep - a Togolese national cholera strategic plan no previous agent had located,en,0,,Agent 6 Q44: same Wayback CDX sweep - a Togolese national cholera strategic plan no previous agent had located,AI
166,"WHO Togo - Rapport annuel 2024 (Bureau de l'OMS au Togo, published 9 July 2025): epidemic surveillance and cholera response capacity",https://www.afro.who.int/sites/default/files/2025-07/RAPPORT%20ANNUEL%20OMS%20TOGO%202024%20FINAL%20%20-%20OK.pdf,,2024-01-01 to 2024-12-31,Surveillance,Active,Level 1,Pending,"Agent 6 Q85: WebFetch of afro.who.int/countries/togo/publications, then direct PDF retrieval",en,0,,"Agent 6 Q85: WebFetch of afro.who.int/countries/togo/publications, then direct PDF retrieval",AI
167,"Atelier national de renforcement des liens entre les services de sante humaine et animale (IHR-PVS National Bridging Workshop), Kpalime, Togo, 6-8 June 2023 - final report (WHO / WOAH)",https://extranet.who.int/sph/sites/default/files/document-library/document/NBW%20Togo%20-%20FInal%20Report.pdf,,2018-01-01 to 2023-06-08,Surveillance,Active,Level 1,Pending,Agent 6 Q86: WebSearch for Togo SIMR implementation surfaced the WHO Strategic Partnership for Health Security document library,en,0,,Agent 6 Q86: WebSearch for Togo SIMR implementation surfaced the WHO Strategic Partnership for Health Security document library,AI
168,"Togo Ministere de la Sante - Principaux Indicateurs de Sante au Togo 2014, CORRECTED edition (Tableau XXXVII), sante.gouv.tg",https://web.archive.org/web/20180403141020id_/http://sante.gouv.tg/sites/default/files/documents/principaux_indicateurs_2014_du_16-12-15_vf.pdf,Ministry of Health annual health indicators yearbook for 2014. Tableau XXXVII gives cases and deaths for 11 epidemic-prone diseases by the six health regions plus a national total. This printing is internally consistent on ALL ELEVEN disease rows (every regional series sums exactly to its printed national total); the UNFPA-hosted printing of the same yearbook fails its own totals on five rows including cholera. Superior source for the 2014 regional cholera breakdown.,2014-01-01 to 2014-12-31,"National epidemic-prone disease surveillance, cases and deaths by region",Active,Level 1,Pending,"Wayback CDX sweep of sante.gouv.tg for application/pdf; recovered the Ministry's own posting of the 2014 indicators yearbook, a CORRECTED printing (Tableau XXXVII, p.43) distinct from the UNFPA-hosted printing (Tableau XXXVI, p.49) already on file as metadata index 65",fr,0,Supersedes metadata index 65 for the 2014 regional cholera breakdown,"Wayback CDX sweep of sante.gouv.tg for application/pdf; recovered the Ministry's own posting of the 2014 indicators yearbook, a CORRECTED printing (Tableau XXXVII, p.43) distinct from the UNFPA-hosted printing (Tableau XXXVI, p.49) already on file as metadata index 65",AI
169,"WHO Disease Outbreak News, 27 January 1998 - MENINGITIS (not cholera), Togo: Dapaong, Savanes District, 739 cases and 121 deaths since November 1997",https://www.who.int/emergencies/disease-outbreak-news/item/1997_01_27-en,,1997-11-01 to 1998-01-27,Surveillance,Active,Level 1,Pending,Agent 6 Q110: WebSearch 'Dapaong Togo cholera 1998' returned this as an apparent cholera hit; fetched and found to be meningitis,en,0,,Agent 6 Q110: WebSearch 'Dapaong Togo cholera 1998' returned this as an apparent cholera hit; fetched and found to be meningitis,AI
170,Togo Ministere de la Sante - Rapport annuel de performance de la Region sanitaire Maritime 2021 (DRS Maritime),https://sante.gouv.tg/wp-content/uploads/2025/06/RAPPORT_PERFORMANCE_REGION_MARITIME_2021_VF.pdf,,2021-01-01 to 2021-12-31,Surveillance,Active,Level 1,Pending,Agent 6 Q124: Wayback CDX sweep of sante.gouv.tg filtered to PDFs matching annuaire/statistique/rapport,en,0,,Agent 6 Q124: Wayback CDX sweep of sante.gouv.tg filtered to PDFs matching annuaire/statistique/rapport,AI
171,"Togo Ministere de la Sante - DRS Kara, Presentation Revue regionale, 8 April 2024 (regional performance indicators for 2023)",https://sante.gouv.tg/wp-content/uploads/2024/08/Rapport-annuel-de-performance-de-la-Region-de-la-Kara_04_2024.pdf,,2023-01-01 to 2023-12-31,Surveillance,Active,Level 1,Pending,Agent 6 Q124: Wayback CDX sweep of sante.gouv.tg,en,0,,Agent 6 Q124: Wayback CDX sweep of sante.gouv.tg,AI
172,"WHO - Strategie de Cooperation avec le Pays: Togo 2009-2013 (WHO Country Cooperation Strategy, Bureau regional de l'Afrique, 2009)",https://www.afro.who.int/sites/default/files/2017-06/ccs_togo_2009_2013_fr.pdf,,1990-01-01 to 2013-12-31,Surveillance,Active,Level 1,Pending,Agent 6 Q145: WebSearch for a WHO narrative dating Togo's IDSR/SIMR adoption; the CCS is the document type that carries health-system history,en,0,,Agent 6 Q145: WebSearch for a WHO narrative dating Togo's IDSR/SIMR adoption; the CCS is the document type that carries health-system history,AI
173,"Sauvageot D, Njanpop-Lafourcade BM, Akilimali L, et al. The African cholera surveillance network (Africhol) consortium meeting, 10-11 June 2015, Lome, Togo. BMC Proc 2016;10(Suppl 6):3",https://pmc.ncbi.nlm.nih.gov/articles/PMC5301166/,,2011-01-01 to 2015-06-11,Surveillance,Active,Level 1,Pending,"Agent 6 Q163: PubMed MCP full-text retrieval of PMC5301166, sought for Togo-specific laboratory and environmental surveillance performance",en,0,,"Agent 6 Q163: PubMed MCP full-text retrieval of PMC5301166, sought for Togo-specific laboratory and environmental surveillance performance",AI
174,"UNICEF WCARO Regional Cholera Platform for WCA - Cholera Factsheet Ghana (2018), cross-border sections naming Togo",https://web.archive.org/web/20251208122429id_/https://www.plateformecholera.info/sites/default/files/2022-11/Cholera%20Factsheet_Ghana_2017_SAM.pdf,,1998-01-01 to 2017-12-31,Surveillance,Active,Level 2,Pending,"Agent 6 Q182: the same Wayback CDX sweep that recovered the Togo documents, extended to Togo's neighbours for cross-border evidence",en,0,,"Agent 6 Q182: the same Wayback CDX sweep that recovered the Togo documents, extended to Togo's neighbours for cross-border evidence",AI
175,"Opintan JA, Will RC, Kuma GK, et al. Phylogenetic and antimicrobial drug resistance analysis of Vibrio cholerae O1 isolates from Ghana. Microb Genom 2021;7(10):000668 - West African 7P wave-3 phylogeny including Togolese isolates",https://doi.org/10.1099/mgen.0.000668,,2010-01-01 to 2021-10-01,Surveillance,Active,Level 1,Pending,"Agent 6 Q202: PubMed MCP search (Togo OR Lome) AND (cholera OR Vibrio cholerae) - 16 records, systematically reviewed",en,0,,"Agent 6 Q202: PubMed MCP search (Togo OR Lome) AND (cholera OR Vibrio cholerae) - 16 records, systematically reviewed",AI
176,"WHO Weekly Epidemiological Record 1998;73(51-52) - Diseases Subject to the Regulations, notifications received 11-17 December 1998",https://iris.who.int/handle/10665/231532,"DO NOT CITE - SUPERSEDED. The URL on this entry is an IRIS handle that Agent 6 constructed by guesswork instead of resolving it from the IRIS item record, and it is wrong; in one case (the entry for WER 1977;52(21)) a guessed handle collided with an unrelated document already registered in this file. Every observation that referenced this entry has been retracted and re-issued against a replacement entry carrying a handle read from the IRIS item API. Kept only so the retraction trail in retracted_rows_ai.csv resolves.",1998-09-19 to 1998-11-17,"IHR weekly cholera notification, national cases and deaths",Superseded,Level 1,Pending,"IRIS DSpace discovery search for 'Weekly Epidemiological Record, 1998, vol. 73, 51'. Earlier agents' volume index was keyed on single issue numbers and therefore missed this COMBINED DOUBLE ISSUE 51-52, which is why the Q4 1998 notification went unfound through four agents.",en/fr,0,"Continues the 1998 notification series WER 73(23), 73(30), 73(40) = AI rows 36, 37, 38","IRIS DSpace discovery search for 'Weekly Epidemiological Record, 1998, vol. 73, 51'. Earlier agents' volume index was keyed on single issue numbers and therefore missed this COMBINED DOUBLE ISSUE 51-52, which is why the Q4 1998 notification went unfound through four agents.",AI
177,"WHO Weekly Epidemiological Record 2012;87(31-32) - 'Cholera, 2011', Table 1",https://iris.who.int/handle/10665/242197,"DO NOT CITE - SUPERSEDED. The URL on this entry is an IRIS handle that Agent 6 constructed by guesswork instead of resolving it from the IRIS item record, and it is wrong; in one case (the entry for WER 1977;52(21)) a guessed handle collided with an unrelated document already registered in this file. Every observation that referenced this entry has been retracted and re-issued against a replacement entry carrying a handle read from the IRIS item API. Kept only so the retraction trail in retracted_rows_ai.csv resolves.",2011-01-01 to 2011-12-31,"WHO annual cholera country table: cases, deaths, CFR",Superseded,Level 1,Pending,"Systematic IRIS sweep for COMBINED WER double issues 1970-2012, a class of issue invisible to the single-issue-number volume indexes every previous agent built",en/fr,0,,"Systematic IRIS sweep for COMBINED WER double issues 1970-2012, a class of issue invisible to the single-issue-number volume indexes every previous agent built",AI
178,"WHO Weekly Epidemiological Record 2000;75(25) - International Health Regulations, notifications of diseases received 16-22 June 2000",https://iris.who.int/handle/10665/231832,"DO NOT CITE - SUPERSEDED. The URL on this entry is an IRIS handle that Agent 6 constructed by guesswork instead of resolving it from the IRIS item record, and it is wrong; in one case (the entry for WER 1977;52(21)) a guessed handle collided with an unrelated document already registered in this file. Every observation that referenced this entry has been retracted and re-issued against a replacement entry carrying a handle read from the IRIS item API. Kept only so the retraction trail in retracted_rows_ai.csv resolves.",2000-01-01 to 2000-05-08,"IHR cholera notification, national cases and deaths",Superseded,Level 1,Pending,Year-by-year reconciliation of WER notifications against WHO annual returns identified a 146-case shortfall for 2000; a plain (not name-pattern-filtered) Togo scan of all 50 cached WER 2000 issues then located the entry in issue 25,en/fr,0,,Year-by-year reconciliation of WER notifications against WHO annual returns identified a 146-case shortfall for 2000; a plain (not name-pattern-filtered) Togo scan of all 50 cached WER 2000 issues then located the entry in issue 25,AI
179,WHO Weekly Epidemiological Record 2004;79(14) - notifications of diseases received 26 March to 1 April 2004,https://iris.who.int/handle/10665/232617,"DO NOT CITE - SUPERSEDED. The URL on this entry is an IRIS handle that Agent 6 constructed by guesswork instead of resolving it from the IRIS item record, and it is wrong; in one case (the entry for WER 1977;52(21)) a guessed handle collided with an unrelated document already registered in this file. Every observation that referenced this entry has been retracted and re-issued against a replacement entry carrying a handle read from the IRIS item API. Kept only so the retraction trail in retracted_rows_ai.csv resolves.",2004-03-08 to 2004-03-21,"IHR cholera notification, national cases and deaths",Superseded,Level 1,Pending,Cholera-block scan of every cached WER issue 1996-2007 using a PLAIN Togo pattern; this entry had been missed because its cases/deaths line wraps into the next print column and the text layer separates it from the country name,en/fr,0,,Cholera-block scan of every cached WER issue 1996-2007 using a PLAIN Togo pattern; this entry had been missed because its cases/deaths line wraps into the next print column and the text layer separates it from the country name,AI
180,"WHO Weekly Epidemiological Record 1970;45(50) - notifications received 4-10 December 1970, Cholera",https://iris.who.int/handle/10665/226832,"DO NOT CITE - SUPERSEDED. The URL on this entry is an IRIS handle that Agent 6 constructed by guesswork instead of resolving it from the IRIS item record, and it is wrong; in one case (the entry for WER 1977;52(21)) a guessed handle collided with an unrelated document already registered in this file. Every observation that referenced this entry has been retracted and re-issued against a replacement entry carrying a handle read from the IRIS item API. Kept only so the retraction trail in retracted_rows_ai.csv resolves.",1970-12-01 to 1970-12-08,"IHR cholera notification, locality-level cases and deaths",Superseded,Level 1,Pending,Reconciliation of AI rows against JHU annuals identified 1970 (75 cases) as entirely unattributed; a plain Togo scan of all cached WER 1970 issues located the notifications,en/fr,0,,Reconciliation of AI rows against JHU annuals identified 1970 (75 cases) as entirely unattributed; a plain Togo scan of all cached WER 1970 issues located the notifications,AI
181,"WHO Weekly Epidemiological Record 1970;45(51) - notifications received 11-17 December 1970, Cholera",https://iris.who.int/handle/10665/226833,"DO NOT CITE - SUPERSEDED. The URL on this entry is an IRIS handle that Agent 6 constructed by guesswork instead of resolving it from the IRIS item record, and it is wrong; in one case (the entry for WER 1977;52(21)) a guessed handle collided with an unrelated document already registered in this file. Every observation that referenced this entry has been retracted and re-issued against a replacement entry carrying a handle read from the IRIS item API. Kept only so the retraction trail in retracted_rows_ai.csv resolves.",1970-12-09 to 1970-12-15,"IHR cholera notification, locality-level cases and deaths",Superseded,Level 1,Pending,Plain Togo scan of all cached WER 1970 issues after the 1970 annual total was found to be entirely unattributed,en/fr,0,,Plain Togo scan of all cached WER 1970 issues after the 1970 annual total was found to be entirely unattributed,AI
182,"WHO Weekly Epidemiological Record 1974;49(14) - Diseases subject to the Regulations, Cholera, Togo",https://iris.who.int/handle/10665/228277,"DO NOT CITE - SUPERSEDED. The URL on this entry is an IRIS handle that Agent 6 constructed by guesswork instead of resolving it from the IRIS item record, and it is wrong; in one case (the entry for WER 1977;52(21)) a guessed handle collided with an unrelated document already registered in this file. Every observation that referenced this entry has been retracted and re-issued against a replacement entry carrying a handle read from the IRIS item API. Kept only so the retraction trail in retracted_rows_ai.csv resolves.",1974-01-27 to 1974-03-16,"IHR cholera notification, locality-level cases and deaths",Superseded,Level 1,Pending,Reconciliation showed 1974 attributed only 23 of 58 annual cases; a plain Togo scan of all cached WER 1974 issues found entries in issues 14 and 21 that no row cites,en/fr,0,,Reconciliation showed 1974 attributed only 23 of 58 annual cases; a plain Togo scan of all cached WER 1974 issues found entries in issues 14 and 21 that no row cites,AI
183,"WHO Weekly Epidemiological Record 1974;49(21) - Diseases subject to the Regulations, Cholera, Togo",https://iris.who.int/handle/10665/228284,"DO NOT CITE - SUPERSEDED. The URL on this entry is an IRIS handle that Agent 6 constructed by guesswork instead of resolving it from the IRIS item record, and it is wrong; in one case (the entry for WER 1977;52(21)) a guessed handle collided with an unrelated document already registered in this file. Every observation that referenced this entry has been retracted and re-issued against a replacement entry carrying a handle read from the IRIS item API. Kept only so the retraction trail in retracted_rows_ai.csv resolves.",1974-04-14 to 1974-04-27,"IHR cholera notification, locality-level cases and deaths",Superseded,Level 1,Pending,Plain Togo scan of all cached WER 1974 issues following the 1974 shortfall,en/fr,0,,Plain Togo scan of all cached WER 1974 issues following the 1974 shortfall,AI
184,"WHO Weekly Epidemiological Record 1977;52(21) - Cholera, Togo revised weekly notifications",https://iris.who.int/handle/10665/229900,"DO NOT CITE - SUPERSEDED. The URL on this entry is an IRIS handle that Agent 6 constructed by guesswork instead of resolving it from the IRIS item record, and it is wrong; in one case (the entry for WER 1977;52(21)) a guessed handle collided with an unrelated document already registered in this file. Every observation that referenced this entry has been retracted and re-issued against a replacement entry carrying a handle read from the IRIS item API. Kept only so the retraction trail in retracted_rows_ai.csv resolves.",1977-03-27 to 1977-04-23,"IHR cholera notification, national weekly cases and deaths (revised)",Superseded,Level 1,Pending,Plain Togo scan of the cached WER 1977 issues after a 30-case shortfall against the annual,en/fr,0,,Plain Togo scan of the cached WER 1977 issues after a 30-case shortfall against the annual,AI
185,"WHO Weekly Epidemiological Record 1998;73(51-52) - Diseases Subject to the Regulations, notifications received 11-17 December 1998 [verified handle]",https://iris.who.int/handle/10665/230667,"Combined final double issue of WER volume 73. The Cholera table under 'Diseases Subject to the Regulations' carries Togo's fourth and largest 1998 IHR notification: period start printed as '...' (data not yet received) to 17.XI, 2 024 cases and 155 deaths. Verified visually at 340 dpi from a coordinate-anchored crop. CORRECTED CITATION: supersedes metadata index 176, whose URL was an IRIS handle guessed by the agent rather than resolved from the item record and is wrong.",1998-09-19 to 1998-11-17,"IHR weekly cholera notification, national cases and deaths",Active,Level 1,Pending,"IRIS DSpace discovery search for 'Weekly Epidemiological Record, 1998, vol. 73, 51'. Earlier agents' volume index was keyed on single issue numbers and therefore missed this COMBINED DOUBLE ISSUE 51-52, which is why the Q4 1998 notification went unfound through four agents.",en/fr,0,,"IRIS DSpace discovery search for 'Weekly Epidemiological Record, 1998, vol. 73, 51'. Earlier agents' volume index was keyed on single issue numbers and therefore missed this COMBINED DOUBLE ISSUE 51-52, which is why the Q4 1998 notification went unfound through four agents.",AI
186,"WHO Weekly Epidemiological Record 2012;87(31-32) - 'Cholera, 2011', Table 1 [verified handle]",https://iris.who.int/handle/10665/241946,"Table 1 'No. of cholera cases and deaths reported to WHO, and case-fatality rate (CFR), 2011'. Africa block gives Togo 4 cases, 0 deaths, CFR 0. Read directly from the primary WER table; resolves the WHO side of the standing 2011 conflict against the Togolese Ministry's 33 cases / 1 death. CORRECTED CITATION: supersedes metadata index 177, whose URL was an IRIS handle guessed by the agent rather than resolved from the item record and is wrong.",2011-01-01 to 2011-12-31,"WHO annual cholera country table: cases, deaths, CFR",Active,Level 1,Pending,"Systematic IRIS sweep for COMBINED WER double issues 1970-2012, a class of issue invisible to the single-issue-number volume indexes every previous agent built",en/fr,0,,"Systematic IRIS sweep for COMBINED WER double issues 1970-2012, a class of issue invisible to the single-issue-number volume indexes every previous agent built",AI
187,"WHO Weekly Epidemiological Record 2000;75(25) - International Health Regulations, notifications of diseases received 16-22 June 2000 [verified handle]",https://iris.who.int/handle/10665/231196,"IHR cholera table, notifications received 16-22 June 2000. The Africa block carries the column period header '1.I-8.V' and gives Togo 146 cases and 7 deaths for 1 January - 8 May 2000. Verified visually at 340 dpi from a coordinate-anchored crop. CORRECTED CITATION: supersedes metadata index 178, whose URL was an IRIS handle guessed by the agent rather than resolved from the item record and is wrong.",2000-01-01 to 2000-05-08,"IHR cholera notification, national cases and deaths",Active,Level 1,Pending,Year-by-year reconciliation of WER notifications against WHO annual returns identified a 146-case shortfall for 2000; a plain (not name-pattern-filtered) Togo scan of all 50 cached WER 2000 issues then located the entry in issue 25,en/fr,0,,Year-by-year reconciliation of WER notifications against WHO annual returns identified a 146-case shortfall for 2000; a plain (not name-pattern-filtered) Togo scan of all 50 cached WER 2000 issues then located the entry in issue 25,AI
188,WHO Weekly Epidemiological Record 2004;79(14) - notifications of diseases received 26 March to 1 April 2004 [verified handle],https://iris.who.int/handle/10665/232447,"IHR cholera table, notifications received 26 March - 1 April 2004. Three-column flowing layout: Togo 8-21.III with the values line at the head of the following column, 56 cases and 5 deaths. Read visually at 340 dpi across the full table width. CORRECTED CITATION: supersedes metadata index 179, whose URL was an IRIS handle guessed by the agent rather than resolved from the item record and is wrong.",2004-03-08 to 2004-03-21,"IHR cholera notification, national cases and deaths",Active,Level 1,Pending,Cholera-block scan of every cached WER issue 1996-2007 using a PLAIN Togo pattern; this entry had been missed because its cases/deaths line wraps into the next print column and the text layer separates it from the country name,en/fr,0,,Cholera-block scan of every cached WER issue 1996-2007 using a PLAIN Togo pattern; this entry had been missed because its cases/deaths line wraps into the next print column and the text layer separates it from the country name,AI
189,"WHO Weekly Epidemiological Record 1974;49(14) - Diseases subject to the Regulations, Cholera, Togo [verified handle]",https://iris.who.int/handle/10665/219798,"Cholera, Africa: TOGO, Region maritime, Circ. & Subdiv. san. - period 27.I-2.III: Anecho 6 cases 3 deaths, Lome 7 cases 0 deaths; then weeks 3-9.III and 10-16.III: Anecho 6/0 and 7/0. Verified visually at 360 dpi; the text layer misreads Anecho's 3 deaths as 1. CORRECTED CITATION: supersedes metadata index 182, whose URL was an IRIS handle guessed by the agent rather than resolved from the item record and is wrong.",1974-01-27 to 1974-03-16,"IHR cholera notification, locality-level cases and deaths",Active,Level 1,Pending,Reconciliation showed 1974 attributed only 23 of 58 annual cases; a plain Togo scan of all cached WER 1974 issues found entries in issues 14 and 21 that no row cites,en/fr,0,,Reconciliation showed 1974 attributed only 23 of 58 annual cases; a plain Togo scan of all cached WER 1974 issues found entries in issues 14 and 21 that no row cites,AI
190,"WHO Weekly Epidemiological Record 1974;49(21) - Diseases subject to the Regulations, Cholera, Togo [verified handle]",https://iris.who.int/handle/10665/219877,"Cholera, Africa: TOGO, Region maritime, Circ. & Subdiv. san. - weeks 14-20.IV and 21-27.IV: Anecho 2/0 then 1/0; Lome 0/0 then 1/0. Verified visually at 360 dpi. CORRECTED CITATION: supersedes metadata index 183, whose URL was an IRIS handle guessed by the agent rather than resolved from the item record and is wrong.",1974-04-14 to 1974-04-27,"IHR cholera notification, locality-level cases and deaths",Active,Level 1,Pending,Plain Togo scan of all cached WER 1974 issues following the 1974 shortfall,en/fr,0,,Plain Togo scan of all cached WER 1974 issues following the 1974 shortfall,AI
191,"WHO Weekly Epidemiological Record 1971;46(29) - Diseases subject to the Regulations, Cholera, Togo",https://iris.who.int/handle/10665/218422,"Cholera, Africa: TOGO with footnote 'Cholera El Tor', period 30.V-2?.VI 1971, Region maritime, Circ. & Subdiv. san.: Anecho 2 cases 0 deaths, Lome 5 cases 0 deaths, Tsevie 3 cases 0 deaths. Verified visually at 360 dpi.",1971-05-30 to 1971-06-28,"IHR cholera notification, locality-level cases and deaths",Active,Level 1,Pending,"Reconciliation showed 1971 national attribution stopping at 20 May against an annual of 335; a plain Togo scan of the cached WER 1971 issues found this entry, which no row cites. Handle resolved from the IRIS item record.",en/fr,0,,"Reconciliation showed 1971 national attribution stopping at 20 May against an annual of 335; a plain Togo scan of the cached WER 1971 issues found this entry, which no row cites. Handle resolved from the IRIS item record.",AI
192,"Moore S, Miwanda B, Sadji AY, et al. Relationship between Distinct African Cholera Epidemics Revealed via MLVA Haplotyping of 337 Vibrio cholerae Isolates. PLoS Negl Trop Dis 2015;9(6):e0003817",https://journals.plos.org/plosntds/article?id=10.1371/journal.pntd.0003817,,2010-01-01 to 2014-11-30,Surveillance,Active,Level 1,Pending,WebSearch (allowed_domains pmc.ncbi.nlm.nih.gov/journals.plos.org): Togo cholera 2011 2012 Lome cases Vibrio cholerae surveillance Africhol -> PMC4482140 -> PLOS full text verification,en,0,,WebSearch (allowed_domains pmc.ncbi.nlm.nih.gov/journals.plos.org): Togo cholera 2011 2012 Lome cases Vibrio cholerae surveillance Africhol -> PMC4482140 -> PLOS full text verification,AI
193,"WHO AFRO Monthly Regional Cholera Bulletin: May 2025 (IRIS uuid de117413-9db1-4ba4-bf12-b6e5871737b0), country table row 15 Togo",https://iris.who.int/server/api/core/bitstreams/8c864c1e-3243-4e89-86e3-7745ffd74eb4/content,,2024-07-01 to 2025-05-31,Surveillance,Active,Level 1,Pending,IRIS DSpace REST API (discover/search/objects -> bundles -> bitstreams) after the direct iris.who.int/bitstream/handle/... PDF URL returned the Angular SPA shell,en,0,,IRIS DSpace REST API (discover/search/objects -> bundles -> bitstreams) after the direct iris.who.int/bitstream/handle/... PDF URL returned the Angular SPA shell,AI
194,"WHO AFRO Monthly Regional Cholera Bulletin: June 2025 (IRIS uuid ed189407-b113-48bd-80c2-7b072c02d789), country table row 15 Togo",https://iris.who.int/server/api/core/bitstreams/2b8b53b4-a522-45b8-b42d-24cd20f21f4c/content,,2024-07-01 to 2025-06-30,Surveillance,Active,Level 1,Pending,IRIS DSpace REST API enumeration of the Monthly Regional Cholera Bulletin series; June 2025 is the NEWEST issue in IRIS as of 2026-09-19,en,0,,IRIS DSpace REST API enumeration of the Monthly Regional Cholera Bulletin series; June 2025 is the NEWEST issue in IRIS as of 2026-09-19,AI
195,"Togo Ministere de la Sante - Plan National de Developpement Sanitaire (PNDS) du Togo 2012-2015, fevrier 2012, section 2.2.1.5 maladies transmissibles (cholera narrative)",https://extranet.who.int/countryplanningcycles/sites/default/files/planning_cycle_repository/togo/pnds_togo.pdf,,1998-01-01 to 2001-12-31,Surveillance,Active,Level 1,Pending,WebSearch: Togo PNDS 2009 2013 plan national developpement sanitaire cholera tableau cas deces 2005 2008 -> extranet.who.int country planning cycle repository; mirrored at faolex.fao.org/docs/pdf/tog200021.pdf,en,0,,WebSearch: Togo PNDS 2009 2013 plan national developpement sanitaire cholera tableau cas deces 2005 2008 -> extranet.who.int country planning cycle repository; mirrored at faolex.fao.org/docs/pdf/tog200021.pdf,AI
196,"UNICEF press release, 11 August 2026 - 'As cholera spreads across borders in West and Central Africa, UNICEF calls for urgent action to protect millions of children'",https://www.unicef.org/press-releases/cholera-spreads-across-borders-west-and-central-africa-unicef-calls-urgent-action,,2026-01-01 to 2026-08-11,Surveillance,Active,Level 2,Pending,WebSearch: Togo cholera outbreak August 2026 September 2026 Africa CDC epidemic intelligence report member state,en,0,,WebSearch: Togo cholera outbreak August 2026 September 2026 Africa CDC epidemic intelligence report member state,AI
197,"WHO Weekly Epidemiological Record - Cholera, 2024 / Global situation report for cholera, 2024 (WER 2025;100(36):347-364, 5 September 2025)",https://iris.who.int/server/api/core/bitstreams/6df56b18-44f1-4aa1-a952-93c15808a583/content,"WHO annual global cholera situation report for calendar year 2024. Table 1 (p.349) gives Togo 281 total cases including imported, 0 imported, 17 deaths, CFR 6.0%. Table 3 (p.354) gives Togo laboratory testing: RDT 254 tested / 92 positive / 36.2% positivity; culture or PCR 249 tested / 87 positive / 34.9% positivity; 31.0% of cases confirmed by culture/PCR. Table 4 gives Togo sex and age breakdown: 166 male, 115 female, sex ratio 1.44, 40 cases aged <=5y (14%), 241 aged >5y (86%), summing to 281. Landing page https://www.who.int/publications/i/item/who-wer10036-347-364",2024-01-01 to 2024-12-31,"Annual national surveillance return (IHR/GTFCC), with laboratory confirmation and demographic breakdown",Active,Level 1,Pending,"WebSearch: WHO Weekly Epidemiological Record ""Cholera, 2024"" annual report table countries reported cases; then curl + pdftotext of the IRIS bitstream, grep Togo",en/fr (bilingual),1,,"WebSearch: WHO Weekly Epidemiological Record ""Cholera, 2024"" annual report table countries reported cases; then curl + pdftotext of the IRIS bitstream, grep Togo",AI
198,"WHO Weekly Epidemiological Record - Cholera, 2023 / Choléra, 2023 (WER 2024;99(36):481-495, 6 September 2024)",https://iris.who.int/handle/10665/378717,"WHO annual global cholera situation report for calendar year 2023. Table 1 gives Togo 3 total cases including imported, 0 imported, 0 deaths, CFR 0.0%. Table 3 gives Togo laboratory testing: RDT 3 cases tested (100% of cases), 2 positive, 67% positivity; culture/PCR 3 cases tested (100%), 1 positive, 33% positivity; 33% of cases confirmed by culture/PCR. Table 4 gives 1 male, 2 female, sex ratio 0.50, 0 cases aged <=5y, 3 aged >5y. Table 2 lists the 28 African countries that reported zero cases in 2023; Togo is NOT among them because it reported 3. PDF bitstream https://iris.who.int/server/api/core/bitstreams/24c7a598-261e-4825-bfbd-b3786798c134/content (WER9936-481-495.pdf)",2023-01-01 to 2023-12-31,Annual national surveillance return with laboratory confirmation and demographic breakdown,Active,Level 1,Pending,"IRIS DSpace API discover/search/objects?query=Cholera,2023 after establishing from WER 2025;100(36) that the annual series exists for every year",en/fr (bilingual),1,,"IRIS DSpace API discover/search/objects?query=Cholera,2023 after establishing from WER 2025;100(36) that the annual series exists for every year",AI
199,"WHO Weekly Epidemiological Record - Cholera, 2021 / Choléra, 2021 (WER 2022;97(37):453-464, 16 September 2022)",https://iris.who.int/handle/10665/362858,"WHO annual global cholera situation report for calendar year 2021. Table 1 gives Togo 40 total cases including imported, 0 imported, 5 deaths, CFR 12.5% - note this is 40, not the 39 carried by the Togolese MoH Rapport annuel de performance 2021 (metadata index 139) and by AI row 195. Laboratory table gives Togo RDT 0 tested; culture/PCR 29 cases tested (73% of cases), 12 positive, 41% positivity, 30% of cases confirmed by culture/PCR - the 12 confirmed matches AI row 195 exactly. Also reports WHO activating a temporary cholera coordination and control hub in Togo with the Ministry of Health. PDF bitstream https://iris.who.int/server/api/core/bitstreams/40c4256e-e41d-48d0-96cb-908b9bec0326/content (WER9737-453-464-eng-fre.pdf)",2021-01-01 to 2021-12-31,Annual national surveillance return with laboratory confirmation,Active,Level 1,Pending,"IRIS DSpace API discover/search/objects?query=Cholera,2021",en/fr (bilingual),1,,"IRIS DSpace API discover/search/objects?query=Cholera,2021",AI
200,"WHO Weekly Epidemiological Record 2026;101(35):193-202 - Multi-country outbreak of cholera, monthly epidemiological update, data as of 26 July 2026 (published 4 September 2026)",https://iris.who.int/handle/10665/387397,"The WHO global monthly cholera epidemiological update, which from July 2026 is published inside the Weekly Epidemiological Record rather than as a standalone who.int situation report (the standalone series ends at epidemiological update #38, 30 June 2026). Table 1 'Reported cholera and AWD cases and deaths by WHO Region, as of 26 July 2026' enumerates the 19 African Region countries reporting cholera between 1 January and 26 July 2026: Angola, Burundi, Cameroon, Central African Republic, Chad, Congo, DRC, Ethiopia, Kenya, Malawi, Mozambique, Namibia, Nigeria, Rwanda, South Africa, South Sudan, United Republic of Tanzania, Zambia, Zimbabwe. TOGO IS ABSENT, as are all three of Togo's land neighbours (Ghana, Benin, Burkina Faso). Carries the explicit caveat 'Missing data in this report do not imply the absence of cholera or AWD cases or deaths in the respective country', so it corroborates Inferred_Absence and cannot support Documented_Absence. PDF via IRIS ORIGINAL bundle, WER-101-35-eng.pdf",2026-01-01 to 2026-07-26,"Global monthly cholera surveillance update, country table by WHO region",Active,Level 1,Pending,"Traced from PubMed 41611294 'Dissemination of public health information during the global cholera outbreak response' which states the monthly update moved into WER from July 2026; then IRIS DSpace API listing of Weekly Epidemiological Record 2026 vol 101, bulk PDF retrieval and grep",en,2,,"Traced from PubMed 41611294 'Dissemination of public health information during the global cholera outbreak response' which states the monthly update moved into WER from July 2026; then IRIS DSpace API listing of Weekly Epidemiological Record 2026 vol 101, bulk PDF retrieval and grep",AI
201,"WHO Weekly Epidemiological Record 2026;101(31):157-165 - Multi-country outbreak of cholera, monthly epidemiological update, data as of 28 June 2026 (published 7 August 2026)",https://iris.who.int/handle/10665/386900,"First WER-hosted edition of the WHO global monthly cholera epidemiological update. 'From 1 January to 28 June 2026, a total of 90 049 cholera cases were reported across 18 countries in the African Region.' Table 1 enumerates those 18 countries; TOGO IS ABSENT, as are Ghana, Benin and Burkina Faso. Same 'missing data do not imply absence' caveat as WER 101(35). PDF via IRIS ORIGINAL bundle, WER-101-31-eng.pdf",2026-01-01 to 2026-06-28,"Global monthly cholera surveillance update, country table by WHO region",Active,Level 1,Pending,IRIS DSpace API listing of Weekly Epidemiological Record 2026 vol 101; bulk PDF retrieval of issues 25-37 and grep for Togo/cholera,en,2,,IRIS DSpace API listing of Weekly Epidemiological Record 2026 vol 101; bulk PDF retrieval of issues 25-37 and grep for Togo/cholera,AI
202,"WHO Global Health Observatory (GHO) OData API - cholera indicators CHOLERA_0000000001/2/3, Togo national annual series 1970-2015",https://ghoapi.azureedge.net/api/CHOLERA_0000000001?$filter=SpatialDim%20eq%20%27TGO%27,"WHO's machine-readable annual cholera return by country. Pulled in full for TGO on 2026-09-19: 32 country-years with data, 1970-2015 (cases / deaths / CFR). 1970:75/3, 1971:335/26, 1972:16/0, 1974:58/8, 1977:132/12, 1978:6/6, 1988:1/0, 1991:2396/81, 1992:753/53, 1993:19/2, 1994:47/5, 1995:65/4, 1996:146/17, 1997:42/7, 1998:3217/221, 1999:667/31, 2000:338/23, 2001:2551/130, 2002:257/14, 2003:384/28, 2004:1080/33, 2005:1320/15, 2006:1159/25, 2007:65/1, 2008:397/3, 2009:218/1, 2010:72/3, 2011:4/0, 2012:61/1, 2013:166/4, 2014:262/11, 2015:35/1. NO YEARS AFTER 2015 - the GHO cholera indicators have not been refreshed since the 2015 return, so GHO is useless for 2016-2026 and the WER annual articles must be used instead. ZERO ROWS EXTRACTED, DELIBERATELY: a year-by-year comparison against data/TGO/cholera_data_jhu.csv showed the JHU baseline reproduces the GHO series EXACTLY - to the unit, for cases and deaths, in all 32 years. GHO is therefore registered as a VALIDATION instrument, not a data source; it independently confirms that the JHU national annual layer for Togo is the WHO IHR return and has not drifted.",1970-01-01 to 2015-12-31,Machine-readable annual national surveillance return (API),Active,Level 1,Pending,"GHO OData: /api/Indicator?$filter=contains(IndicatorName,'holera') then /api/CHOLERA_0000000001?$filter=SpatialDim eq 'TGO'",en,1,,"GHO OData: /api/Indicator?$filter=contains(IndicatorName,'holera') then /api/CHOLERA_0000000001?$filter=SpatialDim eq 'TGO'",AI
203,"Togo First - 'Cholera au Togo: apres un cas signale en decembre, la surveillance epidemiologique renforcee', 19 January 2024",https://www.togofirst.com/fr/sante/1901-13287-cholera-au-togo-apres-un-cas-signale-en-decembre-la-surveillance-epidemiologique,"Togolese business/news outlet, quoting a Ministry of Health epidemiologist. Dates and localises the single 2023 case that AI row 98 carries: a 45-year-old woman resident at ANFAME in the Golfe health district of Grand Lome tested positive on 12 DECEMBER 2023 and recovered. NOTE A LOCALITY CONFLICT: row 98 places the December 2023 case at Adakpame (also Golfe, Grand Lome), on the MoH Rapport annuel de performance 2023; this source says Anfame. Both are peri-urban Golfe neighbourhoods a few km apart; the case count of 1 is not in dispute. Also carries an affirmative absence statement as at 19 January 2024: 'Depuis cette date, nous n'avons plus enregistre de cas confirmes de cholera' (since 12 December 2023 no further confirmed cholera cases), which corroborates AI row 108 (national zero 1 Jan-30 Jun 2024). No new counts, so no row.",2023-12-12 to 2024-01-19,National news report quoting MoH epidemiologist,Active,Level 3,Pending,WebSearch: Togo cholera septembre 2026 cas ministere sante Lome [FR],fr,1,,WebSearch: Togo cholera septembre 2026 cas ministere sante Lome [FR],AI
204,"IFRC Disaster Relief Emergency Fund - Togo: Cholera outbreak, DREF operation n. MDRTG004, GLIDE EP-2013-000138-TGO, 4 November 2013",https://go-api.ifrc.org/publicfile/download?path=/docs/appeals/13/&name=MDRTG004.pdf,"IFRC DREF allocation document for the 2013 Togolese cholera epidemic, CHF 154,913 to the Togolese Red Cross Society for 80,000 people (16,000 households), operation 3 Nov 2013 to 30 Jan 2014. Contains a LOCALITY/QUARTIER-LEVEL case table 'as of 28 October 2013' with cases, men, women, children and deaths for about 32 named neighbourhoods and towns, grouped as LOME COMMUNE (49 cases, 31 men, 17 women, 2 children, 0 deaths), MARITIME REGION excluding Lome (37 cases, 17 men, 20 women, 0 children, 4 deaths) and REGION CENTRALE (9 cases, 3 men, 1 woman, 0 children, 0 deaths), TOTAL GENERAL 95 cases / 4 deaths. VERBATIM LOCALITY LINES - Lome Commune: Bassadji 1, Be Kpehenou 1, Be Kpota 1, Ablogame 1, Nyekonakpoe 16, Adakpame 2, Nukafu 1, Be 2, Wuiti 1, Kodjoviakope 4, Quartier Etoiles 1, Katagan 12 (2 children), Adamavo 2, Quartier Hop So 2, Akodessewa 2. Maritime: Anfouin 21 (3 deaths), Baguida 1, Afagnan 1, Adidogome 3, Agoe Zongo 1, Zanguera 1, Awassi Djebe 1, Avepozo 1, Agodeke 1 (1 death), Agbavi 1, Togble Atchanve 1, Vogan 3, Zio 1. Centrale: Sokode 2, Quartier Didaoure 2, Tchamba 4, Aleheride 1. Also states the epidemic began 30 August 2013 in Lome municipality and had extended to six of the seven Maritime districts plus the Central region by 28 October, and that TRCS mobilised 400 volunteers (Lome 104, Maritime 96, Centrale 200) rising to 650.",2013-08-30 to 2013-10-28,Humanitarian emergency appeal with locality-level line list summary,Active,Level 2,Pending,"IFRC GO API /api/v2/appeal/?code=MDRTG004 (found via WebSearch 'ReliefWeb Togo cholera 2025 2026 situation report' which surfaced the DREF), then direct PDF retrieval from go-api.ifrc.org/publicfile/download?path=/docs/appeals/13/ after reliefweb.int returned HTTP 403",en,2,"Corroborates AI rows 6, 249, 250, 251; JHU 2013 district rows","IFRC GO API /api/v2/appeal/?code=MDRTG004 (found via WebSearch 'ReliefWeb Togo cholera 2025 2026 situation report' which surfaced the DREF), then direct PDF retrieval from go-api.ifrc.org/publicfile/download?path=/docs/appeals/13/ after reliefweb.int returned HTTP 403",AI
205,"IFRC DREF Final Report - Togo: Cholera, DREF operation n. MDRTG002, GLIDE EP-2009-000012-TGO, 10 July 2009",https://www.ifrc.org/docs?file=appeals%2F09%2FMDRTG002dfr.pdf,"Final report on the IFRC DREF allocation of CHF 75,376 made on 12 January 2009 to the Togolese Red Cross for the 2008-2009 Lome cholera epidemic, 300,000 intended beneficiaries, 285 volunteers deployed, 353,120 persons reached. THE EPIDEMIOLOGICALLY DECISIVE SENTENCES: 'The epidemic which started during the last week of August 2008 recorded 10 cases though with no death during that period.' and 'By December, the outbreak had spread to other areas in the city and to the neighboring Plateaux region. During this period 686 cases with six deaths were reported.' Also dates the government's official confirmation: 'On 12 December 2008, the Togolese Government officially confirmed the outbreak of cholera epidemic in the country's capital, Lome and its environs.' Attributes the outbreak to poor hygiene, lack of potable water and the impact of the 2008 floods. Partners named: UNICEF (cholera kits), UNDP, Plan Togo, CREPA Togo, Togolese Directorate of Water and Sanitation, WASH Cluster.",2008-08-25 to 2009-06-30,Humanitarian operation final report with epidemic totals and onset dating,Active,Level 2,Pending,IFRC GO API /api/v2/appeal/?country__iso3=TGO listed MDRTG002; retrieved from the legacy endpoint www.ifrc.org/docs?file=appeals/09/MDRTG002dfr.pdf after go-api.ifrc.org/publicfile 404ed on every MDRTG002 variant,en,2,,IFRC GO API /api/v2/appeal/?country__iso3=TGO listed MDRTG002; retrieved from the legacy endpoint www.ifrc.org/docs?file=appeals/09/MDRTG002dfr.pdf after go-api.ifrc.org/publicfile 404ed on every MDRTG002 variant,AI
206,"IFRC DREF Operation - Togo: Cholera, DREF operation n. MDRTG002, 12 January 2009 (launch document)",https://www.ifrc.org/docs?file=appeals%2F09%2FMDRTG002do.pdf,"Launch document for DREF MDRTG002, 12 January 2009. Carries TWO DIFFERENT CUMULATIVE FIGURES FOR THE SAME DATE, both reproduced here because the document does not reconcile them: the summary box says 'With 429 cases and 3 deaths reported since the outbreak', while the Situation section says 'According to the Ministry of Health (MoH) and the Togolese Red Cross, 478 cases with 3 deaths have been recorded so far.' Deaths agree at 3. Confirms the government press release of 12 December 2008, notes cases were already DECREASING in Lome by 12 January 2009, and records fear of spread to neighbouring districts. 250 Togolese Red Cross volunteers mobilised initially; 91,255 households / about 145,000 persons including 55,532 children sensitised.",2008-08-25 to 2009-01-12,Humanitarian emergency appeal with cumulative national counts,Active,Level 2,Pending,"IFRC legacy docs endpoint probe, www.ifrc.org/docs?file=appeals/09/MDRTG002do.pdf",en,2,,"IFRC legacy docs endpoint probe, www.ifrc.org/docs?file=appeals/09/MDRTG002do.pdf",AI
207,"UNICEF WCARO / Plateforme Regionale Cholera - 'Cholera taux d'incidence cumulee pour 100,000 habitants au Togo (Districts, 2006-2017)', district choropleth map, production date Oct 2018 (Figure 2 of the Togo Cholera Factsheet)",http://www.plateformecholera.info/attachments/article/237/TOG_incidence%20map_PhatChol.pdf,,2006-2017,Surveillance,Active,Level 2,Pending,"Wayback CDX enumeration of plateformecholera.info filtered to Togo files, after the Togo Cholera Factsheet 2017 text named 'Moyen Mono' - a district absent from the entire dataset",en,0,,"Wayback CDX enumeration of plateformecholera.info filtered to Togo files, after the Togo Cholera Factsheet 2017 text named 'Moyen Mono' - a district absent from the entire dataset",AI
208,"GTFCC 10th Annual Meeting (26-28 June 2023) - Togo country presentation, WHO Country Office / Ministere de la Sante, Dr Azanman (IHMO)",https://www.gtfcc.org/wp-content/uploads/2023/03/10th-annual-meeting-gtfcc-2023-30-togo-julie-azanman.pdf,"Togo's own national cholera situation report to the Global Task Force on Cholera Control, prepared jointly by the WHO Country Office and the Ministry of Health. Slide 'UPDATE ON CHOLERA EPIDEMIOLOGICAL SITUATION' carries a YEAR / CASES / DEATHS / CFR / AFFECTED-DISTRICTS table, the only Togolese instrument found that names the affected districts year by year: 2010 75/3 4.0% Lacs-Golfe-Agoe; 2011 35/1 2.9% Lacs-Golfe-Agoe; 2012 74/1 1.4% Bas-Mono-Lacs-Golfe-Agoe; 2013 168/7 4.2% Lacs-Golfe-Agoe-Tchaoudjo; 2014 343/12 3.5% Lacs-Golfe-Agoe-Zio-Kloto; 2015 58/2 3.4% Golfe-Agoe-Zio-Ave; 2016 2/0 0.0% Golfe-Agoe; 2020 67/2 3.0% Golfe; 2021 40/5 12.5% Lacs; 2022 0/0; 2023 0/0. Declares the endemic-epidemic areas to be Grand Lome and Maritime and the trend to be confined to the SAME TEN DISTRICTS. GTFCC roadmap indicator 3, incidence rate of suspected cholera, is reported as 0 from June 2022 to July 2023, and indicator 4, proportion of cholera signals verified within 48 hours, as 100% over the same window - direct evidence that surveillance was OPERATIONAL during the 2022-2023 absence. Also records 200 cholera RDTs and 4 cholera kits pre-positioned in Grand-Lome hotspots after the 2021 epidemic, 100% of districts supplied with chlorine, SURGE teams deployable in 24-48 hours, no laboratory in any peripheral health facility in a hotspot (indicator 5 = 0%), no OCV coverage (indicator 9 = NA), and no cholera elimination plan.",2010-01-01 to 2023-06-28,National country report to the global cholera control body: multi-year national case/death series with district attribution and roadmap indicators,Active,Level 1,Pending,WebSearch: GTFCC 10th annual meeting 2023 Togo country presentation cholera national,en,1,"Companion to metadata 62, the 11th annual meeting Togo report",WebSearch: GTFCC 10th annual meeting 2023 Togo country presentation cholera national,AI
209,"WHO Weekly Epidemiological Record 2001;76(9):69-71, 2 March 2001 - 'Infected areas as at 1 March 2001 / Zones infectees au 1er mars 2001', Cholera / Africa section, Togo entry (bitstream WER7609_69-71.PDF)",https://iris.who.int/items/58118161-8d49-411e-9f49-00dedc472bad,,2001-03-01,Surveillance,Active,Level 1,Pending,"IRIS DSpace bitstream resolution of the handle carried by metadata source 45; the handle resolves to the 2001 infected-area list, not to the 1998 issue source 45 is named after",en,0,,"IRIS DSpace bitstream resolution of the handle carried by metadata source 45; the handle resolves to the 2001 infected-area list, not to the 1998 issue source 45 is named after",AI
210,"WHO AFRO Weekly Bulletin on Outbreaks and other Emergencies, Week 33 of 2024 (12-18 August 2024) - feature article 'Cholera in Togo'",https://iris.who.int/handle/10665/378731,"The FIRST WHO AFRO feature article on the 2024-2025 Togolese cholera outbreak, five weeks earlier than the Week 44 article already held as metadata 95. Header box: 11 Cases / 1 Deaths / 9.0% CFR. Text: 'A new cholera outbreak was reported in Togo during Week 31 (ending 3 August 2024). As of epidemiologic week 33, Togo has reported eleven suspected cholera cases, five confirmed cases, and one death, resulting in a case fatality rate (CFR) of 9.0%. The deceased case was a 29-year-old man.' GEOGRAPHY, which is the key contribution: 'The geographic distribution shows that all cases were concentrated in Adakpame area, within the Golfe 1 district of Grand Lome.' DEMOGRAPHY: 'The outbreak has primarily affected males, with four out of five confirmed male cases. The age distribution of cases spans from infants (as young as 2 months) to adults (up to 43 years), with two cases in children (2 months, 6 years) and three cases in adults (22, 29, and 43 years old).' Records that the Ministry of Health officially declared the outbreak during week 31 of 2024, that rapid response teams conducted case investigation and contact tracing, that cholera treatment kits were pre-positioned in hotspots, and that affected households were disinfected. Also contains a figure 'Geographical distribution of suspected cases and deaths of Cholera in affected districts of Togo, as of 18 August 2024'.",2024-07-29 to 2024-08-18,"Regional surveillance bulletin feature article with locality, age and sex detail",Active,Level 1,Pending,"IRIS DSpace API enumeration of all 'Weekly Bulletin on Outbreak and other Emergencies' items, filtered to 2024 weeks 33-52 and 2025 weeks 1-22; 39 PDFs retrieved and grepped for Togo",en,1,,"IRIS DSpace API enumeration of all 'Weekly Bulletin on Outbreak and other Emergencies' items, filtered to 2024 weeks 33-52 and 2025 weeks 1-22; 39 PDFs retrieved and grepped for Togo",AI
211,"WHO AFRO Weekly Bulletin on Outbreaks and other Emergencies, 'All events currently being monitored' table, Togo cholera line, weeks 34-43 of 2024 (exemplar: Week 39, hdl 10665/379330)",https://iris.who.int/handle/10665/379330,"The Togo cholera row of the AFRO regional monitoring table as it stood in every weekly bulletin from Week 34 to Week 43 of 2024: 'Togo | Cholera | Grade 3 | date of start 7-Aug-24 | date notified to WCO 7-Aug-24 | Total cases 1 | Confirmed 1 | Deaths 0'. The accompanying narrative identifies the INDEX CASE of the 2024 outbreak: 'A 22-year-old young man, who was diagnosed on July 30, 2024, was successfully treated in a health facility, according to a press release published today. The Minister of Health and Public Hygiene alerts and recalls the preventive measures in the Vo health district, located in the Maritime Region.' The identical row and text appear in weeks 34, 35, 36, 37, 38, 39, 40, 41 and 43 (week 42 omits Togo); the figure is FROZEN at 1/1/0 for ten consecutive weeks and then jumps to 103 cases / 32 confirmed / 10 deaths as of 27-Oct-24 in Week 44. The same table also tracks a Togo DENGUE event (643 cases, 1 death, as of 26-Aug-24) and a Togo MEASLES event (628 suspected, 199 confirmed, 1 death, as of 16-Jun-24), which is direct evidence that Togolese event-based reporting to WHO AFRO was operational and multi-disease throughout the period.",2024-07-30 to 2024-10-27,"Regional surveillance monitoring table, country-event line with index-case narrative",Active,Level 1,Pending,"Bulk IRIS retrieval of 39 AFRO weekly bulletins (2024 W33-W52, 2025 W01-W22) and grep of the Togo cholera line in each",en,1,,"Bulk IRIS retrieval of 39 AFRO weekly bulletins (2024 W33-W52, 2025 W01-W22) and grep of the Togo cholera line in each",AI
212,"Togo Ministere de la Sante - Bulletin National Trimestriel de l'Information Sanitaire (BNTIS) No 01/T1/2024, DSNISI",https://web.archive.org/web/2id_/https://sante.gouv.tg/wp-content/uploads/2024/08/DSNISI_Bulletin_T1_2024_VF.pdf,"Togo's own national quarterly health-information bulletin for the first quarter of 2024, produced by the Division du Systeme National d'Information Sanitaire et de l'Informatique (DSNISI) with DISIUSR, PNLP, PNLS, PNLT, DI, INH and HISP WCA. Page 13 carries the epidemic-prone disease surveillance table 'Liste des maladies' with four columns - suspected cases and deaths in week 13, cumulative suspected cases and deaths for weeks 1-13, and the corresponding figures for the previous year. THE CHOLERA LINE READS: 'Cholera 0 0 1 0 0 0' - i.e. ZERO suspected cases in week 13 of 2024, ONE suspected case cumulative over weeks 1-13 of 2024 with zero deaths, and ZERO suspected cases in weeks 1-13 of 2023. The same table gives, for weeks 1-13 of 2024, meningitis 218/7, measles 463/2, poliomyelitis 79/0, yellow fever 97/0, viral haemorrhagic fever 11/0, influenza-like illness 12 623/13, SARI 532/2, COVID 103/0, pneumonia under 5 2 481/4, neonatal tetanus 3/1, severe diarrhoea 0/0, bloody diarrhoea 2 767/0, human anthrax 0/0 and rabies 10/5 - a fully populated multi-disease notification table that establishes the Togolese IDSR pipeline was operating normally in Q1 2024. Narrative: the quarter was dominated by a measles epidemic across 11 health districts (463 suspected, 139 confirmed, 2 deaths) with the Public Health Emergency Operations Centre activated. NOTE ON RETRIEVAL: sante.gouv.tg currently returns an HTML landing page for every PDF path, including known-good ones; this document was recovered through the Internet Archive.",2024-01-01 to 2024-03-31,"National quarterly IDSR surveillance bulletin, epidemic-prone disease table",Active,Level 1,Pending,"Wayback CDX sweep of sante.gouv.tg/wp-content/uploads/* for PDF paths, then Internet Archive id_ replay after the live site returned HTML for every PDF",fr,1,,"Wayback CDX sweep of sante.gouv.tg/wp-content/uploads/* for PDF paths, then Internet Archive id_ replay after the live site returned HTML for every PDF",AI
213,"WHO Multi-country outbreak of cholera, epidemiological update #37 (29 May 2026) - data as of 26 April 2026",https://cdn.who.int/media/docs/default-source/documents/emergencies/situation-reports/20260529_multi-country_outbreak-of-cholera_epidemiological_update_37.pdf,"WHO global monthly cholera epidemiological update, last standalone-PDF editions of the series before it moved into the Weekly Epidemiological Record. Table 1 ""Reported cholera and AWD cases and deaths by WHO Region, as of 26 April 2026"" enumerates every country, territory or area reporting cholera/AWD cases cumulatively from 1 January 2026. Togo appears nowhere in the report; nor do its land neighbours Benin, Burkina Faso and Ghana. Retrieved as PDF and read in full with pdftotext -layout; the country table extracts cleanly, so Togo absence is a real absence from the table and not a text-extraction artefact.",2026-01-01 to 2026-04-26,Global monthly cholera surveillance table (absence evidence),Active,Level 1,Pending,"WebSearch ""multi-country outbreak of cholera"" ""epidemiological update"" #39 OR #40 August 2026 -> series index -> direct cdn.who.int PDF",English,0,,"WebSearch ""multi-country outbreak of cholera"" ""epidemiological update"" #39 OR #40 August 2026 -> series index -> direct cdn.who.int PDF",AI
214,"WHO Multi-country outbreak of cholera, epidemiological update #38 (30 June 2026) - data as of 31 May 2026",https://cdn.who.int/media/docs/default-source/documents/emergencies/situation-reports/20260630_multi-country_outbreak-of-cholera_epidemiological_update_38.pdf,"WHO global monthly cholera epidemiological update, final standalone PDF edition of the series (from July 2026 the update is published inside the Weekly Epidemiological Record). Table 1 ""Reported cholera and AWD cases and deaths by WHO Region, as of 31 May 2026"" enumerates all 23 countries across four WHO regions reporting cholera/AWD cases from 1 January 2026. Togo appears nowhere; neither do Benin, Burkina Faso or Ghana. Retrieved as PDF and read in full with pdftotext -layout.",2026-01-01 to 2026-05-31,Global monthly cholera surveillance table (absence evidence),Active,Level 1,Pending,"WebSearch ""multi-country outbreak of cholera"" ""epidemiological update"" #39 OR #40 August 2026 -> series index -> direct cdn.who.int PDF",English,0,,"WebSearch ""multi-country outbreak of cholera"" ""epidemiological update"" #39 OR #40 August 2026 -> series index -> direct cdn.who.int PDF",AI
215,"BETTOGO - Bulletin Epidemiologique du Togo n6, Rapport Annuel 2011 (Ministere de la Sante / OMS Togo, decembre 2011)",https://www.afro.who.int/sites/default/files/pdf/Togo-Bettogo-n6-dec2011.pdf,"Togo's OWN national epidemiological bulletin, produced by the Ministere de la Sante with WHO Togo (""En collaboration avec""), quarterly series; issue n6 is the Rapport Annuel 2011 and carries Table I ""SITUATION DES MALADIES A POTENTIEL EPIDEMIQUE (MPE) NOTIFIEES: ANNEE 2011"" with fourth-quarter (October-December) and full-year 2011 columns for every notifiable epidemic-potential disease, plus a narrative section ""3. Situation du cholera en 2011"". FIRST DOCUMENT FROM INSIDE TOGO'S 2007-2012 SURVEILLANCE BLACK HOLE retrieved by this pipeline: previously the whole six-year span had only one national integer per year from secondary compilations. Found via WHO AFRO node/5938 (a 1 Jan 2012 AFRO news item whose only content was the section heading and the PDF link); the originally advertised host who.insomnation.com is dead, the file survives on afro.who.int/sites/default/files/pdf/. Cholera 2011: Q4 = 1 case / 0 deaths in the table, full-year = 33 cases / 1 death / CFR 3.0%.",2011-01-01 to 2011-12-31,National MoH quarterly epidemiological bulletin (annual issue),Active,Level 1,Pending,"WebSearch Togo cholera 2010 2011 2012 ""aucun cas"" district sanitaire -> afro.who.int/node/5938 -> WebFetch -> PDF link -> URL-pattern probe on afro.who.int",French,0,,"WebSearch Togo cholera 2010 2011 2012 ""aucun cas"" district sanitaire -> afro.who.int/node/5938 -> WebFetch -> PDF link -> URL-pattern probe on afro.who.int",AI
216,Togo Ministere de la Sante et de la Protection Sociale - Rapport annuel de performance 2017 (aout 2018),https://reliefweb.int/attachments/63f69467-f3cb-3b05-b196-e3dfe6780d6a/Rapport%20Annuel%20de%20Performance%202017%20MSPS.pdf,"Togo MoH annual performance report for 2017, section ""Surveillance du cholera"": ""En 2017, aucun cas de cholera n'a ete notifie. Depuis 1990 a 2016 les grandes epidemies avec des letalites importantes ont ete constatees surtout en 1991, 1998, 2001, 2004, 2005 et 2006."" NO NEW ROW IS DERIVED FROM THIS SOURCE: row Index 105 already records Togo 2017 = 0 from WER, and a second row with the same location, period and counts would be a prohibited duplicate. It is registered because it is the NOTIFYING MINISTRY'S OWN affirmative statement of absence for 2017 - independent of WHO - and because it documents that the surveillance system was operational while finding nothing: the same section reports 31 suspected congenital rubella cases, suspected yellow fever by region (Lome Commune 30, Maritime 51, Plateaux 113, Centrale 76, Kara 76, Savanes 98), nine laboratory-confirmed Lassa cases with six deaths in Oti and Kpendja districts, MenAfriNet case-based meningitis surveillance, weekly bulletin production and an internal IHR assessment workshop, all in 2017. ROUTE NOTE: reliefweb.int HTML and both API versions are closed to this pipeline (403/410), but the reliefweb.int/attachments/ CDN serves PDFs normally - that is how this was retrieved.",2017-01-01 to 2017-12-31,National MoH annual performance report (absence corroboration),Active,Level 1,Pending,"WebSearch Togo ""rapport annuel de performance"" ministere sante 2012 OR 2013 PDF cholera -> reliefweb attachment CDN",French,0,"Corroborates row Index 105 (WER, Togo 2017 = 0)","WebSearch Togo ""rapport annuel de performance"" ministere sante 2012 OR 2013 PDF cholera -> reliefweb attachment CDN",AI
217,Togo Ministere de la Sante et de l'Hygiene Publique - Rapport annuel de performance 2018 (septembre 2019),https://www.afro.who.int/sites/default/files/2019-09/RAPPORT%20ANNUEL%20DE%20PERFORMANCE%202018%20DU%20MSHP.pdf,"Togo MoH annual performance report for 2018. Section ""Surveillance du cholera"" states in full: ""En 2018, aucun cas de cholera n'a ete notifie ; le dernier cas a ete notifie en 2016. Entre 1990 et 2016, des epidemies sont survenues en 1991, 1998, 2001, 2004, 2005, 2006 et 2014."" An affirmative, national-authority declaration of a full calendar year of zero notifications, and independently a statement that the last notified case was in 2016 - which also corroborates the 2017 zero (row 105) from the ministry side.",2018-01-01 to 2018-12-31,National MoH annual performance report (documented absence),Active,Level 1,Pending,"WebSearch Togo ""rapport annuel de performance"" 2015 OR 2016 ministere sante -> afro.who.int publication page -> PDF",French,0,,"WebSearch Togo ""rapport annuel de performance"" 2015 OR 2016 ministere sante -> afro.who.int publication page -> PDF",AI
218,"Togo Ministere de la Sante, de l'Hygiene Publique et de l'Acces Universel aux Soins - Rapport annuel de performance 2020 (aout 2021)",https://files.aho.afro.who.int/afahobckpcontainer/production/files/Rapport_annuel_de_performance_2020_MSHPAUS_valide_19082021_vf.pdf,"Togo MoH annual performance report for 2020. Section ""Surveillance du cholera"" (p.48) gives the national 2020 figures and localises the whole outbreak: ""Cette annee 2020, le pays a connu une epidemie de cholera dans la commune Golfe 4 de la DPS Golfe (DRS Grand-Lome). Cette annee, la division a enregistre au total 68 cas suspects de cholera dont 18 confirmes au laboratoire (avec une confirmation post-mortem) et 50 communautaires, avec 02 deces soit une letalite de 3%."" Sourced to the Rapport annuel DSIUSR 2020, i.e. Togo's integrated disease surveillance division. ROUTE NOTE, IMPORTANT FOR FUTURE AGENTS: files.aho.afro.who.int presents an EXPIRED TLS CERTIFICATE, so WebFetch fails with ""certificate has expired"" and plain curl returns nothing; it retrieves normally with curl -k. It is a live mirror of Togolese MoH documents and is the only working route to them while sante.gouv.tg serves a React shell and the Internet Archive is offline. WARNING: filenames on that host are country-agnostic - Annuaire_2017_MS_VF.pdf and Annuaire_2018_MS.pdf on the same server are BENIN's, verified by reading their title pages. Always check the country inside the PDF.",2020-01-01 to 2020-12-31,National MoH annual performance report,Active,Level 1,Pending,WebSearch site:files.aho.afro.who.int Togo rapport annuel performance sante -> curl -k,French,0,,WebSearch site:files.aho.afro.who.int Togo rapport annuel performance sante -> curl -k,AI
219,"ECDC Communicable Disease Threats Report, week 9 2026 - cholera worldwide section (NON-REPORTING CAVEAT, no row derived)",https://www.ecdc.europa.eu/sites/default/files/documents/Communicable-disease-threats-report-week-9-2026_1.pdf,"REGISTERED AS A CAVEAT, NOT AS DATA - no observation row is derived from it, and none should be. Its cholera section states verbatim: ""Since 28 January 2026, no updates have been reported by Cameroon, Chad, Comoros, Congo, Cote D'Ivoire, Ethiopia, Ghana, Kenya, Rwanda, South Sudan, Togo, Uganda, or the United Republic of Tanzania."" READ THIS CAREFULLY BEFORE TRUSTING ANY 2026 TOGO ZERO: ""no updates have been reported BY"" is an absence of REPORTING, not an absence of disease - it is the Surveillance_Gap category, which is not a valid basis for a zero row. The list is proof of its own point: South Sudan, Chad, Congo, Cameroon and Ethiopia all appear in WHO's 2026 cholera tables WITH cases while sitting on this same ""no updates"" list. Consequences: (1) row Index 25 (2026-01-01..2026-03-29) is labelled Documented_Absence on the strength of Togo's non-appearance in WHO epidemiological update #36 - that label is TOO STRONG and should be downgraded to Inferred_Absence by whoever can edit it; (2) rows 335-338, added by Agent 3 for April-July 2026, deliberately use Inferred_Absence for exactly this reason and quote WHO's own footnote ""Missing data in this report do not imply the absence of cholera or AWD cases or deaths in the respective country""; (3) what actually carries the 2026 Togo absence is not non-listing at all but the fact that Togo was concurrently notifying MEASLES to WHO AFRO through 19 July 2026, so the reporting channel was demonstrably live.",2026-01-28 to 2026-03-01,Surveillance-reporting caveat (no case data),Active,Level 1,Pending,"WebSearch cholera Togo ""September 2026"" WHO surveillance zero cases reported -> ECDC CDTR week 9 2026 PDF -> full-text read",English,0,"Qualifies rows 25, 335, 336, 337, 338","WebSearch cholera Togo ""September 2026"" WHO surveillance zero cases reported -> ECDC CDTR week 9 2026 PDF -> full-text read",AI
220,"WHO Weekly Epidemiological Record 2002;77(31):257-265 - Cholera, 2001 (annual review), Table 1 'Cholera cases and deaths notified to WHO, 2001'",https://iris.who.int/handle/10665/231929,"WER annual cholera review for 2001, published 2 August 2002. Table 1 gives Togo 2 696 cases, 132 deaths, CFR 4.90%. Bitstream WER7731_257-265.PDF. The accompanying CORRIGENDUM (WER 2002;77(34):287, IRIS 10665/231948) was retrieved and read in full and does NOT alter any Togo figure - it corrects a sentence about the Americas.",2001-01-01 to 2001-12-31,National annual cholera notification total (WHO published table of record),Active,Level 1,Pending,IRIS DSpace REST: /server/api/discover/search/objects?query=%22Cholera%20in%202001%22 -> handle 10665/231929 -> item bundles -> bitstream content; extracted with pdftotext -layout,English/French,1,"JHU WHO Annual Cholera Report (UID 340) gives 2551/130 for the same year; Togo MoH PNDS 2012-2015 (metadata 195, row 302) gives 2740",IRIS DSpace REST: /server/api/discover/search/objects?query=%22Cholera%20in%202001%22 -> handle 10665/231929 -> item bundles -> bitstream content; extracted with pdftotext -layout,AI
221,"Reunion transfrontaliere de lutte contre le cholera entre le Togo et le Benin, Tsevie (Togo) 22-23 juillet 2014 - rapport final (MoH Togo / MoH Benin / UNICEF WCARO Plateforme Regionale Cholera)",http://www.plateformecholera.info/attachments/article/729/Rapport_Reunion%20transfrontaliere_Togo_Benin_Juillet%202014_VF.pdf,"Report of the Togo-Benin cross-border cholera meeting held at Tsevie 22-23 July 2014, convened under the UNICEF WCARO Regional Cholera Platform with both ministries of health. Contains Togo national cumulative totals for 2002-2013 and 2004-2013, the 2013 epidemic week bounds, and the list of Togolese districts affected in 2013. RECOVERED FROM COMMON CRAWL after plateformecholera.info lapsed and while the Internet Archive was offline: crawl capture 2020-10-24T14:50:50Z, WARC byte-range fetch from data.commoncrawl.org, 918 670 bytes, %PDF verified.",2002-01-01 to 2014-07-23,Bi-national cross-border cholera coordination meeting report; national multi-year cumulative totals and 2013 district list for Togo and Benin,Active,Level 2,Pending,"Common Crawl index API sweep of plateformecholera.info across the 2016-2021 crawls, then WARC Range request. Not reachable on the live web (plateformecholera.info 302s to a commercial domain) and not reachable via the Internet Archive (offline on 2026-09-19).",French,1,JHU WHO Annual Cholera Report (UID 340) annual series sums to 5183 cases / 128 deaths for 2002-2013,"Common Crawl index API sweep of plateformecholera.info across the 2016-2021 crawls, then WARC Range request. Not reachable on the live web (plateformecholera.info 302s to a commercial domain) and not reachable via the Internet Archive (offline on 2026-09-19).",AI
